span_m,chord_m,tail_arm_m,vstab_arm_m,elevator_frac,taper_ratio,taper_start_frac,washout_tip_deg,washout_start_frac,y_washout_m,tip_chord_m,y_taper_m,boom_spacing_m,boom_spacing_set_m,hstab_chord_m,tail_volume_h,tail_volume_v,aileron_y_inner_m,aileron_span_each_m,roll_rate_deg_s,roll_aileron_deg_s,roll_elevon_deg_s,cn_beta,cn_r,cn_r_control,izz_kgm2,yaw_rate_deg_s,yaw_rate_max_deg_s,yaw_rate_level_deg_s,yaw_correct_s,incidence_wing_deg,incidence_hstab_deg,n_packs,cells_per_string,one_string_per_bay,string_plan,n_strings,n_cells,inboard_cells,outboard_cells,hstab_cells,motor,prop,mass_kg,wing_area_m2,aspect_ratio,static_margin,rudder_span_m,rudder_installed_fraction,rudder_required_fraction,rudder_installed_chord_m,rudder_required_chord_m,rudder_installed_area_m2,rudder_required_area_m2,rudder_available_moment_nm,rudder_required_moment_nm,rudder_sideslip_margin,rudder_rate_margin,rudder_sizing_ok,v_stall,v_night,v_day,p_night_w,p_day_w,climb_ms,soc_min,morning_soc,next_morning_soc,morning_soc_change,morning_charge_hour,objective_soc,soc_end,soc_start,cycle_wh,margin_wh,unmet_wh,spilled_wh,solar_wh,propulsion_wh,battery_night_h,closed,reason,boom_length_m,aft_boom_length_m,fuselage_length_m,packing_ok,optimizer_score
6.0,0.3914543799707209,2.0,2.2178466475326144,0.3265152836067247,0.4074997255316657,0.1541866514642911,0.0,0.1006772589950577,3.0,0.15951755239623713,0.9023828956314419,1.04,1.04,0.1846542886561994,0.5,0.03,1.4912452197162929,1.468754780283707,36.02708972052939,36.02708972052939,0.0,0.07270542998307808,-0.05374983138179566,-0.0720730089289973,14.024407856859115,41.80630023668082,41.80630023668082,17.287844289553558,0.5265202278954141,3.7715648970096787,-0.3822019251355532,3,one_per_bay,True,28+28+24,3,80,24,28,0,A40-12L-V4-kv410-direct,MJ-20x13E,9.839837997273527,1.862211623171107,19.331852272888636,0.2949372406611141,0.4761355862591104,0.3,0.10318677002806155,0.09522711725182208,0.03275392882766339,0.045341019300461353,0.015595311104648686,10.48608431490738,6.149852890051655,0.7050951465636284,7.361260047336163,True,8.730413642657773,11.349537735455105,11.537674831364555,73.74558372609242,74.69873012468408,10.797896019792637,0.3765314116074735,0.3765314122743188,0.3765314116074735,-6.66845301200425e-10,7.833333333333333,0.3765314116074735,0.3765314116074735,0.3765314122743188,-9.662588414394158e-07,255.79401541922908,0.0,22.249288575807288,1806.4091586477848,1659.6637600117742,13.75,True,ok,2.440446115104435,0.0,1.0914543799707208,True,-37.65314116074735
6.0,0.3914543799707209,2.0,2.2180018550584615,0.2879414088611022,0.410072131389027,0.1541866514642911,0.0,0.0522872488002325,3.0,0.16052453193616356,0.9023828956314419,1.04,1.04,0.1848049456573409,0.5,0.03,1.496429305040874,1.463570694959126,35.89409866607181,35.89409866607181,0.0,0.07270542998307808,-0.05375359285843009,-0.07207662287246387,14.035973347910044,41.787679014195376,41.787679014195376,17.28101836574506,0.5266566418611855,3.772409472358111,-0.3827342574019351,3,one_per_bay,True,28+28+24,3,80,24,28,0,A40-12L-V4-kv410-direct,MJ-20x13E,9.843212480631795,1.864323880677806,19.309949506687435,0.29500466345167287,0.4763888749091119,0.3,0.10317940724707048,0.09527777498182237,0.03276901448814731,0.04538927202743389,0.015610793943888887,10.489680422589624,6.151742439195307,0.7051559824344256,7.357535802839076,True,8.726962543517125,11.345051306572262,11.533114032606859,73.76792017459975,74.72020919722881,10.790402210565686,0.3763173985974824,0.37631739933174846,0.3763173985974824,-7.342660368614418e-10,7.833333333333333,0.3763173985974824,0.3763173985974824,0.37631739933174846,-1.0639514874122291e-06,255.48391056775202,0.0,21.72072713405219,1806.4091586477848,1660.1910466723464,13.75,True,ok,2.440768966947665,0.0,1.0914543799707208,True,-37.631739859748244
6.0,0.392191473096842,2.0,2.2181761963607816,0.2967981018194693,0.4074997255316657,0.1541866514642911,0.0,0.0539760967668899,3.0,0.15981791764282277,0.9023828956314419,1.04,1.04,0.18500198538368895,0.5,0.030000000000000002,1.4956645256267058,1.4643354743732941,35.903426782578755,35.903426782578755,0.0,0.0727054299830781,-0.05375781804487976,-0.07207781812266767,14.044627992416444,41.77637939915103,41.77637939915103,17.276836267694275,0.5267596874721742,3.773034792678615,-0.3772850128409107,3,one_per_bay,True,28+28+24,3,80,24,28,0,A40-12L-V4-kv410-direct,MJ-20x13E,9.845573569321893,1.8657180940577653,19.29551957214678,0.2947672047812753,0.47654824395449547,0.3,0.10317527352250752,0.09530964879089909,0.03277866361111714,0.04541964576322267,0.015620614583052994,10.492196579368448,6.153094795122052,0.7051901406892476,7.355275879830206,True,8.72474740603269,11.342171627842498,11.530186618506193,73.77638776055369,74.72800609508414,10.78541735817646,0.37623628760628886,0.37623628836569883,0.37623628760628886,-7.594099793450937e-10,7.833333333333333,0.37623628760628886,0.37623628760628886,0.37623628836569883,-1.1003850600710408e-06,255.36638074151253,0.0,21.523865979745775,1806.4091586477848,1660.3873941822335,13.75,True,ok,2.4409528665346207,0.0,1.0921914730968418,True,-37.62362876062888
6.0,0.3910587114567003,2.0,2.2211915699139553,0.298587137825931,0.4074997255316657,0.2224582641609822,0.0,0.0,3.0,0.15935631758537222,1.0716964951192358,1.04,1.04,0.18813891637688265,0.5,0.03,1.4424101835912726,1.5175898164087274,37.45113553828648,37.45113553828648,0.0,0.07270542998307808,-0.05383089605512745,-0.07205260804918054,14.287027871797365,41.56732318790135,41.56732318790135,17.209617012345483,0.529369305080844,3.787118580243477,-0.4223100876671706,3,one_per_bay,True,29+29+24,3,82,24,29,0,A40-12L-V4-kv410-direct,MJ-20x13E,9.917143994411532,1.8995597305488563,18.951759937339904,0.2976926326998374,0.4805242958050134,0.3,0.10301249666589063,0.09610485916100267,0.033000004946328924,0.0461807197717808,0.015857304138396665,10.56846750091732,6.192932485683404,0.7065368507325276,7.313464637580269,True,8.678050951071436,11.281466236392866,11.468474936199648,74.38505940152419,75.33369704509906,10.654729715483217,0.37238596981858285,0.37238596981953864,0.37238596981858285,-9.557910018997973e-13,7.75,0.37238596981858285,0.37238596981858285,0.37238596981953864,-1.3849411617528062e-09,249.78727026712653,0.0,51.927477713582384,1851.5693876139792,1674.96496148322,13.75,True,ok,2.4475416984330924,0.0,1.0910587114567003,True,-37.23859698185829
6.0,0.3912894849603825,2.0,2.2223171475262866,0.2989275653375587,0.4096347020356977,0.2402372011217852,0.0,0.6342624254601088,3.0,0.1602857515814479,1.1157882587820274,1.04,1.04,0.18930436994239838,0.5,0.029999999999999995,1.4666678737672907,1.4933321262327093,36.96825940560189,36.96825940560189,0.0,0.07270542998307807,-0.05385817458988873,-0.0720692115195179,14.35983694834973,41.461239090493,41.461239090493,17.170837755149876,0.5302034665237342,3.7924510837674603,-0.418786455365564,3,one_per_bay,True,29+29+24,3,82,24,29,0,A40-12L-V4-kv410-direct,MJ-20x13E,9.938262093376473,1.9124769630645204,18.823756152499854,0.29778184414397757,0.4820332204345127,0.3,0.10296890194594208,0.09640664408690254,0.03308962093973868,0.0464712051204935,0.01595029654453952,10.590972563132606,6.204806699785481,0.7068980671869711,7.2922478180986,True,8.657898296180196,11.255267785034256,11.441842202787369,74.51018002528838,75.4537530305934,10.61016122229096,0.3711940259754034,0.3711940259773226,0.3711940259754034,-1.919187031518277e-12,7.75,0.3711940259754034,0.3711940259754034,0.3711940259773226,-2.780902008669983e-09,248.06014363835953,0.0,48.970264028616405,1851.5693876139792,1677.9159439113012,13.75,True,ok,2.449832742143932,0.0,1.0912894849603825,True,-37.11940259754034
6.0,0.3951215333816599,2.0,2.2224863071509637,0.3072930599546223,0.4076092528742657,0.2116409179918411,0.0,0.0224274237644395,3.0,0.1610551930162326,1.044869476619766,1.04,1.04,0.18951657585246226,0.5,0.029999999999999995,1.4535248564080376,1.5064751435919623,37.009336633393,37.009336633393,0.0,0.07270542998307807,-0.05386227419763805,-0.07206981113926997,14.366071814991166,41.4563325705077,41.4563325705077,17.170155246558163,0.530288491934694,3.7928131669212477,-0.4970274586018607,3,one_per_bay,True,29+29+24,3,82,24,29,0,A40-12L-V4-kv410-direct,MJ-20x13E,9.939306869421495,1.9130989537456058,18.817636134041344,0.30167190373340624,0.4820932515872927,0.3,0.10295745974813424,0.09641865031745853,0.03309006436343055,0.046482780645201734,0.015952496724199038,10.592085956432507,6.205114196508511,0.7069929127803087,7.2912665141015385,True,8.65694574679174,11.254029470829263,11.440583361505082,74.51416480855147,75.45749534072557,10.608020871205296,0.37115606533449946,0.3711560653364498,0.37115606533449946,-1.9503287873590125e-12,7.75,0.37115606533449946,0.37115606533449946,0.3711560653364498,-2.826026412883209e-09,248.0051386696897,0.0,48.876875158344404,1851.5693876139792,1678.009093360031,13.75,True,ok,2.4492355796256082,0.0,1.09512153338166,True,-37.11560653344995
6.0,0.3949276200764668,2.0,2.22260914638345,0.2994910837000308,0.4074997255316657,0.2158363870612625,0.0,0.1649088141476566,3.0,0.16093289678603417,1.055274239911931,1.04,1.04,0.18964381740810674,0.5,0.030000000000000002,1.456655161758099,1.503344838241901,36.96568317782528,36.96568317782528,0.0,0.0727054299830781,-0.05386525122404362,-0.07207062783414603,14.373941523916576,41.44542496343787,41.44542496343787,17.166452979233608,0.5303767744398753,3.793395625372939,-0.5153713904482092,3,one_per_bay,True,29+29+24,3,82,24,29,0,A40-12L-V4-kv410-direct,MJ-20x13E,9.941630482120436,1.914510154351217,18.80376550533343,0.3026079530724509,0.48225769998185153,0.3,0.1029505446478393,0.09645153999637031,0.033099128582497264,0.0465144978383571,0.015962309621598694,10.594562175927491,6.206356394732865,0.7070502404468355,7.289084992687574,True,8.65476608590885,11.251195911681506,11.437702831493704,74.52719665201136,75.46996628590364,10.603173035305463,0.3710319187048555,0.37103191870690766,0.3710319187048555,-2.0521362387171393e-12,7.75,0.3710319187048555,0.3710319187048555,0.37103191870690766,-2.973545409901135e-09,247.82525020333563,0.0,48.56906766688106,1851.5693876139792,1678.3161083956657,13.75,True,ok,2.4495402466310665,0.0,1.0949276200764668,True,-37.10319187048555
6.0,0.3912376095690473,2.0,2.222458734585627,0.2743131457104333,0.4127495334038316,0.2402372011217852,0.0,0.6342624254601088,3.0,0.1614831407996547,1.1157882587820274,1.04,1.04,0.18943937783807563,0.5,0.029999999999999995,1.4720652346507257,1.4879347653492743,36.82101777885559,36.82101777885559,0.0,0.07270542998307807,-0.05386160597256521,-0.07207312817684446,14.37094411519319,41.443639234299624,41.443639234299624,17.164413975133222,0.5303313405219776,3.793260754023195,-0.419679691508429,3,one_per_bay,True,29+29+24,3,82,24,29,0,A40-12L-V4-kv410-direct,MJ-20x13E,9.94151256154458,1.9145195897616962,18.80367283391495,0.2978652488811991,0.48227520726006223,0.3,0.10296156486169838,0.09645504145201243,0.03310387335566395,0.046517875107547194,0.015965177383713683,10.594436510738563,6.2066149423787556,0.7069588832391984,7.288727846859926,True,8.654693430674923,11.2511014598774,11.43760681399692,74.53360734588438,75.47645041549352,10.603183591706692,0.37097084781311357,0.37097084781521644,0.37097084781311357,-2.102873430942509e-12,7.75,0.37097084781311357,0.37097084781311357,0.37097084781521644,-3.0470636014356955e-09,247.73675848120155,0.0,48.41406942389793,1851.5693876139792,1678.4707177647254,13.75,True,ok,2.4501385148326498,0.0,1.0912376095690473,True,-37.09708478131136
6.0,0.3980954632306047,2.0,2.241182708625071,0.32653105142992855,0.4062812566598752,0.19155843382436055,0.0,0.09198968659264421,3.0,0.16173872507192522,0.9950649158844143,1.04,1.04,0.18977338894828197,0.5,0.030000000000000002,1.4464824999371921,1.5135175000628078,37.00005574156729,37.00005574156729,0.0,0.0727054299830781,-0.054315384167075126,-0.07272993369153101,14.406194660458077,41.07644434486494,41.07644434486494,16.985573651892754,0.5312432643740425,3.7935597184179253,-0.4184001262171706,3,one_per_bay,True,29+29+24,3,82,24,29,0,A40-12L-V4-kv410-direct,MJ-20x13E,9.945836737201219,1.9146928626821706,18.801971168143336,0.2978220249987242,0.48027812858160046,0.3,0.10319070069741099,0.09605562571632008,0.03304015774531773,0.04613341615876886,0.01586846512996207,10.599044683204474,6.216220001623242,0.7050626715973283,7.215288868972987,True,8.65618375188844,11.253038877454973,11.439576347430231,74.54893784704308,75.492937032983,10.600042965494264,0.370824803076723,0.3708248030789497,0.370824803076723,-2.2267188093394452e-12,7.75,0.370824803076723,0.370824803076723,0.3708248030789497,-3.226515554732856e-09,247.5251396581716,0.0,48.033359088222184,1851.5693876139792,1678.8504999849074,13.75,True,ok,2.466439537808769,0.0,1.0980954632306046,True,-37.0824803076723
6.0,0.3980954632306047,2.0,2.241182708625071,0.32653105142992855,0.4062812566598752,0.19155843382436055,0.0,0.09198968659264421,3.0,0.16173872507192522,0.9970860197998532,1.045,1.045,0.1898180377788625,0.5,0.03,1.447322739352578,1.512677260647422,36.98453965039893,36.98453965039893,0.0,0.07270542998307808,-0.054315384167075126,-0.07272896685714726,14.408832457777864,41.07346855711064,41.07346855711064,16.984611388123856,0.531272139222611,3.793757890263171,-0.42011899667353203,3,one_per_bay,True,29+29+24,3,82,24,29,0,A40-12L-V4-kv410-direct,MJ-20x13E,9.946612331489403,1.9151705642111034,18.797281387221567,0.29791685299274767,0.4803380377431039,0.3,0.10318840243342696,0.09606760754862077,0.03304354316181202,0.046144926100579096,0.015872070682424345,10.59987121582648,6.216635524040593,0.7050816594981812,7.214693711422127,True,8.65544159113229,11.252074068471977,11.438595545165008,74.55344523699256,75.49725570844599,10.598409949885594,0.37078186377343403,0.37078186377569444,0.37078186377343403,-2.2604140781368187e-12,7.75,0.37078186377343403,0.37078186377343403,0.37078186377569444,-3.2753399992202503e-09,247.46292060770588,0.0,47.92682099452237,1851.5693876139792,1678.9567430202133,13.75,True,ok,2.466488202980697,0.0,1.0980954632306046,True,-37.0781863773434
6.0,0.3945662263610262,2.0,2.3309784301893757,0.3372793485510255,0.4111745910421818,0.2078184087111962,0.0,0.1436297591816385,3.0,0.16223560676305188,1.0353896536037666,1.04,1.04,0.18923833149359887,0.5,0.030000000000000006,1.453294769347194,1.506705230652806,37.03078324668616,37.03078324668616,0.0,0.0727054299830781,-0.056491596349399646,-0.07591216573196997,14.529178545198722,39.41911895061469,39.41911895061469,16.181345974491435,0.5350049304516965,3.7919467695116085,-0.4860410894773773,3,one_per_bay,True,29+29+24,3,82,24,29,0,A40-12L-V4-kv410-direct,MJ-20x13E,9.959050159180643,1.910958219119329,18.83871643022667,0.30108612270665147,0.47047694960190195,0.3,0.10425489069714446,0.0940953899203804,0.03269968197084815,0.04426971202134212,0.015384446626596947,10.613125916757609,6.256492209518992,0.696338069535223,6.883823790122938,True,8.6703918844647,11.271509449804109,11.458353099636428,74.6159211618915,75.56770215215418,10.600456823979755,0.3701866902750147,0.3701866902777942,0.3701866902750147,-2.7794988533003107e-12,7.75,0.3701866902750147,0.3701866902750147,0.3701866902777942,-4.02749383843215e-09,246.60051420849632,0.0,46.34155552393991,1851.5693876139792,1680.5378630355951,13.75,True,ok,2.5519048517177465,0.0,1.094566226361026,True,-37.018669027501474
6.0,0.3969615882862059,2.0,2.22353167240001,0.3408316312118576,0.4074997255316657,0.2158363870612625,0.0,0.0539760967668899,3.0,0.161761738273243,1.055274239911931,1.04,1.04,0.19062052674969943,0.5,0.03,1.4677270406617025,1.4922729593382975,36.647884890146216,36.647884890146216,0.0,0.07270542998307808,-0.053887608774278485,-0.07208457563825828,14.430988327002153,41.364697208001694,41.364697208001694,17.136790009034673,0.5310339103833542,3.7975236319021386,-0.49912070968602057,3,one_per_bay,True,29+29+24,3,82,24,29,0,A40-12L-V4-kv410-direct,MJ-20x13E,9.95779497118726,1.9243703226281763,18.707417993660183,0.3020095198525493,0.48339766404428913,0.3,0.10291847881257293,0.09667953280885781,0.03316703482999295,0.04673466032069508,0.016032867160094166,10.611788292384801,6.215479365656986,0.7073161486174637,7.2729394416003394,True,8.639579949490743,11.231453934337967,11.41763359868201,74.62402651934684,75.56307721633735,10.56944561515471,0.37010947483554124,0.37010947483834417,0.37010947483554124,-2.8029245591199015e-12,7.75,0.37010947483554124,0.37010947483554124,0.37010947483834417,-4.061437686164737e-09,246.48862903669925,0.0,46.276597571891635,1851.5693876139792,1680.6019061084826,13.75,True,ok,2.450959632997404,0.0,1.0969615882862058,True,-37.010947483554126
6.0,0.3969615882862059,2.0,2.22353167240001,0.3408316312118576,0.4074997255316657,0.2158363870612625,0.0,0.0,3.0,0.161761738273243,1.055274239911931,1.04,1.04,0.19062052674969943,0.5,0.03,1.4677270406617025,1.4922729593382975,36.647884890146216,36.647884890146216,0.0,0.07270542998307808,-0.053887608774278485,-0.07208457563825828,14.430988327002153,41.364697208001694,41.364697208001694,17.136790009034673,0.5310339103833542,3.7975236319021386,-0.49912070968602057,3,one_per_bay,True,29+29+24,3,82,24,29,0,A40-12L-V4-kv410-direct,MJ-20x13E,9.95779497118726,1.9243703226281763,18.707417993660183,0.3020095198525493,0.48339766404428913,0.3,0.10291847881257293,0.09667953280885781,0.03316703482999295,0.04673466032069508,0.016032867160094166,10.611788292384801,6.215479365656986,0.7073161486174637,7.2729394416003394,True,8.639579949490743,11.231453934337967,11.41763359868201,74.62402651934684,75.56307721633735,10.56944561515471,0.37010947483554124,0.37010947483834417,0.37010947483554124,-2.8029245591199015e-12,7.75,0.37010947483554124,0.37010947483554124,0.37010947483834417,-4.061437686164737e-09,246.48862903669925,0.0,46.276597571891635,1851.5693876139792,1680.6019061084826,13.75,True,ok,2.450959632997404,0.0,1.0969615882862058,True,-37.010947483554126
6.0,0.3983488624748149,2.0,2.2236798484703812,0.3666136723088934,0.4028279365776655,0.2116409179918411,0.0,0.0,3.0,0.16046605030878994,1.044869476619766,1.04,1.04,0.1908040668709138,0.5,0.03,1.46194231276495,1.49805768723505,36.75035110129351,36.75035110129351,0.0,0.07270542998307808,-0.05389119984258165,-0.07208507454078553,14.43607935573305,41.36008421218338,41.36008421218338,17.13473273701273,0.5310958171593596,3.7978692557626186,-0.47107564157137194,3,one_per_bay,True,29+29+24,3,82,24,29,0,A40-12L-V4-kv410-direct,MJ-20x13E,9.958975895097758,1.9250012277955673,18.701286773321037,0.30064149858111133,0.4834607899210633,0.3,0.10291972083931555,0.09669215798421264,0.033171766356953875,0.04674686707821969,0.016037248366009872,10.613046775268199,6.216253986193858,0.7073058467108173,7.272016842436678,True,8.638676251020444,11.230279126326577,11.416439316312047,74.62522895101293,75.5639808172246,10.567237072584483,0.3700980199033271,0.37009801990613944,0.3700980199033271,-2.8123614548292153e-12,7.75,0.3700980199033271,0.3700980199033271,0.37009801990613944,-4.075111748047533e-09,246.47203083992093,0.0,46.25070447558952,1851.5693876139792,1680.6277014529805,13.75,True,ok,2.450928357273619,0.0,1.0983488624748148,True,-37.00980199033271
6.0,0.4030954632306047,2.0,2.241182708625071,0.32653105142992855,0.4062812566598752,0.19155843382436055,0.0,0.09198968659264421,3.0,0.16377013135522459,0.9950649158844143,1.04,1.04,0.19215690504525332,0.5,0.029999999999999995,1.47383945580026,1.4861605441997399,36.22509979884508,36.22509979884508,0.0,0.07270542998307807,-0.05431538416707511,-0.07268392596776886,14.542014773939881,40.92663143051136,40.92663143051136,16.936074232592993,0.5327437905174748,3.803624366061998,-0.3878125676725291,3,one_per_bay,True,29+29+24,3,82,24,29,0,A40-12L-V4-kv410-direct,MJ-20x13E,9.984784449490688,1.9387410249890724,18.568751337070875,0.2968096926105496,0.4832848161730158,0.3,0.10308368226951282,0.09665696323460314,0.03321251895737271,0.04671284270867713,0.016051106118956673,10.640550345701481,6.237325740314218,0.705947514802304,7.185326286102272,True,8.619157364789553,11.204904574226418,11.39064413963198,74.7850136150317,75.71994144829976,10.51852875773365,0.36857582709651643,0.3685758271034113,0.36857582709651643,-6.894873560980841e-12,7.75,0.36857582709651643,0.36857582709651643,0.3685758271034113,-9.990671789861238e-09,244.2663734628523,0.0,42.44702989726645,1851.5693876139792,1684.423337051754,13.75,True,ok,2.467755963685514,0.0,1.1030954632306047,True,-36.857582709651645
6.0,0.39991253282233236,2.0,2.2459287851691014,0.32582184437790146,0.40784853176269786,0.23203126683004538,0.0,0.105140869106418,3.0,0.16310373934508998,1.0954375417385127,1.04,1.04,0.1929376133674785,0.5,0.030000000000000002,1.5007004745086299,1.45929952549137,35.91219596772636,35.91219596772636,0.0,0.0727054299830781,-0.054430406012363916,-0.07281679642888367,14.65312863575556,40.81683171259426,40.81683171259426,16.893975717606743,0.5339242281556036,3.8076233472978602,-0.3816684803090708,3,one_per_bay,True,30+30+24,3,84,24,30,0,A40-12L-V4-kv410-direct,MJ-20x13E,10.017582276529794,1.9484580590910405,18.476148271209937,0.2967031190838566,0.48398223679692437,0.3,0.10305491871146223,0.09679644735938488,0.03325116671393247,0.04684776110699083,0.016092974042316473,10.675502219886113,6.256940863974592,0.7061855708677294,7.1633663425188505,True,8.611747571875133,11.195271843437673,11.380851730622103,75.01515328188357,75.95351066397768,10.474963066653153,0.36827109898558397,0.36827109898559207,0.36827109898558397,-8.104628079763643e-15,7.75,0.36827109898558397,0.36827109898558397,0.36827109898559207,-1.1743606087577518e-11,243.82482243011114,0.0,81.82018596156149,1896.7296165801752,1690.0600383801868,13.666666666666666,True,ok,2.4739134191496728,0.0,1.0999125328223323,True,-36.8271098985584
6.0,0.3980954632306047,2.0,2.241182708625071,0.32653105142992855,0.4062812566598752,0.19155843382436055,0.0,0.09198968659264421,3.0,0.16173872507192522,0.9950649158844143,1.04,1.04,0.18977338894828197,0.5,0.030000000000000002,1.4464824999371921,1.5135175000628078,36.91625735669475,36.91625735669475,0.0,0.0727054299830781,-0.054315384167075126,-0.07277897101673554,14.378489848469798,40.95579970341858,40.95579970341858,16.9204332574703,0.5320157212179276,3.7934149175920524,-0.4186124811629681,3,one_per_bay,True,29+29+24,3,82,24,29,0,A40-12L-V4-kv410-direct,MJ-20x13EL,9.90083673720122,1.9146928626821706,18.801971168143336,0.2978220051456531,0.48027812858160046,0.3,0.103321791919331,0.09605562571632008,0.03308213124314254,0.04613341615876886,0.015888624082947396,10.551089239801687,6.192024038572673,0.7039806651386684,7.191159940683715,True,8.636579072840535,11.227552794692695,11.413667791285445,74.99060824060555,76.03516635612063,10.644344316507734,0.36661719978478335,0.3666171998085974,0.36661719978478335,-2.3814061833604683e-11,7.75,0.36661719978478335,0.36661719978478335,0.3666171998085974,-3.4506575596893185e-08,241.42832248815105,0.0,36.3812456106978,1851.5693876139792,1690.4813184585744,13.75,True,ok,2.466439537808769,0.0,1.0980954632306046,True,-36.66171997847834
6.0,0.40491253282233236,2.0,2.2459287851691014,0.32582184437790146,0.40784853176269786,0.23203126683004538,0.0,0.105140869106418,3.0,0.16514298200390345,1.0954375417385127,1.04,1.04,0.19534986101580606,0.5,0.03,1.5265218591734437,1.4334781408265562,35.1603191235096,35.1603191235096,0.0,0.07270542998307808,-0.054430406012363895,-0.07276753380718702,14.790980585740709,40.67146752758864,40.67146752758864,16.847067894404134,0.5354165486894996,3.8178112279123964,-0.4092830911607252,3,one_per_bay,True,30+30+24,3,84,24,30,0,A40-12L-V4-kv410-direct,MJ-20x13E,10.057091544620416,1.972819111810995,18.24799840212059,0.29857535688350023,0.48699838911504717,0.3,0.10294031651159788,0.09739967782300944,0.03342117887742751,0.04743348620013018,0.016276060275633036,10.717606319215115,6.278124483384318,0.7071350444834803,7.134293505517727,True,8.575272537807166,11.147854299149316,11.33264816321232,75.26832174265505,76.19827890866631,10.394366510687906,0.36585972436670616,0.3658597243667307,0.36585972436670616,-2.453592884421596e-14,7.75,0.36585972436670616,0.36585972436670616,0.3658597243667307,-3.5552560895268925e-11,240.3307406073572,0.0,75.81480016367908,1896.7296165801752,1696.0492792058244,13.666666666666666,True,ok,2.475246375960523,0.0,1.1049125328223324,True,-36.585972436670616
6.0,0.40491253282233236,2.0,2.2459287851691014,0.32582184437790146,0.40784853176269786,0.23203126683004538,0.0,0.105140869106418,3.0,0.16514298200390345,1.0973574635714374,1.045,1.045,0.19539240261461804,0.5,0.029999999999999995,1.5272814137508917,1.4327185862491083,35.14645319081328,35.14645319081328,0.0,0.07270542998307807,-0.054430406012363895,-0.07276748672649878,14.793527979627317,40.66826230765057,40.66826230765057,16.845635772094223,0.5354441861179837,3.8180017084173747,-0.37860352014558607,3,one_per_bay,True,30+30+24,3,84,24,30,0,A40-12L-V4-kv410-direct,MJ-20x13E,10.057839800012808,1.9732794506064817,18.243741396554608,0.2970673992500179,0.4870552040491206,0.3,0.10294121916098362,0.09741104080982411,0.03342537100234541,0.047444554358266104,0.016280000893964905,10.718403717417793,6.2786191080834035,0.7071275598830946,7.133652461530113,True,8.57459119355396,11.146968551620148,11.331747732973449,75.27372972509484,76.20354762455865,10.392852040623673,0.36580821174356265,0.36580821174358613,0.36580821174356265,-2.348121697082206e-14,7.75,0.36580821174356265,0.36580821174356265,0.36580821174358613,-3.4024283390721166e-11,240.25609881642225,0.0,75.68604303089165,1896.7296165801752,1696.1776316967469,13.666666666666666,True,ok,2.475292384436002,0.0,1.1049125328223324,True,-36.58082117435627
6.0,0.40155378392285745,2.0,2.2717020771176584,0.3298026387744024,0.4201579790965225,0.21533670664019455,0.008902565770552756,0.11367908736788737,0.8019241366723606,0.16871602635158947,1.0540350324676826,1.04,1.04,0.19349432156144114,0.5,0.030000000000000002,1.5170850128879811,1.4429149871120188,35.29506883313019,35.29506883313019,0.0,0.0727054299830781,-0.05505502543676367,-0.07374889556956332,14.680829115038522,40.20995780657739,40.20995780657739,16.60427285802189,0.53524496973343,3.8106758348280745,-0.4569042377523641,3,one_per_bay,True,29+29+24,3,82,24,29,0,A40-12L-V4-kv410-direct,18x12E,10.012165387407915,1.9562285841846747,18.402757372551243,0.3005714164292319,0.4821875521964732,0.3,0.10339207063712312,0.09643751043929463,0.03323624630469283,0.046500967098645304,0.016026104249858914,10.669729568337146,6.263778636327105,0.7034014430933915,7.041991561315477,True,8.592302739113366,11.169993560847377,11.355154419276014,75.26886308854236,76.75128918488771,8.246506656429636,0.3639509846618207,0.3639509849975549,0.3639509846618207,-3.357342182042089e-10,7.833333333333333,0.3639509846618207,0.3639509846618207,0.3639509849975549,-4.864788821778987e-07,237.56497677497816,0.0,25.215639255486323,1851.5693876139792,1701.6475816125496,13.75,True,ok,2.498532432452809,0.0,1.1015537839228573,True,-36.39509846618207
6.0,0.40991253282233236,2.0,2.2459287851691014,0.32582184437790146,0.40784853176269786,0.23203126683004538,0.0,0.105140869106418,3.0,0.16718222466271696,1.0954375417385127,1.04,1.04,0.19776210866413368,0.5,0.03,1.4317133195808132,1.5282866804191868,37.21227275206758,37.21227275206758,0.0,0.07270542998307808,-0.05443040601236391,-0.07265124220213877,14.981034301198202,40.59902960847781,40.59902960847781,16.83580358603191,0.537273467768218,3.8280444481757097,-0.45702515694671275,3,one_per_bay,True,31+31+24,3,86,24,31,0,A40-12L-V4-kv410-direct,MJ-20x13E,10.112645358863317,1.997180164530949,18.025414351366162,0.3014463726306179,0.4899959759695458,0.3,0.10277813808034797,0.09799919519390916,0.0335739160513419,0.04801921129326954,0.016451083762696873,10.776808714653662,6.307829121942931,0.7084813976910966,7.119805921695562,True,8.546319600147823,11.11021548019217,11.294385419452498,75.84297411336246,76.77634850274153,10.303870193502066,0.3623069054305198,0.3623069054305198,0.3623069054305198,0.0,7.75,0.3623069054305198,0.3623069054305198,0.3623069054305198,0.0,235.18270596882317,0.0,106.98112698589506,1941.8898455463705,1709.876247410942,13.666666666666666,True,ok,2.4765700500395607,0.0,1.1099125328223323,True,-36.23069054305198
6.0,0.40491253282233236,2.0,2.2459287851691014,0.32582184437790146,0.40784853176269786,0.23203126683004538,0.0,0.105140869106418,3.0,0.16514298200390345,1.0954375417385127,1.04,1.04,0.19534986101580606,0.5,0.03,1.5265218591734437,1.4334781408265562,35.08156930747796,35.08156930747796,0.0,0.07270542998307808,-0.054430406012363895,-0.07281667694929117,14.763105684963085,40.5529869664339,40.5529869664339,16.78282552468465,0.5361912546518298,3.8176680325173176,-0.40949296012733977,3,one_per_bay,True,30+30+24,3,84,24,30,0,A40-12L-V4-kv410-direct,MJ-20x13EL,10.012091544620416,1.972819111810995,18.24799840212059,0.2985753307434922,0.48699838911504717,0.3,0.10307179071547633,0.09739967782300944,0.033463864027760165,0.04743348620013018,0.016296847875084175,10.669650875812327,6.254023262332894,0.7060459208833039,7.110597393286779,True,8.556066195213935,11.122886053778116,11.30726602845782,75.64976408071604,76.6839370790933,10.43734525419314,0.3622792750509712,0.36227927505108354,0.3622792750509712,-1.1235457009206584e-13,7.75,0.3622792750509712,0.3622792750509712,0.36227927505108354,-1.628017720634034e-10,235.14266954885724,0.0,65.64745694641837,1896.7296165801752,1706.19461117056,13.75,True,ok,2.475246375960523,0.0,1.1049125328223324,True,-36.22792750509712
6.0,0.40655378392285746,2.0,2.2717020771176584,0.3298026387744024,0.4201579790965225,0.21533670664019455,0.008902565770552756,0.11367908736788737,0.8019241366723606,0.17081681624707207,1.0540350324676826,1.04,1.04,0.19590364167382004,0.5,0.029999999999999995,1.4238093507909788,1.5361906492090212,37.26913370361025,37.26913370361025,0.0,0.07270542998307807,-0.05505502543676365,-0.07363690312660859,14.87078782308427,40.13345845297514,40.13345845297514,16.589748649893423,0.5371232835357759,3.820911772534018,-0.41989935073312157,3,one_per_bay,True,30+30+24,3,84,24,30,0,A40-12L-V4-kv410-direct,18x12E,10.067652726307777,1.9805868228877679,18.1764311384798,0.2992511600341112,0.4851802759536895,0.3,0.10324234837128579,0.09703605519073791,0.03339410071525826,0.04707998003489966,0.016202159000254304,10.728861122563444,6.293930364440694,0.7046361337550098,7.026691690595028,True,8.562932761805847,11.131812590347602,11.316340536927646,75.84705972475349,77.34498513536677,8.173244015546413,0.36039962133241504,0.3603996213330112,0.36039962133241504,-5.961342530724778e-13,7.75,0.36039962133241504,0.36039962133241504,0.3603996213330112,-8.637985327020203e-10,232.41905131066937,0.0,56.161765150250915,1896.7296165801752,1715.6831688528735,13.75,True,ok,2.4998511914630823,0.0,1.1065537839228574,True,-36.0399621332415
6.0,0.40655378392285746,2.0,2.2717020771176584,0.3298026387744024,0.4201579790965225,0.21533670664019455,0.008902565770552756,0.11367908736788737,0.804139938953941,0.17081681624707207,1.055996690701082,1.045,1.045,0.1959466476515721,0.5,0.03,1.4245514784615532,1.5354485215384468,37.256720970748816,37.256720970748816,0.0,0.07270542998307808,-0.05505502543676365,-0.07363590602204508,14.873351573491643,40.13081592080176,40.13081592080176,16.58891582262468,0.5371503610402386,3.821103304334145,-0.42214360628084774,3,one_per_bay,True,30+30+24,3,84,24,30,0,A40-12L-V4-kv410-direct,18x12E,10.068404640414867,1.9810492582513257,18.172188223011293,0.2993716370791761,0.4852369135673139,0.3,0.1032400723327854,0.09704738271346276,0.03339726270348468,0.047090972457666566,0.01620558467583567,10.729662419772476,6.294331051527795,0.7046549239204876,7.026163184160351,True,8.562253005761708,11.13092890749022,11.31544220558586,75.85142492925704,77.34941648457331,8.172039094308484,0.3603580333300962,0.3603580333307022,0.3603580333300962,-6.060152379916417e-13,7.75,0.3603580333300962,0.3603580333300962,0.3603580333307022,-8.781160798498888e-10,232.35879029530938,0.0,56.05606357944168,1896.7296165801752,1715.7886117441487,13.75,True,ok,2.499897435316361,0.0,1.1065537839228574,True,-36.03580333300962
6.0,0.41155378392285746,2.0,2.2717020771176584,0.3298026387744024,0.4201579790965225,0.21533670664019455,0.008902565770552756,0.11367908736788737,0.8019241366723606,0.1729176061425547,1.0540350324676826,1.04,1.04,0.198312961786199,0.5,0.03,1.4498843364347693,1.5101156635652306,36.59611456890147,36.59611456890147,0.0,0.07270542998307808,-0.05505502543676365,-0.0735567507681033,15.11295518747068,40.07399773822348,40.07399773822348,16.587908315304578,0.5394147355580269,3.8311924788914355,-0.38614911402832586,3,one_per_bay,True,32+32+24,3,88,24,32,0,A40-12L-V4-kv410-direct,18x12E,10.139184528433061,2.0049450615908615,17.9556042156263,0.298095128625642,0.4881546526007616,0.3,0.10304272524889231,0.09763093052015231,0.033533857164605836,0.04765899297115404,0.01636970839455172,10.805090884526077,6.332518467322627,0.7062865178022042,7.014799547644698,True,8.540939358539855,11.103221166101813,11.28727516320031,76.38068839933108,77.89472124669138,8.094352213188888,0.35896631624971437,0.35896631624971637,0.35896631624971437,-1.9984014443252818e-15,7.75,0.35896631624971437,0.35896631624971437,0.35896631624971637,-2.8956836928273333e-12,230.34219224583612,0.0,132.9672493459891,1987.0500745125653,1728.9076970772755,13.583333333333332,True,ok,2.5011607769182835,0.0,1.1115537839228575,True,-35.896631624971434
6.0,0.40655378392285746,2.0,2.2717020771176584,0.3298026387744024,0.4201579790965225,0.21533670664019455,0.008902565770552756,0.11367908736788737,0.8019241366723606,0.17081681624707207,1.0540350324676826,1.04,1.04,0.19590364167382004,0.5,0.029999999999999995,1.4238093507909788,1.5361906492090212,37.28483712332983,37.28483712332983,0.0,0.07270542998307807,-0.05505502543676365,-0.0736277107040449,14.876046324259724,40.15538153643728,40.15538153643728,16.60159563922462,0.5369771234333703,3.820938675425926,-0.4198599332812797,3,one_per_bay,True,30+30+24,3,84,24,30,0,A40-12L-V4-kv410-direct,19x12E,10.076138562590149,1.9805868228877679,18.1764311384798,0.2992511655270053,0.4851802759536895,0.3,0.10321794001540721,0.09703605519073791,0.03338620574669776,0.04707998003489966,0.016198328517229476,10.73790427904266,6.298490730161152,0.7048376728765815,7.0310763072874565,True,8.566540769661854,11.136503000560412,11.321108698338486,76.0443252548045,77.36304456028033,9.180136297251588,0.35852022948415146,0.35852022948505435,0.35852022948415146,-9.028888747764086e-13,7.75,0.35852022948415146,0.35852022948415146,0.35852022948505435,-1.308285979551016e-09,229.69581252253545,0.0,53.245660398600656,1896.7296165801752,1718.5806789964397,13.75,True,"FLAG 19x12E: shaft power table 60.0 W vs similarity 50.2 W (16%) at 2417 rpm, 11.14 m/s; FLAG 19x12E: shaft power table 61.1 W vs similarity 51.3 W (16%) at 2459 rpm, 11.32 m/s",2.4998511914630823,0.0,1.1065537839228574,True,-35.85202294841515
6.0,0.40655378392285746,2.0,2.2717020771176584,0.3298026387744024,0.4201579790965225,0.21533670664019455,0.008902565770552756,0.11367908736788737,0.8019241366723606,0.17081681624707207,1.0540350324676826,1.04,1.04,0.19590364167382004,0.5,0.029999999999999995,1.4238093507909788,1.5361906492090212,37.301347432167844,37.301347432167844,0.0,0.07270542998307807,-0.05505502543676365,-0.07361803845812838,14.881577411976016,40.17844108546169,40.17844108546169,16.614061649858932,0.5368236044342045,3.820966948453314,-0.41981850834058543,3,one_per_bay,True,30+30+24,3,84,24,30,0,A40-12L-V4-kv410-direct,20x13E,10.085064281774729,1.9805868228877679,18.1764311384798,0.2992511712996349,0.4851802759536895,0.3,0.10319225540181158,0.09703605519073791,0.0333778979680897,0.04707998003489966,0.016194297746911855,10.747416208402331,6.303285708583123,0.7050498272302141,7.035688217092337,True,8.570334167855137,11.141434418211679,11.326121862279097,76.54995567567583,77.48307718032105,10.300101376419406,0.3537028590597257,0.35370285906516186,0.3537028590597257,-5.436151528925848e-12,7.75,0.3537028590597257,0.3537028590597257,0.35370285906516186,-7.876983565413553e-09,222.71544277754253,0.0,45.0220587883001,1896.7296165801752,1726.7634316388314,13.75,True,ok,2.4998511914630823,0.0,1.1065537839228574,True,-35.37028590597257
6.0,0.40491253282233236,2.0,2.2459287851691014,0.32582184437790146,0.40784853176269786,0.23203126683004538,0.0,0.105140869106418,3.0,0.16514298200390345,1.0954375417385127,1.04,1.04,0.19534986101580606,0.5,0.03,1.5265218591734437,1.4334781408265562,35.09733340631039,35.09733340631039,0.0,0.07270542998307808,-0.054430406012363895,-0.07280685461751146,14.768680665118609,40.57668311637118,40.57668311637118,16.795663663560514,0.5360358566215094,3.817696723015135,-0.4094509109703114,3,one_per_bay,True,30+30+24,3,84,24,30,0,A40-12L-V4-kv410-direct,MJ-20p5x12ELW,10.021091544620417,1.972819111810995,18.24799840212059,0.2985753359806989,0.48699838911504717,0.3,0.10304551742852155,0.09739967782300944,0.03345533399547768,0.04743348620013018,0.016292693763103504,10.679241964492885,6.258847234273138,0.706263400393268,7.115336623274237,True,8.559910911279397,11.127884184663216,11.312347011512905,76.55211361135606,77.48884645057535,11.004245261172766,0.35368229907022064,0.35368229907574705,0.35368229907022064,-5.526412660827873e-12,7.75,0.35368229907022064,0.35368229907022064,0.35368229907574705,-8.007771945539588e-09,222.6856513527497,0.0,44.93325782684579,1896.7296165801752,1726.8522382745496,13.75,True,ok,2.475246375960523,0.0,1.1049125328223324,True,-35.36822990702206
6.0,0.40655378392285746,2.0,2.2717020771176584,0.3298026387744024,0.4201579790965225,0.21533670664019455,0.008902565770552756,0.11367908736788737,0.8019241366723606,0.17081681624707207,1.0540350324676826,1.04,1.04,0.19590364167382004,0.5,0.029999999999999995,1.4238093507909788,1.5361906492090212,37.254239957725495,37.254239957725495,0.0,0.07270542998307807,-0.05505502543676365,-0.07364561514444605,14.865802498907392,40.11267429604797,40.11267429604797,16.57852131217435,0.5372620373242136,3.8208862462886506,-0.41993675115613804,3,one_per_bay,True,30+30+24,3,84,24,30,0,A40-12L-V4-kv410-direct,17x12E,10.059607725770935,1.9805868228877679,18.1764311384798,0.2992511548222761,0.4851802759536895,0.3,0.10326547923725021,0.09703605519073791,0.0334015824752127,0.04707998003489966,0.01620578900261362,10.72028775438745,6.289605379608358,0.7044452087795343,7.022534859209594,True,8.559510784101809,11.127364019332353,11.31181822359343,76.75747705671954,78.51879638879505,7.047512898280489,0.3517159597266922,0.35171595980393844,0.3517159597266922,-7.724626494010067e-11,7.833333333333333,0.3517159597266922,0.3517159597266922,0.35171595980393844,-1.1192983789820588e-07,219.83642564397695,0.0,31.56843728648892,1896.7296165801756,1740.2329725150485,13.75,True,ok,2.4998511914630823,0.0,1.1065537839228574,True,-35.171595972669216
6.0,0.4165323572925435,2.0,2.313150094449205,0.3332574544261799,0.4336782261141224,0.2789023219142424,2.1573757319797834e-05,0.123149039066416,0.8254096168847117,0.1806410138297641,1.2116777583473213,1.04,1.04,0.20492648618667605,0.5,0.029999999999999995,1.4383694443395503,1.5216305556604497,37.048030501829324,37.048030501829324,0.0,0.07270542998307807,-0.05605952407744238,-0.07481152112231843,15.690135348490497,39.009853512958536,39.009853512958536,16.136148158596725,0.5461829788835055,3.8612035117877856,-0.3303196456547395,3,one_per_bay,True,34+34+24,3,92,24,34,0,A40-12L-V4-kv410-direct,18x12E,10.297321028597908,2.0773444076274417,17.329817755697047,0.29681961153055303,0.4924183489974729,0.3,0.10314440162428434,0.09848366979949458,0.033860130637441574,0.0484951660858794,0.016673349625327728,10.973613239716514,6.4344562543568165,0.7054453097394517,6.801970702591708,True,8.455966171253685,10.992756022629791,11.174978879837267,77.72145785858083,79.27029739936734,7.893114920233572,0.3498542314522582,0.34985423145226,0.3498542314522582,-1.8318679906315083e-15,7.666666666666667,0.3498542314522582,0.3498542314522582,0.34985423145226,-2.6543767184250555e-12,217.1387813743221,0.0,190.41198090920636,2077.3705324449547,1761.4487338224747,13.583333333333332,True,ok,2.5461965987039963,0.0,1.1165323572925434,True,-34.985423145225816
6.0,0.4215323572925435,2.0,2.313150094449205,0.3332574544261799,0.4336782261141224,0.2789023219142424,2.1573757319797834e-05,0.123149039066416,0.8254096168847117,0.1828094049603347,1.2116777583473213,1.04,1.04,0.20738639695469774,0.5,0.03,1.4617495359924213,1.4982504640075787,36.40468916399171,36.40468916399171,0.0,0.07270542998307808,-0.05605952407744238,-0.07474783055958942,15.884596164884108,38.91736583675451,38.91736583675451,16.115045776257237,0.5479998352113373,3.8716531834456127,-0.2938521516645334,3,one_per_bay,True,35+35+24,3,94,24,35,0,A40-12L-V4-kv410-direct,18x12E,10.353921662763971,2.10228057850658,17.12426037136,0.2955359169934671,0.4953649953520718,0.3,0.1029893827901775,0.09907299907041434,0.03401155675144601,0.04907729572403161,0.016848134652096777,11.033931206567903,6.4649604485834375,0.7067283387612358,6.783473167350903,True,8.42873619791712,10.957357057292256,11.138993118923379,78.14940837354744,79.70899004937455,7.825425875788941,0.3474734715346087,0.3474734715346087,0.3474734715346087,0.0,7.666666666666667,0.3474734715346087,0.3474734715346087,0.3474734715346087,0.0,213.68906025364802,0.0,224.91752888678442,2122.5307614111484,1771.961408561318,13.5,True,ok,2.5475119189072952,0.0,1.1215323572925435,True,-34.74734715346087
6.0,0.4215323572925435,2.0,2.313150094449205,0.3332574544261799,0.4336782261141224,0.2789023219142424,2.1573757319797834e-05,0.123149039066416,0.8276017442870456,0.1828094049603347,1.2134805025425357,1.045,1.045,0.20742581608675678,0.5,0.030000000000000002,1.4623324497666221,1.4976675502333778,36.39664367404211,36.39664367404211,0.0,0.0727054299830781,-0.056059524077442385,-0.07474683562752016,15.88699730594125,38.91521921330102,38.91521921330102,16.114382691475274,0.5480233734477612,3.871830761241048,-0.29575975671273735,3,one_per_bay,True,35+35+24,3,94,24,35,0,A40-12L-V4-kv410-direct,18x12E,10.354623134896752,2.102710934923161,17.120755593214973,0.2956390376252199,0.4954156956718658,0.3,0.10298734301043648,0.09908313913437315,0.034014364121941636,0.04908734230360774,0.016851249864307867,11.034678748949286,6.465334419590312,0.7067452405112431,6.783043842660204,True,8.4281590968611,10.95660682591943,11.13823045124213,78.15431429065106,79.71409714033545,7.824396610848942,0.3474272803491104,0.34742728034911075,0.3474272803491104,-3.3306690738754696e-16,7.666666666666667,0.3474272803491104,0.3474272803491104,0.34742728034911075,-4.826139488045555e-13,213.62212922586096,0.0,224.79726037385421,2122.5307614111484,1772.0812628973224,13.5,True,ok,2.547553420724685,0.0,1.1215323572925435,True,-34.74272803491104
6.0,0.4215323572925435,2.0,2.313150094449205,0.3332574544261799,0.4336782261141224,0.2789023219142424,2.1573757319797834e-05,0.123149039066416,0.8254096168847117,0.1828094049603347,1.2116777583473213,1.04,1.04,0.20738639695469774,0.5,0.03,1.4617495359924213,1.4982504640075787,36.419604331951284,36.419604331951284,0.0,0.07270542998307808,-0.05605952407744238,-0.07473867205614794,15.889919863497107,38.93808136156377,38.93808136156377,16.126293157557456,0.5478524300133749,3.8716793428213236,-0.29381363868954175,3,one_per_bay,True,35+35+24,3,94,24,35,0,A40-12L-V4-kv410-direct,19x12E,10.362407499046343,2.10228057850658,17.12426037136,0.2955359131893591,0.4953649953520718,0.3,0.10296528351841565,0.09907299907041434,0.034003598127683145,0.04907729572403161,0.016844192228473477,11.04297436304712,6.469501924683061,0.7069280590078983,6.7876162723127536,True,8.432189489758525,10.961846336686083,11.143556815443926,78.19853556721895,79.56752484631933,8.794073329150692,0.34702200206193684,0.34702200206193684,0.34702200206193706,2.220446049250313e-16,7.666666666666667,0.34702200206193684,0.34702200206193706,0.34702200206193684,3.2174263253637037e-13,213.03488098774648,0.0,225.73076876284637,2122.5307614111484,1771.1392410438045,13.5,True,"FLAG 19x12E: shaft power table 61.6 W vs similarity 52.0 W (16%) at 2422 rpm, 10.96 m/s; FLAG 19x12E: shaft power table 62.7 W vs similarity 53.1 W (15%) at 2465 rpm, 11.14 m/s",2.5475119189072952,0.0,1.1215323572925435,True,-34.70220020619369
5.976525328813038,0.40473371723424806,1.9097003609224132,2.145897651836347,0.36195610838496894,0.40993290472762656,0.30211842696056834,0.26273059669896925,0.0,0.52,0.16591366834704516,1.2657076334959987,1.04,1.04,0.203463409239347,0.5,0.030000000000000002,1.4729256749733153,1.4753369894332036,37.645443852331745,37.645443852331745,0.0,0.0727054299830781,-0.05221040751697948,-0.06894962558354,14.801518491273127,43.665836908192624,43.665836908192624,18.425538288828943,0.5226354798536402,3.549131316086598,-0.3797892058974087,3,one_per_bay,True,32+32+24,3,88,24,32,0,A40-12L-V4-kv410-direct,18x12E,10.125191223955062,2.00752063578219,17.79252196430183,0.2945509159174725,0.5015984039353022,0.3,0.10023667581248998,0.10031968078706043,0.033519037735550185,0.05032019176608851,0.01681309582959914,11.15463840013319,6.447750098145007,0.7300047660566649,7.733167381638523,True,8.689437157254071,11.296268304430292,11.483522372652857,77.7467097108972,79.36696310525289,8.221744883380115,0.3460906987300031,0.34609069873000553,0.3460906987300031,-2.4424906541753444e-15,7.75,0.3460906987300031,0.3460906987300031,0.34609069873000553,-3.539168957900074e-12,211.68542245977446,0.0,99.1100251857507,1987.0500745125653,1762.6636514698794,13.666666666666666,True,ok,2.384118860026089,0.0,1.104733717234248,True,-34.60906987300031
6.0,0.40491253282233236,2.0,2.2459287851691014,0.32582184437790146,0.40784853176269786,0.23203126683004538,0.0,0.105140869106418,3.0,0.16514298200390345,1.0954375417385127,1.04,1.04,0.19534986101580606,0.5,0.03,1.5265218591734437,1.4334781408265562,35.079817303654664,35.079817303654664,0.0,0.07270542998307808,-0.054430406012363895,-0.0728177681215949,14.762486242723583,40.55035406021998,40.55035406021998,16.781399387048207,0.5362085352537631,3.8176648430923628,-0.4094976345846427,3,one_per_bay,True,30+30+24,3,84,24,30,0,A40-12L-V4-kv410-direct,MJ-21x14EL,10.011091544620417,1.972819111810995,18.24799840212059,0.29857533016107674,0.48699838911504717,0.3,0.10307470927472781,0.09739967782300944,0.033464811583529507,0.04743348620013018,0.01629730933321744,10.668585199292272,6.253487149637816,0.7060217673766493,7.110070812043997,True,8.555638897889942,11.122330567256926,11.306701333841692,77.42274536062357,77.96565484025312,11.617377733112644,0.3453869972040144,0.3453869974333947,0.3453869972040144,-2.2938029253793957e-10,7.75,0.3453869972040144,0.3453869972040144,0.3453869974333947,-3.3237204388747443e-07,210.66575894861683,0.0,28.01373322822367,1896.7296165801752,1743.7107108211699,13.75,True,ok,2.475246375960523,0.0,1.1049125328223324,True,-34.53869972040144
6.0,0.4265323572925435,2.0,2.313150094449205,0.3332574544261799,0.4336782261141224,0.2789023219142424,2.1573757319797834e-05,0.123149039066416,0.8254096168847117,0.1849777960909053,1.2116777583473213,1.04,1.04,0.20984630772271942,0.5,0.03,1.4845814841961675,1.4754185158038324,35.747863343031284,35.747863343031284,0.0,0.07270542998307808,-0.05605952407744238,-0.07470089565050776,16.027326727155362,38.78881312988764,38.78881312988764,16.073997666241404,0.5494196376504029,3.882048438085145,-0.25541802208407105,3,one_per_bay,True,35+35+24,3,94,24,35,0,A40-12L-V4-kv410-direct,18x12E,10.39456889368923,2.1272167493857186,16.92352225526421,0.2941510001968788,0.49829421711567073,0.3,0.10287899149561966,0.09965884342313414,0.034176004349973026,0.04965942536218384,0.017029705331711567,11.077248006170487,6.486861133457286,0.7076437707348722,6.757762625977528,True,8.395619204027613,10.914304965235896,11.095227368235179,78.42919856674587,80.00036307501964,7.766293465243033,0.34483910206062446,0.34483910206062446,0.34483910206062446,0.0,7.666666666666667,0.34483910206062446,0.34483910206062446,0.34483910206062446,0.0,209.87185888584483,0.0,218.05198023516613,2122.5307614111484,1778.7979929387702,13.5,True,ok,2.5488185268150936,0.0,1.1265323572925434,True,-34.48391020606245
6.0,0.40655378392285746,2.0,2.2717020771176584,0.3298026387744024,0.4201579790965225,0.21533670664019455,0.008902565770552756,0.11367908736788737,0.8019241366723606,0.17081681624707207,1.0540350324676826,1.04,1.04,0.19590364167382004,0.5,0.029999999999999995,1.4238093507909788,1.5361906492090212,37.30990431273215,37.30990431273215,0.0,0.07270542998307807,-0.05505502543676365,-0.07361302256425879,14.884444999971713,40.19039630135856,40.19039630135856,16.620526618141884,0.5367441003073911,3.820981596733792,-0.41979704604218004,3,one_per_bay,True,30+30+24,3,84,24,30,0,A40-12L-V4-kv410-direct,205x14E,10.089691813735806,1.9805868228877679,18.1764311384798,0.29925117429043846,0.4851802759536895,0.3,0.10317893484091537,0.09703605519073791,0.03337358938581538,0.04707998003489966,0.016192207307775028,10.752347660559087,6.30577094208575,0.7051598859698747,7.038079260271713,True,8.572300191361498,11.143990248769947,11.32872005989672,77.53564821322597,78.22732156051477,10.814662671990318,0.34431123173000144,0.34431123240446804,0.34431123173000144,-6.74466593686418e-10,7.75,0.34431123173000144,0.34431123173000144,0.34431123240446804,-9.773020942516197e-07,209.10697477677206,0.0,23.779001917730003,1896.7296165801752,1747.9452089271429,13.75,True,ok,2.4998511914630823,0.0,1.1065537839228574,True,-34.431123173000145
6.0,0.40655378392285746,2.0,2.2717020771176584,0.3298026387744024,0.4201579790965225,0.21533670664019455,0.008902565770552756,0.11367908736788737,0.8019241366723606,0.17081681624707207,1.0540350324676826,1.04,1.04,0.19590364167382004,0.5,0.029999999999999995,1.4238093507909788,1.5361906492090212,37.301347432167844,37.301347432167844,0.0,0.07270542998307807,-0.05505502543676365,-0.07361803845812838,14.881577411976016,40.17844108546169,40.17844108546169,16.614061649858932,0.5368236044342045,3.820966948453314,-0.41981850834058543,3,one_per_bay,True,30+30+24,3,84,24,30,0,A40-12L-V4-kv410-direct,20x15E,10.085064281774729,1.9805868228877679,18.1764311384798,0.2992511712996349,0.4851802759536895,0.3,0.10319225540181158,0.09703605519073791,0.0333778979680897,0.04707998003489966,0.016194297746911855,10.747416208402331,6.303285708583123,0.7050498272302141,7.035688217092337,True,8.570334167855137,11.141434418211679,11.326121862279097,77.60045413275023,78.21923927275253,10.537633562246665,0.34369374159269656,0.3436937423770285,0.34369374159269656,-7.843319327349718e-10,7.75,0.34369374159269656,0.34369374159269656,0.3436937423770285,-1.1364969705329742e-06,208.2122315678173,0.0,22.964563062578655,1896.7296165801752,1748.7534468710205,13.75,True,ok,2.4998511914630823,0.0,1.1065537839228574,True,-34.369374159269654
6.0,0.4215323572925435,2.0,2.313150094449205,0.3332574544261799,0.4336782261141224,0.2789023219142424,2.1573757319797834e-05,0.123149039066416,0.8254096168847117,0.1828094049603347,1.2116777583473213,1.04,1.04,0.20738639695469774,0.5,0.03,1.4617495359924213,1.4982504640075787,36.43528607341746,36.43528607341746,0.0,0.07270542998307808,-0.05605952407744238,-0.07472903579019602,15.895519528310542,38.95987072694767,38.95987072694767,16.138128015599495,0.5476975967118832,3.8717068351222004,-0.2937731633208004,3,one_per_bay,True,35+35+24,3,94,24,35,0,A40-12L-V4-kv410-direct,20x13E,10.371333218230923,2.10228057850658,17.12426037136,0.2955359091912618,0.4953649953520718,0.3,0.10293992563223492,0.09907299907041434,0.033995223854903105,0.04907729572403161,0.01684004390687672,11.052486292406796,6.474277090235407,0.7071382856128148,6.791974145389533,True,8.435820265490378,10.966566345137492,11.148355065732439,78.66184492682886,79.64799103311213,9.868469486948218,0.3426827975097519,0.3426827975097519,0.3426827975097519,0.0,7.666666666666667,0.3426827975097519,0.3426827975097519,0.3426827975097519,0.0,206.74737359163046,0.0,218.57577847132467,2122.5307614111484,1778.238812359874,13.5,True,ok,2.5475119189072952,0.0,1.1215323572925435,True,-34.26827975097519
6.0,0.4090057071024211,1.9524285699667767,2.6561595177896713,0.29535023576734754,0.4,0.23773271104829422,0.0,0.03298981944905123,3.0,0.16360228284096845,1.1095771233997698,1.04,1.04,0.1996081802051126,0.5,0.029999999999999995,1.4174168420124627,1.5425831579875373,37.756400725353664,37.756400725353664,0.0,0.07270542998307807,-0.06437240661484778,-0.08709072381979632,15.64778080409876,33.99095537047165,33.99095537047165,13.69182056714021,0.5566748349052778,3.8253499183791577,-0.45506870790157633,3,one_per_bay,True,31+31+24,3,86,24,31,0,A40-12L-V4-kv410-direct,MJ-21x14EL,10.150314700804149,1.9901179953946446,18.089379666586616,0.30122160552940347,0.44977386757196913,0.3,0.10699157172788402,0.08995477351439381,0.03208134200910276,0.04045930639012944,0.014429349272333235,10.816952047886181,6.459799831691725,0.6745026672217154,5.798191074094332,True,8.577400789642228,11.150621026534896,11.335460753616081,78.48924150694015,79.06648040332286,11.476130370649749,0.3371668707476276,0.337166870752566,0.3371668707476276,-4.93843854698639e-12,7.75,0.3371668707476276,0.3371668707476276,0.337166870752566,-7.155797454583279e-09,198.75479571331235,0.0,47.01286589514796,1941.8898455463705,1769.6584948544732,13.75,True,ok,2.866744958410208,0.0,1.109005707102421,True,-33.71668707476276
6.0,0.4215323572925435,2.0,2.313150094449205,0.3332574544261799,0.4336782261141224,0.2789023219142424,2.1573757319797834e-05,0.123149039066416,0.8254096168847117,0.1828094049603347,1.2116777583473213,1.04,1.04,0.20738639695469774,0.5,0.03,1.4617495359924213,1.4982504640075787,36.39054318787468,36.39054318787468,0.0,0.07270542998307808,-0.05605952407744238,-0.07475651068139545,15.879549030250066,38.897726481551096,38.897726481551096,16.104386501799276,0.5481397654020492,3.871628363233393,-0.2938886930619442,3,one_per_bay,True,35+35+24,3,94,24,35,0,A40-12L-V4-kv410-direct,17x12E,10.345876662227129,2.10228057850658,17.12426037136,0.2955359206027038,0.4953649953520718,0.3,0.10301222201272274,0.09907299907041434,0.03401909925235932,0.04907729572403161,0.016851870943026644,11.025357838391907,6.460653419630588,0.7065391257317009,6.77954529631022,True,8.425460996186503,10.953099295042454,11.13466477732106,79.25393100583611,81.07090487000642,6.743266930227705,0.3370613390058738,0.3370613390058738,0.3370613390058739,5.551115123125783e-17,7.666666666666667,0.3370613390058738,0.3370613390058739,0.3370613390058738,8.043565813409259e-14,198.60188021951114,0.0,195.60998337282345,2122.5307614111484,1801.1725697138456,13.5,True,ok,2.5475119189072952,0.0,1.1215323572925435,True,-33.70613390058738
5.99414298362009,0.41877876928541874,2.0,2.603659531178117,0.3253062461988606,0.45185932176904897,0.24399189976349644,0.6851367772212835,0.27473471980230363,1.200537542232707,0.18922909066058635,1.124385379136731,1.04,1.04,0.2050700663673248,0.5,0.030000000000000006,1.4606534210147473,1.4964180707952979,37.110688089628404,37.110688089628404,0.0,0.0727054299830781,-0.06316171845120683,-0.0846239228539481,16.218483366632054,35.42601422056945,35.42601422056945,14.489842009084095,0.5466578691834076,3.500444312221898,-0.4390525802361863,3,one_per_bay,True,34+34+24,3,92,24,34,0,A40-12L-V4-kv410-direct,18x12E,10.365483901693016,2.080345326271903,17.27105094252314,0.2979532880349253,0.46424306558000633,0.3,0.10477827238086498,0.09284861311600127,0.032428390917513115,0.04310432478782441,0.01505465561137312,11.56243763306723,6.833204095816666,0.6920960461499801,6.08520284411389,True,8.677841759702007,11.28119428761261,11.468198479424883,79.55159718435497,81.23324541050106,8.012269247770222,0.3326030545441201,0.33260305454412087,0.3326030545441201,-7.771561172376096e-16,7.75,0.3326030545441201,0.3326030545441201,0.33260305454412087,-1.1260992138772963e-12,192.14182603442998,0.0,144.95077083315147,2077.3705324449547,1806.755501446871,13.583333333333332,True,ok,2.8220529011693793,0.0,1.1187787692854188,True,-33.260305454412006
6.0,0.4273516285650925,2.0,2.4014953207225496,0.33229562928092354,0.4417293178709181,0.3050148481799048,0.1282607993478486,0.1756732282538684,0.9556696060695937,0.18877374337708427,1.276436823486164,1.04,1.04,0.21209560678495418,0.5,0.02999999999999999,1.5254386733324643,1.4345613266675357,35.60845038703065,35.60845038703065,0.0,0.07270542998307805,-0.0582005832984943,-0.07738027355522425,16.377441968962472,38.033864013454185,38.033864013454185,15.77971609306562,0.5450939997339189,3.6106990832844916,-0.3988159050591301,3,one_per_bay,True,36+36+24,3,96,24,36,0,A40-12L-V4-kv410-direct,18x12E,10.470953441107975,2.1529057137499583,16.721586909300708,0.2983517065666191,0.49198687258590673,0.3,0.10270753277841935,0.09839737451718134,0.03368717189511269,0.04841021655937224,0.016573646346940345,11.565967445321956,6.767409966011959,0.7090685363248048,6.606772802690837,True,8.527488497149713,11.085735046294628,11.269499182442315,79.92922453479233,81.57680983112934,7.808593948118682,0.33245126685244736,0.33245126685244736,0.33245126685244736,0.0,7.666666666666667,0.33245126685244736,0.33245126685244736,0.33245126685244736,0.0,191.9218856691962,0.0,226.16846118897902,2167.6909903773435,1815.6010344465544,13.5,True,ok,2.6346774751861455,0.0,1.1273516285650924,True,-33.245126685244735
6.0,0.4215323572925435,2.0,2.313150094449205,0.3332574544261799,0.4336782261141224,0.2789023219142424,2.1573757319797834e-05,0.123149039066416,0.8254096168847117,0.1828094049603347,1.2116777583473213,1.04,1.04,0.20738639695469774,0.5,0.03,1.4617495359924213,1.4982504640075787,36.43528607341746,36.43528607341746,0.0,0.07270542998307808,-0.05605952407744238,-0.07472903579019602,15.895519528310542,38.95987072694767,38.95987072694767,16.138128015599495,0.5476975967118832,3.8717068351222004,-0.2937731633208004,3,one_per_bay,True,35+35+24,3,94,24,35,0,A40-12L-V4-kv410-direct,20x15E,10.371333218230923,2.10228057850658,17.12426037136,0.2955359091912618,0.4953649953520718,0.3,0.10293992563223492,0.09907299907041434,0.033995223854903105,0.04907729572403161,0.01684004390687672,11.052486292406796,6.474277090235407,0.7071382856128148,6.791974145389533,True,8.435820265490378,10.966566345137492,11.148355065732439,79.7640403211167,80.4371275437657,10.092704490455684,0.33236376614530805,0.33236376614530805,0.33236376614530805,0.0,7.666666666666667,0.33236376614530805,0.33236376614530805,0.33236376614530805,0.0,191.79509714455133,0.0,195.35941832233826,2122.5307614111484,1801.3482929427223,13.583333333333332,True,ok,2.5475119189072952,0.0,1.1215323572925435,True,-33.236376614530805
6.0,0.4323516285650925,2.0,2.4014953207225496,0.33229562928092354,0.4417293178709181,0.3050148481799048,0.1282607993478486,0.1756732282538684,0.9556696060695937,0.19098238996643888,1.276436823486164,1.04,1.04,0.21457711840920024,0.5,0.030000000000000002,1.4271608466955494,1.5328391533044505,37.71765064723824,37.71765064723824,0.0,0.0727054299830781,-0.05820058329849433,-0.07728981257853697,16.475873297964714,37.92122594789509,37.92122594789509,15.742861763937396,0.5458983121338348,3.619791556887479,-0.36583295519613945,3,one_per_bay,True,35+35+24,3,94,24,35,0,A40-12L-V4-kv410-direct,19x12E,10.504512798388642,2.1780946397987337,16.52820742597602,0.297166555243759,0.4948566181282292,0.3,0.10261610774019651,0.09897132362564584,0.03385350669453044,0.04897661450106161,0.016752631834636697,11.604903349872572,6.787169095396581,0.709829707608675,6.5842451895790175,True,8.492294676319819,11.039983079215766,11.22298880190037,80.25310277319537,81.70887097636478,8.717206878493702,0.3277596043111523,0.3277596043111523,0.3277596043111523,0.0,7.666666666666667,0.3277596043111523,0.3277596043111523,0.3277596043111523,0.0,185.12366664685968,0.0,175.44664063188716,2122.5307614111484,1821.2387186730493,13.583333333333332,True,"FLAG 19x12E: shaft power table 63.3 W vs similarity 53.6 W (15%) at 2444 rpm, 11.04 m/s",2.6359624563812254,0.0,1.1323516285650925,True,-32.77596043111523
6.0,0.4323516285650925,2.0,2.4014953207225496,0.33229562928092354,0.4417293178709181,0.3050148481799048,0.1282607993478486,0.1756732282538684,0.9556696060695937,0.19098238996643888,1.276436823486164,1.04,1.04,0.21457711840920024,0.5,0.030000000000000002,1.4271608466955494,1.5328391533044505,37.70241288799514,37.70241288799514,0.0,0.0727054299830781,-0.05820058329849433,-0.07729926694353989,16.4705083271997,37.90126972692676,37.90126972692676,15.731968093540196,0.5460450138331554,3.6197668633675595,-0.3658723122463853,3,one_per_bay,True,35+35+24,3,94,24,35,0,A40-12L-V4-kv410-direct,18x12E,10.49602696210627,2.1780946397987337,16.52820742597602,0.2971665469750138,0.4948566181282292,0.3,0.10264026403675393,0.09897132362564584,0.03386147596334437,0.04897661450106161,0.016756575480050915,11.59552858763563,6.782484405139095,0.7096284923043372,6.580253945385353,True,8.48886382791122,11.035522976284588,11.218454765489916,80.2990962629107,81.95304259527401,7.756941839443134,0.32732660140445513,0.32732660140445513,0.32732660140445513,0.0,7.666666666666667,0.32732660140445513,0.32732660140445513,0.32732660140445513,0.0,184.49624543505547,0.0,172.27868544787106,2122.5307614111484,1824.4069179386524,13.583333333333332,True,ok,2.6359624563812254,0.0,1.1323516285650925,True,-32.73266014044551
6.0,0.4323516285650925,2.0,2.4014953207225496,0.33229562928092354,0.4417293178709181,0.3050148481799048,0.1282607993478486,0.1756732282538684,0.9577304229989589,0.19098238996643888,1.2781742863657142,1.045,1.045,0.214615323060758,0.5,0.03,1.4276576603581548,1.5323423396418452,37.69881831328502,37.69881831328502,0.0,0.07270542998307808,-0.05820058329849432,-0.07729724123985067,16.47286360674726,37.90153568731824,37.90153568731824,15.732579090517461,0.5460418929467984,3.619270772539392,-0.36814564454064,3,one_per_bay,True,35+35+24,3,94,24,35,0,A40-12L-V4-kv410-direct,18x12E,10.496711014422052,2.178514009891064,16.52502569942168,0.29728290040385597,0.4949042556535797,0.3,0.1026356287026059,0.09898085113071595,0.03386320628440024,0.04898604445280476,0.016759044900224722,11.597316095172502,6.783376781202125,0.7096670978546571,6.580307137463647,True,8.48870093524959,11.035311215824466,11.218239494754844,80.30659360646615,81.96080649470548,7.7562667250885795,0.3272560179840476,0.3272560179840476,0.3272560179840476,0.0,7.666666666666667,0.3272560179840476,0.3272560179840476,0.3272560179840476,0.0,184.39397005888492,0.0,172.09520735195397,2122.5307614111484,1824.5896308076867,13.583333333333332,True,ok,2.6360018333901567,0.0,1.1323516285650925,True,-32.72560179840476
6.0,0.4323516285650925,2.0,2.4014953207225496,0.33229562928092354,0.4417293178709181,0.3050148481799048,0.1282607993478486,0.1756732282538684,0.9556696060695937,0.19098238996643888,1.276436823486164,1.04,1.04,0.21457711840920024,0.5,0.030000000000000002,1.4271608466955494,1.5328391533044505,37.733671650788416,37.733671650788416,0.0,0.0727054299830781,-0.05820058329849433,-0.07727986532470585,16.48151637436739,37.94221661263741,37.94221661263741,15.754324273750296,0.5457442145272736,3.6198175089362716,-0.3657915922757564,3,one_per_bay,True,35+35+24,3,94,24,35,0,A40-12L-V4-kv410-direct,20x13E,10.513438517573222,2.1780946397987337,16.52820742597602,0.2971665639339076,0.4948566181282292,0.3,0.1025906913104969,0.09897132362564584,0.033845121702233076,0.04897661450106161,0.016748482465705393,11.614764074539499,6.792094870430468,0.7100414961965014,6.588443322527481,True,8.495901875623694,11.044672438310803,11.227755894769448,80.53916332013186,81.61277666223438,9.783813660840554,0.32506648185442893,0.32506648185442893,0.32506648185442893,0.0,7.666666666666667,0.32506648185442893,0.32506648185442893,0.32506648185442893,0.0,181.22133220706752,0.0,172.52587043569892,2122.5307614111484,1824.1233919967303,13.583333333333332,True,ok,2.6359624563812254,0.0,1.1323516285650925,True,-32.50664818544289
6.0,0.4373516285650925,2.0,2.4014953207225496,0.33229562928092354,0.4417293178709181,0.3050148481799048,0.1282607993478486,0.1756732282538684,0.9556696060695937,0.19319103655579348,1.276436823486164,1.04,1.04,0.2170586300334463,0.5,0.03,1.4483863448010372,1.5116136551989627,37.11180068235592,37.11180068235592,0.0,0.07270542998307808,-0.05820058329849432,-0.07723124502299401,16.66779439484805,37.82267911255482,37.82267911255482,15.716950519160617,0.5477162825553878,3.6294541967203595,-0.33436447793394697,3,one_per_bay,True,36+36+24,3,96,24,36,0,A40-12L-V4-kv410-direct,18x12E,10.553148073709202,2.203283565847509,16.339249544646034,0.29606198642646975,0.49770981727684943,0.3,0.1024769864363524,0.09954196345536986,0.03400253479621275,0.049543012442750965,0.016923395380372762,11.660484032224792,6.815051216147363,0.7109899342497701,6.564535822510966,True,8.46380709349365,11.002949221541744,11.18534104764346,80.75679840533779,82.4231555384142,7.692550653548352,0.3246590949135575,0.3246590949135585,0.3246590949135575,-9.992007221626409e-16,7.666666666666667,0.3246590949135575,0.3246590949135575,0.3246590949135585,-1.4478418464136666e-12,180.63102852974478,0.0,206.03065864347198,2167.6909903773435,1835.6599116253954,13.5,True,ok,2.6372391643794533,0.0,1.1373516285650924,True,-32.465909491355745
6.0,0.4215323572925435,2.0,2.313150094449205,0.3332574544261799,0.4336782261141224,0.2789023219142424,2.1573757319797834e-05,0.123149039066416,0.8254096168847117,0.1828094049603347,1.2116777583473213,1.04,1.04,0.20738639695469774,0.5,0.03,1.4617495359924213,1.4982504640075787,36.37716907722497,36.37716907722497,0.0,0.07270542998307808,-0.05605952407744238,-0.07476471172709694,15.87477909299639,38.87916576279215,38.87916576279215,16.0943160689147,0.5482721740878473,3.8716048884444367,-0.2939232536664561,3,one_per_bay,True,35+35+24,3,94,24,35,0,A40-12L-V4-kv410-direct,16x12E,10.338273507061082,2.10228057850658,17.12426037136,0.2955359240161879,0.4953649953520718,0.3,0.10303379954574265,0.09907299907041434,0.034026225088722065,0.04907729572403161,0.016855400832923355,11.017255334453063,6.456581614074088,0.7063604230507357,6.77583315255843,True,8.42236450358797,10.949073854664361,11.130572608704323,80.8737629247511,82.96788569264113,5.7934084791730935,0.32189439917415535,0.32189439917415535,0.32189439917415535,0.0,7.75,0.32189439917415535,0.32189439917415535,0.32189439917415535,0.0,176.6249844033511,0.0,153.86262504545022,2122.5307614111475,1842.7840890262107,13.583333333333332,True,ok,2.5475119189072952,0.0,1.1215323572925435,True,-32.189439917415534
6.0,0.4323516285650925,2.0,2.4014953207225496,0.33229562928092354,0.4417293178709181,0.3050148481799048,0.1282607993478486,0.1756732282538684,0.9556696060695937,0.19098238996643888,1.276436823486164,1.04,1.04,0.21457711840920024,0.5,0.030000000000000002,1.4271608466955494,1.5328391533044505,37.733671650788416,37.733671650788416,0.0,0.0727054299830781,-0.05820058329849433,-0.07727986532470585,16.48151637436739,37.94221661263741,37.94221661263741,15.754324273750296,0.5457442145272736,3.6198175089362716,-0.3657915922757564,3,one_per_bay,True,35+35+24,3,94,24,35,0,A40-12L-V4-kv410-direct,20x15E,10.513438517573222,2.1780946397987337,16.52820742597602,0.2971665639339076,0.4948566181282292,0.3,0.1025906913104969,0.09897132362564584,0.033845121702233076,0.04897661450106161,0.016748482465705393,11.614764074539499,6.792094870430468,0.7100414961965014,6.588443322527481,True,8.495901875623694,11.044672438310803,11.227755894769448,81.54901755776869,82.25693312314239,10.007856235205818,0.31555875445792725,0.31555875445792725,0.31555875445792725,0.0,7.666666666666667,0.31555875445792725,0.31555875445792725,0.31555875445792725,0.0,167.44463520953656,0.0,152.0014642713026,2122.5307614111484,1844.5505418591024,13.583333333333332,True,ok,2.6359624563812254,0.0,1.1323516285650925,True,-31.555875445792726
6.0,0.4323516285650925,2.0,2.4014953207225496,0.33229562928092354,0.4417293178709181,0.3050148481799048,0.1282607993478486,0.1756732282538684,0.9556696060695937,0.19098238996643888,1.276436823486164,1.04,1.04,0.21457711840920024,0.5,0.030000000000000002,1.4271608466955494,1.5328391533044505,37.68796103508237,37.68796103508237,0.0,0.0727054299830781,-0.05820058329849433,-0.07730822773675869,16.465422064485157,37.88235019892539,37.88235019892539,15.721643891983536,0.5461842734029456,3.6197434342235435,-0.3659096541077308,3,one_per_bay,True,35+35+24,3,94,24,35,0,A40-12L-V4-kv410-direct,17x12E,10.487981961569428,2.1780946397987337,16.52820742597602,0.29716653912964863,0.4948566181282292,0.3,0.10266315859509151,0.09897132362564584,0.03386902897915269,0.04897661450106161,0.01676031313991049,11.586640840486234,6.778041578775045,0.7094378524866203,6.576470039785078,True,8.485609929764117,11.031292908693352,11.214154577630289,81.55760660622249,83.48690024652676,6.683833282183676,0.3154261167448658,0.3154261167448658,0.3154261167448658,0.0,7.75,0.3154261167448658,0.3154261167448658,0.3154261167448658,0.0,167.25244316331055,0.0,139.1045895657194,2122.5307614111475,1857.4793673024951,13.583333333333332,True,ok,2.6359624563812254,0.0,1.1323516285650925,True,-31.542611674486583
5.75624167294446,0.43446922101295615,1.862156858666676,2.123526708702512,0.30246457955145245,0.4,0.33011619891311705,0.9333812344533509,0.08288330481609371,0.7154488480825097,0.17378768840518247,1.2984538871140328,1.04,1.04,0.21852460226270068,0.5,0.030000000000000002,1.5498212750088092,1.288299561463421,36.00477079174933,36.00477079174933,0.0,0.0727054299830781,-0.0536433079807754,-0.07046525897917975,14.426281801414396,44.42161019855859,44.42161019855859,18.841348514995445,0.5146029239029258,3.446005748271947,-0.18201274950879986,3,one_per_bay,True,35+35+24,3,94,24,35,0,A40-12L-V4-kv410-direct,MJ-20p5x12ELW,10.27833602744737,2.089119834237954,15.860420093818508,0.2864252014206722,0.504810731573543,0.3,0.09948156916039796,0.10096214631470857,0.033479575803963,0.05096677494236312,0.01690084915437045,11.210394413137683,6.455525168543335,0.7365580832623828,7.884322039711719,True,8.70116792673831,11.311518304759804,11.499025166606346,82.44086159640435,83.59453562726894,10.841598252913478,0.3071035602096981,0.3071035602096985,0.3071035602096981,-3.885780586188048e-16,7.75,0.3071035602096981,0.3071035602096981,0.3071035602096985,-5.630496069386481e-13,155.1930587438525,0.0,125.88930097397306,2122.5307614111475,1870.5981161351983,13.583333333333332,True,ok,2.3630862282493927,0.0,1.134469221012956,True,-30.710356020969808
6.0,0.4323516285650925,2.0,2.4014953207225496,0.33229562928092354,0.4417293178709181,0.3050148481799048,0.1282607993478486,0.1756732282538684,0.9556696060695937,0.19098238996643888,1.276436823486164,1.04,1.04,0.21457711840920024,0.5,0.030000000000000002,1.4271608466955494,1.5328391533044505,37.67429780759359,37.67429780759359,0.0,0.0727054299830781,-0.05820058329849433,-0.0773166942006063,16.46061514813297,37.86446974494153,37.86446974494153,15.711889896953977,0.5463160450064357,3.619721275324546,-0.36594497142542437,3,one_per_bay,True,35+35+24,3,94,24,35,0,A40-12L-V4-kv410-direct,16x12E,10.480378806403381,2.1780946397987337,16.52820742597602,0.2971665317096058,0.4948566181282292,0.3,0.1026847895363338,0.09897132362564584,0.03387616512210608,0.04897661450106161,0.016763844507478885,11.578241223811995,6.773841412212609,0.7092577932127992,6.572893948988307,True,8.482533594094393,11.027293672322712,11.210089047395163,83.34644923746475,85.57132171565623,5.741862614516555,0.29851698779673247,0.2985169877967403,0.29851698779673247,-7.827072323607354e-15,7.75,0.29851698779673247,0.29851698779673247,0.2985169877967403,-1.1341427796907055e-11,142.75111531746532,0.0,93.14365590144008,2122.5307614111475,1903.3051306404586,13.666666666666666,True,ok,2.6359624563812254,0.0,1.1323516285650925,True,-29.851698779673246
6.0,0.43047369175670896,2.0,2.622588231936053,0.30964821750998883,0.4648176924973122,0.2871500917711014,0.15014407953943731,0.0,0.52,0.2000917880831527,1.2321322275923317,1.04,1.04,0.21392481610187186,0.5,0.030000000000000002,1.4602859536227322,1.4997140463772678,36.846537305734515,36.846537305734515,0.0,0.0727054299830781,-0.06355880169049043,-0.08509761313195266,16.93079319792514,34.59931905018356,34.59931905018356,14.142362044980722,0.555759506919024,3.594654634699263,-0.3435239985885773,3,one_per_bay,True,36+36+24,3,96,24,36,0,A40-12L-V4-kv410-direct,18x10E,10.555812309531913,2.175557407689846,16.547483358863527,0.29565611206801706,0.47326250910349615,0.3,0.10487409266395549,0.09465250182069922,0.033088650822730756,0.04479548050458736,0.01565961791121502,11.697577834799509,6.916229954827325,0.6913228610386131,5.919863810036712,True,8.531106480160894,11.090438424209163,11.274280526515685,85.5634803990451,90.27645346246392,7.200675579210294,0.27914046468152237,0.27914046468242343,0.27914046468152237,-9.01057006785777e-13,7.833333333333333,0.27914046468152237,0.27914046468152237,0.27914046468242343,-1.305631602832591e-09,114.6745333235259,0.0,59.15170161214448,2167.6909903773435,1982.224251232422,13.666666666666666,True,"FLAG 18x10E: (11.09 m/s, 2927 rpm) not on the map; used C_T(J) similarity",2.8462605841482964,0.0,1.1304736917567089,True,-27.914046468152236
6.0,0.3914543799707209,2.0,2.2178466475326144,0.3265152836067247,0.4074997255316657,0.1541866514642911,0.0,0.1006772589950577,3.0,0.15951755239623713,0.9023828956314419,1.04,1.04,0.1846542886561994,0.5,0.03,1.3712452197162928,1.5887547802837072,36.08033476879767,36.08033476879767,0.0,0.07270542998307808,-0.05374983138179566,-0.07337119317548674,13.970933023115624,38.29430831969712,38.29430831969712,15.448463360228937,0.5645681539908598,3.767453598769893,-0.3887019986893167,2,one_per_bay,True,27+27+24,3,78,24,27,0,A40-12L-V4-kv410-direct,20x15E,8.556157956418806,1.862211623171107,19.331852272888636,0.2949048603445786,0.4761355862591104,0.3,0.10677442611130947,0.09522711725182208,0.033892735982658934,0.045341019300461353,0.01613753771702856,9.118096636096391,5.4397280226252205,0.676204508418784,6.658861663939425,True,8.141046652387415,10.583360648103639,10.758797109368176,62.92390613805449,64.14121890761399,11.951208379741217,0.21426155308325195,0.21426155308325195,0.21426155308325195,0.0,7.583333333333333,0.21426155308325195,0.21426155308325195,0.21426155308325195,0.0,13.776660278421378,0.0,232.4059886064958,1761.2489296815913,1403.0569741244733,13.416666666666668,True,"FLAG 20x15E: (10.58 m/s, 1918 rpm) not on the map; used C_T(J) similarity; FLAG 20x15E: (10.76 m/s, 1952 rpm) not on the map; used C_T(J) similarity",2.440446115104435,0.0,1.0914543799707208,True,-21.426155308325196
6.0,0.3914543799707209,2.0,2.2178466475326144,0.3265152836067247,0.4074997255316657,0.1541866514642911,0.0,0.1006772589950577,3.0,0.15951755239623713,0.9023828956314419,1.04,1.04,0.1846542886561994,0.5,0.03,1.3712452197162928,1.5887547802837072,36.04360480898371,36.04360480898371,0.0,0.07270542998307808,-0.05374983138179566,-0.07338838442964031,13.960274672502004,38.24636320096919,38.24636320096919,15.424346693235442,0.5649596779099805,3.7674364096685617,-0.388878554651006,2,one_per_bay,True,27+27+24,3,78,24,27,0,A40-12L-V4-kv410-direct,18x12E,8.538746400951855,1.862211623171107,19.331852272888636,0.2949048590219852,0.4761355862591104,0.3,0.10681911984336287,0.09522711725182208,0.033906922833534504,0.045341019300461353,0.01614429258158737,9.09954155025751,5.4297943671549795,0.6758538049435099,6.649272640193837,True,8.13275902650196,10.572586734452548,10.747844600529058,62.95248939962476,64.08930263703851,9.29201175751428,0.21386248153465165,0.21386248153465165,0.21386248153465165,0.0,7.583333333333333,0.21386248153465165,0.21386248153465165,0.21386248153465165,0.0,13.391157162473483,0.0,232.5663329547322,1761.2489296815913,1402.8910190202898,13.416666666666668,True,"FLAG 18x12E: shaft power table 48.4 W vs similarity 41.0 W (15%) at 2369 rpm, 10.57 m/s; FLAG 18x12E: shaft power table 49.4 W vs similarity 41.8 W (15%) at 2410 rpm, 10.75 m/s",2.440446115104435,0.0,1.0914543799707208,True,-21.386248153465164
6.0,0.3914543799707209,2.0,2.2178466475326144,0.3265152836067247,0.4074997255316657,0.1541866514642911,0.0,0.1006772589950577,3.0,0.15951755239623713,0.9023828956314419,1.04,1.04,0.1846542886561994,0.5,0.03,1.3712452197162928,1.5887547802837072,36.026621100867295,36.026621100867295,0.0,0.07270542998307808,-0.05374983138179566,-0.0733963140346446,13.955349986906214,38.22421143457774,38.22421143457774,15.41321367650215,0.5651410156906771,3.7674284556103697,-0.38896025388407235,2,one_per_bay,True,27+27+24,3,78,24,27,0,A40-12L-V4-kv410-direct,17x12E,8.530701400415012,1.862211623171107,19.331852272888636,0.2949048584099773,0.4761355862591104,0.3,0.10683972192817905,0.09522711725182208,0.03391346242402258,0.045341019300461353,0.016147406313338303,9.09096818208151,5.425201646739706,0.6756922182873624,6.644842286915549,True,8.12892687912882,10.567604942867465,10.742780227624532,63.02160312013022,64.34190008247475,8.014714994145253,0.2128931932661965,0.2128931932661965,0.2128931932661965,0.0,7.666666666666667,0.2128931932661965,0.2128931932661965,0.2128931932661965,0.0,12.454824695145799,0.0,228.9615967356326,1761.2489296815909,1406.4916177345995,13.416666666666668,True,ok,2.440446115104435,0.0,1.0914543799707208,True,-21.289319326619648
6.0,0.3914543799707209,2.0,2.2178466475326144,0.3265152836067247,0.4074997255316657,0.1541866514642911,0.0,0.1006772589950577,3.0,0.15951755239623713,0.9023828956314419,1.04,1.04,0.1846542886561994,0.5,0.03,1.3712452197162928,1.5887547802837072,36.01056280519244,36.01056280519244,0.0,0.07270542998307808,-0.05374983138179566,-0.07340380016536625,13.950695773577412,38.20327701623676,38.20327701623676,15.402697972852957,0.5653126472261208,3.7674209315052867,-0.38903753690097054,2,one_per_bay,True,27+27+24,3,78,24,27,0,A40-12L-V4-kv410-direct,16x12E,8.523098245248965,1.862211623171107,19.331852272888636,0.2949048578310445,0.4761355862591104,0.3,0.10685916406790902,0.09522711725182208,0.033919633820421555,0.045341019300461353,0.016150344734780765,9.082865678142669,5.420859491894179,0.6755397721937444,6.640655403247353,True,8.125303538738978,10.562894600360671,10.737991803509427,63.57483060025184,65.07940991066401,6.893785523681743,0.20510523836707095,0.20510523836707165,0.20510523836707095,-6.938893903907228e-16,7.666666666666667,0.20510523836707095,0.20510523836707095,0.20510523836707165,-6.702971511174383e-13,4.931660262590529,0.0,213.6652044512181,1761.2489296815909,1421.7193987745675,13.416666666666668,True,ok,2.440446115104435,0.0,1.0914543799707208,True,-20.510523836707094
6.0,0.3914543799707209,2.0,2.2178466475326144,0.3265152836067247,0.4074997255316657,0.1541866514642911,0.0,0.1006772589950577,3.0,0.15951755239623713,0.9023828956314419,1.04,1.04,0.1846542886561994,0.5,0.03,1.3712452197162928,1.5887547802837072,36.06151049218326,36.06151049218326,0.0,0.07270542998307808,-0.05374983138179566,-0.07338001097315482,13.965469212330394,38.26972966055883,38.26972966055883,15.436096665400068,0.5647687012690993,3.7674447914619584,-0.3887924619830156,2,one_per_bay,True,27+27+24,3,78,24,27,0,A40-12L-V4-kv410-direct,19x12E,8.547232237234226,1.862211623171107,19.331852272888636,0.2949048596669103,0.4761355862591104,0.3,0.10679735546099386,0.09522711725182208,0.033900014302228616,0.045341019300461353,0.01614100318398385,9.108584706736718,5.4346367780405425,0.6760245585392768,6.653945932111767,True,8.136799205264282,10.577838966843567,10.75318389723689,63.734522691345155,64.69199736784708,10.436692368061609,0.20290889974075899,0.20290889974075899,0.20290889974075899,0.0,7.666666666666667,0.20290889974075899,0.20290889974075899,0.20290889974075899,0.0,2.8099971495731695,0.0,215.58974706314905,1761.2489296815909,1419.7618182519236,13.416666666666668,True,"FLAG 19x12E: shaft power table 48.9 W vs similarity 41.0 W (16%) at 2273 rpm, 10.58 m/s; FLAG 19x12E: shaft power table 50.0 W vs similarity 41.7 W (17%) at 2310 rpm, 10.75 m/s",2.440446115104435,0.0,1.0914543799707208,True,-20.2908899740759
6.0,0.3914543799707209,2.0,2.2178466475326144,0.3265152836067247,0.4074997255316657,0.1541866514642911,0.0,0.1006772589950577,3.0,0.15951755239623713,0.9023828956314419,1.04,1.04,0.1846542886561994,0.5,0.03,1.3712452197162928,1.5887547802837072,35.96773700406008,35.96773700406008,0.0,0.07270542998307808,-0.05374983138179566,-0.07342371045257032,13.938293617615473,38.14749626331136,38.14749626331136,15.37470456332,0.5657712018005799,3.76740084908346,-0.38924381128575614,2,one_per_bay,True,27+27+24,3,78,24,27,0,A40-12L-V4-kv410-direct,MJ-20x11EWL,8.502837997273527,1.862211623171107,19.331852272888636,0.2949048562858374,0.4761355862591104,0.3,0.10691083557958726,0.09522711725182208,0.0339360355840921,0.045341019300461353,0.016158154198141723,9.06127480758461,5.409280921221631,0.6751348172795975,6.6294992526622725,True,8.115640467507003,10.550332607759104,10.725221575395368,63.851127862635146,64.61639027131177,11.759861290504544,0.2012872523682683,0.2012872523682683,0.2012872523682683,0.0,7.666666666666667,0.2012872523682683,0.2012872523682683,0.2012872523682683,0.0,1.2434857877471714,0.0,214.80393321719117,1761.2489296815909,1420.5260958617305,13.416666666666668,True,ok,2.440446115104435,0.0,1.0914543799707208,True,-20.12872523682683
6.0,0.40155378392285745,2.0,2.2717020771176584,0.3298026387744024,0.4201579790965225,0.21533670664019455,0.008902565770552756,0.11367908736788737,0.8019241366723606,0.16871602635158947,1.0540350324676826,1.04,1.04,0.19349432156144114,0.5,0.030000000000000002,1.397085012887981,1.562914987112019,35.47929457268007,35.47929457268007,0.0,0.0727054299830781,-0.05505502543676367,-0.07502264801776422,14.672586248075035,36.91844900469754,36.91844900469754,14.88424199180451,0.5738326794463912,3.806315355298741,-0.4628236324235998,2,one_per_bay,True,29+29+24,3,82,24,29,0,A40-12L-V4-kv410-direct,18x12E,8.734165387407915,1.9562285841846747,18.402757372551243,0.30054730652499656,0.4821875521964732,0.3,0.10686345483228409,0.09643751043929463,0.034352151803224956,0.046500967098645304,0.016564179990678704,9.307794975698027,5.555213906792242,0.6755061338533848,6.383689800939509,True,8.025207468330992,10.432769708830289,10.605709879704369,64.21098374507433,65.25864935089949,8.970214145389765,0.2008379966344254,0.2008379966344254,0.2008379966344254,0.0,7.583333333333333,0.2008379966344254,0.2008379966344254,0.2008379966344254,0.0,0.8095047488549179,0.0,293.1456035392217,1851.5693876139792,1432.238709677255,13.333333333333334,True,ok,2.498532432452809,0.0,1.1015537839228573,True,-20.08379966344254
6.0,0.3930954632306047,2.0,2.241182708625071,0.32653105142992855,0.4062812566598752,0.19155843382436055,0.0,0.09198968659264421,3.0,0.15970731878862582,0.9950649158844143,1.04,1.04,0.18738987285131062,0.5,0.03,1.53842960737631,1.42157039262369,35.02035681696341,35.02035681696341,0.0,0.07270542998307808,-0.054315384167075126,-0.07284121410387864,14.218639710327905,41.1596251677099,41.1596251677099,17.002365261191258,0.5293209738084991,3.7834380718125558,-0.45039691634595824,3,one_per_bay,True,28+28+24,3,80,24,28,0,A40-12L-V4-kv410-direct,MJ-20x13E,9.890932397927477,1.8906447003752687,19.041123904906332,0.29889991439606817,0.4772524992541191,0.3,0.10334126568635142,0.09545049985082381,0.03287991821659677,0.04555398960886059,0.015692023144141847,10.540534417990932,6.186412739462264,0.7038201073708408,7.23192503354198,True,8.686983951046582,11.293079136360557,11.480280338921718,74.01536125627555,74.95770754906309,10.694672829552376,0.3739465831539709,0.37394658811116455,0.3739465831539709,-4.957193655563685e-09,7.833333333333333,0.3739465831539709,0.3739465831539709,0.37394658811116455,-7.18297360691178e-06,252.0485989901038,0.0,15.873251271814501,1806.4091586477848,1666.027719651682,13.75,False,"morning depletion (0.373947 -> 0.373947, -0.000 Wh)",2.465113641063991,0.0,1.0930954632306047,True,1000.0000039571937
6.0,0.3914543799707209,2.0,2.2178466475326144,0.3265152836067247,0.4074997255316657,0.1541866514642911,0.0,0.1006772589950577,3.0,0.15951755239623713,0.9023828956314419,1.04,1.04,0.1846542886561994,0.5,0.03,1.4912452197162929,1.468754780283707,35.948284509226966,35.948284509226966,0.0,0.07270542998307808,-0.05374983138179566,-0.07212009012484936,13.998085735480846,41.687621500496576,41.687621500496576,17.223780517084517,0.5272542262038632,3.771425052094182,-0.38240717966155985,3,one_per_bay,True,28+28+24,3,80,24,28,0,A40-12L-V4-kv410-direct,MJ-20x11EWL,9.796837997273526,1.862211623171107,19.331852272888636,0.2949372297757618,0.4761355862591104,0.3,0.10331331833179902,0.09522711725182208,0.032794098261523484,0.045341019300461353,0.015614437201589358,10.440260224544714,6.126731551610862,0.7040505425441275,7.337524300099316,True,8.711316843632257,11.324711896721935,11.512437463870333,73.9573355578007,75.08808193821899,10.768961008187238,0.3744918474985854,0.37449185304510985,0.3744918474985854,-5.54652446194126e-09,7.833333333333333,0.3744918474985854,0.3744918474985854,0.37449185304510985,-8.036913945352886e-06,252.8386870254502,0.0,15.343959024756533,1806.4091586477848,1666.5662037865113,13.75,False,"morning depletion (0.374492 -> 0.374492, -0.000 Wh)",2.440446115104435,0.0,1.0914543799707208,True,1000.0000045465245
6.0,0.3980954632306047,2.0,2.241182708625071,0.32653105142992855,0.4062812566598752,0.19155843382436055,0.0,0.09198968659264421,3.0,0.16173872507192522,0.9950649158844143,1.04,1.04,0.18977338894828197,0.5,0.030000000000000002,1.4464824999371921,1.5135175000628078,36.93303224427142,36.93303224427142,0.0,0.0727054299830781,-0.054315384167075126,-0.07276917051994096,14.384030810867452,40.979928576924564,40.979928576924564,16.93345053789262,0.5318607691048058,3.7934439303359815,-0.418569933066126,3,one_per_bay,True,29+29+24,3,82,24,29,0,A40-12L-V4-kv410-direct,MJ-20p5x12ELW,9.90983673720122,1.9146928626821706,18.801971168143336,0.2978220091235112,0.48027812858160046,0.3,0.10329559783556869,0.09605562571632008,0.03307374427945636,0.04613341615876886,0.015884596007723715,10.560680328482242,6.196867013064544,0.7041967023364692,7.1959857153849125,True,8.640503567179005,11.232654637332708,11.418854205286904,75.94264088875885,76.88870051478237,11.219410189058403,0.3575239107700287,0.3575239193108874,0.3575239107700287,-8.540858686956199e-09,7.833333333333333,0.3575239107700287,0.3575239107700287,0.3575239193108874,-1.2375704237399532e-05,228.2521467057716,0.0,14.492661813733273,1851.5693876139792,1712.3204924969457,13.75,False,"morning depletion (0.357524 -> 0.357524, -0.000 Wh)",2.466439537808769,0.0,1.0980954632306046,True,1000.0000075408586
6.0,0.3914543799707209,2.0,2.2178466475326144,0.3265152836067247,0.4074997255316657,0.1541866514642911,0.0,0.1006772589950577,3.0,0.15951755239623713,0.9023828956314419,1.04,1.04,0.1846542886561994,0.5,0.03,1.4912452197162929,1.468754780283707,36.01410497288383,36.01410497288383,0.0,0.07270542998307808,-0.05374983138179566,-0.07208077896134134,14.020066790367377,41.786727632735946,41.786727632735946,17.277270040869453,0.5266409159111334,3.7715418758014483,-0.3822357140446316,3,one_per_bay,True,28+28+24,3,80,24,28,0,A40-12L-V4-kv410-direct,18x12E,9.832746400951855,1.862211623171107,19.331852272888636,0.294937238869155,0.4761355862591104,0.3,0.10320765971855085,0.09522711725182208,0.032760559711015325,0.045341019300461353,0.015598468304180874,10.478526967217615,6.146042700100139,0.7049225784010393,7.3573455265471885,True,8.727267059937086,11.345447177918212,11.533516466165924,74.05041454090959,75.54174046167697,8.519464968848572,0.3735790267138823,0.3735790736308701,0.3735790267138823,-4.691698779479836e-08,7.833333333333333,0.3735790267138823,0.3735790267138823,0.3735790736308701,-6.798271531466282e-05,251.51600970841548,0.0,9.423812466612244,1806.4091586477848,1672.496039669688,13.75,False,"morning depletion (0.373579 -> 0.373579, -0.000 Wh)",2.440446115104435,0.0,1.0914543799707208,True,1000.0000459169878
6.0,0.3914543799707209,2.0,2.2178466475326144,0.3265152836067247,0.4074997255316657,0.1541866514642911,0.0,0.1006772589950577,3.0,0.15951755239623713,0.9023828956314419,1.04,1.04,0.1846542886561994,0.5,0.03,1.4912452197162929,1.468754780283707,35.944614945701,35.944614945701,0.0,0.07270542998307808,-0.05374983138179566,-0.07212227802427652,13.996861450765577,41.682101565976915,41.682101565976915,17.220803926933254,0.5272884945848765,3.771418532749955,-0.3824167482963764,3,one_per_bay,True,28+28+24,3,80,24,28,0,A40-12L-V4-kv410-direct,MJ-20x13EL,9.794837997273527,1.862211623171107,19.331852272888636,0.29493722926831073,0.4761355862591104,0.3,0.10331919739623263,0.09522711725182208,0.032795964416050656,0.045341019300461353,0.015615325744169201,10.438128871504592,6.125655078029522,0.7040020599498547,7.336420313195383,True,8.710427601461484,11.32355588189993,11.511262286217516,74.24171160699201,75.29212073895131,10.843478091791708,0.371771028616254,0.3717710799240207,0.371771028616254,-5.1307766701924606e-08,7.833333333333333,0.371771028616254,0.371771028616254,0.3717710799240207,-7.434495395108875e-05,248.89622046495202,0.0,9.32811106600736,1806.4091586477848,1672.5677721703953,13.75,False,"morning depletion (0.371771 -> 0.371771, -0.000 Wh)",2.440446115104435,0.0,1.0914543799707208,True,1000.0000503077667
6.0,0.3914543799707209,2.0,2.2178466475326144,0.3265152836067247,0.4074997255316657,0.1541866514642911,0.0,0.1006772589950577,3.0,0.15951755239623713,0.9023828956314419,1.04,1.04,0.1846542886561994,0.5,0.03,1.4912452197162929,1.468754780283707,36.04597726015981,36.04597726015981,0.0,0.07270542998307808,-0.05374983138179566,-0.07206169798106754,14.030725140980996,41.834783022127766,41.834783022127766,17.303238515281592,0.5263448535383601,3.7715983687193875,-0.3821527977162447,3,one_per_bay,True,28+28+24,3,80,24,28,0,A40-12L-V4-kv410-direct,MJ-20x11EW,9.850157956418807,1.862211623171107,19.331852272888636,0.29493724326654824,0.4761355862591104,0.3,0.10315635725530306,0.09522711725182208,0.03274427509207197,0.045341019300461353,0.015590714617593275,10.497082053056499,6.155395510008181,0.7053464778971688,7.366956604425553,True,8.734990643879485,11.35548783704333,11.54372356558957,74.22694148148571,75.31979378020877,10.833688868038458,0.3719101414475154,0.37191019365004596,0.3719101414475154,-5.220253057602875e-08,7.833333333333333,0.3719101414475154,0.3719101414475154,0.37191019365004596,-7.564146680466566e-05,249.09779495744976,0.0,9.249709657911048,1806.4091586477848,1672.6483316175772,13.75,False,"morning depletion (0.371910 -> 0.371910, -0.000 Wh)",2.440446115104435,0.0,1.0914543799707208,True,1000.0000512025306
6.0,0.40491253282233236,2.0,2.2459287851691014,0.32582184437790146,0.40784853176269786,0.23203126683004538,0.0,0.105140869106418,3.0,0.16514298200390345,1.0954375417385127,1.04,1.04,0.19534986101580606,0.5,0.03,1.5265218591734437,1.4334781408265562,35.08156930747796,35.08156930747796,0.0,0.07270542998307808,-0.054430406012363895,-0.07281667694929117,14.763105684963085,40.5529869664339,40.5529869664339,16.78282552468465,0.5361912546518298,3.8176680325173176,-0.40949296012733977,3,one_per_bay,True,30+30+24,3,84,24,30,0,A40-12L-V4-kv410-direct,MJ-21x13EL,10.012091544620416,1.972819111810995,18.24799840212059,0.2985753307434922,0.48699838911504717,0.3,0.10307179071547633,0.09739967782300944,0.033463864027760165,0.04743348620013018,0.016296847875084175,10.669650875812327,6.254023262332894,0.7060459208833039,7.110597393286779,True,8.556066195213935,11.122886053778116,11.30726602845782,78.16816678801942,78.84591705122858,11.469387373147887,0.33825568125106337,0.33825577496094195,0.33825568125106337,-9.370987857915125e-08,7.833333333333333,0.33825568125106337,0.33825568125106337,0.33825577496094195,-0.00013578561406119016,200.3324821327908,0.0,8.712507576425866,1896.7296165801756,1762.9829431103528,13.75,False,"morning depletion (0.338256 -> 0.338256, -0.000 Wh)",2.475246375960523,0.0,1.1049125328223324,True,1000.0000927098786
6.0,0.43384348717333365,2.0,2.5646325030741597,0.30574842444998657,0.43978732062499154,0.22161548904807593,0.0,0.13884871487575587,3.0,0.1907988647945633,1.1283030351450076,1.1908165218601188,1.1908165218601188,0.21191106695034861,0.5,0.03,1.3870791171563273,1.5729208828436727,37.525731262665886,37.525731262665886,0.0,0.07270542998307808,-0.06215423629486154,-0.08348380954860693,16.597076755854594,34.7006449987954,34.7006449987954,14.127527952992772,0.5618981480583669,3.890967333682726,-0.3127405040134207,3,one_per_bay,True,33+33+27,3,93,27,33,0,A40-12L-V4-kv410-direct,20x10E,10.492412901829892,2.1481550410093297,16.758566915675267,0.29743320552380925,0.47555650050467807,0.3,0.10544994410981412,0.09511130010093562,0.03343160426618473,0.045230797034451174,0.015898616731084076,11.181518068274734,6.629233548147551,0.6866984677888226,5.94012899975908,True,8.393831332222861,10.91198073188972,11.092864606931112,85.55431948865672,88.46170872556088,8.887045245602856,0.2765165463298283,0.2765167134371942,0.2765165463298283,-1.6710736588931852e-07,7.833333333333333,0.2765165463298283,0.2765165463298283,0.2765167134371942,-0.00024213857317362253,110.8724756319212,0.0,10.728387010925205,2099.9506469280504,1963.1044074060226,13.75,False,"morning depletion (0.276517 -> 0.276517, -0.000 Wh); FLAG 20x10E: (11.09 m/s, 2725 rpm) not on the map; used C_T(J) similarity",2.78802053633898,0.0,1.1338434871733336,True,1000.0001661073659
6.0,0.3914543799707209,2.0,2.2178466475326144,0.3265152836067247,0.4074997255316657,0.1541866514642911,0.0,0.1006772589950577,3.0,0.15951755239623713,0.9023828956314419,1.04,1.04,0.1846542886561994,0.5,0.03,1.4912452197162929,1.468754780283707,36.02964203028118,36.02964203028118,0.0,0.07270542998307808,-0.05374983138179566,-0.07207148106084428,14.025261330195766,41.81014829882863,41.81014829882863,17.289923642844595,0.5264965169147192,3.771569421131818,-0.38219528494757804,3,one_per_bay,True,28+28+24,3,80,24,28,0,A40-12L-V4-kv410-direct,19x12E,9.841232237234227,1.862211623171107,19.331852272888636,0.2949372410132727,0.4761355862591104,0.3,0.1031826621332519,0.09522711725182208,0.032752624884394406,0.045341019300461353,0.015594690250855858,10.487570123696825,6.150601851264829,0.7051290877396215,7.362029659765726,True,8.731032141683093,11.350341784188021,11.538492208516399,74.37506379232416,75.67977559363759,9.563656151243576,0.3704774759046358,0.3704784191007673,0.3704774759046358,-9.431961314754211e-07,7.833333333333333,0.3704774759046358,0.3704774759046358,0.3704784191007673,-0.0013666911945078852,247.02186258581727,0.0,3.527691799193828,1806.4091586477848,1678.3748269792413,13.75,False,"morning depletion (0.370478 -> 0.370477, -0.001 Wh); FLAG 19x12E: shaft power table 58.9 W vs similarity 48.7 W (17%) at 2419 rpm, 11.35 m/s; FLAG 19x12E: shaft power table 60.0 W vs similarity 49.8 W (17%) at 2461 rpm, 11.54 m/s",2.440446115104435,0.0,1.0914543799707208,True,1000.0009421961315
6.0,0.3980954632306047,2.0,2.241182708625071,0.32653105142992855,0.4062812566598752,0.19155843382436055,0.0,0.09198968659264421,3.0,0.16173872507192522,0.9950649158844143,1.04,1.04,0.18977338894828197,0.5,0.030000000000000002,1.4464824999371921,1.5135175000628078,36.914393009744416,36.914393009744416,0.0,0.0727054299830781,-0.054315384167075126,-0.07278005974192107,14.377874185981169,40.95311871974661,40.95311871974661,16.918987227851538,0.5320329523950911,3.7934116923260106,-0.4186172111165527,3,one_per_bay,True,29+29+24,3,82,24,29,0,A40-12L-V4-kv410-direct,MJ-21x14EL,9.89983673720122,1.9146928626821706,18.801971168143336,0.2978220047034463,0.48027812858160046,0.3,0.10332470161232263,0.09605562571632008,0.03308306288441239,0.04613341615876886,0.015889071529872987,10.550023563281625,6.191485813270703,0.703956672349781,7.190623743949324,True,8.636142907827914,11.226985780176289,11.413091377578786,76.66531574694635,77.22028956162423,11.846390042811214,0.3506445989565246,0.35065142132366744,0.3506445989565246,-6.822367142833574e-06,7.833333333333333,0.3506445989565246,0.3506445989565246,0.35065142132366744,-0.009885609989965849,218.28402388800416,0.0,1.1710631287205804,1851.5693876139792,1725.6098117092772,13.833333333333332,False,"morning depletion (0.350651 -> 0.350645, -0.010 Wh)",2.466439537808769,0.0,1.0980954632306046,True,1000.0068213671428
6.0,0.3914543799707209,2.0,2.2178466475326144,0.3265152836067247,0.4074997255316657,0.1541866514642911,0.0,0.1006772589950577,3.0,0.15951755239623713,0.9023828956314419,1.04,1.04,0.1846542886561994,0.5,0.03,1.4912452197162929,1.468754780283707,36.04597726015981,36.04597726015981,0.0,0.07270542998307808,-0.05374983138179566,-0.07206169798106754,14.030725140980996,41.834783022127766,41.834783022127766,17.303238515281592,0.5263448535383601,3.7715983687193875,-0.3821527977162447,3,one_per_bay,True,28+28+24,3,80,24,28,0,A40-12L-V4-kv410-direct,20x13E,9.850157956418807,1.862211623171107,19.331852272888636,0.29493724326654824,0.4761355862591104,0.3,0.10315635725530306,0.09522711725182208,0.03274427509207197,0.045341019300461353,0.015590714617593275,10.497082053056499,6.155395510008181,0.7053464778971688,7.366956604425553,True,8.734990643879485,11.35548783704333,11.54372356558957,74.85588204556652,75.74334153884014,10.728407999789653,0.36339574422937876,0.36594524444163773,0.36339574422937876,-0.0025495002122589705,7.833333333333333,0.36339574422937876,0.36339574422937876,0.36594524444163773,-3.694225807563248,236.76043338836982,0.0,0.0,1806.4091586477848,1685.5636739418762,13.833333333333332,False,"morning depletion (0.365945 -> 0.363396, -3.694 Wh); FLAG 20x13E: shaft power table 59.8 W vs similarity 50.6 W (15%) at 2261 rpm, 11.54 m/s",2.440446115104435,0.0,1.0914543799707208,True,1002.549499212259
6.0,0.40491253282233236,2.0,2.2459287851691014,0.32582184437790146,0.40784853176269786,0.23203126683004538,0.0,0.105140869106418,3.0,0.16514298200390345,1.0954375417385127,1.04,1.04,0.19534986101580606,0.5,0.03,1.5265218591734437,1.4334781408265562,35.15507462393244,35.15507462393244,0.0,0.07270542998307808,-0.054430406012363895,-0.07277081243257409,14.7891222590222,40.66356884313161,40.66356884313161,16.842781061717364,0.535468018581936,3.8178017015051404,-0.4092970531847955,3,one_per_bay,True,30+30+24,3,84,24,30,0,A40-12L-V4-kv410-direct,MJ-20p5x12EW,10.054091544620416,1.972819111810995,18.24799840212059,0.29857535514458133,0.48699838911504717,0.3,0.10294908973330977,0.09739967782300944,0.033424027240654866,0.04743348620013018,0.016277447423936376,10.714409289654931,6.276519182973607,0.7070623027362115,7.132713768626321,True,8.573993453478021,11.146191489521428,11.330957789803268,78.66266890183537,79.5969492221498,11.102668444987465,0.32961129260246647,0.3335542715802256,0.32961129260246647,-0.003942978977759137,7.833333333333333,0.32961129260246647,0.32961129260246647,0.3335542715802256,-5.71337653877299,187.8067629809739,0.0,0.0,1896.7296165801756,1777.4025702339043,13.833333333333332,False,"morning depletion (0.333554 -> 0.329611, -5.713 Wh)",2.475246375960523,0.0,1.1049125328223324,True,1003.9429779777591
6.0,0.40655378392285746,2.0,2.2717020771176584,0.3298026387744024,0.4201579790965225,0.21533670664019455,0.008902565770552756,0.11367908736788737,0.8019241366723606,0.17081681624707207,1.0540350324676826,1.04,1.04,0.19590364167382004,0.5,0.029999999999999995,1.3038093507909787,1.6561906492090213,37.27955345878423,37.27955345878423,0.0,0.07270542998307807,-0.05505502543676365,-0.07488932556522339,14.873127992718189,36.909116713706595,36.909116713706595,14.898207161805779,0.5752168264788934,3.816640223888303,-0.4254893442134518,2,one_per_bay,True,30+30+24,3,84,24,30,0,A40-12L-V4-kv410-direct,20x15E,8.807064281774728,1.9805868228877679,18.1764311384798,0.29921722091525876,0.4851802759536895,0.3,0.106691526521276,0.09703605519073791,0.034509749519675385,0.04707998003489966,0.01674344979504881,9.385481615763213,5.597072087852896,0.6768555895737258,6.38182334274132,True,8.00892088695413,10.411597153040368,10.58418635427567,64.72290513987755,65.86933087975387,11.431932779859752,0.19594518090835034,0.19594518090835034,0.19594518090835034,0.0,7.583333333333333,0.19594518090835034,0.19594518090835034,0.19594518090835034,0.0,-3.9169552425335863,0.0,324.78508569298305,1896.7296165801756,1445.578264582406,13.333333333333334,False,"SOC floor violated (min 0.196, unmet 0 Wh); FLAG 20x15E: (10.41 m/s, 1920 rpm) not on the map; used C_T(J) similarity; FLAG 20x15E: (10.58 m/s, 1954 rpm) not on the map; used C_T(J) similarity",2.4998511914630823,0.0,1.1065537839228574,True,1004.0548190916496
6.0,0.3914543799707209,2.0,2.2178466475326144,0.3265152836067247,0.4074997255316657,0.1541866514642911,0.0,0.1006772589950577,3.0,0.15951755239623713,0.9023828956314419,1.04,1.04,0.1846542886561994,0.5,0.03,1.3712452197162928,1.5887547802837072,36.08033476879767,36.08033476879767,0.0,0.07270542998307808,-0.05374983138179566,-0.07337119317548674,13.970933023115624,38.29430831969712,38.29430831969712,15.448463360228937,0.5645681539908598,3.767453598769893,-0.3887019986893167,2,one_per_bay,True,27+27+24,3,78,24,27,0,A40-12L-V4-kv410-direct,MJ-20x11EW,8.556157956418806,1.862211623171107,19.331852272888636,0.2949048603445786,0.4761355862591104,0.3,0.10677442611130947,0.09522711725182208,0.033892735982658934,0.045341019300461353,0.01613753771702856,9.118096636096391,5.4397280226252205,0.676204508418784,6.658861663939425,True,8.141046652387415,10.583360648103639,10.758797109368176,64.2456113870995,64.97868002054858,11.827655941093342,0.1957476216650781,0.1957476216650781,0.1957476216650781,0.0,7.666666666666667,0.1957476216650781,0.1957476216650781,0.1957476216650781,0.0,-4.107797471534579,0.0,205.62964936465107,1761.2489296815909,1429.6529829943909,13.416666666666668,False,"SOC floor violated (min 0.196, unmet 0 Wh)",2.440446115104435,0.0,1.0914543799707208,True,1004.2523783349219
6.0,0.40655378392285746,2.0,2.2717020771176584,0.3298026387744024,0.4201579790965225,0.21533670664019455,0.008902565770552756,0.11367908736788737,0.8019241366723606,0.17081681624707207,1.0540350324676826,1.04,1.04,0.19590364167382004,0.5,0.029999999999999995,1.3038093507909787,1.6561906492090213,37.24268441113193,37.24268441113193,0.0,0.07270542998307807,-0.05505502543676365,-0.0749063381561544,14.862338403826442,36.86423958285507,36.86423958285507,14.87555935851216,0.5756091199778488,3.816577033420844,-0.42558192920174487,2,one_per_bay,True,30+30+24,3,84,24,30,0,A40-12L-V4-kv410-direct,18x12E,8.789652726307777,1.9805868228877679,18.1764311384798,0.2992172080073325,0.4851802759536895,0.3,0.10673553268387759,0.09703605519073791,0.03452398346775185,0.04707998003489966,0.016750355825904457,9.36692652992433,5.587158571072534,0.6765098772069067,6.372847916571014,True,8.00100015672996,10.40130020374895,10.573718716258277,64.74012747715331,65.79769423516746,8.886333153688007,0.1957061770240338,0.1957061770240338,0.1957061770240338,0.0,7.583333333333333,0.1957061770240338,0.1957061770240338,0.1957061770240338,0.0,-4.147832994783348,0.0,325.31555861940075,1896.7296165801756,1445.0437715371565,13.333333333333334,False,"SOC floor violated (min 0.196, unmet 0 Wh)",2.4998511914630823,0.0,1.1065537839228574,True,1004.2938229759662
6.0,0.40655378392285746,2.0,2.2717020771176584,0.3298026387744024,0.4201579790965225,0.21533670664019455,0.008902565770552756,0.11367908736788737,0.804139938953941,0.17081681624707207,1.055996690701082,1.045,1.045,0.1959466476515721,0.5,0.03,1.304551478461553,1.655448521538447,37.232764246567356,37.232764246567356,0.0,0.07270542998307808,-0.05505502543676365,-0.07490544072922627,14.864902154233816,36.86195492609559,36.86195492609559,14.874841997736414,0.575635138943751,3.8167689119417454,-0.42784654418322465,2,one_per_bay,True,30+30+24,3,84,24,30,0,A40-12L-V4-kv410-direct,18x12E,8.790404640414868,1.9810492582513257,18.172188223011293,0.29933871720521243,0.4852369135673139,0.3,0.10673354675053463,0.09704738271346276,0.03452737119954802,0.047090972457666566,0.016753955034461646,9.367727827133358,5.5875845442885765,0.676525474090357,6.37239098521912,True,8.000408444444792,10.40053097777823,10.572936739112702,64.74464040191711,65.80218676847869,8.884962135591207,0.19564354856536237,0.19564354856536237,0.19564354856536242,5.551115123125783e-17,7.583333333333333,0.19564354856536237,0.19564354856536242,0.19564354856536237,5.362377208939506e-14,-4.208332085859963,0.0,325.20664894833874,1896.7296165801756,1445.1518642226724,13.333333333333334,False,"SOC floor violated (min 0.196, unmet 0 Wh)",2.499897435316361,0.0,1.1065537839228574,True,1004.3564514346376
6.0,0.40655378392285746,2.0,2.2717020771176584,0.3298026387744024,0.4201579790965225,0.21533670664019455,0.008902565770552756,0.11367908736788737,0.8019241366723606,0.17081681624707207,1.0540350324676826,1.04,1.04,0.19590364167382004,0.5,0.029999999999999995,1.4238093507909788,1.5361906492090212,37.24015872733744,37.24015872733744,0.0,0.07270542998307807,-0.05505502543676365,-0.07365384609924164,14.86109097737346,40.09303167252046,40.09303167252046,16.56791437039685,0.5373933378229462,3.8208621032187655,-0.41997212498420056,3,one_per_bay,True,30+30+24,3,84,24,30,0,A40-12L-V4-kv410-direct,16x12E,10.052004570604888,1.9805868228877679,18.1764311384798,0.2992511498928281,0.4851802759536895,0.3,0.10328733114348806,0.09703605519073791,0.0334086505511451,0.04707998003489966,0.01620921829364496,10.712185250448604,6.28551656151273,0.7042648994103535,7.018606334504092,True,8.556275489448186,11.123158136282642,11.307542621173546,78.21716059215674,80.25167330802878,6.059235437433661,0.33331906340564654,0.3376768221866868,0.33331906340564654,-0.004357758781040277,7.833333333333333,0.33331906340564654,0.33331906340564654,0.3376768221866868,-6.314392473727362,193.17932287478183,0.0,0.0,1896.7296165801756,1778.0656095494496,13.75,False,"morning depletion (0.337677 -> 0.333319, -6.314 Wh)",2.4998511914630823,0.0,1.1065537839228574,True,1004.3577577810403
6.0,0.40655378392285746,2.0,2.2717020771176584,0.3298026387744024,0.4201579790965225,0.21533670664019455,0.008902565770552756,0.11367908736788737,0.8019241366723606,0.17081681624707207,1.0540350324676826,1.04,1.04,0.19590364167382004,0.5,0.029999999999999995,1.3038093507909787,1.6561906492090213,37.22563675206484,37.22563675206484,0.0,0.07270542998307807,-0.05505502543676365,-0.074914185605051,14.857353079649565,36.84350530113438,36.84350530113438,14.865104091376855,0.5757908006295984,3.8165477940046553,-0.42562477001443466,2,one_per_bay,True,30+30+24,3,84,24,30,0,A40-12L-V4-kv410-direct,17x12E,8.781607725770934,1.9805868228877679,18.1764311384798,0.29921720203457264,0.4851802759536895,0.3,0.1067558208109705,0.09703605519073791,0.034530545733819536,0.04707998003489966,0.01675353970796606,9.35835316174833,5.5825752400701925,0.6763505656988982,6.3687010602268765,True,7.99733773751866,10.396539058774259,10.568878647541528,64.93554351405088,66.19518369760522,7.660420257819567,0.19299424558898556,0.19299424558898556,0.19299424558898556,0.0,7.583333333333333,0.19299424558898556,0.19299424558898556,0.19299424558898556,0.0,-6.767558761039957,0.0,318.4490579927047,1896.7296165801756,1451.8892062951284,13.333333333333334,False,"SOC floor violated (min 0.193, unmet 0 Wh)",2.4998511914630823,0.0,1.1065537839228574,True,1007.0057544110144
6.0,0.41155378392285746,2.0,2.2717020771176584,0.3298026387744024,0.4201579790965225,0.21533670664019455,0.008902565770552756,0.11367908736788737,0.8019241366723606,0.1729176061425547,1.0540350324676826,1.04,1.04,0.198312961786199,0.5,0.03,1.3298843364347692,1.6301156635652307,36.651635777718795,36.651635777718795,0.0,0.07270542998307808,-0.05505502543676365,-0.07483543447559149,15.10429665991851,36.82326543613985,36.82326543613985,14.876936623284871,0.5777718446587181,3.826890477476079,-0.3917122175511813,2,one_per_bay,True,32+32+24,3,88,24,32,0,A40-12L-V4-kv410-direct,18x12E,8.86118452843306,2.0049450615908615,17.9556042156263,0.2980576465475818,0.4881546526007616,0.3,0.10656152357427928,0.09763093052015231,0.034679002347340115,0.04765899297115404,0.016928716343406806,9.443156291886956,5.628034628605619,0.6778781430892791,6.36465308722797,True,7.984542099028068,10.379904728736488,10.55196857635741,65.24511060560111,66.31456597340161,8.795277224751143,0.19284606686872457,0.19284606686872457,0.19284606686872457,0.0,7.5,0.19284606686872457,0.19284606686872457,0.19284606686872457,0.0,-6.910699404812071,0.0,403.0202199105088,1987.0500745125655,1457.3792997382727,13.25,False,"SOC floor violated (min 0.193, unmet 0 Wh)",2.5011607769182835,0.0,1.1115537839228575,True,1007.1539331312754
6.0,0.3914543799707209,2.0,2.2178466475326144,0.3265152836067247,0.4074997255316657,0.1541866514642911,0.0,0.1006772589950577,3.0,0.15951755239623713,0.9023828956314419,1.04,1.04,0.1846542886561994,0.5,0.03,1.3712452197162928,1.5887547802837072,35.96350666916396,35.96350666916396,0.0,0.07270542998307808,-0.05374983138179566,-0.07342567287807389,13.937069332900204,38.14199012011447,38.14199012011447,15.371943392057176,0.565816563564902,3.767398864043277,-0.3892642004073996,2,one_per_bay,True,27+27+24,3,78,24,27,0,A40-12L-V4-kv410-direct,MJ-20x13EL,8.500837997273527,1.862211623171107,19.331852272888636,0.29490485613309847,0.4761355862591104,0.3,0.10691592552525389,0.09522711725182208,0.03393765125360143,0.045341019300461353,0.016158923475890753,9.059143454544483,5.408137308162387,0.6750949427396582,6.628398024022895,True,8.114685948820709,10.549091733466922,10.723960131588273,64.46396274732251,65.13202825978013,11.821146358340979,0.19274296362081744,0.19274296362081744,0.19274296362081744,0.0,7.666666666666667,0.19274296362081744,0.19274296362081744,0.19274296362081744,0.0,-7.010297142290361,0.0,201.10367431467026,1761.2489296815909,1434.1497938165408,13.5,False,"SOC floor violated (min 0.193, unmet 0 Wh)",2.440446115104435,0.0,1.0914543799707208,True,1007.2570363791825
6.0,0.3914543799707209,2.0,2.2178466475326144,0.3265152836067247,0.4074997255316657,0.1541866514642911,0.0,0.1006772589950577,3.0,0.15951755239623713,0.9023828956314419,1.04,1.04,0.1846542886561994,0.5,0.03,1.3712452197162928,1.5887547802837072,36.05856916286642,36.05856916286642,0.0,0.07270542998307808,-0.05374983138179566,-0.07338138740477136,13.964615738993743,38.26589044394651,38.26589044394651,15.434165635991338,0.564800058157965,3.767443414887913,-0.388806601311658,2,one_per_bay,True,27+27+24,3,78,24,27,0,A40-12L-V4-kv410-direct,MJ-20x13E,8.545837997273527,1.862211623171107,19.331852272888636,0.29490485956098805,0.4761355862591104,0.3,0.10680093372892101,0.09522711725182208,0.03390115012936014,0.045341019300461353,0.016141543991701004,9.107098897947271,5.433841298985311,0.6759964814665982,6.653178088789303,True,8.136135533506748,10.576976193558773,10.752306822077955,64.51030213636604,65.05455058138152,11.76838589040159,0.192091871486658,0.192091871486658,0.192091871486658,0.0,7.666666666666667,0.192091871486658,0.192091871486658,0.192091871486658,0.0,-7.639252143888394,0.0,201.28250228043126,1761.2489296815909,1433.961859945455,13.5,False,"SOC floor violated (min 0.192, unmet 0 Wh)",2.440446115104435,0.0,1.0914543799707208,True,1007.908128513342
6.0,0.3914543799707209,2.0,2.2178466475326144,0.3265152836067247,0.4074997255316657,0.1541866514642911,0.0,0.1006772589950577,3.0,0.15951755239623713,0.9023828956314419,1.04,1.04,0.1846542886561994,0.5,0.03,1.4912452197162929,1.468754780283707,35.999368867113226,35.999368867113226,0.0,0.07270542998307808,-0.05374983138179566,-0.07208959107219474,14.015142104771586,41.764523659038,41.764523659038,17.26527837189677,0.5267780028591968,3.771515739479212,-0.3822740750990383,3,one_per_bay,True,28+28+24,3,80,24,28,0,A40-12L-V4-kv410-direct,17x12E,9.824701400415012,1.862211623171107,19.331852272888636,0.2949372368347293,0.4761355862591104,0.3,0.10323134874652452,0.09522711725182208,0.03276807917049676,0.045341019300461353,0.015602048586429417,10.469953599041613,6.141718829645954,0.7047269485055807,7.3529047318076,True,8.723696072109389,11.340804893742206,11.528797228559426,74.82543346127528,76.56940527026431,7.350965813527155,0.3581691034048827,0.3661992962215495,0.3581691034048827,-0.008030192816666781,7.833333333333333,0.3581691034048827,0.3581691034048827,0.3661992962215495,-11.635749391350165,229.18703083367507,0.0,0.0,1806.4091586477848,1693.5407831286677,13.833333333333332,False,"morning depletion (0.366199 -> 0.358169, -11.636 Wh)",2.440446115104435,0.0,1.0914543799707208,True,1008.0301918166667
6.0,0.3914543799707209,2.0,2.2178466475326144,0.3265152836067247,0.4074997255316657,0.1541866514642911,0.0,0.1006772589950577,3.0,0.15951755239623713,0.9023828956314419,1.04,1.04,0.1846542886561994,0.5,0.03,1.4912452197162929,1.468754780283707,35.96112503276259,35.96112503276259,0.0,0.07270542998307808,-0.05374983138179566,-0.07211243111136967,14.002370731984286,41.706941278834165,41.706941278834165,17.2342007743974,0.5271343773950796,3.771447859322709,-0.3823737048161205,3,one_per_bay,True,28+28+24,3,80,24,28,0,A40-12L-V4-kv410-direct,MJ-20p5x12ELW,9.803837997273527,1.862211623171107,19.331852272888636,0.29493723155102985,0.4761355862591104,0.3,0.10329273670155749,0.09522711725182208,0.03278756516380267,0.045341019300461353,0.01561132656127597,10.447719960185148,6.130498464014495,0.7042203046803417,7.341388255766834,True,8.71442847664852,11.328757019643076,11.516549641300365,75.24370600644693,76.195023819925,11.42636744548239,0.35278388413262635,0.3622119552893897,0.35278388413262635,-0.009428071156763362,7.833333333333333,0.35278388413262635,0.35278388413262635,0.3622119552893897,-13.661275106150113,221.38384810817556,0.0,0.0,1806.4091586477848,1695.5206752584113,13.833333333333332,False,"morning depletion (0.362212 -> 0.352784, -13.661 Wh)",2.440446115104435,0.0,1.0914543799707208,True,1009.4280701567634
6.0,0.3930954632306047,2.0,2.241182708625071,0.32653105142992855,0.4062812566598752,0.19155843382436055,0.0,0.09198968659264421,3.0,0.15970731878862582,0.9950649158844143,1.04,1.04,0.18738987285131062,0.5,0.03,1.4184296073763099,1.5415703926236901,35.20612959977087,35.20612959977087,0.0,0.07270542998307808,-0.054315384167075126,-0.07414276254301437,14.15878077781982,37.69927187738068,37.69927187738068,15.195130609924442,0.5675943117587974,3.778960900442016,-0.456393820336614,2,one_per_bay,True,27+27+24,3,78,24,27,0,A40-12L-V4-kv410-direct,MJ-20x13E,8.596932397927477,1.8906447003752687,19.041123904906332,0.2988711579998731,0.4772524992541191,0.3,0.10690061921960499,0.09545049985082381,0.034012391796246266,0.04555398960886059,0.016232498990368827,9.16154900103082,5.46887997249683,0.675214860648714,6.5398543754761365,True,8.09882767441373,10.52847597673785,10.70300263507284,64.78041636340095,65.30883558131956,11.65040767339371,0.18829655870311665,0.18829655870311665,0.18829655870311665,0.0,7.666666666666667,0.18829655870311665,0.18829655870311665,0.18829655870311665,0.0,-11.305524292789325,0.0,194.93222198296615,1761.2489296815909,1440.2783945097724,13.5,False,"SOC floor violated (min 0.188, unmet 0 Wh)",2.465113641063991,0.0,1.0930954632306047,True,1011.7034412968834
6.0,0.3980954632306047,2.0,2.241182708625071,0.32653105142992855,0.4062812566598752,0.19155843382436055,0.0,0.09198968659264421,3.0,0.16173872507192522,0.9950649158844143,1.04,1.04,0.18977338894828197,0.5,0.030000000000000002,1.4464824999371921,1.5135175000628078,36.91625735669475,36.91625735669475,0.0,0.0727054299830781,-0.054315384167075126,-0.07277897101673554,14.378489848469798,40.95579970341858,40.95579970341858,16.9204332574703,0.5320157212179276,3.7934149175920524,-0.4186124811629681,3,one_per_bay,True,29+29+24,3,82,24,29,0,A40-12L-V4-kv410-direct,MJ-21x13EL,9.90083673720122,1.9146928626821706,18.801971168143336,0.2978220051456531,0.48027812858160046,0.3,0.103321791919331,0.09605562571632008,0.03308213124314254,0.04613341615876886,0.015888624082947396,10.551089239801687,6.192024038572673,0.7039806651386684,7.191159940683715,True,8.636579072840535,11.227552794692695,11.413667791285445,77.47943665332619,78.16839661665321,11.694938182315,0.3291886900995637,0.3428269987556028,0.3291886900995637,-0.0136383086560391,7.833333333333333,0.3291886900995637,0.3291886900995637,0.3428269987556028,-19.761909242600655,187.1944119542678,0.0,0.0,1851.5693876139792,1746.5109059736596,13.833333333333332,False,"morning depletion (0.342827 -> 0.329189, -19.762 Wh)",2.466439537808769,0.0,1.0980954632306046,True,1013.638307656039
6.0,0.40655378392285746,2.0,2.2717020771176584,0.3298026387744024,0.4201579790965225,0.21533670664019455,0.008902565770552756,0.11367908736788737,0.8019241366723606,0.17081681624707207,1.0540350324676826,1.04,1.04,0.19590364167382004,0.5,0.029999999999999995,1.3038093507909787,1.6561906492090213,37.260657765221914,37.260657765221914,0.0,0.07270542998307807,-0.05505502543676365,-0.07489805162939737,14.867596905001896,36.88611083158023,36.88611083158023,14.886593798568432,0.5754177729548505,3.8166078460590422,-0.4255367833458973,2,one_per_bay,True,30+30+24,3,84,24,30,0,A40-12L-V4-kv410-direct,19x12E,8.798138562590148,1.9805868228877679,18.1764311384798,0.29921721430144416,0.4851802759536895,0.3,0.10671410203777633,0.09703605519073791,0.034517051649892334,0.04707998003489966,0.016746992644602516,9.375969686403542,5.5919911361444115,0.6766782096275143,6.377222166316046,True,8.004861446837392,10.40631988088861,10.578821602732228,65.45640080744504,66.32793406103613,9.985762353494264,0.18576562176305034,0.18576562176305034,0.18576562176305034,0.0,7.583333333333333,0.18576562176305034,0.18576562176305034,0.18576562176305034,0.0,-13.750409376893385,0.0,309.9995886335788,1896.7296165801756,1460.2499740836504,13.333333333333334,False,"SOC floor violated (min 0.186, unmet 0 Wh); FLAG 19x12E: shaft power table 50.3 W vs similarity 42.5 W (16%) at 2276 rpm, 10.41 m/s; FLAG 19x12E: shaft power table 51.3 W vs similarity 43.1 W (16%) at 2313 rpm, 10.58 m/s",2.4998511914630823,0.0,1.1065537839228574,True,1014.2343782369496
6.0,0.3980954632306047,2.0,2.241182708625071,0.32653105142992855,0.4062812566598752,0.19155843382436055,0.0,0.09198968659264421,3.0,0.16173872507192522,0.9950649158844143,1.04,1.04,0.18977338894828197,0.5,0.030000000000000002,1.326482499937192,1.633517500062808,36.913040956047475,36.913040956047475,0.0,0.0727054299830781,-0.054315384167075126,-0.07405507322452073,14.370388350979972,37.56259933325275,37.56259933325275,15.145739234328923,0.5708400804536577,3.789001858434169,-0.4242090908944045,2,one_per_bay,True,29+29+24,3,82,24,29,0,A40-12L-V4-kv410-direct,MJ-20x13EL,8.622836737201219,1.9146928626821706,18.801971168143336,0.29777810965851725,0.48027812858160046,0.3,0.10684631339650973,0.09605562571632008,0.03421063162927925,0.04613341615876886,0.016430618136504746,9.189154647162567,5.483965375379708,0.67564052982853,6.51251986665055,True,8.059922867780111,10.477899728114146,10.651588002652382,65.29853911068673,65.91716237679341,11.580109861387799,0.18574163972173274,0.18574163972173308,0.18574163972173274,-3.3306690738754696e-16,7.583333333333333,0.18574163972173274,0.18574163972173274,0.18574163972173308,-3.2174263253637037e-13,-13.77357602880618,0.0,271.51188322390317,1851.5693876139792,1453.7120348894439,13.416666666666668,False,"SOC floor violated (min 0.186, unmet 0 Wh)",2.466439537808769,0.0,1.0980954632306046,True,1014.2583602782672
6.0,0.3980954632306047,2.0,2.241182708625071,0.32653105142992855,0.4062812566598752,0.19155843382436055,0.0,0.09198968659264421,3.0,0.16173872507192522,0.9950649158844143,1.04,1.04,0.18977338894828197,0.5,0.030000000000000002,1.326482499937192,1.633517500062808,37.009234665354626,37.009234665354626,0.0,0.0727054299830781,-0.054315384167075126,-0.07401090896528029,14.398093162968252,37.68295876625041,37.68295876625041,15.206327395291009,0.5698229517617724,3.789168064584431,-0.42396534346851705,2,one_per_bay,True,29+29+24,3,82,24,29,0,A40-12L-V4-kv410-direct,MJ-20x13E,8.667836737201219,1.9146928626821706,18.801971168143336,0.297778132401799,0.48027812858160046,0.3,0.10673176969838194,0.09605562571632008,0.03417395640729416,0.04613341615876886,0.016413003829524434,9.237110090565354,5.509628894229891,0.6765394308569801,6.5365917532500815,True,8.08092666094645,10.505204659230385,10.679345557528634,65.40420439675592,65.8817076093672,11.52903877994357,0.18426600600824597,0.18426600600824675,0.18426600600824597,-7.771561172376096e-16,7.583333333333333,0.18426600600824597,0.18426600600824597,0.18426600600824675,-7.507328092515309e-13,-15.199038196034405,0.0,270.45202197589265,1851.5693876139792,1454.7544811889422,13.416666666666668,False,"SOC floor violated (min 0.184, unmet 0 Wh)",2.466439537808769,0.0,1.0980954632306046,True,1015.733993991754
6.0,0.3980954632306047,2.0,2.241182708625071,0.32653105142992855,0.4062812566598752,0.19155843382436055,0.0,0.09198968659264421,3.0,0.16173872507192522,0.9970860197998532,1.045,1.045,0.1898180377788625,0.5,0.03,1.327322739352578,1.632677260647422,36.99649141440502,36.99649141440502,0.0,0.07270542998307808,-0.054315384167075126,-0.07401005090916184,14.400730960288039,37.680381370067714,37.680381370067714,15.205496861217968,0.5698507835675288,3.7893666035365827,-0.425693066312276,2,one_per_bay,True,29+29+24,3,82,24,29,0,A40-12L-V4-kv410-direct,MJ-20x13E,8.668612331489404,1.9151705642111034,18.797281387221567,0.29787342490349056,0.4803380377431039,0.3,0.10672977962770583,0.09606760754862077,0.03417758194341741,0.046144926100579096,0.01641679264550526,9.237936623187363,5.510070523626345,0.6765550610607423,6.536076274013542,True,8.080280269931952,10.504364350911539,10.678491319729096,65.40944133413376,65.88600957107113,11.527182068579961,0.18419287076069718,0.18419287076069718,0.18419287076069718,0.0,7.583333333333333,0.18419287076069718,0.18419287076069718,0.18419287076069718,0.0,-15.269686845166534,0.0,270.33551136160685,1851.5693876139792,1454.870272526795,13.416666666666668,False,"SOC floor violated (min 0.184, unmet 0 Wh)",2.466488202980697,0.0,1.0980954632306046,True,1015.8071292393029
6.0,0.3914543799707209,2.0,2.2178466475326144,0.3265152836067247,0.4074997255316657,0.1541866514642911,0.0,0.1006772589950577,3.0,0.15951755239623713,0.9023828956314419,1.04,1.04,0.1846542886561994,0.5,0.03,1.4912452197162929,1.468754780283707,35.94278002344705,35.94278002344705,0.0,0.07270542998307808,-0.05374983138179566,-0.0721233719085849,13.996249308407943,41.6793415991879,41.6793415991879,17.219315736040627,0.5273056330896847,3.77141527257863,-0.3824215333463517,3,one_per_bay,True,28+28+24,3,80,24,28,0,A40-12L-V4-kv410-direct,MJ-21x14EL,9.793837997273526,1.862211623171107,19.331852272888636,0.2949372290145395,0.4761355862591104,0.3,0.10332213669663132,0.09522711725182208,0.032796897419729666,0.045341019300461353,0.01561576998042289,10.437063194984532,6.125116805818218,0.7039778221160482,7.335868319837582,True,8.70998294633104,11.322977830230354,11.510674652398873,75.83330660105018,76.396204996023,12.066611299169628,0.34005642030230737,0.3565492231909423,0.34005642030230737,-0.016492802888634917,7.833333333333333,0.34005642030230737,0.34005642030230737,0.3565492231909423,-23.898071385631994,202.94175301804336,0.0,0.0,1806.4091586477848,1705.7221587740846,13.833333333333332,False,"morning depletion (0.356549 -> 0.340056, -23.898 Wh)",2.440446115104435,0.0,1.0914543799707208,True,1016.492801888635
6.0,0.40655378392285746,2.0,2.2717020771176584,0.3298026387744024,0.4201579790965225,0.21533670664019455,0.008902565770552756,0.11367908736788737,0.8019241366723606,0.17081681624707207,1.0540350324676826,1.04,1.04,0.19590364167382004,0.5,0.029999999999999995,1.3038093507909787,1.6561906492090213,37.20951820120195,37.20951820120195,0.0,0.07270542998307807,-0.05505502543676365,-0.07492159432497729,14.852641558115632,36.82391047094421,36.82391047094421,14.855228370982683,0.5759627487716937,3.8165201358369854,-0.4256652940234946,2,one_per_bay,True,30+30+24,3,84,24,30,0,A40-12L-V4-kv410-direct,16x12E,8.774004570604887,1.9805868228877679,18.1764311384798,0.29921719638479216,0.4851802759536895,0.3,0.1067749683886287,0.09703605519073791,0.034536739085160896,0.04707998003489966,0.01675654459987894,9.350250657809484,5.578242007145138,0.6762002519490553,6.364782094188842,True,7.993874922471374,10.392037399212786,10.564302365631868,65.62251580843613,67.06426860285559,6.584774308389065,0.18341176655694175,0.18341176655694238,0.18341176655694175,-6.38378239159465e-16,7.583333333333333,0.18341176655694175,0.18341176655694175,0.18341176655694238,-6.166733790280432e-13,-16.02423350599428,0.0,299.92634026462,1896.7296165801756,1470.319075876279,13.333333333333334,False,"SOC floor violated (min 0.183, unmet 0 Wh)",2.4998511914630823,0.0,1.1065537839228574,True,1016.5882334430582
6.0,0.3914543799707209,2.0,2.2178466475326144,0.3265152836067247,0.4074997255316657,0.1541866514642911,0.0,0.1006772589950577,3.0,0.15951755239623713,0.9023828956314419,1.04,1.04,0.1846542886561994,0.5,0.03,1.4912452197162929,1.468754780283707,36.04597726015981,36.04597726015981,0.0,0.07270542998307808,-0.05374983138179566,-0.07206169798106754,14.030725140980996,41.834783022127766,41.834783022127766,17.303238515281592,0.5263448535383601,3.7715983687193875,-0.3821527977162447,3,one_per_bay,True,28+28+24,3,80,24,28,0,A40-12L-V4-kv410-direct,20x15E,9.850157956418807,1.862211623171107,19.331852272888636,0.29493724326654824,0.4761355862591104,0.3,0.10315635725530306,0.09522711725182208,0.03274427509207197,0.045341019300461353,0.015590714617593275,10.497082053056499,6.155395510008181,0.7053464778971688,7.366956604425553,True,8.734990643879485,11.35548783704333,11.54372356558957,75.82247939515995,76.4466649304684,10.981125795472671,0.33990857514909034,0.3566500973080209,0.33990857514909034,-0.016741522158930544,7.833333333333333,0.33990857514909034,0.33990857514909034,0.3566500973080209,-24.258465608290358,202.7275253910319,0.0,0.0,1806.4091586477848,1706.08539175947,13.833333333333332,False,"morning depletion (0.356650 -> 0.339909, -24.258 Wh)",2.440446115104435,0.0,1.0914543799707208,True,1016.7415211589306
6.0,0.3914543799707209,2.0,2.2178466475326144,0.3265152836067247,0.4074997255316657,0.1541866514642911,0.0,0.1006772589950577,3.0,0.15951755239623713,0.9023828956314419,1.04,1.04,0.1846542886561994,0.5,0.03,1.4912452197162929,1.468754780283707,36.05444333381895,36.05444333381895,0.0,0.07270542998307808,-0.05374983138179566,-0.07205662467091022,14.033557849305677,41.84755486998809,41.84755486998809,17.310143751796634,0.5262663127527968,3.7716133662496714,-0.3821307853969674,3,one_per_bay,True,28+28+24,3,80,24,28,0,A40-12L-V4-kv410-direct,205x14E,9.854785488379884,1.862211623171107,19.331852272888636,0.29493724443395164,0.4761355862591104,0.3,0.10314271491675783,0.09522711725182208,0.03273994469016452,0.045341019300461353,0.015588652759142334,10.50201350521326,6.1578800421390065,0.7054592543776268,7.369510973997619,True,8.737042220222369,11.35815488628908,11.54643482552578,75.81962523703126,76.49826217364898,11.265621089632424,0.33959977019809195,0.3566744850193465,0.33959977019809195,-0.017074714821254555,7.833333333333333,0.33959977019809195,0.33959977019809195,0.3566744850193465,-24.74126177599785,202.28006701703524,0.0,0.0,1806.4091586477848,1706.5704812110432,13.833333333333332,False,"morning depletion (0.356674 -> 0.339600, -24.741 Wh)",2.440446115104435,0.0,1.0914543799707208,True,1017.0747138212546
6.0,0.3914543799707209,2.0,2.2178466475326144,0.3265152836067247,0.4074997255316657,0.1541866514642911,0.0,0.1006772589950577,3.0,0.15951755239623713,0.9023828956314419,1.04,1.04,0.1846542886561994,0.5,0.03,1.3712452197162928,1.5887547802837072,36.08033476879767,36.08033476879767,0.0,0.07270542998307808,-0.05374983138179566,-0.07337119317548674,13.970933023115624,38.29430831969712,38.29430831969712,15.448463360228937,0.5645681539908598,3.767453598769893,-0.3887019986893167,2,one_per_bay,True,27+27+24,3,78,24,27,0,A40-12L-V4-kv410-direct,20x13E,8.556157956418806,1.862211623171107,19.331852272888636,0.2949048603445786,0.4761355862591104,0.3,0.10677442611130947,0.09522711725182208,0.033892735982658934,0.045341019300461353,0.01613753771702856,9.118096636096391,5.4397280226252205,0.676204508418784,6.658861663939425,True,8.141046652387415,10.583360648103639,10.758797109368176,65.20058636069172,65.886429024179,11.697477476090269,0.18238982579946864,0.18238982579946864,0.18238982579946864,0.0,7.666666666666667,0.18238982579946864,0.18238982579946864,0.18238982579946864,0.0,-17.011428277713307,0.0,183.14690306929916,1761.2489296815909,1452.0154206232164,13.5,False,"SOC floor violated (min 0.182, unmet 0 Wh)",2.440446115104435,0.0,1.0914543799707208,True,1017.6101742005313
6.0,0.4030954632306047,2.0,2.241182708625071,0.32653105142992855,0.4062812566598752,0.19155843382436055,0.0,0.09198968659264421,3.0,0.16377013135522459,0.9950649158844143,1.04,1.04,0.19215690504525332,0.5,0.029999999999999995,1.35383945580026,1.60616054419974,36.311340180378934,36.311340180378934,0.0,0.07270542998307807,-0.05431538416707511,-0.07397093262278145,14.533708492049252,37.5528439916742,37.5528439916742,15.163479585848066,0.5712716968904472,3.7992510714407697,-0.3933835626050171,2,one_per_bay,True,29+29+24,3,82,24,29,0,A40-12L-V4-kv410-direct,MJ-20x13E,8.706784449490687,1.9387410249890724,18.568751337070875,0.29676741993990446,0.4832848161730158,0.3,0.10663975004737762,0.09665696323460314,0.03435824799892216,0.04671284270867713,0.016604819568185984,9.278615753062365,5.5319993692890606,0.6772626194740143,6.510568798334841,True,8.048674412049797,10.463276735664737,10.636722610257085,65.67317581913525,66.11924309014492,11.43629705136371,0.1805096896077035,0.1805096896077035,0.1805096896077035,0.0,7.583333333333333,0.1805096896077035,0.1805096896077035,0.1805096896077035,0.0,-18.82763983895843,0.0,264.2866201867794,1851.5693876139792,1460.877098277431,13.416666666666668,False,"SOC floor violated (min 0.181, unmet 0 Wh)",2.467755963685514,0.0,1.1030954632306047,True,1019.4903103922965
6.0,0.39991253282233236,2.0,2.2459287851691014,0.32582184437790146,0.40784853176269786,0.23203126683004538,0.0,0.105140869106418,3.0,0.16310373934508998,1.0954375417385127,1.04,1.04,0.1929376133674785,0.5,0.030000000000000002,1.3807004745086298,1.5792995254913702,36.09566648266598,36.09566648266598,0.0,0.0727054299830781,-0.054430406012363916,-0.07410451322802208,14.644953012422166,37.4619240328107,37.4619240328107,15.130054330883098,0.5724027781889182,3.8032653941259875,-0.38683808818285925,2,one_per_bay,True,30+30+24,3,84,24,30,0,A40-12L-V4-kv410-direct,MJ-20x13E,8.739582276529793,1.9484580590910405,18.476148271209937,0.2966421090910367,0.48398223679692437,0.3,0.10660836123833947,0.09679644735938488,0.034397702088924044,0.04684776110699083,0.016647876797671695,9.313567627246991,5.55202072722173,0.6775095203773791,6.49238480656214,True,8.043687131533588,10.456793270993664,10.63013167158636,65.89659100224517,66.34655594714263,11.385702503046886,0.17965616692041753,0.17965616692041753,0.17965616692041753,0.0,7.583333333333333,0.17965616692041753,0.17965616692041753,0.17965616692041753,0.0,-19.65214275487668,0.0,303.86529001268264,1896.7296165801756,1466.3178101327942,13.333333333333334,False,"SOC floor violated (min 0.180, unmet 0 Wh)",2.4739134191496728,0.0,1.0999125328223323,True,1020.3438330795825
6.0,0.4165323572925435,2.0,2.313150094449205,0.3332574544261799,0.4336782261141224,0.2789023219142424,2.1573757319797834e-05,0.123149039066416,0.8254096168847117,0.1806410138297641,1.2116777583473213,1.04,1.04,0.20492648618667605,0.5,0.029999999999999995,1.3183694443395502,1.6416305556604498,37.131276155693854,37.131276155693854,0.0,0.07270542998307807,-0.05605952407744238,-0.07607637671123485,15.68126606914768,35.90192875837836,35.90192875837836,14.501201917456639,0.5843670615423787,3.8569721554563206,-0.33489727081848764,2,one_per_bay,True,34+34+24,3,92,24,34,0,A40-12L-V4-kv410-direct,18x12E,9.019321028597908,2.0773444076274417,17.329817755697047,0.2967385225064243,0.4924183489974729,0.3,0.10659644975275819,0.09848366979949458,0.034993365197496844,0.0484951660858794,0.017231375116417022,9.611678647077396,5.7294111019263925,0.6776032433500319,6.180385751675671,True,7.913853988942959,10.288010185625847,10.458550731340232,66.50012739612714,67.59637877705693,8.565340807131427,0.1795047426075736,0.1795047426075736,0.1795047426075736,0.0,7.5,0.1795047426075736,0.1795047426075736,0.1795047426075736,0.0,-19.798418641083916,0.0,462.4522319547561,2077.3705324449543,1487.879114133785,13.166666666666668,False,"SOC floor violated (min 0.180, unmet 0 Wh)",2.5461965987039963,0.0,1.1165323572925434,True,1020.4952573924264
6.0,0.40491253282233236,2.0,2.2459287851691014,0.32582184437790146,0.40784853176269786,0.23203126683004538,0.0,0.105140869106418,3.0,0.16514298200390345,1.0954375417385127,1.04,1.04,0.19534986101580606,0.5,0.03,1.5265218591734437,1.4334781408265562,35.16556284093591,35.16556284093591,0.0,0.07270542998307808,-0.054430406012363895,-0.07276425484373088,14.792838912459215,40.679366208057715,40.679366208057715,16.851355298379442,0.5353651040065451,3.8178207514783713,-0.40926913330602027,3,one_per_bay,True,30+30+24,3,84,24,30,0,A40-12L-V4-kv410-direct,MJ-21x13E,10.060091544620416,1.972819111810995,18.24799840212059,0.2985753586221554,0.48699838911504717,0.3,0.1029315421205443,0.09739967782300944,0.033418330134555134,0.04743348620013018,0.01627467294244319,10.720803348775306,6.27972957711748,0.7072078052278752,7.135873241611543,True,8.576551431377041,11.149516860790154,11.334338284523529,79.79517120682026,80.50888835005509,11.499600966110716,0.3015451278980114,0.3226920776954248,0.3015451278980114,-0.021146949797413384,7.833333333333333,0.3015451278980114,0.3015451278980114,0.3226920776954248,-30.641930256451992,147.13889032421852,0.0,0.0,1896.7296165801756,1802.2807568246524,13.916666666666668,False,"morning depletion (0.322692 -> 0.301545, -30.642 Wh); FLAG MJ-21x13E: thrust table 3.72 N vs similarity 0.00 N (100%) at 2046 rpm, 11.15 m/s; FLAG MJ-21x13E: thrust table 3.73 N vs similarity 0.00 N (100%) at 2076 rpm, 11.33 m/s",2.475246375960523,0.0,1.1049125328223324,True,1021.1469487974134
6.0,0.3914543799707209,2.0,2.2178466475326144,0.3265152836067247,0.4074997255316657,0.1541866514642911,0.0,0.1006772589950577,3.0,0.15951755239623713,0.9023828956314419,1.04,1.04,0.1846542886561994,0.5,0.03,1.3712452197162928,1.5887547802837072,35.98253925960542,35.98253925960542,0.0,0.07270542998307808,-0.05374983138179566,-0.0734168376651902,13.942578614118913,38.166768162663836,38.166768162663836,15.384371798112648,0.5656125707013298,3.767407793049048,-0.3891724871076904,2,one_per_bay,True,27+27+24,3,78,24,27,0,A40-12L-V4-kv410-direct,MJ-20p5x12ELW,8.509837997273527,1.862211623171107,19.331852272888636,0.29490485682012574,0.4761355862591104,0.3,0.10689300537231702,0.09522711725182208,0.033930375853297605,0.045341019300461353,0.01615545939890182,9.068734543225041,5.413282675863584,0.6752745212549427,6.633353632532767,True,8.118980399182451,10.554674518937187,10.72963546083168,65.49834004132799,66.10782320062425,12.474350793870645,0.17818668606540883,0.17818668606540883,0.17818668606540883,0.0,7.666666666666667,0.17818668606540883,0.17818668606540883,0.17818668606540883,0.0,-21.071661260815084,0.0,176.76592288973274,1761.2489296815909,1458.3597341644927,13.5,False,"SOC floor violated (min 0.178, unmet 0 Wh)",2.440446115104435,0.0,1.0914543799707208,True,1021.8133139345912
6.0,0.40491253282233236,2.0,2.2459287851691014,0.32582184437790146,0.40784853176269786,0.23203126683004538,0.0,0.105140869106418,3.0,0.16514298200390345,1.0954375417385127,1.04,1.04,0.19534986101580606,0.5,0.03,1.4065218591734436,1.5534781408265563,35.3242860263951,35.3242860263951,0.0,0.07270542998307808,-0.054430406012363895,-0.07410554544947509,14.75472434834291,37.21769387248996,37.21769387248996,15.029736766594134,0.5748570149092149,3.8133075185285206,-0.41512434424031935,2,one_per_bay,True,30+30+24,3,84,24,30,0,A40-12L-V4-kv410-direct,MJ-20x13EL,8.734091544620417,1.972819111810995,18.24799840212059,0.29853697363073467,0.48699838911504717,0.3,0.106624491073785,0.09739967782300944,0.03461730359543001,0.04743348620013018,0.016858571086480947,9.307716283173214,5.548952343808366,0.6773826312563225,6.443538774497993,True,7.991358238155116,10.388765709601651,10.560976442430212,66.01550441930522,66.58949808341853,11.343463005790746,0.17799832973552315,0.17799832973552315,0.17799832973552315,0.0,7.583333333333333,0.17799832973552315,0.17799832973552315,0.17799832973552315,0.0,-21.253613475484645,0.0,299.67232471078796,1896.7296165801756,1470.4947051472052,13.333333333333334,False,"SOC floor violated (min 0.178, unmet 0 Wh)",2.475246375960523,0.0,1.1049125328223324,True,1022.0016702644768
6.0,0.4215323572925435,2.0,2.313150094449205,0.3332574544261799,0.4336782261141224,0.2789023219142424,2.1573757319797834e-05,0.123149039066416,0.8254096168847117,0.1828094049603347,1.2116777583473213,1.04,1.04,0.20738639695469774,0.5,0.03,1.3417495359924212,1.6182504640075788,36.52539478550187,36.52539478550187,0.0,0.07270542998307808,-0.05605952407744238,-0.0760354998840153,15.823535073429571,35.78783346499532,35.78783346499532,14.46467975484677,0.5857458386487858,3.867390209803998,-0.29839894279376955,2,one_per_bay,True,34+34+24,3,92,24,34,0,A40-12L-V4-kv410-direct,18x12E,9.059921662763971,2.10228057850658,17.12426037136,0.29545100531273494,0.4953649953520718,0.3,0.10650090896591982,0.09907299907041434,0.03517121484992952,0.04907729572403161,0.017422588680662057,9.654945789607796,5.7526224194691,0.6783555543175794,6.1575666929990645,True,7.88446528606549,10.249804871885138,10.41971210222201,66.766606714522,67.87419186411525,8.497153852688733,0.17585205696822284,0.17585205696822284,0.17585205696822284,0.0,7.5,0.17585205696822284,0.17585205696822284,0.17585205696822284,0.0,-23.326912968696746,0.0,455.88713824637034,2077.3705324449543,1494.3974002691211,13.166666666666668,False,"SOC floor violated (min 0.176, unmet 0 Wh)",2.5475119189072952,0.0,1.1215323572925435,True,1024.1479430317772
6.0,0.4215323572925435,2.0,2.313150094449205,0.3332574544261799,0.4336782261141224,0.2789023219142424,2.1573757319797834e-05,0.123149039066416,0.8276017442870456,0.1828094049603347,1.2134805025425357,1.045,1.045,0.20742581608675678,0.5,0.030000000000000002,1.342332449766622,1.617667550233378,36.519430199949156,36.519430199949156,0.0,0.0727054299830781,-0.056059524077442385,-0.07603458195320445,15.825936214486713,35.785988281661346,35.785988281661346,14.464113812141026,0.5857684029452708,3.867568096557377,-0.3003257472356306,2,one_per_bay,True,34+34+24,3,92,24,34,0,A40-12L-V4-kv410-direct,18x12E,9.060623134896751,2.102710934923161,17.120755593214973,0.29555509797868607,0.4954156956718658,0.3,0.10649911240751103,0.09908313913437315,0.03517422124120221,0.04908734230360774,0.017425861285926308,9.655693331989179,5.753019296839157,0.6783697105438604,6.15719765633227,True,7.883963591771323,10.24915266930272,10.41904908831823,66.77145658194192,67.87924344322256,8.495985298770025,0.1757855776903769,0.1757855776903769,0.1757855776903769,0.0,7.5,0.1757855776903769,0.1757855776903769,0.1757855776903769,0.0,-23.391131951095932,0.0,455.7675868657099,2077.3705324449543,1494.5159822971402,13.166666666666668,False,"SOC floor violated (min 0.176, unmet 0 Wh)",2.547553420724685,0.0,1.1215323572925435,True,1024.2144223096232
6.0,0.40491253282233236,2.0,2.2459287851691014,0.32582184437790146,0.40784853176269786,0.23203126683004538,0.0,0.105140869106418,3.0,0.16514298200390345,1.0954375417385127,1.04,1.04,0.19534986101580606,0.5,0.03,1.4065218591734436,1.5534781408265563,35.4151684402037,35.4151684402037,0.0,0.07270542998307808,-0.054430406012363895,-0.07406091633696571,14.782599249120533,37.33593273660095,37.33593273660095,15.089622724651285,0.5738411182575239,3.8134716129764077,-0.4148838447183678,2,one_per_bay,True,30+30+24,3,84,24,30,0,A40-12L-V4-kv410-direct,MJ-20x13E,8.779091544620417,1.972819111810995,18.24799840212059,0.2985370035540925,0.48699838911504717,0.3,0.10650824136901509,0.09739967782300944,0.034579561316124656,0.04743348620013018,0.016840190657257705,9.355671726576002,5.57450044352073,0.6782977813644533,6.46718654732019,True,8.011918425153661,10.41549395269976,10.588147749744014,66.17874288682773,66.62371410848675,11.293913865168049,0.1757296521993807,0.17572965219938175,0.1757296521993807,-1.0547118733938987e-15,7.583333333333333,0.1757296521993807,0.1757296521993807,0.17572965219938175,-1.0188516696985062e-12,-23.44515597539826,0.0,297.0996999504259,1896.7296165801756,1473.0361889815688,13.333333333333334,False,"SOC floor violated (min 0.176, unmet 0 Wh)",2.475246375960523,0.0,1.1049125328223324,True,1024.2703478006192
6.0,0.40491253282233236,2.0,2.2459287851691014,0.32582184437790146,0.40784853176269786,0.23203126683004538,0.0,0.105140869106418,3.0,0.16514298200390345,1.0973574635714374,1.045,1.045,0.19539240261461804,0.5,0.029999999999999995,1.4072814137508916,1.5527185862491084,35.40384308603705,35.40384308603705,0.0,0.07270542998307807,-0.054430406012363895,-0.07406095000046246,14.785146643007142,37.33315141477708,37.33315141477708,15.08837324615391,0.5738677458609889,3.813662439293004,-0.38402737290313327,2,one_per_bay,True,30+30+24,3,84,24,30,0,A40-12L-V4-kv410-direct,MJ-20x13E,8.779839800012807,1.9732794506064817,18.243741396554608,0.29702032172020076,0.4870552040491206,0.3,0.10650944206410878,0.09741104080982411,0.03458398535846166,0.047444554358266104,0.016844310045597347,9.356469124778673,5.575006990700791,0.6782883215008388,6.466630282955415,True,8.011325222707004,10.414722789519105,10.587363803276089,66.18459513004734,66.62948673043553,11.292189860748373,0.1756479247450486,0.1756479247450486,0.1756479247450486,0.0,7.583333333333333,0.1756479247450486,0.1756479247450486,0.1756479247450486,0.0,-23.524104696283075,0.0,296.95895652790085,1896.7296165801756,1473.175793525282,13.333333333333334,False,"SOC floor violated (min 0.176, unmet 0 Wh)",2.475292384436002,0.0,1.1049125328223324,True,1024.3520752549514
6.0,0.4215323572925435,2.0,2.313150094449205,0.3332574544261799,0.4336782261141224,0.2789023219142424,2.1573757319797834e-05,0.123149039066416,0.8254096168847117,0.1828094049603347,1.2116777583473213,1.04,1.04,0.20738639695469774,0.5,0.03,1.3417495359924212,1.6182504640075788,36.56047558983048,36.56047558983048,0.0,0.07270542998307808,-0.05605952407744238,-0.07601843152655197,15.834458436856005,35.83024900993396,35.83024900993396,14.486236299549487,0.5853541348125159,3.867451517028242,-0.2983086797164455,2,one_per_bay,True,34+34+24,3,92,24,34,0,A40-12L-V4-kv410-direct,20x15E,9.077333218230924,2.10228057850658,17.12426037136,0.2954509962042622,0.4953649953520718,0.3,0.1064568823936584,0.09907299907041434,0.035156675368087094,0.04907729572403161,0.01741538633030676,9.673500875446683,5.762486484037691,0.678702570885442,6.166049801986792,True,7.892037918354902,10.259649293861372,10.42971971154602,66.8065998728809,67.99419639094172,10.934024589300863,0.17530385191255135,0.17530385191255135,0.17530385191255135,0.0,7.5,0.17530385191255135,0.17530385191255135,0.17530385191255135,0.0,-23.856479052475407,0.0,454.05281592349525,2077.3705324449543,1496.2240258947993,13.166666666666668,False,"SOC floor violated (min 0.175, unmet 0 Wh); FLAG 20x15E: (10.26 m/s, 1925 rpm) not on the map; used C_T(J) similarity; FLAG 20x15E: (10.43 m/s, 1959 rpm) not on the map; used C_T(J) similarity",2.5475119189072952,0.0,1.1215323572925435,True,1024.6961480874486
6.0,0.3980954632306047,2.0,2.241182708625071,0.32653105142992855,0.4062812566598752,0.19155843382436055,0.0,0.09198968659264421,3.0,0.16173872507192522,0.9950649158844143,1.04,1.04,0.18977338894828197,0.5,0.030000000000000002,1.4464824999371921,1.5135175000628078,36.99447508798481,36.99447508798481,0.0,0.0727054299830781,-0.054315384167075126,-0.07273320552201039,14.404347672992191,41.06840135267815,41.06840135267815,16.981226772230226,0.5312945828157761,3.793550085431555,-0.4184142532936455,3,one_per_bay,True,29+29+24,3,82,24,29,0,A40-12L-V4-kv410-direct,MJ-20p5x12EW,9.942836737201219,1.9146928626821706,18.801971168143336,0.2978220236779979,0.48027812858160046,0.3,0.10319944938621078,0.09605562571632008,0.03304295894790727,0.04613341615876886,0.015869810486299554,10.595847653644292,6.214608405849621,0.7049903970893394,7.2136802705356295,True,8.654878154858993,11.251341601316692,11.437850936172168,78.05907630641686,79.00527472083458,11.318736102699594,0.31228067915363683,0.3372768216251567,0.31228067915363683,-0.024996142471519878,7.833333333333333,0.31228067915363683,0.31228067915363683,0.3372768216251567,-36.219410441232306,162.69470409361975,0.0,0.0,1851.5693876139792,1762.9586653660383,13.916666666666668,False,"morning depletion (0.337277 -> 0.312281, -36.219 Wh)",2.466439537808769,0.0,1.0980954632306046,True,1024.9961414715199
6.0,0.4265323572925435,2.0,2.313150094449205,0.3332574544261799,0.4336782261141224,0.2789023219142424,2.1573757319797834e-05,0.123149039066416,0.8254096168847117,0.1849777960909053,1.2116777583473213,1.04,1.04,0.20984630772271942,0.5,0.03,1.3645814841961674,1.5954185158038325,35.93227779148529,35.93227779148529,0.0,0.07270542998307808,-0.05605952407744238,-0.07599396401512196,15.966045586653204,35.676663412147064,35.676663412147064,14.429395801404883,0.5871104308910325,3.8778032935087907,-0.2598709251130151,2,one_per_bay,True,34+34+24,3,92,24,34,0,A40-12L-V4-kv410-direct,18x12E,9.10056889368923,2.1272167493857186,16.92352225526421,0.2940627405500494,0.49829421711567073,0.3,0.10640424839162922,0.09965884342313414,0.03534708110005883,0.04965942536218384,0.017613246104077936,9.698262589210382,5.775808634673028,0.6791177136635527,6.1353326824294125,True,7.855679600478495,10.212383480622044,10.381670390374833,67.04147320451662,68.16061125352087,8.430042349438528,0.17207033476172823,0.17207033476172823,0.17207033476172823,0.0,7.5,0.17207033476172823,0.17207033476172823,0.17207033476172823,0.0,-26.980056620170544,0.0,449.12055414880155,2077.3705324449543,1501.119352439274,13.166666666666668,False,"SOC floor violated (min 0.172, unmet 0 Wh)",2.5488185268150936,0.0,1.1265323572925434,True,1027.9296652382718
6.0,0.3980954632306047,2.0,2.241182708625071,0.32653105142992855,0.4062812566598752,0.19155843382436055,0.0,0.09198968659264421,3.0,0.16173872507192522,0.9950649158844143,1.04,1.04,0.18977338894828197,0.5,0.030000000000000002,1.326482499937192,1.633517500062808,36.932299741572116,36.932299741572116,0.0,0.0727054299830781,-0.054315384167075126,-0.07404626177266292,14.375929313377627,37.586669269811125,37.586669269811125,15.157841552001146,0.5706359730461132,3.7890351689462443,-0.42416023980552797,2,one_per_bay,True,29+29+24,3,82,24,29,0,A40-12L-V4-kv410-direct,MJ-20p5x12ELW,8.631836737201219,1.9146928626821706,18.801971168143336,0.2977781142167003,0.48027812858160046,0.3,0.10682347943483644,0.09605562571632008,0.03420332052769222,0.04613341615876886,0.016427106774316656,9.19874573584313,5.48910258177291,0.6758196078150269,6.517333853962226,True,8.064128002925726,10.483366403803444,10.65714529740586,66.29165145131952,66.84979223678052,12.222401590166974,0.1718719065392778,0.1718719065392778,0.1718719065392778,0.0,7.583333333333333,0.1718719065392778,0.1718719065392778,0.1718719065392778,0.0,-27.17173828305765,0.0,248.1773372101802,1851.5693876139792,1476.906624811124,13.416666666666668,False,"SOC floor violated (min 0.172, unmet 0 Wh)",2.466439537808769,0.0,1.0980954632306046,True,1028.1280934607223
6.0,0.4215323572925435,2.0,2.313150094449205,0.3332574544261799,0.4336782261141224,0.2789023219142424,2.1573757319797834e-05,0.123149039066416,0.8254096168847117,0.1828094049603347,1.2116777583473213,1.04,1.04,0.20738639695469774,0.5,0.03,1.3417495359924212,1.6182504640075788,36.5091743316796,36.5091743316796,0.0,0.07270542998307808,-0.05605952407744238,-0.07604337406965445,15.81848793879553,35.7682364178841,35.7682364178841,14.454727826295132,0.5859272329898642,3.8673618430241765,-0.29844070740839507,2,one_per_bay,True,34+34+24,3,92,24,34,0,A40-12L-V4-kv410-direct,17x12E,9.051876662227128,2.10228057850658,17.12426037136,0.29545100952701603,0.4953649953520718,0.3,0.10652121136409612,0.09907299907041434,0.03517791958151501,0.04907729572403161,0.017425909969992742,9.6463724214318,5.748062025754633,0.6781956037026893,6.15364728357682,True,7.880963897351229,10.245253066556598,10.41508484329742,67.12500779566076,68.43022066110692,7.320721408079466,0.1709019651593817,0.1709019651593817,0.1709019651593817,0.0,7.5,0.1709019651593817,0.1709019651593817,0.1709019651593817,0.0,-28.108701656037297,0.0,445.093698854582,2077.3705324449543,1505.1399931381843,13.166666666666668,False,"SOC floor violated (min 0.171, unmet 0 Wh)",2.5475119189072952,0.0,1.1215323572925435,True,1029.0980348406183
6.0,0.40991253282233236,2.0,2.2459287851691014,0.32582184437790146,0.40784853176269786,0.23203126683004538,0.0,0.105140869106418,3.0,0.16718222466271696,1.0954375417385127,1.04,1.04,0.19776210866413368,0.5,0.03,1.311713319580813,1.648286680419187,37.252441334238156,37.252441334238156,0.0,0.07270542998307808,-0.05443040601236391,-0.07393959778981464,14.972444695291248,37.28582745944109,37.28582745944109,15.084231321795317,0.5755954307865763,3.82373035862435,-0.4631457463649435,2,one_per_bay,True,31+31+24,3,86,24,31,0,A40-12L-V4-kv410-direct,MJ-20x13E,8.834645358863318,1.997180164530949,18.025414351366162,0.30143558478077775,0.4899959759695458,0.3,0.10636581697748237,0.09799919519390916,0.03474588153311971,0.04801921129326954,0.017025342132743208,9.414874122014542,5.6060237142682,0.6794210302843042,6.457165491888218,True,7.988059691458636,10.384477598896227,10.556617249297128,66.72823227081807,67.17774655055233,11.190241891099763,0.17029524079913377,0.1702952407991358,0.17029524079913377,-2.0261570199409107e-15,7.583333333333333,0.17029524079913377,0.17029524079913377,0.1702952407991358,-1.9572676812629197e-12,-28.694797388036786,0.0,328.83585667554314,1941.8898455463707,1486.2723934834646,13.333333333333334,False,"SOC floor violated (min 0.170, unmet 0 Wh)",2.4765700500395607,0.0,1.1099125328223323,True,1029.7047592008662
6.0,0.3914543799707209,2.0,2.2178466475326144,0.3265152836067247,0.4074997255316657,0.1541866514642911,0.0,0.1006772589950577,3.0,0.15951755239623713,0.9023828956314419,1.04,1.04,0.1846542886561994,0.5,0.03,1.3712452197162928,1.5887547802837072,36.08033476879767,36.08033476879767,0.0,0.07270542998307808,-0.05374983138179566,-0.07337119317548674,13.970933023115624,38.29430831969712,38.29430831969712,15.448463360228937,0.5645681539908598,3.767453598769893,-0.3887019986893167,2,one_per_bay,True,27+27+24,3,78,24,27,0,A40-12L-V4-kv410-direct,20x11E,8.556157956418806,1.862211623171107,19.331852272888636,0.2949048603445786,0.4761355862591104,0.3,0.10677442611130947,0.09522711725182208,0.033892735982658934,0.045341019300461353,0.01613753771702856,9.118096636096391,5.4397280226252205,0.676204508418784,6.658861663939425,True,8.141046652387415,10.583360648103639,10.758797109368176,66.11127633715604,67.1350530491519,11.137399211714033,0.16957294953265475,0.1695729495326557,0.16957294953265475,-9.43689570931383e-16,7.666666666666667,0.16957294953265475,0.16957294953265475,0.1695729495326557,-9.11604125519716e-13,-29.392530751455517,0.0,157.72774228188223,1761.2489296815909,1477.3349728417115,13.583333333333332,False,"SOC floor violated (min 0.170, unmet 0 Wh); FLAG 20x11E: shaft power table 51.6 W vs similarity 42.3 W (18%) at 2319 rpm, 10.58 m/s; FLAG 20x11E: shaft power table 52.6 W vs similarity 43.1 W (18%) at 2359 rpm, 10.76 m/s",2.440446115104435,0.0,1.0914543799707208,True,1030.4270504673452
6.0,0.40491253282233236,2.0,2.2459287851691014,0.32582184437790146,0.40784853176269786,0.23203126683004538,0.0,0.105140869106418,3.0,0.16514298200390345,1.0954375417385127,1.04,1.04,0.19534986101580606,0.5,0.03,1.5265218591734437,1.4334781408265562,35.0868247940471,35.0868247940471,0.0,0.07270542998307808,-0.054430406012363895,-0.07281340319450096,14.764964011681593,40.560885684270374,40.560885684270374,16.787104328806677,0.5361394298395881,3.817677598881171,-0.40947893954404285,3,one_per_bay,True,30+30+24,3,84,24,30,0,A40-12L-V4-kv410-direct,MJ-21x13p5EL,10.015091544620416,1.972819111810995,18.24799840212059,0.2985753324897877,0.48699838911504717,0.3,0.10306303416411432,0.09739967782300944,0.033461021076821834,0.04743348620013018,0.016295463362556873,10.672847905372516,6.255631460257872,0.706118394789925,7.112177136854076,True,8.557347959167519,11.124552346917774,11.308959943123527,80.43628316173857,80.98306926050671,11.39528159429885,0.28588284824553045,0.3165085094907201,0.28588284824553045,-0.030625661245189673,7.833333333333333,0.28588284824553045,0.28588284824553045,0.3165085094907201,-44.376583144279834,124.4442471077736,0.0,0.0,1896.7296165801756,1815.9842223776343,13.916666666666668,False,"morning depletion (0.316509 -> 0.285883, -44.377 Wh); FLAG MJ-21x13p5EL: thrust table 3.70 N vs similarity 4.42 N (16%) at 1977 rpm, 11.12 m/s; FLAG MJ-21x13p5EL: thrust table 3.72 N vs similarity 4.38 N (15%) at 2005 rpm, 11.31 m/s",2.475246375960523,0.0,1.1049125328223324,True,1030.6256602451897
6.0,0.3914543799707209,2.0,2.2178466475326144,0.3265152836067247,0.4074997255316657,0.1541866514642911,0.0,0.1006772589950577,3.0,0.15951755239623713,0.9023828956314419,1.04,1.04,0.1846542886561994,0.5,0.03,1.4912452197162929,1.468754780283707,35.985436547378285,35.985436547378285,0.0,0.07270542998307808,-0.05374983138179566,-0.07209791670683113,14.010487891442784,41.74353916824493,41.74353916824493,17.253949413304184,0.5269077305617679,3.7714910189306328,-0.3823103581805636,3,one_per_bay,True,28+28+24,3,80,24,28,0,A40-12L-V4-kv410-direct,16x12E,9.817098245248966,1.862211623171107,19.331852272888636,0.2949372349105088,0.4761355862591104,0.3,0.10325372777164629,0.09522711725182208,0.03277518280399427,0.045341019300461353,0.015605430879129323,10.46185109510277,6.137631032283082,0.704542198785638,7.348707833648987,True,8.720319865059878,11.336415824577841,11.524335403416309,76.17710669449968,78.1383292470402,6.324364507917993,0.32141175885111284,0.3532664973271115,0.32141175885111284,-0.03185473847599868,7.833333333333333,0.32141175885111284,0.32141175885111284,0.3532664973271115,-46.157516051722084,175.9256385752625,0.0,0.0,1806.4091586477848,1728.0262214061063,13.916666666666668,False,"morning depletion (0.353266 -> 0.321412, -46.158 Wh)",2.440446115104435,0.0,1.0914543799707208,True,1031.8547374759987
6.0,0.3914543799707209,2.0,2.2178466475326144,0.3265152836067247,0.4074997255316657,0.1541866514642911,0.0,0.1006772589950577,3.0,0.15951755239623713,0.9023828956314419,1.04,1.04,0.1846542886561994,0.5,0.03,1.4912452197162929,1.468754780283707,35.944614945701,35.944614945701,0.0,0.07270542998307808,-0.05374983138179566,-0.07212227802427652,13.996861450765577,41.682101565976915,41.682101565976915,17.220803926933254,0.5272884945848765,3.771418532749955,-0.3824167482963764,3,one_per_bay,True,28+28+24,3,80,24,28,0,A40-12L-V4-kv410-direct,MJ-21x13EL,9.794837997273527,1.862211623171107,19.331852272888636,0.29493722926831073,0.4761355862591104,0.3,0.10331919739623263,0.09522711725182208,0.032795964416050656,0.045341019300461353,0.015615325744169201,10.438128871504592,6.125655078029522,0.7040020599498547,7.336420313195383,True,8.710427601461484,11.32355588189993,11.511262286217516,76.70920565168889,77.40526839671514,11.911842925760567,0.316223823474274,0.34813553972849853,0.316223823474274,-0.03191171625422451,7.833333333333333,0.316223823474274,0.316223823474274,0.34813553972849853,-46.24007685237132,168.40832021422304,0.0,0.0,1806.4091586477848,1728.0395683195554,13.916666666666668,False,"morning depletion (0.348136 -> 0.316224, -46.240 Wh)",2.440446115104435,0.0,1.0914543799707208,True,1031.9117152542244
6.0,0.4215323572925435,2.0,2.313150094449205,0.3332574544261799,0.4336782261141224,0.2789023219142424,2.1573757319797834e-05,0.123149039066416,0.8254096168847117,0.1828094049603347,1.2116777583473213,1.04,1.04,0.20738639695469774,0.5,0.03,1.3417495359924212,1.6182504640075788,36.54249625661133,36.54249625661133,0.0,0.07270542998307808,-0.05605952407744238,-0.07602718582110696,15.82885877204257,35.80850506691622,35.80850506691622,14.475182675296042,0.5855547841182049,3.8674201036923073,-0.29835492980509415,2,one_per_bay,True,34+34+24,3,92,24,34,0,A40-12L-V4-kv410-direct,19x12E,9.068407499046344,2.10228057850658,17.12426037136,0.29545100087152126,0.4953649953520718,0.3,0.10647946657716073,0.09907299907041434,0.03516413364405754,0.04907729572403161,0.017419080899148193,9.663988946087011,5.757430850315097,0.678524535914854,6.161701013383243,True,7.88815685342828,10.254603909456765,10.424590691667285,67.34903746010785,68.31411925072157,9.552889057341629,0.16784094217185083,0.16784094217185083,0.16784094217185083,0.0,7.5,0.16784094217185083,0.16784094217185083,0.16784094217185083,0.0,-31.065649861992107,0.0,443.35873329871094,2077.3705324449543,1506.8319517742318,13.166666666666668,False,"SOC floor violated (min 0.168, unmet 0 Wh); FLAG 19x12E: shaft power table 51.8 W vs similarity 44.1 W (15%) at 2283 rpm, 10.25 m/s; FLAG 19x12E: shaft power table 52.9 W vs similarity 44.7 W (15%) at 2320 rpm, 10.42 m/s",2.5475119189072952,0.0,1.1215323572925435,True,1032.1590578281491
6.0,0.40655378392285746,2.0,2.2717020771176584,0.3298026387744024,0.4201579790965225,0.21533670664019455,0.008902565770552756,0.11367908736788737,0.8019241366723606,0.17081681624707207,1.0540350324676826,1.04,1.04,0.19590364167382004,0.5,0.029999999999999995,1.3038093507909787,1.6561906492090213,37.27955345878423,37.27955345878423,0.0,0.07270542998307807,-0.05505502543676365,-0.07488932556522339,14.873127992718189,36.909116713706595,36.909116713706595,14.898207161805779,0.5752168264788934,3.816640223888303,-0.4254893442134518,2,one_per_bay,True,30+30+24,3,84,24,30,0,A40-12L-V4-kv410-direct,20x13E,8.807064281774728,1.9805868228877679,18.1764311384798,0.29921722091525876,0.4851802759536895,0.3,0.106691526521276,0.09703605519073791,0.034509749519675385,0.04707998003489966,0.01674344979504881,9.385481615763213,5.597072087852896,0.6768555895737258,6.38182334274132,True,8.00892088695413,10.411597153040368,10.58418635427567,66.87241900978572,67.48132285929066,11.193092253546629,0.16607955641600197,0.16607955641600197,0.16607955641600197,0.0,7.583333333333333,0.16607955641600197,0.16607955641600197,0.16607955641600197,0.0,-32.767148502142106,0.0,278.66419303210415,1896.7296165801756,1491.3822886421192,13.416666666666668,False,"SOC floor violated (min 0.166, unmet 0 Wh)",2.4998511914630823,0.0,1.1065537839228574,True,1033.9204435839981
6.0,0.3914543799707209,2.0,2.2178466475326144,0.3265152836067247,0.4074997255316657,0.1541866514642911,0.0,0.1006772589950577,3.0,0.15951755239623713,0.9023828956314419,1.04,1.04,0.1846542886561994,0.5,0.03,1.3712452197162928,1.5887547802837072,36.05856916286642,36.05856916286642,0.0,0.07270542998307808,-0.05374983138179566,-0.07338138740477136,13.964615738993743,38.26589044394651,38.26589044394651,15.434165635991338,0.564800058157965,3.767443414887913,-0.388806601311658,2,one_per_bay,True,27+27+24,3,78,24,27,0,A40-12L-V4-kv410-direct,MJ-26x15EL,8.545837997273527,1.862211623171107,19.331852272888636,0.29490485956098805,0.4761355862591104,0.3,0.10680093372892101,0.09522711725182208,0.03390115012936014,0.045341019300461353,0.016141543991701004,9.107098897947271,5.433841298985311,0.6759964814665982,6.653178088789303,True,8.136135533506748,10.576976193558773,10.752306822077955,66.36343742377747,67.94061831280081,16.261950915863782,0.16600743094298,0.16600743094298012,0.16600743094298,-1.1102230246251565e-16,7.666666666666667,0.16600743094298,0.16600743094298,0.16600743094298012,-1.0724754417879012e-13,-32.83682170908132,0.0,145.8991082720824,1761.2489296815909,1489.1514657646487,13.583333333333332,False,"SOC floor violated (min 0.166, unmet 0 Wh); FLAG MJ-26x15EL: shaft power table 50.7 W vs similarity 42.5 W (16%) at 1492 rpm, 10.58 m/s",2.440446115104435,0.0,1.0914543799707208,True,1033.99256905702
6.0,0.3914543799707209,2.0,2.2178466475326144,0.3265152836067247,0.4074997255316657,0.1541866514642911,0.0,0.1006772589950577,3.0,0.15951755239623713,0.9023828956314419,1.04,1.04,0.1846542886561994,0.5,0.03,1.4912452197162929,1.468754780283707,36.06310792825945,36.06310792825945,0.0,0.07270542998307808,-0.05374983138179566,-0.07205143026410606,14.036457670565792,41.86062930605053,41.86062930605053,17.317214105586753,0.5261859740008398,3.7716287118107137,-0.38210826226285505,3,one_per_bay,True,28+28+24,3,80,24,28,0,A40-12L-V4-kv410-direct,21x13E,9.859522656497642,1.862211623171107,19.331852272888636,0.2949372456284558,0.4761355862591104,0.3,0.10312874615156728,0.09522711725182208,0.032735510672695645,0.045341019300461353,0.015586541565635305,10.507061794047935,6.160422918223412,0.7055747525006026,7.372125861210106,True,8.739141903935325,11.360884475115922,11.549209661738633,76.85715194085087,77.54396086666362,11.66766146907436,0.31240726309118944,0.34670887991956956,0.31240726309118944,-0.03430161682838012,7.833333333333333,0.31240726309118944,0.31240726309118944,0.34670887991956956,-49.7030427843228,162.87812421913347,0.0,0.0,1806.4091586477848,1731.4969699156898,13.916666666666668,False,"morning depletion (0.346709 -> 0.312407, -49.703 Wh); FLAG 21x13E: shaft power table 60.6 W vs similarity 51.2 W (15%) at 2192 rpm, 11.55 m/s",2.440446115104435,0.0,1.0914543799707208,True,1034.3016158283801
6.0,0.40491253282233236,2.0,2.2459287851691014,0.32582184437790146,0.40784853176269786,0.23203126683004538,0.0,0.105140869106418,3.0,0.16514298200390345,1.0954375417385127,1.04,1.04,0.19534986101580606,0.5,0.03,1.4065218591734436,1.5534781408265563,35.34248120533216,35.34248120533216,0.0,0.07270542998307808,-0.054430406012363895,-0.07409663968069524,14.760299328498434,37.2413398722597,37.2413398722597,15.041699312857599,0.5746531634099042,3.813340404949914,-0.41507614536192056,2,one_per_bay,True,30+30+24,3,84,24,30,0,A40-12L-V4-kv410-direct,MJ-20p5x12ELW,8.743091544620416,1.972819111810995,18.24799840212059,0.2985369796278067,0.48699838911504717,0.3,0.10660131077143414,0.09739967782300944,0.03460977774882731,0.04743348620013018,0.0168549060113087,9.317307371853772,5.554066404326464,0.6775649935686487,6.44826797445194,True,7.99547450516147,10.39411685670991,10.566416293528025,66.96159020477876,67.47940949250741,11.975396415714618,0.16483404880650782,0.16483404880650787,0.16483404880650782,-5.551115123125783e-17,7.583333333333333,0.16483404880650782,0.16483404880650782,0.16483404880650787,-5.362377208939506e-14,-33.97030885291346,0.0,277.4739139583477,1896.7296165801756,1492.5584190431582,13.416666666666668,False,"SOC floor violated (min 0.165, unmet 0 Wh)",2.475246375960523,0.0,1.1049125328223324,True,1035.1659511934922
6.0,0.3914543799707209,2.0,2.2178466475326144,0.3265152836067247,0.4074997255316657,0.1541866514642911,0.0,0.1006772589950577,3.0,0.15951755239623713,0.9023828956314419,1.04,1.04,0.1846542886561994,0.5,0.03,1.3712452197162928,1.5887547802837072,35.96139131510188,35.96139131510188,0.0,0.07270542998307808,-0.05374983138179566,-0.07342665388556298,13.936457190542571,38.13923706758726,38.13923706758726,15.370562954754512,0.5658392508854314,3.7673978713480443,-0.38927439676730774,2,one_per_bay,True,27+27+24,3,78,24,27,0,A40-12L-V4-kv410-direct,MJ-21x14EL,8.499837997273527,1.862211623171107,19.331852272888636,0.29490485605672306,0.4761355862591104,0.3,0.1069184697737831,0.09522711725182208,0.03393845885844479,0.045341019300461353,0.016159308005296313,9.05807777802442,5.407565459451842,0.6750750122112488,6.627847413517452,True,8.114208647370596,10.548471241581774,10.72332935403828,66.53306142188424,67.5903081385266,13.154387593419056,0.16360890934709768,0.16360890934709768,0.16360890934709768,0.0,7.666666666666667,0.16360890934709768,0.16360890934709768,0.16360890934709768,0.0,-35.15379357070365,0.0,147.20732067115668,1761.2489296815909,1487.8064607569072,13.583333333333332,False,"SOC floor violated (min 0.164, unmet 0 Wh); FLAG MJ-21x14EL: thrust table 3.17 N vs similarity 3.81 N (17%) at 1877 rpm, 10.55 m/s; FLAG MJ-21x14EL: thrust table 3.19 N vs similarity 3.89 N (18%) at 1916 rpm, 10.72 m/s",2.440446115104435,0.0,1.0914543799707208,True,1036.3910906529022
6.0,0.3914543799707209,2.0,2.2178466475326144,0.3265152836067247,0.4074997255316657,0.1541866514642911,0.0,0.1006772589950577,3.0,0.15951755239623713,0.9023828956314419,1.04,1.04,0.1846542886561994,0.5,0.03,1.3712452197162928,1.5887547802837072,36.09009033514607,36.09009033514607,0.0,0.07270542998307808,-0.05374983138179566,-0.07336661746709836,13.973765731440304,38.30705148469227,38.30705148469227,15.454877936083129,0.5644643129359517,3.767458161295849,-0.3886551352063742,2,one_per_bay,True,27+27+24,3,78,24,27,0,A40-12L-V4-kv410-direct,205x14E,8.560785488379883,1.862211623171107,19.331852272888636,0.29490486069563854,0.4761355862591104,0.3,0.10676252367433059,0.09522711725182208,0.03388895786678637,0.045341019300461353,0.01613573882161262,9.123028088253147,5.442366694416747,0.6762979417782236,6.661410296938456,True,8.143247865909178,10.586222225681931,10.761706122261266,66.74598286528214,67.18392703009427,12.275074898645,0.16059808253125088,0.16059808253125088,0.16059808253125088,0.0,7.666666666666667,0.16059808253125088,0.16059808253125088,0.16059808253125088,0.0,-38.06225227481166,0.0,148.5030653182539,1761.2489296815909,1486.4655071502266,13.583333333333332,False,"SOC floor violated (min 0.161, unmet 0 Wh)",2.440446115104435,0.0,1.0914543799707208,True,1039.4019174687492
6.0,0.4215323572925435,2.0,2.313150094449205,0.3332574544261799,0.4336782261141224,0.2789023219142424,2.1573757319797834e-05,0.123149039066416,0.8254096168847117,0.1828094049603347,1.2116777583473213,1.04,1.04,0.20738639695469774,0.5,0.03,1.3417495359924212,1.6182504640075788,36.49383810683448,36.49383810683448,0.0,0.07270542998307808,-0.05605952407744238,-0.07605080862592832,15.813718001541853,35.74971628143032,35.74971628143032,14.445327288217717,0.5860989024476256,3.86733501101504,-0.29848021236418,2,one_per_bay,True,34+34+24,3,92,24,34,0,A40-12L-V4-kv410-direct,16x12E,9.044273507061082,2.10228057850658,17.12426037136,0.2954510135130437,0.4953649953520718,0.3,0.10654037527013398,0.09907299907041434,0.03518424833366526,0.04907729572403161,0.017429045012272232,9.638269917492956,5.743750521749138,0.6780446645439999,6.149943256286064,True,7.877653380569118,10.240949394739854,10.410709831102219,67.96524752776573,69.46705885421541,6.288625213849869,0.1592937910610923,0.1592937910610923,0.1592937910610923,0.0,7.5,0.1592937910610923,0.1592937910610923,0.1592937910610923,0.0,-39.32219783498486,0.0,422.6642097791316,2077.3705324449543,1527.4355633695764,13.166666666666668,False,"SOC floor violated (min 0.159, unmet 0 Wh)",2.5475119189072952,0.0,1.1215323572925435,True,1040.7062089389078
6.0,0.3980954632306047,2.0,2.241182708625071,0.32653105142992855,0.4062812566598752,0.19155843382436055,0.0,0.09198968659264421,3.0,0.16173872507192522,0.9950649158844143,1.04,1.04,0.18977338894828197,0.5,0.030000000000000002,1.4464824999371921,1.5135175000628078,37.00563555355647,37.00563555355647,0.0,0.0727054299830781,-0.054315384167075126,-0.07272666148590946,14.40804164792396,41.08448733829699,41.08448733829699,16.98992112777433,0.5311919713552011,3.793569348499099,-0.41838600340123566,3,one_per_bay,True,29+29+24,3,82,24,29,0,A40-12L-V4-kv410-direct,MJ-21x13E,9.94883673720122,1.9146928626821706,18.801971168143336,0.29782202631905114,0.48027812858160046,0.3,0.10318195070259786,0.09605562571632008,0.03303735612456177,0.04613341615876886,0.015867119572788402,10.602241712764657,6.217831387908033,0.7051349660885133,7.216897467659397,True,8.657489152026669,11.254735897634669,11.441301498486773,79.12662114727455,79.85163172400587,11.726190108038676,0.28580914031355525,0.3269812323206478,0.28580914031355525,-0.04117209200709254,7.833333333333333,0.28580914031355525,0.28580914031355525,0.3269812323206478,-59.658361318277095,124.33744431434155,0.0,0.0,1851.5693876139792,1786.3494308499683,13.916666666666668,False,"morning depletion (0.326981 -> 0.285809, -59.658 Wh); FLAG MJ-21x13E: thrust table 3.65 N vs similarity 0.00 N (100%) at 2050 rpm, 11.25 m/s; FLAG MJ-21x13E: thrust table 3.67 N vs similarity 0.00 N (100%) at 2080 rpm, 11.44 m/s",2.466439537808769,0.0,1.0980954632306046,True,1041.1720910070926
6.0,0.3914543799707209,2.0,2.2178466475326144,0.3265152836067247,0.4074997255316657,0.1541866514642911,0.0,0.1006772589950577,3.0,0.15951755239623713,0.9023828956314419,1.04,1.04,0.1846542886561994,0.5,0.03,1.3712452197162928,1.5887547802837072,36.04360480898371,36.04360480898371,0.0,0.07270542998307808,-0.05374983138179566,-0.07338838442964031,13.960274672502004,38.24636320096919,38.24636320096919,15.424346693235442,0.5649596779099805,3.7674364096685617,-0.388878554651006,2,one_per_bay,True,27+27+24,3,78,24,27,0,A40-12L-V4-kv410-direct,18x10E,8.538746400951855,1.862211623171107,19.331852272888636,0.2949048590219852,0.4761355862591104,0.3,0.10681911984336287,0.09522711725182208,0.033906922833534504,0.045341019300461353,0.01614429258158737,9.09954155025751,5.4297943671549795,0.6758538049435099,6.649272640193837,True,8.13275902650196,10.572586734452548,10.747844600529058,67.00545851861104,68.4820011576764,8.665581012557203,0.15692884370854543,0.15692884370854543,0.15692884370854543,0.0,7.666666666666667,0.15692884370854543,0.15692884370854543,0.15692884370854543,0.0,-41.606736977545125,0.0,131.45750505973308,1761.2489296815909,1503.511656936923,13.583333333333332,False,"SOC floor violated (min 0.157, unmet 0 Wh); FLAG 18x10E: (10.75 m/s, 2757 rpm) not on the map; used C_T(J) similarity",2.440446115104435,0.0,1.0914543799707208,True,1043.0711562914546
6.0,0.4273516285650925,2.0,2.4014953207225496,0.33229562928092354,0.4417293178709181,0.3050148481799048,0.1282607993478486,0.1756732282538684,0.9556696060695937,0.18877374337708427,1.276436823486164,1.04,1.04,0.21209560678495418,0.5,0.02999999999999999,1.4054386733324642,1.5545613266675358,35.915682997847924,35.915682997847924,0.0,0.07270542998307805,-0.0582005832984943,-0.07872107310499034,16.3161245250779,34.99982350695924,34.99982350695924,14.171812764294843,0.5822431216019724,3.6066675845214973,-0.4044875459692038,2,one_per_bay,True,35+35+24,3,94,24,35,0,A40-12L-V4-kv410-direct,18x12E,9.176953441107974,2.1529057137499583,16.721586909300708,0.2983118398452294,0.49198687258590673,0.3,0.10623928324917888,0.09839737451718134,0.03484555514102121,0.04841021655937224,0.01714355569735079,10.136645659257079,6.03220655223045,0.6804208495660653,5.999964701391848,True,7.983205193774096,10.378166751906326,10.550201789727131,68.31960826665455,69.4970523835743,8.47229518203498,0.15648227268212053,0.15648227268212225,0.15648227268212053,-1.7208456881689926e-15,7.5,0.15648227268212053,0.15648227268212053,0.15648227268212225,-1.6623369347712469e-12,-42.03812458907158,0.0,462.65894888047336,2122.5307614111484,1532.4262429996763,13.166666666666668,False,"SOC floor violated (min 0.156, unmet 0 Wh)",2.6346774751861455,0.0,1.1273516285650924,True,1043.5177273178795
6.0,0.3914543799707209,2.0,2.2178466475326144,0.3265152836067247,0.4074997255316657,0.1541866514642911,0.0,0.1006772589950577,3.0,0.15951755239623713,0.9023828956314419,1.04,1.04,0.1846542886561994,0.5,0.03,1.3712452197162928,1.5887547802837072,36.04801904332109,36.04801904332109,0.0,0.07270542998307808,-0.05374983138179566,-0.07338632142094646,13.961555027205572,38.252122504608046,38.252122504608046,15.427242178935616,0.5649125774596351,3.7674384763935924,-0.3888573265124828,2,one_per_bay,True,27+27+24,3,78,24,27,0,A40-12L-V4-kv410-direct,MJ-20x11E,8.540837997273526,1.862211623171107,19.331852272888636,0.2949048591810097,0.4761355862591104,0.3,0.10681375851137018,0.09522711725182208,0.033905221019566854,0.045341019300461353,0.016143482287396177,9.101770515346958,5.4309881167901715,0.6758958627083678,6.65042450092161,True,8.133755039646115,10.57388155153995,10.74916088132117,67.04219154824419,67.9192152159653,11.514529847851925,0.15640939318269353,0.15640939318269353,0.15640939318269353,0.0,7.666666666666667,0.15640939318269353,0.15640939318269353,0.15640939318269353,0.0,-42.10852618551806,0.0,136.79991922265904,1761.2489296815909,1498.1482603632803,13.583333333333332,False,"SOC floor violated (min 0.156, unmet 0 Wh)",2.440446115104435,0.0,1.0914543799707208,True,1043.5906068173065
6.0,0.3914543799707209,2.0,2.2178910623168226,0.3265152836067247,0.4074997255316657,0.1541866514642911,0.0,0.1006772589950577,3.0,0.15951755239623713,0.9044974290027812,1.045,1.045,0.18470063590947344,0.5,0.030000000000000002,1.3721613031641589,1.5878386968358411,36.03245784426509,36.03245784426509,0.0,0.0727054299830781,-0.053750907780456804,-0.0733870166816179,13.964324719374448,38.24852703602806,38.24852703602806,15.42596712712537,0.5649441447644051,3.767635661812588,-0.390998794774485,2,one_per_bay,True,27+27+24,3,78,24,27,0,A40-12L-V4-kv410-direct,MJ-20x11E,8.541643263040918,1.862702061333056,19.32676231336553,0.2950215266327507,0.4761935123246418,0.3,0.10681212031808333,0.09523870246492837,0.03390882582207356,0.04535205223601576,0.016147162867017718,9.102628668167679,5.431458521580898,0.6759087143904468,6.649705407205612,True,8.13306756758133,10.57298783785573,10.748252352875236,67.04478684633696,67.92170848260045,11.51259730542116,0.15637269236656176,0.15637269236656176,0.15637269236656176,0.0,7.666666666666667,0.15637269236656176,0.15637269236656176,0.15637269236656176,0.0,-42.14397917390135,0.0,136.7383934463097,1761.2489296815909,1498.2094846898374,13.583333333333332,False,"SOC floor violated (min 0.156, unmet 0 Wh)",2.440539154602325,0.0,1.0914543799707208,True,1043.6273076334382
6.0,0.3980954632306047,2.0,2.241182708625071,0.32653105142992855,0.4062812566598752,0.19155843382436055,0.0,0.09198968659264421,3.0,0.16173872507192522,0.9950649158844143,1.04,1.04,0.18977338894828197,0.5,0.030000000000000002,1.326482499937192,1.633517500062808,36.91090047070866,36.91090047070866,0.0,0.0727054299830781,-0.054315384167075126,-0.07405605160698568,14.369772688491343,37.55992495690801,37.55992495690801,15.144395008785226,0.5708627801863397,3.7889981551202236,-0.4242145219401902,2,one_per_bay,True,29+29+24,3,82,24,29,0,A40-12L-V4-kv410-direct,MJ-21x14EL,8.62183673720122,1.9146928626821706,18.801971168143336,0.2977781091517553,0.48027812858160046,0.3,0.10684884815338613,0.09605562571632008,0.034211443221471925,0.04613341615876886,0.016431007926484217,9.188088970642506,5.483394434992725,0.6756206542443806,6.5119849913816035,True,8.059455495104126,10.477292143635365,10.650970346470064,67.40331710734267,68.42560567182095,12.887435795356188,0.1562722447558473,0.15627224475584842,0.1562722447558473,-1.1102230246251565e-15,7.666666666666667,0.1562722447558473,0.1562722447558473,0.15627224475584842,-1.0724754417879012e-12,-42.241011565851515,0.0,216.44874083452703,1851.569387613979,1508.4988312169608,13.416666666666668,False,"SOC floor violated (min 0.156, unmet 0 Wh); FLAG MJ-21x14EL: thrust table 3.23 N vs similarity 3.87 N (16%) at 1877 rpm, 10.48 m/s; FLAG MJ-21x14EL: thrust table 3.25 N vs similarity 3.94 N (18%) at 1916 rpm, 10.65 m/s",2.466439537808769,0.0,1.0980954632306046,True,1043.7277552441526
6.0,0.3914543799707209,2.0,2.2178466475326144,0.3265152836067247,0.4074997255316657,0.1541866514642911,0.0,0.1006772589950577,3.0,0.15951755239623713,0.9023828956314419,1.04,1.04,0.1846542886561994,0.5,0.03,1.4912452197162929,1.468754780283707,36.021597277031596,36.021597277031596,0.0,0.07270542998307808,-0.05374983138179566,-0.072076296186146,14.022571429786213,41.79802032241661,41.79802032241661,17.283370580585704,0.5265712657944053,3.77155516023704,-0.3822162160851578,3,one_per_bay,True,28+28+24,3,80,24,28,0,A40-12L-V4-kv410-direct,MJ-20p5x12EW,9.836837997273527,1.862211623171107,19.331852272888636,0.29493723990321125,0.4761355862591104,0.3,0.10319560802524354,0.09522711725182208,0.03275673421764313,0.045341019300461353,0.015596646850651373,10.482887285347191,6.148241187048667,0.7050221301385347,7.359604064483323,True,8.72908266355242,11.347807462618146,11.53591587643373,77.36391178223414,78.31773967706305,11.526546900992766,0.2972636733936311,0.34182203595206406,0.2972636733936311,-0.044558362558432985,7.833333333333333,0.2972636733936311,0.2972636733936311,0.34182203595206406,-64.56506734716939,140.9350627473714,0.0,0.0,1806.4091586477848,1746.3516473798154,13.916666666666668,False,"morning depletion (0.341822 -> 0.297264, -64.565 Wh)",2.440446115104435,0.0,1.0914543799707208,True,1044.558361558433
6.0,0.3964543799707209,2.0,2.220080576970795,0.3265152836067247,0.4074997255316657,0.1541866514642911,0.0,0.1006772589950577,3.0,0.16155505102389547,0.9023828956314419,1.04,1.04,0.1870128558112024,0.5,0.03,1.4009008142475063,1.5590991857524936,35.30066342673251,35.30066342673251,0.0,0.07270542998307808,-0.05380397098191391,-0.07342364282055694,14.0986065152875,38.0772913796812,38.0772913796812,15.364120506562044,0.5664915615439765,3.777031736477844,-0.35406734662932493,2,one_per_bay,True,27+27+24,3,78,24,27,0,A40-12L-V4-kv410-direct,MJ-20x11E,8.579760887041449,1.885997429620768,19.088042981712228,0.29371462542544174,0.47892561069126366,0.3,0.10674430066683206,0.09578512213825273,0.03408171958978294,0.04587394811519997,0.0163226083679452,9.143249725065594,5.4539644448510485,0.6764410214843823,6.61545827593624,True,8.100697357308972,10.530906564501665,10.705473513792453,67.17272308248572,68.04368973863532,11.421692001925523,0.15456349666787572,0.15456349666787572,0.15456349666787578,5.551115123125783e-17,7.666666666666667,0.15456349666787572,0.15456349666787578,0.15456349666787572,5.362377208939506e-14,-43.89166221883206,0.0,133.713358698145,1761.2489296815909,1501.21792331454,13.583333333333332,False,"SOC floor violated (min 0.155, unmet 0 Wh)",2.443877481685463,0.0,1.096454379970721,True,1045.4365033321242
6.0,0.3914543799707209,2.0,2.2178466475326144,0.3265152836067247,0.4074997255316657,0.1541866514642911,0.0,0.1006772589950577,3.0,0.15951755239623713,0.9023828956314419,1.04,1.04,0.1846542886561994,0.5,0.03,1.3712452197162928,1.5887547802837072,36.06151049218326,36.06151049218326,0.0,0.07270542998307808,-0.05374983138179566,-0.07338001097315482,13.965469212330394,38.26972966055883,38.26972966055883,15.436096665400068,0.5647687012690993,3.7674447914619584,-0.3887924619830156,2,one_per_bay,True,27+27+24,3,78,24,27,0,A40-12L-V4-kv410-direct,19x10E,8.547232237234226,1.862211623171107,19.331852272888636,0.2949048596669103,0.4761355862591104,0.3,0.10679735546099386,0.09522711725182208,0.033900014302228616,0.045341019300461353,0.01614100318398385,9.108584706736718,5.4346367780405425,0.6760245585392768,6.653945932111767,True,8.136799205264282,10.577838966843567,10.75318389723689,67.28641037264347,68.76374110886178,9.781207720414283,0.1529355615549967,0.1529355615549967,0.1529355615549967,0.0,7.75,0.1529355615549967,0.1529355615549967,0.1529355615549967,0.0,-45.464247537873185,0.0,124.67637821891282,1761.248929681591,1510.262710779053,13.583333333333332,False,"SOC floor violated (min 0.153, unmet 0 Wh); FLAG 19x10E: shaft power table 51.5 W vs similarity 42.7 W (17%) at 2559 rpm, 10.58 m/s; FLAG 19x10E: shaft power table 52.3 W vs similarity 44.0 W (16%) at 2609 rpm, 10.75 m/s",2.440446115104435,0.0,1.0914543799707208,True,1047.0644384450034
6.0,0.4323516285650925,2.0,2.4014953207225496,0.33229562928092354,0.4417293178709181,0.3050148481799048,0.1282607993478486,0.1756732282538684,0.9556696060695937,0.19098238996643888,1.276436823486164,1.04,1.04,0.21457711840920024,0.5,0.030000000000000002,1.4271608466955494,1.5328391533044505,35.33260541816948,35.33260541816948,0.0,0.0727054299830781,-0.05820058329849433,-0.0786752034612747,16.460952571381146,34.89777822172327,34.89777822172327,14.140573789737395,0.5835168595390574,3.615799671664236,-0.37219530171859283,2,one_per_bay,True,35+35+24,3,94,24,35,0,A40-12L-V4-kv410-direct,18x12E,9.21802696210627,2.1780946397987337,16.52820742597602,0.2971652183407696,0.4948566181282292,0.3,0.10613617280339686,0.09897132362564584,0.035014791689708204,0.04897661450106161,0.017327301400033426,10.183652876140265,6.057238465766895,0.6812369091450212,5.979555644344655,True,7.955291269319821,10.341878650115767,10.513312153473576,68.60574534530878,69.78447737627091,8.406658486678449,0.15253448219360544,0.15253448219360544,0.15253448219360544,0.0,7.5,0.15253448219360544,0.15253448219360544,0.15253448219360544,0.0,-45.85169020097716,0.0,455.73931162304706,2122.5307614111484,1539.3074852894931,13.166666666666668,False,"SOC floor violated (min 0.153, unmet 0 Wh)",2.6359624563812254,0.0,1.1323516285650925,True,1047.4655178063945
6.0,0.4323516285650925,2.0,2.4014953207225496,0.33229562928092354,0.4417293178709181,0.3050148481799048,0.1282607993478486,0.1756732282538684,0.9577304229989589,0.19098238996643888,1.2781742863657142,1.045,1.045,0.214615323060758,0.5,0.03,1.4276576603581548,1.5323423396418452,35.32939638234009,35.32939638234009,0.0,0.07270542998307808,-0.05820058329849432,-0.07867343578570363,16.463307850928707,34.89805030636287,34.89805030636287,14.14106366309873,0.5835111229343373,3.6153043653590498,-0.37446806672182026,2,one_per_bay,True,35+35+24,3,94,24,35,0,A40-12L-V4-kv410-direct,18x12E,9.218711014422054,2.178514009891064,16.52502569942168,0.2972815370142496,0.4949042556535797,0.3,0.10613229065909771,0.09898085113071595,0.035016881539633414,0.04898604445280476,0.01733000369368185,10.185314759776446,6.058116157497022,0.6812676573016756,5.979610061272574,True,7.955174552696501,10.341726918505453,10.513157906664386,68.61256192814108,69.79150326121909,8.405883770332663,0.15244041773245318,0.15244041773245318,0.15244041773245323,5.551115123125783e-17,7.5,0.15244041773245318,0.15244041773245323,0.15244041773245318,5.362377208939506e-14,-45.94255647045024,0.0,455.57241765503466,2122.5307614111484,1539.4733507170636,13.166666666666668,False,"SOC floor violated (min 0.152, unmet 0 Wh)",2.6360018333901567,0.0,1.1323516285650925,True,1047.5595822675468
6.0,0.3914543799707209,2.0,2.2178466475326144,0.3265152836067247,0.4074997255316657,0.1541866514642911,0.0,0.1006772589950577,3.0,0.15951755239623713,0.9023828956314419,1.04,1.04,0.1846542886561994,0.5,0.03,1.3712452197162928,1.5887547802837072,36.10007430104166,36.10007430104166,0.0,0.07270542998307808,-0.05374983138179566,-0.07336193044302086,13.97666555270042,38.32009682911869,38.32009682911869,15.461446659054117,0.5643581052335094,3.7674628293639287,-0.3886071876590094,2,one_per_bay,True,27+27+24,3,78,24,27,0,A40-12L-V4-kv410-direct,21x13E,8.565522656497642,1.862211623171107,19.331852272888636,0.2949048610548139,0.4761355862591104,0.3,0.1067503288466393,0.09522711725182208,0.033885086939164956,0.045341019300461353,0.01613389573522023,9.12807637708783,5.445067259614227,0.676393686592319,6.664019365823739,True,8.145500614744593,10.589150799167971,10.764683241628527,67.4055843484285,67.93721703686923,12.729105053961527,0.15127043818603736,0.15127043818603736,0.15127043818603736,0.0,7.666666666666667,0.15127043818603736,0.15127043818603736,0.15127043818603736,0.0,-47.07275671228792,0.0,131.61960380113885,1761.2489296815909,1503.2718648668695,13.583333333333332,False,"SOC floor violated (min 0.151, unmet 0 Wh)",2.440446115104435,0.0,1.0914543799707208,True,1048.7295618139626
6.0,0.3914543799707209,2.0,2.2178466475326144,0.3265152836067247,0.4074997255316657,0.1541866514642911,0.0,0.1006772589950577,3.0,0.15951755239623713,0.9023828956314419,1.04,1.04,0.1846542886561994,0.5,0.03,1.3712452197162928,1.5887547802837072,36.05223946161836,36.05223946161836,0.0,0.07270542998307808,-0.05374983138179566,-0.0733843482126796,13.96277931192084,38.25762964372353,38.25762964372353,15.430011266815393,0.5648675570186015,3.7674404521381675,-0.3888370328696216,2,one_per_bay,True,27+27+24,3,78,24,27,0,A40-12L-V4-kv410-direct,MJ-20p5x12EW,8.542837997273526,1.862211623171107,19.331852272888636,0.29490485933303007,0.4761355862591104,0.3,0.1068086300201291,0.09522711725182208,0.033903593114777725,0.045341019300461353,0.01614270718399503,9.103901868387084,5.4321294739820845,0.6759360968827137,6.651525928744706,True,8.134707320784049,10.575119517019264,10.75041936809708,67.41652898745195,68.01125419595387,12.58519759067156,0.15111566000705057,0.15111566000705057,0.15111566000705057,0.0,7.666666666666667,0.15111566000705057,0.15111566000705057,0.15111566000705057,0.0,-47.22227243318916,0.0,130.70157034324328,1761.2489296815909,1504.1917499540725,13.583333333333332,False,"SOC floor violated (min 0.151, unmet 0 Wh); FLAG MJ-20p5x12EW: thrust table 3.18 N vs similarity 3.76 N (15%) at 2076 rpm, 10.58 m/s",2.440446115104435,0.0,1.0914543799707208,True,1048.8843399929494
6.0,0.4323516285650925,2.0,2.4014953207225496,0.33229562928092354,0.4417293178709181,0.3050148481799048,0.1282607993478486,0.1756732282538684,0.9556696060695937,0.19098238996643888,1.276436823486164,1.04,1.04,0.21457711840920024,0.5,0.030000000000000002,1.4271608466955494,1.5328391533044505,35.36595883485573,35.36595883485573,0.0,0.0727054299830781,-0.05820058329849433,-0.07865737621435749,16.471960618548838,34.93863801773014,34.93863801773014,14.16152022157066,0.5831293301733566,3.6158573321833867,-0.3721034012861215,2,one_per_bay,True,35+35+24,3,94,24,35,0,A40-12L-V4-kv410-direct,20x15E,9.235438517573224,2.1780946397987337,16.52820742597602,0.2971652376544668,0.4948566181282292,0.3,0.10609133545703536,0.09897132362564584,0.034999999651317344,0.04897661450106161,0.0173199814619401,10.202888363044135,6.067397740932458,0.6815921419181794,5.987727603546028,True,7.962800937554752,10.351641218821177,10.523236552675318,68.7466438606182,72.52101522757384,10.821877726737592,0.15035308995900978,0.15035308995901017,0.15035308995900978,-3.885780586188048e-16,7.583333333333333,0.15035308995900978,0.15035308995900978,0.15035308995901017,-3.7536640462576543e-13,-47.95891509959656,0.0,424.26612683484086,2122.530761411149,1570.808475796849,13.166666666666668,False,"SOC floor violated (min 0.150, unmet 0 Wh); FLAG 20x15E: (10.35 m/s, 1945 rpm) not on the map; used C_T(J) similarity",2.6359624563812254,0.0,1.1323516285650925,True,1049.6469100409902
6.0,0.3980954632306047,2.0,2.241182708625071,0.32653105142992855,0.4062812566598752,0.19155843382436055,0.0,0.09198968659264421,3.0,0.16173872507192522,0.9950649158844143,1.04,1.04,0.18977338894828197,0.5,0.030000000000000002,1.4464824999371921,1.5135175000628078,36.92184983271121,36.92184983271121,0.0,0.0727054299830781,-0.054315384167075126,-0.07277570457787023,14.380336835935683,40.96384265726619,40.96384265726619,16.924771748186743,0.5319640448259405,3.79342459143599,-0.41859829416818145,3,one_per_bay,True,29+29+24,3,82,24,29,0,A40-12L-V4-kv410-direct,MJ-21x13p5EL,9.90383673720122,1.9146928626821706,18.801971168143336,0.2978220064720107,0.48027812858160046,0.3,0.10331306192714751,0.09605562571632008,0.03307933602693693,0.04613341615876886,0.015887281601739182,10.55428626936187,6.193638574063545,0.7040526571180559,7.192768531453238,True,8.63788743573503,11.22925366645554,11.415396857771407,79.72666101612097,80.28446094265418,11.620601306235336,0.2712265444551861,0.32119400401600195,0.2712265444551861,-0.04996745956081583,7.833333333333333,0.2712265444551861,0.2712265444551861,0.32119400401600195,-72.40284890362214,103.20726291556468,0.0,0.0,1851.5693876139792,1799.0643469794522,13.916666666666668,False,"morning depletion (0.321194 -> 0.271227, -72.403 Wh); FLAG MJ-21x13p5EL: thrust table 3.64 N vs similarity 4.36 N (17%) at 1981 rpm, 11.23 m/s; FLAG MJ-21x13p5EL: thrust table 3.66 N vs similarity 4.35 N (16%) at 2008 rpm, 11.42 m/s",2.466439537808769,0.0,1.0980954632306046,True,1049.9674585608159
6.0,0.40491253282233236,2.0,2.2459287851691014,0.32582184437790146,0.40784853176269786,0.23203126683004538,0.0,0.105140869106418,3.0,0.16514298200390345,1.0954375417385127,1.04,1.04,0.19534986101580606,0.5,0.03,1.4065218591734436,1.5534781408265563,35.3222637612856,35.3222637612856,0.0,0.07270542998307808,-0.054430406012363895,-0.07410653435359789,14.754104906103407,37.21506659467773,37.21506659467773,15.028408048851503,0.5748796859120386,3.8133038623900677,-0.4151297027376845,2,one_per_bay,True,30+30+24,3,84,24,30,0,A40-12L-V4-kv410-direct,MJ-21x14EL,8.733091544620416,1.972819111810995,18.24799840212059,0.2985369729640566,0.48699838911504717,0.3,0.10662706448796291,0.09739967782300944,0.034618139094469466,0.04743348620013018,0.016858977973167266,9.306650606653152,5.548383977489643,0.6773623895554413,6.443013318935546,True,7.990900744267467,10.388170967547708,10.560371841556865,68.0295996211796,69.1733785278063,12.62539471751666,0.1499154461401133,0.1499154461401133,0.1499154461401133,0.0,7.583333333333333,0.1499154461401133,0.1499154461401133,0.1499154461401133,0.0,-48.381679028650574,0.0,245.07997308287239,1896.7296165801756,1524.8153843367663,13.416666666666668,False,"SOC floor violated (min 0.150, unmet 0 Wh); FLAG MJ-21x14EL: thrust table 3.29 N vs similarity 3.91 N (16%) at 1872 rpm, 10.39 m/s; FLAG MJ-21x14EL: thrust table 3.31 N vs similarity 3.99 N (17%) at 1913 rpm, 10.56 m/s",2.475246375960523,0.0,1.1049125328223324,True,1050.0845538598867
6.0,0.3914543799707209,2.0,2.2178466475326144,0.3265152836067247,0.4074997255316657,0.1541866514642911,0.0,0.1006772589950577,3.0,0.15951755239623713,0.9023828956314419,1.04,1.04,0.1846542886561994,0.5,0.03,1.4912452197162929,1.468754780283707,36.04597726015981,36.04597726015981,0.0,0.07270542998307808,-0.05374983138179566,-0.07206169798106754,14.030725140980996,41.834783022127766,41.834783022127766,17.303238515281592,0.5263448535383601,3.7715983687193875,-0.3821527977162447,3,one_per_bay,True,28+28+24,3,80,24,28,0,A40-12L-V4-kv410-direct,20x11E,9.850157956418807,1.862211623171107,19.331852272888636,0.29493724326654824,0.4761355862591104,0.3,0.10315635725530306,0.09522711725182208,0.03274427509207197,0.045341019300461353,0.015590714617593275,10.497082053056499,6.155395510008181,0.7053464778971688,7.366956604425553,True,8.734990643879485,11.35548783704333,11.54372356558957,77.50424550792489,78.93401817740164,10.187747307265576,0.2902833023228367,0.3404684649115883,0.2902833023228367,-0.05018516258875155,7.916666666666667,0.2902833023228367,0.2902833023228367,0.3404684649115883,-72.718300591101,130.8205050657904,0.0,0.0,1806.409158647785,1754.5187666074132,13.916666666666668,False,"morning depletion (0.340468 -> 0.290283, -72.718 Wh); FLAG 20x11E: shaft power table 61.7 W vs similarity 50.7 W (18%) at 2474 rpm, 11.36 m/s; FLAG 20x11E: shaft power table 62.7 W vs similarity 52.0 W (17%) at 2519 rpm, 11.54 m/s",2.440446115104435,0.0,1.0914543799707208,True,1050.1851615887515
6.0,0.4215323572925435,2.0,2.313150094449205,0.3332574544261799,0.4336782261141224,0.2789023219142424,2.1573757319797834e-05,0.123149039066416,0.8254096168847117,0.1828094049603347,1.2116777583473213,1.04,1.04,0.20738639695469774,0.5,0.03,1.3417495359924212,1.6182504640075788,36.56047558983048,36.56047558983048,0.0,0.07270542998307808,-0.05605952407744238,-0.07601843152655197,15.834458436856005,35.83024900993396,35.83024900993396,14.486236299549487,0.5853541348125159,3.867451517028242,-0.2983086797164455,2,one_per_bay,True,34+34+24,3,92,24,34,0,A40-12L-V4-kv410-direct,20x13E,9.077333218230924,2.10228057850658,17.12426037136,0.2954509962042622,0.4953649953520718,0.3,0.1064568823936584,0.09907299907041434,0.035156675368087094,0.04907729572403161,0.01741538633030676,9.673500875446683,5.762486484037691,0.678702570885442,6.166049801986792,True,7.892037918354902,10.259649293861372,10.42971971154602,68.74453163816074,69.39171549530258,10.709201458977127,0.14867209196312373,0.14867209196312373,0.14867209196312373,0.0,7.5,0.14867209196312373,0.14867209196312373,0.14867209196312373,0.0,-49.58275916362249,0.0,413.1302306885016,2077.3705324449543,1536.8259857801327,13.25,False,"SOC floor violated (min 0.149, unmet 0 Wh)",2.5475119189072952,0.0,1.1215323572925435,True,1051.3279080368764
6.0,0.3914543799707209,2.0,2.2178466475326144,0.3265152836067247,0.4074997255316657,0.1541866514642911,0.0,0.1006772589950577,3.0,0.15951755239623713,0.9023828956314419,1.04,1.04,0.1846542886561994,0.5,0.03,1.3712452197162928,1.5887547802837072,36.026621100867295,36.026621100867295,0.0,0.07270542998307808,-0.05374983138179566,-0.0733963140346446,13.955349986906214,38.22421143457774,38.22421143457774,15.41321367650215,0.5651410156906771,3.7674284556103697,-0.38896025388407235,2,one_per_bay,True,27+27+24,3,78,24,27,0,A40-12L-V4-kv410-direct,17x10E,8.530701400415012,1.862211623171107,19.331852272888636,0.2949048584099773,0.4761355862591104,0.3,0.10683972192817905,0.09522711725182208,0.03391346242402258,0.045341019300461353,0.016147406313338303,9.09096818208151,5.425201646739706,0.6756922182873624,6.644842286915549,True,8.12892687912882,10.567604942867465,10.742780227624532,67.60928811781402,67.7566417304674,7.487175726360558,0.14838963956649562,0.14838963956649562,0.14838963956649562,0.0,7.666666666666667,0.14838963956649562,0.14838963956649562,0.14838963956649562,0.0,-49.855608178765245,0.0,130.69860419037212,1761.2489296815909,1504.1578482926855,13.583333333333332,False,"SOC floor violated (min 0.148, unmet 0 Wh); FLAG 17x10E: (10.74 m/s, 2873 rpm) not on the map; used C_T(J) similarity",2.440446115104435,0.0,1.0914543799707208,True,1051.6103604335044
6.0,0.3914543799707209,2.0,2.2178466475326144,0.3265152836067247,0.4074997255316657,0.1541866514642911,0.0,0.1006772589950577,3.0,0.15951755239623713,0.9023828956314419,1.04,1.04,0.1846542886561994,0.5,0.03,1.3712452197162928,1.5887547802837072,35.96350666916396,35.96350666916396,0.0,0.07270542998307808,-0.05374983138179566,-0.07342567287807389,13.937069332900204,38.14199012011447,38.14199012011447,15.371943392057176,0.565816563564902,3.767398864043277,-0.3892642004073996,2,one_per_bay,True,27+27+24,3,78,24,27,0,A40-12L-V4-kv410-direct,MJ-21x13EL,8.500837997273527,1.862211623171107,19.331852272888636,0.29490485613309847,0.4761355862591104,0.3,0.10691592552525389,0.09522711725182208,0.03393765125360143,0.045341019300461353,0.016158923475890753,9.059143454544483,5.408137308162387,0.6750949427396582,6.628398024022895,True,8.114685948820709,10.549091733466922,10.723960131588273,67.63146355418212,67.9870494015852,12.991169584508123,0.1480760273591066,0.14807602735910688,0.1480760273591066,-2.7755575615628914e-16,7.666666666666667,0.1480760273591066,0.1480760273591066,0.14807602735910688,-2.681188604469753e-13,-50.15855757110303,0.0,128.00267800419607,1761.2489296815909,1506.8591445441539,13.583333333333332,False,"SOC floor violated (min 0.148, unmet 0 Wh); FLAG MJ-21x13EL: thrust table 3.17 N vs similarity 3.92 N (19%) at 1930 rpm, 10.55 m/s; FLAG MJ-21x13EL: thrust table 3.19 N vs similarity 3.88 N (18%) at 1957 rpm, 10.72 m/s",2.440446115104435,0.0,1.0914543799707208,True,1051.9239726408935
6.0,0.4323516285650925,2.0,2.4014953207225496,0.33229562928092354,0.4417293178709181,0.3050148481799048,0.1282607993478486,0.1756732282538684,0.9556696060695937,0.19098238996643888,1.276436823486164,1.04,1.04,0.21457711840920024,0.5,0.030000000000000002,1.4271608466955494,1.5328391533044505,35.3171838492409,35.3171838492409,0.0,0.0727054299830781,-0.05820058329849433,-0.07868342889829791,16.455866308666604,34.87889987678645,34.87889987678645,14.130903157160345,0.5836963131280923,3.615772992852855,-0.37223782291527263,2,one_per_bay,True,35+35+24,3,94,24,35,0,A40-12L-V4-kv410-direct,17x12E,9.209981961569428,2.1780946397987337,16.52820742597602,0.2971652094045349,0.4948566181282292,0.3,0.10615685397083134,0.09897132362564584,0.03502161449809192,0.04897661450106161,0.017330677711916327,10.174765128990865,6.0525416301839705,0.6810731343423402,5.97577997535729,True,7.951819035353355,10.337364745959363,10.508723423994857,69.07407938537027,70.47417110957916,7.242541478117754,0.14605370425611894,0.14605370425612044,0.14605370425611894,-1.4988010832439613e-15,7.5,0.14605370425611894,0.14605370425611894,0.14605370425612044,-1.4478418464136666e-12,-52.11212168858912,0.0,442.0215174479868,2122.5307614111484,1552.9455655944848,13.166666666666668,False,"SOC floor violated (min 0.146, unmet 0 Wh)",2.6359624563812254,0.0,1.1323516285650925,True,1053.9462957438811
6.0,0.4373516285650925,2.0,2.4014953207225496,0.33229562928092354,0.4417293178709181,0.3050148481799048,0.1282607993478486,0.1756732282538684,0.9556696060695937,0.19319103655579348,1.276436823486164,1.04,1.04,0.2170586300334463,0.5,0.03,1.3283863448010371,1.6316136551989628,37.253688144284766,37.253688144284766,0.0,0.07270542998307808,-0.05820058329849432,-0.07857289655134281,16.606028218396407,34.82307029504428,34.82307029504428,14.120043891790653,0.5847367668355777,3.625458085035589,-0.33951380807108233,2,one_per_bay,True,35+35+24,3,94,24,35,0,A40-12L-V4-kv410-direct,18x12E,9.259148073709204,2.203283565847509,16.339249544646034,0.2959979723946205,0.49770981727684943,0.3,0.10603635920290946,0.09954196345536986,0.03518355797572162,0.049543012442750965,0.017511202211245847,10.230705331849228,6.082363238353647,0.6820280096619877,5.964614059008856,True,7.927938183870546,10.30631963903171,10.477163693793926,69.08896448506142,70.2770460381668,8.340876177197982,0.14586663600166966,0.14586663600166966,0.14586663600166966,0.0,7.5,0.14586663600166966,0.14586663600166966,0.14586663600166966,0.0,-52.29282962238712,0.0,443.95122827838657,2122.5307614111484,1551.0060311334462,13.166666666666668,False,"SOC floor violated (min 0.146, unmet 0 Wh)",2.6372391643794533,0.0,1.1373516285650924,True,1054.1333639983304
6.0,0.4323516285650925,2.0,2.4014953207225496,0.33229562928092354,0.4417293178709181,0.3050148481799048,0.1282607993478486,0.1756732282538684,0.9556696060695937,0.19098238996643888,1.276436823486164,1.04,1.04,0.21457711840920024,0.5,0.030000000000000002,1.4271608466955494,1.5328391533044505,35.34886473999282,35.34886473999282,0.0,0.0727054299830781,-0.05820058329849433,-0.07866651931601008,16.46631754214616,34.91769164950565,34.91769164950565,14.150779583853241,0.5833278439172205,3.615827787153262,-0.3721504907174107,2,one_per_bay,True,35+35+24,3,94,24,35,0,A40-12L-V4-kv410-direct,19x12E,9.226512798388644,2.1780946397987337,16.52820742597602,0.29716522775820997,0.4948566181282292,0.3,0.10611433374526708,0.09897132362564584,0.0350075868880754,0.04897661450106161,0.01732373605626313,10.193027638377208,6.062190787802003,0.6814099052915061,5.98353832990113,True,7.958952127029447,10.346637765138283,10.518150158588385,69.11911918736841,70.12341030580193,9.451000801861909,0.14546644648647364,0.14546644648647364,0.14546644648647364,0.0,7.5,0.14546644648647364,0.14546644648647364,0.14546644648647364,0.0,-52.67941269406648,0.0,445.20783814567466,2122.5307614111484,1549.7386809465397,13.166666666666668,False,"SOC floor violated (min 0.145, unmet 0 Wh); FLAG 19x12E: shaft power table 53.5 W vs similarity 45.3 W (15%) at 2304 rpm, 10.35 m/s; FLAG 19x12E: shaft power table 54.5 W vs similarity 46.1 W (15%) at 2342 rpm, 10.52 m/s",2.6359624563812254,0.0,1.1323516285650925,True,1054.5335535135264
6.0,0.3980954632306047,2.0,2.241182708625071,0.32653105142992855,0.4062812566598752,0.19155843382436055,0.0,0.09198968659264421,3.0,0.16173872507192522,0.9950649158844143,1.04,1.04,0.18977338894828197,0.5,0.030000000000000002,1.326482499937192,1.633517500062808,37.00282953130014,37.00282953130014,0.0,0.0727054299830781,-0.054315384167075126,-0.07401386150705246,14.396246175502366,37.6749340530953,37.6749340530953,15.202282247307034,0.5698904960823414,3.7891570110489656,-0.42398155388476566,2,one_per_bay,True,29+29+24,3,82,24,29,0,A40-12L-V4-kv410-direct,MJ-20p5x12EW,8.664836737201218,1.9146928626821706,18.801971168143336,0.2977781308892763,0.48027812858160046,0.3,0.10673943479239263,0.09605562571632008,0.03417641065863207,0.04613341615876886,0.016414182552764073,9.23391306100517,5.507919741344339,0.6764792325661981,6.53498681061906,True,8.079528106801357,10.503386538841765,10.677497298829723,68.22702673608961,68.75735998051158,12.331990220931825,0.14478261381754415,0.1447826138175456,0.14478261381754415,-1.4432899320127035e-15,7.666666666666667,0.14478261381754415,0.14478261381754415,0.1447826138175456,-1.3942180743242716e-12,-53.33999505225236,0.0,201.8030989656056,1851.569387613979,1523.0171407325902,13.5,False,"SOC floor violated (min 0.145, unmet 0 Wh); FLAG MJ-20p5x12EW: thrust table 3.25 N vs similarity 3.82 N (15%) at 2076 rpm, 10.50 m/s",2.466439537808769,0.0,1.0980954632306046,True,1055.2173861824558
6.0,0.40655378392285746,2.0,2.2717020771176584,0.3298026387744024,0.4201579790965225,0.21533670664019455,0.008902565770552756,0.11367908736788737,0.8019241366723606,0.17081681624707207,1.0540350324676826,1.04,1.04,0.19590364167382004,0.5,0.029999999999999995,1.3038093507909787,1.6561906492090213,37.28934614705088,37.28934614705088,0.0,0.07270542998307807,-0.05505502543676365,-0.07488479753478679,14.875995580713886,36.921044450406484,36.921044450406484,14.904230887452757,0.5751127745962495,3.816656997234042,-0.4254647683539694,2,one_per_bay,True,30+30+24,3,84,24,30,0,A40-12L-V4-kv410-direct,205x14E,8.811691813735806,1.9805868228877679,18.1764311384798,0.29921722434152925,0.4851802759536895,0.3,0.10667980866064185,0.09703605519073791,0.034505959336438005,0.04707998003489966,0.01674161087289978,9.390413067919969,5.599705449103082,0.6769476811363451,6.384208890081297,True,8.011024690737214,10.414332097958379,10.586966635365632,68.42279087981935,68.83600038549437,11.7459449270916,0.14442260340680038,0.14442260340680044,0.14442260340680038,-5.551115123125783e-17,7.583333333333333,0.14442260340680038,0.14442260340680038,0.14442260340680044,-5.362377208939506e-14,-53.68776510903084,0.0,243.29742603210943,1896.7296165801756,1526.520115050731,13.416666666666668,False,"SOC floor violated (min 0.144, unmet 0 Wh)",2.4998511914630823,0.0,1.1065537839228574,True,1055.5773965931996
6.0,0.3914543799707209,2.0,2.2178466475326144,0.3265152836067247,0.4074997255316657,0.1541866514642911,0.0,0.1006772589950577,3.0,0.15951755239623713,0.9023828956314419,1.04,1.04,0.1846542886561994,0.5,0.03,1.4912452197162929,1.468754780283707,36.01793518272576,36.01793518272576,0.0,0.07270542998307808,-0.05374983138179566,-0.07207848748390717,14.021347145070944,41.79250037926819,41.79250037926819,17.28038845168943,0.5266053052880348,3.771548667405425,-0.38222574580628466,3,one_per_bay,True,28+28+24,3,80,24,28,0,A40-12L-V4-kv410-direct,MJ-20x11E,9.834837997273526,1.862211623171107,19.331852272888636,0.2949372393978069,0.4761355862591104,0.3,0.10320149928367417,0.09522711725182208,0.03275860424283424,0.045341019300461353,0.015597537236192064,10.48075593230707,6.147166600871477,0.7049734638428742,7.358500075853637,True,8.728195231391332,11.346653800808733,11.534743090798521,78.04774942934249,79.32616373833969,10.547218025503518,0.2770525112713196,0.33520448886633386,0.2770525112713196,-0.05815197759501428,7.916666666666667,0.2770525112713196,0.2770525112713196,0.33520448886633386,-84.2622155351757,111.64908883214206,0.0,0.0,1806.409158647785,1766.036663919953,13.916666666666668,False,"morning depletion (0.335204 -> 0.277053, -84.262 Wh)",2.440446115104435,0.0,1.0914543799707208,True,1058.1519765950143
6.0,0.3914543799707209,2.0,2.2178910623168226,0.3265152836067247,0.4074997255316657,0.1541866514642911,0.0,0.1006772589950577,3.0,0.15951755239623713,0.9044974290027812,1.045,1.045,0.18470063590947344,0.5,0.030000000000000002,1.492161303164159,1.467838696835841,35.99940422546878,35.99940422546878,0.0,0.0727054299830781,-0.053750907780456804,-0.07207909354082204,14.024116837239822,41.78835749418925,41.78835749418925,17.27889300561961,0.5266377017736434,3.7717526960303087,-0.3843809852579918,3,one_per_bay,True,28+28+24,3,80,24,28,0,A40-12L-V4-kv410-direct,MJ-20x11E,9.835643263040918,1.862702061333056,19.32676231336553,0.29505395307102217,0.4761935123246418,0.3,0.10319966718609609,0.09523870246492837,0.03276200799205412,0.04535205223601576,0.015601055656544238,10.481614085127783,6.14761535525901,0.7049885979221571,7.357671498837851,True,8.72740338847572,11.345624405018436,11.533696631094346,78.05010701375406,79.32833058522453,10.545531234182574,0.27699186271969667,0.33518162781732164,0.27699186271969667,-0.05818976509762497,7.916666666666667,0.27699186271969667,0.27699186271969667,0.33518162781732164,-84.31696962645857,111.56120908084046,0.0,0.0,1806.409158647785,1766.0913226757502,13.916666666666668,False,"morning depletion (0.335182 -> 0.276992, -84.317 Wh)",2.440539154602325,0.0,1.0914543799707208,True,1058.189764097625
6.0,0.3980954632306047,2.0,2.241182708625071,0.32653105142992855,0.4062812566598752,0.19155843382436055,0.0,0.09198968659264421,3.0,0.16173872507192522,0.9950649158844143,1.04,1.04,0.18977338894828197,0.5,0.030000000000000002,1.326482499937192,1.633517500062808,36.913040956047475,36.913040956047475,0.0,0.0727054299830781,-0.054315384167075126,-0.07405507322452073,14.370388350979972,37.56259933325275,37.56259933325275,15.145739234328923,0.5708400804536577,3.789001858434169,-0.4242090908944045,2,one_per_bay,True,29+29+24,3,82,24,29,0,A40-12L-V4-kv410-direct,MJ-21x13EL,8.622836737201219,1.9146928626821706,18.801971168143336,0.29777810965851725,0.48027812858160046,0.3,0.10684631339650973,0.09605562571632008,0.03421063162927925,0.04613341615876886,0.016430618136504746,9.189154647162567,5.483965375379708,0.67564052982853,6.51251986665055,True,8.059922867780111,10.477899728114146,10.651588002652382,68.47485598638532,68.78016072575329,12.727888268270839,0.14129895826235828,0.14129895826235828,0.14129895826235828,0.0,7.666666666666667,0.14129895826235828,0.14129895826235828,0.14129895826235828,0.0,-56.70520631856191,0.0,198.1825144903003,1851.569387613979,1526.6022434366203,13.5,False,"SOC floor violated (min 0.141, unmet 0 Wh); FLAG MJ-21x13EL: thrust table 3.23 N vs similarity 3.98 N (19%) at 1929 rpm, 10.48 m/s; FLAG MJ-21x13EL: thrust table 3.25 N vs similarity 3.93 N (17%) at 1956 rpm, 10.65 m/s",2.466439537808769,0.0,1.0980954632306046,True,1058.7010417376418
6.0,0.3914543799707209,2.0,2.2178466475326144,0.3265152836067247,0.4074997255316657,0.1541866514642911,0.0,0.1006772589950577,3.0,0.15951755239623713,0.9023828956314419,1.04,1.04,0.1846542886561994,0.5,0.03,1.4912452197162929,1.468754780283707,36.03258132681446,36.03258132681446,0.0,0.07270542998307808,-0.05374983138179566,-0.07206972130044748,14.026244283932018,41.81458015020368,41.81458015020368,17.292318618503366,0.5264692155887503,3.771574630814196,-0.382187638542444,3,one_per_bay,True,28+28+24,3,80,24,28,0,A40-12L-V4-kv410-direct,MJ-21x13E,9.842837997273527,1.862211623171107,19.331852272888636,0.2949372414187905,0.4761355862591104,0.3,0.10317793068948591,0.09522711725182208,0.03275112301189349,0.045341019300461353,0.015593975155912149,10.489281344467564,6.151464381195414,0.7051681834544221,7.362916030040736,True,8.731744418882085,11.351267744546712,11.53943351817802,78.37276599475986,79.10490296812327,11.944068742743289,0.272325555688072,0.33208273576655606,0.272325555688072,-0.05975718007848407,7.916666666666667,0.272325555688072,0.272325555688072,0.33208273576655606,-86.58815393372342,104.79973019201628,0.0,0.0,1806.409158647785,1768.3287650223194,13.916666666666668,False,"morning depletion (0.332083 -> 0.272326, -86.588 Wh); FLAG MJ-21x13E: thrust table 3.59 N vs similarity 0.00 N (100%) at 2053 rpm, 11.35 m/s; FLAG MJ-21x13E: thrust table 3.60 N vs similarity 0.00 N (100%) at 2082 rpm, 11.54 m/s",2.440446115104435,0.0,1.0914543799707208,True,1059.7571790784841
6.0,0.3964543799707209,2.0,2.220080576970795,0.3265152836067247,0.4074997255316657,0.1541866514642911,0.0,0.1006772589950577,3.0,0.16155505102389547,0.9023828956314419,1.04,1.04,0.1870128558112024,0.5,0.03,1.5209008142475064,1.4390991857524935,35.18780728472069,35.18780728472069,0.0,0.07270542998307808,-0.05380397098191391,-0.07211076776530831,14.158603073414634,41.5915941021811,41.5915941021811,17.20655275539062,0.5282234722136102,3.7815172675163193,-0.3479846605753991,3,one_per_bay,True,28+28+24,3,80,24,28,0,A40-12L-V4-kv410-direct,MJ-20x11E,9.873760887041449,1.885997429620768,19.088042981712228,0.293739746628482,0.47892561069126366,0.3,0.10312337429798184,0.09578512213825273,0.03292561667480314,0.04587394811519997,0.01576892107336655,10.522235142025703,6.169158565275886,0.7056191749150067,7.31831882043622,True,8.690126888103508,11.297164954534562,11.48443388619479,78.17732178074621,79.44708974021222,10.466093543603419,0.2737064290375726,0.3339479393416647,0.2737064290375726,-0.06024151030409214,7.916666666666667,0.2737064290375726,0.2737064290375726,0.3339479393416647,-87.28994843062951,106.80061567544266,0.0,0.0,1806.409158647785,1769.0592163292006,13.916666666666668,False,"morning depletion (0.333948 -> 0.273706, -87.290 Wh)",2.443877481685463,0.0,1.096454379970721,True,1060.2415093040922
6.0,0.3914543799707209,2.0,2.2178466475326144,0.3265152836067247,0.4074997255316657,0.1541866514642911,0.0,0.1006772589950577,3.0,0.15951755239623713,0.9023828956314419,1.04,1.04,0.1846542886561994,0.5,0.03,1.3712452197162928,1.5887547802837072,36.08033476879767,36.08033476879767,0.0,0.07270542998307808,-0.05374983138179566,-0.07337119317548674,13.970933023115624,38.29430831969712,38.29430831969712,15.448463360228937,0.5645681539908598,3.767453598769893,-0.3887019986893167,2,one_per_bay,True,27+27+24,3,78,24,27,0,A40-12L-V4-kv410-direct,20x10E,8.556157956418806,1.862211623171107,19.331852272888636,0.2949048603445786,0.4761355862591104,0.3,0.10677442611130947,0.09522711725182208,0.033892735982658934,0.045341019300461353,0.01613753771702856,9.118096636096391,5.4397280226252205,0.676204508418784,6.658861663939425,True,8.141046652387415,10.583360648103639,10.758797109368176,68.35336844928665,69.64997030000093,10.736045375988846,0.13776947288903474,0.13776947288903474,0.13776947288903474,0.0,7.75,0.13776947288903474,0.13776947288903474,0.13776947288903474,0.0,-60.114689189192454,0.0,100.82544658823421,1761.248929681591,1533.98711206115,13.583333333333332,False,"SOC floor violated (min 0.138, unmet 0 Wh); FLAG 20x10E: shaft power table 53.4 W vs similarity 43.6 W (18%) at 2467 rpm, 10.58 m/s; FLAG 20x10E: shaft power table 54.5 W vs similarity 44.7 W (18%) at 2512 rpm, 10.76 m/s",2.440446115104435,0.0,1.0914543799707208,True,1062.2305271109653
6.0,0.40491253282233236,2.0,2.2459287851691014,0.32582184437790146,0.40784853176269786,0.23203126683004538,0.0,0.105140869106418,3.0,0.16514298200390345,1.0954375417385127,1.04,1.04,0.19534986101580606,0.5,0.03,1.4065218591734436,1.5534781408265563,35.40911686966749,35.40911686966749,0.0,0.07270542998307808,-0.054430406012363895,-0.07406389934824975,14.780740922402025,37.328049463302065,37.328049463302065,15.085624649534845,0.5739085841142525,3.8134606995430422,-0.414899839628419,2,one_per_bay,True,30+30+24,3,84,24,30,0,A40-12L-V4-kv410-direct,MJ-20p5x12EW,8.776091544620417,1.972819111810995,18.24799840212059,0.29853700156410756,0.48699838911504717,0.3,0.10651601821045989,0.09739967782300944,0.034582086188962004,0.04743348620013018,0.016841420266262213,9.352474697015815,5.572798961155065,0.6782365131430013,6.465609892660412,True,8.010549387771784,10.41371420410332,10.586338498912312,68.90073602261029,69.39951767782794,12.083731472748942,0.1377313784749906,0.1377313784749907,0.1377313784749906,-1.1102230246251565e-16,7.666666666666667,0.1377313784749906,0.1377313784749906,0.1377313784749907,-1.0724754417879012e-13,-60.1514883931591,0.0,230.85624062897898,1896.7296165801752,1538.8964370603592,13.416666666666668,False,"SOC floor violated (min 0.138, unmet 0 Wh)",2.475246375960523,0.0,1.1049125328223324,True,1062.2686215250094
6.0,0.3914543799707209,2.0,2.2178466475326144,0.3265152836067247,0.4074997255316657,0.1541866514642911,0.0,0.1006772589950577,3.0,0.15951755239623713,0.9023828956314419,1.04,1.04,0.1846542886561994,0.5,0.03,1.3712452197162928,1.5887547802837072,35.96350666916396,35.96350666916396,0.0,0.07270542998307808,-0.05374983138179566,-0.07342567287807389,13.937069332900204,38.14199012011447,38.14199012011447,15.371943392057176,0.565816563564902,3.767398864043277,-0.3892642004073996,2,one_per_bay,True,27+27+24,3,78,24,27,0,A40-12L-V4-kv410-direct,MJ-20x10EL,8.500837997273527,1.862211623171107,19.331852272888636,0.29490485613309847,0.4761355862591104,0.3,0.10691592552525389,0.09522711725182208,0.03393765125360143,0.045341019300461353,0.016158923475890753,9.059143454544483,5.408137308162387,0.6750949427396582,6.628398024022895,True,8.114685948820709,10.549091733466922,10.723960131588273,68.38375301089509,69.4700892619332,11.28763804390173,0.13735524378154265,0.13735524378154276,0.13735524378154265,-1.1102230246251565e-16,7.75,0.13735524378154265,0.13735524378154265,0.13735524378154276,-1.0724754417879012e-13,-60.51483450702981,0.0,102.27532258179977,1761.248929681591,1532.526074876459,13.583333333333332,False,"SOC floor violated (min 0.137, unmet 0 Wh)",2.440446115104435,0.0,1.0914543799707208,True,1062.6447562184574
6.0,0.3914543799707209,2.0,2.2178466475326144,0.3265152836067247,0.4074997255316657,0.1541866514642911,0.0,0.1006772589950577,3.0,0.15951755239623713,0.9023828956314419,1.04,1.04,0.1846542886561994,0.5,0.03,1.3712452197162928,1.5887547802837072,35.96985198493801,35.96985198493801,0.0,0.07270542998307808,-0.05374983138179566,-0.07342272903485686,13.938905759973107,38.15024935390299,38.15024935390299,15.376085300207857,0.5657485273543581,3.7674018414284696,-0.38923361852330635,2,one_per_bay,True,27+27+24,3,78,24,27,0,A40-12L-V4-kv410-direct,MJ-21x13p5EL,8.503837997273527,1.862211623171107,19.331852272888636,0.29490485636219366,0.4761355862591104,0.3,0.10690828985493157,0.09522711725182208,0.03393522751069117,0.045341019300461353,0.016157769445639233,9.06234048410467,5.4098526848639885,0.6751547615076159,6.6300498707805975,True,8.116117684753085,10.550952990179011,10.725852241665557,68.41593858997781,70.21407752334072,12.900056255497633,0.13681250258839095,0.13681250258839095,0.13681250258839095,0.0,7.75,0.13681250258839095,0.13681250258839095,0.13681250258839095,0.0,-61.03912249961435,0.0,94.11036179902439,1761.248929681591,1540.7131400486717,13.583333333333332,False,"SOC floor violated (min 0.137, unmet 0 Wh); FLAG MJ-21x13p5EL: thrust table 3.17 N vs similarity 3.86 N (18%) at 1859 rpm, 10.55 m/s; FLAG MJ-21x13p5EL: thrust table 3.19 N vs similarity 3.99 N (20%) at 1908 rpm, 10.73 m/s",2.440446115104435,0.0,1.0914543799707208,True,1063.187497411609
6.0,0.40491253282233236,2.0,2.2459287851691014,0.32582184437790146,0.40784853176269786,0.23203126683004538,0.0,0.105140869106418,3.0,0.16514298200390345,1.0954375417385127,1.04,1.04,0.19534986101580606,0.5,0.03,1.5265218591734437,1.4334781408265562,35.21446655016086,35.21446655016086,0.0,0.07270542998307808,-0.054430406012363895,-0.07273363509872571,14.810183295165293,40.75308700583981,40.75308700583981,16.891398460915152,0.5348861658548022,3.817909501389666,-0.40913906032351083,3,one_per_bay,True,30+30+24,3,84,24,30,0,A40-12L-V4-kv410-direct,MJ-22x12EW,10.088091544620417,1.972819111810995,18.24799840212059,0.29857537482327634,0.48699838911504717,0.3,0.10284959286683618,0.09739967782300944,0.033391724031525113,0.04743348620013018,0.016261715813126937,10.750642291337035,6.294700521141371,0.7078878105844664,7.1506174011679615,True,8.588478588045911,11.165022164459685,11.350100613886228,82.25089752731651,83.29892144461101,12.081165611334729,0.23477597443670162,0.29898058172368125,0.23477597443670162,-0.06420460728697963,7.916666666666667,0.23477597443670162,0.23477597443670162,0.29898058172368125,-93.03247595883349,50.39038695878063,0.0,0.0,1896.729616580175,1864.5891151549727,13.916666666666668,False,"morning depletion (0.298981 -> 0.234776, -93.032 Wh)",2.475246375960523,0.0,1.1049125328223324,True,1064.2046062869797
6.0,0.3914543799707209,2.0,2.2178466475326144,0.3265152836067247,0.4074997255316657,0.1541866514642911,0.0,0.1006772589950577,3.0,0.15951755239623713,0.9023828956314419,1.04,1.04,0.1846542886561994,0.5,0.03,1.3712452197162928,1.5887547802837072,36.01056280519244,36.01056280519244,0.0,0.07270542998307808,-0.05374983138179566,-0.07340380016536625,13.950695773577412,38.20327701623676,38.20327701623676,15.402697972852957,0.5653126472261208,3.7674209315052867,-0.38903753690097054,2,one_per_bay,True,27+27+24,3,78,24,27,0,A40-12L-V4-kv410-direct,16x10E,8.523098245248965,1.862211623171107,19.331852272888636,0.2949048578310445,0.4761355862591104,0.3,0.10685916406790902,0.09522711725182208,0.033919633820421555,0.045341019300461353,0.016150344734780765,9.082865678142669,5.420859491894179,0.6755397721937444,6.640655403247353,True,8.125303538738978,10.562894600360671,10.737991803509427,68.59569598702032,69.4793757807291,6.443960810220558,0.13443298131540365,0.13443298131540438,0.13443298131540365,-7.216449660063518e-16,7.75,0.13443298131540365,0.13443298131540365,0.13443298131540438,-6.971090371621358e-13,-63.33774004932008,0.0,99.34188654399827,1761.248929681591,1535.4280615568084,13.666666666666666,False,"SOC floor violated (min 0.134, unmet 0 Wh)",2.440446115104435,0.0,1.0914543799707208,True,1065.5670186845964
6.0,0.40491253282233236,2.0,2.2459287851691014,0.32582184437790146,0.40784853176269786,0.23203126683004538,0.0,0.105140869106418,3.0,0.16514298200390345,1.0954375417385127,1.04,1.04,0.19534986101580606,0.5,0.03,1.4065218591734436,1.5534781408265563,35.3242860263951,35.3242860263951,0.0,0.07270542998307808,-0.054430406012363895,-0.07410554544947509,14.75472434834291,37.21769387248996,37.21769387248996,15.029736766594134,0.5748570149092149,3.8133075185285206,-0.41512434424031935,2,one_per_bay,True,30+30+24,3,84,24,30,0,A40-12L-V4-kv410-direct,MJ-21x13EL,8.734091544620417,1.972819111810995,18.24799840212059,0.29853697363073467,0.48699838911504717,0.3,0.106624491073785,0.09739967782300944,0.03461730359543001,0.04743348620013018,0.016858571086480947,9.307716283173214,5.548952343808366,0.6773826312563225,6.443538774497993,True,7.991358238155116,10.388765709601651,10.560976442430212,69.21310743637856,69.47298599577526,12.469547679850118,0.13336077890074824,0.1333607789007484,0.13336077890074824,-1.6653345369377348e-16,7.666666666666667,0.13336077890074824,0.13336077890074824,0.1333607789007484,-1.6087131626818518e-13,-64.37348758187721,0.0,225.84226897196132,1896.7296165801752,1543.8649598933746,13.416666666666668,False,"SOC floor violated (min 0.133, unmet 0 Wh); FLAG MJ-21x13EL: thrust table 3.29 N vs similarity 4.03 N (18%) at 1927 rpm, 10.39 m/s; FLAG MJ-21x13EL: thrust table 3.31 N vs similarity 3.99 N (17%) at 1953 rpm, 10.56 m/s",2.475246375960523,0.0,1.1049125328223324,True,1066.6392210992517
6.0,0.4323516285650925,2.0,2.4014953207225496,0.33229562928092354,0.4417293178709181,0.3050148481799048,0.1282607993478486,0.1756732282538684,0.9556696060695937,0.19098238996643888,1.276436823486164,1.04,1.04,0.21457711840920024,0.5,0.030000000000000002,1.4271608466955494,1.5328391533044505,35.30260306768393,35.30260306768393,0.0,0.0727054299830781,-0.05820058329849433,-0.0786911957687424,16.451059392314416,34.86105889373685,34.86105889373685,14.121768111497609,0.5838661414525607,3.615747757859886,-0.37227804292629996,2,one_per_bay,True,35+35+24,3,94,24,35,0,A40-12L-V4-kv410-direct,16x12E,9.202378806403381,2.1780946397987337,16.52820742597602,0.2971652009518944,0.4948566181282292,0.3,0.10617637827858807,0.09897132362564584,0.03502805565336378,0.04897661450106161,0.017333865160231,10.16636551231663,6.048101154963581,0.6809185646594644,5.972211778747371,True,7.948536108355838,10.333096940862589,10.504384873068997,70.04093029010004,71.64385323381633,6.221198938213391,0.13283364452876498,0.13283364452876517,0.13283364452876498,-1.942890293094024e-16,7.5,0.13283364452876498,0.13283364452876498,0.13283364452876517,-1.8768320231288271e-13,-64.88269938521304,0.0,416.60288994369097,2122.5307614111484,1578.2137486073464,13.25,False,"SOC floor violated (min 0.133, unmet 0 Wh)",2.6359624563812254,0.0,1.1323516285650925,True,1067.166355471235
6.0,0.4139089233703305,1.7624318254406686,2.007821332686385,0.3604020786541995,0.43612800278667246,0.07216426208407739,0.0,0.102177318722824,3.0,0.18051727208508409,0.7017962830425423,1.0460978747819836,1.0460978747819836,0.20511676165177484,0.5,0.03,1.3773348972781974,1.5826651027218026,37.39124454163647,37.39124454163647,0.0,0.07270542998307808,-0.048659837774053506,-0.06431909425989114,14.12319505516059,46.07159819501604,46.07159819501604,19.511450269279262,0.5211857531685616,3.8066708229196946,-0.2440170180010851,3,one_per_bay,True,28+28+24,3,80,24,28,0,A40-12L-V4-kv410-direct,MJ-20p5x12EW,9.950812447607463,1.947071979731391,18.489301050373285,0.28983910869593016,0.5116940339963576,0.3,0.09970471073768458,0.10233880679927153,0.03401220376387052,0.05236615688549312,0.017403841749041006,10.60434718095503,6.113376588105949,0.7346137650977715,8.21431963900321,True,8.586054288574207,11.16187057514647,11.34689678184078,78.77561718682472,79.71814074865756,11.230338949395227,0.26026373918775403,0.3281622477916077,0.26026373918775403,-0.06789850860385366,7.916666666666667,0.26026373918775403,0.26026373918775403,0.3281622477916077,-98.38493896698395,87.32215808305557,0.0,0.0,1806.409158647785,1780.118591732277,13.916666666666668,False,"morning depletion (0.328162 -> 0.260264, -98.385 Wh)",2.245878158792019,0.0,1.1139089233703303,True,1067.8985076038537
6.0,0.3914543799707209,2.0,2.2178466475326144,0.3265152836067247,0.4074997255316657,0.1541866514642911,0.0,0.1006772589950577,3.0,0.15951755239623713,0.9023828956314419,1.04,1.04,0.1846542886561994,0.5,0.03,1.4912452197162929,1.468754780283707,35.95011915052767,35.95011915052767,0.0,0.07270542998307808,-0.05374983138179566,-0.07211899611001436,13.99869787783848,41.69038146810647,41.69038146810647,17.225268916478804,0.5272370963263039,3.7714283112672202,-0.3824023960767107,3,one_per_bay,True,28+28+24,3,80,24,28,0,A40-12L-V4-kv410-direct,MJ-21x13p5EL,9.797837997273527,1.862211623171107,19.331852272888636,0.2949372300294512,0.4761355862591104,0.3,0.10331037856629205,0.09522711725182208,0.032793165110208064,0.045341019300461353,0.015613992895040722,10.441325901064777,6.127269752933184,0.704074787317208,7.3380762936212935,True,8.711761430679537,11.3252898598834,11.513025007713695,78.93701720572903,79.5018435357629,11.837281770078798,0.25872501355274524,0.3266505510979996,0.25872501355274524,-0.06792553754525438,7.916666666666667,0.25872501355274524,0.25872501355274524,0.3266505510979996,-98.42410390307359,85.09254463792784,0.0,0.0,1806.409158647785,1780.1366762378457,14.0,False,"morning depletion (0.326651 -> 0.258725, -98.424 Wh); FLAG MJ-21x13p5EL: thrust table 3.57 N vs similarity 4.33 N (18%) at 1983 rpm, 11.33 m/s; FLAG MJ-21x13p5EL: thrust table 3.59 N vs similarity 4.29 N (16%) at 2011 rpm, 11.51 m/s",2.440446115104435,0.0,1.0914543799707208,True,1067.9255365452543
6.0,0.3914543799707209,2.0,2.2178466475326144,0.3265152836067247,0.4074997255316657,0.1541866514642911,0.0,0.1006772589950577,3.0,0.15951755239623713,0.9023828956314419,1.04,1.04,0.1846542886561994,0.5,0.03,1.3712452197162928,1.5887547802837072,36.04168748924352,36.04168748924352,0.0,0.07270542998307808,-0.05374983138179566,-0.07338928023597208,13.95971860013267,38.2438618876884,38.2438618876884,15.423089285262911,0.5649801399467748,3.767435511909077,-0.38888777588877693,2,one_per_bay,True,27+27+24,3,78,24,27,0,A40-12L-V4-kv410-direct,MJ-20x10E,8.537837997273527,1.862211623171107,19.331852272888636,0.29490485895291213,0.4761355862591104,0.3,0.10682144768465947,0.09522711725182208,0.03390766174558815,0.045341019300461353,0.016144644403911227,9.098573485786776,5.42927587008259,0.6758355448326794,6.6487723775376795,True,8.132326408857129,10.572024331514267,10.74727287484495,68.7939744106427,69.95277532671277,11.320267586340295,0.13161061319292053,0.13161061319292214,0.13161061319292053,-1.609823385706477e-15,7.75,0.13161061319292053,0.13161061319292053,0.13161061319292214,-1.5550893905924568e-12,-66.06414765563878,0.0,91.72936467227294,1761.248929681591,1543.0296619881444,13.666666666666666,False,"SOC floor violated (min 0.132, unmet 0 Wh)",2.440446115104435,0.0,1.0914543799707208,True,1068.3893868070795
6.0,0.3980954632306047,2.0,2.241182708625071,0.32653105142992855,0.4062812566598752,0.19155843382436055,0.0,0.09198968659264421,3.0,0.16173872507192522,0.9950649158844143,1.04,1.04,0.18977338894828197,0.5,0.030000000000000002,1.326482499937192,1.633517500062808,36.91946166746838,36.91946166746838,0.0,0.0727054299830781,-0.054315384167075126,-0.0740521372746205,14.372235338445858,37.570622535721554,37.570622535721554,15.149772485860863,0.5707720066283366,3.7890129657996874,-0.42419280153512484,2,one_per_bay,True,29+29+24,3,82,24,29,0,A40-12L-V4-kv410-direct,MJ-21x13p5EL,8.625836737201219,1.9146928626821706,18.801971168143336,0.29777811117844155,0.48027812858160046,0.3,0.1068387062745839,0.09605562571632008,0.03420819593975763,0.04613341615876886,0.016429448328099498,9.192351676722751,5.485678028183573,0.6757001831852931,6.514124507144312,True,8.061324823226439,10.47972227019437,10.653440756339648,69.2620699818623,71.02059195593414,12.637747923813114,0.13022997274141687,0.13022997274141687,0.13022997274141687,0.0,7.666666666666667,0.13022997274141687,0.13022997274141687,0.13022997274141687,0.0,-67.39784633179131,0.0,164.1189059729324,1851.569387613979,1560.607616794618,13.583333333333332,False,"SOC floor violated (min 0.130, unmet 0 Wh); FLAG MJ-21x13p5EL: thrust table 3.23 N vs similarity 3.89 N (17%) at 1859 rpm, 10.48 m/s; FLAG MJ-21x13p5EL: thrust table 3.25 N vs similarity 4.05 N (20%) at 1908 rpm, 10.65 m/s",2.466439537808769,0.0,1.0980954632306046,True,1069.7700272585832
6.0,0.3914543799707209,2.0,2.2178466475326144,0.3265152836067247,0.4074997255316657,0.1541866514642911,0.0,0.1006772589950577,3.0,0.15951755239623713,0.9023828956314419,1.04,1.04,0.1846542886561994,0.5,0.03,1.3712452197162928,1.5887547802837072,36.06489775319721,36.06489775319721,0.0,0.07270542998307808,-0.05374983138179566,-0.07337842540430832,13.966452166066645,38.274151353879965,38.274151353879965,15.438320890311955,0.5647325974287195,3.767446376597776,-0.3887761804349087,2,one_per_bay,True,27+27+24,3,78,24,27,0,A40-12L-V4-kv410-direct,MJ-21x13E,8.548837997273527,1.862211623171107,19.331852272888636,0.2949048597888735,0.4761355862591104,0.3,0.10679323317207723,0.09522711725182208,0.03389870578992858,0.045341019300461353,0.016140380154712745,9.110295927507458,5.435552870917009,0.6760569060513064,6.654830270775992,True,8.137563495565773,10.578832544235507,10.754193944794348,68.99041295412053,69.37930701772657,13.013787042304399,0.12881588368695568,0.12881588368695635,0.12881588368695568,-6.661338147750939e-16,7.75,0.12881588368695568,0.12881588368695568,0.12881588368695635,-6.434852650727407e-13,-68.76385635840083,0.0,94.92019974779699,1761.248929681591,1539.788482889495,13.666666666666666,False,"SOC floor violated (min 0.129, unmet 0 Wh); FLAG MJ-21x13E: thrust table 3.18 N vs similarity 0.00 N (100%) at 1946 rpm, 10.58 m/s; FLAG MJ-21x13E: thrust table 3.20 N vs similarity 0.00 N (100%) at 1973 rpm, 10.75 m/s",2.440446115104435,0.0,1.0914543799707208,True,1071.1841163130443
6.0,0.3914543799707209,2.0,2.2178466475326144,0.3265152836067247,0.4074997255316657,0.1541866514642911,0.0,0.1006772589950577,3.0,0.15951755239623713,0.9023828956314419,1.04,1.04,0.1846542886561994,0.5,0.03,1.4912452197162929,1.468754780283707,35.985436547378285,35.985436547378285,0.0,0.07270542998307808,-0.05374983138179566,-0.07209791670683113,14.010487891442784,41.74353916824493,41.74353916824493,17.253949413304184,0.5269077305617679,3.7714910189306328,-0.3823103581805636,3,one_per_bay,True,28+28+24,3,80,24,28,0,A40-12L-V4-kv410-direct,16x10E,9.817098245248966,1.862211623171107,19.331852272888636,0.2949372349105088,0.4761355862591104,0.3,0.10325372777164629,0.09522711725182208,0.03277518280399427,0.045341019300461353,0.015605430879129323,10.46185109510277,6.137631032283082,0.704542198785638,7.348707833648987,True,8.720319865059878,11.336415824577841,11.524335403416309,78.92567309680982,80.0178449973741,5.88448830330864,0.2552726041385012,0.3266977982867446,0.2552726041385012,-0.07142519414824339,7.916666666666667,0.2552726041385012,0.2552726041385012,0.3266977982867446,-103.49510632080467,80.09000339668826,0.0,0.0,1806.409158647785,1785.228887654128,13.916666666666668,False,"morning depletion (0.326698 -> 0.255273, -103.495 Wh)",2.440446115104435,0.0,1.0914543799707208,True,1071.4251931482434
6.0,0.4323516285650925,2.0,2.4014953207225496,0.33229562928092354,0.4417293178709181,0.3050148481799048,0.1282607993478486,0.1756732282538684,0.9556696060695937,0.19098238996643888,1.276436823486164,1.04,1.04,0.21457711840920024,0.5,0.030000000000000002,1.4271608466955494,1.5328391533044505,35.36595883485573,35.36595883485573,0.0,0.0727054299830781,-0.05820058329849433,-0.07865737621435749,16.471960618548838,34.93863801773014,34.93863801773014,14.16152022157066,0.5831293301733566,3.6158573321833867,-0.3721034012861215,2,one_per_bay,True,35+35+24,3,94,24,35,0,A40-12L-V4-kv410-direct,20x13E,9.235438517573224,2.1780946397987337,16.52820742597602,0.2971652376544668,0.4948566181282292,0.3,0.10609133545703536,0.09897132362564584,0.034999999651317344,0.04897661450106161,0.0173199814619401,10.202888363044135,6.067397740932458,0.6815921419181794,5.987727603546028,True,7.962800937554752,10.351641218821177,10.523236552675318,70.37859197684507,71.07929154375606,10.596691067500753,0.1281740702307799,0.12817407023078048,0.1281740702307799,-5.828670879282072e-16,7.5,0.1281740702307799,0.1281740702307799,0.12817407023078048,-5.630496069386481e-13,-69.38384815706664,0.0,418.1200270059975,2122.5307614111484,1576.618727788581,13.25,False,"SOC floor violated (min 0.128, unmet 0 Wh)",2.6359624563812254,0.0,1.1323516285650925,True,1071.82592976922
6.0,0.3914543799707209,2.0,2.2178466475326144,0.3265152836067247,0.4074997255316657,0.1541866514642911,0.0,0.1006772589950577,3.0,0.15951755239623713,0.9023828956314419,1.04,1.04,0.1846542886561994,0.5,0.03,1.3712452197162928,1.5887547802837072,36.01635014227429,36.01635014227429,0.0,0.07270542998307808,-0.05374983138179566,-0.07340110347736443,13.95237289184106,38.21082052755478,38.21082052755478,15.406486586253665,0.5652507724311345,3.767423643545344,-0.38900968048009726,2,one_per_bay,True,27+27+24,3,78,24,27,0,A40-12L-V4-kv410-direct,MJ-18x10E,8.525837997273527,1.862211623171107,19.331852272888636,0.29490485803971717,0.4761355862591104,0.3,0.10685216140527745,0.09522711725182208,0.033917411009169916,0.045341019300461353,0.016149286375242322,9.085785367546036,5.422424349435087,0.6755946753766331,6.6421641055109575,True,8.126609374216345,10.56459218648125,10.739717529888244,69.06718360726775,70.11344470214209,9.559072895386109,0.1277087108118389,0.12770871081184074,0.1277087108118389,-1.8318679906315083e-15,7.75,0.1277087108118389,0.1277087108118389,0.12770871081184074,-1.769584478950037e-12,-69.83338535576362,0.0,86.30170422218887,1761.248929681591,1548.4237712214695,13.666666666666666,False,"SOC floor violated (min 0.128, unmet 0 Wh)",2.440446115104435,0.0,1.0914543799707208,True,1072.291289188161
6.0,0.40491253282233236,2.0,2.2459287851691014,0.32582184437790146,0.40784853176269786,0.23203126683004538,0.0,0.105140869106418,3.0,0.16514298200390345,1.0954375417385127,1.04,1.04,0.19534986101580606,0.5,0.03,1.4065218591734436,1.5534781408265563,35.3303521272121,35.3303521272121,0.0,0.07270542998307808,-0.054430406012363895,-0.07410257798523935,14.756582675061418,37.22557577259601,37.22557577259601,15.033723464116203,0.5747890269184784,3.8133184844327737,-0.4151082724303547,2,one_per_bay,True,30+30+24,3,84,24,30,0,A40-12L-V4-kv410-direct,MJ-21x13p5EL,8.737091544620418,1.972819111810995,18.24799840212059,0.2985369756304006,0.48699838911504717,0.3,0.10661676822576312,0.09739967782300944,0.03461479625239933,0.04743348620013018,0.01685735001446404,9.3109133127334,5.550657278089657,0.6774433812526597,6.445115154519201,True,7.992730562699799,10.390549731509738,10.56279003741067,69.8469235586502,71.73047152877685,12.380163654887001,0.12440269160609825,0.12440269160609825,0.12440269160609825,0.0,7.666666666666667,0.12440269160609825,0.12440269160609825,0.12440269160609825,0.0,-73.0269999085091,0.0,193.55973258365444,1896.7296165801752,1576.1034190939317,13.5,False,"SOC floor violated (min 0.124, unmet 0 Wh); FLAG MJ-21x13p5EL: thrust table 3.30 N vs similarity 3.93 N (16%) at 1855 rpm, 10.39 m/s; FLAG MJ-21x13p5EL: thrust table 3.31 N vs similarity 4.10 N (19%) at 1906 rpm, 10.56 m/s",2.475246375960523,0.0,1.1049125328223324,True,1075.5973083939018
6.0,0.3980954632306047,2.0,2.241182708625071,0.32653105142992855,0.4062812566598752,0.19155843382436055,0.0,0.09198968659264421,3.0,0.16173872507192522,0.9950649158844143,1.04,1.04,0.18977338894828197,0.5,0.030000000000000002,1.326482499937192,1.633517500062808,37.015638691073754,37.015638691073754,0.0,0.0727054299830781,-0.054315384167075126,-0.07400795525727197,14.399940150434135,37.690983585083465,37.690983585083465,15.210373389559857,0.5697554450197962,3.7891791142948517,-0.4239491386618264,2,one_per_bay,True,29+29+24,3,82,24,29,0,A40-12L-V4-kv410-direct,MJ-21x13E,8.670836737201219,1.9146928626821706,18.801971168143336,0.2977781339137978,0.48027812858160046,0.3,0.10672410051298795,0.09605562571632008,0.03417150084595498,0.04613341615876886,0.016411824477119835,9.240307120125536,5.511337797421492,0.6765996677700761,6.538196717016694,True,8.082324973087703,10.507022465014014,10.681193496407465,69.84104247636041,70.16324622234227,12.750061173183722,0.12204028746067178,0.12204028746067178,0.12204028746067178,0.0,7.666666666666667,0.12204028746067178,0.12204028746067178,0.12204028746067178,0.0,-75.30908231299108,0.0,165.06413009964024,1851.569387613979,1559.5413084532927,13.583333333333332,False,"SOC floor violated (min 0.122, unmet 0 Wh); FLAG MJ-21x13E: thrust table 3.25 N vs similarity 0.00 N (100%) at 1946 rpm, 10.51 m/s; FLAG MJ-21x13E: thrust table 3.26 N vs similarity 0.00 N (100%) at 1973 rpm, 10.68 m/s",2.466439537808769,0.0,1.0980954632306046,True,1077.9597125393282
6.0,0.3914543799707209,2.0,2.2178466475326144,0.3265152836067247,0.4074997255316657,0.1541866514642911,0.0,0.1006772589950577,3.0,0.15951755239623713,0.9023828956314419,1.04,1.04,0.1846542886561994,0.5,0.03,1.4912452197162929,1.468754780283707,36.01410497288383,36.01410497288383,0.0,0.07270542998307808,-0.05374983138179566,-0.07208077896134134,14.020066790367377,41.786727632735946,41.786727632735946,17.277270040869453,0.5266409159111334,3.7715418758014483,-0.3822357140446316,3,one_per_bay,True,28+28+24,3,80,24,28,0,A40-12L-V4-kv410-direct,18x10E,9.832746400951855,1.862211623171107,19.331852272888636,0.294937238869155,0.4761355862591104,0.3,0.10320765971855085,0.09522711725182208,0.032760559711015325,0.045341019300461353,0.015598468304180874,10.478526967217615,6.146042700100139,0.7049225784010393,7.3573455265471885,True,8.727267059937086,11.345447177918212,11.533516466165924,79.30210568259184,80.75370745429437,7.91622098860015,0.24299045290287977,0.3230686215753505,0.24299045290287977,-0.08007816867247072,7.916666666666667,0.24299045290287977,0.24299045290287977,0.3230686215753505,-116.03326640641008,62.29316625627276,0.0,0.0,1806.409158647785,1797.7665540992368,14.0,False,"morning depletion (0.323069 -> 0.242990, -116.033 Wh); FLAG 18x10E: (11.35 m/s, 2894 rpm) not on the map; used C_T(J) similarity; FLAG 18x10E: (11.53 m/s, 2944 rpm) not on the map; used C_T(J) similarity",2.440446115104435,0.0,1.0914543799707208,True,1080.0781676724707
6.0,0.3914543799707209,2.0,2.2178466475326144,0.3265152836067247,0.4074997255316657,0.1541866514642911,0.0,0.1006772589950577,3.0,0.15951755239623713,0.9023828956314419,1.04,1.04,0.1846542886561994,0.5,0.03,1.3712452197162928,1.5887547802837072,36.21238591353257,36.21238591353257,0.0,0.07270542998307808,-0.05374983138179566,-0.07330891559074806,14.009341479043933,38.467113377509335,38.467113377509335,15.53561565731382,0.563167833623588,3.7675152526205227,-0.3880687279514713,2,one_per_bay,True,27+27+24,3,78,24,27,0,A40-12L-V4-kv410-direct,26x15E,8.618902276345874,1.862211623171107,19.331852272888636,0.2949048650884779,0.4761355862591104,0.3,0.10661219893326661,0.09522711725182208,0.03384124122764254,0.045341019300461353,0.016113019231659555,9.184961784609923,5.475454530648822,0.6774793276425104,6.693422675501868,True,8.170842233184455,10.622094903139793,10.798173447846366,69.70890833225549,70.99670091482817,16.73056319466788,0.11849952775957719,0.11849952775961718,0.11849952775957719,-3.9995784462121264e-14,7.75,0.11849952775957719,0.11849952775957719,0.11849952775961718,-3.863592779040914e-11,-78.72945618424845,0.0,68.34452615135858,1761.248929681591,1566.3209899940518,13.666666666666666,False,"SOC floor violated (min 0.118, unmet 0 Wh); FLAG 26x15E: (10.62 m/s, 1612 rpm) not on the map; used C_T(J) similarity; FLAG 26x15E: (10.80 m/s, 1640 rpm) not on the map; used C_T(J) similarity",2.440446115104435,0.0,1.0914543799707208,True,1081.5004722404228
6.0,0.3914543799707209,2.0,2.2178466475326144,0.3265152836067247,0.4074997255316657,0.1541866514642911,0.0,0.1006772589950577,3.0,0.15951755239623713,0.9023828956314419,1.04,1.04,0.1846542886561994,0.5,0.03,1.4912452197162929,1.468754780283707,36.081031336451865,36.081031336451865,0.0,0.07270542998307808,-0.05374983138179566,-0.07204067839037556,14.04245839481188,41.88768477857755,41.88768477857755,17.331849966570985,0.526019927134649,3.7716604436356262,-0.3820616885243042,3,one_per_bay,True,28+28+24,3,80,24,28,0,A40-12L-V4-kv410-direct,22x12E,9.869325481234819,1.862211623171107,19.331852272888636,0.2949372480984742,0.4761355862591104,0.3,0.10309982968069936,0.09522711725182208,0.03272633189882282,0.045341019300461353,0.015582171224756228,10.51750843420063,6.165683329344585,0.7058139175173381,7.377536955715511,True,8.743485268015515,11.36653084842017,11.554949632888064,79.72224753506013,80.47566698801853,12.31879304029517,0.2367591246271709,0.3190082153243197,0.2367591246271709,-0.08224909069714881,7.916666666666667,0.2367591246271709,0.2367591246271709,0.3190082153243197,-119.17893242016862,53.26397158477064,0.0,0.0,1806.409158647785,1800.8681353710324,14.0,False,"morning depletion (0.319008 -> 0.236759, -119.179 Wh); FLAG 22x12E: shaft power table 63.1 W vs similarity 52.6 W (17%) at 2198 rpm, 11.37 m/s; FLAG 22x12E: shaft power table 64.4 W vs similarity 53.0 W (18%) at 2231 rpm, 11.55 m/s",2.440446115104435,0.0,1.0914543799707208,True,1082.2490896971487
6.0,0.3914543799707209,2.0,2.2178466475326144,0.3265152836067247,0.4074997255316657,0.1541866514642911,0.0,0.1006772589950577,3.0,0.15951755239623713,0.9023828956314419,1.04,1.04,0.1846542886561994,0.5,0.03,1.3712452197162928,1.5887547802837072,36.12072578508209,36.12072578508209,0.0,0.07270542998307808,-0.05374983138179566,-0.07335222208560821,13.982666276946508,38.34709296975775,38.34709296975775,15.475046562861005,0.5641386251674084,3.767472481003698,-0.38850805190378185,2,one_per_bay,True,27+27+24,3,78,24,27,0,A40-12L-V4-kv410-direct,22x12E,8.575325481234819,1.862211623171107,19.331852272888636,0.2949048617974466,0.4761355862591104,0.3,0.10672506033821474,0.09522711725182208,0.03387706611511654,0.045341019300461353,0.01613007673545966,9.138523017240523,5.450653657257914,0.676592128555437,6.6694185939515505,True,8.150160346869903,10.595208450930874,10.770841308847748,69.83915334979508,70.37065457227385,13.46143751006728,0.11669988199674629,0.11669988199676941,0.11669988199674629,-2.3120394487818885e-14,7.75,0.11669988199674629,0.11669988199674629,0.11669988199676941,-2.2334301075233043e-11,-80.46791399114309,0.0,72.99090996895042,1761.248929681591,1561.6318596940312,13.666666666666666,False,"SOC floor violated (min 0.117, unmet 0 Wh)",2.440446115104435,0.0,1.0914543799707208,True,1083.3001180032538
6.0,0.40491253282233236,2.0,2.2459287851691014,0.32582184437790146,0.40784853176269786,0.23203126683004538,0.0,0.105140869106418,3.0,0.16514298200390345,1.0954375417385127,1.04,1.04,0.19534986101580606,0.5,0.03,1.4065218591734436,1.5534781408265563,35.42121897685383,35.42121897685383,0.0,0.07270542998307808,-0.054430406012363895,-0.07405793223291761,14.78445757583904,37.34381610599168,37.34381610599168,15.093621608199951,0.5737736894591766,3.813482522681059,-0.4148678552773313,2,one_per_bay,True,30+30+24,3,84,24,30,0,A40-12L-V4-kv410-direct,MJ-21x13E,8.782091544620418,1.972819111810995,18.24799840212059,0.2985370055436029,0.48699838911504717,0.3,0.10650046072736283,0.09739967782300944,0.0345770352094907,0.04743348620013018,0.016838960447396238,9.358868756136191,5.576201679879351,0.6783590862407047,6.468763221198336,True,8.013287228641099,10.41727339723343,10.589956691472606,70.56482979135288,70.85690198058866,12.490961482285718,0.1143791041464043,0.11437910414640547,0.1143791041464043,-1.1657341758564144e-15,7.666666666666667,0.1143791041464043,0.1143791041464043,0.11437910414640547,-1.1260992138772963e-12,-82.70978539457346,0.0,192.89753560756927,1896.7296165801752,1576.6226729794528,13.5,False,"SOC floor violated (min 0.114, unmet 0 Wh); FLAG MJ-21x13E: thrust table 3.31 N vs similarity 0.00 N (100%) at 1943 rpm, 10.42 m/s; FLAG MJ-21x13E: thrust table 3.32 N vs similarity 0.00 N (100%) at 1970 rpm, 10.59 m/s",2.475246375960523,0.0,1.1049125328223324,True,1085.6208958535958
6.0,0.3980954632306047,2.0,2.241182708625071,0.32653105142992855,0.4062812566598752,0.19155843382436055,0.0,0.09198968659264421,3.0,0.16173872507192522,0.9950649158844143,1.04,1.04,0.18977338894828197,0.5,0.030000000000000002,1.4464824999371921,1.5135175000628078,37.05767328452389,37.05767328452389,0.0,0.0727054299830781,-0.054315384167075126,-0.07269610305328282,14.425280197605558,41.15955529886625,41.15955529886625,17.030526198949566,0.5307144589687879,3.793659089480254,-0.4182543954370555,3,one_per_bay,True,29+29+24,3,82,24,29,0,A40-12L-V4-kv410-direct,MJ-22x12EW,9.97683673720122,1.9146928626821706,18.801971168143336,0.2978220386228392,0.48027812858160046,0.3,0.10310022222590477,0.09605562571632008,0.03301118785800312,0.04613341615876886,0.015854551526697385,10.63208065532639,6.232860915581813,0.7058106701445508,7.231911059773251,True,8.669663408315131,11.27056243080967,11.457390382257831,81.7547854443817,82.81945386732333,12.315590656402314,0.21447141670658762,0.30153897826803394,0.21447141670658762,-0.08706756156144632,7.916666666666667,0.21447141670658762,0.21447141670658762,0.30153897826803394,-126.16089670253572,20.969082807845446,0.0,0.0,1851.5693876139792,1852.7615348945665,14.0,False,"morning depletion (0.301539 -> 0.214471, -126.161 Wh)",2.466439537808769,0.0,1.0980954632306046,True,1087.0675605614463
6.0,0.3914543799707209,2.0,2.2178466475326144,0.3265152836067247,0.4074997255316657,0.1541866514642911,0.0,0.1006772589950577,3.0,0.15951755239623713,0.9023828956314419,1.04,1.04,0.1846542886561994,0.5,0.03,1.3712452197162928,1.5887547802837072,36.12391113171187,36.12391113171187,0.0,0.07270542998307808,-0.05374983138179566,-0.07335072303312039,13.983592152080403,38.35125841122967,38.35125841122967,15.477145779373908,0.564104796708535,3.767473969210241,-0.38849276595433985,2,one_per_bay,True,27+27+24,3,78,24,27,0,A40-12L-V4-kv410-direct,MJ-22x12EW,8.576837997273527,1.862211623171107,19.331852272888636,0.29490486191196325,0.4761355862591104,0.3,0.10672115759310899,0.09522711725182208,0.03387582729123058,0.045341019300461353,0.016129486887322443,9.140134870069188,5.451515364802116,0.6766227843881285,6.670251682245934,True,8.150879077881777,10.59614280124631,10.77179114754333,70.23595113160816,70.92534516339302,13.682670189040078,0.11106388599932221,0.11106388599945946,0.11106388599932221,-1.3725132141928498e-13,7.75,0.11106388599932221,0.11106388599932221,0.11106388599945946,-1.325847764910293e-10,-85.91228612465476,0.0,61.857856088981016,1761.248929681591,1572.7291159843905,13.75,False,"SOC floor violated (min 0.111, unmet 0 Wh)",2.440446115104435,0.0,1.0914543799707208,True,1088.936114000678
6.0,0.3914543799707209,2.0,2.2178466475326144,0.3265152836067247,0.4074997255316657,0.1541866514642911,0.0,0.1006772589950577,3.0,0.15951755239623713,0.9023828956314419,1.04,1.04,0.1846542886561994,0.5,0.03,1.3712452197162928,1.5887547802837072,35.9740815736633,35.9740815736633,0.0,0.07270542998307808,-0.05374983138179566,-0.0734207657900695,13.940130044688376,38.15575557297583,38.15575557297583,15.378847068408854,0.5657031913275891,3.7674038257684477,-0.3892132365936437,2,one_per_bay,True,27+27+24,3,78,24,27,0,A40-12L-V4-kv410-direct,MJ-21x10EL,8.505837997273527,1.862211623171107,19.331852272888636,0.2949048565148744,0.4761355862591104,0.3,0.1069031969782102,0.09522711725182208,0.03393361091079552,0.045341019300461353,0.01615699972490017,9.064471837144797,5.410996128277403,0.6751946632847587,6.631151114595166,True,8.117072035075875,10.552193645598638,10.727113462971928,70.55835102314909,71.67619608028198,12.405051580790555,0.10644710079236147,0.10644710079361938,0.10644710079236147,-1.257910442475918e-12,7.75,0.10644710079236147,0.10644710079236147,0.10644710079361938,-1.2151414874317368e-09,-90.37210063457883,0.0,49.715858810225875,1761.248929681591,1584.8583363911948,13.75,False,"SOC floor violated (min 0.106, unmet 0 Wh)",2.440446115104435,0.0,1.0914543799707208,True,1093.5528992076386
6.0,0.3980954632306047,2.0,2.241182708625071,0.32653105142992855,0.4062812566598752,0.19155843382436055,0.0,0.09198968659264421,3.0,0.16173872507192522,0.9950649158844143,1.04,1.04,0.18977338894828197,0.5,0.030000000000000002,1.326482499937192,1.633517500062808,37.075356255980374,37.075356255980374,0.0,0.0727054299830781,-0.054315384167075126,-0.07398033152287031,14.417178700115732,37.76588694077603,37.76588694077603,15.248176596324848,0.5691271883568341,3.789282060954283,-0.42379816359688666,2,one_per_bay,True,29+29+24,3,82,24,29,0,A40-12L-V4-kv410-direct,MJ-22x12EW,8.69883673720122,1.9146928626821706,18.801971168143336,0.2977781480004669,0.48027812858160046,0.3,0.1066523266166481,0.09605562571632008,0.03414851989087824,0.04613341615876886,0.01640078722702256,9.270146062687273,5.527275560023092,0.6771637241564528,6.5531773881552065,True,8.09536423928016,10.52397351106421,10.69842553368839,71.00278826781641,71.61328910558677,13.408312188306375,0.10560528079640677,0.10560528079640677,0.10560528079640677,0.0,7.666666666666667,0.10560528079640677,0.10560528079640677,0.10560528079640677,0.0,-91.18529875067107,0.0,134.0402823599761,1851.569387613979,1590.4263021543752,13.583333333333332,False,"SOC floor violated (min 0.106, unmet 0 Wh)",2.466439537808769,0.0,1.0980954632306046,True,1094.3947192035932
6.0,0.3914543799707209,2.0,2.2178466475326144,0.3265152836067247,0.4074997255316657,0.1541866514642911,0.0,0.1006772589950577,3.0,0.15951755239623713,0.9023828956314419,1.04,1.04,0.1846542886561994,0.5,0.03,1.4912452197162929,1.468754780283707,35.944614945701,35.944614945701,0.0,0.07270542998307808,-0.05374983138179566,-0.07212227802427652,13.996861450765577,41.682101565976915,41.682101565976915,17.220803926933254,0.5272884945848765,3.771418532749955,-0.3824167482963764,3,one_per_bay,True,28+28+24,3,80,24,28,0,A40-12L-V4-kv410-direct,MJ-20x10EL,9.794837997273527,1.862211623171107,19.331852272888636,0.29493722926831073,0.4761355862591104,0.3,0.10331919739623263,0.09522711725182208,0.032795964416050656,0.045341019300461353,0.015615325744169201,10.438128871504592,6.125655078029522,0.7040020599498547,7.336420313195383,True,8.710427601461484,11.32355588189993,11.511262286217516,80.32216775628864,81.76798340480498,10.32403804782413,0.21631713297095945,0.3131961401035419,0.21631713297095945,-0.09687900713258246,7.916666666666667,0.21631713297095945,0.21631713297095945,0.3131961401035419,-140.377681335112,23.643525674920223,0.0,0.0,1806.409158647785,1822.0696979987151,14.083333333333334,False,"morning depletion (0.313196 -> 0.216317, -140.378 Wh)",2.440446115104435,0.0,1.0914543799707208,True,1096.8790061325824
6.0,0.3914543799707209,2.0,2.2178466475326144,0.3265152836067247,0.4074997255316657,0.1541866514642911,0.0,0.1006772589950577,3.0,0.15951755239623713,0.9023828956314419,1.04,1.04,0.1846542886561994,0.5,0.03,1.4912452197162929,1.468754780283707,35.999368867113226,35.999368867113226,0.0,0.07270542998307808,-0.05374983138179566,-0.07208959107219474,14.015142104771586,41.764523659038,41.764523659038,17.26527837189677,0.5267780028591968,3.771515739479212,-0.3822740750990383,3,one_per_bay,True,28+28+24,3,80,24,28,0,A40-12L-V4-kv410-direct,17x10E,9.824701400415012,1.862211623171107,19.331852272888636,0.2949372368347293,0.4761355862591104,0.3,0.10323134874652452,0.09522711725182208,0.03276807917049676,0.045341019300461353,0.015602048586429417,10.469953599041613,6.141718829645954,0.7047269485055807,7.3529047318076,True,8.723696072109389,11.340804893742206,11.528797228559426,80.66351862997116,81.60131666852816,6.839146834369299,0.21078478226221575,0.3098643246932537,0.21078478226221575,-0.09907954243103795,7.916666666666667,0.21078478226221575,0.21078478226221575,0.3098643246932537,-143.56625698257398,15.62714949795061,0.0,0.0,1806.409158647785,1825.2242776683293,14.083333333333334,False,"morning depletion (0.309864 -> 0.210785, -143.566 Wh)",2.440446115104435,0.0,1.0914543799707208,True,1099.079541431038
6.0,0.40491253282233236,2.0,2.2459287851691014,0.32582184437790146,0.40784853176269786,0.23203126683004538,0.0,0.105140869106418,3.0,0.16514298200390345,1.0954375417385127,1.04,1.04,0.19534986101580606,0.5,0.03,1.4065218591734436,1.5534781408265563,35.477640892300435,35.477640892300435,0.0,0.07270542998307808,-0.054430406012363895,-0.0740300283368303,14.801801958545118,37.41739880040136,37.41739880040136,15.130983345571043,0.5731461353485433,3.8135841672473823,-0.4147188833317689,2,one_per_bay,True,30+30+24,3,84,24,30,0,A40-12L-V4-kv410-direct,MJ-22x12EW,8.810091544620416,1.972819111810995,18.24799840212059,0.29853702407908095,0.48699838911504717,0.3,0.10642766003578608,0.09739967782300944,0.034553399329807805,0.04743348620013018,0.01682744981206535,9.38870769869792,5.592068050302344,0.6789330198137171,6.483479760080273,True,8.026051470740144,10.433866911962188,10.60682527076741,71.60261453302077,72.19039029658188,13.139105964285427,0.09972746709381212,0.09972746709381297,0.09972746709381212,-8.465450562766819e-16,7.666666666666667,0.09972746709381212,0.09972746709381212,0.09972746709381297,-8.177625243632747e-13,-96.8632667873775,0.0,164.8023183347169,1896.7296165801752,1604.585412996258,13.583333333333332,False,"SOC floor violated (min 0.100, unmet 0 Wh)",2.475246375960523,0.0,1.1049125328223324,True,1100.272532906188
6.0,0.3914543799707209,2.0,2.2178466475326144,0.3265152836067247,0.4074997255316657,0.1541866514642911,0.0,0.1006772589950577,3.0,0.15951755239623713,0.9023828956314419,1.04,1.04,0.1846542886561994,0.5,0.03,1.4912452197162929,1.468754780283707,36.02964203028118,36.02964203028118,0.0,0.07270542998307808,-0.05374983138179566,-0.07207148106084428,14.025261330195766,41.81014829882863,41.81014829882863,17.289923642844595,0.5264965169147192,3.771569421131818,-0.38219528494757804,3,one_per_bay,True,28+28+24,3,80,24,28,0,A40-12L-V4-kv410-direct,19x10E,9.841232237234227,1.862211623171107,19.331852272888636,0.2949372410132727,0.4761355862591104,0.3,0.1031826621332519,0.09522711725182208,0.032752624884394406,0.045341019300461353,0.015594690250855858,10.487570123696825,6.150601851264829,0.7051290877396215,7.362029659765726,True,8.731032141683093,11.350341784188021,11.538492208516399,80.70823676805337,82.16991300846867,8.933860017238029,0.206035058400768,0.3094278393701626,0.206035058400768,-0.10339278096939461,7.916666666666667,0.206035058400768,0.206035058400768,0.3094278393701626,-149.81613962465278,8.74479962271281,0.0,0.0,1806.409158647785,1831.4926384840546,14.083333333333334,False,"morning depletion (0.309428 -> 0.206035, -149.816 Wh); FLAG 19x10E: (11.35 m/s, 2784 rpm) not on the map; used C_T(J) similarity; FLAG 19x10E: (11.54 m/s, 2833 rpm) not on the map; used C_T(J) similarity",2.440446115104435,0.0,1.0914543799707208,True,1103.3927799693947
6.0,0.3914543799707209,2.0,2.2178466475326144,0.3265152836067247,0.4074997255316657,0.1541866514642911,0.0,0.1006772589950577,3.0,0.15951755239623713,0.9023828956314419,1.04,1.04,0.1846542886561994,0.5,0.03,1.3712452197162928,1.5887547802837072,36.01056280519244,36.01056280519244,0.0,0.07270542998307808,-0.05374983138179566,-0.07340380016536625,13.950695773577412,38.20327701623676,38.20327701623676,15.402697972852957,0.5653126472261208,3.7674209315052867,-0.38903753690097054,2,one_per_bay,True,27+27+24,3,78,24,27,0,A40-12L-V4-kv410-direct,16x8E,8.523098245248965,1.862211623171107,19.331852272888636,0.2949048578310445,0.4761355862591104,0.3,0.10685916406790902,0.09522711725182208,0.033919633820421555,0.045341019300461353,0.016150344734780765,9.082865678142669,5.420859491894179,0.6755397721937444,6.640655403247353,True,8.125303538738978,10.562894600360671,10.737991803509427,71.33148228373695,72.64056916988852,5.615444212153419,0.09537501144992974,0.09537501156724332,0.09537501144992974,-1.1731357552058341e-10,7.75,0.09537501144992974,0.09537501144992974,0.09537501156724332,-1.1332491395288358e-07,-101.06773893936789,0.0,29.138935184868032,1761.248929681591,1605.3737153927357,13.75,False,"SOC floor violated (min 0.095, unmet 0 Wh)",2.440446115104435,0.0,1.0914543799707208,True,1104.6249885500702
6.0,0.3914543799707209,2.0,2.2178466475326144,0.3265152836067247,0.4074997255316657,0.1541866514642911,0.0,0.1006772589950577,3.0,0.15951755239623713,0.9023828956314419,1.04,1.04,0.1846542886561994,0.5,0.03,1.4912452197162929,1.468754780283707,35.99045759802052,35.99045759802052,0.0,0.07270542998307808,-0.05374983138179566,-0.07209491689499577,14.012165009706433,41.751100805007866,41.751100805007866,17.258031275461985,0.5268609649126118,3.771499929039994,-0.3822972805490522,3,one_per_bay,True,28+28+24,3,80,24,28,0,A40-12L-V4-kv410-direct,MJ-18x10E,9.819837997273527,1.862211623171107,19.331852272888636,0.2949372356040607,0.4761355862591104,0.3,0.10324566463586957,0.09522711725182208,0.03277262337340751,0.045341019300461353,0.015604212243146409,10.464770784506143,6.1391042030902705,0.7046087569646466,7.350220161001573,True,8.721536611940282,11.337997595522367,11.525943394793668,80.79898278501828,82.22211466711477,8.760321751807744,0.20390637356590724,0.308542080454768,0.20390637356590724,-0.10463570688886076,7.916666666666667,0.20390637356590724,0.20390637356590724,0.308542080454768,-151.61713928195923,5.660335296999574,0.0,0.0,1806.409158647785,1833.288311337901,14.083333333333334,False,"morning depletion (0.308542 -> 0.203906, -151.617 Wh)",2.440446115104435,0.0,1.0914543799707208,True,1104.6357058888607
6.0,0.3914543799707209,2.0,2.2178466475326144,0.3265152836067247,0.4074997255316657,0.1541866514642911,0.0,0.1006772589950577,3.0,0.15951755239623713,0.9023828956314419,1.04,1.04,0.1846542886561994,0.5,0.03,1.3712452197162928,1.5887547802837072,36.25424176850218,36.25424176850218,0.0,0.07270542998307808,-0.05374983138179566,-0.07328902350746296,14.021544978253722,38.522028144261654,38.522028144261654,15.563386210404236,0.5627263434320321,3.767534747939095,-0.3878684839337751,2,one_per_bay,True,27+27+24,3,78,24,27,0,A40-12L-V4-kv410-direct,MJ-26x15E,8.638837997273527,1.862211623171107,19.331852272888636,0.29490486658854154,0.4761355862591104,0.3,0.10656028071089706,0.09522711725182208,0.03382476115214556,0.045341019300461353,0.01610517248125121,9.206206814313026,5.486782913592155,0.6778879280073054,6.70440562885233,True,8.180286448992504,10.634372383690256,10.810654447658116,71.60025626901711,73.70140250670067,16.06717657837981,0.0914438153562599,0.09144382330991586,0.0914438153562599,-7.953655969950013e-09,7.833333333333333,0.0914438153562599,0.0914438153562599,0.09144382330991586,-7.683231666971713e-06,-104.86527436585295,0.0,14.589625508390116,1761.2489296815909,1619.9428993926567,13.75,False,"SOC floor violated (min 0.091, unmet 0 Wh); morning depletion (0.091444 -> 0.091444, -0.000 Wh); FLAG MJ-26x15E: thrust table 3.23 N vs similarity 3.91 N (18%) at 1596 rpm, 10.81 m/s",2.440446115104435,0.0,1.0914543799707208,True,1108.556191597396
6.0,0.3914543799707209,2.0,2.2178466475326144,0.3265152836067247,0.4074997255316657,0.1541866514642911,0.0,0.1006772589950577,3.0,0.15951755239623713,0.9023828956314419,1.04,1.04,0.1846542886561994,0.5,0.03,1.4912452197162929,1.468754780283707,36.08379601616387,36.08379601616387,0.0,0.07270542998307808,-0.05374983138179566,-0.07203901910004204,14.043384269945776,41.89185927043765,41.89185927043765,17.334108775475894,0.5259943312847757,3.7716653368557154,-0.38205450660037205,3,one_per_bay,True,28+28+24,3,80,24,28,0,A40-12L-V4-kv410-direct,MJ-22x12EW,9.870837997273526,1.862211623171107,19.331852272888636,0.2949372484793649,0.4761355862591104,0.3,0.10309536681340736,0.09522711725182208,0.0327249152788665,0.045341019300461353,0.015581496721582822,10.519120287029294,6.166494778083339,0.7058508383751247,7.378371854087529,True,8.744155230470504,11.367401799611656,11.555835021515827,81.15696781544464,82.23372747107108,12.54096468050273,0.19683343867888375,0.30504778454991494,0.19683343867888375,-0.10821434587103118,7.916666666666667,0.19683343867888375,0.19683343867888375,0.30504778454991494,-156.8025871671242,-4.588347354297456,0.0,0.0,1806.409158647785,1838.4450941556267,14.083333333333334,False,"SOC floor violated (min 0.197, unmet 0 Wh); morning depletion (0.305048 -> 0.196833, -156.803 Wh)",2.440446115104435,0.0,1.0914543799707208,True,1111.3809061921474
6.0,0.3914543799707209,2.0,2.2178466475326144,0.3265152836067247,0.4074997255316657,0.1541866514642911,0.0,0.1006772589950577,3.0,0.15951755239623713,0.9023828956314419,1.04,1.04,0.1846542886561994,0.5,0.03,1.3712452197162928,1.5887547802837072,36.12072578508209,36.12072578508209,0.0,0.07270542998307808,-0.05374983138179566,-0.07335222208560821,13.982666276946508,38.34709296975775,38.34709296975775,15.475046562861005,0.5641386251674084,3.767472481003698,-0.38850805190378185,2,one_per_bay,True,27+27+24,3,78,24,27,0,A40-12L-V4-kv410-direct,22x10E,8.575325481234819,1.862211623171107,19.331852272888636,0.2949048617974466,0.4761355862591104,0.3,0.10672506033821474,0.09522711725182208,0.03387706611511654,0.045341019300461353,0.01613007673545966,9.138523017240523,5.450653657257914,0.676592128555437,6.6694185939515505,True,8.150160346869903,10.595208450930874,10.770841308847748,72.11691728342858,73.09875789932401,12.737064371084346,0.08409563767834606,0.08409565169305978,0.08409563767834606,-1.4014713722865224e-08,7.833333333333333,0.08409563767834606,0.08409563767834606,0.08409565169305978,-1.3538213456287806e-05,-111.96361400271772,0.0,13.562256500134144,1761.2489296815909,1620.869881115223,13.75,False,"SOC floor violated (min 0.084, unmet 0 Wh); morning depletion (0.084096 -> 0.084096, -0.000 Wh); FLAG 22x10E: shaft power table 57.8 W vs similarity 45.9 W (21%) at 2311 rpm, 10.60 m/s; FLAG 22x10E: shaft power table 58.8 W vs similarity 46.7 W (21%) at 2348 rpm, 10.77 m/s",2.440446115104435,0.0,1.0914543799707208,True,1115.9043753363676
6.0,0.3914543799707209,2.0,2.2178466475326144,0.3265152836067247,0.4074997255316657,0.1541866514642911,0.0,0.1006772589950577,3.0,0.15951755239623713,0.9023828956314419,1.04,1.04,0.1846542886561994,0.5,0.03,1.4912452197162929,1.468754780283707,36.01244134302213,36.01244134302213,0.0,0.07270542998307808,-0.05374983138179566,-0.07208177411898073,14.019510717998042,41.784220464277894,41.784220464277894,17.275915774525192,0.5266563858844249,3.771538925681887,-0.38224004402251355,3,one_per_bay,True,28+28+24,3,80,24,28,0,A40-12L-V4-kv410-direct,MJ-20x10E,9.831837997273526,1.862211623171107,19.331852272888636,0.2949372386395208,0.4761355862591104,0.3,0.10321033505684384,0.09522711725182208,0.032761408926859706,0.045341019300461353,0.015598872646064799,10.47755890274688,6.145554545235172,0.7049004814171631,7.356844092855578,True,8.726863913944623,11.34492308812801,11.532983688732804,81.23058854135613,82.84212565774466,10.357357462971178,0.1912475572611951,0.3043291607801703,0.1912475572611951,-0.1130816035189752,7.916666666666667,0.1912475572611951,0.1912475572611951,0.3043291607801703,-163.85524349899507,-12.682289528528308,0.0,0.0,1806.409158647785,1845.5152013967277,14.083333333333334,False,"SOC floor violated (min 0.191, unmet 0 Wh); morning depletion (0.304329 -> 0.191248, -163.855 Wh)",2.440446115104435,0.0,1.0914543799707208,True,1121.8340452577802
6.0,0.4104644907041447,2.0,2.362184281166238,0.31848272528007954,0.5234424093773066,0.23324714596325424,0.30367767985349836,0.0,0.5560281097749302,0.21485452197800656,1.1260775779843475,1.1120562195498604,1.1120562195498604,0.20517880645659384,0.5,0.03,1.487511185300995,1.472488814699005,36.17916285140448,36.17916285140448,0.0,0.07270542998307808,-0.05724787462048652,-0.07606583936703719,15.767196345516872,39.18811828927511,39.18811828927511,16.31581944783039,0.5345630564999921,3.4779815788813924,-0.4442918514121207,3,one_per_bay,True,32+32+24,3,88,24,32,0,A40-12L-V4-kv410-direct,MJ-26x15EL,10.311181473435344,2.0962290378591772,17.17369588428459,0.29805178593810755,0.4894906052297646,0.3,0.10219556936077044,0.09789812104595293,0.03334918073213594,0.04792021052164026,0.016324110660490027,11.552671177898928,6.7427618148780795,0.7133441006929324,6.837623657855024,True,8.637031518111655,11.228140973545152,11.414265720161536,87.0743623954125,89.54725271316758,14.060983254889358,0.1647840372025499,0.256686821389069,0.1647840372025499,-0.09190278418651912,7.916666666666667,0.1647840372025499,0.1647840372025499,0.256686821389069,-133.16713428626622,-51.027930093505226,0.0,0.0,1987.0500745125655,1994.5136006674456,14.0,False,"SOC floor violated (min 0.165, unmet 0 Wh); morning depletion (0.256687 -> 0.164784, -133.167 Wh); FLAG MJ-26x15EL: thrust table 3.88 N vs similarity 4.62 N (16%) at 1656 rpm, 11.23 m/s; FLAG MJ-26x15EL: thrust table 3.90 N vs similarity 4.90 N (20%) at 1702 rpm, 11.41 m/s",2.594686477776372,0.0,1.1104644907041448,True,1127.1187459839693
6.0,0.3914543799707209,2.0,2.2178466475326144,0.3265152836067247,0.4074997255316657,0.1541866514642911,0.0,0.1006772589950577,3.0,0.15951755239623713,0.9023828956314419,1.04,1.04,0.1846542886561994,0.5,0.03,1.3712452197162928,1.5887547802837072,36.18811925095944,36.18811925095944,0.0,0.07270542998307808,-0.05374983138179566,-0.07332041505254501,14.002272743139486,38.435306695484655,38.435306695484655,15.519547381809417,0.5634243151623265,3.7675039395474292,-0.3881849289359679,2,one_per_bay,True,27+27+24,3,78,24,27,0,A40-12L-V4-kv410-direct,25x125E,8.60735474035806,1.862211623171107,19.331852272888636,0.29490486421800116,0.4761355862591104,0.3,0.10664219052428038,0.09522711725182208,0.033850761270155995,0.045341019300461353,0.01611755206268291,9.17265584664314,5.468887637978549,0.6772434275196786,6.687061339096932,True,8.165366784207288,10.614976819469476,10.790937370331594,72.65712568640203,73.9972303362748,15.957186335914965,0.07308032854207569,0.07628001568584274,0.07308032854207569,-0.0031996871437670465,7.833333333333333,0.07308032854207569,0.07308032854207569,0.07628001568584274,-3.090897780878967,-122.60440262835489,0.0,0.0,1761.2489296815909,1637.5070891348523,13.75,False,"SOC floor violated (min 0.073, unmet 0 Wh); morning depletion (0.076280 -> 0.073080, -3.091 Wh); FLAG 25x125E: (10.61 m/s, 1875 rpm) not on the map; used C_T(J) similarity; FLAG 25x125E: (10.79 m/s, 1908 rpm) not on the map; used C_T(J) similarity",2.440446115104435,0.0,1.0914543799707208,True,1130.1193576016913
6.0,0.3914543799707209,2.0,2.2178466475326144,0.3265152836067247,0.4074997255316657,0.1541866514642911,0.0,0.1006772589950577,3.0,0.15951755239623713,0.9023828956314419,1.04,1.04,0.1846542886561994,0.5,0.03,1.3712452197162928,1.5887547802837072,35.94658035115543,35.94658035115543,0.0,0.07270542998307808,-0.05374983138179566,-0.07343351709947736,13.932172194039131,38.119966055837224,38.119966055837224,15.360902685724202,0.5659981824305386,3.7673909192095634,-0.38934580489218973,2,one_per_bay,True,27+27+24,3,78,24,27,0,A40-12L-V4-kv410-direct,MJ-18x8EL,8.492837997273528,1.862211623171107,19.331852272888636,0.2949048555217981,0.4761355862591104,0.3,0.10693626576179235,0.09522711725182208,0.033944107727234024,0.045341019300461353,0.016161997632748972,9.050618042383993,5.4035617257262425,0.6749356261249304,6.623993211167447,True,8.1108667507605,10.544126775988651,10.718912871843331,72.68741096495147,74.13384916630253,8.683701797856354,0.07074745117378499,0.07582413404756876,0.07074745117378499,-0.005076682873783767,7.833333333333333,0.07074745117378499,0.07074745117378499,0.07582413404756876,-4.904075656075118,-124.8579621661237,0.0,0.0,1761.2489296815909,1639.3238547226895,13.75,False,"SOC floor violated (min 0.071, unmet 0 Wh); morning depletion (0.075824 -> 0.070747, -4.904 Wh)",2.440446115104435,0.0,1.0914543799707208,True,1134.3292306999988
6.0,0.3914543799707209,2.0,2.2178466475326144,0.3265152836067247,0.4074997255316657,0.1541866514642911,0.0,0.1006772589950577,3.0,0.15951755239623713,0.9023828956314419,1.04,1.04,0.1846542886561994,0.5,0.03,1.3712452197162928,1.5887547802837072,36.026621100867295,36.026621100867295,0.0,0.07270542998307808,-0.05374983138179566,-0.0733963140346446,13.955349986906214,38.22421143457774,38.22421143457774,15.41321367650215,0.5651410156906771,3.7674284556103697,-0.38896025388407235,2,one_per_bay,True,27+27+24,3,78,24,27,0,A40-12L-V4-kv410-direct,17x8E,8.530701400415012,1.862211623171107,19.331852272888636,0.2949048584099773,0.4761355862591104,0.3,0.10683972192817905,0.09522711725182208,0.03391346242402258,0.045341019300461353,0.016147406313338303,9.09096818208151,5.425201646739706,0.6756922182873624,6.644842286915549,True,8.12892687912882,10.567604942867465,10.742780227624532,72.85664810356201,73.97762438564638,6.5320095217756515,0.06775720776854878,0.07352020480189493,0.06775720776854878,-0.005762997033346151,7.833333333333333,0.06775720776854878,0.06775720776854878,0.07352020480189493,-5.5670551342123815,-127.7465372955819,0.0,0.0,1761.2489296815909,1639.9561466866828,13.833333333333332,False,"SOC floor violated (min 0.068, unmet 0 Wh); morning depletion (0.073520 -> 0.067757, -5.567 Wh)",2.440446115104435,0.0,1.0914543799707208,True,1138.0057882647975
6.0,0.4132256491649489,1.9171012439174893,2.488154261852677,0.3086895168250226,0.4,0.0869821641929774,0.0,0.16303018386136187,3.0,0.16529025966597957,0.735715767198584,1.04,1.04,0.19459526575692418,0.5,0.030000000000000002,1.41505783839755,1.54494216160245,37.09332781790951,37.09332781790951,0.0,0.0727054299830781,-0.06030077515740906,-0.0813936842076496,14.747586568821315,36.78913099835026,36.78913099835026,14.940027789639649,0.5410358762251085,3.7953952174496957,-0.1740309506251263,3,one_per_bay,True,27+27+24,3,78,24,27,0,A40-12L-V4-kv410-direct,22x12E,10.008975715861542,1.9179577017936995,18.769965555722276,0.2858378163818183,0.4562078389297811,0.3,0.10581553405976586,0.09124156778595621,0.03218258407907095,0.041625118460196224,0.01468194713388894,10.66633041026347,6.334744737583115,0.6837821967760893,6.357826199670052,True,8.676222251374691,11.279088926787098,11.46605821881043,80.67814862333812,81.43633402790742,12.065359502225743,0.1781689469537668,0.30731593540342783,0.1781689469537668,-0.12914698844966102,8.0,0.1781689469537668,0.1781689469537668,0.30731593540342783,-187.13398626355882,-31.633195863991908,0.0,0.0,1761.2489296815909,1823.794238888766,14.083333333333334,False,"SOC floor violated (min 0.178, unmet 0 Wh); morning depletion (0.307316 -> 0.178169, -187.134 Wh); FLAG 22x12E: shaft power table 63.8 W vs similarity 53.4 W (16%) at 2197 rpm, 11.28 m/s; FLAG 22x12E: shaft power table 65.1 W vs similarity 53.8 W (17%) at 2230 rpm, 11.47 m/s",2.6981151868587854,0.0,1.1132256491649488,True,1150.9780404958942
6.0,0.3914543799707209,2.0,2.2178466475326144,0.3265152836067247,0.4074997255316657,0.1541866514642911,0.0,0.1006772589950577,3.0,0.15951755239623713,0.9023828956314419,1.04,1.04,0.1846542886561994,0.5,0.03,1.4912452197162929,1.468754780283707,36.02708972052939,36.02708972052939,0.0,0.07270542998307808,-0.05374983138179566,-0.0720730089289973,14.024407856859115,41.80630023668082,41.80630023668082,17.287844289553558,0.5265202278954141,3.7715648970096787,-0.3822019251355532,3,one_per_bay,True,28+28+24,3,80,24,28,0,A40-12L-V4-kv410-direct,MJ-26x15EL,9.839837997273527,1.862211623171107,19.331852272888636,0.2949372406611141,0.4761355862591104,0.3,0.10318677002806155,0.09522711725182208,0.03275392882766339,0.045341019300461353,0.015595311104648686,10.48608431490738,6.149852890051655,0.7050951465636284,7.361260047336163,True,8.730413642657773,11.349537735455105,11.537674831364555,81.86892586290215,84.51645372410005,14.892446167098443,0.16726665850977546,0.2980036094012885,0.16726665850977546,-0.13073695089151305,8.0,0.16726665850977546,0.16726665850977546,0.2980036094012885,-189.4378418418024,-47.43061181933538,0.0,0.0,1806.409158647785,1871.1088719998688,14.083333333333334,False,"SOC floor violated (min 0.167, unmet 0 Wh); morning depletion (0.298004 -> 0.167267, -189.438 Wh); FLAG MJ-26x15EL: thrust table 3.59 N vs similarity 4.24 N (15%) at 1642 rpm, 11.35 m/s; FLAG MJ-26x15EL: thrust table 3.60 N vs similarity 4.57 N (21%) at 1692 rpm, 11.54 m/s",2.440446115104435,0.0,1.0914543799707208,True,1163.4702913817375
6.0,0.41557261190822525,2.0,2.4318109067236637,0.3123172625249653,0.47725542078890015,0.17715021981492307,0.7690843010384187,0.0,0.586021991271866,0.19833428176460235,1.0136587261464451,1.172043982543732,1.172043982543732,0.20276562047972874,0.5,0.03,1.476153089412601,1.483846910587399,36.52457046011166,36.52457046011166,0.0,0.07270542998307808,-0.05893528587029432,-0.07850564595650392,15.71874186755152,38.3142804776208,38.3142804776208,15.87682902051178,0.5346071045408729,3.413237246320738,-0.29463600455603384,3,one_per_bay,True,31+31+27,3,89,27,31,0,A40-12L-V4-kv410-direct,16x8E,10.256810962688613,2.0619262100220483,17.459402681347676,0.28888118427478876,0.4784687087029792,0.3,0.10288379114485635,0.09569374174059585,0.032817783130364285,0.045786461041579275,0.015702282316879812,11.570490903894923,6.775863327061621,0.7076039384803399,6.66285609552416,True,8.715293109043376,11.329881041756389,11.517692295913175,89.29959235237487,91.27323573153011,4.843603033979948,0.12651904464646088,0.23629289244142707,0.12651904464646088,-0.10977384779496618,7.916666666666667,0.12651904464646088,0.12651904464646088,0.23629289244142707,-159.062305454906,-106.4739043072782,0.0,0.0,2009.6301889956605,2042.7621799669512,14.083333333333334,False,"SOC floor violated (min 0.127, unmet 0 Wh); morning depletion (0.236293 -> 0.126519, -159.062 Wh)",2.6568801182078303,0.0,1.1155726119082252,True,1183.2548021485054
5.795859388038387,0.43148519506602084,1.8932547064963832,2.508828399106127,0.3143608225256633,0.4,0.0,0.8054518266096646,0.0016214382739368899,0.5345891299121314,0.17259407802640836,0.5307508956071341,1.0615017912142681,1.0615017912142681,0.19620908324291983,0.5,0.029999999999999995,1.5191450506893387,1.338784643329855,35.20833292741761,35.20833292741761,0.0,0.07270542998307807,-0.06294336535742066,-0.08492884385670098,13.794812089883555,37.25254759533596,37.25254759533596,15.111710960377755,0.526629666531095,3.553177028921325,0.07100579915455596,3,one_per_bay,True,27+27+24,3,78,24,27,0,A40-12L-V4-kv410-direct,MJ-21x13p5EL,9.89488405394799,1.8879859552695857,17.792497847854015,0.2714796970615024,0.4430258609897493,0.3,0.1059735183436558,0.08860517219794985,0.031299339470874064,0.039254382701141725,0.013866416817494426,10.56516893093391,6.279347170066588,0.682526645651585,6.450509519067193,True,8.855196702040406,11.511755712652528,11.702581836066498,81.796664285612,82.48956246348843,11.867412634889435,0.14913004657186704,0.29635316362789954,0.14913004657186704,-0.1472231170560325,8.0,0.14913004657186704,0.14913004657186704,0.29635316362789954,-213.32629661419108,-73.71056251736468,0.0,0.0,1761.2489296815909,1849.933441603793,14.166666666666668,False,"SOC floor violated (min 0.149, unmet 0 Wh); morning depletion (0.296353 -> 0.149130, -213.326 Wh); FLAG MJ-21x13p5EL: thrust table 3.70 N vs similarity 4.42 N (16%) at 2009 rpm, 11.51 m/s; FLAG MJ-21x13p5EL: thrust table 3.71 N vs similarity 4.37 N (15%) at 2038 rpm, 11.70 m/s",2.7093322701238876,0.0,1.1314851950660207,True,1198.0930694841654
6.0,0.3914543799707209,2.0,2.2178466475326144,0.3265152836067247,0.4074997255316657,0.1541866514642911,0.0,0.1006772589950577,3.0,0.15951755239623713,0.9023828956314419,1.04,1.04,0.1846542886561994,0.5,0.03,1.4912452197162929,1.468754780283707,35.95378815227614,35.95378815227614,0.0,0.07270542998307808,-0.05374983138179566,-0.07211680795020578,13.999922162553748,41.695901404074206,41.695901404074206,17.228245924305572,0.5272028451932985,3.7714348286154906,-0.3823928303713323,3,one_per_bay,True,28+28+24,3,80,24,28,0,A40-12L-V4-kv410-direct,MJ-21x10EL,9.799837997273526,1.862211623171107,19.331852272888636,0.2949372305367428,0.4761355862591104,0.3,0.10330449856571763,0.09522711725182208,0.0327912986585276,0.045341019300461353,0.015613104210975618,10.443457254104903,6.128346084542525,0.7041232838410263,7.3391802808148405,True,8.712650536715254,11.326445697729831,11.514200005457282,83.08824518667996,84.55671000951462,11.351072103590878,0.14316273934574641,0.28609590608042723,0.14316273934574641,-0.14293316673468082,8.0,0.14316273934574641,0.14316273934574641,0.28609590608042723,-207.11015859855252,-82.35719068801346,0.0,0.0,1806.409158647785,1888.6801606400977,14.083333333333334,False,"SOC floor violated (min 0.143, unmet 0 Wh); morning depletion (0.286096 -> 0.143163, -207.110 Wh)",2.440446115104435,0.0,1.0914543799707208,True,1199.7704263889345
6.0,0.3914543799707209,2.0,2.2178466475326144,0.3265152836067247,0.4074997255316657,0.1541866514642911,0.0,0.1006772589950577,3.0,0.15951755239623713,0.9023828956314419,1.04,1.04,0.1846542886561994,0.5,0.03,1.3712452197162928,1.5887547802837072,36.04360480898371,36.04360480898371,0.0,0.07270542998307808,-0.05374983138179566,-0.07338838442964031,13.960274672502004,38.24636320096919,38.24636320096919,15.424346693235442,0.5649596779099805,3.7674364096685617,-0.388878554651006,2,one_per_bay,True,27+27+24,3,78,24,27,0,A40-12L-V4-kv410-direct,MJ-18x8E,8.538746400951855,1.862211623171107,19.331852272888636,0.2949048590219852,0.4761355862591104,0.3,0.10681911984336287,0.09522711725182208,0.033906922833534504,0.045341019300461353,0.01614429258158737,9.09954155025751,5.4297943671549795,0.6758538049435099,6.649272640193837,True,8.13275902650196,10.572586734452548,10.747844600529058,73.71826760011925,75.1755352270498,8.619409747778127,0.030237385547363382,0.06100151865950444,0.030237385547363382,-0.03076413311214106,7.833333333333333,0.030237385547363382,0.030237385547363382,0.06100151865950444,-29.718152586328262,-163.99068556124698,0.0,0.0,1761.2489296815909,1664.0539766099903,13.833333333333332,False,"SOC floor violated (min 0.030, unmet 0 Wh); morning depletion (0.061002 -> 0.030237, -29.718 Wh)",2.440446115104435,0.0,1.0914543799707208,True,1200.5267465647778
6.0,0.3914543799707209,2.0,2.2178466475326144,0.3265152836067247,0.4074997255316657,0.1541866514642911,0.0,0.1006772589950577,3.0,0.15951755239623713,0.9023828956314419,1.04,1.04,0.1846542886561994,0.5,0.03,1.4912452197162929,1.468754780283707,36.04597726015981,36.04597726015981,0.0,0.07270542998307808,-0.05374983138179566,-0.07206169798106754,14.030725140980996,41.834783022127766,41.834783022127766,17.303238515281592,0.5263448535383601,3.7715983687193875,-0.3821527977162447,3,one_per_bay,True,28+28+24,3,80,24,28,0,A40-12L-V4-kv410-direct,20x10E,9.850157956418807,1.862211623171107,19.331852272888636,0.29493724326654824,0.4761355862591104,0.3,0.10315635725530306,0.09522711725182208,0.03274427509207197,0.045341019300461353,0.015590714617593275,10.497082053056499,6.155395510008181,0.7053464778971688,7.366956604425553,True,8.734990643879485,11.35548783704333,11.54372356558957,83.11943890073269,84.614255167737,9.80271856329382,0.14215422766542662,0.28578475577924145,0.14215422766542662,-0.14363052811381483,8.0,0.14215422766542662,0.14215422766542662,0.28578475577924145,-208.12063523691768,-83.81852411279684,0.0,0.0,1806.409158647785,1889.6901282653835,14.083333333333334,False,"SOC floor violated (min 0.142, unmet 0 Wh); morning depletion (0.285785 -> 0.142154, -208.121 Wh); FLAG 20x10E: (11.36 m/s, 2690 rpm) not on the map; used C_T(J) similarity; FLAG 20x10E: (11.54 m/s, 2737 rpm) not on the map; used C_T(J) similarity",2.440446115104435,0.0,1.0914543799707208,True,1201.476299448388
6.0,0.3914543799707209,2.0,2.2178466475326144,0.3265152836067247,0.4074997255316657,0.1541866514642911,0.0,0.1006772589950577,3.0,0.15951755239623713,0.9023828956314419,1.04,1.04,0.1846542886561994,0.5,0.03,1.4912452197162929,1.468754780283707,36.160599284854875,36.160599284854875,0.0,0.07270542998307808,-0.05374983138179566,-0.07199283709953669,14.069133596909305,42.0079548345632,42.0079548345632,17.39699030836813,0.5252850670790996,3.7718011216717056,-0.38185521121062715,3,one_per_bay,True,28+28+24,3,80,24,28,0,A40-12L-V4-kv410-direct,26x15E,9.912902276345875,1.862211623171107,19.331852272888636,0.2949372590490756,0.4761355862591104,0.3,0.10297112246283743,0.09522711725182208,0.03268547717440117,0.045341019300461353,0.015562718836592273,10.563947201570027,6.189040405759639,0.706879662918183,7.401590966912639,True,8.762766900466115,11.39159697060595,11.58043126692496,83.17287678276672,84.599210108363,15.312422960957553,0.14121431931140294,0.28526479779875896,0.14121431931140294,-0.14405047848735603,8.0,0.14121431931140294,0.14121431931140294,0.28526479779875896,-208.72914332817888,-85.18045131777716,0.0,0.0,1806.409158647785,1890.2935149319123,14.083333333333334,False,"SOC floor violated (min 0.141, unmet 0 Wh); morning depletion (0.285265 -> 0.141214, -208.729 Wh); FLAG 26x15E: (11.39 m/s, 1723 rpm) not on the map; used C_T(J) similarity; FLAG 26x15E: (11.58 m/s, 1753 rpm) not on the map; used C_T(J) similarity",2.440446115104435,0.0,1.0914543799707208,True,1202.8361581759532
6.0,0.3914543799707209,2.0,2.2178466475326144,0.3265152836067247,0.4074997255316657,0.1541866514642911,0.0,0.1006772589950577,3.0,0.15951755239623713,0.9023828956314419,1.04,1.04,0.1846542886561994,0.5,0.03,1.3712452197162928,1.5887547802837072,36.16475151379686,36.16475151379686,0.0,0.07270542998307808,-0.05374983138179566,-0.07333146529244748,13.99547033736075,38.404699847786524,38.404699847786524,15.504096679322991,0.56367165719564,3.7674930383795324,-0.38829689908167564,2,one_per_bay,True,27+27+24,3,78,24,27,0,A40-12L-V4-kv410-direct,24x12E,8.596242283110328,1.862211623171107,19.331852272888636,0.29490486337922034,0.4761355862591104,0.3,0.10667099512546507,0.09522711725182208,0.03385990453393735,0.045341019300461353,0.01612190549594377,9.160813561874036,5.462564657769288,0.677016957381879,6.680939969557304,True,8.1600941657679,10.60812241549827,10.78396934343694,72.71684930191152,77.30247934988157,15.136341383604467,0.035879780703394315,0.07482539636557568,0.035879780703394315,-0.03894561566218137,7.916666666666667,0.035879780703394315,0.035879780703394315,0.07482539636557568,-37.6214647296672,-158.5401318405211,0.0,0.0,1761.2489296815909,1672.207091237566,13.75,False,"SOC floor violated (min 0.036, unmet 0 Wh); morning depletion (0.074825 -> 0.035880, -37.621 Wh); FLAG 24x12E: (10.61 m/s, 1975 rpm) not on the map; used C_T(J) similarity",2.440446115104435,0.0,1.0914543799707208,True,1203.0658339587872
6.0,0.3914543799707209,2.0,2.2178466475326144,0.3265152836067247,0.4074997255316657,0.1541866514642911,0.0,0.1006772589950577,3.0,0.15951755239623713,0.9023828956314419,1.04,1.04,0.1846542886561994,0.5,0.03,1.4912452197162929,1.468754780283707,35.985436547378285,35.985436547378285,0.0,0.07270542998307808,-0.05374983138179566,-0.07209791670683113,14.010487891442784,41.74353916824493,41.74353916824493,17.253949413304184,0.5269077305617679,3.7714910189306328,-0.3823103581805636,3,one_per_bay,True,28+28+24,3,80,24,28,0,A40-12L-V4-kv410-direct,16x8E,9.817098245248966,1.862211623171107,19.331852272888636,0.2949372349105088,0.4761355862591104,0.3,0.10325372777164629,0.09522711725182208,0.03277518280399427,0.045341019300461353,0.015605430879129323,10.46185109510277,6.137631032283082,0.704542198785638,7.348707833648987,True,8.720319865059878,11.336415824577841,11.524335403416309,83.93266788006915,85.68882350628166,5.091451797654708,0.11901426951329336,0.27782271842627065,0.11901426951329336,-0.1588084489129773,8.0,0.11901426951329336,0.11901426951329336,0.27782271842627065,-230.1134424749041,-117.34832347523793,0.0,0.0,1806.409158647785,1911.6528927794066,14.166666666666668,False,"SOC floor violated (min 0.119, unmet 0 Wh); morning depletion (0.277823 -> 0.119014, -230.113 Wh)",2.440446115104435,0.0,1.0914543799707208,True,1239.794178399684
6.0,0.3914543799707209,2.0,2.2178466475326144,0.3265152836067247,0.4074997255316657,0.1541866514642911,0.0,0.1006772589950577,3.0,0.15951755239623713,0.9023828956314419,1.04,1.04,0.1846542886561994,0.5,0.03,1.3712452197162928,1.5887547802837072,36.21238591353257,36.21238591353257,0.0,0.07270542998307808,-0.05374983138179566,-0.07330891559074806,14.009341479043933,38.467113377509335,38.467113377509335,15.53561565731382,0.563167833623588,3.7675152526205227,-0.3880687279514713,2,one_per_bay,True,27+27+24,3,78,24,27,0,A40-12L-V4-kv410-direct,26x13E,8.618902276345874,1.862211623171107,19.331852272888636,0.2949048650884779,0.4761355862591104,0.3,0.10661219893326661,0.09522711725182208,0.03384124122764254,0.045341019300461353,0.016113019231659555,9.184961784609923,5.475454530648822,0.6774793276425104,6.693422675501868,True,8.170842233184455,10.622094903139793,10.798173447846366,74.31721224630265,75.68263641855644,16.570071000714734,0.009317228202766696,0.05244192144128928,0.009317228202766696,-0.04312469323852258,7.833333333333333,0.009317228202766696,0.009317228202766696,0.05244192144128928,-41.65845366841281,-184.1995575561274,1.4480726311582282,0.0,1761.2489296815909,1677.3811209814917,13.916666666666668,False,"SOC floor violated (min 0.009, unmet 1 Wh); morning depletion (0.052442 -> 0.009317, -41.658 Wh); FLAG 26x13E: (10.62 m/s, 1785 rpm) not on the map; used C_T(J) similarity; FLAG 26x13E: (10.80 m/s, 1816 rpm) not on the map; used C_T(J) similarity",2.440446115104435,0.0,1.0914543799707208,True,1248.288190347338
5.845480251020377,0.42642519052305217,2.0,2.29458215597293,0.3537549103107345,0.5080642566202924,0.2657451884292612,0.017015769519148627,0.01657828035978029,0.6321248780369906,0.21665139742726106,1.212491883759124,1.1870205043489106,1.1870205043489106,0.21175627653897458,0.5,0.030000000000000002,1.40023066632792,1.4825094591822685,37.48544451328215,37.48544451328215,0.0,0.0727054299830781,-0.05707951275770331,-0.07619779658811246,15.281952245047345,38.93479634736433,38.93479634736433,16.07379599449545,0.5443490555088655,3.930847657514734,-0.23355448367117884,3,one_per_bay,True,32+32+27,3,91,27,32,0,A40-12L-V4-kv410-direct,MJ-18x8E,10.375324101588479,2.133894768932575,16.012804315632543,0.29545424783467644,0.49459651177970027,0.3,0.10342746983843495,0.09891930235594006,0.03410324386952673,0.04892514189292944,0.016867345458240368,10.771991853335743,6.324895277816947,0.7031099141065498,6.786959269472867,True,8.37470850778234,10.887121060117043,11.06759284555958,92.94396533558236,95.11903381182218,7.179202909674382,0.06244444142861847,0.20305824942379086,0.06244444142861847,-0.1406138079951724,8.0,0.06244444142861847,0.06244444142861847,0.20305824942379086,-203.7494077850048,-199.31800436993186,0.0,0.0,2054.790417961856,2132.224597110018,14.083333333333334,False,"SOC floor violated (min 0.062, unmet 0 Wh); morning depletion (0.203058 -> 0.062444, -203.749 Wh)",2.5298351234622727,0.0,1.1264251905230522,True,1278.169365566554
6.0,0.35650104388857873,2.0,2.196270343374447,0.3299252919137141,0.4,0.04409588422085181,0.0,0.23412865963721757,3.0,0.14260041755543149,0.6293577928677125,1.04,1.04,0.16215863801959673,0.5,0.029999999999999995,1.4588705455733724,1.5011294544266276,37.52064775113204,37.52064775113204,0.0,0.07270542998307807,-0.053226926558040566,-0.07208044477571329,12.22046733421097,43.354831570837874,43.354831570837874,17.769292683210075,0.5063551553455584,3.675723378346784,-0.4826154421648809,3,one_per_bay,True,23+23+16,3,62,16,23,0,A40-12L-V4-kv410-direct,MJ-20x13EL,9.275559143488636,1.6319244104140815,22.05984527853556,0.2949372157089616,0.4479081891697543,0.3,0.10448053437507349,0.08958163783395086,0.031198457970284952,0.040124349185065675,0.013974044814359021,9.884745589661373,5.833410799102333,0.6945053126007299,7.6709663141675755,True,9.05472767723607,11.77114598040689,11.966271920502384,71.56084176260829,72.77351872717747,11.855941324840092,0.1469035647551633,0.37599801439184843,0.1469035647551633,-0.22909444963668513,8.166666666666666,0.1469035647551633,0.1469035647551633,0.37599801439184843,-331.95785752355675,-76.93673466976838,0.0,0.0,1399.9670979520336,1608.8795770522943,14.583333333333332,False,"SOC floor violated (min 0.147, unmet 0 Wh); morning depletion (0.375998 -> 0.146904, -331.958 Wh)",2.4036082997900197,0.0,1.0565010438885787,True,1282.1908838815218
6.0,0.3914543799707209,2.0,2.2178466475326144,0.3265152836067247,0.4074997255316657,0.1541866514642911,0.0,0.1006772589950577,3.0,0.15951755239623713,0.9023828956314419,1.04,1.04,0.1846542886561994,0.5,0.03,1.4912452197162929,1.468754780283707,35.999368867113226,35.999368867113226,0.0,0.07270542998307808,-0.05374983138179566,-0.07208959107219474,14.015142104771586,41.764523659038,41.764523659038,17.26527837189677,0.5267780028591968,3.771515739479212,-0.3822740750990383,3,one_per_bay,True,28+28+24,3,80,24,28,0,A40-12L-V4-kv410-direct,17x8E,9.824701400415012,1.862211623171107,19.331852272888636,0.2949372368347293,0.4761355862591104,0.3,0.10323134874652452,0.09522711725182208,0.03276807917049676,0.045341019300461353,0.015602048586429417,10.469953599041613,6.141718829645954,0.7047269485055807,7.3529047318076,True,8.723696072109389,11.340804893742206,11.528797228559426,85.04203908782752,86.56306572462809,5.926956349016505,0.09141945313670131,0.26696480043986964,0.09141945313670131,-0.17554534730316834,8.0,0.09141945313670131,0.09141945313670131,0.26696480043986964,-254.36520824229092,-157.3332124049198,0.0,0.0,1806.409158647785,1935.8389478166746,14.25,False,"SOC floor violated (min 0.091, unmet 0 Wh); morning depletion (0.266965 -> 0.091419, -254.365 Wh)",2.440446115104435,0.0,1.0914543799707208,True,1284.125893166467
6.0,0.4205374771781968,1.895127951909624,2.2755516286444903,0.30043826634007004,0.4,0.2905862508923499,0.18644426186554863,0.2989800861527576,1.2968544693604398,0.16821499087127872,1.2764614352592667,1.1409496449463528,1.1409496449463528,0.2122654010227882,0.5,0.029999999999999995,1.5330443718533049,1.426955628146695,35.721999081924466,35.721999081924466,0.0,0.07270542998307807,-0.055148319869763755,-0.0730912909571337,15.650493705777535,40.44513012033004,40.44513012033004,16.899194181980622,0.5361418895013715,3.6304768523507986,-0.3381734130732955,3,one_per_bay,True,34+34+24,3,92,24,34,0,A40-12L-V4-kv410-direct,16x7E(3D),10.302319588651512,2.0883373271679417,17.238594326530908,0.29446000038150016,0.4977816248242585,0.3,0.10167652548218951,0.09955632496485169,0.033741804040672944,0.04955730920253576,0.016796050039867907,11.31930925070314,6.589760737336633,0.717711720027947,7.089026024066008,True,8.565491761543758,11.135139290006885,11.319722382058703,95.04178909590549,96.25829848339968,4.279858292257596,0.03034850235928533,0.18375228236585525,0.03034850235928533,-0.15340378000656993,8.0,0.03034850235928533,0.03034850235928533,0.18375228236585525,-222.2820772295198,-245.8250200813956,0.0,0.0,2077.3705324449543,2173.0666563943882,14.083333333333334,False,"SOC floor violated (min 0.030, unmet 0 Wh); morning depletion (0.183752 -> 0.030349, -222.282 Wh)",2.5113061647837505,0.0,1.1205374771781966,True,1323.0552766472847
6.0,0.3914543799707209,2.0,2.2178466475326144,0.3265152836067247,0.4074997255316657,0.1541866514642911,0.0,0.1006772589950577,3.0,0.15951755239623713,0.9023828956314419,1.04,1.04,0.1846542886561994,0.5,0.03,1.4912452197162929,1.468754780283707,36.119245717747496,36.119245717747496,0.0,0.07270542998307808,-0.05374983138179566,-0.07201772382127143,14.055262455226122,41.94541435281811,41.94541435281811,17.36310116892133,0.5256665301089866,3.77172804625289,-0.3819624661632264,3,one_per_bay,True,28+28+24,3,80,24,28,0,A40-12L-V4-kv410-direct,24x12E,9.890242283110329,1.862211623171107,19.331852272888636,0.2949372533607405,0.4761355862591104,0.3,0.10303808337239136,0.09522711725182208,0.03270673215568577,0.045341019300461353,0.015572839089567142,10.539798978834144,6.176900225938744,0.7063249515629568,7.389082870563623,True,8.75274572614292,11.378569443985795,11.567187787806796,86.78234492376323,87.17158707000223,13.840950598800726,0.05291995866015707,0.24977127927776585,0.05291995866015707,-0.1968513206176088,8.0,0.05291995866015707,0.05291995866015707,0.24977127927776585,-285.23756357491516,-213.1189799014324,0.0,0.0,1806.409158647785,1966.5713890961558,14.25,False,"SOC floor violated (min 0.053, unmet 0 Wh); morning depletion (0.249771 -> 0.052920, -285.238 Wh)",2.440446115104435,0.0,1.0914543799707208,True,1343.9313609574517
5.989000911147302,0.3816256085657099,1.810718661106272,2.4115276373356522,0.29219165474508546,0.462273524342395,0.13777789804174442,0.0,0.08597106706418443,2.994500455573651,0.176415415050982,0.8609314714722767,1.04,1.04,0.19155164227847352,0.5,0.029999999999999995,1.5265720041141533,1.4279284514594979,35.15966561331108,35.15966561331108,0.0,0.07270542998307807,-0.058551052634579444,-0.07919089002829631,13.847009343807297,38.13269928119909,38.13269928119909,15.503638355768643,0.5301809878917294,3.7673698145095513,-0.41402392792894055,3,one_per_bay,True,26+26+16,3,68,16,26,0,A40-12L-V4-kv410-direct,MJ-20x11E,9.770561298109815,1.8477260133127156,19.41204034326315,0.2962801276217706,0.4544186124435964,0.3,0.1056474991452773,0.09088372248871929,0.03200545997982197,0.04129925506703269,0.014543876714649752,10.393170205172073,6.167611687986746,0.6851207130007644,6.626539856239818,True,8.733661058536745,11.353759376097768,11.541966452585195,77.96608322777404,79.24323691136405,10.622724803160953,0.07801157260396765,0.3206506076203828,0.07801157260396765,-0.24263903501641512,8.166666666666666,0.07801157260396765,0.07801157260396765,0.3206506076203828,-351.5839617387855,-176.7612312968509,0.0,0.0,1535.4477848506178,1763.3189574606895,14.5,False,"SOC floor violated (min 0.078, unmet 0 Wh); morning depletion (0.320651 -> 0.078012, -351.584 Wh)",2.6242341106750677,0.0,1.0816256085657099,True,1364.6274614124475
6.0,0.3914543799707209,2.0,2.2178466475326144,0.3265152836067247,0.4074997255316657,0.1541866514642911,0.0,0.1006772589950577,3.0,0.15951755239623713,0.9023828956314419,1.04,1.04,0.1846542886561994,0.5,0.03,1.4912452197162929,1.468754780283707,36.01410497288383,36.01410497288383,0.0,0.07270542998307808,-0.05374983138179566,-0.07208077896134134,14.020066790367377,41.786727632735946,41.786727632735946,17.277270040869453,0.5266409159111334,3.7715418758014483,-0.3822357140446316,3,one_per_bay,True,28+28+24,3,80,24,28,0,A40-12L-V4-kv410-direct,18x8E,9.832746400951855,1.862211623171107,19.331852272888636,0.294937238869155,0.4761355862591104,0.3,0.10320765971855085,0.09522711725182208,0.032760559711015325,0.045341019300461353,0.015598468304180874,10.478526967217615,6.146042700100139,0.7049225784010393,7.3573455265471885,True,8.727267059937086,11.345447177918212,11.533516466165924,87.18202347907683,88.47795152153083,6.889563082430505,0.03618252476175672,0.2457509256873463,0.03618252476175672,-0.2095684009255896,8.083333333333334,0.03618252476175672,0.03618252476175672,0.2457509256873463,-303.6646129411793,-237.37152162021454,0.0,0.0,1806.409158647785,1985.0038619117558,14.25,False,"SOC floor violated (min 0.036, unmet 0 Wh); morning depletion (0.245751 -> 0.036183, -303.665 Wh)",2.440446115104435,0.0,1.0914543799707208,True,1373.385875163833
6.0,0.3914543799707209,2.0,2.2178466475326144,0.3265152836067247,0.4074997255316657,0.1541866514642911,0.0,0.1006772589950577,3.0,0.15951755239623713,0.9023828956314419,1.04,1.04,0.1846542886561994,0.5,0.03,1.4912452197162929,1.468754780283707,35.92993294383177,35.92993294383177,0.0,0.07270542998307808,-0.05374983138179566,-0.07213102787560481,13.991964311904503,41.660021839726475,41.660021839726475,17.208900350509015,0.5274256832274656,3.771392442054453,-0.3824550423836808,3,one_per_bay,True,28+28+24,3,80,24,28,0,A40-12L-V4-kv410-direct,MJ-18x8EL,9.786837997273526,1.862211623171107,19.331852272888636,0.29493722723746674,0.4761355862591104,0.3,0.10334270741473993,0.09522711725182208,0.03280342705368061,0.045341019300461353,0.015618878971512179,10.429603459344095,6.12134823764316,0.7038082223794051,7.332004367945297,True,8.706869724585639,11.31893064196133,11.506560375384451,86.93020027880088,89.08748752946778,7.923829555303454,0.03700683262494973,0.24816891022711512,0.03700683262494973,-0.2111620776021654,8.083333333333334,0.03700683262494973,0.03700683262494973,0.24816891022711512,-305.97385044553766,-236.17709952644788,0.0,0.0,1806.409158647785,1987.3583573852122,14.25,False,"SOC floor violated (min 0.037, unmet 0 Wh); morning depletion (0.248169 -> 0.037007, -305.974 Wh)",2.440446115104435,0.0,1.0914543799707208,True,1374.1552439772156
6.0,0.3914543799707209,2.0,2.2178466475326144,0.3265152836067247,0.4074997255316657,0.1541866514642911,0.0,0.1006772589950577,3.0,0.15951755239623713,0.9023828956314419,1.04,1.04,0.1846542886561994,0.5,0.03,1.4912452197162929,1.468754780283707,36.1969420993849,36.1969420993849,0.0,0.07270542998307808,-0.05374983138179566,-0.07197092633563891,14.081337096119094,42.06297618697603,42.06297618697603,17.42683379273801,0.5249506504198791,3.7718652736854748,-0.3817610534043923,3,one_per_bay,True,28+28+24,3,80,24,28,0,A40-12L-V4-kv410-direct,MJ-26x15E,9.932837997273527,1.862211623171107,19.331852272888636,0.294937264042843,0.4761355862591104,0.3,0.10291215431127299,0.09522711725182208,0.032666759284124,0.045341019300461353,0.01555380658293162,10.585192231273131,6.1997111645364695,0.7073686096575675,7.412595237395207,True,8.771573823430103,11.403045970459134,11.592070052620848,88.46500225073414,88.62221882300885,14.723662644101847,0.009905568332583197,0.23307529129140034,0.009905568332583197,-0.22316972295881715,8.083333333333334,0.009905568332583197,0.009905568332583197,0.23307529129140034,-323.372928567326,-275.446831486087,0.08417017140063857,0.0,1806.409158647785,2004.666712835257,14.416666666666666,False,"SOC floor violated (min 0.010, unmet 0 Wh); morning depletion (0.233075 -> 0.009906, -323.373 Wh); FLAG MJ-26x15E: thrust table 3.62 N vs similarity 5.02 N (28%) at 1716 rpm, 11.40 m/s; FLAG MJ-26x15E: shaft power table 60.9 W vs similarity 74.3 W (18%) at 1716 rpm, 11.40 m/s; FLAG MJ-26x15E: thrust table 3.63 N vs similarity 4.93 N (26%) at 1739 rpm, 11.59 m/s; FLAG MJ-26x15E: shaft power table 62.8 W vs similarity 74.3 W (15%) at 1739 rpm, 11.59 m/s",2.440446115104435,0.0,1.0914543799707208,True,1414.1058553402404
6.0,0.3864543799707209,2.0,2.2178466475326144,0.3265152836067247,0.4074997255316657,0.1541866514642911,0.0,0.1006772589950577,3.0,0.15748005376857882,0.9023828956314419,1.04,1.04,0.18229572150119644,0.5,0.030000000000000002,1.46082224884929,1.49917775115071,36.627314619068265,36.627314619068265,0.0,0.0727054299830781,-0.053749831381795656,-0.07226425220370644,13.47213906725528,41.597417882626694,41.597417882626694,17.14301413520693,0.5213706071655893,3.761156077757289,-0.41523994132765,3,one_per_bay,True,24+24+16,3,64,16,24,0,A40-12L-V4-kv410-direct,MJ-20x11E,9.66843139718126,1.8384258167214464,19.581970440450263,0.2960432400545208,0.47308500230459294,0.3,0.10368183264023734,0.09461700046091859,0.03270021335570073,0.04476188388110734,0.015469980510742363,10.30342032580541,6.057202909506804,0.7010195101164847,7.319483576525339,True,8.709842829505154,11.322795678356702,11.510489481060874,76.74476810344406,77.97701554134106,10.71768857715346,0.04260788854748939,0.32671189741390605,0.04260788854748939,-0.2841040088664167,8.25,0.04260788854748939,0.04260788854748939,0.32671189741390605,-411.66670884743775,-228.06116949468787,0.0,0.0,1445.1273269182286,1733.3754105696846,14.666666666666668,False,"SOC floor violated (min 0.043, unmet 0 Wh); morning depletion (0.326712 -> 0.042608, -411.667 Wh)",2.439118398200406,0.0,1.086454379970721,True,1441.4961193189274
6.0,0.38396838328139266,1.8864465071688952,2.150583646501669,0.3218454190469074,0.4,0.14940623101730435,0.0,0.29410112832272295,3.0,0.15358735331255707,0.9288890750696706,1.1301996312355687,1.1301996312355687,0.18664570529665553,0.5,0.03,1.443357019739119,1.516642980260881,37.14890377304171,37.14890377304171,0.0,0.07270542998307808,-0.05211970291115994,-0.06989142201629964,13.225592474250863,43.060855051129565,43.060855051129565,17.842370750471996,0.5163525097749984,3.7562550365382843,-0.40221376598411246,3,one_per_bay,True,23+23+16,3,62,16,23,0,A40-12L-V4-kv410-direct,MJ-20p5x12EW,9.629466965792746,1.8266656316231988,19.708040364240023,0.29515573706417697,0.478887213578108,0.3,0.10289491616502822,0.0957774427156216,0.03285003979574892,0.045866592665720886,0.01573146402371616,10.261896846157105,6.009854755612705,0.7075116227348668,7.612171010225911,True,8.720210290369183,11.336273377479937,11.524190595025464,76.09202314647776,77.00895763872471,11.773087898166585,0.0277445920370751,0.3300302782261157,0.0277445920370751,-0.3022856861890406,8.25,0.0277445920370751,0.0277445920370751,0.3300302782261157,-438.01195928791986,-249.59808613827818,0.0,0.0,1399.9670979520333,1714.6901995687579,14.75,False,"SOC floor violated (min 0.028, unmet 0 Wh); morning depletion (0.330030 -> 0.027745, -438.012 Wh)",2.374982753880162,0.0,1.0839683832813927,True,1474.5410931519655
6.0,0.35920018192153197,1.954264442092026,2.1600655402918423,0.31733179991853794,0.4,0.1670884757311008,0.0,0.07611820727000253,3.0,0.1436800727686128,0.93437941981313,1.04,1.04,0.17166223926117927,0.5,0.030000000000000002,1.5251488776646145,1.4348511223353855,36.077456439304505,36.077456439304505,0.0,0.0727054299830781,-0.052349497966182754,-0.07059209412801032,12.596609304289062,43.57823633759703,43.57823633759703,17.967295141627847,0.5095973641309685,3.7071854412279746,-0.5945389045278243,3,one_per_bay,True,23+23+16,3,62,16,23,0,A40-12L-V4-kv410-direct,16x10E,9.418512781126637,1.7100183186188012,21.052406052046013,0.3022173495998893,0.46232651253915275,0.3,0.10361748167531123,0.09246530250783055,0.031936739294024144,0.04274916083932307,0.014765201299678305,10.037087924749633,5.898799268242939,0.7015476316995197,7.715647267519408,True,8.913456462771004,11.587493401602305,11.779575000717756,76.30173535677436,77.46625945462726,6.265353409462115,0.02053959553440969,0.3278854001536567,0.02053959553440969,-0.307345804619247,8.333333333333334,0.02053959553440969,0.02053959553440969,0.3278854001536567,-445.34407089328886,-260.0381260706404,0.0,0.0,1399.9670979520333,1722.0134964677159,14.75,False,"SOC floor violated (min 0.021, unmet 0 Wh); morning depletion (0.327885 -> 0.020540, -445.344 Wh)",2.377201777264903,0.0,1.059200181921532,True,1486.8062080848372
6.0,0.3914543799707209,2.0,2.2178466475326144,0.3265152836067247,0.4074997255316657,0.1541866514642911,0.0,0.1006772589950577,3.0,0.15951755239623713,0.9023828956314419,1.04,1.04,0.1846542886561994,0.5,0.03,1.4912452197162929,1.468754780283707,36.01410497288383,36.01410497288383,0.0,0.07270542998307808,-0.05374983138179566,-0.07208077896134134,14.020066790367377,41.786727632735946,41.786727632735946,17.277270040869453,0.5266409159111334,3.7715418758014483,-0.3822357140446316,3,one_per_bay,True,28+28+24,3,80,24,28,0,A40-12L-V4-kv410-direct,MJ-18x8E,9.832746400951855,1.862211623171107,19.331852272888636,0.294937238869155,0.4761355862591104,0.3,0.10320765971855085,0.09522711725182208,0.032760559711015325,0.045341019300461353,0.015598468304180874,10.478526967217615,6.146042700100139,0.7049225784010393,7.3573455265471885,True,8.727267059937086,11.345447177918212,11.533516466165924,88.16035042682411,90.3574270905044,7.875076250603209,0.009727626706949077,0.2359942678428615,0.009727626706949077,-0.22626664113591244,8.083333333333334,0.009727626706949077,0.009727626706949077,0.2359942678428615,-327.86036300593713,-275.70466890163084,7.924386361074561,0.0,1806.409158647785,2017.0868179926902,14.333333333333332,False,"SOC floor violated (min 0.010, unmet 8 Wh); morning depletion (0.235994 -> 0.009728, -327.860 Wh)",2.440446115104435,0.0,1.0914543799707208,True,1495.782877039709
5.743622938472679,0.34878760525362135,2.0,2.188234217727909,0.33970002732872967,0.4,0.010794835740306402,0.8295343319015949,0.24279446093442889,1.1722043471933117,0.13951504210144855,0.6514630227467958,1.2544663373721998,1.2544663373721998,0.15624422622988285,0.5,0.03,1.5934853233452229,1.2383261458911168,35.56981927113743,35.56981927113743,0.0,0.07270542998307808,-0.05539935730735779,-0.07510398288747654,10.842620839622931,45.19819487014173,45.19819487014173,18.489996939795887,0.48307165638747485,3.405323133536133,-0.41847422330702816,3,one_per_bay,True,21+21+18,3,60,18,21,0,A40-12L-V4-kv410-direct,MJ-21x13EL,9.106833736152518,1.5386464797018415,21.4404055087054,0.2891605793529487,0.426306288341111,0.3,0.10475342857740841,0.08526125766822219,0.029771363551893765,0.036347410295834895,0.012691719494661665,9.646427702872396,5.7001988939891355,0.6922966868830773,8.039638974028346,True,9.41540839368859,12.240030911795168,12.442929384249537,75.35653540305816,76.39488069093451,13.686044664264015,0.01225606000963112,0.3340883591349557,0.01225606000963112,-0.3218322991253246,8.333333333333334,0.01225606000963112,0.01225606000963112,0.3340883591349557,-466.3350014325953,-272.04096904604455,0.0,0.0,1354.80686898584,1697.9884860382817,14.916666666666668,False,"SOC floor violated (min 0.012, unmet 0 Wh); morning depletion (0.334088 -> 0.012256, -466.335 Wh); FLAG MJ-21x13EL: thrust table 3.26 N vs similarity 3.87 N (16%) at 2093 rpm, 12.24 m/s",2.385587733113232,0.0,1.0487876052536214,True,1509.5762381156933
6.0,0.3914543799707209,2.0,2.2178466475326144,0.3265152836067247,0.4074997255316657,0.1541866514642911,0.0,0.1006772589950577,3.0,0.15951755239623713,0.9023828956314419,1.04,1.04,0.1846542886561994,0.5,0.03,1.3712452197162928,1.5887547802837072,36.04360480898371,36.04360480898371,0.0,0.07270542998307808,-0.05374983138179566,-0.07338838442964031,13.960274672502004,38.24636320096919,38.24636320096919,15.424346693235442,0.5649596779099805,3.7674364096685617,-0.388878554651006,2,one_per_bay,True,27+27+24,3,78,24,27,0,A40-12L-V4-kv410-direct,18x8E,8.538746400951855,1.862211623171107,19.331852272888636,0.2949048590219852,0.4761355862591104,0.3,0.10681911984336287,0.09522711725182208,0.033906922833534504,0.045341019300461353,0.01614429258158737,9.09954155025751,5.4297943671549795,0.6758538049435099,6.649272640193837,True,8.13275902650196,10.572586734452548,10.747844600529058,75.30006283619458,76.25645374441093,7.586763471140296,0.009022412886389915,0.03818693378448872,0.009022412886389915,-0.02916452089809881,7.833333333333333,0.009022412886389915,0.009022412886389915,0.03818693378448872,-28.17292718756345,-184.48434915174735,34.43783268245123,0.0,1761.2489296815909,1696.8451163931932,13.916666666666668,False,"SOC floor violated (min 0.009, unmet 34 Wh); morning depletion (0.038187 -> 0.009022, -28.173 Wh)",2.440446115104435,0.0,1.0914543799707208,True,1564.5204338362212
6.0,0.3914543799707209,2.0,2.2178466475326144,0.3265152836067247,0.4074997255316657,0.1541866514642911,0.0,0.1006772589950577,3.0,0.15951755239623713,0.9023828956314419,1.04,1.04,0.1846542886561994,0.5,0.03,1.4912452197162929,1.468754780283707,36.160599284854875,36.160599284854875,0.0,0.07270542998307808,-0.05374983138179566,-0.07199283709953669,14.069133596909305,42.0079548345632,42.0079548345632,17.39699030836813,0.5252850670790996,3.7718011216717056,-0.38185521121062715,3,one_per_bay,True,28+28+24,3,80,24,28,0,A40-12L-V4-kv410-direct,26x13E,9.912902276345875,1.862211623171107,19.331852272888636,0.2949372590490756,0.4761355862591104,0.3,0.10297112246283743,0.09522711725182208,0.03268547717440117,0.045341019300461353,0.015562718836592273,10.563947201570027,6.189040405759639,0.706879662918183,7.401590966912639,True,8.762766900466115,11.39159697060595,11.58043126692496,88.75097778822858,90.2725465017171,15.149022215172584,0.007700220954627789,0.23021648949086135,0.007700220954627789,-0.22251626853623355,8.083333333333334,0.007700220954627789,0.007700220954627789,0.23021648949086135,-322.4260731090024,-278.64237983674434,20.9233366980423,0.0,1806.409158647785,2024.6051670884092,14.416666666666666,False,"SOC floor violated (min 0.008, unmet 21 Wh); morning depletion (0.230216 -> 0.007700, -322.426 Wh); FLAG 26x13E: (11.39 m/s, 1908 rpm) not on the map; used C_T(J) similarity; FLAG 26x13E: (11.58 m/s, 1941 rpm) not on the map; used C_T(J) similarity",2.440446115104435,0.0,1.0914543799707208,True,1624.0494135620288
6.0,0.3914543799707209,2.0,2.2178466475326144,0.3265152836067247,0.4074997255316657,0.1541866514642911,0.0,0.1006772589950577,3.0,0.15951755239623713,0.9023828956314419,1.04,1.04,0.1846542886561994,0.5,0.03,1.4912452197162929,1.468754780283707,36.081031336451865,36.081031336451865,0.0,0.07270542998307808,-0.05374983138179566,-0.07204067839037556,14.04245839481188,41.88768477857755,41.88768477857755,17.331849966570985,0.526019927134649,3.7716604436356262,-0.3820616885243042,3,one_per_bay,True,28+28+24,3,80,24,28,0,A40-12L-V4-kv410-direct,22x10E,9.869325481234819,1.862211623171107,19.331852272888636,0.2949372480984742,0.4761355862591104,0.3,0.10309982968069936,0.09522711725182208,0.03272633189882282,0.045341019300461353,0.015582171224756228,10.51750843420063,6.165683329344585,0.7058139175173381,7.377536955715511,True,8.743485268015515,11.36653084842017,11.554949632888064,88.79634620940381,90.36847638193403,11.625908790916418,0.008989912707236203,0.2297629509842337,0.008989912707236203,-0.22077303827699749,8.083333333333334,0.008989912707236203,0.008989912707236203,0.2297629509842337,-319.90013246336935,-276.7736164872148,25.01621250042594,0.0,1806.409158647785,2026.1785565124499,14.416666666666666,False,"SOC floor violated (min 0.009, unmet 25 Wh); morning depletion (0.229763 -> 0.008990, -319.900 Wh); FLAG 22x10E: (11.37 m/s, 2526 rpm) not on the map; used C_T(J) similarity; FLAG 22x10E: (11.55 m/s, 2569 rpm) not on the map; used C_T(J) similarity",2.440446115104435,0.0,1.0914543799707208,True,1661.9452495740206
5.790104138880367,0.4164279784149165,1.7730734277264464,2.1739641291479663,0.29097688722684745,0.4,0.17629178838404727,0.0,0.1399086962902543,2.8950520694401836,0.16657119136596663,0.9543200665159027,1.077920927505193,1.077920927505193,0.20657883039212535,0.5,0.030000000000000006,1.4745427403913967,1.3805093290487869,36.359256831266904,36.359256831266904,0.0,0.0727054299830781,-0.05459625353407019,-0.07298994015881209,13.474906203753369,42.40903074068937,42.40903074068937,17.54608437533161,0.5208744048430574,3.8579884355510314,-0.21782344069994358,3,one_per_bay,True,28+28+24,3,80,24,28,0,A40-12L-V4-kv410-direct,24x12E,10.003619568176912,1.9262562985920584,17.40438484929753,0.291058651623881,0.48048550791404804,0.3,0.10311212743154481,0.09609710158280961,0.033029255280695904,0.04617326466308414,0.015870078499567924,10.287685733189326,6.031313947539293,0.7057121918494367,7.481806148137874,True,8.655196078428775,11.251754901957408,11.438271087944985,89.14288033905673,89.59142388236192,13.54862192555247,0.007413634238706241,0.2262986708622236,0.007413634238706241,-0.21888503662351735,8.083333333333334,0.007413634238706241,0.007413634238706241,0.2262986708622236,-317.1644180674766,-279.05764398811465,25.36274663007886,0.0,1806.409158647785,2023.7276704273777,14.416666666666666,False,"SOC floor violated (min 0.007, unmet 25 Wh); morning depletion (0.226299 -> 0.007414, -317.164 Wh)",2.398482493118963,0.0,1.1164279784149165,True,1665.0988676855995
6.0,0.3914543799707209,2.0,2.2178466475326144,0.3265152836067247,0.4074997255316657,0.1541866514642911,0.0,0.1006772589950577,3.0,0.15951755239623713,0.9023828956314419,1.04,1.04,0.1846542886561994,0.5,0.03,1.3712452197162928,1.5887547802837072,36.01056280519244,36.01056280519244,0.0,0.07270542998307808,-0.05374983138179566,-0.07340380016536625,13.950695773577412,38.20327701623676,38.20327701623676,15.402697972852957,0.5653126472261208,3.7674209315052867,-0.38903753690097054,2,one_per_bay,True,27+27+24,3,78,24,27,0,A40-12L-V4-kv410-direct,16x7E(3D),8.523098245248965,1.862211623171107,19.331852272888636,0.2949048578310445,0.4761355862591104,0.3,0.10685916406790902,0.09522711725182208,0.033919633820421555,0.045341019300461353,0.016150344734780765,9.082865678142669,5.420859491894179,0.6755397721937444,6.640655403247353,True,8.125303538738978,10.562894600360671,10.737991803509427,76.072808650889,77.79673197309033,5.07530177054332,0.005673324750128189,0.026904223760176333,0.005673324750128189,-0.021230899010048144,7.916666666666667,0.005673324750128189,0.005673324750128189,0.026904223760176333,-20.509048443706508,-187.7195682913762,68.29449200266055,0.0,1761.2489296815909,1723.1303011201887,13.916666666666668,False,"SOC floor violated (min 0.006, unmet 68 Wh); morning depletion (0.026904 -> 0.005673, -20.509 Wh)",2.440446115104435,0.0,1.0914543799707208,True,1898.5024932865254
6.0,0.3864543799707209,2.0,2.2178466475326144,0.3265152836067247,0.4074997255316657,0.1541866514642911,0.0,0.1006772589950577,3.0,0.15748005376857882,0.9023828956314419,1.04,1.04,0.18229572150119644,0.5,0.030000000000000002,1.3408222488492898,1.6191777511507102,36.53461514671316,36.53461514671316,0.0,0.0727054299830781,-0.053749831381795656,-0.07355033092718484,13.412548794931668,38.0368820192133,38.0368820192133,15.29682562663738,0.5599873373376172,3.7577267650879453,-0.4231568774109227,2,one_per_bay,True,23+23+16,3,62,16,23,0,A40-12L-V4-kv410-direct,MJ-20x11E,8.37443139718126,1.8384258167214464,19.581970440450263,0.29600438689061154,0.47308500230459294,0.3,0.1072246186783128,0.09461700046091859,0.03381757264969248,0.04476188388110734,0.015998586434915505,8.924434908845305,5.335404542267809,0.6726819565685607,6.607376403842662,True,8.106062963079987,10.537881852003984,10.712564428059883,65.938050180925,66.77449943720549,11.717399775887118,0.005682131577488106,0.1470232937648017,0.005682131577488106,-0.14134116218731357,8.0,0.005682131577488106,0.005682131577488106,0.1470232937648017,-136.5355626729449,-187.7110608961465,58.66884341958497,0.0,1399.9670979520336,1470.6685845909267,14.25,False,"SOC floor violated (min 0.006, unmet 59 Wh); morning depletion (0.147023 -> 0.005682, -136.536 Wh)",2.439118398200406,0.0,1.086454379970721,True,1922.3474638056753
5.324578278693204,0.44413651719714875,1.8695403458687716,2.140440111991581,0.28170859618779986,0.7211827761189453,0.8837033841641777,4.75375770995969,0.3027591560116737,1.4644967132226716,0.32030360644803946,2.4625027859895914,1.888771451105849,1.888771451105849,0.24746263417506545,0.5,0.03,1.6438650491818243,0.9784240901647778,36.47751315868997,36.47751315868997,0.0,0.07270542998307808,-0.05845406360842138,-0.07674473149576197,14.04654561870675,43.14049774608767,43.14049774608767,18.43559517373648,0.5115896888299696,2.6284018280332946,0.0166054613787876,2,one_per_bay,True,42+30+30,3,102,42,30,0,A40-12L-V4-kv410-direct,17x12E,9.49933557436644,2.3400995265782405,12.115353865904718,0.26957661344764605,0.5118167429827287,0.3,0.09838236143836544,0.10236334859654575,0.03356915986555587,0.052391275679489716,0.017181258067055342,11.118832970516776,6.36732767599498,0.7462322557130388,7.6280995492175325,True,8.513107558579668,11.067039826153568,11.250494058540705,85.46434077035477,87.58459916277683,7.380704305317582,0.0033709441575064114,0.0033709441575064114,0.0033709441575064114,0.0,7.666666666666667,0.0033709441575064114,0.0033709441575064114,0.0033709441575064114,0.0,-189.94366794384882,73.80863112147512,293.41059107000206,2303.171677275926,1953.4068916089489,13.5,False,"SOC floor violated (min 0.003, unmet 74 Wh)",2.3953928013317123,0.0,1.1441365171971487,True,1934.7153670572447
5.148278735002044,0.44911941436995856,0.873772647008358,1.849927084371547,0.36549121825217423,0.449197952686433,0.6158167852636812,2.386669810786145,0.6691127015416387,1.997662483879286,0.20174352144671512,1.9048095279972452,1.663848318315745,1.663848318315745,0.3414846947890879,0.5000000000000001,0.030000000000000002,1.5927890652327816,0.9413503022682401,37.53833668673165,37.53833668673165,0.0,0.0727054299830781,-0.052250373777216204,-0.06879108224632895,11.588661076868222,48.64124141489914,48.64124141489914,20.624049066369057,0.500395358034855,3.4377265890357664,0.8672138817796604,2,one_per_bay,True,36+28+28,3,92,36,28,0,A40-12L-V4-kv410-direct,20x13E,9.322550448520085,2.146615863770011,12.347236587884442,0.23776060211028477,0.5184861320660776,0.3,0.09953164396070419,0.10369722641321556,0.034403851396909005,0.05376557382896843,0.01783791983895947,9.417071323604901,5.4242015820025795,0.7361211933661544,8.728248282979829,True,8.318940658435789,10.814622855966526,10.993892865450832,84.89559158378725,86.0317763371045,10.807664201063712,0.003679987992796994,0.0036799879927989308,0.003679987992796994,-1.936818760928105e-15,7.833333333333333,0.003679987992796994,0.003679987992796994,0.0036799879927989308,-1.8709669230565495e-12,-189.6451315989581,79.29563831440132,98.32658599044363,2077.3705324449547,1929.1400917323817,13.75,False,"SOC floor violated (min 0.004, unmet 79 Wh)",2.103689771341209,0.0,1.1491194143699586,True,1989.276395151216
6.0,0.3914543799707209,2.0,2.2178466475326144,0.3265152836067247,0.4074997255316657,0.1541866514642911,0.0,0.1006772589950577,3.0,0.15951755239623713,0.9023828956314419,1.04,1.04,0.1846542886561994,0.5,0.03,1.4912452197162929,1.468754780283707,36.02964203028118,36.02964203028118,0.0,0.07270542998307808,-0.05374983138179566,-0.07207148106084428,14.025261330195766,41.81014829882863,41.81014829882863,17.289923642844595,0.5264965169147192,3.771569421131818,-0.38219528494757804,3,one_per_bay,True,28+28+24,3,80,24,28,0,A40-12L-V4-kv410-direct,19x8E,9.841232237234227,1.862211623171107,19.331852272888636,0.2949372410132727,0.4761355862591104,0.3,0.1031826621332519,0.09522711725182208,0.032752624884394406,0.045341019300461353,0.015594690250855858,10.487570123696825,6.150601851264829,0.7051290877396215,7.362029659765726,True,8.731032141683093,11.350341784188021,11.538492208516399,90.38816765591372,91.44613767178025,7.843325762360325,0.006853901751451553,0.21384885990296726,0.006853901751451553,-0.2069949581515157,8.083333333333334,0.006853901751451553,0.006853901751451553,0.21384885990296726,-299.93569436154627,-279.8686963621467,78.24928909728094,0.0,1806.409158647785,2059.454903060665,14.416666666666666,False,"SOC floor violated (min 0.007, unmet 78 Wh); morning depletion (0.213849 -> 0.006854, -299.936 Wh)",2.440446115104435,0.0,1.0914543799707208,True,2182.6339463728737
6.0,0.41212856476604637,1.8229147208622476,2.1865808746200086,0.2934411225089073,0.5140343736047036,0.035004320113977735,0.2046924191066657,0.19206199815467856,0.9963137554236028,0.21184824863412016,0.6068107138826648,1.04,1.04,0.2047845587204465,0.5,0.03,1.4646251568709698,1.4953748431290301,36.04806656442738,36.04806656442738,0.0,0.07270542998307808,-0.05299210089400755,-0.07017777831338753,14.64203322017621,42.88316124474022,42.88316124474022,18.03291227761009,0.5199558372665136,3.4795782562320348,-0.16006959889644556,3,one_per_bay,True,28+28+24,3,80,24,28,0,A40-12L-V4-kv410-direct,18x8E,10.05053603056207,1.9934626818091594,18.059028808770243,0.28174846704021744,0.49613876868985046,0.3,0.10074167257116166,0.09922775373797008,0.03332123292347482,0.049230735559416185,0.016531955473880502,11.197896818965928,6.489039422056804,0.725663243916089,7.576632248948044,True,8.719806353998296,11.335748260197786,11.523656773068039,90.52940843133672,91.9429867417394,6.716494203039653,0.005765318056947528,0.2124203200855677,0.005765318056947528,-0.20665500202862017,8.166666666666666,0.005765318056947528,0.005765318056947528,0.2124203200855677,-299.44309793947065,-281.44605413548305,85.51580049946931,0.0,1806.4091586477853,2066.2525944934487,14.416666666666666,False,"SOC floor violated (min 0.006, unmet 86 Wh); morning depletion (0.212420 -> 0.005765, -299.443 Wh)",2.417903091952493,0.0,1.1121285647660464,True,2256.0476879663656
6.0,0.3914543799707209,2.0,2.2178466475326144,0.3265152836067247,0.4074997255316657,0.1541866514642911,0.0,0.1006772589950577,3.0,0.15951755239623713,0.9023828956314419,1.04,1.04,0.1846542886561994,0.5,0.03,1.3712452197162928,1.5887547802837072,36.026621100867295,36.026621100867295,0.0,0.07270542998307808,-0.05374983138179566,-0.0733963140346446,13.955349986906214,38.22421143457774,38.22421143457774,15.41321367650215,0.5651410156906771,3.7674284556103697,-0.38896025388407235,2,one_per_bay,True,27+27+24,3,78,24,27,0,A40-12L-V4-kv410-direct,17x7E,8.530701400415012,1.862211623171107,19.331852272888636,0.2949048584099773,0.4761355862591104,0.3,0.10683972192817905,0.09522711725182208,0.03391346242402258,0.045341019300461353,0.016147406313338303,9.09096818208151,5.425201646739706,0.6756922182873624,6.644842286915549,True,8.12892687912882,10.567604942867465,10.742780227624532,77.17914668499459,78.70471621227983,5.883395901569623,0.005669320366371936,0.01084772121386963,0.005669320366371936,-0.005178400847497694,7.916666666666667,0.005669320366371936,0.005669320366371936,0.01084772121386963,-5.002335218682773,-187.72343652608473,108.16951830741083,0.0,1761.2489296815909,1747.5552157127297,14.0,False,"SOC floor violated (min 0.006, unmet 108 Wh); morning depletion (0.010848 -> 0.005669, -5.002 Wh)",2.440446115104435,0.0,1.0914543799707208,True,2281.204262555234
5.077794481714691,0.4878343585554026,1.2619507855356276,2.953672852603833,0.3045515718407795,0.5288649326704895,0.13339438739868192,0.36174904175204664,0.7934244798729766,2.1593913463838756,0.25799848519175445,0.9468308722781313,1.4035363291503264,1.4035363291503264,0.2826678543637422,0.5,0.029999999999999995,1.361782454880114,1.1371147859772315,37.184872087258825,37.184872087258825,0.0,0.07270542998307807,-0.08458320065974369,-0.11513511399138789,13.117407649724095,28.88472019106046,28.88472019106046,11.39618151585993,0.5755187513347881,3.8592947205211074,0.529141616968857,2,one_per_bay,True,30+28+28,3,86,30,28,0,A40-12L-V4-kv410-direct,MJ-20x11E,9.298893605743604,2.111208649588154,12.212907901624032,0.2650646335276214,0.40413661458102457,0.3,0.10997449302610947,0.08082732291620491,0.029629812867890917,0.03266528064900232,0.011974492263098714,8.778295950488014,5.314905847001372,0.6516371509084511,4.776944038212092,True,8.154930444839723,10.60140957829164,10.777145230006838,84.53908783714597,85.81166541361091,10.489914545779204,0.0033814796700603203,0.0033814796700603203,0.006414743317587049,0.003033263647526729,7.916666666666667,0.0033814796700603203,0.006414743317587049,0.0033814796700603203,2.93013268351082,-189.93349063872174,111.07443044645798,0.0,1941.8898455463702,1921.769931987537,13.916666666666668,False,"SOC floor violated (min 0.003, unmet 111 Wh)",3.141242517883941,0.0,1.1878343585554025,True,2307.3628247945194
6.0,0.3914543799707209,2.0,2.2178466475326144,0.3265152836067247,0.4074997255316657,0.1541866514642911,0.0,0.1006772589950577,3.0,0.15951755239623713,0.9023828956314419,1.04,1.04,0.1846542886561994,0.5,0.03,1.4912452197162929,1.468754780283707,35.985436547378285,35.985436547378285,0.0,0.07270542998307808,-0.05374983138179566,-0.07209791670683113,14.010487891442784,41.74353916824493,41.74353916824493,17.253949413304184,0.5269077305617679,3.7714910189306328,-0.3823103581805636,3,one_per_bay,True,28+28+24,3,80,24,28,0,A40-12L-V4-kv410-direct,16x7E(3D),9.817098245248966,1.862211623171107,19.331852272888636,0.2949372349105088,0.4761355862591104,0.3,0.10325372777164629,0.09522711725182208,0.03277518280399427,0.045341019300461353,0.015605430879129323,10.46185109510277,6.137631032283082,0.704542198785638,7.348707833648987,True,8.720319865059878,11.336415824577841,11.524335403416309,90.75589656810618,91.8171621200086,4.57789154451451,0.007318109663536717,0.21016308039888473,0.007318109663536717,-0.20284497073534802,8.166666666666666,0.007318109663536717,0.007318109663536717,0.21016308039888473,-293.9223625955193,-279.19605909753534,93.09733153140795,0.0,1806.4091586477853,2068.3119791736153,14.416666666666666,False,"SOC floor violated (min 0.007, unmet 93 Wh); morning depletion (0.210163 -> 0.007318, -293.922 Wh)",2.440446115104435,0.0,1.0914543799707208,True,2326.5001753858905
6.0,0.3914543799707209,2.0,2.2178466475326144,0.3265152836067247,0.4074997255316657,0.1541866514642911,0.0,0.1006772589950577,3.0,0.15951755239623713,0.9023828956314419,1.04,1.04,0.1846542886561994,0.5,0.03,1.3712452197162928,1.5887547802837072,35.95927583660117,35.95927583660117,0.0,0.07270542998307808,-0.05374983138179566,-0.07342763475609795,13.935845048184937,38.136484027780305,38.136484027780305,15.369182618154392,0.5658619424998887,3.7673968785360126,-0.38928459432675555,2,one_per_bay,True,27+27+24,3,78,24,27,0,A40-12L-V4-kv410-direct,MJ-20x8EL,8.498837997273526,1.862211623171107,19.331852272888636,0.29490485598033245,0.4761355862591104,0.3,0.10692101352222644,0.09522711725182208,0.03393926630454904,0.045341019300461353,0.01615969245912053,9.057012101504363,5.406993582192089,0.6750550863114753,6.62729680555606,True,8.113731317842564,10.547850713195334,10.722698539381923,77.24515733337435,78.89145026026316,10.49296901878211,0.008674607361924987,0.009892733789619612,0.008674607361924987,-0.0012181264276946244,7.916666666666667,0.008674607361924987,0.008674607361924987,0.009892733789619612,-1.176710129153007,-184.82032928838046,114.75513871071314,0.0,1761.2489296815909,1750.3467052698652,14.0,False,"SOC floor violated (min 0.009, unmet 115 Wh); morning depletion (0.009893 -> 0.008675, -1.177 Wh)",2.440446115104435,0.0,1.0914543799707208,True,2340.0949051729012
5.6697608106152355,0.3618581147071241,1.3777219233604014,2.50874311759136,0.28430395525530106,0.5401310647555433,0.28744558293038974,0.871700296929125,0.15377782530152656,1.1913437056529972,0.19545080878719245,1.4509538550819634,1.7853513758465307,1.7853513758465307,0.22021071027428757,0.5,0.03,1.5042904691896903,1.2905899361179274,36.81111634763725,36.81111634763725,0.0,0.07270542998307808,-0.06434107299202811,-0.08786743451375852,12.50011181613385,35.45008989130713,35.45008989130713,14.139557670188434,0.5376138714688209,3.238627297652949,-0.47097246178138463,2,one_per_bay,True,26+19+19,3,64,26,19,0,A40-12L-V4-kv410-direct,19x12E,8.492350080821796,1.8213534689554485,17.649615078848075,0.29496916769602094,0.4303855160003075,0.3,0.10841145308877564,0.08607710320006148,0.031105812785303888,0.037046338476570184,0.013387491286211976,9.248702475323391,5.559782012069025,0.6635009169867734,6.090017978261426,True,8.528628684292649,11.087217289580444,11.271005996327721,68.38254829947853,69.45427807750063,10.904104242088431,0.005799823667644676,0.11470598379543194,0.005799823667644676,-0.10890616012778727,8.0,0.005799823667644676,0.005799823667644676,0.11470598379543194,-105.20335068344251,-187.59737033705525,105.98036992851925,0.0,1445.1273269182284,1531.6305245232095,14.25,False,"SOC floor violated (min 0.006, unmet 106 Wh); morning depletion (0.114706 -> 0.005800, -105.203 Wh); FLAG 19x12E: shaft power table 53.6 W vs similarity 44.2 W (17%) at 2350 rpm, 11.09 m/s; FLAG 19x12E: shaft power table 54.6 W vs similarity 45.0 W (18%) at 2390 rpm, 11.27 m/s",2.716004174731861,0.0,1.061858114707124,True,2362.910034745335
6.0,0.3797949646097851,2.0,2.557044974746187,0.3432155897338342,0.4993083065378716,0.05373369890705457,0.5902018851009165,0.0,0.5676779800793321,0.1896347806109227,0.698375639142748,1.1353559601586642,1.1353559601586642,0.18081541814430258,0.5,0.03,1.5483269541662006,1.4116730458337994,35.21090556911295,35.21090556911295,0.0,0.07270542998307808,-0.061970351458330186,-0.08381503745160805,14.113900375963857,36.73815939120357,36.73815939120357,14.903648886733288,0.5270065149641582,3.4580275584818,-0.3793265549234455,3,one_per_bay,True,25+25+16,3,66,16,25,0,A40-12L-V4-kv410-direct,19x10E,9.768403727246781,1.8410924757018314,19.553607694951154,0.29041772053012993,0.4409105597805654,0.3,0.10596767041989562,0.08818211195611309,0.031148176588985763,0.038880424345202315,0.013733559975993617,10.82704178909035,6.434812238656554,0.6825730709045204,6.347631878240714,True,8.921949682769942,11.598534587600925,11.790799212379412,81.87166580128287,83.37968260298324,9.155103881192783,0.0054027510544977985,0.2777078848393305,0.0054027510544977985,-0.27230513378483273,8.333333333333334,0.0054027510544977985,0.0054027510544977985,0.2777078848393305,-394.57013885422265,-281.9714137220327,97.65645743368617,0.0,1490.2875558844237,1858.869134646516,14.75,False,"SOC floor violated (min 0.005, unmet 98 Wh); morning depletion (0.277708 -> 0.005403, -394.570 Wh); FLAG 19x10E: (11.60 m/s, 2817 rpm) not on the map; used C_T(J) similarity; FLAG 19x10E: (11.79 m/s, 2866 rpm) not on the map; used C_T(J) similarity",2.762462746306841,0.0,1.079794964609785,True,2443.4669560671964
6.0,0.3914543799707209,2.0,2.2178466475326144,0.3265152836067247,0.4074997255316657,0.1541866514642911,0.0,0.1006772589950577,3.0,0.15951755239623713,0.9023828956314419,1.04,1.04,0.1846542886561994,0.5,0.03,1.3712452197162928,1.5887547802837072,36.05223946161836,36.05223946161836,0.0,0.07270542998307808,-0.05374983138179566,-0.0733843482126796,13.96277931192084,38.25762964372353,38.25762964372353,15.430011266815393,0.5648675570186015,3.7674404521381675,-0.3888370328696216,2,one_per_bay,True,27+27+24,3,78,24,27,0,A40-12L-V4-kv410-direct,MJ-24x10EL,8.542837997273526,1.862211623171107,19.331852272888636,0.29490485933303007,0.4761355862591104,0.3,0.1068086300201291,0.09522711725182208,0.033903593114777725,0.045341019300461353,0.01614270718399503,9.103901868387084,5.4321294739820845,0.6759360968827137,6.651525928744706,True,8.134707320784049,10.575119517019264,10.75041936809708,78.15866506680878,79.05183024612822,14.768261048996665,0.007266392238633482,0.0076395588040746075,0.007266392238633482,-0.00037316656544112564,7.916666666666667,0.007266392238633482,0.007266392238633482,0.0076395588040746075,-0.3604789022161274,-186.18066509748007,129.91310093319495,0.0,1761.2489296815909,1764.6651829650023,14.083333333333334,False,"SOC floor violated (min 0.007, unmet 130 Wh); morning depletion (0.007640 -> 0.007266, -0.360 Wh)",2.440446115104435,0.0,1.0914543799707208,True,2492.237782658757
4.931397085364628,0.41074026760147897,1.206072097415503,1.5046027990084958,0.26009271670404954,0.7356256581755799,0.9902996375452885,3.723091049159536,0.9162992745789182,2.3270673816265712,0.30215107969355176,2.449632104751305,1.6188532487773866,1.6188532487773866,0.2766323750081254,0.5,0.029999999999999995,1.616675009023973,0.8090235336583409,36.3885155332314,36.3885155332314,0.0,0.07270542998307807,-0.04436584260485159,-0.05736995878506807,10.088050449172593,62.45061199895871,62.45061199895871,27.67831024199489,0.4720150716734169,3.206716928865645,0.01603157456776122,2,one_per_bay,True,36+30+30,3,96,36,30,0,A40-12L-V4-kv410-direct,MJ-26x15EL,8.935596647042962,2.023778717044319,12.016470481051208,0.2811564661595332,0.5463385220077125,0.3,0.09300680742940913,0.10926770440154247,0.033875467805092874,0.059697156125914336,0.018507473012954287,8.945759201857172,4.980970217190186,0.7959872899829468,11.490122399791742,True,8.532187534266736,11.091843794546758,11.275709193158393,89.41283546027397,92.09619840720786,16.049041198892713,0.0035698638132371317,0.0035698638132371317,0.0035698638132371317,0.0,7.833333333333333,0.0035698638132371317,0.0035698638132371317,0.0035698638132371317,0.0,-189.75151155641294,136.15136283433915,120.86330059018002,2167.6909903773435,2053.4125212526533,13.75,False,"SOC floor violated (min 0.004, unmet 136 Wh); FLAG MJ-26x15EL: thrust table 4.08 N vs similarity 5.07 N (20%) at 1701 rpm, 11.28 m/s",1.7776991401045668,0.0,1.110740267601479,True,2557.943764530154
6.0,0.3914543799707209,2.0,2.2178466475326144,0.3265152836067247,0.4074997255316657,0.1541866514642911,0.0,0.1006772589950577,3.0,0.15951755239623713,0.9023828956314419,1.04,1.04,0.1846542886561994,0.5,0.03,1.4912452197162929,1.468754780283707,36.021597277031596,36.021597277031596,0.0,0.07270542998307808,-0.05374983138179566,-0.072076296186146,14.022571429786213,41.79802032241661,41.79802032241661,17.283370580585704,0.5265712657944053,3.77155516023704,-0.3822162160851578,3,one_per_bay,True,28+28+24,3,80,24,28,0,A40-12L-V4-kv410-direct,MJ-24x10EL,9.836837997273527,1.862211623171107,19.331852272888636,0.29493723990321125,0.4761355862591104,0.3,0.10319560802524354,0.09522711725182208,0.03275673421764313,0.045341019300461353,0.015596646850651373,10.482887285347191,6.148241187048667,0.7050221301385347,7.359604064483323,True,8.72908266355242,11.347807462618146,11.53591587643373,91.38586945488342,92.66702860297346,13.518769159480849,0.005406016445224557,0.203794136779866,0.005406016445224557,-0.19838812033464143,8.166666666666666,0.005406016445224557,0.005406016445224557,0.203794136779866,-287.4643863648954,-281.9666821708696,116.74100985941861,0.0,1806.4091586477853,2085.5386420864097,14.416666666666666,False,"SOC floor violated (min 0.005, unmet 117 Wh); morning depletion (0.203794 -> 0.005406, -287.464 Wh)",2.440446115104435,0.0,1.0914543799707208,True,2560.3922014836035
6.0,0.3914543799707209,2.0,2.2178466475326144,0.3265152836067247,0.4074997255316657,0.1541866514642911,0.0,0.1006772589950577,3.0,0.15951755239623713,0.9023828956314419,1.04,1.04,0.1846542886561994,0.5,0.03,1.4912452197162929,1.468754780283707,36.139531413590504,36.139531413590504,0.0,0.07270542998307808,-0.05374983138179566,-0.07200552183011089,14.062064861004858,41.97608423122386,41.97608423122386,17.379716058451,0.5254792810900308,3.7717639033241666,-0.3819098376794956,3,one_per_bay,True,28+28+24,3,80,24,28,0,A40-12L-V4-kv410-direct,25x125E,9.90135474035806,1.862211623171107,19.331852272888636,0.294937256151919,0.4761355862591104,0.3,0.1030052545688008,0.09522711725182208,0.032696311514589925,0.045341019300461353,0.015567877451509775,10.551641263603246,6.182855263892268,0.7065968413047912,7.395216846244772,True,8.757661541356201,11.384960003763062,11.573684281533598,91.73676082452288,91.77653256582768,14.591007750800273,0.004800199504819229,0.200360361514476,0.004800199504819229,-0.19556016200965678,8.166666666666666,0.004800199504819229,0.004800199504819229,0.200360361514476,-283.36667475199266,-282.84451091751697,117.42375217876655,0.0,1806.4091586477853,2082.0600913309377,14.5,False,"SOC floor violated (min 0.005, unmet 117 Wh); morning depletion (0.200360 -> 0.004800, -283.367 Wh)",2.440446115104435,0.0,1.0914543799707208,True,2564.997483292503
4.7793077418086325,0.43070995396180556,1.3134075136777192,2.3009288896327105,0.37548238563268405,0.937880910399946,0.26735712663556666,2.3119919870816252,0.395090847139982,1.3412638368758558,0.40395464374001705,1.1198838842779242,1.3130350657492302,1.3130350657492302,0.2694085279794998,0.49999999999999994,0.03,1.4693784773787617,0.8802753935255545,36.431740640844154,36.431740640844154,0.0,0.07270542998307808,-0.07000596459516753,-0.09457164746350492,10.550538190406758,39.99703718212922,39.99703718212922,16.23877373867737,0.4961456552782059,3.0878801039586437,0.2487211274582246,2,one_per_bay,True,32+32+30,3,94,30,32,0,A40-12L-V4-kv410-direct,MJ-21x13E,9.056223575036427,2.0245223275411917,11.282554003073688,0.2670382223649792,0.435009199768394,0.3,0.10585100812876827,0.08700183995367879,0.0306974415605155,0.037846600776627694,0.013353669488176886,9.080230955264229,5.393662490054212,0.6835000284144517,6.999407436425844,True,8.730175092391782,11.349227620109318,11.5373595753512,89.22990007463841,90.25455998512369,12.906023655786134,0.004344073465746647,0.004344073465751147,0.004344073465746647,-4.4998726966838376e-15,7.833333333333333,0.004344073465746647,0.004344073465746647,0.004344073465751147,-4.346877024996587e-12,-189.00362503208876,137.0155291921091,98.28955449031098,2122.530761411148,2031.8495892220312,13.916666666666668,False,"SOC floor violated (min 0.004, unmet 137 Wh); FLAG MJ-21x13E: thrust table 4.20 N vs similarity 0.00 N (100%) at 2109 rpm, 11.35 m/s; FLAG MJ-21x13E: thrust table 4.22 N vs similarity 0.00 N (100%) at 2141 rpm, 11.54 m/s",2.5167014051023915,0.0,1.1307099539618055,True,2565.8112184553447
6.0,0.3914543799707209,2.0,2.2178466475326144,0.3265152836067247,0.4074997255316657,0.1541866514642911,0.0,0.1006772589950577,3.0,0.15951755239623713,0.9023828956314419,1.04,1.04,0.1846542886561994,0.5,0.03,1.3712452197162928,1.5887547802837072,36.06151049218326,36.06151049218326,0.0,0.07270542998307808,-0.05374983138179566,-0.07338001097315482,13.965469212330394,38.26972966055883,38.26972966055883,15.436096665400068,0.5647687012690993,3.7674447914619584,-0.3887924619830156,2,one_per_bay,True,27+27+24,3,78,24,27,0,A40-12L-V4-kv410-direct,19x8E,8.547232237234226,1.862211623171107,19.331852272888636,0.2949048596669103,0.4761355862591104,0.3,0.10679735546099386,0.09522711725182208,0.033900014302228616,0.045341019300461353,0.01614100318398385,9.108584706736718,5.4346367780405425,0.6760245585392768,6.653945932111767,True,8.136799205264282,10.577838966843567,10.75318389723689,78.64183428840842,79.44606633171747,8.632734105885048,0.003923011203083279,0.007348379954751227,0.003923011203083279,-0.003425368751667948,7.916666666666667,0.003923011203083279,0.003923011203083279,0.007348379954751227,-3.308906214111238,-189.41037117782156,137.67451017789475,0.0,1761.2489296815909,1775.379324017959,14.083333333333334,False,"SOC floor violated (min 0.004, unmet 138 Wh); morning depletion (0.007348 -> 0.003923, -3.309 Wh)",2.440446115104435,0.0,1.0914543799707208,True,2576.247458327532
4.558490343854826,0.4132758437410584,1.3907945585388788,1.6580283507659463,0.3894012769682954,0.9946535691231461,0.38097646841008603,2.682202233602089,0.5220700655255954,1.4660817352397593,0.4110662930094234,1.226021119552973,1.1556340754693073,1.1556340754693073,0.24909305332346962,0.5,0.03,1.489886716910641,0.7493584550167722,35.42169068238358,35.42169068238358,0.0,0.07270542998307808,-0.052889292319804465,-0.07009293566140949,8.468894887925506,57.369132668193224,57.369132668193224,24.360205150367207,0.45378572899876896,3.086760605435085,0.037724742023447895,2,one_per_bay,True,33+33+24,3,90,24,33,0,A40-12L-V4-kv410-direct,16x10E,8.605920761609678,1.8815867910665713,11.04378193643606,0.27981600561789527,0.48248401351100445,0.3,0.09931789690997775,0.09649680270220089,0.0319461983430655,0.046558164658737425,0.015413529992980844,8.275499647505336,4.761539094868478,0.7379883862392018,10.473826533638643,True,8.852027505209902,11.507635756772872,11.698393585199634,88.91013105148153,90.33716118179268,6.731807163761224,0.0048465823421881766,0.004846632111082264,0.0048465823421881766,-4.9768894087517945e-08,7.916666666666667,0.0048465823421881766,0.0048465823421881766,0.004846632111082264,-4.8076751688542335e-05,-188.51820145744622,139.3081941943569,14.530704150077574,2032.2103034787576,2028.1134465386804,14.0,False,"SOC floor violated (min 0.005, unmet 139 Wh); morning depletion (0.004847 -> 0.004847, -0.000 Wh)",1.8991430277953936,0.0,1.1132758437410584,True,2588.235408370275
6.0,0.3914543799707209,2.0,2.2178466475326144,0.3265152836067247,0.4074997255316657,0.1541866514642911,0.0,0.1006772589950577,3.0,0.15951755239623713,0.9023828956314419,1.04,1.04,0.1846542886561994,0.5,0.03,1.3712452197162928,1.5887547802837072,36.23754826344453,36.23754826344453,0.0,0.07270542998307808,-0.05374983138179566,-0.07329696582772095,14.016676127464024,38.50011817007777,38.50011817007777,15.552301969170873,0.5629022884609094,3.767526975258188,-0.38794832016974606,2,one_per_bay,True,27+27+24,3,78,24,27,0,A40-12L-V4-kv410-direct,27x13E,8.630884208863073,1.862211623171107,19.331852272888636,0.2949048659904767,0.4761355862591104,0.3,0.1065810158372741,0.09522711725182208,0.033831342973181355,0.045341019300461353,0.01610830632046874,9.19773064875847,5.482264533857952,0.6777247051750506,6.700023634015554,True,8.17651978207167,10.629475716693172,10.80567661042045,78.66492553520584,80.07044456157827,17.12076673718812,0.0037670136200094522,0.007029091037746976,0.0037670136200094522,-0.0032620774177375238,7.916666666666667,0.0037670136200094522,0.0037670136200094522,0.007029091037746976,-3.151166785534448,-189.56106484307088,144.28957302672185,0.0,1761.2489296815909,1781.8962765231345,14.083333333333334,False,"SOC floor violated (min 0.004, unmet 144 Wh); morning depletion (0.007029 -> 0.003767, -3.151 Wh); FLAG 27x13E: (10.63 m/s, 1745 rpm) not on the map; used C_T(J) similarity; FLAG 27x13E: (10.81 m/s, 1776 rpm) not on the map; used C_T(J) similarity",2.440446115104435,0.0,1.0914543799707208,True,2642.3907930649466
4.668471773718103,0.4228271104561194,1.6687051438891745,2.678454595325759,0.3268785755669775,0.6079445646837176,0.9718015439731721,1.3180405851836008,0.8159337683617714,2.0123867993423525,0.2570554436027197,2.2849294645955047,1.171370924179613,1.171370924179613,0.2348930674569307,0.5,0.029999999999999995,1.6206498385385169,0.6735860483205347,37.94064193688078,37.94064193688078,0.0,0.07270542998307807,-0.08342695532170508,-0.11358718372335247,10.722249114023567,33.891855082175056,33.891855082175056,13.47649672889211,0.5236752336381034,3.2789429069911122,0.0553929459997371,2,one_per_bay,True,33+33+27,3,93,27,33,0,A40-12L-V4-kv410-direct,17x10E,8.961189673057858,1.9657828225219742,11.086997226907055,0.28371063649672373,0.3926623388679893,0.3,0.10885404909498984,0.07853246777359785,0.02849525700859309,0.030836742473055928,0.011189014263638629,8.51159354924317,5.1271089187644145,0.6601156098112275,5.7783710164350115,True,8.678978083335378,11.282671508335993,11.469700187490695,90.09109876273428,91.28270251691109,7.402291629404596,0.008719939087194352,0.008719939087328214,0.008719939087194352,-1.338616717472263e-13,7.833333333333333,0.008719939087194352,0.008719939087194352,0.008719939087328214,-1.293103749078206e-10,-184.77653884177028,154.79749050970398,71.32211035251137,2099.9506469280504,2054.2017081602257,13.916666666666668,False,"SOC floor violated (min 0.009, unmet 155 Wh)",2.8744611203974273,0.0,1.1228271104561194,True,2739.2549660098452
6.0,0.3914543799707209,2.0,2.2178466475326144,0.3265152836067247,0.4074997255316657,0.1541866514642911,0.0,0.1006772589950577,3.0,0.15951755239623713,0.9023828956314419,1.04,1.04,0.1846542886561994,0.5,0.03,1.3712452197162928,1.5887547802837072,36.08033476879767,36.08033476879767,0.0,0.07270542998307808,-0.05374983138179566,-0.07337119317548674,13.970933023115624,38.29430831969712,38.29430831969712,15.448463360228937,0.5645681539908598,3.767453598769893,-0.3887019986893167,2,one_per_bay,True,27+27+24,3,78,24,27,0,A40-12L-V4-kv410-direct,20x8E,8.556157956418806,1.862211623171107,19.331852272888636,0.2949048603445786,0.4761355862591104,0.3,0.10677442611130947,0.09522711725182208,0.033892735982658934,0.045341019300461353,0.01613753771702856,9.118096636096391,5.4397280226252205,0.676204508418784,6.658861663939425,True,8.141046652387415,10.583360648103639,10.758797109368176,79.08940910143296,80.59792511449288,9.600249811279207,0.0090984802867888,0.0090984802867888,0.009114552091976822,1.6071805188021607e-05,7.916666666666667,0.0090984802867888,0.009114552091976822,0.0090984802867888,0.015525363811628872,-184.41086804296202,158.60309738689966,0.0,1761.2489296815909,1793.105268897239,14.083333333333334,False,"SOC floor violated (min 0.009, unmet 159 Wh); FLAG 20x8E: (10.58 m/s, 2918 rpm) not on the map; used C_T(J) similarity; FLAG 20x8E: (10.76 m/s, 2969 rpm) not on the map; used C_T(J) similarity",2.440446115104435,0.0,1.0914543799707208,True,2776.932493582208
6.0,0.3914543799707209,2.0,2.2178466475326144,0.3265152836067247,0.4074997255316657,0.1541866514642911,0.0,0.1006772589950577,3.0,0.15951755239623713,0.9023828956314419,1.04,1.04,0.1846542886561994,0.5,0.03,1.4912452197162929,1.468754780283707,35.999368867113226,35.999368867113226,0.0,0.07270542998307808,-0.05374983138179566,-0.07208959107219474,14.015142104771586,41.764523659038,41.764523659038,17.26527837189677,0.5267780028591968,3.771515739479212,-0.3822740750990383,3,one_per_bay,True,28+28+24,3,80,24,28,0,A40-12L-V4-kv410-direct,17x7E,9.824701400415012,1.862211623171107,19.331852272888636,0.2949372368347293,0.4761355862591104,0.3,0.10323134874652452,0.09522711725182208,0.03276807917049676,0.045341019300461353,0.015602048586429417,10.469953599041613,6.141718829645954,0.7047269485055807,7.3529047318076,True,8.723696072109389,11.340804893742206,11.528797228559426,91.74962974020352,93.90883421621957,5.313193280489556,0.006395895592189928,0.20013820878730923,0.006395895592189928,-0.1937423131951193,8.166666666666666,0.006395895592189928,0.006395895592189928,0.20013820878730923,-280.7326118197279,-280.53234728691683,140.35119618501335,0.0,1806.4091586477853,2102.503556287031,14.5,False,"SOC floor violated (min 0.006, unmet 140 Wh); morning depletion (0.200138 -> 0.006396, -280.733 Wh)",2.440446115104435,0.0,1.0914543799707208,True,2790.858378453063
5.4574889820855255,0.4334808725114505,1.0233337550255712,2.5396378322124002,0.3455973255686767,0.9461244712158537,0.6822103190712607,4.322155588773764,0.19681971570053136,1.1750593251513064,0.41012686128708303,2.1140069000136155,1.588656053133402,1.588656053133402,0.3316902389143657,0.5,0.029999999999999995,1.5772466946256567,1.111497796417106,35.11146039510347,35.11146039510347,0.0,0.07270542998307807,-0.06766681937367264,-0.08949033762964839,15.083618459293033,37.060958766697354,37.060958766697354,15.523182725279279,0.5166257776037174,2.4794484532260146,0.9133328310664193,2,one_per_bay,True,36+34+34,3,104,36,34,0,A40-12L-V4-kv410-direct,20x13E,9.844302642880777,2.3513604970751265,12.666788451466145,0.2076444579079576,0.4768440913233101,0.3,0.10131871367590183,0.09536881826466202,0.03220881997122136,0.04547605748599066,0.015358585491773132,12.0721659899255,7.0156740699185605,0.7207421367660023,6.412191753339472,True,8.74087372606862,11.363135843889205,11.55149835062069,92.03193500392896,93.48818698131733,10.635825310682044,0.0020447420816809957,0.0020447420816812473,0.0020447420816809957,-2.5153490401663703e-16,7.75,0.0020447420816809957,0.0020447420816809957,0.0020447420816812473,-2.4298271728007137e-13,-191.22477914909618,159.40286448097163,273.48015271083494,2348.3319062421215,2103.814377193987,13.666666666666666,False,"SOC floor violated (min 0.002, unmet 159 Wh)",2.7774219722934776,0.0,1.1334808725114505,True,2791.983902728035
5.5432669961991525,0.3713277162707788,1.906318220323131,2.640431660037443,0.3396456930739402,0.55546801562488,0.09365266108711555,3.4418318479357164,0.5348715669337317,1.7819660812370661,0.20626066970344797,0.8431716670974526,1.2878083034749894,1.2878083034749894,0.18114118158414202,0.5,0.03,1.4786102260012044,1.2530232720983718,36.096516391330645,36.096516391330645,0.0,0.07270542998307808,-0.06926374620439009,-0.09504090787687036,11.989390408277945,34.04932553998157,34.04932553998157,13.551128897604258,0.5388549884727107,3.1615905377596842,-0.45247612217405186,2,one_per_bay,True,22+22+18,3,62,18,22,0,A40-12L-V4-kv410-direct,MJ-20p5x12ELW,8.284167577363718,1.7400431755164636,17.65922215236437,0.29284489101102257,0.40544476941986907,0.3,0.1087265324303835,0.08108895388397382,0.02938840258070584,0.03287709220998616,0.011915374107952563,8.912455615456977,5.365429854332319,0.661088833033687,5.809865107996314,True,8.662715847129245,11.261530601268019,11.448208835413121,68.64876913632862,69.4032106487205,13.506253963947273,0.0041007742145062346,0.10671257527839789,0.0041007742145062346,-0.10261180106389166,8.083333333333334,0.0041007742145062346,0.0041007742145062346,0.10671257527839789,-99.12299982771934,-189.23865210878697,160.03533219142372,0.0,1399.9670979520336,1534.8005237656366,14.416666666666666,False,"SOC floor violated (min 0.004, unmet 160 Wh); morning depletion (0.106713 -> 0.004101, -99.123 Wh)",2.83120419080163,0.0,1.0713277162707788,True,2898.8643477636224
5.17965369772776,0.42027533368770364,1.4123644186653725,1.6959457071167419,0.3867349496705813,0.7530748901464102,0.5805115577558999,1.1831908975553824,0.0932064156146756,0.8858802455218896,0.3164988007481133,1.8015703827712368,1.4214740354906896,1.4214740354906896,0.2588639144849447,0.5,0.03,1.493896109318327,1.055930739545553,37.37090600518089,37.37090600518089,0.0,0.07270542998307808,-0.04761108331160054,-0.06206784017605263,11.541039407038433,54.71917249307447,54.71917249307447,23.686457963536466,0.4896376252538433,3.1023763931486914,-0.16648950745956997,2,one_per_bay,True,32+32+30,3,94,30,32,0,A40-12L-V4-kv410-direct,MJ-26x15E,9.11896054761664,2.0950781630809745,12.805637947622447,0.28712564589121287,0.5366001155208888,0.3,0.09648987535898311,0.10732002310417774,0.03451765217615099,0.057587936795406226,0.01852217614523248,9.64309613012922,5.468859190534496,0.7632738006528847,9.943834498614894,True,8.495247977898849,11.043822371268504,11.226891736479699,93.01654446906697,93.11182769997085,15.598899975928806,0.006940420043284592,0.006940420043394176,0.006940420043284592,-1.0958421670093088e-13,7.916666666666667,0.006940420043284592,0.006940420043284592,0.006940420043394176,-1.0585835333309923e-10,-192.3821674837564,192.3821674837564,72.16734242029581,2122.5307614111484,2113.349899566663,14.0,False,"SOC floor violated (min 0.007, unmet 192 Wh); FLAG MJ-26x15E: thrust table 3.96 N vs similarity 5.35 N (26%) at 1703 rpm, 11.04 m/s; FLAG MJ-26x15E: shaft power table 62.8 W vs similarity 76.4 W (18%) at 1703 rpm, 11.04 m/s; FLAG MJ-26x15E: thrust table 3.98 N vs similarity 5.27 N (24%) at 1726 rpm, 11.23 m/s; FLAG MJ-26x15E: shaft power table 64.8 W vs similarity 76.5 W (15%) at 1726 rpm, 11.23 m/s",1.9608186698428747,0.0,1.1202753336877036,True,3116.8812547942794
6.0,0.3914543799707209,2.0,2.2178466475326144,0.3265152836067247,0.4074997255316657,0.1541866514642911,0.0,0.1006772589950577,3.0,0.15951755239623713,0.9023828956314419,1.04,1.04,0.1846542886561994,0.5,0.03,1.3712452197162928,1.5887547802837072,36.033243686515775,36.033243686515775,0.0,0.07270542998307808,-0.05374983138179566,-0.07339322345647249,13.957270030702134,38.23284790376195,38.23284790376195,15.417553474603206,0.5650702827222511,3.7674315576423005,-0.3889283917044694,2,one_per_bay,True,27+27+24,3,78,24,27,0,A40-12L-V4-kv410-direct,MJ-20x8E,8.533837997273526,1.862211623171107,19.331852272888636,0.2949048586486503,0.4761355862591104,0.3,0.10683169323249646,0.09522711725182208,0.03391091392553876,0.045341019300461353,0.016146192882518628,9.094310779706527,5.426992480172019,0.6757551835447293,6.6465695807523915,True,8.130421177312835,10.569547530506686,10.744755016821694,80.40681078743408,82.24789676730472,10.491621104736065,0.005776795437957537,0.005776795437957537,0.008408405638797174,0.002631610200839637,8.0,0.005776795437957537,0.008408405638797174,0.005776795437957537,2.542135454011089,-195.9317280185111,195.9317280185111,0.0,1761.2489296815909,1828.0208948654738,14.083333333333334,False,"SOC floor violated (min 0.006, unmet 196 Wh)",2.440446115104435,0.0,1.0914543799707208,True,3153.5404847471536
6.0,0.4291465950267144,1.8338412651658529,2.365815092610533,0.33930145202439793,0.4,0.16161271519489667,0.6499903421565555,0.24638722616931732,1.1734897862722673,0.17165863801068576,0.9680241737780952,1.152655907241555,1.152655907241555,0.21256594828445952,0.5,0.030000000000000002,1.4628508435974483,1.4971491564025516,36.29021954479778,36.29021954479778,0.0,0.0727054299830781,-0.057335867856234825,-0.07644942371064878,15.415405971023407,38.794215939277656,38.794215939277656,16.06050553305316,0.5372766178441931,3.6173959392893673,-0.21719698407664229,3,one_per_bay,True,31+31+24,3,86,24,31,0,A40-12L-V4-kv410-direct,MJ-20x8EL,10.19507457437642,2.051670265960451,17.54667920926722,0.28762335743204176,0.4838884603494845,0.3,0.10302151776373936,0.09677769206989692,0.03323394907570861,0.046829608411878935,0.016081524449577812,11.192973850574184,6.559169194234654,0.7064621324927141,6.758843187855531,True,8.593332714205342,11.171332528466944,11.356515582467361,97.26075197104994,97.94941131515165,9.079735987922938,0.009914225380182724,0.1537706139073616,0.009914225380182724,-0.14385638852717889,8.083333333333334,0.009914225380182724,0.009914225380182724,0.1537706139073616,-208.4479069758822,-275.43428742411527,196.1886060691955,0.0,1941.8898455463702,2220.85769935285,14.416666666666666,False,"SOC floor violated (min 0.010, unmet 196 Wh); morning depletion (0.153771 -> 0.009914, -208.448 Wh)",2.591343418014252,0.0,1.1291465950267143,True,3295.828222838951
6.0,0.3914543799707209,2.0,2.2178466475326144,0.3265152836067247,0.4074997255316657,0.1541866514642911,0.0,0.1006772589950577,3.0,0.15951755239623713,0.9023828956314419,1.04,1.04,0.1846542886561994,0.5,0.03,1.4912452197162929,1.468754780283707,35.940945007513314,35.940945007513314,0.0,0.07270542998307808,-0.05374983138179566,-0.0721244657493882,13.99563716605031,41.67658163262703,41.67658163262703,17.21782761424242,0.527322774471786,3.7714120120744115,-0.3824263188851038,3,one_per_bay,True,28+28+24,3,80,24,28,0,A40-12L-V4-kv410-direct,MJ-20x8EL,9.792837997273526,1.862211623171107,19.331852272888636,0.294937228760751,0.4761355862591104,0.3,0.10332507584517144,0.09522711725182208,0.032797830375205166,0.045341019300461353,0.015616214193725171,10.435997518464468,6.124578510075495,0.7039535865686581,7.335316326525405,True,8.709538268499257,11.322399749049035,11.510086988579284,93.6043047249276,94.55685311370321,9.578929569214266,0.00591663819228889,0.1815027031283018,0.00591663819228889,-0.17558606493601292,8.166666666666666,0.00591663819228889,0.00591663819228889,0.1815027031283018,-254.42420809228273,-281.22679125937344,199.59039473636471,0.0,1806.4091586477853,2135.473144059227,14.583333333333332,False,"SOC floor violated (min 0.006, unmet 200 Wh); morning depletion (0.181503 -> 0.005917, -254.424 Wh)",2.440446115104435,0.0,1.0914543799707208,True,3365.573373107371
5.721264174494738,0.34811652220715905,0.8423914991673023,1.8799175470945055,0.33155786554647804,0.7884951269708288,0.48425387237724277,3.6345523457212323,0.5440201037185669,2.030085901775543,0.2744881813783772,1.9212244895392319,2.078357141772362,2.078357141772362,0.2924828777155217,0.5,0.029999999999999995,1.5419539688585264,1.2786781183888427,36.65353182706182,36.65353182706182,0.0,0.07270542998307807,-0.04777972469915184,-0.06299004035730127,12.23958880370272,49.816958588877924,49.816958588877924,21.433842212774724,0.4941355193480229,2.8420804901669974,-0.017299209522919745,2,one_per_bay,True,30+20+20,3,70,30,20,0,A40-12L-V4-kv410-direct,MJ-20x11EW,8.717109694873244,1.9224995642723193,17.02620087029596,0.26430103086669426,0.5131165018579255,0.3,0.09738386149777274,0.10262330037158508,0.033312844232769236,0.052657708895782876,0.017093370099656516,10.179869965636332,5.799961340730289,0.7551616929147593,8.963391717775586,True,8.669823962336501,11.270771151037453,11.457602562363755,74.9619902912548,76.09481830069556,12.160014364857734,0.009648357393723423,0.028884477558844244,0.009648357393723423,-0.019236120165120822,8.0,0.009648357393723423,0.009648357393723423,0.028884477558844244,-18.582092079506715,-216.27274704534983,216.27274704534983,0.0,1580.608013816814,1690.132840082151,14.25,False,"SOC floor violated (min 0.010, unmet 216 Wh); morning depletion (0.028884 -> 0.009648, -18.582 Wh)",2.1337861899578248,0.0,1.0481165222071591,True,3372.3152322248957
5.884178452807975,0.4272893706394796,2.0,2.228474896266319,0.3608289549567269,0.46820983432478014,0.0,0.05159777206215255,0.2573467501156996,1.1915813433279432,0.2000610854358503,0.5849893505887807,1.1699787011775613,1.1699787011775613,0.19688327311283974,0.5,0.03,1.4965418248830984,1.4055474015208889,35.61199949602007,35.61199949602007,0.0,0.07270542998307808,-0.05507046628139559,-0.07317015917758388,14.228972432351107,42.20239413818863,42.20239413818863,17.612378916221644,0.5173458673650599,3.4927035861308124,-0.10669442095974935,3,one_per_bay,True,27+27+24,3,78,24,27,0,A40-12L-V4-kv410-direct,26x13E,10.084715112388905,1.9786471449955294,17.498600572649288,0.2801625012969177,0.48487464860815743,0.3,0.10185085323875977,0.09697492972163148,0.03292326444972311,0.047020684972576825,0.01596365628109293,11.03747722883489,6.431192793954915,0.7162410741611902,7.440478827637724,True,8.774575316732363,11.406947911752074,11.596036674953698,92.17007216381691,93.7730034346502,14.887639082075681,0.009614533756706917,0.19284139067535444,0.009614533756706917,-0.1832268569186475,8.25,0.009614533756706917,0.009614533756706917,0.19284139067535444,-265.49571567512027,-275.86854058653165,205.10415208427975,0.0,1761.248929681591,2107.176001398621,14.583333333333332,False,"SOC floor violated (min 0.010, unmet 205 Wh); morning depletion (0.192841 -> 0.009615, -265.496 Wh); FLAG 26x13E: (11.41 m/s, 1923 rpm) not on the map; used C_T(J) similarity; FLAG 26x13E: (11.60 m/s, 1956 rpm) not on the map; used C_T(J) similarity",2.4522478928367852,0.0,1.1272893706394795,True,3424.653843004738
5.874880782721387,0.4389614107918087,1.5438499208453043,1.8510264208048577,0.2925786033798058,0.9227922786485422,0.016491072426081,3.925725262323831,0.47981735664594855,1.7049793033784855,0.40507020050335196,0.6072271510604949,1.1363101913017917,1.1363101913017917,0.27678462981974866,0.5,0.030000000000000002,1.3499713878531332,1.5474690035075604,36.46287857907974,36.46287857907974,0.0,0.0727054299830781,-0.045815286066899434,-0.05793039833678182,16.99433669492778,50.42636722574243,50.42636722574243,22.886585393496475,0.5240834358941291,2.762505699232454,-0.09667013184290363,2,one_per_bay,True,42+42+24,3,108,24,42,0,A40-12L-V4-kv410-direct,MJ-26x15E,9.92296847067946,2.4998722096731054,13.8063954139889,0.27357135614324757,0.5975281655619381,0.3,0.08948018664078654,0.11950563311238763,0.03564462118507268,0.07140798172796299,0.021298665108866677,12.420673924042235,6.783408539946697,0.8310372802844388,9.085273445148486,True,8.28766974914864,10.773970673893231,10.952566807167251,96.84814306891514,97.4834173585806,14.023958610695306,0.007393271431388657,0.007393271431388657,0.007393271431388657,0.0,7.75,0.007393271431388657,0.007393271431388657,0.007393271431388657,0.0,-225.21978965047654,225.21978965047654,322.22790947304316,2438.6523641745102,2210.8669951230354,13.75,False,"SOC floor violated (min 0.007, unmet 225 Wh); FLAG MJ-26x15E: thrust table 4.28 N vs similarity 5.56 N (23%) at 1691 rpm, 10.77 m/s; FLAG MJ-26x15E: shaft power table 65.4 W vs similarity 77.2 W (15%) at 1691 rpm, 10.77 m/s; FLAG MJ-26x15E: thrust table 4.30 N vs similarity 5.56 N (23%) at 1719 rpm, 10.95 m/s",2.14650212715034,0.0,1.1389614107918087,True,3444.8046250733764
5.913940264933895,0.40157187767492175,1.8008848440828509,2.2191550638213937,0.34757047907691785,0.4,0.21168216566750092,0.0,0.20310109386024067,2.9569701324669473,0.1606287510699687,1.1148723372112794,1.2404501698748445,1.2404501698748445,0.203090171639823,0.5,0.029999999999999995,1.4875679772245907,1.4294021552423566,36.506955877583394,36.506955877583394,0.0,0.07270542998307807,-0.054564170717427085,-0.07297383005646149,14.098235329225545,41.47645498526937,41.47645498526937,17.158994737850417,0.5276872942226565,3.8238349257033866,-0.4049352898636149,3,one_per_bay,True,28+28+27,3,83,27,28,0,A40-12L-V4-kv410-direct,20x8E,10.00249534520258,1.9310312943458365,18.111922659987,0.29865574710025133,0.48122208983929127,0.3,0.10312273530685986,0.09624441796785824,0.033083292129540774,0.046314939949858976,0.015920410977341388,10.50653322432351,6.159933487840586,0.705624459267767,7.295290997053874,True,8.644002546933669,11.23720331101377,11.423478280651853,96.10357112038066,97.08399163843595,8.514388684443405,0.009929335523759474,0.1609416938464382,0.009929335523759474,-0.15101235832267873,8.166666666666666,0.009929335523759474,0.009929335523759474,0.1609416938464382,-218.8169072095615,-275.41239282607256,227.984000971234,0.0,1874.1495020970767,2195.71800010083,14.583333333333332,False,"SOC floor violated (min 0.010, unmet 228 Wh); morning depletion (0.160942 -> 0.009929, -218.817 Wh)",2.445921124595213,0.0,1.1015718776749217,True,3620.923031511259
5.778643844445736,0.3919807356081485,0.8537385718292468,1.5875631136391766,0.3288301626178907,0.9093870546216978,0.6388157596588114,4.040192470945641,0.6972629246006661,2.345943452541856,0.3564622066231406,2.2410374676987175,2.1888722978701924,2.1888722978701924,0.3365655989142607,0.5000000000000001,0.030000000000000002,1.4424473995558917,1.4068745226669763,36.67757836506535,36.67757836506535,0.0,0.0727054299830781,-0.039948632208352215,-0.05029706545251918,14.513381530747889,59.82669785115769,59.82669785115769,27.664383182598144,0.5041077453548357,2.9724774001114596,0.2620210034047643,2,one_per_bay,True,48+28+28,3,104,48,28,0,A40-12L-V4-kv410-direct,MJ-24x10EL,9.520323142546047,2.2420909547747927,14.89356380027176,0.2546151604233965,0.6060107588915081,0.3,0.08670133466896834,0.12120215177830161,0.03502796107976542,0.07344980797845231,0.02122732127637085,11.24885076216313,6.047284755251716,0.8601490119006148,10.965339570231539,True,8.397166990331561,10.91631708743103,11.09727284463691,98.21276656310603,99.61535564999723,13.482082871968677,0.006126594137118992,0.006126594137119225,0.006126594137118992,-2.3245294578089215e-16,7.833333333333333,0.006126594137118992,0.006126594137118992,0.006126594137119225,-2.2454954562434182e-13,-248.6151717124857,248.6151717124857,215.16734194700584,2348.331906242122,2251.3660532312842,13.833333333333332,False,"SOC floor violated (min 0.006, unmet 249 Wh)",1.8896228851599104,0.0,1.0919807356081486,True,3680.025122987738
6.0,0.3914543799707209,2.0,2.2178466475326144,0.3265152836067247,0.4074997255316657,0.1541866514642911,0.0,0.1006772589950577,3.0,0.15951755239623713,0.9023828956314419,1.04,1.04,0.1846542886561994,0.5,0.03,1.4912452197162929,1.468754780283707,36.18244672169065,36.18244672169065,0.0,0.07270542998307808,-0.05374983138179566,-0.0719796698817034,14.076468245329396,42.0410242591597,42.0410242591597,17.41492388361872,0.5250839405546229,3.771839694298553,-0.3817985970261981,3,one_per_bay,True,28+28+24,3,80,24,28,0,A40-12L-V4-kv410-direct,27x13E,9.924884208863073,1.862211623171107,19.331852272888636,0.2949372620516628,0.4761355862591104,0.3,0.10293568730491863,0.09522711725182208,0.032674229214607935,0.045341019300461353,0.015557363282661902,10.576716065718571,6.195454941163425,0.7071734305491377,7.40820485183194,True,8.768061171029952,11.398479522338938,11.587427908176451,94.20446984526619,95.78771322024583,15.645676650935743,0.008823226211588318,0.17543151701009518,0.008823226211588318,-0.16660829079850686,8.166666666666666,0.008823226211588318,0.008823226211588318,0.17543151701009518,-241.41541336703645,-277.01514521940857,232.8423938058307,0.0,1806.4091586477853,2155.8161514007893,14.583333333333332,False,"SOC floor violated (min 0.009, unmet 233 Wh); morning depletion (0.175432 -> 0.008823, -241.415 Wh); FLAG 27x13E: (11.40 m/s, 1867 rpm) not on the map; used C_T(J) similarity; FLAG 27x13E: (11.59 m/s, 1899 rpm) not on the map; used C_T(J) similarity",2.440446115104435,0.0,1.0914543799707208,True,3686.2090016452257
6.0,0.3914543799707209,2.0,2.2178466475326144,0.3265152836067247,0.4074997255316657,0.1541866514642911,0.0,0.1006772589950577,3.0,0.15951755239623713,0.9023828956314419,1.04,1.04,0.1846542886561994,0.5,0.03,1.4912452197162929,1.468754780283707,36.04597726015981,36.04597726015981,0.0,0.07270542998307808,-0.05374983138179566,-0.07206169798106754,14.030725140980996,41.834783022127766,41.834783022127766,17.303238515281592,0.5263448535383601,3.7715983687193875,-0.3821527977162447,3,one_per_bay,True,28+28+24,3,80,24,28,0,A40-12L-V4-kv410-direct,20x8E,9.850157956418807,1.862211623171107,19.331852272888636,0.29493724326654824,0.4761355862591104,0.3,0.10315635725530306,0.09522711725182208,0.03274427509207197,0.045341019300461353,0.015590714617593275,10.497082053056499,6.155395510008181,0.7053464778971688,7.366956604425553,True,8.734990643879485,11.35548783704333,11.54372356558957,94.46044212531062,95.3528519422235,8.724737988382238,0.0070603825453061835,0.17284204621965674,0.0070603825453061835,-0.16578166367435054,8.166666666666666,0.0070603825453061835,0.0070603825453061835,0.17284204621965674,-240.21763066413394,-279.56950569185136,233.7169657626492,0.0,1806.4091586477853,2155.4541367833735,14.583333333333332,False,"SOC floor violated (min 0.007, unmet 234 Wh); morning depletion (0.172842 -> 0.007060, -240.218 Wh)",2.440446115104435,0.0,1.0914543799707208,True,3695.8909377555365
6.0,0.353716779205254,2.0,2.19354297390353,0.3263923915045197,0.4,0.0,0.0,0.011619757359590407,3.0,0.1414867116821016,0.5547029692432143,1.1094059384864285,1.1094059384864285,0.15933654817684526,0.5,0.030000000000000002,1.514499835905334,1.4455001640946659,36.459839974840044,36.459839974840044,0.0,0.0727054299830781,-0.05316082836800533,-0.07203076851923747,12.04072528191442,43.75283684109776,43.75283684109776,17.93519963181189,0.5027171989968945,3.6642286323607816,-0.4606255032694354,3,one_per_bay,True,22+22+16,3,60,16,22,0,A40-12L-V4-kv410-direct,20x10E,9.268361717694473,1.6033351212798475,22.453197414688535,0.2932227344801994,0.4442433766360846,0.3,0.1044580245075421,0.08884867532721691,0.030936523682643585,0.039470435537006014,0.013743345742159784,9.877075461987648,5.82825639152176,0.6946878789264692,7.750567368219553,True,9.131554124331691,11.8710203616312,12.067801882462865,81.3946668715687,82.97608365705234,10.80927855311298,0.0075401514704358935,0.2712391888134663,0.0075401514704358935,-0.2636990373430304,8.5,0.0075401514704358935,0.0075401514704358935,0.2712391888134663,-382.09990511005105,-278.87432051933837,233.3330209543191,0.0,1354.80686898584,1847.3094017906408,15.25,False,"SOC floor violated (min 0.008, unmet 233 Wh); morning depletion (0.271239 -> 0.007540, -382.100 Wh); FLAG 20x10E: (11.87 m/s, 2726 rpm) not on the map; used C_T(J) similarity; FLAG 20x10E: (12.07 m/s, 2774 rpm) not on the map; used C_T(J) similarity",2.3984910699551234,0.0,1.053716779205254,True,3789.4890944157855
5.737082678786689,0.3708640646647396,2.0,2.3122724004511745,0.3006529273410193,0.4,0.10244889087236295,0.8714193366818301,0.15926220165937804,0.960254364836824,0.14834562586589584,0.8313008419069937,1.1975294950879474,1.1975294950879474,0.16998120157505883,0.5,0.029999999999999995,1.5020783388203456,1.326463000572999,37.36339030120774,37.36339030120774,0.0,0.07270542998307807,-0.058606357455653964,-0.07933195530825014,11.735016070349102,41.64908393172971,41.64908393172971,16.953424952114894,0.4983800550166088,3.491973027882492,-0.37035034584328863,3,one_per_bay,True,21+21+18,3,60,18,21,0,A40-12L-V4-kv410-direct,19x10E,9.39856443937452,1.6743542266140612,19.657798296238873,0.2902617904234918,0.4323704301901629,0.3,0.10547549842606375,0.08647408603803257,0.030402991085999354,0.03738883778056531,0.013145354334921231,9.911278436963398,5.876853203601605,0.6864941310579806,7.329816786345942,True,9.15406311763893,11.90028205293061,12.097548634013256,81.50750306171987,82.99840923582617,9.71805379857212,0.00533004201574982,0.27004663723029493,0.00533004201574982,-0.2647165952145451,8.5,0.00533004201574982,0.00533004201574982,0.27004663723029493,-383.57434646587586,-282.0767691191785,233.7843657149238,0.0,1354.80686898584,1849.2255025047145,15.25,False,"SOC floor violated (min 0.005, unmet 234 Wh); morning depletion (0.270047 -> 0.005330, -383.574 Wh); FLAG 19x10E: (11.90 m/s, 2843 rpm) not on the map; used C_T(J) similarity; FLAG 19x10E: (12.10 m/s, 2892 rpm) not on the map; used C_T(J) similarity",2.513396158931061,0.0,1.0708640646647396,True,3797.2302093480334
5.827679953887532,0.3626464207726162,2.0,2.3937505658481553,0.34509423246547777,0.4024568013985506,0.28186074660384,0.0,0.19682214190508807,2.913839976943766,0.14594951854278002,1.194729523151489,1.04,1.04,0.17480763442469852,0.5,0.03,1.5428347279921084,1.3310052489516577,36.611806251126886,36.611806251126886,0.0,0.07270542998307808,-0.059728284854122356,-0.08106436324578747,12.602973653056258,39.11902487746469,39.11902487746469,15.816656350585587,0.5169510752150651,3.7635772651827377,-0.5478681483826099,3,one_per_bay,True,23+23+16,3,62,16,23,0,A40-12L-V4-kv410-direct,26x15E,9.61212042677751,1.7408613667579242,19.508649162679227,0.30271249884311313,0.43671363357368337,0.3,0.10644992168838231,0.08734272671473667,0.03099208806277832,0.03814375954982587,0.013534667389931499,9.949220202834612,5.926538211208821,0.6787574547343203,6.823804975492937,True,8.924478982459002,11.601822677196703,11.7941418074222,82.72802317177633,84.15046191801204,16.026288380872316,0.009014956110099106,0.26130573105778615,0.009014956110099106,-0.25229077494768704,8.5,0.009014956110099106,0.009014956110099106,0.26130573105778615,-365.5693328991985,-276.7373285964664,235.7101278329374,0.0,1399.9670979520336,1878.1559682765624,15.083333333333332,False,"SOC floor violated (min 0.009, unmet 236 Wh); morning depletion (0.261306 -> 0.009015, -365.569 Wh); FLAG 26x15E: (11.60 m/s, 1738 rpm) not on the map; used C_T(J) similarity; FLAG 26x15E: (11.79 m/s, 1768 rpm) not on the map; used C_T(J) similarity",2.600435232527118,0.0,1.0626464207726163,True,3800.3770961669616
6.0,0.3648459739932896,1.9329552790980316,2.3311121058208584,0.3548719262778025,0.43268241362083815,0.026061907503952764,0.09214129845984598,0.027087460885995618,0.6541554640824846,0.1578624366272621,0.6516826942282202,1.1776867054179616,1.1776867054179616,0.17139900247119427,0.5,0.03,1.4812053891368278,1.4787946108631722,37.639327945132706,37.639327945132706,0.0,0.07270542998307808,-0.05649483599748804,-0.07604935246622901,12.926517646841164,41.71349989963991,41.71349989963991,17.13220362888073,0.504369709154722,3.3768824708807186,-0.4967477826276349,3,one_per_bay,True,23+23+18,3,64,18,23,0,A40-12L-V4-kv410-direct,26x15E,9.556718906142198,1.7030128211532354,21.13900703085826,0.2932934803201952,0.4441291319754783,0.3,0.1041783697442089,0.08882582639509566,0.03084576595007729,0.03945013717385836,0.01369950325652659,10.6296203608884,6.263915709910197,0.6969609511301664,7.342699979927984,True,9.19163103445328,11.949120344789264,12.14719650020116,84.24383639049293,85.6899141849826,16.48998592586099,0.009993485879691021,0.2495261399998842,0.009993485879691021,-0.2395326541201932,8.416666666666666,0.009993485879691021,0.009993485879691021,0.2495261399998842,-347.08281582015996,-275.3194389603277,245.7771372083365,0.0,1445.1273269182284,1914.7462670393725,15.083333333333332,False,"SOC floor violated (min 0.010, unmet 246 Wh); morning depletion (0.249526 -> 0.009993, -347.083 Wh); FLAG 26x15E: (11.95 m/s, 1771 rpm) not on the map; used C_T(J) similarity; FLAG 26x15E: (12.15 m/s, 1801 rpm) not on the map; used C_T(J) similarity",2.536989657088843,0.0,1.0648459739932896,True,3887.3105393238675
5.919102326866252,0.3671936436630419,1.9687901553950886,2.17377107136281,0.2969186407693686,0.4,0.1277615126912034,0.4398378528953151,0.28445805981994676,1.2139499907816809,0.14687745746521677,0.8316807469278014,1.04,1.04,0.1717455502031036,0.5,0.03,1.511838400126884,1.4077127633062418,36.82414602924319,36.82414602924319,0.0,0.07270542998307808,-0.053401665219017444,-0.07175263506786543,12.329292370228384,44.27014665351553,44.27014665351553,18.313991663724412,0.4993079557030816,3.4762688218080084,-0.465899629019528,3,one_per_bay,True,23+23+16,3,62,16,23,0,A40-12L-V4-kv410-direct,MJ-26x15EL,9.43393054386736,1.704652455728778,20.553029585690464,0.2937194952027916,0.45703051990617083,0.3,0.10312882055249183,0.09140610398123415,0.03142201231627702,0.041775379225140956,0.01436081862540619,10.24242534645024,6.005265395765653,0.70557413726831,7.854029330703106,True,9.079749045523217,11.803673759180182,11.999338900252617,83.36148917355625,83.50519142570435,16.037377815574953,0.006275157324253905,0.2547389944094326,0.006275157324253905,-0.2484638370851787,8.416666666666666,0.006275157324253905,0.006275157324253905,0.2547389944094326,-360.0240999364239,-280.7072970371561,245.0976923516409,0.0,1399.9670979520333,1881.9570852469942,15.083333333333332,False,"SOC floor violated (min 0.006, unmet 245 Wh); morning depletion (0.254739 -> 0.006275, -360.024 Wh); FLAG MJ-26x15EL: thrust table 3.40 N vs similarity 4.49 N (24%) at 1702 rpm, 11.80 m/s; FLAG MJ-26x15EL: shaft power table 56.2 W vs similarity 66.7 W (16%) at 1702 rpm, 11.80 m/s; FLAG MJ-26x15EL: thrust table 3.42 N vs similarity 4.40 N (22%) at 1724 rpm, 12.00 m/s",2.3871387899540624,0.0,1.0671936436630418,True,3893.1656022773336
6.0,0.37426079787447103,1.9838471805806566,2.1863341540598276,0.3040272054708725,0.4,0.0,0.0,0.213075841476224,3.0,0.1497043191497884,0.52,1.04,1.04,0.16850208097762437,0.5,0.03,1.5418953607492583,1.4181046392507417,35.261665077984645,35.261665077984645,0.0,0.07270542998307808,-0.05298612158586969,-0.07147779461981196,12.627938849285194,43.44203350736616,43.44203350736616,17.888511580381202,0.508897494195597,3.698709299681897,-0.27366929498292514,3,one_per_bay,True,24+24+16,3,64,16,24,0,A40-12L-V4-kv410-direct,24x12E,9.476242131957838,1.6886647200096134,21.318619127540636,0.2859348259932376,0.456662476488979,0.3,0.10380122842187689,0.0913324952977958,0.031601417355821664,0.04170812348660946,0.014431181510271323,10.098608738448856,5.940215017472379,0.7000409427512466,7.688406701473234,True,8.997082911775873,11.696207785308635,11.890091502616992,84.52680014248713,85.00967734303092,14.774428189103674,0.009030710074510326,0.24656760245619505,0.009030710074510326,-0.23753689238168474,8.416666666666666,0.009030710074510326,0.009030710074510326,0.24656760245619505,-344.19095706106117,-276.71450110203455,246.90899221631332,0.0,1445.1273269182284,1912.9488584578773,15.083333333333332,False,"SOC floor violated (min 0.009, unmet 247 Wh); morning depletion (0.246568 -> 0.009031, -344.191 Wh); FLAG 24x12E: shaft power table 66.7 W vs similarity 56.1 W (16%) at 2142 rpm, 11.89 m/s",2.39615142730308,0.0,1.074260797874471,True,3897.5961034703078
4.834305083116711,0.39506995315349863,1.4647607143264265,2.837591054320903,0.33333503605287806,0.5930754398949327,0.2095125729629452,0.07015213532111793,0.6165010414216424,1.770509578815754,0.23430628625578168,1.0842593996188974,1.461972781930148,1.461972781930148,0.2147911113270709,0.5,0.03,1.4306368951366712,0.9465156464216844,37.71772578733023,37.71772578733023,0.0,0.07270542998307808,-0.08535178238586826,-0.11626954432875428,10.157766115618315,32.23040028494201,32.23040028494201,12.727902656389881,0.5368517911521719,3.593744767933229,-0.1434537123203467,2,one_per_bay,True,33+20+20,3,73,33,20,0,A40-12L-V4-kv410-direct,22x12E,8.461332212383809,1.695607893635633,13.782965816783424,0.2910403554934498,0.36054634371435273,0.3,0.1098424784781379,0.07210926874287055,0.0264022026665434,0.025998733193157635,0.009519217637427557,7.7248973307374,4.674307192638264,0.6526293656744726,5.446080056988402,True,8.74852638258536,11.37308429736097,11.56161171593191,79.57787421936575,80.31288517209656,14.376573582580054,0.006422441929507265,0.006422441929507265,0.009418962680699517,0.0029965207511922524,8.083333333333334,0.006422441929507265,0.009418962680699517,0.006422441929507265,2.894639045651716,-277.2666271941731,277.2666271941731,0.0,1648.3483572661057,1797.0353380539168,14.25,False,"SOC floor violated (min 0.006, unmet 277 Wh); FLAG 22x12E: shaft power table 63.0 W vs similarity 52.5 W (17%) at 2198 rpm, 11.37 m/s; FLAG 22x12E: shaft power table 64.3 W vs similarity 52.9 W (18%) at 2231 rpm, 11.56 m/s",3.008768639977125,0.0,1.0950699531534986,True,3966.243830012224
5.500684411762554,0.40799017554710454,1.2428629958935087,2.158996830036069,0.30120225378376003,0.897131577775033,0.9779126252459762,1.5497441407403092,0.7172859197635623,2.1821056257342857,0.3660208699052866,2.7059480452361653,1.4808168503608226,1.4808168503608226,0.2858753516524841,0.5,0.029999999999999995,1.4801916352935158,1.2301505705877613,37.007596279593635,37.007596279593635,0.0,0.07270542998307807,-0.05707318621086922,-0.0757394695940381,14.134358809136248,41.52853244673086,41.52853244673086,17.444325688520394,0.5260688323059833,3.1066932576576844,-0.22140255640821271,2,one_per_bay,True,35+35+33,3,103,33,35,0,A40-12L-V4-kv410-direct,20x8E,9.483321344494131,2.2423620066873995,13.493596889159951,0.2879699520721881,0.5070391365542505,0.3,0.10090037499719502,0.10140782731085007,0.03410695934438523,0.05141773719953596,0.017293563216468008,10.602185157913006,6.148669466216786,0.7243055942697181,7.305706489346171,True,8.355159680666654,10.86170758486665,11.041758100514594,101.87573459007666,102.96838024547402,8.713315921525542,0.009094785913262569,0.009094785913262762,0.009094785913262569,-1.9255430583342559e-16,7.916666666666667,0.009094785913262569,0.009094785913262569,0.009094785913262762,-1.8600745943508912e-13,-304.05176645959915,304.05176645959915,163.56027415568997,2325.7517917590253,2335.9440867158046,14.0,False,"SOC floor violated (min 0.009, unmet 304 Wh)",2.4124374600311325,0.0,1.1079901755471044,True,4231.422878682729
6.0,0.39436279777392824,2.0,2.224377966050898,0.3051348534506105,0.4,0.2566404100304391,0.0,0.0,3.0,0.1577451191095713,1.1718290424149007,1.081328115616402,1.081328115616402,0.1915121257458294,0.5,0.03,1.489951663079165,1.470048336920835,36.518919906207834,36.518919906207834,0.0,0.07270542998307808,-0.05390811882220505,-0.07210364295288389,14.47501444348739,41.26203040393453,41.26203040393453,17.092864557698995,0.5318062047352886,3.801333937901071,-0.44475941542192854,3,one_per_bay,True,29+29+24,3,82,24,29,0,A40-12L-V4-kv410-direct,MJ-20x8E,9.961212484965653,1.933599218458189,18.61812916365659,0.29950914903211395,0.48446323046727524,0.3,0.1029303356172497,0.09689264609345503,0.03324397527080908,0.04694092433495764,0.01610548365327038,10.615430256575419,6.2179706594335,0.7072178107611973,7.252406080786907,True,8.620416200288338,11.206541060374839,11.392307753206968,97.26194862227804,97.95452386412137,9.352435409572596,0.006464016408957532,0.14764697277002958,0.006464016408957532,-0.14118295636107206,8.166666666666666,0.006464016408957532,0.006464016408957532,0.14764697277002958,-204.5741037671934,-289.6941819842894,289.6941819842894,0.0,1851.5693876139792,2220.8085171287,14.583333333333332,False,"SOC floor violated (min 0.006, unmet 290 Wh); morning depletion (0.147647 -> 0.006464, -204.574 Wh); FLAG MJ-20x8E: thrust table 3.67 N vs similarity 4.40 N (17%) at 2918 rpm, 11.21 m/s",2.4533757762838393,0.0,1.094362797773928,True,4231.660758795009
5.1109541460326,0.491367205349142,1.982263133330565,2.2569560440548604,0.31525853317310204,0.8650763483042527,0.42685781629704245,1.768324997056988,0.01738428384864001,0.6451429709615006,0.42507014767990164,1.4412133370948796,1.2226912765212892,1.2226912765212892,0.25550460442363726,0.5,0.030000000000000002,1.4732862438097802,1.0421908292065196,35.27146151525675,35.27146151525675,0.0,0.0727054299830781,-0.06421226054759008,-0.08542646132352241,13.788287599925331,39.19353109330602,39.19353109330602,16.237784083301566,0.5258774038303269,3.076743969219587,0.2752965476456025,2,one_per_bay,True,34+34+27,3,95,27,34,0,A40-12L-V4-kv410-direct,25x125E,9.69354078399532,2.4374828482445237,10.716732756360026,0.2678825542076965,0.4983867444596647,0.3,0.10291420640724815,0.09967734889193293,0.03419405085997224,0.04967786941062063,0.017041861687989768,10.47521449147571,6.135358745028177,0.7073515872180023,6.838706218661206,True,8.263765324514393,10.742894921868713,10.920975923877002,101.50046804228641,101.81432577856445,14.174085275741223,0.005699902615683983,0.005700904295164646,0.005699902615683983,-1.0016794806631812e-06,8.0,0.005699902615683983,0.005699902615683983,0.005700904295164646,-0.0009676223783206331,-309.5535273758412,309.5535273758412,6.181899688916498,2145.110875894245,2319.0713459435888,14.25,False,"SOC floor violated (min 0.006, unmet 310 Wh); morning depletion (0.005701 -> 0.005700, -0.001 Wh)",2.502761344980904,0.0,1.191367205349142,True,4289.836371822209
4.983091929109443,0.3560449203061864,1.9398208202397744,2.902489501441851,0.36987322588508487,0.46633594651284166,0.09997688326261286,3.474995075206515,0.5575832073424745,1.8149411862651368,0.1660365449120747,1.1151064815557206,1.9244160853408105,1.9244160853408105,0.1655691568936797,0.5,0.030000000000000002,1.5118798773664062,0.9396660871883151,36.37183046994268,36.37183046994268,0.0,0.0727054299830781,-0.08469711184373575,-0.11546227213260662,9.777647344682798,32.55415938383194,32.55415938383194,12.970590395098185,0.5312837012540818,3.3170779081539443,-0.4035429822960712,2,one_per_bay,True,28+15+15,3,58,28,15,0,A40-12L-V4-kv410-direct,MJ-20p5x12ELW,7.955814193654088,1.512669538785221,16.415485694183314,0.2947016114013494,0.3418553716337559,0.3,0.10856553287434585,0.06837107432675119,0.0247424737249175,0.023373019022970672,0.008458347550370112,7.593390119725974,4.567947140477469,0.6623200501685902,5.510831876766387,True,9.045126935909623,11.75866501668251,11.953584064451285,69.75574742328433,70.64761137352745,14.569677795602194,0.00959804038364756,0.08081190657207432,0.00959804038364756,-0.07121386618842676,8.25,0.00959804038364756,0.00959804038364756,0.08081190657207432,-68.79259473802026,-307.51330773338464,307.51330773338464,0.0,1309.6466400196443,1562.4620016944327,14.666666666666668,False,"SOC floor violated (min 0.010, unmet 308 Wh); morning depletion (0.080812 -> 0.009598, -68.793 Wh)",3.063502763354293,0.0,1.0560449203061864,True,4336.748902138625
5.097628943616727,0.37543485071779853,1.0880041926810238,1.4277633546814545,0.32151472436318757,0.5000386528380917,0.9459902874068287,4.86692194896018,0.21879756208231058,1.185693741435534,0.18773193698139803,2.454572883067972,1.6078274166111153,1.6078274166111153,0.26878865413645886,0.5,0.03,1.7751464197020208,0.7336680521063428,36.77584827430491,36.77584827430491,0.0,0.07270542998307808,-0.040727228193485385,-0.051582777464428804,9.616673884901578,71.37710551655192,71.37710551655192,32.65828397550102,0.4390592890254893,2.3401658071325695,0.24872215707922274,2,one_per_bay,True,25+25+24,3,74,24,25,0,A40-12L-V4-kv410-direct,MJ-20p5x12ELW,8.512479597666118,1.896138140659756,13.704603208792212,0.24388507740361434,0.5519468236567088,0.3,0.08827701729429946,0.11038936473134177,0.032482812864984625,0.060929059228945995,0.01792878538426354,9.77695753226394,5.303553165494739,0.8434730881691659,13.275421103310384,True,9.06360681256862,11.782688856339208,11.978006138426503,82.65619905641034,83.97560889363824,13.542877519062683,0.009048890407326505,0.00906103041473701,0.009048890407326505,-1.2140007410505263e-05,8.083333333333334,0.009048890407326505,0.009048890407326505,0.00906103041473701,-0.011727247158548084,-331.1121013533454,331.1121013533454,0.0,1670.9284717492028,1876.3931216272927,14.416666666666666,False,"SOC floor violated (min 0.009, unmet 331 Wh); morning depletion (0.009061 -> 0.009049, -0.012 Wh)",1.7031529938389471,0.0,1.0754348507177984,True,4502.084262133538
6.0,0.3914543799707209,2.0,2.2178466475326144,0.3265152836067247,0.4074997255316657,0.1541866514642911,0.0,0.1006772589950577,3.0,0.15951755239623713,0.9023828956314419,1.04,1.04,0.1846542886561994,0.5,0.03,1.4912452197162929,1.468754780283707,36.005114919430234,36.005114919430234,0.0,0.07270542998307808,-0.05374983138179566,-0.07208615571526733,14.017062148567506,41.77318057751694,41.77318057751694,17.26995317032555,0.5267245332411838,3.771525932092252,-0.382259115098843,3,one_per_bay,True,28+28+24,3,80,24,28,0,A40-12L-V4-kv410-direct,MJ-20x8E,9.827837997273527,1.862211623171107,19.331852272888636,0.2949372376281078,0.4761355862591104,0.3,0.10322211399151537,0.09522711725182208,0.032765147840169935,0.045341019300461353,0.015600652875745736,10.473296196666636,6.143404808105941,0.704803203404015,7.354636115503389,True,8.725088508021614,11.342615060428098,11.530637401710017,96.73985497276111,97.44383743648345,9.576393543198009,0.008643531767439696,0.14970137758788557,0.008643531767439696,-0.14105784582044587,8.25,0.008643531767439696,0.008643531767439696,0.14970137758788557,-204.39281859382606,-322.19869457014113,322.19869457014113,0.0,1806.4091586477853,2208.268357135695,14.75,False,"SOC floor violated (min 0.009, unmet 322 Wh); morning depletion (0.149701 -> 0.008644, -204.393 Wh); FLAG MJ-20x8E: thrust table 3.58 N vs similarity 4.31 N (17%) at 2927 rpm, 11.34 m/s",2.440446115104435,0.0,1.0914543799707208,True,4554.4012587544175
5.662181068786758,0.3270104632298788,1.0064576732621162,1.2682349758457017,0.3737147058835012,0.42070925983107194,0.16019158298159322,1.1168633490838298,0.3523718575765138,1.6762041284837075,0.13757632994245828,1.3334976089938082,2.0956701954699293,2.0956701954699293,0.22431397621732885,0.5,0.029999999999999995,1.5235255265574894,1.2675650078358895,36.89263210617023,36.89263210617023,0.0,0.07270542998307807,-0.03256962930653781,-0.04252584330568681,9.571454446760427,74.871836443271,74.871836443271,33.5835170046613,0.47243371989736216,3.3141828439579917,-0.24108638710263397,2,one_per_bay,True,32+14+14,3,60,32,14,0,A40-12L-V4-kv410-direct,MJ-20x10EL,7.809128962621387,1.5678972363549677,20.447956481038652,0.27922244023248904,0.5612509224664785,0.3,0.09123021447047541,0.11225018449329568,0.034135361352246,0.06300051959389459,0.019158503047674642,8.285399981070999,4.569010957201584,0.8133902629433873,13.9743672886542,True,8.706114114901276,11.317948349371658,11.505561799693258,71.61978025515124,72.92124186355792,13.008139310442237,0.008734573671209594,0.05716984339884285,0.008734573671209594,-0.04843526972763326,8.25,0.008734573671209594,0.008734573671209594,0.05716984339884285,-46.78847055689373,-333.1983688460233,333.1983688460233,0.0,1354.80686898584,1611.1301562694625,14.583333333333332,False,"SOC floor violated (min 0.009, unmet 333 Wh); morning depletion (0.057170 -> 0.008735, -46.788 Wh)",1.5397808242474753,0.0,1.0270104632298787,True,4571.684383516656
5.967672917215564,0.5115386420220696,0.9822447508141638,1.4068878210909568,0.3111917528250848,0.8170137497583726,0.3546018083264107,4.971592301647127,0.3372160465157261,1.3615323233427001,0.4179341040647569,1.4040876585042303,1.0722492222495543,1.0722492222495543,0.40071804281406226,0.5,0.029999999999999995,1.3722415001317363,1.5715949584760458,35.97378386198419,35.97378386198419,0.0,0.07270542998307807,-0.034280827850096125,-0.03937618625183471,18.87143725045198,71.82757619635447,71.82757619635447,36.49343786148645,0.5063102171220836,2.5978984436889574,1.46703053916713,2,one_per_bay,True,42+42+24,3,108,24,42,0,A40-12L-V4-kv410-direct,MJ-21x13E,10.742190704607715,2.90482364358202,12.259993864189491,0.1790165804962497,0.7446272290093711,0.3,0.07259853244271552,0.14892544580187422,0.03603922936197746,0.11089394203643486,0.02683579149544244,14.180329239385179,6.975729121204008,1.0328096164573632,13.365515239270895,True,8.15077783426814,10.596011184548583,10.771657349084206,105.3268124211173,106.6039633186318,10.172627720921945,0.00401004270807122,0.004010042708071643,0.00401004270807122,-4.2327252813834093e-16,7.916666666666667,0.00401004270807122,0.00401004270807122,0.004010042708071643,-4.0888126218163734e-13,-339.52136627828685,339.52136627828685,226.58733857475994,2438.6523641745102,2420.721436323417,13.916666666666668,False,"SOC floor violated (min 0.004, unmet 340 Wh); FLAG MJ-21x13E: thrust table 5.28 N vs similarity 0.00 N (100%) at 2139 rpm, 10.60 m/s; FLAG MJ-21x13E: thrust table 5.31 N vs similarity 0.00 N (100%) at 2173 rpm, 10.77 m/s",1.7734855612607343,0.0,1.2115386420220695,True,4591.203620074797
4.891408016649106,0.3786268333439095,1.034346336142784,1.323174340347305,0.23991195593358194,0.6989203896113068,0.6553467240387801,0.825167360332108,0.9511660954613783,2.3525759916100544,0.26463001387802054,1.7884377842191552,1.0773359044817874,1.0773359044817874,0.26427891824300714,0.5,0.03,1.5052505653277142,0.9004534429968389,37.75661902589319,37.75661902589319,0.0,0.07270542998307808,-0.03933507858272284,-0.05112727603759087,8.329350199186722,71.30361967144391,71.30361967144391,31.320563208760277,0.45268746894632006,3.348900277784968,0.08528134893723865,2,one_per_bay,True,25+25+16,3,66,16,25,0,A40-12L-V4-kv410-direct,205x14E,8.287965922577987,1.7770920688464944,13.463496239038061,0.27546705446323116,0.5437128931009152,0.3,0.094330053584595,0.10874257862018304,0.034192310893896335,0.05912474202483345,0.01859080027792632,7.936734444466972,4.450473943464291,0.7833458964797224,13.260723934288782,True,8.611271950037382,11.194653535048598,11.38022317276319,77.10920326808481,77.81224990123238,13.220148593954441,0.00829813684561495,0.009795324940422484,0.00829813684561495,-0.0014971880948075333,8.166666666666666,0.00829813684561495,0.00829813684561495,0.009795324940422484,-1.446283699584077,-369.93404430495406,369.93404430495406,0.0,1490.2875558844237,1737.2412342295165,14.583333333333332,False,"SOC floor violated (min 0.008, unmet 370 Wh); morning depletion (0.009795 -> 0.008298, -1.446 Wh)",1.5918409049846818,0.0,1.0786268333439095,True,4892.539493298733
6.0,0.3606736052661063,2.0,2.206564760453066,0.3191202643915183,0.48084382164822803,0.1156356516937862,0.22658263703217818,0.26858217116698446,1.1860837844941214,0.17342767472379902,0.8067764162005898,1.04,1.04,0.17248831236711243,0.5,0.030000000000000002,1.5059728061916386,1.4540271938083613,36.859203960352104,36.859203960352104,0.0,0.0727054299830781,-0.053476413231415935,-0.07162203120206488,13.119194769885608,43.686635770650554,43.686635770650554,18.14870928018681,0.5052494352591823,3.4476248464066095,-0.6102103063226704,3,one_per_bay,True,26+26+16,3,68,16,26,0,A40-12L-V4-kv410-direct,26x13E,9.637345643202579,1.7533694407607834,20.531896566179274,0.30075516550833076,0.4631911570802535,0.3,0.10251686486669374,0.0926382314160507,0.03165660350522924,0.04290920959946881,0.01466305880681794,10.646808397373594,6.223812051758959,0.7106571195967619,7.737327154130112,True,9.065999011616148,11.785798715100993,11.98116754816858,90.07313170840919,91.62136448772137,15.996090482588055,0.006780332723095276,0.19659182664270786,0.006780332723095276,-0.18981149391961258,8.416666666666666,0.006780332723095276,0.006780332723095276,0.19659182664270786,-275.03685468951863,-368.4797507843768,368.4797507843768,0.0,1535.4477848506176,2055.5602366173453,15.083333333333332,False,"SOC floor violated (min 0.007, unmet 368 Wh); morning depletion (0.196592 -> 0.006780, -275.037 Wh); FLAG 26x13E: (11.79 m/s, 1947 rpm) not on the map; used C_T(J) similarity; FLAG 26x13E: (11.98 m/s, 1981 rpm) not on the map; used C_T(J) similarity",2.4243506202521723,0.0,1.0606736052661063,True,5067.828668040285
4.6533077268622955,0.42776974942585766,1.8873417589119865,2.1064505026624656,0.29538919970897126,0.47962667479644355,0.11974749543346082,3.790293685252087,0.24953695506789936,1.3810596298734068,0.20516978249563197,1.2175230434476163,2.133278952778436,2.133278952778436,0.1996264280710069,0.5,0.03,1.4950588538407286,0.7915950095904192,35.01096490373624,35.01096490373624,0.0,0.07270542998307808,-0.0658243118760659,-0.08966585776497027,8.732297396146272,43.54898091130102,43.54898091130102,17.527818352447436,0.48691129410004436,3.2902123519959185,0.08763073543384348,2,one_per_bay,True,48+15+15,3,78,48,15,0,A40-12L-V4-kv410-direct,MJ-18x8EL,8.281411127858746,1.7436517964716631,12.418346853822795,0.2774539341482729,0.41633353619200303,0.3,0.10710719683173983,0.08326670723840061,0.029728212005714103,0.034666722671627584,0.012376851629004511,7.6923152519578215,4.596272551884232,0.6735985877957507,7.709796182260204,True,8.77477641857484,11.407209344147292,11.596302441017194,89.23862784209273,91.50817785703437,9.41210639264744,0.004348586047760508,0.004348586047760508,0.007865307382342882,0.0035167213345823735,8.166666666666666,0.004348586047760508,0.007865307382342882,0.004348586047760508,3.397152809206573,-411.6408284082382,411.6408284082382,0.0,1761.2489296815909,2043.476922520091,14.416666666666666,False,"SOC floor violated (min 0.004, unmet 412 Wh)",2.304727925745476,0.0,1.1277697494258576,True,5312.059698034621
4.75535901212052,0.48461467180489415,1.5262225082693957,2.5453887042955525,0.3601226545110454,0.8006436701985962,0.8601567312205297,2.8173613290346413,0.14556229416836308,1.2249156177197327,0.3880036694659586,2.189010081506287,2.0570607500640135,2.0570607500640135,0.28302665427156376,0.5,0.03,1.556822064120977,0.7808574419392831,35.92122311749328,35.92122311749328,0.0,0.07270542998307808,-0.07783369446899202,-0.10497001190413752,12.042444889358599,35.452908380703526,35.452908380703526,14.374031123315714,0.515822698023937,3.0521837447976843,0.38315578545584805,2,one_per_bay,True,45+24+24,3,93,45,24,0,A40-12L-V4-kv410-direct,26x13E,9.582870398103646,2.286289204756362,9.890891881530642,0.2646520413207601,0.4384160436337005,0.3,0.10605043833972115,0.08768320872674011,0.030996142401680173,0.038441725463085365,0.01358920611965141,9.777258770954578,5.813165885675082,0.6819163538834994,6.0905816761407054,True,8.546132201986971,11.109971862583063,11.294137763484246,103.94393615771047,105.50970774865074,15.275836448534744,0.0022443619503903327,0.004220509913591736,0.0022443619503903327,-0.0019761479632014033,8.083333333333334,0.0022443619503903327,0.0022443619503903327,0.004220509913591736,-1.9089589324525555,-416.4479348562764,416.4479348562764,0.0,2099.95064692805,2389.659778864909,14.416666666666666,False,"SOC floor violated (min 0.002, unmet 416 Wh); morning depletion (0.004221 -> 0.002244, -1.909 Wh); FLAG 26x13E: (11.11 m/s, 1941 rpm) not on the map; used C_T(J) similarity; FLAG 26x13E: (11.29 m/s, 1974 rpm) not on the map; used C_T(J) similarity",2.7637591956987664,0.0,1.1846146718048942,True,5364.211133575574
4.910569957601336,0.3693827377923945,1.5094875845893294,2.786139871360339,0.3702773177657037,0.5796051726515061,0.605949617169077,1.001289740310773,0.09794585306283593,1.0294535755512528,0.21409614551264683,1.8324294526546063,1.7492710309444717,1.7492710309444717,0.21165128174135595,0.5,0.029999999999999992,1.5836845274474294,0.8316004513532385,37.64076742046369,37.64076742046369,0.0,0.07270542998307807,-0.08250264188851891,-0.1126742096548932,10.233124140478767,33.33795657610197,33.33795657610197,13.17311751486065,0.5214497531984295,3.1695524650634175,-0.3420341159220997,2,one_per_bay,True,26+20+20,3,66,26,20,0,A40-12L-V4-kv410-direct,22x12E,8.4211761492577,1.7171586629220328,14.042789306064062,0.29468533373995937,0.36904214262049506,0.3,0.10975715013032611,0.07380842852409901,0.027003342568009927,0.02723842060598516,0.009965371399213606,8.23824892995836,4.9829977863171635,0.6532716415367081,5.6675913152203945,True,8.907679472466297,11.579983314206187,11.771940421376181,79.23023054147698,80.00524464050629,14.658615986299834,0.006807153972040913,0.007855252572803735,0.006807153972040913,-0.0010480986007628222,8.25,0.006807153972040913,0.006807153972040913,0.007855252572803735,-1.0124632483368863,-421.76040158876634,421.76040158876634,0.0,1490.2875558844235,1788.758997919714,14.666666666666668,False,"SOC floor violated (min 0.007, unmet 422 Wh); morning depletion (0.007855 -> 0.006807, -1.012 Wh); FLAG 22x12E: shaft power table 63.2 W vs similarity 52.0 W (18%) at 2212 rpm, 11.58 m/s; FLAG 22x12E: shaft power table 64.4 W vs similarity 52.4 W (19%) at 2245 rpm, 11.77 m/s",2.966917241643501,0.0,1.0693827377923943,True,5411.844959516385
5.81264689877607,0.33621448065656034,1.6214554053989756,1.966448451657499,0.39205798110215784,0.4989718215476869,0.012613751206227646,2.0147311401495465,0.8872672710402557,2.663942096417878,0.16776155184391345,0.7833905877855923,1.5125407058938092,1.5125407058938092,0.17691597664385494,0.5000000000000001,0.029999999999999995,1.5113798878840587,1.3549435615039764,35.28343727777466,35.28343727777466,0.0,0.07270542998307807,-0.04919324456038129,-0.06721505994463323,11.079993603244413,46.08813195825455,46.08813195825455,18.878661171970375,0.5121770290471146,3.3831946474342427,-0.5948663313619279,2,one_per_bay,True,22+20+20,3,62,22,20,0,A40-12L-V4-kv410-direct,26x13E,8.030868181147131,1.5966818001024177,21.160674573784107,0.2975340929982162,0.46085163439017185,0.3,0.10456425158672598,0.09217032687803438,0.03212573749501853,0.04247684578401853,0.014805198630568915,8.640788512936162,5.101341118059507,0.6938268414057793,8.21762639165091,True,8.695585294033691,11.304260882243799,11.491647440477298,76.8705682701828,78.28927856063021,18.67046227986283,0.007002037001658294,0.007002037001658294,0.008356917972220813,0.0013548809705625185,8.333333333333334,0.007002037001658294,0.008356917972220813,0.007002037001658294,1.3088150175633928,-462.98435652450587,462.98435652450587,0.0,1399.9670979520333,1738.0167086710223,14.75,False,"SOC floor violated (min 0.007, unmet 463 Wh); FLAG 26x13E: (11.30 m/s, 1854 rpm) not on the map; used C_T(J) similarity; FLAG 26x13E: (11.49 m/s, 1886 rpm) not on the map; used C_T(J) similarity",2.184336656060785,0.0,1.0362144806565603,True,5822.841528243401
4.537231079271347,0.49275830323101033,1.0693305197140268,1.9576764912321714,0.24009662288815886,0.904340029209253,0.3111849323543294,0.5097725689854817,0.1346297292932101,1.0956959248631843,0.44562105833703386,1.3349981839890845,1.8264385908386007,1.8264385908386007,0.3318290195390585,0.5,0.03,1.3919139453668314,0.836701594268842,37.15952225161007,37.15952225161007,0.0,0.07270542998307808,-0.06274034034239957,-0.08380718618217613,9.710230890558584,45.72341523643574,45.72341523643574,18.777568778368323,0.4827511571138985,3.513105430778804,0.7509953146145165,2,one_per_bay,True,42+23+23,3,88,42,23,0,A40-12L-V4-kv410-direct,17x10E,9.302994908557922,2.191750138058375,9.392706544981879,0.2552492927954715,0.47810882990862413,0.3,0.1041903729388785,0.09562176598172485,0.03320955819570026,0.04571761064731874,0.01587778301072861,8.631879399812957,5.08696246221275,0.696863199587721,8.144683047287147,True,8.39614637736486,10.914990290574318,11.09592405395866,101.67616863072207,103.14194252301905,6.8610679258493725,0.005116105569983752,0.005116105569983752,0.008955974808190551,0.003839869238206799,8.166666666666666,0.005116105569983752,0.008955974808190551,0.005116105569983752,3.7093136841077676,-478.23978959204686,478.23978959204686,0.0,1987.050074512565,2334.0307512897966,14.583333333333332,False,"SOC floor violated (min 0.005, unmet 478 Wh)",2.194415127541324,0.0,1.1927583032310103,True,5977.281790350485
6.0,0.3883091955380851,2.0,2.2177930259988905,0.3316187430830087,0.4,0.18762890284828782,0.7079021480803815,0.1533374471671342,0.903160492964706,0.15532367821523405,0.9880865107570469,1.0468117433104012,1.0468117433104012,0.1846128589609043,0.5,0.03,1.496082425110326,1.463917574889674,36.56261674339993,36.56261674339993,0.0,0.07270542998307808,-0.05374853185624041,-0.07181845839823436,13.587824584860224,42.41443033612406,42.41443033612406,17.635170215716336,0.5133453832809097,3.4857823539870787,-0.3953320775877887,3,one_per_bay,True,24+24+16,3,64,16,24,0,A40-12L-V4-kv410-direct,16x7E(3D),9.687635271891125,1.8611084681284185,19.343311051721013,0.2919770941315692,0.47600029068556604,0.3,0.10239308954287504,0.09520005813711321,0.032492760257734475,0.04531525534654868,0.01546656332785802,10.710917009794182,6.257507093941638,0.7116907498457692,7.482886067224813,True,8.826126531836367,11.473964491387278,11.66416416368179,90.88131480413318,91.96544719878474,4.679960681552451,0.00816716947789074,0.1794254686361143,0.00816716947789074,-0.17125829915822358,8.583333333333334,0.00816716947789074,0.00816716947789074,0.1794254686361143,-248.15327548026596,-500.02103764153435,500.02103764153435,0.0,1445.1273269182286,2070.45702501997,15.416666666666668,False,"SOC floor violated (min 0.008, unmet 500 Wh); morning depletion (0.179425 -> 0.008167, -248.153 Wh)",2.4411229901766074,0.0,1.088309195538085,True,6363.3015050956765
5.81940195697824,0.35075386653780205,1.7941728198256701,2.417530689619589,0.3423698236529638,0.4,0.31560360606904125,0.5304467558834465,0.06973437484028391,0.6866443037901535,0.14030154661512081,1.2741982462378827,1.04,1.04,0.179932146337122,0.5,0.029999999999999995,1.6303159557892661,1.2393850226998537,35.632811442392615,35.632811442392615,0.0,0.07270542998307807,-0.06040744722069274,-0.08176187436564832,12.337515525416405,40.05322825741862,40.05322825741862,16.274108058292043,0.5029350223795598,3.3840182954013813,-0.5824374733978568,3,one_per_bay,True,24+24+16,3,64,16,24,0,A40-12L-V4-kv410-direct,19x8E,9.505264705070106,1.6969823931056132,19.956270185517784,0.2993922893243516,0.42874404890014606,0.3,0.10573962547905459,0.08574880978002922,0.03022349010471661,0.036764291893458166,0.012958141519389697,10.29890178835463,6.114334204732286,0.6843864668672563,7.010645651483724,True,9.203137318818838,11.96407851446449,12.162402625931373,92.28314676243431,93.50837064822088,8.435895706580705,0.0074218868303398845,0.16431861998030278,0.0074218868303398845,-0.15689673314996289,8.666666666666666,0.0074218868303398845,0.0074218868303398845,0.16431861998030278,-227.34336633429623,-555.5838932858721,555.5838932858721,0.0,1445.1273269182286,2105.3120273180966,15.416666666666668,False,"SOC floor violated (min 0.007, unmet 556 Wh); morning depletion (0.164319 -> 0.007422, -227.343 Wh)",2.6212313145023125,0.0,1.050753866537802,True,6905.313778178344
5.141260300424214,0.4763938420771249,0.9471171814553088,2.234184103164996,0.35856937927305865,0.9815466989075181,0.7675170762349377,4.588713349805352,0.05176410139272791,1.161869560552662,0.4676028030706714,2.225238480006352,2.169930926101703,2.169930926101703,0.36952351464994615,0.5,0.03,1.482378090127265,1.0482520600848422,36.51975716240378,36.51975716240378,0.0,0.07270542998307808,-0.06318968750466329,-0.0825808771312496,13.474512858052277,42.12368662893811,42.12368662893811,18.047581250350806,0.49450262840592984,2.618463741322509,1.3104470584528187,2,one_per_bay,True,48+25+25,3,98,48,25,0,A40-12L-V4-kv410-direct,17x7E,9.940211026903347,2.446228395992402,10.805433180328507,0.19133516417003688,0.5033036455508326,0.3,0.0980033630932417,0.10066072911016655,0.032883633280713656,0.05066291192495164,0.01655045250913987,11.550992297603381,6.602055281488545,0.7496055099676495,7.424737325787623,True,8.636636455056435,11.227627391573366,11.413743624731058,119.84692491930161,121.23689962800411,5.066520068682589,0.0012723281133491995,0.006405387235487137,0.0012723281133491995,-0.0051330591221379375,8.25,0.0012723281133491995,0.0012723281133491995,0.006405387235487137,-4.958535111985247,-680.1455034966939,680.1455034966939,0.0,2212.8512193435367,2769.1834641187456,14.75,False,"SOC floor violated (min 0.001, unmet 680 Wh); morning depletion (0.006405 -> 0.001272, -4.959 Wh)",2.4856899150339182,0.0,1.176393842077125,True,8005.315764975728
6.0,0.35587159018754283,2.0,2.279671642719931,0.3076003277039859,0.4442667002863918,0.32525433109138335,0.0,0.0,3.0,0.15810189709829076,1.3458612164550023,1.0970006633150429,1.0970006633150429,0.1779764307577363,0.5,0.03,1.5477278376359234,1.4122721623640766,36.36047716550328,36.36047716550328,0.0,0.07270542998307808,-0.055248169001394176,-0.07453266914310806,13.377811360733483,40.577786340590436,40.577786340590436,16.624674742464624,0.5219582365006469,3.7475092955596376,-0.6804776314256797,3,one_per_bay,True,24+24+16,3,64,16,24,0,A40-12L-V4-kv410-direct,MJ-20x8E,9.62543749899505,1.808091021576534,19.910502054598123,0.3084611731953921,0.4627600703187366,0.3,0.10453661385510513,0.09255201406374733,0.032250247185647375,0.04282937653628041,0.014924126655426818,10.257602738002433,6.055074100156989,0.6940507363463126,7.1155572681180885,True,8.76305338761372,11.391969403897836,11.58080987390599,95.54272439483528,96.22618952650525,9.820277486299794,0.00948099938736248,0.12917805579419658,0.00948099938736248,-0.1196970564068341,8.75,0.00948099938736248,0.00948099938736248,0.12917805579419658,-173.44103473350262,-682.6674314076587,682.6674314076587,0.0,1445.1273269182288,2178.720928239951,15.666666666666668,False,"SOC floor violated (min 0.009, unmet 683 Wh); morning depletion (0.129178 -> 0.009481, -173.441 Wh); FLAG MJ-20x8E: thrust table 3.49 N vs similarity 4.23 N (17%) at 2924 rpm, 11.39 m/s; FLAG MJ-20x8E: thrust table 3.51 N vs similarity 4.15 N (16%) at 2962 rpm, 11.58 m/s",2.500918442344838,0.0,1.0558715901875428,True,8136.890370096058
6.0,0.38255852644481997,2.0,2.444629048238493,0.3435263234590428,0.4,0.10976720544521115,0.0,0.09722070772038455,3.0,0.153023410577928,0.7922226695041237,1.04,1.04,0.1776263397331956,0.5,0.030000000000000006,1.4910485555665942,1.4689514444334058,36.11103095036896,36.11103095036896,0.0,0.0727054299830781,-0.059245935367100856,-0.08036440140026087,13.56749123974945,37.84972096796764,37.84972096796764,15.322353266020192,0.5286932990624809,3.740579041447648,-0.4121614832235906,3,one_per_bay,True,24+24+16,3,64,16,24,0,A40-12L-V4-kv410-direct,MJ-20x8E,9.631488742321894,1.7885887333052515,20.12760078918378,0.294874166283054,0.4444579138229523,0.3,0.10627149399711117,0.08889158276459046,0.03148880434720295,0.039508567431970176,0.013995448288936934,10.264051405933037,6.108950190909685,0.6801661636079923,6.569944193593529,True,8.813467929438069,11.45750830826949,11.64743519249336,95.62775298063929,96.32488822302064,9.85937481836911,0.007555812288785956,0.12824830483349642,0.007555812288785956,-0.12069249254471046,8.75,0.007555812288785956,0.007555812288785956,0.12824830483349642,-174.88342169728546,-683.384227847403,683.384227847403,0.0,1445.1273269182288,2180.875531888523,15.666666666666668,False,"SOC floor violated (min 0.008, unmet 683 Wh); morning depletion (0.128248 -> 0.007556, -174.883 Wh); FLAG MJ-20x8E: thrust table 3.47 N vs similarity 4.20 N (17%) at 2930 rpm, 11.46 m/s; FLAG MJ-20x8E: thrust table 3.49 N vs similarity 4.12 N (15%) at 2968 rpm, 11.65 m/s",2.6505994083779933,0.0,1.0825585264448199,True,8146.978957729954
4.573612059285011,0.340469436669451,1.9249390700254554,2.1200721389954027,0.31321777265067546,0.9718253117155592,0.5021565402684098,1.6121360831459228,0.36878765522540397,1.1878502302561387,0.33087681642091005,1.4200486511029986,1.0915641922433719,1.0915641922433719,0.1740077892488652,0.5,0.030000000000000002,1.4950281001569032,0.7517779294856024,36.873804777296684,36.873804777296684,0.0,0.0727054299830781,-0.0674043860575711,-0.0923653307847642,7.481863855246955,45.25790870812723,45.25790870812723,18.07341616002908,0.45937297776341285,2.966101815959735,-0.39847922765135557,2,one_per_bay,True,20+20+16,3,56,16,20,0,A40-12L-V4-kv410-direct,17x8E,7.824808442643957,1.548860646989425,13.505364287933968,0.29489216394019285,0.3877633622048412,0.3,0.10823675203742965,0.07755267244096825,0.027980164589443617,0.030072085013680576,0.010849682696247497,7.435309417328636,4.4660727642476665,0.6648428742251253,8.051581741625448,True,9.232769174944577,12.002599927427951,12.201562594132431,84.885562038336,86.50204132980065,7.777785127662894,0.00351356324628914,0.00351356324628914,0.007433146058638778,0.003919582812349638,8.833333333333334,0.00351356324628914,0.007433146058638778,0.00351356324628914,3.78631699672975,-792.0414877864752,792.0414877864752,0.0,1264.4864110534506,1930.5894430746553,15.75,False,"SOC floor violated (min 0.004, unmet 792 Wh)",2.3135054820430816,0.0,1.040469436669451,True,9116.901314618462
4.513970122648503,0.3124158125768956,1.1640811621343692,1.6398357507926455,0.33549550843332865,0.5169547690909619,0.45034199914150513,1.6803009307083296,0.23219552196322635,1.010086760360586,0.1615048442510543,1.3643520447339044,1.2660122463102361,1.2660122463102361,0.18791699261935121,0.5,0.03,1.4938309091688553,0.7231541521553964,38.70424654750293,38.70424654750293,0.0,0.07270542998307808,-0.05282487926306856,-0.07223751775066699,5.760233016545256,61.18021630305803,61.18021630305803,24.82707837672656,0.4201355964965647,3.0981225416564007,-0.35289356868088895,2,one_per_bay,True,18+17+17,3,52,18,17,0,A40-12L-V4-kv410-direct,24x12E,7.367484315673705,1.2755275309217953,15.974509192630375,0.28942159445456145,0.39749378275804903,0.3,0.10592123770318801,0.07949875655160982,0.02806868896603646,0.03160026146626062,0.011157129354168944,6.579839588070794,3.909724916522035,0.6829418254632622,11.236043260611607,True,9.633890023766906,12.524057030896978,12.731663699443185,82.85185560833663,83.29078926164662,20.040047016543266,0.007467088408130311,0.007467088408130311,0.007761894459203156,0.0002948060510728446,8.916666666666666,0.007467088408130311,0.007761894459203156,0.007467088408130311,0.28478264533636793,-819.7786012736291,819.7786012736291,0.0,1174.1659531210607,1871.919426022127,16.083333333333332,False,"SOC floor violated (min 0.007, unmet 820 Wh); FLAG 24x12E: thrust table 3.06 N vs similarity 2.59 N (15%) at 2173 rpm, 12.52 m/s; FLAG 24x12E: shaft power table 67.3 W vs similarity 53.6 W (20%) at 2173 rpm, 12.52 m/s; FLAG 24x12E: thrust table 3.07 N vs similarity 2.53 N (18%) at 2204 rpm, 12.73 m/s; FLAG 24x12E: shaft power table 68.7 W vs similarity 53.6 W (22%) at 2204 rpm, 12.73 m/s",1.8329903827561516,0.0,1.0124158125768956,True,9390.318924328161
