span_m,chord_m,tail_arm_m,vstab_arm_m,elevator_frac,taper_ratio,taper_start_frac,washout_tip_deg,washout_start_frac,y_washout_m,tip_chord_m,y_taper_m,boom_spacing_m,boom_spacing_set_m,hstab_chord_m,tail_volume_h,tail_volume_v,aileron_y_inner_m,aileron_span_each_m,roll_rate_deg_s,roll_aileron_deg_s,roll_elevon_deg_s,cn_beta,cn_r,cn_r_control,izz_kgm2,yaw_rate_deg_s,yaw_rate_max_deg_s,yaw_rate_level_deg_s,yaw_correct_s,incidence_wing_deg,incidence_hstab_deg,n_packs,cells_per_string,one_string_per_bay,string_plan,n_strings,n_cells,inboard_cells,outboard_cells,hstab_cells,motor,prop,mass_kg,wing_area_m2,aspect_ratio,static_margin,v_stall,v_night,v_day,p_night_w,p_day_w,climb_ms,soc_min,morning_soc,next_morning_soc,morning_soc_change,morning_charge_hour,objective_soc,soc_end,soc_start,cycle_wh,margin_wh,unmet_wh,spilled_wh,solar_wh,propulsion_wh,battery_night_h,closed,reason,boom_length_m,aft_boom_length_m,fuselage_length_m,packing_ok,optimizer_score
6.0,0.4326177866631937,1.882035103098679,2.0929311480819446,0.27985734072427,0.4,0.1372667312475502,0.0,1.0,3.0,0.1730471146652775,0.8604214934939245,1.04,1.04,0.20057754194108807,0.5315902789451251,0.03,1.56326831722421,1.39673168277579,35.35825142550823,34.370105464468104,0.9881459610401236,0.07270542998307808,-0.05072248634875836,-0.07032577365643408,17.693886269909168,7.383298328179205,111.42932686199487,0.0,1.5198615400947773,3.848405095964781,0.13065101854708672,3,one_per_bay,True,32+32+24+8,4,96,24,32,8,A40-12L-V4-kv410-direct,16x12E,10.843039822713408,2.0403348892530824,17.644162333164207,0.31445784505652946,8.755484058486868,11.382129276032929,11.570806629875209,87.4378463947498,89.0253904900363,11.794139365095575,0.26158443548367655,0.26158443549738336,0.26158443548367655,-1.3706813462022183e-11,7.75,0.26158443548367655,0.26158443548367655,0.26158443549738336,-1.9861172706470143e-08,89.2358470158473,0.0,46.35320512573574,2167.6909903773435,1994.7806404506805,13.75,True,"FLAG 16x12E: shaft power table 33.2 W vs similarity 27.8 W (16%) at 2454 rpm, 11.38 m/s; FLAG 16x12E: shaft power table 33.8 W vs similarity 28.4 W (16%) at 2497 rpm, 11.57 m/s",2.2566562624416733,0.0,1.1326177866631937,True,-26.158443548367654
6.0,0.3947830717918573,2.0,2.212798514318618,0.2994349765601857,0.4,0.3657099493521842,0.0,1.0,3.0,0.15791322871674293,1.426960674393417,1.04,1.04,0.2061827804865478,0.612863464393512,0.030000000000000002,1.6020474849479784,1.3579525150520215,37.04455954610961,35.94425576158447,1.1003037845251382,0.0727054299830781,-0.05362748914981715,-0.07409544044480507,17.88183829612515,7.0522100493344295,106.74492903494505,0.0,1.5441862955900045,3.83280349406943,-0.03512704192804274,3,one_per_bay,True,34+34+24+8,4,100,24,34,8,A40-12L-V4-kv410-direct,16x12E,10.849141207300045,1.9960928525437285,18.03523315767764,0.38414439553671004,8.854472110163268,11.51081374321225,11.701624251946656,87.89870833601168,89.54940230585653,11.904654914972733,0.2609732093569636,0.2609732093569636,0.2609732093569636,0.0,7.75,0.2609732093569636,0.2609732093569636,0.2609732093569636,0.0,88.35018035824025,0.0,124.48036673962714,2258.0114483097323,2006.6261710860072,13.666666666666666,True,"FLAG 16x12E: shaft power table 33.5 W vs similarity 27.9 W (17%) at 2467 rpm, 11.51 m/s; FLAG 16x12E: shaft power table 34.1 W vs similarity 28.6 W (16%) at 2511 rpm, 11.70 m/s",2.3762288283239035,0.0,1.0947830717918572,True,-26.09732093569636
6.0,0.4016766837075223,2.0,2.2112778768749224,0.2916205193392812,0.4,0.3263904398893453,0.0,1.0,3.0,0.16067067348300892,1.3294482909255763,1.04,1.04,0.20390828417237383,0.5979440752390006,0.030000000000000002,1.5914911282951634,1.3685088717048366,36.653013292812446,35.58840900687117,1.0646042859412754,0.0727054299830781,-0.05359063628341974,-0.07404610777626704,17.87754220448798,7.04024305690452,106.56502103403886,0.0,1.5444104364283682,3.836862742621941,0.043510109971129585,3,one_per_bay,True,33+33+24+8,4,98,24,33,8,A40-12L-V4-kv410-direct,16x12E,10.846889290876067,2.0074470999673646,17.933224741307136,0.36919181799184025,8.828479485096862,11.47702333062592,11.667273708168931,87.71844413601475,89.34910246012535,11.876718597390585,0.2607577360285191,0.2607577360285676,0.2607577360285191,-4.851674617611934e-14,7.75,0.2607577360285191,0.2607577360285191,0.2607577360285676,-7.030076520919692e-11,88.03795950532415,0.0,84.0180577378638,2212.851219343537,2002.092795280177,13.666666666666666,True,"FLAG 16x12E: shaft power table 33.4 W vs similarity 27.9 W (16%) at 2463 rpm, 11.48 m/s; FLAG 16x12E: shaft power table 34.0 W vs similarity 28.5 W (16%) at 2507 rpm, 11.67 m/s",2.374233844410158,0.0,1.1016766837075223,True,-26.07577360285191
6.0,0.4158971017595586,2.0,2.2125218619259615,0.2973803382906609,0.419918882718767,0.1852498164232145,0.0,1.0,3.0,0.17464304629684718,0.9794195447295719,1.04,1.04,0.20557984969142307,0.6016280539836751,0.029999999999999995,1.5651080076445938,1.3948919923554062,35.939351853269734,34.888605285830906,1.0507465674388279,0.07270542998307807,-0.05362078443942918,-0.07410728994343815,17.842639500360665,7.0254974506003265,106.54734738882723,0.0,1.5450639272414597,3.8345945002899295,0.15042831510724336,3,one_per_bay,True,32+32+24+8,4,96,24,32,8,A40-12L-V4-kv410-direct,16x12E,10.83228598823843,2.0079093813346693,17.929095971487808,0.3644452720468838,8.821518871956881,11.467974533543947,11.658074912519245,87.5273978404413,89.14812334347441,11.885375350484376,0.26073062515350104,0.2607306251759683,0.26073062515350104,-2.2467250282431905e-11,7.75,0.26073062515350104,0.26073062515350104,0.2607306251759683,-3.255504565924383e-08,87.99867584742299,0.0,43.85980679460717,2167.6909903773435,1997.2699845766904,13.75,True,"FLAG 16x12E: shaft power table 33.3 W vs similarity 27.8 W (16%) at 2461 rpm, 11.47 m/s; FLAG 16x12E: shaft power table 33.9 W vs similarity 28.4 W (16%) at 2505 rpm, 11.66 m/s",2.372052077199914,0.0,1.1158971017595585,True,-26.073062515350102
6.0,0.4216401038950077,1.891451070787448,2.1013858740864744,0.2748023356769019,0.4,0.2423663550831525,0.0,0.9593473148445286,3.0,0.1686560415580031,1.121068560606218,1.04,1.04,0.1991794121114129,0.5252066565823333,0.03,1.6015816295706458,1.3584183704293542,35.07277851675504,34.096328980452185,0.9764495363028542,0.07270542998307808,-0.050927387845274494,-0.07059147438612148,17.775127370120146,7.349874610672251,110.54224015018491,0.0,1.5218458540737445,3.855731093814333,-0.06311654374405085,3,one_per_bay,True,32+32+24+8,4,96,24,32,8,A40-12L-V4-kv410-direct,16x12E,10.865789176656993,2.0545009149794917,17.522503756275697,0.32103752297652033,8.734395051297577,11.35471356668685,11.542936460439313,87.53995120324365,89.13318616761086,11.743311648228062,0.2606109371732253,0.2606109371958474,0.2606109371732253,-2.2622070883215883e-11,7.75,0.2606109371732253,0.2606109371732253,0.2606109371958474,-3.2779380709779815e-08,87.82524796400345,0.0,43.8384085163615,2167.6909903773435,1997.2894872626205,13.75,True,"FLAG 16x12E: shaft power table 33.2 W vs similarity 27.9 W (16%) at 2453 rpm, 11.35 m/s; FLAG 16x12E: shaft power table 33.8 W vs similarity 28.5 W (16%) at 2496 rpm, 11.54 m/s",2.2684036891296073,0.0,1.1216401038950077,True,-26.06109371732253
6.0,0.4158971017595586,1.9548221053898265,2.165932487453495,0.2862126569134239,0.4,0.253896649317566,0.0,0.9876052403462774,3.0,0.16635884070382345,1.1496636903075637,1.04,1.04,0.2023634151592467,0.5631318350202967,0.030000000000000002,1.5856470122285091,1.3743529877714908,35.7709837759087,34.7478427530537,1.0231410228549909,0.0727054299830781,-0.0524916842715414,-0.07262963673987424,17.839650352754184,7.152671484286973,107.98348562345656,0.0,1.5356718619369818,3.8467351882651175,-0.013807401991147411,3,one_per_bay,True,32+32+24+8,4,96,24,32,8,A40-12L-V4-kv410-direct,16x12E,10.855122122937194,2.0336529054684145,17.702135847861445,0.34646677221262184,8.774740956903166,11.407163243974116,11.596255576658471,87.54786321727495,89.14485509075914,11.803709660322587,0.2605355013136945,0.26053550133711784,0.2605355013136945,-2.342331884008786e-11,7.75,0.2605355013136945,0.2605355013136945,0.26053550133711784,-3.394038899928731e-08,87.71594140354334,0.0,43.60960245316249,2167.6909903773435,1997.5178839178243,13.75,True,"FLAG 16x12E: shaft power table 33.2 W vs similarity 27.8 W (16%) at 2457 rpm, 11.41 m/s; FLAG 16x12E: shaft power table 33.9 W vs similarity 28.5 W (16%) at 2500 rpm, 11.60 m/s",2.32978187716967,0.0,1.1158971017595585,True,-26.05355013136945
6.0,0.4038865877175042,1.7939636160860346,2.020726896424135,0.3471687238452404,0.4,0.2843849759006415,0.0,1.0,3.0,0.16155463508700169,1.225274740233591,1.04,1.04,0.22125846251612882,0.5890295225265998,0.03,1.5590324432201297,1.4009675567798703,37.17266163399114,35.938574829757364,1.2340868042337738,0.07270542998307808,-0.04897260596096254,-0.06805126443861557,17.333781706960217,7.693686661600799,116.74124803753521,0.0,1.4983912585924732,3.829321872864088,-0.04180898520618942,3,one_per_bay,True,32+32+24+8,4,96,24,32,8,A40-12L-V4-kv410-direct,16x12E,10.776287107107656,1.9932468887231556,18.060983917080673,0.35585712730156865,8.830989991344053,11.480286988747268,11.67059146674576,87.55382182721866,89.18246159806,11.958504324874442,0.26047868984928857,0.260478689874282,0.26047868984928857,-2.4993451752663987e-11,7.75,0.26047868984928857,0.26047868984928857,0.260478689874282,-3.6215511589610117e-08,87.63362159161912,0.0,43.14293166212599,2167.6909903773435,1997.9852815043703,13.75,True,"FLAG 16x12E: shaft power table 33.3 W vs similarity 27.8 W (16%) at 2462 rpm, 11.48 m/s; FLAG 16x12E: shaft power table 33.9 W vs similarity 28.4 W (16%) at 2506 rpm, 11.67 m/s",2.190113516767503,0.0,1.1038865877175041,True,-26.047868984928858
6.0,0.4257283533308618,2.0,2.207994905928179,0.2727350950092745,0.4,0.2065206735386592,0.0,1.0,3.0,0.17029134133234472,1.033442216008331,1.043203475100288,1.043203475100288,0.19861324732325217,0.5560040273443762,0.03,1.589351218862725,1.370648781137275,35.15057283276731,34.173780849367816,0.9767919833994967,0.07270542998307808,-0.05351107301198476,-0.07393871326897353,18.04416177620713,7.0279227188467965,105.78854251926754,0.0,1.544732849262137,3.8538562957370535,0.011442619641249374,3,one_per_bay,True,32+32+24+8,4,96,24,32,8,A40-12L-V4-kv410-direct,16x12E,10.88976442633229,2.0520384757199137,17.543530701767263,0.34245170116697504,8.749270744940713,11.374051968422927,11.562595427719728,87.58802064497948,89.17956786331104,11.73519042817714,0.2601526259163578,0.26015262594304167,0.2601526259163578,-2.668387732995825e-11,7.75,0.2601526259163578,0.2601526259163578,0.26015262594304167,-3.8664938251109504e-08,87.16115495280242,0.0,42.698497942860115,2167.6909903773435,1998.42585446739,13.75,True,"FLAG 16x12E: shaft power table 33.2 W vs similarity 27.9 W (16%) at 2455 rpm, 11.37 m/s; FLAG 16x12E: shaft power table 33.9 W vs similarity 28.5 W (16%) at 2498 rpm, 11.56 m/s",2.369467301597684,0.0,1.1257283533308617,True,-26.01526259163578
6.0,0.4246918684521325,2.0,2.2090868864855726,0.2782008042850449,0.4,0.2125842420900776,0.0,1.0,3.0,0.169876747380853,1.0472089203833925,1.04,1.04,0.20011721445792083,0.5594254128845517,0.03,1.5893350071200243,1.3706649928799757,35.21273559852702,34.22621437375728,0.9865212247697397,0.07270542998307808,-0.05353753731730424,-0.07397259622206402,18.03051410541749,7.004613057550915,105.45446903368419,0.0,1.5473969475073506,3.853327151893435,-0.016208409298976545,3,one_per_bay,True,32+32+24+8,4,96,24,32,8,A40-12L-V4-kv410-direct,16x12E,10.88877049059453,2.0505505153333745,17.556260980065243,0.3454447567434109,8.75204513961955,11.377658681505416,11.566261927953104,87.59592973828387,89.18814243341187,11.739569175856488,0.26007721763296165,0.2600772176603441,0.26007721763296165,-2.73824296570524e-11,7.75,0.26007721763296165,0.26007721763296165,0.2600772176603441,-3.9677140573068925e-08,87.05188835016142,0.0,42.50127399289122,2167.6909903773435,1998.62249384389,13.75,True,"FLAG 16x12E: shaft power table 33.2 W vs similarity 27.9 W (16%) at 2455 rpm, 11.38 m/s; FLAG 16x12E: shaft power table 33.9 W vs similarity 28.5 W (16%) at 2498 rpm, 11.57 m/s",2.370625015824414,0.0,1.1246918684521325,True,-26.007721763296164
5.978901335816525,0.3900102228596316,1.882035103098679,2.0978627879805742,0.3069374646876606,0.4,0.4060741267747708,0.0,1.0,2.9894506679082626,0.15600408914385266,1.5227800235842222,1.04,1.04,0.2084147347242602,0.5867269173836075,0.03,1.6201716035109293,1.3292790643973333,37.199280445596656,36.059702843034025,1.1395776025626334,0.07270542998307808,-0.05102141931392031,-0.07071914647548797,17.46645353578362,7.4779349384477305,113.04874835422862,0.0,1.5098895437865016,3.8366270462283865,0.0012679910506260272,3,one_per_bay,True,34+34+24+8,4,100,24,34,8,A40-12L-V4-kv410-direct,16x12E,10.80959922328705,1.988622715524853,17.975888993098387,0.3597857015544288,8.854906125542833,11.511377963205684,11.702197824806566,87.99423801608006,89.64835985231736,11.948191271223488,0.26006789231922023,0.26006789231922023,0.2600678923192205,2.7755575615628914e-16,7.75,0.26006789231922023,0.2600678923192205,0.26006789231922023,4.0217829067046296e-13,87.03837597055009,0.0,122.14609320872374,2258.0114483097323,2008.9543046937058,13.666666666666666,True,"FLAG 16x12E: shaft power table 33.5 W vs similarity 28.0 W (17%) at 2468 rpm, 11.51 m/s; FLAG 16x12E: shaft power table 34.1 W vs similarity 28.6 W (16%) at 2512 rpm, 11.70 m/s",2.2663161001055734,0.0,1.0900102228596316,True,-26.006789231922024
5.969859051166465,0.3950782903109696,2.0,2.2133213707624217,0.3048500496427987,0.4,0.3176796395380894,0.0,0.9876052403462774,2.9849295255832327,0.15803131612438784,1.303057923174075,1.04,1.04,0.2077889013301691,0.6357773226073863,0.029999999999999992,1.5450685957226575,1.399860929860575,38.111007005498905,36.96261520106249,1.1483918044364152,0.07270542998307807,-0.053910982009055974,-0.07444804086524476,17.47523461618921,7.123609453713467,108.65308544169444,0.0,1.531957801833916,3.8241176921758604,0.15160257019454573,3,one_per_bay,True,32+32+24+8,4,96,24,32,8,A40-12L-V4-kv410-direct,16x12E,10.764468367790402,1.9598791330108858,18.184395399956646,0.3887751617094231,8.900963326565567,11.571252324535237,11.763064701313615,87.65475000205555,89.32063706884747,12.056281045571582,0.2595164016076513,0.25951640164979844,0.2595164016076513,-4.214711912808866e-11,7.75,0.2595164016076513,0.2595164016076513,0.25951640164979844,-6.107117561660047e-08,86.23926592948675,0.0,40.333282808180726,2167.6909903773435,2000.7893424839588,13.75,True,"FLAG 16x12E: shaft power table 33.4 W vs similarity 27.8 W (17%) at 2470 rpm, 11.57 m/s; FLAG 16x12E: shaft power table 34.1 W vs similarity 28.4 W (17%) at 2514 rpm, 11.76 m/s",2.3737053114114537,0.0,1.0950782903109695,True,-25.951640160765134
5.99689849636503,0.436168991347078,1.8627338653374097,2.0761869027043978,0.2899476108193876,0.4,0.1328855445955317,0.0,0.8923358602212049,2.998449248182515,0.1744675965388312,0.8493500780971196,1.04,1.04,0.20342786904939608,0.5265950858587752,0.03,1.4564889703917927,1.5019602777907222,37.70853503073865,36.699888295158,1.0086467355806528,0.07270542998307808,-0.050342710178554954,-0.0697855099285641,17.712780618178236,7.465730842002396,111.99706378027936,0.0,1.5131476168044309,3.8546600705633036,0.1546473799300564,3,one_per_bay,True,32+32+24+8,4,96,24,32,8,A40-12L-V4-kv410-direct,16x12E,10.860213875014045,2.05323891797775,17.515151919643706,0.30791222752321373,8.734837069571341,11.355288190442744,11.54352060952101,87.73415235463293,89.33417228248102,11.748787576917904,0.25875934376727566,0.2587593438244965,0.25875934376727566,-5.722083917802934e-11,7.75,0.25875934376727566,0.25875934376727566,0.2587593438244965,-8.291299596896451e-08,85.14228911878241,0.0,39.09555285104818,2167.6909903773435,2002.0198607716309,13.75,True,"FLAG 16x12E: shaft power table 33.3 W vs similarity 28.0 W (16%) at 2454 rpm, 11.36 m/s; FLAG 16x12E: shaft power table 33.9 W vs similarity 28.6 W (16%) at 2498 rpm, 11.54 m/s",2.240912028327052,0.0,1.1361689913470778,True,-25.875934376727567
6.0,0.400438367674474,1.999999988711605,2.2397323396264284,0.3050743795134008,0.4,0.3923138015873843,0.0,1.0,3.0,0.16017534706978961,1.4929382279367132,1.04,1.04,0.2078559779438005,0.5921555248608263,0.030000000000000002,1.6538448889811104,1.3061551110188896,35.78578729217524,34.69541316802492,1.090374124150322,0.0727054299830781,-0.05428023426651498,-0.07491762724389017,18.212482256059847,6.95862355960225,104.07871397415282,0.0,1.5521472145309054,3.8534533315287733,-0.1483078111740138,3,one_per_bay,True,35+35+24+8,4,102,24,35,8,A40-12L-V4-kv410-direct,16x12E,10.93921309799814,2.04053899245307,17.64239749063651,0.3744583296579087,8.793787270714061,11.431923451928279,11.621426225436498,88.37527202111346,90.0110582874513,11.73122261511174,0.25820186333573575,0.25820186333573575,0.25820186333573575,0.0,7.75,0.25820186333573575,0.25820186333573575,0.25820186333573575,0.0,84.33449997348109,0.0,158.03894347475807,2303.1716772759255,2018.045968781074,13.583333333333332,True,"FLAG 16x12E: shaft power table 33.6 W vs similarity 28.2 W (16%) at 2465 rpm, 11.43 m/s; FLAG 16x12E: shaft power table 34.2 W vs similarity 28.8 W (16%) at 2509 rpm, 11.62 m/s",2.4044259664263556,0.0,1.100438367674474,True,-25.820186333573574
6.0,0.4326177866631937,1.882035103098679,2.0929311480819446,0.27985734072427,0.4,0.1372667312475502,0.0,1.0,3.0,0.1730471146652775,0.8604214934939245,1.04,1.04,0.20057754194108807,0.5315902789451251,0.03,1.56326831722421,1.39673168277579,35.38303599597235,34.39419738831615,0.9888386076561996,0.07270542998307808,-0.05072248634875836,-0.0703267067549037,17.70750011240497,7.38708067199905,128.22975334626574,0.0,1.5194218868988028,3.848449845028827,0.13071054488057726,3,one_per_bay,True,32+32+24+8,4,96,24,32,8,A40-12L-V4-kv410-direct,17x12E,10.858246133045501,2.0403348892530824,17.644162333164207,0.31445783422479917,8.761621265584122,11.39010764525936,11.578917253582071,88.14956995611439,89.55092335296388,13.653641293366249,0.25479803719366045,0.2547980374708647,0.25479803719366045,-2.772042595466928e-10,7.833333333333333,0.25479803719366045,0.25479803719366045,0.2547980374708647,-4.016689720831579e-07,79.40235589361399,0.0,31.127313014043477,2167.6909903773435,2009.953551264465,13.75,True,"FLAG 17x12E: shaft power table 34.2 W vs similarity 28.4 W (17%) at 2356 rpm, 11.39 m/s; FLAG 17x12E: shaft power table 34.8 W vs similarity 28.8 W (17%) at 2395 rpm, 11.58 m/s",2.2566562624416733,0.0,1.1326177866631937,True,-25.479803719366046
6.0,0.40716295873139896,2.0,2.2681424390108305,0.3108677225179244,0.4,0.4122547602018288,0.0,1.0,3.0,0.1628651834925596,1.5423918053005354,1.04,1.04,0.20960336522359665,0.5716122309119915,0.03,1.5804429230147057,1.3795570769852943,37.8566199273065,36.77698884271051,1.0796310845959902,0.07270542998307808,-0.05496875709704996,-0.07574252855136958,18.557517836612192,6.888282688328886,101.4495384399035,0.0,1.557251437692026,3.874784313998087,-0.04224677866368384,3,one_per_bay,True,36+36+24+8,4,104,24,36,8,A40-12L-V4-kv410-direct,16x12E,11.03243739754708,2.086887313253414,17.250572070360978,0.3516384963814101,8.732560429785812,11.352328558721556,11.540511917077707,89.10609346928516,90.75425750234669,11.555121272098665,0.25307849163191753,0.25307849163191753,0.25307849163191753,0.0,7.666666666666667,0.25307849163191753,0.25307849163191753,0.25307849163191753,0.0,76.9107343746485,0.0,185.32696310805736,2348.3319062421215,2035.7146186072216,13.583333333333332,True,"FLAG 16x12E: shaft power table 33.8 W vs similarity 28.5 W (16%) at 2464 rpm, 11.35 m/s; FLAG 16x12E: shaft power table 34.5 W vs similarity 29.2 W (15%) at 2508 rpm, 11.54 m/s",2.4339395531540142,0.0,1.107162958731399,True,-25.307849163191754
6.0,0.395438367674474,1.999999988711605,2.2397323396264284,0.3050743795134008,0.4,0.3923138015873843,0.0,1.0,3.0,0.1581753470697896,1.4929382279367132,1.04,1.04,0.2078559779438005,0.6072248564852422,0.029999999999999995,1.633223939012895,1.3267760609871049,36.526378546529855,35.41860443322185,1.1077741133080032,0.07270542998307807,-0.054280234266514966,-0.07492041294303163,18.045732518740277,6.972180555569676,120.74334374724621,0.0,1.549570632627779,3.8420358596526087,-0.12673607250568875,3,one_per_bay,True,34+34+24+8,4,100,24,34,8,A40-12L-V4-kv410-direct,17x12E,10.901136957285246,2.01506017776926,17.86547141229957,0.38468443885663756,8.83379366405482,11.483931763271267,11.674296659351105,88.82024219311656,90.22176413429942,13.694376946574875,0.252208077837521,0.25220807783752464,0.252208077837521,-3.608224830031759e-15,7.75,0.252208077837521,0.252208077837521,0.25220807783752464,-5.2283177787160184e-12,75.64950478656796,0.0,104.85104996408205,2258.0114483097323,2026.1682060270102,13.666666666666666,True,"FLAG 17x12E: shaft power table 34.6 W vs similarity 28.5 W (17%) at 2367 rpm, 11.48 m/s; FLAG 17x12E: shaft power table 35.1 W vs similarity 29.1 W (17%) at 2407 rpm, 11.67 m/s",2.4034608625386404,0.0,1.095438367674474,True,-25.220807783752104
6.0,0.400438367674474,1.999999988711605,2.2397323396264284,0.3050743795134008,0.4,0.3923138015873843,0.0,1.0,3.0,0.16017534706978961,1.4929382279367132,1.04,1.04,0.2078559779438005,0.5921555248608263,0.030000000000000002,1.6538448889811104,1.3061551110188896,35.810651091997585,34.719519380939005,1.0911317110585823,0.0727054299830781,-0.05428023426651498,-0.0749207881499927,18.226071114862513,6.961957559558671,119.75867954866051,0.0,1.5516966912128367,3.8534976874497073,-0.14825490423816412,3,one_per_bay,True,35+35+24+8,4,102,24,35,8,A40-12L-V4-kv410-direct,17x12E,10.954419408330232,2.04053899245307,17.64239749063651,0.3744583549855942,8.799897153517371,11.439866299572582,11.629500738733084,89.0621896197751,90.48197502835261,13.580393672529537,0.25170420517218495,0.25170420517218517,0.25170420517218495,-2.220446049250313e-16,7.75,0.25170420517218495,0.25170420517218495,0.25170420517218517,-3.2174263253637037e-13,74.91939329449598,0.0,143.73382283462712,2303.1716772759255,2032.2819822139575,13.583333333333332,True,"FLAG 17x12E: shaft power table 34.7 W vs similarity 28.7 W (17%) at 2366 rpm, 11.44 m/s; FLAG 17x12E: shaft power table 35.2 W vs similarity 29.2 W (17%) at 2405 rpm, 11.63 m/s",2.4044259664263556,0.0,1.100438367674474,True,-25.170420517218496
6.0,0.400438367674474,1.999999988711605,2.2397323396264284,0.3050743795134008,0.4,0.3923138015873843,0.0,1.0,3.0,0.16017534706978961,1.4944574434327447,1.045,1.045,0.2078559779438005,0.5948119016013946,0.030000000000000002,1.6544760937301222,1.3055239062698778,35.81378209371478,34.71076453775497,1.1030175559598083,0.0727054299830781,-0.05428023426651498,-0.07492301841648198,18.249365828918098,6.99669340754771,120.31236059352837,0.0,1.5476212152452498,3.8536792431517055,-0.12839184628264502,3,one_per_bay,True,35+35+24+8,4,102,24,35,8,A40-12L-V4-kv410-direct,17x12E,10.955895997753428,2.0409040037570962,17.63924218568226,0.37607264764364023,8.799703210374265,11.439614173486545,11.629244433246022,89.08701368252314,90.50775482691003,13.578155384981702,0.25146888049152355,0.25146888049152355,0.25146888049152355,0.0,7.75,0.25146888049152355,0.25146888049152355,0.25146888049152355,0.0,74.57840783221761,0.0,143.12584035144423,2303.1716772759255,2032.8877153012434,13.583333333333332,True,"FLAG 17x12E: shaft power table 34.7 W vs similarity 28.7 W (17%) at 2366 rpm, 11.44 m/s; FLAG 17x12E: shaft power table 35.3 W vs similarity 29.2 W (17%) at 2405 rpm, 11.63 m/s",2.404454298113212,0.0,1.100438367674474,True,-25.146888049152356
6.0,0.405438367674474,1.999999988711605,2.2397323396264284,0.3050743795134008,0.4,0.3923138015873843,0.0,1.0,3.0,0.16217534706978962,1.4929382279367132,1.04,1.04,0.2078559779438005,0.5776402682170586,0.03,1.6739572302045405,1.2860427697954595,35.11431725514269,34.039341103200535,1.074976151942151,0.07270542998307808,-0.05428023426651498,-0.07492044798649737,18.406441660954584,6.952768627405376,118.79249391067772,0.0,1.5536879380977853,3.864955998451653,-0.17026635403847976,3,one_per_bay,True,36+36+24+8,4,104,24,36,8,A40-12L-V4-kv410-direct,17x12E,11.007699480781135,2.0660178071368804,17.424825611686938,0.36461510309968337,8.76670949070659,11.396722337918568,11.585641595558835,89.3181000358963,90.75643717202401,13.468362781758492,0.25108140069235435,0.25108140069235485,0.25108140069235435,-4.996003610813204e-16,7.666666666666667,0.25108140069235435,0.25108140069235435,0.25108140069235485,-7.239209232068333e-13,74.01694960322143,0.0,182.3994159960726,2348.3319062421215,2038.6170793628414,13.583333333333332,True,"FLAG 17x12E: shaft power table 34.8 W vs similarity 28.8 W (17%) at 2364 rpm, 11.40 m/s; FLAG 17x12E: shaft power table 35.3 W vs similarity 29.3 W (17%) at 2403 rpm, 11.59 m/s",2.4053842352736,0.0,1.105438367674474,True,-25.108140069235436
6.0,0.40216295873139896,2.0,2.2681424390108305,0.3108677225179244,0.4,0.4122547602018288,0.0,1.0,3.0,0.1608651834925596,1.5423918053005354,1.04,1.04,0.20960336522359665,0.5859140352037414,0.030000000000000002,1.6811560165528494,1.2788439834471506,35.28589760973932,34.18858200449921,1.0973156052401094,0.0727054299830781,-0.05496875709704996,-0.07579226337119287,18.44186384878842,6.88000945247957,117.52764915725413,0.0,1.5585703068186216,3.8633519698717835,-0.023541601077907093,3,one_per_bay,True,36+36+24+8,4,104,24,36,8,A40-12L-V4-kv410-direct,17x12E,11.010172085541722,2.061260137837512,17.465044483792305,0.36133096454755986,8.77780673093066,11.411148750209858,11.600307149159324,89.40913304946713,90.84716038491351,13.47979737454776,0.2502238645653687,0.2502238645653687,0.2502238645653687,0.0,7.666666666666667,0.2502238645653687,0.2502238645653687,0.2502238645653687,0.0,72.77437975521926,0.0,180.20871000222277,2348.3319062421215,2040.7986445981155,13.583333333333332,True,"FLAG 17x12E: shaft power table 34.8 W vs similarity 28.8 W (17%) at 2366 rpm, 11.41 m/s; FLAG 17x12E: shaft power table 35.4 W vs similarity 29.4 W (17%) at 2405 rpm, 11.60 m/s",2.4329821957961117,0.0,1.102162958731399,True,-25.02238645653687
6.0,0.40716295873139896,2.0,2.2681424390108305,0.3108677225179244,0.4,0.4122547602018288,0.0,1.0,3.0,0.1628651834925596,1.5423918053005354,1.04,1.04,0.20960336522359665,0.5716122309119915,0.03,1.5804429230147057,1.3795570769852943,37.882700351095664,36.802325480174424,1.080374870921243,0.07270542998307808,-0.05496875709704996,-0.07574592064060837,18.571152812452837,6.891546464897056,116.74934869172424,0.0,1.5567987504077672,3.874828295368676,-0.04219171063527155,3,one_per_bay,True,36+36+24+8,4,104,24,36,8,A40-12L-V4-kv410-direct,17x12E,11.047643707879171,2.086887313253414,17.250572070360978,0.35163848703503986,8.738576520953242,11.360149477239215,11.548462480073539,89.73928887505213,91.1994897230423,13.37936741431587,0.2471137283835767,0.2471137283835767,0.2471137283835767,0.0,7.666666666666667,0.2471137283835767,0.2471137283835767,0.2471137283835767,0.0,68.26779242780263,0.0,172.02103452939284,2348.3319062421215,2048.9533585011472,13.583333333333332,True,"FLAG 17x12E: shaft power table 34.9 W vs similarity 29.0 W (17%) at 2364 rpm, 11.36 m/s; FLAG 17x12E: shaft power table 35.5 W vs similarity 29.5 W (17%) at 2403 rpm, 11.55 m/s",2.4339395531540142,0.0,1.107162958731399,True,-24.71137283835767
6.0,0.40716295873139896,2.0,2.2681424390108305,0.3108677225179244,0.4,0.4122547602018288,0.0,1.0,3.0,0.1628651834925596,1.5438611684000307,1.045,1.045,0.20960336522359665,0.5741843198354004,0.030000000000000002,1.581027153939087,1.378972846060913,37.888577805730755,36.796417767517696,1.0921600382130578,0.0727054299830781,-0.05496875709704996,-0.07574795374697811,18.594483607755016,6.9259227864867094,117.28988948733131,0.0,1.5526911544227724,3.8750066465394717,-0.02020503022612105,3,one_per_bay,True,36+36+24+8,4,104,24,36,8,A40-12L-V4-kv410-direct,17x12E,11.049118773627232,2.087246275389638,17.247605337458165,0.35304857672122,8.738408375182077,11.3599308877367,11.548240267093563,89.76410591307055,91.22525112319339,13.377211804199234,0.24687994371348704,0.24687994371348704,0.24687994371348704,0.0,7.666666666666667,0.24687994371348704,0.24687994371348704,0.24687994371348704,0.0,67.9290384408427,0.0,171.41354483351284,2348.3319062421215,2049.5588045191444,13.583333333333332,True,"FLAG 17x12E: shaft power table 34.9 W vs similarity 29.0 W (17%) at 2364 rpm, 11.36 m/s; FLAG 17x12E: shaft power table 35.5 W vs similarity 29.5 W (17%) at 2404 rpm, 11.55 m/s",2.4339670037721497,0.0,1.107162958731399,True,-24.687994371348704
6.0,0.4139739270201656,2.0,2.3292078867045984,0.32006405214736866,0.4,0.4939923921278475,0.0,1.0,3.0,0.16558957080806624,1.7451011324770618,1.04,1.04,0.21243831113890627,0.5376933659955688,0.03,1.6830152877509685,1.2769847122490314,36.12133331816432,35.059206568559325,1.062126749604991,0.07270542998307808,-0.05644868697427814,-0.07763567015003413,19.218064747994926,6.705830050635235,96.38450632975454,0.0,1.5725205707550878,3.9151615935996045,-0.24226199441493113,3,one_per_bay,True,38+38+24+8,4,108,24,38,8,A40-12L-V4-kv410-direct,16x12E,11.208767254549288,2.172146314800016,16.57346917871618,0.33567306271754155,8.62759501775757,11.215873523084843,11.401794916705045,90.18767391303429,91.91093377292303,11.243762368338565,0.246266525176888,0.246266525176888,0.246266525176888,0.0,7.666666666666667,0.246266525176888,0.246266525176888,0.246266525176888,0.0,67.04019498131068,0.0,248.39865378360628,2438.6523641745102,2062.598402441636,13.5,True,"FLAG 16x12E: shaft power table 34.3 W vs similarity 29.1 W (15%) at 2462 rpm, 11.22 m/s",2.49770693734941,0.0,1.1139739270201656,True,-24.6266525176888
6.0,0.41216295873139897,2.0,2.2681424390108305,0.3108677225179244,0.4,0.4122547602018288,0.0,1.0,3.0,0.1648651834925596,1.5423918053005354,1.04,1.04,0.20960336522359665,0.5578277539369912,0.03,1.5992618857650802,1.3607381142349197,37.19372413854778,36.12979577330694,1.063928365240844,0.07270542998307808,-0.05496875709704996,-0.0757443058585422,18.700468084313947,6.880190761950308,115.9157081231083,0.0,1.5578760707914687,3.8863015336640694,-0.06295415327018455,3,one_per_bay,True,36+36+24+8,4,104,24,36,8,A40-12L-V4-kv410-direct,17x12E,11.08511301818148,2.1125144886693157,17.041303239854507,0.3423974611108168,8.700126709147028,11.310164721891137,11.497649145894316,89.87646601927867,91.3422373185679,13.281340219371966,0.2458214693834654,0.2458214693834654,0.2458214693834677,2.275957200481571e-15,7.666666666666667,0.2458214693834654,0.2458214693834677,0.2458214693834654,3.2978619834977962e-12,66.39530913664137,0.0,168.6583526388665,2348.3319062421215,2052.3036354969336,13.583333333333332,True,"FLAG 17x12E: shaft power table 35.0 W vs similarity 29.1 W (17%) at 2361 rpm, 11.31 m/s; FLAG 17x12E: shaft power table 35.6 W vs similarity 29.6 W (17%) at 2400 rpm, 11.50 m/s",2.4348902667327694,0.0,1.1121629587313988,True,-24.58214693834654
6.0,0.4089739270201656,2.0,2.3292078867045984,0.32006405214736866,0.4,0.4939923921278475,0.0,1.0,3.0,0.16358957080806624,1.7451011324770618,1.04,1.04,0.21243831113890627,0.55092110923421,0.03,1.6669557804024944,1.2930442195975056,36.75446380303239,35.67609236220361,1.0783714408287755,0.07270542998307808,-0.05644868697427814,-0.07764746732809853,19.047158943298264,6.713213689785513,111.82785336418235,0.0,1.5706941852883107,3.9034180180114966,-0.21634735144282993,3,one_per_bay,True,37+37+24+8,4,106,24,37,8,A40-12L-V4-kv410-direct,17x12E,11.169666529461407,2.145911011402585,16.776091743184683,0.34446790902663843,8.665020864596203,11.264527123975064,11.45125503037053,90.46948018117907,91.93619250598853,13.13022741750099,0.24197298093079006,0.24197298093079006,0.24197298093079006,0.0,7.666666666666667,0.24197298093079006,0.24197298093079006,0.24197298093079006,0.0,60.81884936871478,0.0,199.38356649346636,2393.492135208314,2066.5457777317406,13.583333333333332,True,"FLAG 17x12E: shaft power table 35.2 W vs similarity 29.4 W (16%) at 2361 rpm, 11.26 m/s; FLAG 17x12E: shaft power table 35.8 W vs similarity 29.9 W (16%) at 2401 rpm, 11.45 m/s",2.4967399236897987,0.0,1.1089739270201655,True,-24.197298093079006
6.0,0.4139739270201656,2.0,2.3292078867045984,0.32006405214736866,0.4,0.4939923921278475,0.0,1.0,3.0,0.16558957080806624,1.7451011324770618,1.04,1.04,0.21243831113890627,0.5376933659955688,0.03,1.6830152877509685,1.2769847122490314,36.14582691438598,35.082979944862416,1.0628469695235612,0.07270542998307808,-0.05644868697427814,-0.07763956540559906,19.231777219552743,6.708932295871603,110.94787590770402,0.0,1.572062608112568,3.9152048835494497,-0.24220431766654404,3,one_per_bay,True,38+38+24+8,4,108,24,38,8,A40-12L-V4-kv410-direct,17x12E,11.22397356488138,2.172146314800016,16.57346917871618,0.33567306271754155,8.633445323084553,11.223478920009919,11.409526385486444,90.79334197471805,92.25413838203617,13.02258762261042,0.24057586439952816,0.24057586439952872,0.24057586439952816,-5.551115123125783e-16,7.666666666666667,0.24057586439952816,0.24057586439952816,0.24057586439952872,-8.043565813409259e-13,58.794427514916286,0.0,236.5442690993675,2438.6523641745102,2074.378569670081,13.5,True,"FLAG 17x12E: shaft power table 35.3 W vs similarity 29.6 W (16%) at 2360 rpm, 11.22 m/s; FLAG 17x12E: shaft power table 35.9 W vs similarity 30.1 W (16%) at 2400 rpm, 11.41 m/s",2.49770693734941,0.0,1.1139739270201656,True,-24.057586439952814
6.0,0.4139739270201656,2.0,2.3292078867045984,0.32006405214736866,0.4,0.4939923921278475,0.0,1.0,3.0,0.16558957080806624,1.7463661514967421,1.045,1.045,0.21243831113890627,0.5401416383409052,0.029999999999999995,1.683496119114122,1.276503880885878,36.15407537987366,35.07959250706688,1.074482872806784,0.07270542998307807,-0.05644868697427814,-0.07764224329804456,19.255007092535397,6.742234291696186,111.46245438687951,0.0,1.5678866721759557,3.915361176243107,-0.23052923054520846,3,one_per_bay,True,38+38+24+8,4,108,24,38,8,A40-12L-V4-kv410-direct,17x12E,11.22539446023618,2.1724605257348153,16.571072097074502,0.3376633815060012,8.633367374390078,11.223377586707102,11.409423372418885,90.81694683892502,92.27854931538103,13.020701873340972,0.2403534403872364,0.2403534403872364,0.2403534403872364,0.0,7.666666666666667,0.2403534403872364,0.2403534403872364,0.2403534403872364,0.0,58.472135121105545,0.0,235.9658082643124,2438.6523641745102,2074.953550136979,13.5,True,"FLAG 17x12E: shaft power table 35.3 W vs similarity 29.6 W (16%) at 2360 rpm, 11.22 m/s; FLAG 17x12E: shaft power table 35.9 W vs similarity 30.1 W (16%) at 2400 rpm, 11.41 m/s",2.4977300384087577,0.0,1.1139739270201656,True,-24.03534403872364
6.0,0.4189739270201656,2.0,2.3292078867045984,0.32006405214736866,0.4,0.4939923921278475,0.0,1.0,3.0,0.16758957080806625,1.7451011324770618,1.04,1.04,0.21243831113890627,0.5249363675865896,0.029999999999999995,1.6986914894486103,1.2613085105513897,35.55359321636205,34.505832101189554,1.0477611151724988,0.07270542998307807,-0.05644868697427814,-0.07763141591186953,19.416428972123093,6.705449740909465,110.08336503904927,0.0,1.5733154151229318,3.9269882463191723,-0.2680050402550054,3,one_per_bay,True,39+39+24+8,4,110,24,39,8,A40-12L-V4-kv410-direct,17x12E,11.278278348602106,2.1983816181974474,16.37568277591314,0.3271658889353435,8.60251078156493,11.18326401603441,11.368644853898202,91.12962155327953,92.58521386941852,12.916750912595589,0.23912956451031148,0.23912956451031164,0.23912956451031148,-1.6653345369377348e-16,7.666666666666667,0.23912956451031148,0.23912956451031148,0.23912956451031164,-2.4130697440227777e-13,56.698738975441316,0.0,273.5322332612434,2483.812593140706,2082.394636598165,13.5,True,"FLAG 17x12E: shaft power table 35.4 W vs similarity 29.7 W (16%) at 2359 rpm, 11.18 m/s; FLAG 17x12E: shaft power table 36.0 W vs similarity 30.2 W (16%) at 2399 rpm, 11.37 m/s",2.4986674806088836,0.0,1.1189739270201655,True,-23.912956451031146
6.0,0.400438367674474,1.999999988711605,2.2397323396264284,0.3050743795134008,0.4,0.3923138015873843,0.0,1.0,3.0,0.16017534706978961,1.4929382279367132,1.04,1.04,0.2078559779438005,0.5921555248608263,0.030000000000000002,1.6538448889811104,1.3061551110188896,35.836941028876076,34.74500827726293,1.0919327516131414,0.0727054299830781,-0.05428023426651498,-0.07492407652688159,18.24044966876218,6.965486591650714,137.52022659514125,0.0,1.5512209349338602,3.853544554051457,-0.14819900261338953,3,one_per_bay,True,35+35+24+8,4,102,24,35,8,A40-12L-V4-kv410-direct,18x12E,10.970509409403919,2.04053899245307,17.64239749063651,0.37445838174723656,8.806357486788297,11.448264732824786,11.638038389711953,90.81378095951044,92.01043051413185,15.684110601607006,0.23515272375499316,0.23515272375500018,0.23515272375499316,-7.022160630754115e-15,7.75,0.23515272375499316,0.23515272375499316,0.23515272375500018,-1.0175110753962713e-11,50.93629672098507,0.0,103.95481311157415,2303.1716772759255,2071.896121759331,13.666666666666666,True,"FLAG 18x12E: shaft power table 35.8 W vs similarity 28.4 W (21%) at 2275 rpm, 11.45 m/s; FLAG 18x12E: shaft power table 36.5 W vs similarity 28.7 W (21%) at 2311 rpm, 11.64 m/s",2.4044259664263556,0.0,1.100438367674474,True,-23.515272375499315
6.0,0.40716295873139896,2.0,2.2681424390108305,0.3108677225179244,0.4,0.4122547602018288,0.0,1.0,3.0,0.1628651834925596,1.5423918053005354,1.04,1.04,0.20960336522359665,0.5716122309119915,0.03,1.5804429230147057,1.3795570769852943,37.91027686121471,36.829115537155644,1.0811613240590656,0.07270542998307808,-0.05496875709704996,-0.07574945346054011,18.585580163409404,6.89500118446392,134.08261531748155,0.0,1.5563206958708058,3.874874766779517,-0.04213352488250416,3,one_per_bay,True,36+36+24+8,4,104,24,36,8,A40-12L-V4-kv410-direct,18x12E,11.063733708952858,2.086887313253414,17.250572070360978,0.35163847715927543,8.744937721227314,11.36841903759551,11.556869121878098,91.46666835780019,92.66099449074603,15.454402735619771,0.23083479024958212,0.23083479024958306,0.23083479024958212,-9.43689570931383e-16,7.75,0.23083479024958212,0.23083479024958212,0.23083479024958306,-1.367406188279574e-12,44.67961107164447,0.0,133.25919395697818,2348.3319062421215,2087.5414106276376,13.666666666666666,True,"FLAG 18x12E: shaft power table 36.0 W vs similarity 28.7 W (20%) at 2273 rpm, 11.37 m/s; FLAG 18x12E: shaft power table 36.7 W vs similarity 29.1 W (21%) at 2308 rpm, 11.56 m/s",2.4339395531540142,0.0,1.107162958731399,True,-23.083479024958212
6.0,0.4139739270201656,2.0,2.3292078867045984,0.32006405214736866,0.4,0.4939923921278475,0.0,1.0,3.0,0.16558957080806624,1.7451011324770618,1.04,1.04,0.21243831113890627,0.5376933659955688,0.03,1.6830152877509685,1.2769847122490314,36.17172585775511,35.10811734489935,1.0636085128557677,0.07270542998307808,-0.05644868697427814,-0.07764363011320728,19.246286569767868,6.712216064196635,127.44913687975131,0.0,1.5715789568846246,3.9152506254119874,-0.24214337414718012,3,one_per_bay,True,38+38+24+8,4,108,24,38,8,A40-12L-V4-kv410-direct,18x12E,11.240063565955067,2.172146314800016,16.57346917871618,0.33567306271754155,8.63963129614398,11.231520684987174,11.41770145583208,92.48764053376092,93.65068262845077,15.047437772803011,0.22469722899655117,0.22469722899655117,0.22469722899655117,0.0,7.666666666666667,0.22469722899655117,0.22469722899655117,0.22469722899655117,0.0,35.786284816002635,0.0,198.91741342060246,2438.6523641745102,2111.81839462996,13.583333333333332,True,"FLAG 18x12E: shaft power table 36.2 W vs similarity 29.3 W (19%) at 2268 rpm, 11.23 m/s; FLAG 18x12E: shaft power table 37.0 W vs similarity 29.6 W (20%) at 2303 rpm, 11.42 m/s",2.49770693734941,0.0,1.1139739270201656,True,-22.469722899655117
5.976525328813038,0.4458971239267209,1.7917354640210923,2.0269040661983984,0.3152981655025142,0.4024331791959609,0.2851985067438274,0.26273059669896925,0.8739629979265948,2.6771702378550057,0.17944379717616565,1.22394482614028,1.04,1.04,0.2287603121277215,0.5,0.03,1.6181470874874537,1.3301155769190651,35.14725416372612,34.04735460008278,1.099899563643338,0.07270542998307808,-0.049315253783646755,-0.06840448471634558,18.499269219175044,7.516916934650317,142.50134628285662,0.0,1.5090897221744506,3.6288890108780523,-0.24947712203044645,3,one_per_bay,True,36+36+24+8,4,104,24,36,8,A40-12L-V4-kv410-direct,18x12E,11.175860494769811,2.1948070977415464,16.274257105646523,0.29317092372204684,8.733734745483426,11.353855169128455,11.542063833541574,93.19095337696311,94.4446490533421,15.272075898548367,0.21442085305471403,0.21442085305475103,0.21442085305471403,-3.699818229563334e-14,7.75,0.21442085305471403,0.21442085305471403,0.21442085305475103,-5.361036614637271e-11,20.895816076280617,0.0,91.10717788863269,2348.3319062421215,2129.5377363696875,13.666666666666666,True,"FLAG 18x12E: shaft power table 36.7 W vs similarity 29.4 W (20%) at 2281 rpm, 11.35 m/s; FLAG 18x12E: shaft power table 37.5 W vs similarity 29.8 W (21%) at 2317 rpm, 11.54 m/s",2.203334353659323,0.0,1.1458971239267208,True,-21.4420853054714
6.0,0.400438367674474,1.999999988711605,2.2397323396264284,0.3050743795134008,0.4,0.3923138015873843,0.0,1.0,3.0,0.16017534706978961,1.4929382279367132,1.04,1.04,0.2078559779438005,0.5921555248608263,0.030000000000000002,1.6538448889811104,1.3061551110188896,35.86465067104308,34.77187362120166,1.0927770498414204,0.0727054299830781,-0.05428023426651498,-0.07492748272118115,18.255616113290195,6.969210422880821,153.28524992902368,0.0,1.5507201625389193,3.8535939143347457,-0.14814012657871853,3,one_per_bay,True,35+35+24+8,4,102,24,35,8,A40-12L-V4-kv410-direct,19x12E,10.987481081968664,2.04053899245307,17.64239749063651,0.3744584099332858,8.813166690022385,11.4571166970291,11.64703708965805,93.70435260207704,94.70813373427465,17.560134976103914,0.2076532931676906,0.2076532933470184,0.2076532931676906,-1.7932780260743186e-10,7.75,0.2076532931676906,0.2076532931676906,0.2076532933470184,-2.5984598597816877e-07,11.089621799983664,0.0,36.4224687514974,2303.1716772759255,2139.1932190548846,13.75,True,"FLAG 19x12E: shaft power table 37.0 W vs similarity 29.2 W (21%) at 2208 rpm, 11.46 m/s; FLAG 19x12E: shaft power table 37.9 W vs similarity 29.4 W (22%) at 2241 rpm, 11.65 m/s",2.4044259664263556,0.0,1.100438367674474,True,-20.76532931676906
5.99414298362009,0.45994217597789155,1.9423646843326323,2.478744031727447,0.2786483033164059,0.4443595962373833,0.22707197954675554,0.6851367772212835,1.0,2.997071491810045,0.2043797196100794,1.082473527124142,1.04,1.04,0.22308932995484965,0.5,0.03,1.5014351455698343,1.4556363462402109,37.02169193142323,36.079663586094206,0.9420283453290181,0.07270542998307808,-0.060131415328999044,-0.08234751300460817,19.921632063638462,6.169586771215544,114.6899835886184,0.0,1.6130055022797642,3.637992686136987,-0.048103208147349585,3,one_per_bay,True,36+36+24+8,4,104,24,36,8,A40-12L-V4-kv410-direct,18x12E,11.39569562375863,2.2676598081968926,15.844418099314089,0.286903446477059,8.681518730733137,11.285974349953078,11.473057779093603,94.2736341064131,95.52835069715213,14.89372284842469,0.2041661295173891,0.20416612951886343,0.2041661295173891,-1.4743206655509766e-12,7.75,0.2041661295173891,0.2041661295173891,0.20416612951886343,-2.136290644383365e-09,6.036721670696798,0.0,65.12859044429267,2348.3319062421215,2155.4280636089725,13.75,True,"FLAG 18x12E: shaft power table 37.1 W vs similarity 29.9 W (19%) at 2282 rpm, 11.29 m/s; FLAG 18x12E: shaft power table 37.9 W vs similarity 30.3 W (20%) at 2318 rpm, 11.47 m/s",2.638753533702485,0.0,1.1599421759778914,True,-20.416612951738912
6.0,0.40716295873139896,2.0,2.2681424390108305,0.3108677225179244,0.4,0.4122547602018288,0.0,1.0,3.0,0.1628651834925596,1.5423918053005354,1.04,1.04,0.20960336522359665,0.5716122309119915,0.03,1.5804429230147057,1.3795570769852943,37.939342738471304,36.857352486086164,1.0819902523851426,0.07270542998307808,-0.05496875709704996,-0.07575311729466737,18.600798078889355,6.898646622148537,149.47296265305806,0.0,1.5558174898374442,3.874923711465951,-0.042072242394662535,3,one_per_bay,True,36+36+24+8,4,104,24,36,8,A40-12L-V4-kv410-direct,19x12E,11.080705381517603,2.086887313253414,17.250572070360978,0.3516384667576006,8.751642480661076,11.3771352248594,11.565729794159568,94.32590155139827,95.30671789032209,17.30595503397872,0.20366756784422663,0.20366756784534598,0.20366756784422663,-1.1193546090026985e-12,7.75,0.20366756784422663,0.20366756784422663,0.20366756784534598,-1.62194482844491e-09,5.314305806284366,0.0,66.66598419181224,2348.3319062421215,2153.875004707518,13.75,True,"FLAG 19x12E: shaft power table 37.1 W vs similarity 29.6 W (20%) at 2204 rpm, 11.38 m/s; FLAG 19x12E: shaft power table 38.0 W vs similarity 29.8 W (22%) at 2237 rpm, 11.57 m/s",2.4339395531540142,0.0,1.107162958731399,True,-20.366756784422662
6.0,0.4326177866631937,1.882035103098679,2.0929311480819446,0.27985734072427,0.4,0.1372667312475502,0.0,1.0,3.0,0.1730471146652775,0.8604214934939245,1.04,1.04,0.20057754194108807,0.5315902789451251,0.03,1.56326831722421,1.39673168277579,35.46589254927829,34.474738375518164,0.9911541737601247,0.07270542998307808,-0.05072248634875836,-0.07032949858539027,17.753081392327914,7.399752566147415,187.01241211442877,0.0,1.5179562666420858,3.8485992170562575,0.13090924340428295,3,one_per_bay,True,32+32+24+8,4,96,24,32,8,A40-12L-V4-kv410-direct,20x15E,10.909159245053091,2.0403348892530824,17.644162333164207,0.31445779806385926,8.782138378347453,11.41677989185169,11.606031636156693,89.16930475527518,90.78280933273247,20.22207250090139,0.24500284927036206,0.24500387902719595,0.24500284927036206,-1.0297568338868412e-06,7.833333333333333,0.24500284927036206,0.24500284927036206,0.24500387902719595,-0.001492117652302033,65.20912859275461,0.0,4.435965774554542,2167.6909903773435,2036.601736045545,13.75,False,"morning depletion (0.245004 -> 0.245003, -0.001 Wh); FLAG 20x15E: (11.42 m/s, 1856 rpm) not on the map; used C_T(J) similarity; FLAG 20x15E: (11.61 m/s, 1888 rpm) not on the map; used C_T(J) similarity",2.2566562624416733,0.0,1.1326177866631937,True,1000.0010287568339
6.0,0.4139739270201656,2.0,2.3292078867045984,0.32006405214736866,0.4,0.4939923921278475,0.0,1.0,3.0,0.16558957080806624,1.7451011324770618,1.04,1.04,0.21243831113890627,0.5376933659955688,0.03,1.6830152877509685,1.2769847122490314,36.199023885232585,35.134612689791986,1.0644111954405964,0.07270542998307808,-0.05644868697427814,-0.07764785439724688,19.261590977757063,6.7156811470152995,142.1096040738681,0.0,1.5710698311556266,3.915298802851684,-0.24207918562127384,3,one_per_bay,True,38+38+24+8,4,108,24,38,8,A40-12L-V4-kv410-direct,19x12E,11.257035238519812,2.172146314800016,16.57346917871618,0.33567306271754155,8.646151441006428,11.239996873308357,11.426318150796998,95.28934410801007,96.23957572810126,16.855368692617297,0.198273515204307,0.19827351520430805,0.198273515204307,-1.0547118733938987e-15,7.75,0.198273515204307,0.198273515204307,0.19827351520430805,-1.5282775045477592e-12,-2.501676468959174,0.0,133.67853046916932,2438.6523641745102,2176.763318666521,13.666666666666666,False,"SOC floor violated (min 0.198, unmet 0 Wh); FLAG 19x12E: shaft power table 37.3 W vs similarity 30.1 W (19%) at 2198 rpm, 11.24 m/s; FLAG 19x12E: shaft power table 38.2 W vs similarity 30.3 W (21%) at 2230 rpm, 11.43 m/s",2.49770693734941,0.0,1.1139739270201656,True,1001.7264847956931
6.0,0.4326177866631937,1.882035103098679,2.0929311480819446,0.27985734072427,0.4,0.1372667312475502,0.0,1.0,3.0,0.1730471146652775,0.8604214934939245,1.04,1.04,0.20057754194108807,0.5315902789451251,0.03,1.56326831722421,1.39673168277579,35.40924199328416,34.41967101484166,0.9895709784424996,0.07270542998307808,-0.05072248634875836,-0.0703276441996983,17.721905101885692,7.391084024214309,147.26301235687575,0.0,1.5189576446805906,3.848497126428618,0.13077343980390066,3,one_per_bay,True,32+32+24+8,4,96,24,32,8,A40-12L-V4-kv410-direct,18x12E,10.874336134119186,2.0403348892530824,17.644162333164207,0.31445782277939394,8.768110449365842,11.398543584175595,11.587493031942518,89.95034437055581,91.11191098472756,15.768901942737312,0.23095202142709484,0.23760299379364774,0.23095202142709484,-0.006650972366552904,7.833333333333333,0.23095202142709484,0.23095202142709484,0.23760299379364774,-9.637258959135158,44.849479047860406,0.0,0.0,2167.6909903773435,2050.617525470769,13.833333333333332,False,"morning depletion (0.237603 -> 0.230952, -9.637 Wh); FLAG 18x12E: shaft power table 35.3 W vs similarity 28.1 W (20%) at 2267 rpm, 11.40 m/s; FLAG 18x12E: shaft power table 36.1 W vs similarity 28.4 W (21%) at 2302 rpm, 11.59 m/s",2.2566562624416733,0.0,1.1326177866631937,True,1006.6509713665529
6.0,0.4326177866631937,1.882035103098679,2.0929311480819446,0.27985734072427,0.4,0.1372667312475502,0.0,1.0,3.0,0.1730471146652775,0.8604214934939245,1.04,1.04,0.20057754194108807,0.5315902789451251,0.03,1.56326831722421,1.39673168277579,35.48093355781233,34.48935903770492,0.9915745201074037,0.07270542998307808,-0.05072248634875836,-0.0703299515143443,17.761367227601106,7.4020573970008146,191.63317818478066,0.0,1.5176908985268365,3.848626295237689,0.13094526351372787,3,one_per_bay,True,32+32+24+8,4,96,24,32,8,A40-12L-V4-kv410-direct,205x14E,10.918414308975244,2.0403348892530824,17.644162333164207,0.31445779150782793,8.785862864291582,11.421621723579058,11.610953729140629,91.18981236349536,92.83414565113452,20.73158123725893,0.19520931836683889,0.22570702998589068,0.19520931836683889,-0.030497711619051793,7.833333333333333,0.19520931836683889,0.19520931836683889,0.22570702998589068,-44.19118413600605,-6.941697686450471,0.0,0.0,2167.6909903773435,2085.135857374241,13.916666666666668,False,"SOC floor violated (min 0.195, unmet 0 Wh); morning depletion (0.225707 -> 0.195209, -44.191 Wh); FLAG 205x14E: (11.42 m/s, 1927 rpm) not on the map; used C_T(J) similarity; FLAG 205x14E: (11.61 m/s, 1960 rpm) not on the map; used C_T(J) similarity",2.2566562624416733,0.0,1.1326177866631937,True,1035.2883922522128
6.0,0.4139739270201656,2.0,2.3292078867045984,0.32006405214736866,0.4,0.4939923921278475,0.0,1.0,3.0,0.16558957080806624,1.7451011324770618,1.04,1.04,0.21243831113890627,0.5376933659955688,0.03,1.6830152877509685,1.2769847122490314,36.22771477252512,35.16245993826879,1.0652548342563313,0.07270542998307808,-0.05644868697427814,-0.07765222799843281,19.27768872504469,6.719327367678789,158.49160492300774,0.0,1.5705354486695915,3.9153493993631026,-0.2420117740795944,3,one_per_bay,True,38+38+24+8,4,108,24,38,8,A40-12L-V4-kv410-direct,20x13E,11.27488667688897,2.172146314800016,16.57346917871618,0.33567306271754155,8.653004270996945,11.248905552296028,11.435374505666472,99.11252293337485,99.50168765856954,18.867887136179505,0.16188772247830416,0.16188772251607927,0.16188772247830416,-3.7775116368266026e-11,7.75,0.16188772247830416,0.16188772247830416,0.16188772251607927,-5.473614361761747e-08,-55.22469012893729,0.0,47.38766892215865,2438.6523641745102,2262.6894888342526,13.75,False,"SOC floor violated (min 0.162, unmet 0 Wh)",2.49770693734941,0.0,1.1139739270201656,True,1038.112277521696
6.0,0.40716295873139896,2.0,2.2681424390108305,0.3108677225179244,0.4,0.4122547602018288,0.0,1.0,3.0,0.1628651834925596,1.5423918053005354,1.04,1.04,0.20960336522359665,0.5716122309119915,0.03,1.5804429230147057,1.3795570769852943,37.882700351095664,36.802325480174424,1.080374870921243,0.07270542998307808,-0.05496875709704996,-0.07574592064060837,18.571152812452837,6.891546464897056,109.22368874428557,0.0,1.5567987504077672,3.874828295368676,-0.04219171063527155,3,one_per_bay,True,36+36+24+8,4,104,24,36,8,A40-12L-V4-kv410-direct,17x10E,11.047643707879171,2.086887313253414,17.250572070360978,0.35163848703503986,8.738576520953242,11.360149477239215,11.548462480073539,98.32132889382979,100.13353301084477,12.466443009241406,0.13930154042170284,0.16539140087237006,0.13930154042170284,-0.026089860450667218,7.833333333333333,0.13930154042170284,0.13930154042170284,0.16539140087237006,-37.8042077930168,-87.9520679289526,0.0,0.0,2348.331906242122,2258.1359686415617,13.833333333333332,False,"SOC floor violated (min 0.139, unmet 0 Wh); morning depletion (0.165391 -> 0.139302, -37.804 Wh); FLAG 17x10E: (11.36 m/s, 2718 rpm) not on the map; used C_T(J) similarity; FLAG 17x10E: (11.55 m/s, 2765 rpm) not on the map; used C_T(J) similarity",2.4339395531540142,0.0,1.107162958731399,True,1086.7883190289645
6.0,0.400438367674474,1.999999988711605,2.2397323396264284,0.3050743795134008,0.4,0.3923138015873843,0.0,1.0,3.0,0.16017534706978961,1.4929382279367132,1.04,1.04,0.2078559779438005,0.5921555248608263,0.030000000000000002,1.6538448889811104,1.3061551110188896,35.893773622815154,34.80010921194484,1.0936644108703084,0.0727054299830781,-0.05428023426651498,-0.07493099669879895,18.271568745462314,6.973128854104345,170.95600944987825,0.0,1.5501945947311742,3.8536457511154705,-0.14807829662977373,3,one_per_bay,True,35+35+24+8,4,102,24,35,8,A40-12L-V4-kv410-direct,20x13E,11.005332520337824,2.04053899245307,17.64239749063651,0.37445843953385344,8.82032319158229,11.466420149056978,11.656494761574635,97.35108358199047,97.80359213727621,19.654046106896644,0.14123243659768167,0.1727048857450497,0.14123243659768167,-0.03147244914736802,7.833333333333333,0.14123243659768167,0.14123243659768167,0.1727048857450497,-45.60357881453626,-85.15419936995927,0.0,0.0,2303.1716772759255,2220.988800566905,13.916666666666668,False,"SOC floor violated (min 0.141, unmet 0 Wh); morning depletion (0.172705 -> 0.141232, -45.604 Wh)",2.4044259664263556,0.0,1.100438367674474,True,1090.2400115496864
6.0,0.4326177866631937,1.882035103098679,2.0929311480819446,0.27985734072427,0.4,0.1372667312475502,0.0,1.0,3.0,0.1730471146652775,0.8604214934939245,1.04,1.04,0.20057754194108807,0.5315902789451251,0.03,1.56326831722421,1.39673168277579,35.436862978955645,34.446520085491024,0.9903428934646191,0.07270542998307808,-0.05072248634875836,-0.0703285776916254,17.737099430565088,7.3953080787995855,164.1616856577325,0.0,1.5184690308030604,3.8485469229169684,0.13083968037618882,3,one_per_bay,True,32+32+24+8,4,96,24,32,8,A40-12L-V4-kv410-direct,19x12E,10.891307806683932,2.0403348892530824,17.644162333164207,0.3144578107243915,8.774950015520176,11.407435020176228,11.596531857994325,92.86333102545906,93.81685573485899,17.655767737832342,0.15606310809228607,0.20955315454656986,0.15606310809228607,-0.05349004645428379,7.833333333333333,0.15606310809228607,0.15606310809228607,0.20955315454656986,-77.50707731225721,-63.664556374277495,0.0,0.0,2167.6909903773435,2118.3346520974583,13.916666666666668,False,"SOC floor violated (min 0.156, unmet 0 Wh); morning depletion (0.209553 -> 0.156063, -77.507 Wh); FLAG 19x12E: shaft power table 36.5 W vs similarity 29.0 W (21%) at 2200 rpm, 11.41 m/s; FLAG 19x12E: shaft power table 37.3 W vs similarity 29.2 W (22%) at 2232 rpm, 11.60 m/s",2.2566562624416733,0.0,1.1326177866631937,True,1097.4269373619977
6.0,0.4326177866631937,1.882035103098679,2.0929311480819446,0.27985734072427,0.4,0.1372667312475502,0.0,1.0,3.0,0.1730471146652775,0.8604214934939245,1.04,1.04,0.20057754194108807,0.5315902789451251,0.03,1.56326831722421,1.39673168277579,35.43232627370826,34.44211016612207,0.9902161075861918,0.07270542998307808,-0.05072248634875836,-0.07032842820489399,17.734602971817136,7.394613964452394,184.04088046498936,0.0,1.5185492359868795,3.8485387465833982,0.13082880400558267,3,one_per_bay,True,32+32+24+8,4,96,24,32,8,A40-12L-V4-kv410-direct,MJ-20x13E,10.88851932676253,2.0403348892530824,17.644162333164207,0.3144578127038145,8.773826627092578,11.405974615220352,11.595047244444789,93.33158871567385,93.8761421984763,19.89793159743029,0.1466026360717376,0.20503286137785176,0.1466026360717376,-0.058430225306114164,7.833333333333333,0.1466026360717376,0.1466026360717376,0.20503286137785176,-84.66539646855942,-77.37278033205224,0.0,0.0,2167.6909903773435,2125.4490434610975,13.916666666666668,False,"SOC floor violated (min 0.147, unmet 0 Wh); morning depletion (0.205033 -> 0.146603, -84.665 Wh); FLAG MJ-20x13E: thrust table 2.08 N vs similarity 2.78 N (25%) at 2062 rpm, 11.41 m/s; FLAG MJ-20x13E: thrust table 2.09 N vs similarity 2.73 N (23%) at 2090 rpm, 11.60 m/s",2.2566562624416733,0.0,1.1326177866631937,True,1111.8275882343767
6.0,0.43761778666319373,1.882035103098679,2.093274557269311,0.27985734072427,0.4,0.1372667312475502,0.0,1.0,3.0,0.1750471146652775,0.8604214934939245,1.04,1.04,0.20057754194108807,0.519512309220972,0.03,1.4677544946490508,1.4922455053509491,37.30123444835672,36.329362608703015,0.971871839653706,0.07270542998307808,-0.05073080891963423,-0.07028853205119419,17.77122589362329,7.379209257548569,203.61220501204375,0.0,1.5201884426987986,3.8580932367555363,0.11068306932029331,3,one_per_bay,True,32+32+24+8,4,96,24,32,8,A40-12L-V4-kv410-direct,MJ-21x14EL,10.831214918908916,2.0639161537335644,17.442569037931626,0.3065014884861752,8.700574395042327,11.310746713555027,11.4982407850191,92.5062509305601,96.21541358512846,22.099928052296775,0.14625577564156733,0.21290574650650085,0.14625577564156733,-0.06664997086493352,7.916666666666667,0.14625577564156733,0.14625577564156733,0.21290574650650085,-96.57580778328867,-77.87538109536895,0.0,0.0,2167.6909903773435,2137.5507457670083,13.916666666666668,False,"SOC floor violated (min 0.146, unmet 0 Wh); morning depletion (0.212906 -> 0.146256, -96.576 Wh); FLAG MJ-21x14EL: thrust table 2.09 N vs similarity 2.69 N (22%) at 1846 rpm, 11.50 m/s",2.2578257518841265,0.0,1.1376177866631938,True,1120.3941942233662
6.0,0.4326177866631937,1.882035103098679,2.0929311480819446,0.27985734072427,0.4,0.1372667312475502,0.0,1.0,3.0,0.1730471146652775,0.8604214934939245,1.04,1.04,0.20057754194108807,0.5315902789451251,0.03,1.56326831722421,1.39673168277579,35.282320160027425,34.29629622624478,0.9860239337826506,0.07270542998307808,-0.05072248634875836,-0.07032263244804658,17.652237593085502,7.371733969021988,204.87258970227234,0.0,1.521212073657716,3.848267804954255,0.13046839065623217,3,one_per_bay,True,32+32+24+8,4,96,24,32,8,A40-12L-V4-kv410-direct,MJ-21x14EL,10.79651932676253,2.0403348892530824,17.644162333164207,0.31445787828445765,8.736681799957246,11.35768633994442,11.54595851226139,92.52868196464999,96.31049799482885,22.250392424449796,0.1451526879402119,0.21267827788513635,0.1451526879402119,-0.06752558994492444,7.916666666666667,0.1451526879402119,0.1451526879402119,0.21267827788513635,-97.84457983019551,-79.47375517463296,0.0,0.0,2167.6909903773435,2138.8216787892343,13.916666666666668,False,"SOC floor violated (min 0.145, unmet 0 Wh); morning depletion (0.212678 -> 0.145153, -97.845 Wh); FLAG MJ-21x14EL: thrust table 2.07 N vs similarity 2.45 N (16%) at 1791 rpm, 11.36 m/s; FLAG MJ-21x14EL: thrust table 2.08 N vs similarity 2.71 N (23%) at 1853 rpm, 11.55 m/s",2.2566562624416733,0.0,1.1326177866631937,True,1122.3729010047125
6.0,0.4326177866631937,1.882035103098679,2.0929393246429973,0.27985734072427,0.4,0.1372667312475502,0.0,1.0,3.0,0.1730471146652775,0.8625783266658056,1.045,1.045,0.20057754194108807,0.5338658696776836,0.029999999999999995,1.5639908290012023,1.3960091709987976,35.2790019803347,34.28235650693695,0.9966454733977477,0.07270542998307807,-0.05072268450888739,-0.07032443333091415,17.675674612917007,7.4081614034087,205.80944161339505,0.0,1.5173121098392013,3.8485022896417362,0.1440909629113567,3,one_per_bay,True,32+32+24+8,4,96,24,32,8,A40-12L-V4-kv410-direct,MJ-21x14EL,10.798257256590174,2.040894739888895,17.639322252337138,0.31608004906842335,8.736186463577845,11.357042402651198,11.54530390065745,92.55232613295296,96.3346786914158,22.245610434484238,0.14452546763838472,0.21244725772915407,0.14452546763838472,-0.06792179009076935,7.916666666666667,0.14452546763838472,0.14452546763838472,0.21244725772915407,-98.41867384152478,-80.38259739198055,0.0,0.0,2167.6909903773435,2139.394548822035,13.916666666666668,False,"SOC floor violated (min 0.145, unmet 0 Wh); morning depletion (0.212447 -> 0.144525, -98.419 Wh); FLAG MJ-21x14EL: thrust table 2.07 N vs similarity 2.46 N (16%) at 1791 rpm, 11.36 m/s; FLAG MJ-21x14EL: thrust table 2.08 N vs similarity 2.71 N (23%) at 1853 rpm, 11.55 m/s",2.256711615200149,0.0,1.1326177866631937,True,1123.3963214523847
6.0,0.4276177866631937,1.882035103098679,2.092931148081944,0.27985734072427,0.4,0.1372667312475502,0.0,1.0,3.0,0.1710471146652775,0.8604214934939245,1.04,1.04,0.20057754194108807,0.544094392534699,0.03,1.418209521487951,1.5417904785120489,36.3100164811885,35.37230995589372,0.9377065252947798,0.07270542998307808,-0.050722486348758325,-0.06998189152871784,17.07497971457109,7.089434283260779,223.49992943746523,0.0,1.584820043723145,3.8342934812967857,0.1446304033236468,2,one_per_bay,True,30+30+24+8,4,92,24,30,8,A40-12L-V4-kv410-direct,MJ-21x14EL,9.45190965864718,2.016753624772601,17.85046996212003,0.3226915028097532,8.222212961008324,10.688876849310821,10.866062413677993,75.3477077142744,77.45748109362366,24.211221973344635,0.05677836723392347,0.05677836723392347,0.05677836723392347,0.0,7.666666666666667,0.05677836723392347,0.05677836723392347,0.05677836723392347,0.0,-138.35209725202995,0.0,238.2462201292378,2077.3705324449547,1710.6734200740304,13.416666666666668,False,"SOC floor violated (min 0.057, unmet 0 Wh); FLAG MJ-21x14EL: thrust table 1.84 N vs similarity 0.00 N (100%) at 1620 rpm, 10.69 m/s; FLAG MJ-21x14EL: thrust table 1.85 N vs similarity 0.00 N (100%) at 1663 rpm, 10.87 m/s",2.255809159523443,0.0,1.1276177866631936,True,1143.2216327660765
6.0,0.43761778666319373,1.882035103098679,2.093274557269311,0.27985734072427,0.4,0.1372667312475502,0.0,1.0,3.0,0.1750471146652775,0.8604214934939245,1.04,1.04,0.20057754194108807,0.519512309220972,0.03,1.4677544946490508,1.4922455053509491,35.03155310720556,34.11881709544265,0.9127360117629097,0.07270542998307808,-0.05073080891963423,-0.07001634630668116,17.41586473681662,7.065763341565194,219.862754796317,0.0,1.5895308950847984,3.854084128509427,0.10522584511997235,2,one_per_bay,True,32+32+24+8,4,96,24,32,8,A40-12L-V4-kv410-direct,MJ-21x14EL,9.553214918908917,2.0639161537335644,17.442569037931626,0.3065024707896177,8.171167482542812,10.622517727305656,10.798603281012287,75.67773944055975,77.7510002934484,23.82396808572802,0.05676627523213752,0.05676627523213812,0.05676627523213752,-5.967448757360216e-16,7.583333333333333,0.05676627523213752,0.05676627523213752,0.05676627523213812,-5.764555499609969e-13,-138.36377812575518,0.0,320.5187144874949,2167.6909903773435,1718.3805290042499,13.333333333333334,False,"SOC floor violated (min 0.057, unmet 0 Wh); FLAG MJ-21x14EL: thrust table 1.87 N vs similarity 0.00 N (100%) at 1616 rpm, 10.62 m/s; FLAG MJ-21x14EL: thrust table 1.87 N vs similarity 0.00 N (100%) at 1658 rpm, 10.80 m/s",2.2578257518841265,0.0,1.1376177866631938,True,1143.2337247678624
6.0,0.4326177866631937,1.882035103098679,2.0929311480819446,0.27985734072427,0.4,0.1372667312475502,0.0,1.0,3.0,0.1730471146652775,0.8604214934939245,1.04,1.04,0.20057754194108807,0.5315902789451251,0.03,1.4432683172242098,1.5167316827757902,35.69416764864333,34.768339733118715,0.9258279155246127,0.07270542998307808,-0.05072248634875836,-0.0700007787529199,17.297098868491375,7.081488162525255,221.44582040396014,0.0,1.587976913607031,3.844244966386154,0.12522219043966604,2,one_per_bay,True,32+32+24+8,4,96,24,32,8,A40-12L-V4-kv410-direct,MJ-21x14EL,9.518519326762531,2.0403348892530824,17.644162333164207,0.3144530923289185,8.203313958542536,10.664308146105297,10.841086444152102,75.68886068146996,77.79521266350002,23.992031697953024,0.05660789910055562,0.05660789910055583,0.05660789910055562,-2.0816681711721685e-16,7.583333333333333,0.05660789910055562,0.05660789910055562,0.05660789910055583,-2.0108914533523148e-13,-138.51676946886326,0.0,319.8972374333599,2167.6909903773435,1719.0004108302737,13.333333333333334,False,"SOC floor violated (min 0.057, unmet 0 Wh); FLAG MJ-21x14EL: thrust table 1.86 N vs similarity 0.00 N (100%) at 1620 rpm, 10.66 m/s; FLAG MJ-21x14EL: thrust table 1.86 N vs similarity 0.00 N (100%) at 1662 rpm, 10.84 m/s",2.2566562624416733,0.0,1.1326177866631937,True,1143.3921008994444
6.0,0.4276177866631937,1.882035103098679,2.092931148081944,0.27985734072427,0.4,0.1372667312475502,0.0,1.0,3.0,0.1710471146652775,0.8625783266658056,1.045,1.045,0.20057754194108807,0.5464235099138693,0.03,1.4189572941477415,1.5410427058522584,36.308473048626986,35.36065547263935,0.9478175759876372,0.07270542998307808,-0.05072248634875834,-0.06998407347248291,17.095034625270255,7.124510076055629,224.51775648406556,0.0,1.5806486901374222,3.8345260904586045,0.1580087156319736,2,one_per_bay,True,30+30+24+8,4,92,24,30,8,A40-12L-V4-kv410-direct,MJ-21x14EL,9.453635927894423,2.0173070049088975,17.845573287753382,0.32435814187829104,8.221835843502426,10.688386596553153,10.865564034181396,75.36991061899894,77.48039420303239,24.20570976829509,0.05646591057561386,0.05646591057561573,0.05646591057561386,-1.8665624601510444e-15,7.666666666666667,0.05646591057561386,0.05646591057561386,0.05646591057561573,-1.803099336505909e-12,-138.653930383957,0.0,237.70118950760445,2077.3705324449547,1711.2138061203204,13.416666666666668,False,"SOC floor violated (min 0.056, unmet 0 Wh); FLAG MJ-21x14EL: thrust table 1.84 N vs similarity 0.00 N (100%) at 1620 rpm, 10.69 m/s; FLAG MJ-21x14EL: thrust table 1.85 N vs similarity 0.00 N (100%) at 1663 rpm, 10.87 m/s",2.255856284133295,0.0,1.1276177866631936,True,1143.5340894243861
6.0,0.4226177866631937,1.882035103098679,2.092931148081944,0.27985734072427,0.4,0.1372667312475502,0.0,1.0,3.0,0.1690471146652775,0.8604214934939245,1.04,1.04,0.20057754194108807,0.5570449356958532,0.03,1.3925577834631255,1.5674422165368744,36.96915986617838,36.01844318381897,0.9507166823594126,0.07270542998307808,-0.05072248634875833,-0.0699680410981577,16.90487652285311,7.102254646842645,225.3539406323369,0.0,1.5823061686406743,3.824390426966881,0.1636673634563161,2,one_per_bay,True,29+29+24+8,4,90,24,29,8,A40-12L-V4-kv410-direct,MJ-21x14EL,9.401297845409143,1.9931723602921187,18.06165925094599,0.3312313534134918,8.24853537217855,10.723095983832115,10.90084878615588,75.20403086118513,77.33437960423869,24.40971886757424,0.05640202156648085,0.05640202156648085,0.05640202156648085,0.0,7.666666666666667,0.05640202156648085,0.05640202156648085,0.05640202156648085,0.0,-138.7156471667795,0.0,196.6712238335386,2032.210303478758,1707.2654024705034,13.5,False,"SOC floor violated (min 0.056, unmet 0 Wh); FLAG MJ-21x14EL: thrust table 1.83 N vs similarity 0.00 N (100%) at 1623 rpm, 10.72 m/s; FLAG MJ-21x14EL: thrust table 1.84 N vs similarity 0.00 N (100%) at 1665 rpm, 10.90 m/s",2.2549558924595665,0.0,1.1226177866631937,True,1143.597978433519
6.0,0.4326177866631937,1.882035103098679,2.0929393246429973,0.27985734072427,0.4,0.1372667312475502,0.0,1.0,3.0,0.1730471146652775,0.8625783266658056,1.045,1.045,0.20057754194108807,0.5338658696776836,0.029999999999999995,1.4439908290012022,1.5160091709987977,35.69275151034864,34.7569403812677,0.9358111290809468,0.07270542998307807,-0.05072268450888739,-0.0700031702095231,17.31720510082288,7.116481885754903,222.45363174064525,0.0,1.5837948904655932,3.8444801410764153,0.1388692926707506,2,one_per_bay,True,32+32+24+8,4,96,24,32,8,A40-12L-V4-kv410-direct,MJ-21x14EL,9.520257256590174,2.040894739888895,17.639322252337138,0.3160755772362914,8.202937490370527,10.663818737481686,10.840588922782464,75.71108870570306,77.81814959350046,23.986569613727504,0.056297005286497614,0.05629700528649795,0.056297005286497614,-3.3306690738754696e-16,7.583333333333333,0.056297005286497614,0.056297005286497614,0.05629700528649795,-3.2174263253637037e-13,-138.8170928932433,0.0,319.3536118345403,2167.6909903773435,1719.5414450733697,13.333333333333334,False,"SOC floor violated (min 0.056, unmet 0 Wh); FLAG MJ-21x14EL: thrust table 1.86 N vs similarity 0.00 N (100%) at 1620 rpm, 10.66 m/s; FLAG MJ-21x14EL: thrust table 1.86 N vs similarity 0.00 N (100%) at 1662 rpm, 10.84 m/s",2.256711615200149,0.0,1.1326177866631937,True,1143.7029947135024
6.0,0.4326177866631937,1.882035103098679,2.0929311480819446,0.27985734072427,0.4,0.1372667312475502,0.0,1.0,3.0,0.1730471146652775,0.8604214934939245,1.04,1.04,0.20057754194108807,0.5315902789451251,0.03,1.56326831722421,1.39673168277579,35.28558794340059,34.29947268590109,0.9861152574995078,0.07270542998307808,-0.05072248634875836,-0.07032277643222706,17.65402814479706,7.37223092556294,185.23775754088197,0.0,1.521153840320587,3.8482737195016554,0.13047625833092125,3,one_per_bay,True,32+32+24+8,4,96,24,32,8,A40-12L-V4-kv410-direct,MJ-20x13EL,10.79851932676253,2.0403348892530824,17.644162333164207,0.3144578768531094,8.737490975300393,11.35873826789051,11.54702787762859,94.04836297802348,94.77932245147352,20.02504437849068,0.12648943114885178,0.19810953973822326,0.12648943114885178,-0.07162010858937148,7.916666666666667,0.12648943114885178,0.12648943114885178,0.19810953973822326,-103.77753734599928,-106.51681426531378,0.0,0.0,2167.6909903773435,2144.531219496534,13.916666666666668,False,"SOC floor violated (min 0.126, unmet 0 Wh); morning depletion (0.198110 -> 0.126489, -103.778 Wh); FLAG MJ-20x13EL: thrust table 2.07 N vs similarity 2.68 N (23%) at 2085 rpm, 11.36 m/s; FLAG MJ-20x13EL: thrust table 2.08 N vs similarity 2.64 N (21%) at 2113 rpm, 11.55 m/s",2.2566562624416733,0.0,1.1326177866631937,True,1145.1306764405197
6.0,0.4326177866631937,1.882035103098679,2.0929311480819446,0.27985734072427,0.4,0.1372667312475502,0.0,1.0,3.0,0.1730471146652775,0.8604214934939245,1.04,1.04,0.20057754194108807,0.5315902789451251,0.03,1.56326831722421,1.39673168277579,35.29212260243092,34.30582472286535,0.9862978795655677,0.07270542998307808,-0.05072248634875836,-0.07032306198209261,17.657609248220176,7.37322489715128,184.09455030812626,0.0,1.5210374199896874,3.848285545310854,0.13049198930998696,3,one_per_bay,True,32+32+24+8,4,96,24,32,8,A40-12L-V4-kv410-direct,MJ-20x11EWL,10.80251932676253,2.0403348892530824,17.644162333164207,0.31445787399119296,8.739109101216156,11.360841831581004,11.549166311317581,94.11819789294782,94.99868429701361,19.885972655693106,0.12360756116295465,0.19742272571542316,0.12360756116295465,-0.0738151645524685,7.916666666666667,0.12360756116295465,0.12360756116295465,0.19742272571542316,-106.95817343652686,-110.69264387487873,0.0,0.0,2167.6909903773435,2147.7149873384033,13.916666666666668,False,"SOC floor violated (min 0.124, unmet 0 Wh); morning depletion (0.197423 -> 0.123608, -106.958 Wh)",2.2566562624416733,0.0,1.1326177866631937,True,1150.2076023895138
6.0,0.4326177866631937,1.882035103098679,2.0929311480819446,0.27985734072427,0.4,0.1372667312475502,0.0,1.0,3.0,0.1730471146652775,0.8604214934939245,1.04,1.04,0.20057754194108807,0.5315902789451251,0.03,1.4432683172242098,1.5167316827757902,35.78128657894278,34.85319899067735,0.9280875882654319,0.07270542998307808,-0.05072248634875836,-0.07001842993534699,17.33874754531504,7.092731436823169,120.02007404547433,0.0,1.5862711956220554,3.8444006458497078,0.12542927712434915,2,one_per_bay,True,32+32+24+8,4,96,24,32,8,A40-12L-V4-kv410-direct,16x12E,9.565039822713407,2.0403348892530824,17.644162333164207,0.31445305475905716,8.223335827213448,10.690336575377483,10.867546337084613,76.3189509210051,77.49474871381096,12.698286748510673,0.047978320960316664,0.047978320960316664,0.04797832096031687,2.0816681711721685e-16,7.583333333333333,0.047978320960316664,0.04797832096031687,0.047978320960316664,2.0108914533523148e-13,-146.8529419523341,0.0,314.67156672840775,2167.6909903773435,1724.0986820779863,13.416666666666668,False,"SOC floor violated (min 0.048, unmet 0 Wh); FLAG 16x12E: shaft power table 28.3 W vs similarity 23.7 W (16%) at 2319 rpm, 10.69 m/s; FLAG 16x12E: shaft power table 28.9 W vs similarity 24.1 W (16%) at 2357 rpm, 10.87 m/s",2.2566562624416733,0.0,1.1326177866631937,True,1152.0216790396832
6.0,0.400438367674474,1.999999988711605,2.2397323396264284,0.3050743795134008,0.4,0.3923138015873843,0.0,1.0,3.0,0.16017534706978961,1.4929382279367132,1.04,1.04,0.2078559779438005,0.5921555248608263,0.030000000000000002,1.5338448889811103,1.4261551110188897,36.67686906274675,35.65216531146438,1.0247037512823753,0.0727054299830781,-0.05428023426651498,-0.07439476058972783,17.858713918751896,6.706537145219359,112.3287973743307,0.0,1.6183657360147377,3.849486367746425,-0.153067578480874,2,one_per_bay,True,35+35+24+8,4,102,24,35,8,A40-12L-V4-kv410-direct,16x12E,9.66121309799814,2.04053899245307,17.64239749063651,0.3744577596996694,8.264160534166907,10.74340869441698,10.921498213043078,77.18357430152807,78.39628633296458,12.623242567917385,0.04242365890191882,0.04242365890191882,0.04242365890191882,0.0,7.5,0.04242365890191882,0.04242365890191882,0.04242365890191882,0.0,-152.21874550074642,0.0,428.248266306846,2303.1716772759255,1745.4424375746073,13.25,False,"SOC floor violated (min 0.042, unmet 0 Wh); FLAG 16x12E: shaft power table 28.7 W vs similarity 24.1 W (16%) at 2329 rpm, 10.74 m/s; FLAG 16x12E: shaft power table 29.3 W vs similarity 24.5 W (17%) at 2368 rpm, 10.92 m/s",2.4044259664263556,0.0,1.100438367674474,True,1157.5763410980812
6.0,0.4326177866631937,1.882035103098679,2.0929311480819446,0.27985734072427,0.4,0.1372667312475502,0.0,1.0,3.0,0.1730471146652775,0.8604214934939245,1.04,1.04,0.20057754194108807,0.5315902789451251,0.03,1.4432683172242098,1.5167316827757902,35.904744692162716,34.97345487296863,0.9312898191940852,0.07270542998307808,-0.05072248634875836,-0.07004244437920397,17.397942667733787,7.108738815949019,201.62330885218327,0.0,1.5838668476106867,3.8446206146208173,0.12572188246034027,2,one_per_bay,True,32+32+24+8,4,96,24,32,8,A40-12L-V4-kv410-direct,20x15E,9.631159245053091,2.0403348892530824,17.644162333164207,0.3144530016609181,8.251709248704648,10.727222023316044,10.905043221472678,76.88554956772161,78.26114169488585,21.76332193646705,0.04005362788919331,0.04005362788919349,0.04005362788919331,-1.8041124150158794e-16,7.583333333333333,0.04005362788919331,0.04005362788919331,0.04005362788919349,-1.7427725929053395e-13,-154.50819545903929,0.0,298.86389669899955,2167.6909903773435,1739.811539637814,13.416666666666668,False,"SOC floor violated (min 0.040, unmet 0 Wh); FLAG 20x15E: (10.73 m/s, 1749 rpm) not on the map; used C_T(J) similarity; FLAG 20x15E: (10.91 m/s, 1780 rpm) not on the map; used C_T(J) similarity",2.2566562624416733,0.0,1.1326177866631937,True,1159.9463721108068
6.0,0.40716295873139896,2.0,2.2681424390108305,0.3108677225179244,0.4,0.4122547602018288,0.0,1.0,3.0,0.1628651834925596,1.5423918053005354,1.04,1.04,0.20960336522359665,0.5716122309119915,0.03,1.5804429230147057,1.3795570769852943,35.59649291178868,34.58131827855506,1.0151746332336191,0.07270542998307808,-0.05496875709704996,-0.0752486772362521,18.203471877388086,6.618766344478143,109.36586017090197,0.0,1.626251285057495,3.8708530224038147,-0.04716903887024776,2,one_per_bay,True,36+36+24+8,4,104,24,36,8,A40-12L-V4-kv410-direct,16x12E,9.754437397547079,2.086887313253414,17.250572070360978,0.3516393308481884,8.211206548221641,10.674568512688134,10.851516893042856,77.69743650825009,78.9143611785559,12.426004836442832,0.03737576283422419,0.03737576283422475,0.03737576283422419,-5.620504062164855e-16,7.5,0.03737576283422419,0.03737576283422419,0.03737576283422475,-5.42940692405125e-13,-157.09501310213943,0.0,460.8172399927972,2348.331906242122,1757.8204164037743,13.25,False,"SOC floor violated (min 0.037, unmet 0 Wh); FLAG 16x12E: shaft power table 28.9 W vs similarity 24.3 W (16%) at 2329 rpm, 10.67 m/s; FLAG 16x12E: shaft power table 29.5 W vs similarity 24.7 W (16%) at 2367 rpm, 10.85 m/s",2.4339395531540142,0.0,1.107162958731399,True,1162.6242371657759
6.0,0.4326177866631937,1.882035103098679,2.0929311480819446,0.27985734072427,0.4,0.1372667312475502,0.0,1.0,3.0,0.1730471146652775,0.8604214934939245,1.04,1.04,0.20057754194108807,0.5315902789451251,0.03,1.4432683172242098,1.5167316827757902,35.809717473075345,34.88089245017604,0.9288250228993012,0.07270542998307808,-0.05072248634875836,-0.07002406372278343,17.35236138781084,7.09641002944707,138.25937809455516,0.0,1.5857161703864024,3.8444513691600117,0.12549674990983406,2,one_per_bay,True,32+32+24+8,4,96,24,32,8,A40-12L-V4-kv410-direct,17x12E,9.5802461330455,2.0403348892530824,17.644162333164207,0.3144530425163679,8.229869879302498,10.698830843093248,10.87618141113956,77.63931508752923,78.57768354392599,14.708010395282626,0.02950928850276459,0.02950928850276459,0.02950928850276459,0.0,7.583333333333333,0.02950928850276459,0.02950928850276459,0.02950928850276459,0.0,-164.69402730632945,0.0,285.25168011630586,2167.6909903773435,1753.2746282642338,13.416666666666668,False,"SOC floor violated (min 0.030, unmet 0 Wh); FLAG 17x12E: shaft power table 29.1 W vs similarity 24.6 W (15%) at 2233 rpm, 10.70 m/s; FLAG 17x12E: shaft power table 29.6 W vs similarity 24.9 W (16%) at 2267 rpm, 10.88 m/s",2.2566562624416733,0.0,1.1326177866631937,True,1170.4907114972355
6.0,0.395438367674474,1.999999988711605,2.2397323396264284,0.3050743795134008,0.4,0.3923138015873843,0.0,1.0,3.0,0.1581753470697896,1.4929382279367132,1.04,1.04,0.2078559779438005,0.6072248564852422,0.029999999999999995,1.513223939012895,1.446776060987105,37.364204631239254,36.32338937940356,1.040815251835699,0.07270542998307807,-0.054280234266514966,-0.07438387405477345,17.69216760752588,6.7202674334587025,130.53359419377873,0.0,1.6157345022026308,3.83805413893475,-0.13145120114578404,2,one_per_bay,True,34+34+24+8,4,100,24,34,8,A40-12L-V4-kv410-direct,17x12E,9.623136957285247,2.01506017776926,17.86547141229957,0.3846873513278117,8.29983935051698,10.789791155672074,10.96864953923039,78.17898164582427,79.14907038796855,14.749422226649136,0.02651638731898326,0.02651638731898326,0.02651638731898326,0.0,7.583333333333333,0.02651638731898326,0.02651638731898326,0.02651638731898326,0.0,-167.58516984986218,0.0,361.8267490496873,2258.0114483097327,1766.6431727493116,13.333333333333334,False,"SOC floor violated (min 0.027, unmet 0 Wh); FLAG 17x12E: shaft power table 29.4 W vs similarity 24.8 W (16%) at 2244 rpm, 10.79 m/s; FLAG 17x12E: shaft power table 29.9 W vs similarity 25.1 W (16%) at 2278 rpm, 10.97 m/s",2.4034608625386404,0.0,1.095438367674474,True,1173.4836126810167
6.0,0.400438367674474,1.999999988711605,2.2397323396264284,0.3050743795134008,0.4,0.3923138015873843,0.0,1.0,3.0,0.16017534706978961,1.4929382279367132,1.04,1.04,0.2078559779438005,0.5921555248608263,0.030000000000000002,1.5338448889811103,1.4261551110188897,36.70572157657887,35.68021172379674,1.0255098527821274,0.0727054299830781,-0.05428023426651498,-0.07440315069851865,17.872302777554562,6.709761612194696,129.3842790638256,0.0,1.6178024517531162,3.849536586524554,-0.1530076792916868,2,one_per_bay,True,35+35+24+8,4,102,24,35,8,A40-12L-V4-kv410-direct,17x12E,9.676419408330233,2.04053899245307,17.64239749063651,0.37445778842685495,8.27066168358931,10.751860188666104,10.930089804591422,78.44980114652614,79.42335461743399,14.620472504357874,0.024851226783427792,0.024851226783427792,0.024851226783427792,0.0,7.583333333333333,0.024851226783427792,0.024851226783427792,0.024851226783427792,0.0,-169.19371492720876,0.0,400.1836397892365,2303.171677275926,1773.260927328891,13.25,False,"SOC floor violated (min 0.025, unmet 0 Wh); FLAG 17x12E: shaft power table 29.5 W vs similarity 24.9 W (15%) at 2243 rpm, 10.75 m/s; FLAG 17x12E: shaft power table 30.0 W vs similarity 25.2 W (16%) at 2277 rpm, 10.93 m/s",2.4044259664263556,0.0,1.100438367674474,True,1175.1487732165722
6.0,0.400438367674474,1.999999988711605,2.2397323396264284,0.3050743795134008,0.4,0.3923138015873843,0.0,1.0,3.0,0.16017534706978961,1.4944574434327447,1.045,1.045,0.2078559779438005,0.5948119016013946,0.030000000000000002,1.534476093730122,1.425523906269878,36.71075775607696,35.67406765955787,1.0366900965190888,0.0727054299830781,-0.05428023426651498,-0.07440596326626361,17.892266704110146,6.743236821517347,129.98008395768215,0.0,1.6134503472422017,3.849718710607705,-0.1330178185260561,2,one_per_bay,True,35+35+24+8,4,102,24,35,8,A40-12L-V4-kv410-direct,17x12E,9.677895997753428,2.0409040037570962,17.63924218568226,0.37606609631341853,8.27055301269805,10.751718916507466,10.929946190616379,78.47163426820597,79.44590205166831,14.617921310302156,0.024547567000818157,0.024547567000818397,0.024547567000818157,-2.393918396847994e-16,7.583333333333333,0.024547567000818157,0.024547567000818157,0.024547567000818397,-2.312525171355162e-13,-169.48705027720965,0.0,399.6472200076798,2303.171677275926,1773.7926011091615,13.25,False,"SOC floor violated (min 0.025, unmet 0 Wh); FLAG 17x12E: shaft power table 29.5 W vs similarity 24.9 W (15%) at 2243 rpm, 10.75 m/s; FLAG 17x12E: shaft power table 30.1 W vs similarity 25.2 W (16%) at 2278 rpm, 10.93 m/s",2.404454298113212,0.0,1.100438367674474,True,1175.4524329991818
6.0,0.4139739270201656,2.0,2.3292078867045984,0.32006405214736866,0.4,0.4939923921278475,0.0,1.0,3.0,0.16558957080806624,1.7451011324770618,1.04,1.04,0.21243831113890627,0.5376933659955688,0.03,1.5630152877509684,1.3969847122490315,37.12204616375116,36.12230212601542,0.9997440377357346,0.07270542998307808,-0.05644868697427814,-0.07713452931688794,18.863732888040577,6.459682363143563,103.77049916808967,0.0,1.639329492453965,3.911296047343866,-0.19400064192005606,2,one_per_bay,True,38+38+24+8,4,108,24,38,8,A40-12L-V4-kv410-direct,16x12E,9.930767254549288,2.172146314800016,16.57346917871618,0.33275981050395537,8.120863806706192,10.55712294871805,10.73212447732887,78.92567710183594,80.15670229312656,12.074715772677576,0.024400578034218946,0.024400578034218946,0.024400578034218946,0.0,7.5,0.024400578034218946,0.024400578034218946,0.024400578034218946,0.0,-169.6290416189445,0.0,520.9136481504862,2438.6523641745102,1787.5523566830593,13.166666666666668,False,"SOC floor violated (min 0.024, unmet 0 Wh); FLAG 16x12E: shaft power table 29.4 W vs similarity 24.9 W (15%) at 2330 rpm, 10.56 m/s; FLAG 16x12E: shaft power table 30.0 W vs similarity 25.3 W (16%) at 2368 rpm, 10.73 m/s",2.49770693734941,0.0,1.1139739270201656,True,1175.599421965781
6.0,0.405438367674474,1.999999988711605,2.2397323396264284,0.3050743795134008,0.4,0.3923138015873843,0.0,1.0,3.0,0.16217534706978962,1.4929382279367132,1.04,1.04,0.2078559779438005,0.5776402682170586,0.03,1.5539572302045404,1.4060427697954596,36.03440721328822,35.024589744964786,1.009817468323436,0.07270542998307808,-0.05428023426651498,-0.07441284951153987,18.000500045472005,6.696876563574537,128.39155845013528,0.0,1.619012517976707,3.8609627511775866,-0.17514242782798906,2,one_per_bay,True,35+35+24+8,4,102,24,35,8,A40-12L-V4-kv410-direct,17x12E,9.713699480781134,2.0660178071368804,17.424825611686938,0.364612428559227,8.235323516189759,10.705920571046686,10.883388662895204,78.60419176295062,79.57490342369883,14.507920332844332,0.022788286181438716,0.022788286181438716,0.022788286181438716,0.0,7.583333333333333,0.022788286181438716,0.022788286181438716,0.022788286181438716,0.0,-171.1865155487302,0.0,396.55498413911073,2303.171677275926,1776.8548600254653,13.333333333333334,False,"SOC floor violated (min 0.023, unmet 0 Wh); FLAG 17x12E: shaft power table 29.5 W vs similarity 25.0 W (15%) at 2240 rpm, 10.71 m/s; FLAG 17x12E: shaft power table 30.1 W vs similarity 25.3 W (16%) at 2275 rpm, 10.88 m/s",2.4053842352736,0.0,1.105438367674474,True,1177.2117138185613
6.0,0.40216295873139896,2.0,2.2681424390108305,0.3108677225179244,0.4,0.4122547602018288,0.0,1.0,3.0,0.1608651834925596,1.5423918053005354,1.04,1.04,0.20960336522359665,0.5859140352037414,0.030000000000000002,1.5611560165528493,1.3988439834471507,36.28189473807238,35.25022808763716,1.0316666504352172,0.0727054299830781,-0.05496875709704996,-0.07523957497962956,18.08802475326882,6.634691262871689,126.97197365585578,0.0,1.624530849060442,3.8594122169918856,-0.03142531910917759,2,one_per_bay,True,36+36+24+8,4,104,24,36,8,A40-12L-V4-kv410-direct,17x12E,9.732172085541722,2.061260137837512,17.465044483792305,0.3615150510355622,8.252658054822247,10.728455471268921,10.906297115836784,78.80030600375068,79.78169153169114,14.506175811975353,0.02213652503404697,0.02213652503404697,0.02213652503404697,0.0,7.5,0.02213652503404697,0.02213652503404697,0.02213652503404697,0.0,-171.81611681711064,0.0,436.63833978182413,2348.331906242122,1781.757238515371,13.25,False,"SOC floor violated (min 0.022, unmet 0 Wh); FLAG 17x12E: shaft power table 29.6 W vs similarity 25.1 W (15%) at 2243 rpm, 10.73 m/s; FLAG 17x12E: shaft power table 30.2 W vs similarity 25.3 W (16%) at 2278 rpm, 10.91 m/s",2.4329821957961117,0.0,1.102162958731399,True,1177.863474965953
6.0,0.40716295873139896,2.0,2.2681424390108305,0.3108677225179244,0.4,0.4122547602018288,0.0,1.0,3.0,0.1628651834925596,1.5423918053005354,1.04,1.04,0.20960336522359665,0.5716122309119915,0.03,1.5804429230147057,1.3795570769852943,35.624228008328636,34.608262399238846,1.015965609089792,0.07270542998307808,-0.05496875709704996,-0.07525727266116311,18.21710685322873,6.621910078485001,125.98745286455832,0.0,1.6256866403303118,3.8709027616088165,-0.04710676200905495,2,one_per_bay,True,36+36+24+8,4,104,24,36,8,A40-12L-V4-kv410-direct,17x12E,9.769643707879172,2.086887313253414,17.250572070360978,0.3516393203023798,8.217604330353966,10.682885629460156,10.859971879588283,78.9636228911669,79.93727339979525,14.394786573674237,0.019879416275515698,0.019879416275515698,0.019879416275515698,0.0,7.5,0.019879416275515698,0.019879416275515698,0.019879416275515698,0.0,-173.99648387785183,0.0,432.7758771311406,2348.331906242122,1785.5936923557517,13.25,False,"SOC floor violated (min 0.020, unmet 0 Wh); FLAG 17x12E: shaft power table 29.7 W vs similarity 25.2 W (15%) at 2241 rpm, 10.68 m/s; FLAG 17x12E: shaft power table 30.2 W vs similarity 25.4 W (16%) at 2276 rpm, 10.86 m/s",2.4339395531540142,0.0,1.107162958731399,True,1180.1205837244843
6.0,0.40716295873139896,2.0,2.2681424390108305,0.3108677225179244,0.4,0.4122547602018288,0.0,1.0,3.0,0.1628651834925596,1.5438611684000307,1.045,1.045,0.20960336522359665,0.5741843198354004,0.030000000000000002,1.581027153939087,1.378972846060913,35.63006617577515,34.603009033762746,1.0270571420124024,0.0727054299830781,-0.05496875709704996,-0.07525986267545128,18.23710686103091,6.654942945205401,126.56853649046342,0.0,1.6212933573460675,3.8710816704114763,-0.025110113109980015,2,one_per_bay,True,36+36+24+8,4,104,24,36,8,A40-12L-V4-kv410-direct,17x12E,9.771118773627233,2.087246275389638,17.247605337458165,0.3530505497966178,8.21751796214406,10.682773350787278,10.859857739713304,78.98537917588864,79.95972303254575,14.392331774287415,0.01957872007129126,0.01957872007129131,0.01957872007129126,-5.204170427930421e-17,7.5,0.01957872007129126,0.01957872007129126,0.01957872007129131,-5.027228633380787e-14,-174.28695641113268,0.0,432.24248736792896,2348.331906242122,1786.1232966804007,13.25,False,"SOC floor violated (min 0.020, unmet 0 Wh); FLAG 17x12E: shaft power table 29.7 W vs similarity 25.2 W (15%) at 2241 rpm, 10.68 m/s; FLAG 17x12E: shaft power table 30.2 W vs similarity 25.5 W (16%) at 2276 rpm, 10.86 m/s",2.4339670037721497,0.0,1.107162958731399,True,1180.4212799287088
6.0,0.4326177866631937,1.882035103098679,2.0929311480819446,0.27985734072427,0.4,0.1372667312475502,0.0,1.0,3.0,0.1730471146652775,0.8604214934939245,1.04,1.04,0.20057754194108807,0.5315902789451251,0.03,1.4432683172242098,1.5167316827757902,35.70916438064856,34.78294748300035,0.9262168976482122,0.07270542998307808,-0.05072248634875836,-0.07000385903234603,17.304261075337607,7.08342049263816,217.24384408930004,0.0,1.5876827523969181,3.84427179224651,0.12525787450952436,2,one_per_bay,True,32+32+24+8,4,96,24,32,8,A40-12L-V4-kv410-direct,MJ-21x13p5EL,9.52651932676253,2.0403348892530824,17.644162333164207,0.3144530858556537,8.206760541250445,10.668788703625578,10.845641274219826,78.50332891888277,80.73175025091605,23.52978500925876,0.017281531551134596,0.01728153155113484,0.017281531551134596,-2.42861286636753e-16,7.666666666666667,0.017281531551134596,0.017281531551134596,0.01728153155113484,-2.346040028911034e-13,-176.50604052160398,0.0,250.74434081680573,2167.6909903773435,1787.6640198171979,13.416666666666668,False,"SOC floor violated (min 0.017, unmet 0 Wh); FLAG MJ-21x13p5EL: thrust table 1.86 N vs similarity 0.00 N (100%) at 1603 rpm, 10.67 m/s; FLAG MJ-21x13p5EL: thrust table 1.87 N vs similarity 0.00 N (100%) at 1645 rpm, 10.85 m/s",2.2566562624416733,0.0,1.1326177866631937,True,1182.7184684488655
6.0,0.4276177866631937,1.882035103098679,2.092931148081944,0.27985734072427,0.4,0.1372667312475502,0.0,1.0,3.0,0.1710471146652775,0.8604214934939245,1.04,1.04,0.20057754194108807,0.544094392534699,0.03,1.418209521487951,1.5417904785120489,36.32537944504871,35.38727617106429,0.9381032739844162,0.07270542998307808,-0.050722486348758325,-0.06998512323485305,17.08212870237527,7.0913672865935755,219.2600180076623,0.0,1.5845262957843351,3.8343204961248807,0.1446655114286508,2,one_per_bay,True,30+30+24+8,4,92,24,30,8,A40-12L-V4-kv410-direct,MJ-21x13p5EL,9.45990965864718,2.016753624772601,17.85046996212003,0.3226914963739827,8.225691823669717,10.693399370770631,10.870659903305976,78.17264768964401,80.40589740942893,23.74500970759955,0.01715733726127099,0.01715733726127099,0.017157337261271294,3.0531133177191805e-16,7.666666666666667,0.01715733726127099,0.017157337261271294,0.01715733726127099,2.9493074649167283e-13,-176.62601220561223,0.0,169.0644505999919,2077.3705324449547,1779.406562465874,13.583333333333332,False,"SOC floor violated (min 0.017, unmet 0 Wh); FLAG MJ-21x13p5EL: thrust table 1.84 N vs similarity 0.00 N (100%) at 1603 rpm, 10.69 m/s; FLAG MJ-21x13p5EL: thrust table 1.85 N vs similarity 0.00 N (100%) at 1645 rpm, 10.87 m/s",2.255809159523443,0.0,1.1276177866631936,True,1182.842662738729
6.0,0.4326177866631937,1.882035103098679,2.0929311480819446,0.27985734072427,0.4,0.1372667312475502,0.0,1.0,3.0,0.1730471146652775,0.8604214934939245,1.04,1.04,0.20057754194108807,0.5315902789451251,0.03,1.4432683172242098,1.5167316827757902,35.92199188463518,34.99025471134077,0.9317371732944136,0.07270542998307808,-0.05072248634875836,-0.07004570646733434,17.40622850300698,7.1109819770364,206.8218873878247,0.0,1.5835321530768633,3.844651284197704,0.1257626795551346,2,one_per_bay,True,32+32+24+8,4,96,24,32,8,A40-12L-V4-kv410-direct,205x14E,9.640414308975243,2.0403348892530824,17.644162333164207,0.31445299425637063,8.255673037303046,10.73237494849396,10.91028156478841,78.6090525973976,80.01030128822806,22.33411217897416,0.01586423330804933,0.015864233308050025,0.01586423330804933,-6.938893903907228e-16,7.666666666666667,0.01586423330804933,0.01586423330804933,0.015864233308050025,-6.702971511174383e-13,-177.87515062442435,0.0,256.9166291538578,2167.6909903773435,1781.4471443154982,13.416666666666668,False,"SOC floor violated (min 0.016, unmet 0 Wh); FLAG 205x14E: (10.73 m/s, 1816 rpm) not on the map; used C_T(J) similarity; FLAG 205x14E: (10.91 m/s, 1847 rpm) not on the map; used C_T(J) similarity",2.2566562624416733,0.0,1.1326177866631937,True,1184.1357666919507
6.0,0.4326177866631937,1.882035103098679,2.0929311480819446,0.27985734072427,0.4,0.1372667312475502,0.0,1.0,3.0,0.1730471146652775,0.8604214934939245,1.04,1.04,0.20057754194108807,0.5315902789451251,0.03,1.56326831722421,1.39673168277579,35.46589254927829,34.474738375518164,0.9911541737601247,0.07270542998307808,-0.05072248634875836,-0.07032949858539027,17.753081392327914,7.399752566147415,184.61537846448977,0.0,1.5179562666420858,3.8485992170562575,0.13090924340428295,3,one_per_bay,True,32+32+24+8,4,96,24,32,8,A40-12L-V4-kv410-direct,MJ-20x11EW,10.909159245053091,2.0403348892530824,17.644162333164207,0.31445779806385926,8.782138378347453,11.41677989185169,11.606031636156693,94.92702734083474,95.7689062800419,19.949931281988604,0.10269060088873094,0.18961800254966155,0.10269060088873094,-0.0869274016609306,7.916666666666667,0.10269060088873094,0.10269060088873094,0.18961800254966155,-125.95780500668845,-141.00131931222887,0.0,0.0,2167.6909903773435,2166.667445572096,14.0,False,"SOC floor violated (min 0.103, unmet 0 Wh); morning depletion (0.189618 -> 0.102691, -125.958 Wh)",2.2566562624416733,0.0,1.1326177866631937,True,1184.2367997721997
6.0,0.41216295873139897,2.0,2.2681424390108305,0.3108677225179244,0.4,0.4122547602018288,0.0,1.0,3.0,0.1648651834925596,1.5423918053005354,1.04,1.04,0.20960336522359665,0.5578277539369912,0.03,1.47926188576508,1.4807381142349199,37.94868122561567,36.94877710788652,0.9999041177291511,0.07270542998307808,-0.05496875709704996,-0.075249833126971,18.2942411516263,6.624023001114195,125.17654089821743,0.0,1.6235650110117357,3.882337978425771,-0.1956662167408916,2,one_per_bay,True,35+35+24+8,4,102,24,35,8,A40-12L-V4-kv410-direct,17x12E,9.791113018181479,2.1125144886693157,17.041303239854507,0.34964824049564436,8.17657730111576,10.629550491450487,10.805752624691307,79.13862708992185,80.11481021144587,14.29806818906785,0.015355730642483384,0.015355730642483384,0.015355730642483384,0.0,7.583333333333333,0.015355730642483384,0.015355730642483384,0.015355730642483384,0.0,-178.36636419936107,0.0,383.5663704578442,2303.171677275926,1789.7396701210396,13.333333333333334,False,"SOC floor violated (min 0.015, unmet 0 Wh); FLAG 17x12E: shaft power table 30.3 W vs similarity 25.6 W (16%) at 2273 rpm, 10.81 m/s",2.4348902667327694,0.0,1.1121629587313988,True,1184.6442693575166
6.0,0.4326177866631937,1.882035103098679,2.0929311480819446,0.27985734072427,0.4,0.1372667312475502,0.0,1.0,3.0,0.1730471146652775,0.8604214934939245,1.04,1.04,0.20057754194108807,0.5315902789451251,0.03,1.56326831722421,1.39673168277579,35.35825142550823,34.370105464468104,0.9881459610401236,0.07270542998307808,-0.05072248634875836,-0.07032577365643408,17.693886269909168,7.383298328179205,104.22887058662428,0.0,1.5198615400947773,3.848405095964781,0.13065101854708672,3,one_per_bay,True,32+32+24+8,4,96,24,32,8,A40-12L-V4-kv410-direct,16x10E,10.843039822713408,2.0403348892530824,17.644162333164207,0.31445784505652946,8.755484058486868,11.382129276032929,11.570806629875209,94.73412678845696,96.48198573849795,10.992216821268933,0.10151976200493588,0.1914680784405655,0.10151976200493588,-0.0899483164356296,7.916666666666667,0.10151976200493588,0.10151976200493588,0.1914680784405655,-130.33511051522729,-142.69786485484792,0.0,0.0,2167.6909903773435,2171.097632423381,14.0,False,"SOC floor violated (min 0.102, unmet 0 Wh); morning depletion (0.191468 -> 0.101520, -130.335 Wh); FLAG 16x10E: (11.38 m/s, 2824 rpm) not on the map; used C_T(J) similarity; FLAG 16x10E: (11.57 m/s, 2873 rpm) not on the map; used C_T(J) similarity",2.2566562624416733,0.0,1.1326177866631937,True,1188.4285534306937
6.0,0.4089739270201656,2.0,2.3292078867045984,0.32006405214736866,0.4,0.4939923921278475,0.0,1.0,3.0,0.16358957080806624,1.7451011324770618,1.04,1.04,0.21243831113890627,0.55092110923421,0.03,1.5469557804024943,1.4130442195975057,37.65304578276376,36.63906089523599,1.013984887527769,0.07270542998307808,-0.05644868697427814,-0.07712387402463258,18.641067902924654,6.464052117533518,120.71564478277772,0.0,1.6368399034472108,3.899486392265191,-0.15320158252653812,2,one_per_bay,True,36+36+24+8,4,104,24,36,8,A40-12L-V4-kv410-direct,17x12E,9.875666529461407,2.145911011402585,16.776091743184683,0.3406532767526665,8.147656618262051,10.591953603740667,10.767532507257611,79.67863019951982,80.68059868277759,14.127246186918587,0.00999623739623473,0.009996237396236245,0.00999623739623473,-1.5144135945277526e-15,7.583333333333333,0.00999623739623473,0.00999623739623473,0.009996237396236245,-1.462923532313809e-12,-183.54363467523726,0.051228766884309586,415.2122901269657,2348.331906242122,1803.058285983504,13.25,False,"SOC floor violated (min 0.010, unmet 0 Wh); FLAG 17x12E: shaft power table 30.5 W vs similarity 25.8 W (15%) at 2274 rpm, 10.77 m/s",2.4967399236897987,0.0,1.1089739270201655,True,1190.5160502726085
6.0,0.4139739270201656,2.0,2.3292078867045984,0.32006405214736866,0.4,0.4939923921278475,0.0,1.0,3.0,0.16558957080806624,1.7451011324770618,1.04,1.04,0.21243831113890627,0.5376933659955688,0.03,1.5630152877509684,1.3969847122490315,37.150456527919616,36.1499473628506,1.0005091650690188,0.07270542998307808,-0.05644868697427814,-0.0771436378102466,18.877445359598394,6.462676805102673,119.5675523217657,0.0,1.6387626922437397,3.91134490405908,-0.19393564880281097,2,one_per_bay,True,38+38+24+8,4,108,24,38,8,A40-12L-V4-kv410-direct,17x12E,9.945973564881381,2.172146314800016,16.57346917871618,0.3327598159818516,8.127078892401986,10.565202560122582,10.740338021468032,80.12439685276486,81.14666389043684,13.992773008454712,0.008933363510763879,0.008933363510764462,0.008933363510763879,-5.828670879282072e-16,7.5,0.008933363510763879,0.008933363510763879,0.008933363510764462,-5.630496069386481e-13,-184.5703708486021,0.9609718652603925,495.18704921179597,2438.6523641745102,1813.9748951213198,13.25,False,"SOC floor violated (min 0.009, unmet 1 Wh); FLAG 17x12E: shaft power table 30.7 W vs similarity 26.0 W (15%) at 2275 rpm, 10.74 m/s",2.49770693734941,0.0,1.1139739270201656,True,1200.67635514184
6.0,0.4139739270201656,2.0,2.3292078867045984,0.32006405214736866,0.4,0.4939923921278475,0.0,1.0,3.0,0.16558957080806624,1.7463661514967421,1.045,1.045,0.21243831113890627,0.5401416383409052,0.029999999999999995,1.563496119114122,1.396503880885878,37.15937829343184,36.1479074653422,1.0114708280896434,0.07270542998307807,-0.05644868697427814,-0.07714694030873553,18.89734444508105,6.494760720584469,120.1199987996562,0.0,1.634309466161123,3.9115017160978125,-0.1752432684199213,2,one_per_bay,True,38+38+24+8,4,108,24,38,8,A40-12L-V4-kv410-direct,17x12E,9.947394460236179,2.1724605257348153,16.571072097074502,0.3343494848523298,8.127071606609706,10.565193088592618,10.740328392932016,80.1452269922695,81.16819347469526,13.990625952819613,0.009901726186982538,0.009901726186982538,0.009901726186982538,0.0,7.5,0.009901726186982538,0.009901726186982538,0.009901726186982538,0.0,-183.63493250337487,2.173417408767815,495.9037122021477,2438.6523641745102,1814.482337500554,13.25,False,"SOC floor violated (min 0.010, unmet 2 Wh); FLAG 17x12E: shaft power table 30.7 W vs similarity 26.0 W (15%) at 2275 rpm, 10.74 m/s",2.4977300384087577,0.0,1.1139739270201656,True,1211.8324479006956
6.0,0.4276177866631937,1.882035103098679,2.092931148081944,0.27985734072427,0.4,0.1372667312475502,0.0,1.0,3.0,0.1710471146652775,0.8604214934939245,1.04,1.04,0.20057754194108807,0.544094392534699,0.03,1.5382095214879512,1.4217904785120488,36.123484812023754,35.120119438638575,1.0033653733851764,0.07270542998307808,-0.050722486348758325,-0.07033320182246293,17.51211192270078,7.402351606119926,185.58605635022568,0.0,1.5153143059817076,3.8386155618884428,0.14998420163686388,3,one_per_bay,True,30+30+24+8,4,92,24,30,8,A40-12L-V4-kv410-direct,MJ-20x13E,10.82190965864718,2.016753624772601,17.85046996212003,0.32270523447518756,8.797937899686792,11.43731926959283,11.626911487577917,92.96855340281564,93.52099403378529,20.069366741442483,0.08959244166027075,0.20403936726850552,0.08959244166027075,-0.11444692560823477,7.916666666666667,0.08959244166027075,0.08959244166027075,0.20403936726850552,-165.83359520633218,-159.9805520342677,0.0,0.0,2077.3705324449547,2116.723651258033,14.083333333333334,False,"SOC floor violated (min 0.090, unmet 0 Wh); morning depletion (0.204039 -> 0.089592, -165.834 Wh); FLAG MJ-20x13E: thrust table 2.07 N vs similarity 2.76 N (25%) at 2064 rpm, 11.44 m/s; FLAG MJ-20x13E: thrust table 2.08 N vs similarity 2.72 N (24%) at 2092 rpm, 11.63 m/s",2.255809159523443,0.0,1.1276177866631936,True,1224.854482947964
6.0,0.4189739270201656,2.0,2.3292078867045984,0.32006405214736866,0.4,0.4939923921278475,0.0,1.0,3.0,0.16758957080806625,1.7451011324770618,1.04,1.04,0.21243831113890627,0.5249363675865896,0.029999999999999995,1.5786914894486102,1.3813085105513898,36.58973594535079,35.60391234150048,0.9858236038503075,0.07270542998307807,-0.05644868697427814,-0.0771437692051441,19.00990827317831,6.455783495172303,118.68512669534412,0.0,1.6392551624376661,3.9230968870642036,-0.22970338576675411,2,one_per_bay,True,38+38+24+8,4,108,24,38,8,A40-12L-V4-kv410-direct,17x12E,9.984278348602105,2.1983816181974474,16.37568277591314,0.32484356236372874,8.093980639324702,10.522174831122113,10.696597037693106,80.31849476995045,81.35719648563,13.887037923764174,0.00931503481267501,0.009315034812675392,0.00931503481267501,-3.8163916471489756e-16,7.5,0.00931503481267501,0.00931503481267501,0.009315034812675392,-3.6866343311459104e-13,-184.20167637095594,3.918355493081044,493.29924832451763,2438.6523641745102,1818.809917922373,13.25,False,"SOC floor violated (min 0.009, unmet 4 Wh); FLAG 17x12E: shaft power table 30.8 W vs similarity 26.1 W (15%) at 2273 rpm, 10.70 m/s",2.4986674806088836,0.0,1.1189739270201655,True,1229.8685201181354
6.0,0.4276177866631937,1.882035103098679,2.092931148081944,0.27985734072427,0.4,0.1372667312475502,0.0,1.0,3.0,0.1710471146652775,0.8604214934939245,1.04,1.04,0.20057754194108807,0.544094392534699,0.03,1.5382095214879512,1.4217904785120488,35.96960929053001,34.97051796132639,0.9990913292036191,0.07270542998307808,-0.050722486348758325,-0.07032623306773403,17.429898562952673,7.379447137658669,206.6004464369175,0.0,1.5179678580774938,3.8383429454540057,0.1496299109299578,3,one_per_bay,True,30+30+24+8,4,92,24,30,8,A40-12L-V4-kv410-direct,MJ-21x14EL,10.729909658647179,2.016753624772601,17.85046996212003,0.32270529953746163,8.760461247325354,11.38859962152296,11.577384231893076,92.31737385029957,96.133720901681,22.44219059518723,0.08449942017236488,0.21037498940766963,0.08449942017236488,-0.12587556923530474,8.0,0.08449942017236488,0.08449942017236488,0.21037498940766963,-182.39369982195657,-167.36034017024332,0.0,0.0,2077.3705324449543,2133.462414000049,14.083333333333334,False,"SOC floor violated (min 0.084, unmet 0 Wh); morning depletion (0.210375 -> 0.084499, -182.394 Wh); FLAG MJ-21x14EL: thrust table 2.05 N vs similarity 2.45 N (16%) at 1794 rpm, 11.39 m/s; FLAG MJ-21x14EL: thrust table 2.06 N vs similarity 2.71 N (24%) at 1856 rpm, 11.58 m/s",2.255809159523443,0.0,1.1276177866631936,True,1241.3761480629398
6.0,0.4276177866631937,1.882035103098679,2.092931148081944,0.27985734072427,0.4,0.1372667312475502,0.0,1.0,3.0,0.1710471146652775,0.8625783266658056,1.045,1.045,0.20057754194108807,0.5464235099138693,0.03,1.5389572941477416,1.4210427058522583,35.96609022858461,34.95623693393724,1.0098532946473702,0.07270542998307808,-0.05072248634875834,-0.07032779931947628,17.45328426115184,7.415959451448913,207.5459089651515,0.0,1.5140791856132236,3.8385748601279293,0.1629816170509002,3,one_per_bay,True,30+30+24+8,4,92,24,30,8,A40-12L-V4-kv410-direct,MJ-21x14EL,10.731635927894422,2.0173070049088975,17.845573287753382,0.3243718128603154,8.759964179772776,11.38795343370461,11.57672733245788,92.3409895483289,96.15786576133205,22.437369139057065,0.08387164406949271,0.2101429168703606,0.08387164406949271,-0.1262712728008679,8.0,0.08387164406949271,0.08387164406949271,0.2101429168703606,-182.96707428845758,-168.26998774330508,0.0,0.0,2077.3705324449543,2134.0344382721883,14.083333333333334,False,"SOC floor violated (min 0.084, unmet 0 Wh); morning depletion (0.210143 -> 0.083872, -182.967 Wh); FLAG MJ-21x14EL: thrust table 2.05 N vs similarity 2.45 N (16%) at 1794 rpm, 11.39 m/s; FLAG MJ-21x14EL: thrust table 2.06 N vs similarity 2.71 N (24%) at 1856 rpm, 11.58 m/s",2.255856284133295,0.0,1.1276177866631936,True,1242.3996277313752
6.0,0.4516278973966175,2.0,2.2372687817155676,0.2718247823976248,0.5159426838456409,0.2163272257465133,0.30367767985349836,0.8251477634013491,2.5726660488099142,0.23301410948237458,1.0847257685897818,1.1120562195498604,1.1120562195498604,0.20381876117366046,0.5,0.03,1.5635767569249,1.3964232430751,35.337685078584336,34.38291704573715,0.9547680328471861,0.07270542998307808,-0.05422052958744919,-0.0749951349183758,19.867831091060992,7.222390192860209,227.6740589121951,0.0,1.5111796965252409,3.654736275517661,-0.15198532529794648,3,one_per_bay,True,36+36+24+8,4,104,24,36,8,A40-12L-V4-kv410-direct,MJ-26x15EL,11.37527804360398,2.2910620297565774,15.713236713990218,0.3111685020157943,8.622921366077366,11.209797775900576,11.395618454103342,101.83505763272643,104.35722101680109,25.769110424103147,0.04218757540065907,0.13144277023464124,0.04218757540065907,-0.08925519483398217,7.916666666666667,0.04218757540065907,0.04218757540065907,0.13144277023464124,-129.33077731444016,-228.67020324444502,0.0,0.0,2348.331906242122,2349.473197308184,13.916666666666668,False,"SOC floor violated (min 0.042, unmet 0 Wh); morning depletion (0.131443 -> 0.042188, -129.331 Wh); FLAG MJ-26x15EL: shaft power table 41.3 W vs similarity 31.7 W (23%) at 1469 rpm, 11.21 m/s; FLAG MJ-26x15EL: shaft power table 41.3 W vs similarity 33.7 W (18%) at 1503 rpm, 11.40 m/s",2.4092003932958215,0.0,1.1516278973966174,True,1247.067618433323
6.0,0.4326177866631937,1.882035103098679,2.0929311480819446,0.27985734072427,0.4,0.1372667312475502,0.0,1.0,3.0,0.1730471146652775,0.8604214934939245,1.04,1.04,0.20057754194108807,0.5315902789451251,0.03,1.56326831722421,1.39673168277579,35.46589254927829,34.474738375518164,0.9911541737601247,0.07270542998307808,-0.05072248634875836,-0.07032949858539027,17.753081392327914,7.399752566147415,183.0903766242691,0.0,1.5179562666420858,3.8485992170562575,0.13090924340428295,3,one_per_bay,True,32+32+24+8,4,96,24,32,8,A40-12L-V4-kv410-direct,20x13E,10.909159245053091,2.0403348892530824,17.644162333164207,0.31445779806385926,8.782138378347453,11.41677989185169,11.606031636156693,96.6047289516837,97.01334463262668,19.760571169691918,0.06150613082865367,0.17329203964011214,0.06150613082865367,-0.11178590881145847,7.916666666666667,0.06150613082865367,0.06150613082865367,0.17329203964011214,-161.97778186780332,-200.67761642928085,0.0,0.0,2167.6909903773435,2202.565600343103,14.083333333333334,False,"SOC floor violated (min 0.062, unmet 0 Wh); morning depletion (0.173292 -> 0.061506, -161.978 Wh)",2.2566562624416733,0.0,1.1326177866631937,True,1250.2797769828048
6.0,0.4276177866631937,1.882035103098679,2.092931148081944,0.27985734072427,0.4,0.1372667312475502,0.0,1.0,3.0,0.1710471146652775,0.8604214934939245,1.04,1.04,0.20057754194108807,0.544094392534699,0.03,1.5382095214879512,1.4217904785120488,35.97296140946236,34.973776971853454,0.9991844376089042,0.07270542998307808,-0.050722486348758325,-0.07032640289120896,17.43168580990372,7.3799446158838,186.8027353979458,0.0,1.517909826004101,3.8383488967146047,0.1496376451484666,3,one_per_bay,True,30+30+24+8,4,92,24,30,8,A40-12L-V4-kv410-direct,MJ-20x13EL,10.73190965864718,2.016753624772601,17.85046996212003,0.32270529811739934,8.761277661753605,11.389660960279686,11.578463164070442,93.72182467046218,94.45857421440222,20.198288056370426,0.06847029924478278,0.196680653408847,0.06847029924478278,-0.12821035416406423,7.916666666666667,0.06847029924478278,0.06847029924478278,0.196680653408847,-185.77680318372907,-190.5865363943098,0.0,0.0,2077.3705324449547,2136.629891735155,14.083333333333334,False,"SOC floor violated (min 0.068, unmet 0 Wh); morning depletion (0.196681 -> 0.068470, -185.777 Wh); FLAG MJ-20x13EL: thrust table 2.05 N vs similarity 2.67 N (23%) at 2086 rpm, 11.39 m/s; FLAG MJ-20x13EL: thrust table 2.06 N vs similarity 2.62 N (21%) at 2115 rpm, 11.58 m/s",2.255809159523443,0.0,1.1276177866631936,True,1259.7400539192815
6.0,0.4326177866631937,1.882035103098679,2.0929311480819446,0.27985734072427,0.4,0.1372667312475502,0.0,1.0,3.0,0.1730471146652775,0.8604214934939245,1.04,1.04,0.20057754194108807,0.5315902789451251,0.03,1.56326831722421,1.39673168277579,35.38303599597235,34.39419738831615,0.9888386076561996,0.07270542998307808,-0.05072248634875836,-0.0703267067549037,17.70750011240497,7.38708067199905,119.9484012473331,0.0,1.5194218868988028,3.848449845028827,0.13071054488057726,3,one_per_bay,True,32+32+24+8,4,96,24,32,8,A40-12L-V4-kv410-direct,17x10E,10.858246133045501,2.0403348892530824,17.644162333164207,0.31445783422479917,8.761621265584122,11.39010764525936,11.578917253582071,96.74317721568002,98.5148269082801,12.720877704320179,0.048567111679105,0.17193922635759692,0.048567111679105,-0.12337211467849193,7.916666666666667,0.048567111679105,0.048567111679105,0.17193922635759692,-178.76619416913482,-219.4262551769769,0.0,0.0,2167.6909903773435,2219.4051126279282,14.083333333333334,False,"SOC floor violated (min 0.049, unmet 0 Wh); morning depletion (0.171939 -> 0.048567, -178.766 Wh); FLAG 17x10E: (11.39 m/s, 2711 rpm) not on the map; used C_T(J) similarity; FLAG 17x10E: (11.58 m/s, 2758 rpm) not on the map; used C_T(J) similarity",2.2566562624416733,0.0,1.1326177866631937,True,1274.805001999387
6.0,0.4326177866631937,1.882035103098679,2.0929311480819446,0.27985734072427,0.4,0.1372667312475502,0.0,1.0,3.0,0.1730471146652775,0.8604214934939245,1.04,1.04,0.20057754194108807,0.5315902789451251,0.03,1.4432683172242098,1.5167316827757902,35.83977602611071,34.91017135069859,0.9296046754121254,0.07270542998307808,-0.05072248634875836,-0.070029952543014,17.366766377291565,7.10030424163839,158.93002539147557,0.0,1.5851302389805295,3.844504952585341,0.12556802727218513,2,one_per_bay,True,32+32+24+8,4,96,24,32,8,A40-12L-V4-kv410-direct,18x12E,9.596336134119186,2.0403348892530824,17.644162333164207,0.3144530295824848,8.236778003624542,10.707811404711904,10.885310840211847,79.9138710925787,80.6333192928249,16.996258880057614,0.007489203538148944,0.007489203538148944,0.007489203538148944,0.0,7.666666666666667,0.007489203538148944,0.007489203538148944,0.007489203538148944,0.0,-185.96542938214813,9.53032075842868,242.23689895169255,2167.6909903773435,1805.4871123244761,13.5,False,"SOC floor violated (min 0.007, unmet 10 Wh); FLAG 18x12E: shaft power table 29.7 W vs similarity 24.9 W (16%) at 2155 rpm, 10.71 m/s; FLAG 18x12E: shaft power table 30.4 W vs similarity 25.0 W (18%) at 2186 rpm, 10.89 m/s",2.2566562624416733,0.0,1.1326177866631937,True,1287.8140040461378
6.0,0.4326177866631937,1.882035103098679,2.0929311480819446,0.27985734072427,0.4,0.1372667312475502,0.0,1.0,3.0,0.1730471146652775,0.8604214934939245,1.04,1.04,0.20057754194108807,0.5315902789451251,0.03,1.56326831722421,1.39673168277579,35.31498438683598,34.32804759615317,0.9869367906828107,0.07270542998307808,-0.05072248634875836,-0.07032403606061405,17.670143110201074,7.376704410743518,194.57111218828317,0.0,1.5206304347746413,3.84832690118679,0.13054700190960722,3,one_per_bay,True,32+32+24+8,4,96,24,32,8,A40-12L-V4-kv410-direct,MJ-20p5x12ELW,10.816519326762531,2.0403348892530824,17.644162333164207,0.314457863982416,8.744770184014008,11.36820123921821,11.556647713137526,97.41118207405887,98.06655765311947,21.073996330503345,0.038549106853340974,0.1654117617598331,0.038549106853340974,-0.12686265490649212,7.916666666666667,0.038549106853340974,0.038549106853340974,0.1654117617598331,-183.8239869595071,-233.94234416950894,0.0,0.0,2167.6909903773435,2224.3675109364244,14.083333333333334,False,"SOC floor violated (min 0.039, unmet 0 Wh); morning depletion (0.165412 -> 0.038549, -183.824 Wh); FLAG MJ-20p5x12ELW: thrust table 2.07 N vs similarity 2.68 N (23%) at 2030 rpm, 11.37 m/s; FLAG MJ-20p5x12ELW: thrust table 2.08 N vs similarity 2.63 N (21%) at 2058 rpm, 11.56 m/s",2.2566562624416733,0.0,1.1326177866631937,True,1288.313547053151
6.0,0.4326177866631937,1.882035103098679,2.0929311480819446,0.27985734072427,0.4,0.1372667312475502,0.0,1.0,3.0,0.1730471146652775,0.8604214934939245,1.04,1.04,0.20057754194108807,0.5315902789451251,0.03,1.56326831722421,1.39673168277579,35.29538947825615,34.30900030033668,0.9863891779194671,0.07270542998307808,-0.05072248634875836,-0.07032320354883748,17.659399799931734,7.3737219121593895,201.06274878766476,0.0,1.520979232983947,3.8482914565734663,0.13049985261543917,3,one_per_bay,True,32+32+24+8,4,96,24,32,8,A40-12L-V4-kv410-direct,MJ-21x13p5EL,10.80451932676253,2.0403348892530824,17.644162333164207,0.31445787256062485,8.739918051830387,11.361893467379502,11.550235379694369,96.407054496827,100.46926947627666,21.829327029874346,0.04179111568964256,0.17518806145039248,0.04179111568964256,-0.13339694576074992,8.0,0.04179111568964256,0.04179111568964256,0.17518806145039248,-193.29217440732663,-229.24467336570797,0.0,0.0,2167.6909903773435,2234.052939803387,14.083333333333334,False,"SOC floor violated (min 0.042, unmet 0 Wh); morning depletion (0.175188 -> 0.041791, -193.292 Wh); FLAG MJ-21x13p5EL: thrust table 2.07 N vs similarity 2.47 N (16%) at 1771 rpm, 11.36 m/s; FLAG MJ-21x13p5EL: thrust table 2.08 N vs similarity 2.72 N (24%) at 1833 rpm, 11.55 m/s",2.2566562624416733,0.0,1.1326177866631937,True,1291.6058290711073
6.0,0.4226177866631937,1.882035103098679,2.092931148081944,0.27985734072427,0.4,0.1372667312475502,0.0,1.0,3.0,0.1690471146652775,0.8604214934939245,1.04,1.04,0.20057754194108807,0.5570449356958532,0.03,1.5125577834631256,1.4474422165368743,36.69910164419454,35.68582377312598,1.0132778710685626,0.07270542998307808,-0.05072248634875833,-0.07033013201879136,17.259578051022153,7.392167876599393,208.17572951737412,0.0,1.5154103411487478,3.828460359113516,0.16840360569591417,3,one_per_bay,True,29+29+24+8,4,90,24,29,8,A40-12L-V4-kv410-direct,MJ-21x14EL,10.679297845409144,1.9931723602921187,18.06165925094599,0.331255082662405,8.79132397320772,11.428721165170037,11.618170855553194,92.38107874329253,96.2643310884564,22.61691371738212,0.04871666952260789,0.20714682449680902,0.04871666952260789,-0.15843015497420113,8.0,0.04871666952260789,0.04871666952260789,0.20714682449680902,-229.56529455761742,-219.2095458617412,0.0,0.0,2032.210303478758,2135.6548089285475,14.083333333333334,False,"SOC floor violated (min 0.049, unmet 0 Wh); morning depletion (0.207147 -> 0.048717, -229.565 Wh); FLAG MJ-21x14EL: thrust table 2.04 N vs similarity 2.46 N (17%) at 1799 rpm, 11.43 m/s; FLAG MJ-21x14EL: thrust table 2.05 N vs similarity 2.73 N (25%) at 1863 rpm, 11.62 m/s; FLAG MJ-21x14EL: shaft power table 33.7 W vs similarity 39.9 W (15%) at 1863 rpm, 11.62 m/s",2.2549558924595665,0.0,1.1226177866631937,True,1309.7134844515933
6.0,0.4326177866631937,1.882035103098679,2.0929311480819446,0.27985734072427,0.4,0.1372667312475502,0.0,1.0,3.0,0.1730471146652775,0.8604214934939245,1.04,1.04,0.20057754194108807,0.5315902789451251,0.03,1.56326831722421,1.39673168277579,35.46589254927829,34.474738375518164,0.9911541737601247,0.07270542998307808,-0.05072248634875836,-0.07032949858539027,17.753081392327914,7.399752566147415,174.48059927544668,0.0,1.5179562666420858,3.8485992170562575,0.13090924340428295,3,one_per_bay,True,32+32+24+8,4,96,24,32,8,A40-12L-V4-kv410-direct,20x11E,10.909159245053091,2.0403348892530824,17.644162333164207,0.31445779806385926,8.782138378347453,11.41677989185169,11.606031636156693,98.2104886523686,99.25226683075057,18.776249597857436,0.014823018657941124,0.15760079731339213,0.014823018657941124,-0.14277777865545102,7.916666666666667,0.014823018657941124,0.014823018657941124,0.15760079731339213,-206.88500127174854,-268.3214459646433,0.0,0.0,2167.6909903773435,2247.3826945924616,14.083333333333334,False,"SOC floor violated (min 0.015, unmet 0 Wh); morning depletion (0.157601 -> 0.014823, -206.885 Wh); FLAG 20x11E: thrust table 2.09 N vs similarity 1.76 N (16%) at 2263 rpm, 11.42 m/s; FLAG 20x11E: shaft power table 39.6 W vs similarity 30.5 W (23%) at 2263 rpm, 11.42 m/s; FLAG 20x11E: thrust table 2.09 N vs similarity 1.74 N (17%) at 2297 rpm, 11.61 m/s; FLAG 20x11E: shaft power table 40.4 W vs similarity 30.7 W (24%) at 2297 rpm, 11.61 m/s",2.2566562624416733,0.0,1.1326177866631937,True,1327.95475899751
6.0,0.400438367674474,1.999999988711605,2.2397323396264284,0.3050743795134008,0.4,0.3923138015873843,0.0,1.0,3.0,0.16017534706978961,1.4929382279367132,1.04,1.04,0.2078559779438005,0.5921555248608263,0.030000000000000002,1.5338448889811103,1.4261551110188897,36.736226134484696,35.709864024252134,1.026362110232561,0.0727054299830781,-0.05428023426651498,-0.07441194869526767,17.88668133145423,6.713175367860565,148.7116855032366,0.0,1.6172077557850697,3.8495896378300203,-0.1529444015706195,2,one_per_bay,True,35+35+24+8,4,102,24,35,8,A40-12L-V4-kv410-direct,18x12E,9.692509409403918,2.04053899245307,17.64239749063651,0.37445781877478024,8.277535077365814,10.760795600575559,10.939173335524451,80.70509521028535,81.4465467814585,16.8944213410196,0.008196058192856301,0.008196058192856301,0.008196058192856537,2.3592239273284576e-16,7.583333333333333,0.008196058192856301,0.008196058192856537,0.008196058192856301,2.27901031379929e-13,-185.28260778570083,14.166130868201897,362.4723681393379,2303.171677275926,1824.8311018060303,13.333333333333334,False,"SOC floor violated (min 0.008, unmet 14 Wh); FLAG 18x12E: shaft power table 30.2 W vs similarity 25.2 W (17%) at 2164 rpm, 10.76 m/s; FLAG 18x12E: shaft power table 30.8 W vs similarity 25.3 W (18%) at 2195 rpm, 10.94 m/s",2.4044259664263556,0.0,1.100438367674474,True,1333.4652504891628
6.0,0.4326177866631937,1.882035103098679,2.0929311480819446,0.27985734072427,0.4,0.1372667312475502,0.0,1.0,3.0,0.1730471146652775,0.8604214934939245,1.04,1.04,0.20057754194108807,0.5315902789451251,0.03,1.4432683172242098,1.5167316827757902,35.69791742228302,34.771992245907654,0.9259251763753683,0.07270542998307808,-0.05072248634875836,-0.07000155057694192,17.298889420202933,7.081971200281886,218.87422281005658,0.0,1.5879033407282106,3.844251674964362,0.12523111426771755,2,one_per_bay,True,32+32+24+8,4,96,24,32,8,A40-12L-V4-kv410-direct,MJ-21x13EL,9.52051932676253,2.0403348892530824,17.644162333164207,0.3144530907101093,8.204175739961354,10.66542846194976,10.84222533105861,80.41754771070313,83.10307971913726,23.69523438531736,0.007360648403279167,0.007360648403279167,0.007360648403279167,0.0,7.666666666666667,0.007360648403279167,0.007360648403279167,0.007360648403279167,0.0,-186.08961364243234,16.41348526899384,216.4330577439461,2167.6909903773435,1838.219231145419,13.5,False,"SOC floor violated (min 0.007, unmet 16 Wh)",2.2566562624416733,0.0,1.1326177866631937,True,1356.7742042866594
6.0,0.40716295873139896,2.0,2.2681424390108305,0.3108677225179244,0.4,0.4122547602018288,0.0,1.0,3.0,0.1628651834925596,1.5423918053005354,1.04,1.04,0.20960336522359665,0.5716122309119915,0.03,1.5804429230147057,1.3795570769852943,35.653551393829375,34.63674951254854,1.0168018812808375,0.07270542998307808,-0.05496875709704996,-0.07526628808785657,18.2315342041853,6.625238371509439,144.82461498856614,0.0,1.6250904885423663,3.8709553071022054,-0.047040971476874416,2,one_per_bay,True,36+36+24+8,4,104,24,36,8,A40-12L-V4-kv410-direct,18x12E,9.785733708952858,2.086887313253414,17.250572070360978,0.35163930916114416,8.224368490397383,10.691679037516598,10.868911052722869,81.16928563908134,81.93060971779708,16.63651925697373,0.007350819433428793,0.007350819433428793,0.007350819433428793,0.0,7.583333333333333,0.007350819433428793,0.007350819433428793,0.007350819433428793,0.0,-186.09910842730778,17.410012385041338,399.3275838550433,2348.331906242122,1836.1836455109124,13.333333333333334,False,"SOC floor violated (min 0.007, unmet 17 Wh); FLAG 18x12E: shaft power table 30.3 W vs similarity 25.4 W (16%) at 2161 rpm, 10.69 m/s; FLAG 18x12E: shaft power table 31.0 W vs similarity 25.6 W (18%) at 2192 rpm, 10.87 m/s",2.4339395531540142,0.0,1.107162958731399,True,1366.7493044169846
6.0,0.4276177866631937,1.882035103098679,2.092931148081944,0.27985734072427,0.4,0.1372667312475502,0.0,1.0,3.0,0.1710471146652775,0.8604214934939245,1.04,1.04,0.20057754194108807,0.544094392534699,0.03,1.418209521487951,1.5417904785120489,36.31385783147843,35.37605210327542,0.9378057282030096,0.07270542998307808,-0.050722486348758325,-0.06998270124282856,17.076766961522136,7.089917488264677,220.90151147987723,0.0,1.5847465739990967,3.834300237146802,0.144639183134316,2,one_per_bay,True,30+30+24+8,4,92,24,30,8,A40-12L-V4-kv410-direct,MJ-21x13EL,9.453909658647179,2.016753624772601,17.85046996212003,0.32269150120033313,8.223082814652098,10.690007659047728,10.867211968430322,80.11490578969376,82.81233874749255,23.911452330349064,0.008294557548915562,0.008294557548915562,0.008294557548915562,0.0,7.75,0.008294557548915562,0.008294557548915562,0.008294557548915562,0.0,-185.1874574077476,18.180885568477393,135.66066870784738,2077.3705324449547,1830.8559989297198,13.583333333333332,False,"SOC floor violated (min 0.008, unmet 18 Wh)",2.255809159523443,0.0,1.1276177866631936,True,1373.5142981358583
6.0,0.4326177866631937,1.882035103098679,2.0929311480819446,0.27985734072427,0.4,0.1372667312475502,0.0,1.0,3.0,0.1730471146652775,0.8604214934939245,1.04,1.04,0.20057754194108807,0.5315902789451251,0.03,1.4432683172242098,1.5167316827757902,35.904744692162716,34.97345487296863,0.9312898191940852,0.07270542998307808,-0.05072248634875836,-0.07004244437920397,17.397942667733787,7.108738815949019,197.67701512696758,0.0,1.5838668476106867,3.8446206146208173,0.12572188246034027,2,one_per_bay,True,32+32+24+8,4,96,24,32,8,A40-12L-V4-kv410-direct,20x13E,9.631159245053091,2.0403348892530824,17.644162333164207,0.3144530016609181,8.251709248704648,10.727222023316044,10.905043221472678,80.58879581147305,82.02634792234188,21.300583353964527,0.009222408156485753,0.00922240815648671,0.009222408156485753,-9.575673587391975e-16,7.666666666666667,0.009222408156485753,0.009222408156485753,0.00922240815648671,-9.250100685420648e-13,-184.29115372083476,20.43997622483005,229.42670448922576,2167.6909903773435,1829.2253966394615,13.5,False,"SOC floor violated (min 0.009, unmet 20 Wh); FLAG 20x13E: (10.73 m/s, 1932 rpm) not on the map; used C_T(J) similarity; FLAG 20x13E: (10.91 m/s, 1965 rpm) not on the map; used C_T(J) similarity",2.2566562624416733,0.0,1.1326177866631937,True,1395.1773540918148
6.0,0.400438367674474,1.999999988711605,2.2397323396264284,0.3050743795134008,0.4,0.3923138015873843,0.0,1.0,3.0,0.16017534706978961,1.4929382279367132,1.04,1.04,0.2078559779438005,0.5921555248608263,0.030000000000000002,1.5338448889811103,1.4261551110188897,36.802159663562385,35.773955456763034,1.028204206799354,0.0727054299830781,-0.05428023426651498,-0.07443071104879741,17.917800408154363,6.7205703165630055,184.9471689247564,0.0,1.6159253062788543,3.849704154272164,-0.15280781043783506,2,one_per_bay,True,35+35+24+8,4,102,24,35,8,A40-12L-V4-kv410-direct,20x13E,9.727332520337823,2.04053899245307,17.64239749063651,0.37445788428554505,8.29239145095512,10.780108886241658,10.958806770395073,81.60701482876169,83.0637761749057,21.173238843847837,0.009337361584404305,0.009337361584404654,0.009337361584404305,-3.4867941867133823e-16,7.583333333333333,0.009337361584404305,0.009337361584404305,0.009337361584404654,-3.3682431843651273e-13,-184.18010870946546,27.362032311050115,346.51993405465663,2303.171677275926,1853.985746803647,13.416666666666668,False,"SOC floor violated (min 0.009, unmet 27 Wh); FLAG 20x13E: (10.78 m/s, 1941 rpm) not on the map; used C_T(J) similarity; FLAG 20x13E: (10.96 m/s, 1975 rpm) not on the map; used C_T(J) similarity",2.4044259664263556,0.0,1.100438367674474,True,1464.2829615260969
6.0,0.4139739270201656,2.0,2.3292078867045984,0.32006405214736866,0.4,0.4939923921278475,0.0,1.0,3.0,0.16558957080806624,1.7451011324770618,1.04,1.04,0.21243831113890627,0.5376933659955688,0.03,1.5630152877509684,1.3969847122490315,37.180494277641436,36.179176157671094,1.0013181199703438,0.07270542998307808,-0.05644868697427814,-0.07715319612070266,18.89195470981352,6.4658470602488025,137.47255550348027,0.0,1.6381642282650062,3.9113965187381137,-0.19386698682259734,2,one_per_bay,True,38+38+24+8,4,108,24,38,8,A40-12L-V4-kv410-direct,18x12E,9.962063565955066,2.172146314800016,16.57346917871618,0.3327598217690561,8.133649986933651,10.573744983013746,10.749022048948943,82.25830096950276,83.09082212094812,16.177041245969196,0.009705368621079175,0.009705368621081033,0.009705368621079175,-1.8578888427711604e-15,7.5,0.009705368621079175,0.009705368621079175,0.009705368621081033,-1.794720622116941e-12,-183.82461391203753,30.128702262184547,475.09881797110535,2438.6523641745102,1863.1488256461087,13.25,False,"SOC floor violated (min 0.010, unmet 30 Wh); FLAG 18x12E: shaft power table 30.7 W vs similarity 25.9 W (15%) at 2159 rpm, 10.57 m/s; FLAG 18x12E: shaft power table 31.5 W vs similarity 26.1 W (17%) at 2190 rpm, 10.75 m/s",2.49770693734941,0.0,1.1139739270201656,True,1491.5816540007663
6.0,0.4139739270201656,2.0,2.3292078867045984,0.32006405214736866,0.4,0.4939923921278475,0.0,1.0,3.0,0.16558957080806624,1.7451011324770618,1.04,1.04,0.21243831113890627,0.5376933659955688,0.03,1.5630152877509684,1.3969847122490315,37.24542113626048,36.2423544531989,1.0030666830615855,0.07270542998307808,-0.05644868697427814,-0.07717360457212989,18.92335686509034,6.472714631930969,171.0111327167051,0.0,1.6368734573359818,3.911507941986863,-0.1937187626970373,2,one_per_bay,True,38+38+24+8,4,108,24,38,8,A40-12L-V4-kv410-direct,20x13E,9.996886676888971,2.172146314800016,16.57346917871618,0.3327598342624398,8.147853465209517,10.592209504772372,10.767792650266221,82.80526753313116,84.28187518951896,20.283494434929604,0.008155804583148175,0.008155804583149365,0.008155804583148175,-1.1900203045200897e-15,7.583333333333333,0.008155804583148175,0.008155804583148175,0.008155804583149365,-1.1495596141664066e-12,-185.32149277267885,36.01054143831947,460.90401747754873,2438.6523641745102,1883.199953101312,13.25,False,"SOC floor violated (min 0.008, unmet 36 Wh); FLAG 20x13E: (10.59 m/s, 1931 rpm) not on the map; used C_T(J) similarity; FLAG 20x13E: (10.77 m/s, 1964 rpm) not on the map; used C_T(J) similarity",2.49770693734941,0.0,1.1139739270201656,True,1551.9496098000463
6.0,0.4326177866631937,1.882035103098679,2.0929311480819446,0.27985734072427,0.4,0.1372667312475502,0.0,1.0,3.0,0.1730471146652775,0.8604214934939245,1.04,1.04,0.20057754194108807,0.5315902789451251,0.03,1.4432683172242098,1.5167316827757902,35.78128657894278,34.85319899067735,0.9280875882654319,0.07270542998307808,-0.05072248634875836,-0.07001842993534699,17.33874754531504,7.092731436823169,112.63791320740029,0.0,1.5862711956220554,3.8444006458497078,0.12542927712434915,2,one_per_bay,True,32+32+24+8,4,96,24,32,8,A40-12L-V4-kv410-direct,16x10E,9.565039822713407,2.0403348892530824,17.644162333164207,0.31445305475905716,8.223335827213448,10.690336575377483,10.867546337084613,82.10358176356512,83.60023571066658,11.880529786578203,0.009607945058049919,0.009607945058049919,0.009607945058049919,0.0,7.666666666666667,0.009607945058049919,0.009607945058049919,0.009607945058049919,0.0,-183.9187250739238,41.355084653202375,213.46354147981202,2167.6909903773435,1866.0761076078545,13.583333333333332,False,"SOC floor violated (min 0.010, unmet 41 Wh); FLAG 16x10E: (10.69 m/s, 2661 rpm) not on the map; used C_T(J) similarity; FLAG 16x10E: (10.87 m/s, 2707 rpm) not on the map; used C_T(J) similarity",2.2566562624416733,0.0,1.1326177866631937,True,1603.942901473974
6.0,0.4326177866631937,1.882035103098679,2.0929311480819446,0.27985734072427,0.4,0.1372667312475502,0.0,1.0,3.0,0.1730471146652775,0.8604214934939245,1.04,1.04,0.20057754194108807,0.5315902789451251,0.03,1.4432683172242098,1.5167316827757902,35.93963912680941,35.0074442230085,0.9321949038009142,0.07270542998307808,-0.05072248634875836,-0.07004902078110138,17.414710647488167,7.11327892084471,214.05953952315008,0.0,1.5831899974106456,3.8446826499194526,0.1258044026771018,2,one_per_bay,True,32+32+24+8,4,96,24,32,8,A40-12L-V4-kv410-direct,21x13E,9.649888645210762,2.0403348892530824,17.644162333164207,0.31445298668344296,8.259728766224441,10.737647396091774,10.915641411803055,82.24445092905158,83.69363893841222,23.137948522072545,0.007781444849691197,0.007781444849691197,0.007781444849691197,0.0,7.666666666666667,0.007781444849691197,0.007781444849691197,0.007781444849691197,0.0,-185.6831242751983,41.51943201293658,210.71664308785253,2167.6909903773435,1868.9625307280896,13.583333333333332,False,"SOC floor violated (min 0.008, unmet 42 Wh); FLAG 21x13E: (10.74 m/s, 1884 rpm) not on the map; used C_T(J) similarity; FLAG 21x13E: (10.92 m/s, 1917 rpm) not on the map; used C_T(J) similarity",2.2566562624416733,0.0,1.1326177866631937,True,1607.4128752796746
6.0,0.4326177866631937,1.882035103098679,2.0929311480819446,0.27985734072427,0.4,0.1372667312475502,0.0,1.0,3.0,0.1730471146652775,0.8604214934939245,1.04,1.04,0.20057754194108807,0.5315902789451251,0.03,1.56326831722421,1.39673168277579,35.43232627370826,34.44211016612207,0.9902161075861918,0.07270542998307808,-0.05072248634875836,-0.07032842820489399,17.734602971817136,7.394613964452394,249.6652414178202,0.0,1.5185492359868795,3.8485387465833982,0.13082880400558267,3,one_per_bay,True,32+32+24+8,4,96,24,32,8,A40-12L-V4-kv410-direct,MJ-26x15EL,10.88851932676253,2.0403348892530824,17.644162333164207,0.3144578127038145,8.773826627092578,11.405974615220352,11.595047244444789,98.93434439405488,101.53493929027884,27.32276930766355,0.0076337974256003895,0.150400059743411,0.0076337974256003895,-0.14276626231781062,8.0,0.0076337974256003895,0.0076337974256003895,0.150400059743411,-206.8683140985076,-278.73862753030505,32.79135343507271,0.0,2167.6909903773435,2280.213498178198,14.083333333333334,False,"SOC floor violated (min 0.008, unmet 33 Wh); morning depletion (0.150400 -> 0.007634, -206.868 Wh); FLAG MJ-26x15EL: shaft power table 40.0 W vs similarity 30.4 W (24%) at 1476 rpm, 11.41 m/s; FLAG MJ-26x15EL: shaft power table 39.9 W vs similarity 32.7 W (18%) at 1511 rpm, 11.60 m/s",2.2566562624416733,0.0,1.1326177866631937,True,1663.0459982429375
6.0,0.4003635886140048,1.8362995451907054,2.0438181729076756,0.27067385703608315,0.4,0.1501685555143599,0.0,0.9754409482749449,3.0,0.16014543544560192,0.8924180176756126,1.04,1.04,0.19805192208993772,0.5933645902706752,0.03,1.5239143323207816,1.4360856676792184,37.238206764377416,36.18389346266209,1.0543133017153257,0.07270542998307808,-0.04953222635616054,-0.06884822257922023,16.63935068841864,7.623930787639045,111.47994107802542,0.0,1.4965568821985398,3.7878632972324815,0.12994390076880236,3,one_per_bay,True,28+28+24+8,4,88,24,28,8,A40-12L-V4-kv410-direct,16x10E,10.551956038394554,1.895902080239063,18.98832243248586,0.3612667385660495,8.96012148943493,11.648157936265411,11.841245148969913,94.02639182343322,95.75721385751012,11.524356922810327,0.009894253113033439,0.18870110349367308,0.009894253113033439,-0.17880685038063965,8.0,0.009894253113033439,0.009894253113033439,0.18870110349367308,-259.09112620154684,-275.4632272392146,33.47470823386715,0.0,1987.0500745125653,2153.5089185946586,14.25,False,"SOC floor violated (min 0.010, unmet 33 Wh); morning depletion (0.188701 -> 0.009894, -259.091 Wh); FLAG 16x10E: (11.65 m/s, 2845 rpm) not on the map; used C_T(J) similarity; FLAG 16x10E: (11.84 m/s, 2894 rpm) not on the map; used C_T(J) similarity",2.20472033840682,0.0,1.1003635886140049,True,1703.6596786062778
6.0,0.400438367674474,1.999999988711605,2.2397323396264284,0.3050743795134008,0.4,0.3923138015873843,0.0,1.0,3.0,0.16017534706978961,1.4929382279367132,1.04,1.04,0.2078559779438005,0.5921555248608263,0.030000000000000002,1.5338448889811103,1.4261551110188897,36.76837480135153,35.74111449941452,1.0272603019370061,0.0727054299830781,-0.05428023426651498,-0.07442114038140968,17.901847775982244,6.716778295675131,165.90424275751383,0.0,1.616581941093343,3.849645500793783,-0.1528777702132042,2,one_per_bay,True,35+35+24+8,4,102,24,35,8,A40-12L-V4-kv410-direct,19x12E,9.709481081968663,2.04053899245307,17.64239749063651,0.37445785073172955,8.284778927529045,10.770212605787759,10.948746442954567,83.8160147519516,84.36882317927571,18.927698217691376,0.0037882644022310336,0.0037882644022310336,0.0037882644022312357,2.0209528495129803e-16,7.666666666666667,0.0037882644022310336,0.0037882644022312357,0.0037882644022310336,1.952240452629539e-13,-189.54053658744482,51.805683152177565,327.3608721686553,2303.171677275926,1897.4349099027002,13.416666666666668,False,"SOC floor violated (min 0.004, unmet 52 Wh); FLAG 19x12E: shaft power table 31.4 W vs similarity 26.3 W (16%) at 2133 rpm, 10.95 m/s",2.4044259664263556,0.0,1.100438367674474,True,1714.2685671195445
6.0,0.4326177866631937,1.882035103098679,2.0929311480819446,0.27985734072427,0.4,0.1372667312475502,0.0,1.0,3.0,0.1730471146652775,0.8604214934939245,1.04,1.04,0.20057754194108807,0.5315902789451251,0.03,1.56326831722421,1.39673168277579,35.40924199328416,34.41967101484166,0.9895709784424996,0.07270542998307808,-0.05072248634875836,-0.0703276441996983,17.721905101885692,7.391084024214309,137.54979445501266,0.0,1.5189576446805906,3.848497126428618,0.13077343980390066,3,one_per_bay,True,32+32+24+8,4,96,24,32,8,A40-12L-V4-kv410-direct,18x10E,10.874336134119186,2.0403348892530824,17.644162333164207,0.31445782277939394,8.768110449365842,11.398543584175595,11.587493031942518,99.27138457560513,101.08043018001294,14.670436092398942,0.008167310905771637,0.14715839287006915,0.008167310905771637,-0.13899108196429752,8.0,0.008167310905771637,0.008167310905771637,0.14715839287006915,-201.3980777662671,-277.96556649753694,38.54545513470392,0.0,2167.6909903773435,2280.4529320582265,14.083333333333334,False,"SOC floor violated (min 0.008, unmet 39 Wh); morning depletion (0.147158 -> 0.008167, -201.398 Wh); FLAG 18x10E: (11.40 m/s, 2627 rpm) not on the map; used C_T(J) similarity; FLAG 18x10E: (11.59 m/s, 2672 rpm) not on the map; used C_T(J) similarity",2.2566562624416733,0.0,1.1326177866631937,True,1716.2783214055653
6.0,0.4326177866631937,1.882035103098679,2.0929311480819446,0.27985734072427,0.4,0.1372667312475502,0.0,1.0,3.0,0.1730471146652775,0.8604214934939245,1.04,1.04,0.20057754194108807,0.5315902789451251,0.03,1.4432683172242098,1.5167316827757902,35.8714543789969,34.94102803703946,0.9304263419574439,0.07270542998307808,-0.05072248634875836,-0.07003608378787797,17.38196070597096,7.1044138861568085,177.3229700458721,0.0,1.584513697430668,3.8445613749063714,0.12564308098892274,2,one_per_bay,True,32+32+24+8,4,96,24,32,8,A40-12L-V4-kv410-direct,19x12E,9.613307806683931,2.0403348892530824,17.644162333164207,0.31445301596232444,8.244058393994559,10.717275912192926,10.894932237338352,83.03948175711368,83.58601710210253,19.042688781644006,0.009752392543637613,0.009752392543637613,0.009752392543637613,0.0,7.666666666666667,0.009752392543637613,0.009752392543637613,0.009752392543637613,0.0,-183.77918880284608,54.25336025400105,213.75151200996902,2167.6909903773435,1878.6406386810415,13.583333333333332,False,"SOC floor violated (min 0.010, unmet 54 Wh); FLAG 19x12E: shaft power table 30.9 W vs similarity 26.1 W (16%) at 2124 rpm, 10.89 m/s",2.2566562624416733,0.0,1.1326177866631937,True,1732.7812099963728
6.0,0.4276177866631937,1.882035103098679,2.092931148081944,0.27985734072427,0.4,0.1372667312475502,0.0,1.0,3.0,0.1710471146652775,0.8604214934939245,1.04,1.04,0.20057754194108807,0.544094392534699,0.03,1.5382095214879512,1.4217904785120488,36.003116435195395,35.00309441204314,1.0000220231522567,0.07270542998307808,-0.050722486348758325,-0.07032789438920231,17.44777103246313,7.384422817115632,196.20007913412812,0.0,1.517388233048683,3.8384024082057,0.14970718833450175,3,one_per_bay,True,30+30+24+8,4,92,24,30,8,A40-12L-V4-kv410-direct,MJ-20p5x12ELW,10.74990965864718,2.016753624772601,17.85046996212003,0.3227052853481863,8.768621971006802,11.399208562308843,11.588169033172719,97.11458166585246,97.77538496356564,21.25453752949737,0.006480442718127939,0.16343177694516853,0.006480442718127939,-0.15695133422704058,8.0,0.006480442718127939,0.006480442718127939,0.16343177694516853,-227.4224832949818,-280.4098385014326,39.10434435645303,0.0,2077.3705324449543,2217.1927921331753,14.25,False,"SOC floor violated (min 0.006, unmet 39 Wh); morning depletion (0.163432 -> 0.006480, -227.422 Wh); FLAG MJ-20p5x12ELW: thrust table 2.05 N vs similarity 2.66 N (23%) at 2032 rpm, 11.40 m/s; FLAG MJ-20p5x12ELW: thrust table 2.06 N vs similarity 2.61 N (21%) at 2059 rpm, 11.59 m/s",2.255809159523443,0.0,1.1276177866631936,True,1741.514334073443
6.0,0.40716295873139896,2.0,2.2681424390108305,0.3108677225179244,0.4,0.4122547602018288,0.0,1.0,3.0,0.1628651834925596,1.5423918053005354,1.04,1.04,0.20960336522359665,0.5716122309119915,0.03,1.5804429230147057,1.3795570769852943,35.68445547749997,34.6667722441746,1.0176832333253623,0.07270542998307808,-0.05496875709704996,-0.07527570931530023,18.24675211966525,6.628751111668032,161.58628715593446,0.0,1.624463120234735,3.8710106383453655,-0.04697169299080994,2,one_per_bay,True,36+36+24+8,4,104,24,36,8,A40-12L-V4-kv410-direct,19x12E,9.802705381517603,2.086887313253414,17.250572070360978,0.35163929742891553,8.231497277349275,10.700946460554059,10.878332098409768,84.25951849430406,84.84371238945346,18.64161474539813,0.005959798351690206,0.005959798351690206,0.005959798351690206,0.0,7.583333333333333,0.005959798351690206,0.005959798351690206,0.005959798351690206,0.0,-187.4428347922673,57.60498367450743,367.2006209740644,2348.331906242122,1908.4111625869562,13.416666666666668,False,"SOC floor violated (min 0.006, unmet 58 Wh); FLAG 19x12E: shaft power table 31.5 W vs similarity 26.6 W (16%) at 2130 rpm, 10.88 m/s",2.4339395531540142,0.0,1.107162958731399,True,1770.090038393384
6.0,0.4276177866631937,1.882035103098679,2.092931148081944,0.27985734072427,0.4,0.1372667312475502,0.0,1.0,3.0,0.1710471146652775,0.8604214934939245,1.04,1.04,0.20057754194108807,0.544094392534699,0.03,1.5382095214879512,1.4217904785120488,35.98301589259195,34.98355218181015,0.9994637107818002,0.07270542998307808,-0.050722486348758325,-0.07032690743407295,17.437047550756855,7.3814371703553485,202.7602928285533,0.0,1.5177358226200452,3.838366743844213,0.14966083916025114,3,one_per_bay,True,30+30+24+8,4,92,24,30,8,A40-12L-V4-kv410-direct,MJ-21x13p5EL,10.73790965864718,2.016753624772601,17.85046996212003,0.3227052938587211,8.763726448703363,11.392844383314372,11.581699357533207,96.22526169504552,100.32762300354516,22.01782095861898,0.009724356025510538,0.17198805189269245,0.009724356025510538,-0.16226369586718192,8.0,0.009724356025510538,0.009724356025510538,0.17198805189269245,-235.1200953115466,-275.7094081190353,43.74381207360814,0.0,2077.3705324449543,2229.7461668813457,14.166666666666668,False,"SOC floor violated (min 0.010, unmet 44 Wh); morning depletion (0.171988 -> 0.009724, -235.120 Wh); FLAG MJ-21x13p5EL: thrust table 2.05 N vs similarity 2.46 N (17%) at 1774 rpm, 11.39 m/s; FLAG MJ-21x13p5EL: thrust table 2.06 N vs similarity 2.72 N (24%) at 1836 rpm, 11.58 m/s",2.255809159523443,0.0,1.1276177866631936,True,1789.977459577753
6.0,0.4326177866631937,1.882035103098679,2.0929311480819446,0.27985734072427,0.4,0.1372667312475502,0.0,1.0,3.0,0.1730471146652775,0.8604214934939245,1.04,1.04,0.20057754194108807,0.5315902789451251,0.03,1.4432683172242098,1.5167316827757902,35.86625148281847,34.93596009250273,0.9302913903157362,0.07270542998307808,-0.05072248634875836,-0.07003508205256685,17.37946424722301,7.103738519682189,270.25061627939345,0.0,1.5846148912026103,3.844552111447499,0.1256307586126562,2,one_per_bay,True,32+32+24+8,4,96,24,32,8,A40-12L-V4-kv410-direct,MJ-26x15EL,9.61051932676253,2.0403348892530824,17.644162333164207,0.31445301819854243,8.242862652682824,10.715721448487672,10.893352005862283,83.53638931261538,85.0022104799012,29.50521657332321,0.009952920579025516,0.009952920579025516,0.009952920579025516,0.0,7.75,0.009952920579025516,0.009952920579025516,0.009952920579025516,0.0,-183.58547872066134,61.27387011184423,199.30039472949107,2167.6909903773435,1900.142313995314,13.583333333333332,False,"SOC floor violated (min 0.010, unmet 61 Wh); FLAG MJ-26x15EL: thrust table 1.87 N vs similarity 1.55 N (17%) at 1376 rpm, 10.72 m/s; FLAG MJ-26x15EL: shaft power table 36.2 W vs similarity 23.8 W (34%) at 1376 rpm, 10.72 m/s; FLAG MJ-26x15EL: thrust table 1.88 N vs similarity 1.57 N (16%) at 1401 rpm, 10.89 m/s; FLAG MJ-26x15EL: shaft power table 36.1 W vs similarity 24.5 W (32%) at 1401 rpm, 10.89 m/s",2.2566562624416733,0.0,1.1326177866631937,True,1802.7857805394167
6.0,0.4326177866631937,1.882035103098679,2.0929311480819446,0.27985734072427,0.4,0.1372667312475502,0.0,1.0,3.0,0.1730471146652775,0.8604214934939245,1.04,1.04,0.20057754194108807,0.5315902789451251,0.03,1.4432683172242098,1.5167316827757902,35.809717473075345,34.88089245017604,0.9288250228993012,0.07270542998307808,-0.05072248634875836,-0.07002406372278343,17.35236138781084,7.09641002944707,129.7166456844741,0.0,1.5857161703864024,3.8444513691600117,0.12549674990983406,2,one_per_bay,True,32+32+24+8,4,96,24,32,8,A40-12L-V4-kv410-direct,17x10E,9.5802461330455,2.0403348892530824,17.644162333164207,0.3144530425163679,8.229869879302498,10.698830843093248,10.87618141113956,83.69168850101568,85.2063190130483,13.750227284171551,0.007979524820164842,0.00797952482016603,0.007979524820164842,-1.1882855810441129e-15,7.75,0.007979524820164842,0.007979524820164842,0.00797952482016603,-1.147883871288613e-12,-185.49177902372077,61.51088633984024,195.27990449134393,2167.6909903773435,1904.3779251913752,13.583333333333332,False,"SOC floor violated (min 0.008, unmet 62 Wh); FLAG 17x10E: (10.70 m/s, 2555 rpm) not on the map; used C_T(J) similarity; FLAG 17x10E: (10.88 m/s, 2599 rpm) not on the map; used C_T(J) similarity",2.2566562624416733,0.0,1.1326177866631937,True,1807.1293385782378
6.0,0.4326177866631937,1.882035103098679,2.0929311480819446,0.27985734072427,0.4,0.1372667312475502,0.0,1.0,3.0,0.1730471146652775,0.8604214934939245,1.04,1.04,0.20057754194108807,0.5315902789451251,0.03,1.4432683172242098,1.5167316827757902,35.70541578816159,34.779296120727636,0.9261196674339505,0.07270542998307808,-0.05072248634875836,-0.0700030907160946,17.30247052362605,7.082937365345284,199.1860658276827,0.0,1.587756260133993,3.8442650878939513,0.12524895630194205,2,one_per_bay,True,32+32+24+8,4,96,24,32,8,A40-12L-V4-kv410-direct,MJ-20x11EWL,9.524519326762531,2.0403348892530824,17.644162333164207,0.3144530874734726,8.205899031286801,10.667668740672841,10.8445027460548,84.27721044649832,84.66652277446937,21.470930903804703,0.007364882013317131,0.007364882013317131,0.007364882013317131,0.0,7.75,0.007364882013317131,0.007364882013317131,0.007364882013317131,0.0,-186.08552397513566,68.85504975606331,200.23636877631603,2167.6909903773435,1906.70838746566,13.583333333333332,False,"SOC floor violated (min 0.007, unmet 69 Wh); FLAG MJ-20x11EWL: thrust table 1.86 N vs similarity 2.21 N (16%) at 2006 rpm, 10.67 m/s",2.2566562624416733,0.0,1.1326177866631937,True,1881.185615547316
6.0,0.4326177866631937,1.882035103098679,2.0929311480819446,0.27985734072427,0.4,0.1372667312475502,0.0,1.0,3.0,0.1730471146652775,0.8604214934939245,1.04,1.04,0.20057754194108807,0.5315902789451251,0.03,1.4432683172242098,1.5167316827757902,35.87744567140784,34.94686392855077,0.930581742857073,0.07270542998307808,-0.05072248634875836,-0.07003723475365195,17.38483590235768,7.105191782266621,218.59543534672267,0.0,1.584397202752431,3.844572040395337,0.1256572683656636,2,one_per_bay,True,32+32+24+8,4,96,24,32,8,A40-12L-V4-kv410-direct,MJ-21x13E,9.61651932676253,2.0403348892530824,17.644162333164207,0.31445301338757775,8.245435326303166,10.719065924194117,10.896751921707473,84.54402227774285,87.69404334005137,23.676166337045398,0.0038577850910452858,0.0038577850910472312,0.0038577850910452858,-1.945492378307989e-15,7.75,0.0038577850910452858,0.0038577850910452858,0.0038577850910472312,-1.8793456374455175e-12,-189.47337960205027,69.2450591282029,165.78842322277112,2167.6909903773435,1941.6067523096915,13.666666666666666,False,"SOC floor violated (min 0.004, unmet 69 Wh); FLAG MJ-21x13E: thrust table 1.87 N vs similarity 0.00 N (100%) at 1733 rpm, 10.72 m/s; FLAG MJ-21x13E: thrust table 1.88 N vs similarity 0.00 N (100%) at 1789 rpm, 10.90 m/s",2.2566562624416733,0.0,1.1326177866631937,True,1888.5928061909838
6.0,0.4139739270201656,2.0,2.3292078867045984,0.32006405214736866,0.4,0.4939923921278475,0.0,1.0,3.0,0.16558957080806624,1.7451011324770618,1.04,1.04,0.21243831113890627,0.5376933659955688,0.03,1.5630152877509684,1.3969847122490315,37.212151707101434,36.209981012189154,1.0021706949122817,0.07270542998307808,-0.05644868697427814,-0.07716318996997089,18.907259117802713,6.469193025259316,153.4131695698812,0.0,1.6375343862776124,3.9114508714439244,-0.19379468250114104,2,one_per_bay,True,38+38+24+8,4,108,24,38,8,A40-12L-V4-kv410-direct,19x12E,9.979035238519812,2.172146314800016,16.57346917871618,0.3327598278633276,8.140575404567718,10.582748025938034,10.758174331991158,85.33420871472417,85.9341561137832,18.13178072484371,0.008705128021205825,0.008705128021205825,0.008705128021205825,0.0,7.583333333333333,0.008705128021205825,0.008705128021205825,0.008705128021205825,0.0,-184.79084633151518,70.29143986864759,443.89642321241377,2438.6523641745102,1934.4204480766716,13.333333333333334,False,"SOC floor violated (min 0.009, unmet 70 Wh); FLAG 19x12E: shaft power table 31.9 W vs similarity 27.1 W (15%) at 2126 rpm, 10.76 m/s",2.49770693734941,0.0,1.1139739270201656,True,1894.20927066527
6.0,0.4276177866631937,1.882035103098679,2.092931148081944,0.27985734072427,0.4,0.1372667312475502,0.0,1.0,3.0,0.1710471146652775,0.8604214934939245,1.04,1.04,0.20057754194108807,0.544094392534699,0.03,1.418209521487951,1.5417904785120489,36.49776719411577,35.55521200485159,0.9425551892641795,0.07270542998307808,-0.050722486348758325,-0.0700201781985562,17.16255481517233,7.113146917981006,220.60863695629186,0.0,1.5812455130317804,3.834622848420731,0.14505844466577228,2,one_per_bay,True,30+30+24+8,4,92,24,30,8,A40-12L-V4-kv410-direct,MJ-21x13E,9.549909658647179,2.016753624772601,17.85046996212003,0.3226914243282856,8.264728126102478,10.74414656393322,10.922248313949812,84.2617168743973,87.4301999899958,23.891587080197027,0.004664425657425617,0.0046644256574570105,0.004664425657425617,-3.139329074475228e-14,7.833333333333333,0.004664425657425617,0.004664425657425617,0.0046644256574570105,-3.03259188594307e-11,-188.69416481492686,71.62526766748303,85.14428440136989,2077.3705324449547,1934.7581569204208,13.75,False,"SOC floor violated (min 0.005, unmet 72 Wh); FLAG MJ-21x13E: thrust table 1.86 N vs similarity 0.00 N (100%) at 1735 rpm, 10.74 m/s; FLAG MJ-21x13E: thrust table 1.86 N vs similarity 0.00 N (100%) at 1791 rpm, 10.92 m/s",2.255809159523443,0.0,1.1276177866631936,True,1911.5882510174047
6.0,0.40716295873139896,2.0,2.2681424390108305,0.3108677225179244,0.4,0.4122547602018288,0.0,1.0,3.0,0.1628651834925596,1.5423918053005354,1.04,1.04,0.20960336522359665,0.5716122309119915,0.03,1.5804429230147057,1.3795570769852943,35.624228008328636,34.608262399238846,1.015965609089792,0.07270542998307808,-0.05496875709704996,-0.07525727266116311,18.21710685322873,6.621910078485001,118.2110159878402,0.0,1.6256866403303118,3.8709027616088165,-0.04710676200905495,2,one_per_bay,True,36+36+24+8,4,104,24,36,8,A40-12L-V4-kv410-direct,17x10E,9.769643707879172,2.086887313253414,17.250572070360978,0.3516393203023798,8.217604330353966,10.682885629460156,10.859971879588283,85.08177902636349,86.63174224655148,13.457759388853923,0.009473722313111402,0.009473722313111402,0.009473722313111402,0.0,7.666666666666667,0.009473722313111402,0.009473722313111402,0.009473722313111402,0.0,-184.0483842455344,72.12599532592448,351.82534349297043,2348.3319062421215,1938.3664740463744,13.416666666666668,False,"SOC floor violated (min 0.009, unmet 72 Wh); FLAG 17x10E: (10.68 m/s, 2563 rpm) not on the map; used C_T(J) similarity; FLAG 17x10E: (10.86 m/s, 2607 rpm) not on the map; used C_T(J) similarity",2.4339395531540142,0.0,1.107162958731399,True,1911.7862309461334
6.0,0.4326177866631937,1.882035103098679,2.0929311480819446,0.27985734072427,0.4,0.1372667312475502,0.0,1.0,3.0,0.1730471146652775,0.8604214934939245,1.04,1.04,0.20057754194108807,0.5315902789451251,0.03,1.4432683172242098,1.5167316827757902,35.69791742228302,34.771992245907654,0.9259251763753683,0.07270542998307808,-0.05072248634875836,-0.07000155057694192,17.298889420202933,7.081971200281886,200.14715624936903,0.0,1.5879033407282106,3.844251674964362,0.12523111426771755,2,one_per_bay,True,32+32+24+8,4,96,24,32,8,A40-12L-V4-kv410-direct,MJ-20x13EL,9.52051932676253,2.0403348892530824,17.644162333164207,0.3144530907101093,8.204175739961354,10.66542846194976,10.84222533105861,84.85306135811763,85.05515517519478,21.589078405862402,0.0071397177245667055,0.0071397177245667055,0.0071397177245667055,0.0,7.75,0.0071397177245667055,0.0071397177245667055,0.0071397177245667055,0.0,-186.30303267806858,76.50142991751312,196.01844911869563,2167.6909903773435,1918.5617753713016,13.666666666666666,False,"SOC floor violated (min 0.007, unmet 77 Wh); FLAG MJ-20x13EL: thrust table 1.86 N vs similarity 2.56 N (27%) at 1990 rpm, 10.67 m/s; FLAG MJ-20x13EL: thrust table 1.86 N vs similarity 2.54 N (27%) at 2015 rpm, 10.84 m/s",2.2566562624416733,0.0,1.1326177866631937,True,1957.8745814505646
6.0,0.4326177866631937,1.882035103098679,2.0929311480819446,0.27985734072427,0.4,0.1372667312475502,0.0,1.0,3.0,0.1730471146652775,0.8604214934939245,1.04,1.04,0.20057754194108807,0.5315902789451251,0.03,1.4432683172242098,1.5167316827757902,35.86625148281847,34.93596009250273,0.9302913903157362,0.07270542998307808,-0.05072248634875836,-0.07003508205256685,17.37946424722301,7.103738519682189,198.67465676632605,0.0,1.5846148912026103,3.844552111447499,0.1256307586126562,2,one_per_bay,True,32+32+24+8,4,96,24,32,8,A40-12L-V4-kv410-direct,MJ-20x13E,9.61051932676253,2.0403348892530824,17.644162333164207,0.31445301819854243,8.242862652682824,10.715721448487672,10.893352005862283,85.07118204722173,85.04390598937891,21.441205683895564,0.004405290133232843,0.004405290133232843,0.004405290133232843,0.0,7.75,0.004405290133232843,0.004405290133232843,0.004405290133232843,0.0,-188.94448973129707,76.86496439935331,193.4702133874202,2167.6909903773435,1921.4265165356214,13.666666666666666,False,"SOC floor violated (min 0.004, unmet 77 Wh); FLAG MJ-20x13E: thrust table 1.87 N vs similarity 2.68 N (30%) at 1970 rpm, 10.72 m/s; FLAG MJ-20x13E: thrust table 1.88 N vs similarity 2.63 N (28%) at 1995 rpm, 10.89 m/s",2.2566562624416733,0.0,1.1326177866631937,True,1964.2443538603002
6.0,0.4276177866631937,1.882035103098679,2.092931148081944,0.27985734072427,0.4,0.1372667312475502,0.0,1.0,3.0,0.1710471146652775,0.8604214934939245,1.04,1.04,0.20057754194108807,0.544094392534699,0.03,1.418209521487951,1.5417904785120489,36.31385783147843,35.37605210327542,0.9378057282030096,0.07270542998307808,-0.050722486348758325,-0.06998270124282856,17.076766961522136,7.089917488264677,202.0059768260785,0.0,1.5847465739990967,3.834300237146802,0.144639183134316,2,one_per_bay,True,30+30+24+8,4,92,24,30,8,A40-12L-V4-kv410-direct,MJ-20x13EL,9.453909658647179,2.016753624772601,17.85046996212003,0.32269150120033313,8.223082814652098,10.690007659047728,10.867211968430322,84.4913732923686,84.69524138775482,21.78691335853255,0.008782254370430054,0.008782254370430346,0.008782254370430054,-2.914335439641036e-16,7.75,0.008782254370430054,0.008782254370430054,0.008782254370430346,-2.8152480346932407e-13,-184.71634227816457,78.60363060012656,116.91228137039279,2077.3705324449547,1909.8826069945644,13.75,False,"SOC floor violated (min 0.009, unmet 79 Wh); FLAG MJ-20x13EL: thrust table 1.84 N vs similarity 2.57 N (28%) at 1990 rpm, 10.69 m/s; FLAG MJ-20x13EL: thrust table 1.85 N vs similarity 2.52 N (27%) at 2016 rpm, 10.87 m/s",2.255809159523443,0.0,1.1276177866631936,True,1977.2540516308354
6.0,0.4276177866631937,1.882035103098679,2.092931148081944,0.27985734072427,0.4,0.1372667312475502,0.0,1.0,3.0,0.1710471146652775,0.8604214934939245,1.04,1.04,0.20057754194108807,0.544094392534699,0.03,1.418209521487951,1.5417904785120489,36.48630001704658,35.54404096774064,0.9422590493059378,0.07270542998307808,-0.050722486348758325,-0.0700179149241272,17.157193074319196,7.111693055833545,200.50631319965558,0.0,1.581462877094751,3.8346027804267737,0.14503236453759305,2,one_per_bay,True,30+30+24+8,4,92,24,30,8,A40-12L-V4-kv410-direct,MJ-20x13E,9.543909658647179,2.016753624772601,17.85046996212003,0.32269142911105764,8.262131443945274,10.740770877128856,10.918816669631855,84.67726592099261,84.65344085343791,21.63676396846906,0.006435972608328264,0.006435972608328264,0.006435972608328264,0.0,7.75,0.006435972608328264,0.006435972608328264,0.006435972608328264,0.0,-186.9828504603549,78.9134516478332,115.05861898662289,2077.3705324449547,1912.0101751613824,13.75,False,"SOC floor violated (min 0.006, unmet 79 Wh); FLAG MJ-20x13E: thrust table 1.86 N vs similarity 2.66 N (30%) at 1970 rpm, 10.74 m/s; FLAG MJ-20x13E: thrust table 1.86 N vs similarity 2.61 N (29%) at 1996 rpm, 10.92 m/s",2.255809159523443,0.0,1.1276177866631936,True,1982.6985438700037
6.0,0.4326177866631937,1.882035103098679,2.0929311480819446,0.27985734072427,0.4,0.1372667312475502,0.0,1.0,3.0,0.1730471146652775,0.8604214934939245,1.04,1.04,0.20057754194108807,0.5315902789451251,0.03,1.4432683172242098,1.5167316827757902,35.904744692162716,34.97345487296863,0.9312898191940852,0.07270542998307808,-0.05072248634875836,-0.07004244437920397,17.397942667733787,7.108738815949019,199.55273109664816,0.0,1.5838668476106867,3.8446206146208173,0.12572188246034027,2,one_per_bay,True,32+32+24+8,4,96,24,32,8,A40-12L-V4-kv410-direct,MJ-20x11EW,9.631159245053091,2.0403348892530824,17.644162333164207,0.3144530016609181,8.251709248704648,10.727222023316044,10.905043221472678,85.233014096881,85.57991663895487,21.528724562495206,0.009582265492315932,0.009582265492316364,0.009582265492315932,-4.3194614551822497e-16,7.75,0.009582265492315932,0.009582265492315932,0.009582265492316364,-4.172599765706053e-13,-183.94353153442282,84.05677570738987,192.99368475904114,2167.6909903773435,1929.1769979265796,13.666666666666666,False,"SOC floor violated (min 0.010, unmet 84 Wh); FLAG MJ-20x11EW: thrust table 1.88 N vs similarity 2.25 N (17%) at 1989 rpm, 10.73 m/s",2.2566562624416733,0.0,1.1326177866631937,True,2030.985491581583
6.0,0.4326177866631937,1.882035103098679,2.0929311480819446,0.27985734072427,0.4,0.1372667312475502,0.0,1.0,3.0,0.1730471146652775,0.8604214934939245,1.04,1.04,0.20057754194108807,0.5315902789451251,0.03,1.56326831722421,1.39673168277579,35.28558794340059,34.29947268590109,0.9861152574995078,0.07270542998307808,-0.05072248634875836,-0.07032277643222706,17.65402814479706,7.37223092556294,202.4276358424655,0.0,1.521153840320587,3.8482737195016554,0.13047625833092125,3,one_per_bay,True,32+32+24+8,4,96,24,32,8,A40-12L-V4-kv410-direct,MJ-21x13EL,10.79851932676253,2.0403348892530824,17.644162333164207,0.3144578768531094,8.737490975300393,11.35873826789051,11.54702787762859,100.54561038566891,100.75357403960939,21.96740876956564,0.009287477028248,0.13473869739485894,0.009287477028248,-0.12545122036661094,8.0,0.009287477028248,0.009287477028248,0.13473869739485894,-181.77881831121925,-276.34244578606865,72.91350572294725,0.0,2167.6909903773435,2295.1396251864576,14.166666666666668,False,"SOC floor violated (min 0.009, unmet 73 Wh); morning depletion (0.134739 -> 0.009287, -181.779 Wh); FLAG MJ-21x13EL: thrust table 2.07 N vs similarity 3.00 N (31%) at 1902 rpm, 11.36 m/s; FLAG MJ-21x13EL: shaft power table 34.7 W vs similarity 43.6 W (20%) at 1902 rpm, 11.36 m/s; FLAG MJ-21x13EL: thrust table 2.08 N vs similarity 2.94 N (29%) at 1927 rpm, 11.55 m/s; FLAG MJ-21x13EL: shaft power table 35.9 W vs similarity 43.5 W (17%) at 1927 rpm, 11.55 m/s",2.2566562624416733,0.0,1.1326177866631937,True,2045.2987995678354
6.0,0.4326177866631937,1.882035103098679,2.0929311480819446,0.27985734072427,0.4,0.1372667312475502,0.0,1.0,3.0,0.1730471146652775,0.8604214934939245,1.04,1.04,0.20057754194108807,0.5315902789451251,0.03,1.4432683172242098,1.5167316827757902,35.83977602611071,34.91017135069859,0.9296046754121254,0.07270542998307808,-0.05072248634875836,-0.070029952543014,17.366766377291565,7.10030424163839,148.84520775677794,0.0,1.5851302389805295,3.844504952585341,0.12556802727218513,2,one_per_bay,True,32+32+24+8,4,96,24,32,8,A40-12L-V4-kv410-direct,18x10E,9.596336134119186,2.0403348892530824,17.644162333164207,0.3144530295824848,8.236778003624542,10.707811404711904,10.885310840211847,85.744965063866,87.28995524353712,15.86062529249042,0.0031043038166655053,0.0031043038166655053,0.0031043038166658236,3.183217578417441e-16,7.75,0.0031043038166655053,0.0031043038166658236,0.0031043038166655053,3.074988180751248e-13,-190.20124251310114,84.95268989961362,169.18189049983079,2167.6909903773435,1953.844060056066,13.666666666666666,False,"SOC floor violated (min 0.003, unmet 85 Wh); FLAG 18x10E: (10.71 m/s, 2475 rpm) not on the map; used C_T(J) similarity; FLAG 18x10E: (10.89 m/s, 2517 rpm) not on the map; used C_T(J) similarity",2.2566562624416733,0.0,1.1326177866631937,True,2046.4225951794708
6.0,0.4326177866631937,1.882035103098679,2.0929311480819446,0.27985734072427,0.4,0.1372667312475502,0.0,1.0,3.0,0.1730471146652775,0.8604214934939245,1.04,1.04,0.20057754194108807,0.5315902789451251,0.03,1.56326831722421,1.39673168277579,35.41605203834303,34.42629074170752,0.9897612966355133,0.07270542998307808,-0.05072248634875836,-0.07032787955155977,17.72565021325935,7.3921250460068055,180.17298659771603,0.0,1.5188371091099095,3.8485094075239235,0.1307897764322078,3,one_per_bay,True,32+32+24+8,4,96,24,32,8,A40-12L-V4-kv410-direct,MJ-20x11E,10.87851932676253,2.0403348892530824,17.644162333164207,0.31445781980638643,8.769796766945094,11.400735797028622,11.589721584298474,100.38304923935743,101.45974576143954,19.44564273503163,0.007512105598186723,0.13631143727606448,0.007512105598186723,-0.12879933167787777,8.0,0.007512105598186723,0.007512105598186723,0.13631143727606448,-186.6302316012449,-278.91495898822745,72.65611724128743,0.0,2167.6909903773435,2299.780697545046,14.166666666666668,False,"SOC floor violated (min 0.008, unmet 73 Wh); morning depletion (0.136311 -> 0.007512, -186.630 Wh); FLAG MJ-20x11E: thrust table 2.08 N vs similarity 2.46 N (15%) at 2177 rpm, 11.40 m/s",2.2566562624416733,0.0,1.1326177866631937,True,2047.8483974925655
6.0,0.3976644505810516,2.0,2.206615619970481,0.2832673490312594,0.4,0.027175964004110903,0.0,1.0,3.0,0.15906578023242066,0.5873963907301951,1.04,1.04,0.2015318323355471,0.719557584504712,0.029999999999999995,1.6193980722784906,1.3406019277215093,35.07203466619609,33.93062455708301,1.141410109113079,0.07270542998307807,-0.05347764581911008,-0.07394587916214737,16.47984609797859,7.124463464998046,189.32279069773816,0.0,1.5289800606032977,3.7521146720018215,0.549872280781218,3,one_per_bay,True,26+26+24+8,4,84,24,26,8,A40-12L-V4-kv410-direct,MJ-20x13EL,10.395392770959441,1.8103426902362263,19.885737763441057,0.42414042807114993,9.1011321057707,11.83147173750191,12.02759767539581,92.87777853532809,93.79796592442062,21.544490306579778,0.009658887779837247,0.19472207054344876,0.009658887779837247,-0.1850631827636115,8.083333333333334,0.009658887779837247,0.009658887779837247,0.19472207054344876,-268.15655182447307,-275.80427160701583,78.60960792122765,0.0,1896.729616580175,2117.8851473266864,14.416666666666666,False,"SOC floor violated (min 0.010, unmet 79 Wh); morning depletion (0.194722 -> 0.009659, -268.157 Wh); FLAG MJ-20x13EL: thrust table 1.94 N vs similarity 2.53 N (23%) at 2120 rpm, 11.83 m/s; FLAG MJ-20x13EL: thrust table 1.95 N vs similarity 2.49 N (22%) at 2150 rpm, 12.03 m/s",2.354048744312274,0.0,1.0976644505810516,True,2161.5003731960505
6.0,0.4326177866631937,1.882035103098679,2.0929311480819446,0.27985734072427,0.4,0.1372667312475502,0.0,1.0,3.0,0.1730471146652775,0.8604214934939245,1.04,1.04,0.20057754194108807,0.5315902789451251,0.03,1.4432683172242098,1.5167316827757902,35.8714543789969,34.94102803703946,0.9304263419574439,0.07270542998307808,-0.05072248634875836,-0.07003608378787797,17.38196070597096,7.1044138861568085,166.83580540251833,0.0,1.584513697430668,3.8445613749063714,0.12564308098892274,2,one_per_bay,True,32+32+24+8,4,96,24,32,8,A40-12L-V4-kv410-direct,19x10E,9.613307806683931,2.0403348892530824,17.644162333164207,0.31445301596232444,8.244058393994559,10.717275912192926,10.894932237338352,86.53523616036057,89.85961516345537,17.855144484250125,0.00821143215518784,0.008211432155188488,0.00821143215518784,-6.487865800153259e-16,7.833333333333333,0.00821143215518784,0.00821143215518784,0.008211432155188488,-6.267278362948048e-13,-185.26775653808858,100.65481137240435,147.9373482540023,2167.6909903773435,1990.9205526303886,13.75,False,"SOC floor violated (min 0.008, unmet 101 Wh); FLAG 19x10E: thrust table 1.87 N vs similarity 1.55 N (17%) at 2338 rpm, 10.72 m/s; FLAG 19x10E: shaft power table 34.0 W vs similarity 25.2 W (26%) at 2338 rpm, 10.72 m/s; FLAG 19x10E: (10.89 m/s, 2441 rpm) not on the map; used C_T(J) similarity",2.2566562624416733,0.0,1.1326177866631937,True,2198.336681568856
6.0,0.4326177866631937,1.882035103098679,2.0929311480819446,0.27985734072427,0.4,0.1372667312475502,0.0,1.0,3.0,0.1730471146652775,0.8604214934939245,1.04,1.04,0.20057754194108807,0.5315902789451251,0.03,1.56326831722421,1.39673168277579,35.422562629716374,34.43261938362606,0.9899432460903133,0.07270542998307808,-0.05072248634875836,-0.07032810137327694,17.729231316682462,7.393120556498603,195.84783149713823,0.0,1.5187219142987662,3.848521146382792,0.13080539176425415,3,one_per_bay,True,32+32+24+8,4,96,24,32,8,A40-12L-V4-kv410-direct,MJ-20p5x12EW,10.88251932676253,2.0403348892530824,17.644162333164207,0.3144578169646122,8.771408933177375,11.402831613130587,11.591852141970024,101.04858895097344,101.70287301766542,21.220326800051737,0.009660935505009844,0.1297914571281653,0.009660935505009844,-0.12013052162315546,8.0,0.009660935505009844,0.009660935505009844,0.1297914571281653,-174.06912583195228,-275.80130445324073,96.9635370349262,0.0,2167.6909903773435,2311.545404473603,14.25,False,"SOC floor violated (min 0.010, unmet 97 Wh); morning depletion (0.129791 -> 0.009661, -174.069 Wh); FLAG MJ-20p5x12EW: thrust table 2.08 N vs similarity 2.82 N (26%) at 2052 rpm, 11.40 m/s; FLAG MJ-20p5x12EW: thrust table 2.09 N vs similarity 2.76 N (24%) at 2079 rpm, 11.59 m/s",2.2566562624416733,0.0,1.1326177866631937,True,2280.1049554674073
6.0,0.4326177866631937,1.882035103098679,2.0929311480819446,0.27985734072427,0.4,0.1372667312475502,0.0,1.0,3.0,0.1730471146652775,0.8604214934939245,1.04,1.04,0.20057754194108807,0.5315902789451251,0.03,1.4432683172242098,1.5167316827757902,35.904744692162716,34.97345487296863,0.9312898191940852,0.07270542998307808,-0.05072248634875836,-0.07004244437920397,17.397942667733787,7.108738815949019,188.76007650088906,0.0,1.5838668476106867,3.8446206146208173,0.12572188246034027,2,one_per_bay,True,32+32+24+8,4,96,24,32,8,A40-12L-V4-kv410-direct,20x11E,9.631159245053091,2.0403348892530824,17.644162333164207,0.3144530016609181,8.251709248704648,10.727222023316044,10.905043221472678,87.41014389935516,88.07479038089456,20.284920846259705,0.004969094905761449,0.004969094905762188,0.004969094905761449,-7.389922007661198e-16,7.75,0.004969094905761449,0.004969094905761449,0.004969094905762188,-7.138664659400717e-13,-188.39985432103447,109.58020944232074,162.98003963453078,2167.6909903773435,1984.6560800202988,13.75,False,"SOC floor violated (min 0.005, unmet 110 Wh); FLAG 20x11E: shaft power table 33.3 W vs similarity 27.2 W (18%) at 2152 rpm, 10.73 m/s; FLAG 20x11E: shaft power table 34.1 W vs similarity 27.2 W (20%) at 2182 rpm, 10.91 m/s",2.2566562624416733,0.0,1.1326177866631937,True,2290.832999517446
6.0,0.4326177866631937,1.882035103098679,2.0929311480819446,0.27985734072427,0.4,0.1372667312475502,0.0,1.0,3.0,0.1730471146652775,0.8604214934939245,1.04,1.04,0.20057754194108807,0.5315902789451251,0.03,1.4432683172242098,1.5167316827757902,35.73164767704206,34.80484761231627,0.9268000647257866,0.07270542998307808,-0.05072248634875836,-0.07000844442858162,17.315004385606947,7.0863198816007085,210.49590952921673,0.0,1.587242161181922,3.8443119888278674,0.12531134447558318,2,one_per_bay,True,32+32+24+8,4,96,24,32,8,A40-12L-V4-kv410-direct,MJ-20p5x12ELW,9.53851932676253,2.0403348892530824,17.644162333164207,0.31445307615548085,8.211927703038732,10.675506013950352,10.852469934917302,87.88456947958332,88.05169326401085,22.74934547302218,0.006770222501871457,0.006770222501872131,0.006770222501871457,-6.739400704169896e-16,7.75,0.006770222501871457,0.006770222501871457,0.006770222501872131,-6.510261080228119e-13,-186.65996506319217,117.85257028660298,164.97184221446724,2167.6909903773435,1990.942686300389,13.75,False,"SOC floor violated (min 0.007, unmet 118 Wh); FLAG MJ-20p5x12ELW: thrust table 1.86 N vs similarity 2.61 N (29%) at 1940 rpm, 10.68 m/s; FLAG MJ-20p5x12ELW: thrust table 1.87 N vs similarity 2.55 N (27%) at 1964 rpm, 10.85 m/s",2.2566562624416733,0.0,1.1326177866631937,True,2371.7554803641588
6.0,0.4276177866631937,1.882035103098679,2.092931148081944,0.27985734072427,0.4,0.1372667312475502,0.0,1.0,3.0,0.1710471146652775,0.8604214934939245,1.04,1.04,0.20057754194108807,0.544094392534699,0.03,1.418209521487951,1.5417904785120489,36.348411715928506,35.40971363332682,0.9386980826016892,0.07270542998307808,-0.050722486348758325,-0.06998993510444217,17.092852184081547,7.094267706467812,212.4372192857763,0.0,1.5840863277268773,3.8343609755614203,0.14471811796435408,2,one_per_bay,True,30+30+24+8,4,92,24,30,8,A40-12L-V4-kv410-direct,MJ-20p5x12ELW,9.47190965864718,2.016753624772601,17.85046996212003,0.32269148673008824,8.230907360717115,10.70017956893225,10.87755249430874,87.548294470159,87.71715213185279,22.9562164197938,0.007832032182354245,0.00783203218238055,0.007832032182354245,-2.6305346789712303e-14,7.833333333333333,0.007832032182354245,0.007832032182354245,0.00783203218238055,-2.5410964998862084e-11,-185.63425691184582,120.01502953979477,85.34350075224687,2077.3705324449547,1982.8617153725604,13.916666666666668,False,"SOC floor violated (min 0.008, unmet 120 Wh); FLAG MJ-20p5x12ELW: thrust table 1.84 N vs similarity 2.59 N (29%) at 1941 rpm, 10.70 m/s; FLAG MJ-20p5x12ELW: thrust table 1.85 N vs similarity 2.53 N (27%) at 1965 rpm, 10.88 m/s",2.255809159523443,0.0,1.1276177866631936,True,2392.3182632155936
6.0,0.4326177866631937,1.882035103098679,2.0929311480819446,0.27985734072427,0.4,0.1372667312475502,0.0,1.0,3.0,0.1730471146652775,0.8604214934939245,1.04,1.04,0.20057754194108807,0.5315902789451251,0.03,1.56326831722421,1.39673168277579,35.49632431841891,34.504319677552765,0.9920046408661397,0.07270542998307808,-0.05072248634875836,-0.07033039790047008,17.769849372082295,7.404417249808358,198.12254425811278,0.0,1.5174195777615564,3.84865399119455,0.13098210540865468,3,one_per_bay,True,32+32+24+8,4,96,24,32,8,A40-12L-V4-kv410-direct,21x13E,10.92788864521076,2.0403348892530824,17.644162333164207,0.31445778480198583,8.789673956574322,11.426576143546619,11.615990276698437,101.66290473988171,101.78242768979474,21.452711995729494,0.009141357112635935,0.12371574572186189,0.009141357112635935,-0.11457438860922596,8.0,0.009141357112635935,0.009141357112635935,0.12371574572186189,-166.01828909476842,-276.5541735437905,114.54891062064304,0.0,2167.6909903773435,2321.075062518815,14.25,False,"SOC floor violated (min 0.009, unmet 115 Wh); morning depletion (0.123716 -> 0.009141, -166.018 Wh)",2.2566562624416733,0.0,1.1326177866631937,True,2450.9221367030204
6.0,0.4550723300628033,1.6444669285393476,1.882905833235715,0.31374413577174476,0.4286282772550068,0.05524434186733648,0.0,1.0,3.0,0.1950568688612412,0.6598864686824262,1.0460978747819836,1.0460978747819836,0.2308431976831124,0.5,0.03,1.4555182186426947,1.5044817813573053,37.017064524167075,35.93190537956041,1.0851591446066617,0.07270542998307808,-0.04563249274101619,-0.06346873826270485,17.752965601404888,8.294455438649132,213.71215435751137,0.0,1.4630684010341461,3.882080440753998,0.09816793003087665,3,one_per_bay,True,32+32+24+8,4,96,24,32,8,A40-12L-V4-kv410-direct,MJ-20p5x12EW,10.98010851914864,2.121968281267265,16.96538082958543,0.27753833064527256,8.639512463030957,11.231366201940245,11.417544411976731,101.96395844924469,102.56674190903651,20.76482601045524,0.004159925299764446,0.12073814416621076,0.004159925299764446,-0.11657821886644631,8.0,0.004159925299764446,0.004159925299764446,0.12073814416621076,-168.9218391374807,-283.7722682406413,123.55543292999825,0.0,2167.6909903773435,2333.012141514844,14.25,False,"SOC floor violated (min 0.004, unmet 124 Wh); morning depletion (0.120738 -> 0.004160, -168.922 Wh); FLAG MJ-20p5x12EW: thrust table 2.15 N vs similarity 2.86 N (25%) at 2042 rpm, 11.23 m/s; FLAG MJ-20p5x12EW: thrust table 2.16 N vs similarity 2.84 N (24%) at 2068 rpm, 11.42 m/s",2.0577354806186006,0.0,1.1550723300628032,True,2547.972621866664
6.0,0.4326177866631937,1.882035103098679,2.0929311480819446,0.27985734072427,0.4,0.1372667312475502,0.0,1.0,3.0,0.1730471146652775,0.8604214934939245,1.04,1.04,0.20057754194108807,0.5315902789451251,0.03,1.4432683172242098,1.5167316827757902,35.847586733772935,34.91777946584584,0.9298072679270949,0.07270542998307808,-0.05072248634875836,-0.07003147141457405,17.370511488665223,7.10131699593752,194.76840728917784,0.0,1.584978130812114,3.844518868869316,0.12558653889516275,2,one_per_bay,True,32+32+24+8,4,96,24,32,8,A40-12L-V4-kv410-direct,MJ-20x11E,9.60051932676253,2.0403348892530824,17.644162333164207,0.3144530262232384,8.238573078041806,10.710145001454348,10.887683120125745,89.35654970705576,89.91171007395411,20.98486024047756,0.004332964097125314,0.004332964097125314,0.004332964097125314,0.0,7.833333333333333,0.004332964097125314,0.004332964097125314,0.004332964097125314,0.0,-189.01435668217698,135.84267919516037,143.6399582385117,2167.6909903773435,2030.247586730048,13.75,False,"SOC floor violated (min 0.004, unmet 136 Wh); FLAG MJ-20x11E: thrust table 1.87 N vs similarity 2.41 N (22%) at 2081 rpm, 10.71 m/s; FLAG MJ-20x11E: thrust table 1.88 N vs similarity 2.35 N (20%) at 2107 rpm, 10.89 m/s",2.2566562624416733,0.0,1.1326177866631937,True,2554.093827854478
6.0,0.4326177866631937,1.882035103098679,2.0929311480819446,0.27985734072427,0.4,0.1372667312475502,0.0,1.0,3.0,0.1730471146652775,0.8604214934939245,1.04,1.04,0.20057754194108807,0.5315902789451251,0.03,1.4432683172242098,1.5167316827757902,35.904744692162716,34.97345487296863,0.9312898191940852,0.07270542998307808,-0.05072248634875836,-0.07004244437920397,17.397942667733787,7.108738815949019,182.1161558908063,0.0,1.5838668476106867,3.8446206146208173,0.12572188246034027,2,one_per_bay,True,32+32+24+8,4,96,24,32,8,A40-12L-V4-kv410-direct,20x10E,9.631159245053091,2.0403348892530824,17.644162333164207,0.3144530016609181,8.251709248704648,10.727222023316044,10.905043221472678,89.8253606524224,90.8182482670543,19.55792595467121,0.006494029251916096,0.006494029251916096,0.006494029251916096,0.0,7.833333333333333,0.006494029251916096,0.006494029251916096,0.006494029251916096,0.0,-186.92676774264908,144.3757547581429,136.56014656745967,2167.6909903773435,2045.9030130735607,13.833333333333332,False,"SOC floor violated (min 0.006, unmet 144 Wh); FLAG 20x10E: thrust table 1.88 N vs similarity 1.55 N (17%) at 2277 rpm, 10.73 m/s; FLAG 20x10E: shaft power table 35.7 W vs similarity 27.1 W (24%) at 2277 rpm, 10.73 m/s; FLAG 20x10E: thrust table 1.88 N vs similarity 1.54 N (18%) at 2312 rpm, 10.91 m/s; FLAG 20x10E: shaft power table 36.5 W vs similarity 27.3 W (25%) at 2312 rpm, 10.91 m/s",2.2566562624416733,0.0,1.1326177866631937,True,2637.2635183295133
6.0,0.4326177866631937,1.882035103098679,2.0929311480819446,0.27985734072427,0.4,0.1372667312475502,0.0,1.0,3.0,0.1730471146652775,0.8604214934939245,1.04,1.04,0.20057754194108807,0.5315902789451251,0.03,1.4432683172242098,1.5167316827757902,35.97612982957246,35.04298843749346,0.9331413920789906,0.07270542998307808,-0.05072248634875836,-0.07005579901414193,17.432263112099413,7.118034124584431,225.63818892999254,0.0,1.5824834608396414,3.844747458668287,0.1258906122006619,2,one_per_bay,True,32+32+24+8,4,96,24,32,8,A40-12L-V4-kv410-direct,22x12E,9.669494294685116,2.0403348892530824,17.644162333164207,0.31445297103500225,8.268115141676017,10.748549684178823,10.926724423093749,89.90889078920443,91.47330124721489,24.431350247433542,0.005464600057526546,0.005464600057526546,0.005464600057526546,0.0,7.833333333333333,0.005464600057526546,0.005464600057526546,0.005464600057526546,0.0,-187.92119634442935,144.5776192553661,128.96129787869245,2167.6909903773435,2053.7182185973365,13.833333333333332,False,"SOC floor violated (min 0.005, unmet 145 Wh); FLAG 22x12E: (10.75 m/s, 1947 rpm) not on the map; used C_T(J) similarity; FLAG 22x12E: (10.93 m/s, 1980 rpm) not on the map; used C_T(J) similarity",2.2566562624416733,0.0,1.1326177866631937,True,2640.3115924961344
6.0,0.4326177866631937,1.882035103098679,2.0929311480819446,0.27985734072427,0.4,0.1372667312475502,0.0,1.0,3.0,0.1730471146652775,0.8604214934939245,1.04,1.04,0.20057754194108807,0.5315902789451251,0.03,1.4432683172242098,1.5167316827757902,35.69791742228302,34.771992245907654,0.9259251763753683,0.07270542998307808,-0.05072248634875836,-0.07000155057694192,17.298889420202933,7.081971200281886,191.71664544522102,0.0,1.5879033407282106,3.844251674964362,0.12523111426771755,2,one_per_bay,True,32+32+24+8,4,96,24,32,8,A40-12L-V4-kv410-direct,MJ-20x10EL,9.52051932676253,2.0403348892530824,17.644162333164207,0.3144530907101093,8.204175739961354,10.66542846194976,10.84222533105861,90.53332692191135,91.46893384738617,20.619331074734372,0.005871176849264876,0.005871176849264876,0.005871176849264876,0.0,7.833333333333333,0.005871176849264876,0.005871176849264876,0.005871176849264876,0.0,-187.52844316361012,153.63111715290043,129.40094189846383,2167.6909903773435,2062.311849868196,13.833333333333332,False,"SOC floor violated (min 0.006, unmet 154 Wh)",2.2566562624416733,0.0,1.1326177866631937,True,2730.4399946797394
6.0,0.4326177866631937,1.882035103098679,2.0929311480819446,0.27985734072427,0.4,0.1372667312475502,0.0,1.0,3.0,0.1730471146652775,0.8604214934939245,1.04,1.04,0.20057754194108807,0.5315902789451251,0.03,1.4432683172242098,1.5167316827757902,35.79153408636126,34.86318070037431,0.9283533859869524,0.07270542998307808,-0.05072248634875836,-0.07002046771598101,17.343653212991864,7.094056800221798,163.25206330480663,0.0,1.5860710525683368,3.8444189329822436,0.12545360289625945,2,one_per_bay,True,32+32+24+8,4,96,24,32,8,A40-12L-V4-kv410-direct,MJ-18x10E,9.57051932676253,2.0403348892530824,17.644162333164207,0.3144530503453361,8.225690932436066,10.693398212166887,10.870658725496483,91.06410368211469,91.83227098118762,17.487501022190987,0.007455754426121314,0.007455754426121314,0.007455754426121314,0.0,7.833333333333333,0.007455754426121314,0.007455754426121314,0.007455754426121314,0.0,-185.99774122436682,162.54673436025163,127.29358523592776,2167.6909903773435,2073.3481892446657,13.833333333333332,False,"SOC floor violated (min 0.007, unmet 163 Wh); FLAG MJ-18x10E: thrust table 1.87 N vs similarity 2.39 N (22%) at 2283 rpm, 10.69 m/s; FLAG MJ-18x10E: thrust table 1.87 N vs similarity 2.35 N (20%) at 2313 rpm, 10.87 m/s",2.2566562624416733,0.0,1.1326177866631937,True,2818.0115891763953
6.0,0.4326177866631937,1.882035103098679,2.0929311480819446,0.27985734072427,0.4,0.1372667312475502,0.0,1.0,3.0,0.1730471146652775,0.8604214934939245,1.04,1.04,0.20057754194108807,0.5315902789451251,0.03,1.4432683172242098,1.5167316827757902,35.85505379932842,34.925052852204026,0.9300009471243903,0.07270542998307808,-0.05072248634875836,-0.07003291909413513,17.374092592088335,7.102285518243768,211.79846002430517,0.0,1.5848327710795247,3.844532170053814,0.1256042323062937,2,one_per_bay,True,32+32+24+8,4,96,24,32,8,A40-12L-V4-kv410-direct,MJ-20p5x12EW,9.604519326762532,2.0403348892530824,17.644162333164207,0.31445302301238703,8.24028917585654,10.712375928613504,10.889951028540588,91.2512213892382,91.39185980434225,22.905519593751762,0.005305546701862854,0.0053055467018645434,0.005305546701862854,-1.6896206656014101e-15,7.833333333333333,0.005305546701862854,0.005305546701862854,0.0053055467018645434,-1.6321735629709622e-12,-188.0748418860005,163.03012177032076,129.6244956120974,2167.6909903773435,2071.447417360691,13.916666666666668,False,"SOC floor violated (min 0.005, unmet 163 Wh); FLAG MJ-20p5x12EW: thrust table 1.87 N vs similarity 2.74 N (32%) at 1965 rpm, 10.71 m/s; FLAG MJ-20p5x12EW: thrust table 1.88 N vs similarity 2.67 N (30%) at 1988 rpm, 10.89 m/s",2.2566562624416733,0.0,1.1326177866631937,True,2824.995671001345
6.0,0.4326177866631937,1.882035103098679,2.0929311480819446,0.27985734072427,0.4,0.1372667312475502,0.0,1.0,3.0,0.1730471146652775,0.8604214934939245,1.04,1.04,0.20057754194108807,0.5315902789451251,0.03,1.4432683172242098,1.5167316827757902,36.21166224003122,35.272411657152205,0.9392505828790121,0.07270542998307808,-0.05072248634875836,-0.07009713375867442,17.545985556397827,7.148908628409847,265.5069087126154,0.0,1.5779542533487008,3.8451641974907087,0.12644496472952582,2,one_per_bay,True,32+32+24+8,4,96,24,32,8,A40-12L-V4-kv410-direct,MJ-26x15E,9.79651932676253,2.0403348892530824,17.644162333164207,0.3144528703785022,8.322245730444038,10.81891944957725,10.998260682107203,91.39734567634304,93.58136549045926,29.006245701112874,0.0035743750884175488,0.003574375088417861,0.0035743750884175488,-3.122502256758253e-16,7.833333333333333,0.0035743750884175488,0.0035743750884175488,0.003574375088417861,-3.016337180028472e-13,-189.74715366458867,163.40760951200824,105.95592204408648,2167.6909903773435,2095.5584960245865,13.916666666666668,False,"SOC floor violated (min 0.004, unmet 163 Wh); FLAG MJ-26x15E: shaft power table 38.3 W vs similarity 31.7 W (17%) at 1442 rpm, 10.82 m/s",2.2566562624416733,0.0,1.1326177866631937,True,2830.501720031665
6.0,0.4276177866631937,1.882035103098679,2.092931148081944,0.27985734072427,0.4,0.1372667312475502,0.0,1.0,3.0,0.1710471146652775,0.8604214934939245,1.04,1.04,0.20057754194108807,0.544094392534699,0.03,1.418209521487951,1.5417904785120489,36.4748292348572,35.53286641861176,0.9419628162454323,0.07270542998307808,-0.050722486348758325,-0.07001564119745281,17.15183133346606,7.11023946097085,213.73886914570392,0.0,1.5816804335122718,3.8345826998126427,0.1450062680102508,2,one_per_bay,True,30+30+24+8,4,92,24,30,8,A40-12L-V4-kv410-direct,MJ-20p5x12EW,9.53790965864718,2.016753624772601,17.85046996212003,0.32269143389673255,8.259533945427492,10.73739412905574,10.91538394645289,90.91224383496449,91.05540551140419,23.11276872808378,0.005975551928859072,0.0059755519329933865,0.005975551928859072,-4.134314418591245e-12,7.916666666666667,0.005975551928859072,0.005975551928859072,0.0059755519329933865,-3.993747728359143e-09,-187.42761683672214,165.19562869436575,50.06403004435527,2077.3705324449547,2063.3254688035527,14.0,False,"SOC floor violated (min 0.006, unmet 165 Wh); FLAG MJ-20p5x12EW: thrust table 1.86 N vs similarity 2.72 N (32%) at 1966 rpm, 10.74 m/s; FLAG MJ-20p5x12EW: thrust table 1.86 N vs similarity 2.65 N (30%) at 1989 rpm, 10.92 m/s",2.255809159523443,0.0,1.1276177866631936,True,2845.9807350147985
6.0,0.4326177866631937,1.882035103098679,2.0929311480819446,0.27985734072427,0.4,0.1372667312475502,0.0,1.0,3.0,0.1730471146652775,0.8604214934939245,1.04,1.04,0.20057754194108807,0.5315902789451251,0.03,1.56326831722421,1.39673168277579,35.436862978955645,34.446520085491024,0.9903428934646191,0.07270542998307808,-0.05072248634875836,-0.0703285776916254,17.737099430565088,7.3953080787995855,154.07988760362514,0.0,1.5184690308030604,3.8485469229169684,0.13083968037618882,3,one_per_bay,True,32+32+24+8,4,96,24,32,8,A40-12L-V4-kv410-direct,19x10E,10.891307806683932,2.0403348892530824,17.644162333164207,0.3144578107243915,8.774950015520176,11.407435020176228,11.596531857994325,102.37389814775662,104.23495785364135,16.509346615910154,0.009068667076572449,0.11668346763113374,0.009068667076572449,-0.1076148005545613,8.0,0.009068667076572449,0.009068667076572449,0.11668346763113374,-155.93384600355932,-276.65950140604656,158.48740449758108,0.0,2167.6909903773435,2355.118887678526,14.25,False,"SOC floor violated (min 0.009, unmet 158 Wh); morning depletion (0.116683 -> 0.009069, -155.934 Wh); FLAG 19x10E: (11.41 m/s, 2548 rpm) not on the map; used C_T(J) similarity; FLAG 19x10E: (11.60 m/s, 2591 rpm) not on the map; used C_T(J) similarity",2.2566562624416733,0.0,1.1326177866631937,True,2883.4201774537996
6.0,0.4276177866631937,1.882035103098679,2.092931148081944,0.27985734072427,0.4,0.1372667312475502,0.0,1.0,3.0,0.1710471146652775,0.8604214934939245,1.04,1.04,0.20057754194108807,0.544094392534699,0.03,1.5382095214879512,1.4217904785120488,35.97296140946236,34.973776971853454,0.9991844376089042,0.07270542998307808,-0.050722486348758325,-0.07032640289120896,17.43168580990372,7.3799446158838,204.1313951877428,0.0,1.517909826004101,3.8383488967146047,0.1496376451484666,3,one_per_bay,True,30+30+24+8,4,92,24,30,8,A40-12L-V4-kv410-direct,MJ-21x13EL,10.73190965864718,2.016753624772601,17.85046996212003,0.32270529811739934,8.761277661753605,11.389660960279686,11.578463164070442,100.20460318786253,100.41918144921901,22.15644499225556,0.009185620041914418,0.13287658634003988,0.009185620041914418,-0.12369096629812545,8.0,0.009185620041914418,0.009185620041914418,0.13287658634003988,-179.2282101659838,-276.490036559266,156.94978262337162,0.0,2077.3705324449543,2287.002614556922,14.25,False,"SOC floor violated (min 0.009, unmet 157 Wh); morning depletion (0.132877 -> 0.009186, -179.228 Wh); FLAG MJ-21x13EL: thrust table 2.05 N vs similarity 2.98 N (31%) at 1904 rpm, 11.39 m/s; FLAG MJ-21x13EL: shaft power table 34.6 W vs similarity 43.6 W (20%) at 1904 rpm, 11.39 m/s; FLAG MJ-21x13EL: thrust table 2.06 N vs similarity 2.92 N (29%) at 1928 rpm, 11.58 m/s; FLAG MJ-21x13EL: shaft power table 35.9 W vs similarity 43.4 W (17%) at 1928 rpm, 11.58 m/s",2.255809159523443,0.0,1.1276177866631936,True,2884.0031714899274
6.0,0.4326177866631937,1.882035103098679,2.0929311480819446,0.27985734072427,0.4,0.1372667312475502,0.0,1.0,3.0,0.1730471146652775,0.8604214934939245,1.04,1.04,0.20057754194108807,0.5315902789451251,0.03,1.4432683172242098,1.5167316827757902,35.836383218167136,34.9068665447036,0.929516673463541,0.07270542998307808,-0.05072248634875836,-0.07002929132104184,17.36513983353055,7.099864430829198,191.8204856777498,0.0,1.5851963303323782,3.8444989066979747,0.12555998495434023,2,one_per_bay,True,32+32+24+8,4,96,24,32,8,A40-12L-V4-kv410-direct,MJ-20x10E,9.59451932676253,2.0403348892530824,17.644162333164207,0.31445303104186556,8.23599826086555,10.706797739125216,10.884280371465051,91.53303522084393,92.546328304408,20.635305114018635,0.009911811435031033,0.009911811435031271,0.009911811435031033,-2.3765711620882257e-16,7.833333333333333,0.009911811435031033,0.009911811435031033,0.009911811435031271,-2.295767742577226e-13,-183.62519015376003,171.38589377037255,122.51089850794256,2167.6909903773435,2087.0102172261977,13.916666666666668,False,"SOC floor violated (min 0.010, unmet 171 Wh)",2.2566562624416733,0.0,1.1326177866631937,True,2903.947126268695
6.0,0.4326177866631937,1.882035103098679,2.0929311480819446,0.27985734072427,0.4,0.1372667312475502,0.0,1.0,3.0,0.1730471146652775,0.8604214934939245,1.04,1.04,0.20057754194108807,0.5315902789451251,0.03,1.4432683172242098,1.5167316827757902,36.13789709968564,35.20055982171394,0.9373372779717014,0.07270542998307808,-0.05072248634875836,-0.07008463598695998,17.510289617169693,7.139205451907714,276.80221500314036,0.0,1.5793669463693136,3.8450339735197407,0.1262717386472001,2,one_per_bay,True,32+32+24+8,4,96,24,32,8,A40-12L-V4-kv410-direct,26x15E,9.756647884907226,2.0403348892530824,17.644162333164207,0.31445290183803115,8.305292859840439,10.79688071779257,10.975856622404141,91.8216265306826,93.37405049727751,30.216947158855195,0.006518063466166013,0.006518063466167814,0.006518063466166013,-1.8006429680639258e-15,7.833333333333333,0.006518063466166013,0.006518063466166013,0.006518063466167814,-1.7394211071497523e-12,-186.90355069168365,172.15547059660898,110.90056089853556,2167.6909903773435,2099.3726450662166,13.916666666666668,False,"SOC floor violated (min 0.007, unmet 172 Wh); FLAG 26x15E: (10.80 m/s, 1529 rpm) not on the map; used C_T(J) similarity; FLAG 26x15E: (10.98 m/s, 1555 rpm) not on the map; used C_T(J) similarity",2.2566562624416733,0.0,1.1326177866631937,True,2915.036642499924
6.0,0.4326177866631937,1.882035103098679,2.0929311480819446,0.27985734072427,0.4,0.1372667312475502,0.0,1.0,3.0,0.1730471146652775,0.8604214934939245,1.04,1.04,0.20057754194108807,0.5315902789451251,0.03,1.56326831722421,1.39673168277579,35.36718440066915,34.3787887925744,0.9883956080947565,0.07270542998307808,-0.05072248634875836,-0.070326115185536,17.69879193758599,7.384661145669433,151.16073920392785,0.0,1.5197030118009296,3.8484212282539234,0.1306724781237364,3,one_per_bay,True,32+32+24+8,4,96,24,32,8,A40-12L-V4-kv410-direct,MJ-18x10E,10.848519326762531,2.0403348892530824,17.644162333164207,0.3144578411516955,8.757696060451421,11.385004878586848,11.573729900230767,102.86296289181472,104.1143144303122,16.215956189036685,0.006945919775378126,0.1118459847804896,0.006945919775378126,-0.10490006500511147,8.0,0.006945919775378126,0.006945919775378126,0.1118459847804896,-152.00019419240652,-279.7353622454771,168.24122453670597,0.0,2167.6909903773435,2360.911786903904,14.25,False,"SOC floor violated (min 0.007, unmet 168 Wh); morning depletion (0.111846 -> 0.006946, -152.000 Wh); FLAG MJ-18x10E: thrust table 2.08 N vs similarity 2.49 N (17%) at 2393 rpm, 11.39 m/s; FLAG MJ-18x10E: thrust table 2.08 N vs similarity 2.47 N (16%) at 2428 rpm, 11.57 m/s",2.2566562624416733,0.0,1.1326177866631937,True,2980.366389596793
6.0,0.4326177866631937,1.882035103098679,2.0929311480819446,0.27985734072427,0.4,0.1372667312475502,0.0,1.0,3.0,0.1730471146652775,0.8604214934939245,1.04,1.04,0.20057754194108807,0.5315902789451251,0.03,1.56326831722421,1.39673168277579,35.28558794340059,34.29947268590109,0.9861152574995078,0.07270542998307808,-0.05072248634875836,-0.07032277643222706,17.65402814479706,7.37223092556294,177.03630909786418,0.0,1.521153840320587,3.8482737195016554,0.13047625833092125,3,one_per_bay,True,32+32+24+8,4,96,24,32,8,A40-12L-V4-kv410-direct,MJ-20x10EL,10.79851932676253,2.0403348892530824,17.644162333164207,0.3144578768531094,8.737490975300393,11.35873826789051,11.54702787762859,103.05543621086531,104.42319934577644,19.07793529488654,0.007347727223649836,0.10994211605747352,0.007347727223649836,-0.10259438883382369,8.0,0.007347727223649836,0.007347727223649836,0.10994211605747352,-148.6592694202105,-279.1531432529314,177.31036085190453,0.0,2167.6909903773435,2366.6661596261415,14.25,False,"SOC floor violated (min 0.007, unmet 177 Wh); morning depletion (0.109942 -> 0.007348, -148.659 Wh); FLAG MJ-20x10EL: shaft power table 43.1 W vs similarity 36.4 W (16%) at 2336 rpm, 11.36 m/s; FLAG MJ-20x10EL: shaft power table 43.3 W vs similarity 36.8 W (15%) at 2372 rpm, 11.55 m/s",2.2566562624416733,0.0,1.1326177866631937,True,3068.350269129219
6.0,0.4276177866631937,1.882035103098679,2.092931148081944,0.27985734072427,0.4,0.1372667312475502,0.0,1.0,3.0,0.1710471146652775,0.8604214934939245,1.04,1.04,0.20057754194108807,0.544094392534699,0.03,1.5382095214879512,1.4217904785120488,36.11346943738105,35.11038225089202,1.0030871864890267,0.07270542998307808,-0.050722486348758325,-0.07033279945566485,17.506750181847643,7.400856572737282,197.47711673165358,0.0,1.5154863770454743,3.83859785332723,0.14996118768226385,3,one_per_bay,True,30+30+24+8,4,92,24,30,8,A40-12L-V4-kv410-direct,MJ-20p5x12EW,10.815909658647179,2.016753624772601,17.85046996212003,0.3227052387022249,8.795498637677404,11.434148228980627,11.62368788179648,100.75428721181937,101.41524532322748,21.401197122532402,0.004213435228358301,0.12742986391803543,0.004213435228358301,-0.12321642868967712,8.083333333333334,0.004213435228358301,0.004213435228358301,0.12742986391803543,-178.54060517134215,-283.69473235410885,175.0856571323042,0.0,2077.3705324449543,2304.4921548272678,14.333333333333332,False,"SOC floor violated (min 0.004, unmet 175 Wh); morning depletion (0.127430 -> 0.004213, -178.541 Wh); FLAG MJ-20p5x12EW: thrust table 2.07 N vs similarity 2.80 N (26%) at 2054 rpm, 11.43 m/s; FLAG MJ-20p5x12EW: thrust table 2.07 N vs similarity 2.74 N (24%) at 2081 rpm, 11.62 m/s",2.255809159523443,0.0,1.1276177866631936,True,3069.8595637843605
6.0,0.4326177866631937,1.882035103098679,2.0929311480819446,0.27985734072427,0.4,0.1372667312475502,0.0,1.0,3.0,0.1730471146652775,0.8604214934939245,1.04,1.04,0.20057754194108807,0.5315902789451251,0.03,1.56326831722421,1.39673168277579,35.44208722799567,34.45159833408193,0.9904888939137433,0.07270542998307808,-0.05072248634875836,-0.07032874796641699,17.739974626951806,7.3961075427471386,202.47765184680216,0.0,1.5183766942145398,3.848556337088276,0.1308522033512659,3,one_per_bay,True,32+32+24+8,4,96,24,32,8,A40-12L-V4-kv410-direct,MJ-21x13E,10.89451932676253,2.0403348892530824,17.644162333164207,0.31445780844526194,8.776243654977543,11.409116751470807,11.598241466727547,103.4614060400167,103.7349887948959,21.974621148393968,0.004641346636044267,0.10592632553187585,0.004641346636044267,-0.10128497889583159,8.0,0.004641346636044267,0.004641346636044267,0.10592632553187585,-146.76193442005996,-283.07468872437187,178.35911624387901,0.0,2167.6909903773435,2365.741176820465,14.25,False,"SOC floor violated (min 0.005, unmet 178 Wh); morning depletion (0.105926 -> 0.004641, -146.762 Wh); FLAG MJ-21x13E: thrust table 2.08 N vs similarity 0.00 N (100%) at 1920 rpm, 11.41 m/s; FLAG MJ-21x13E: thrust table 2.09 N vs similarity 0.00 N (100%) at 1944 rpm, 11.60 m/s",2.2566562624416733,0.0,1.1326177866631937,True,3080.2347936985775
6.0,0.4750068938658065,2.0,2.43971700362349,0.25909048156753184,0.43228759509332587,0.20469556883133502,0.0,1.0,3.0,0.20533958780200018,1.08761753476611,1.1908165218601188,1.1908165218601188,0.20082300135504225,0.5000000000000001,0.029999999999999995,1.5323682349348147,1.4276317650651853,35.525544912339704,34.43303792554851,1.0925069867911963,0.07270542998307807,-0.05912689126182424,-0.08104149771555484,20.944026774857807,7.3403226781796045,153.17143438514194,0.0,1.4832283670812243,3.9756061066912842,0.21679071377193476,3,one_per_bay,True,35+35+27+9,4,106,27,35,9,A40-12L-V4-kv410-direct,20x10E,11.539355952844168,2.334334335631555,15.421955394517292,0.30572283872367256,8.444318767006427,10.977614397108356,11.159586257181026,109.38679920731543,111.33323357312686,16.543854897312034,0.008493853772349366,0.06021909978656031,0.008493853772349366,-0.05172524601421094,8.0,0.008493853772349366,0.008493853772349366,0.06021909978656031,-74.94988147459165,-277.4924058838658,184.56648242604854,0.0,2393.492135208314,2524.5853217698723,14.083333333333334,False,"SOC floor violated (min 0.008, unmet 185 Wh); morning depletion (0.060219 -> 0.008494, -74.950 Wh); FLAG 20x10E: (10.98 m/s, 2440 rpm) not on the map; used C_T(J) similarity; FLAG 20x10E: (11.16 m/s, 2482 rpm) not on the map; used C_T(J) similarity",2.603111591040056,0.0,1.1750068938658065,True,3088.8962155023473
6.0,0.4326177866631937,1.882035103098679,2.0929311480819446,0.27985734072427,0.4,0.1372667312475502,0.0,1.0,3.0,0.1730471146652775,0.8604214934939245,1.04,1.04,0.20057754194108807,0.5315902789451251,0.03,1.4432683172242098,1.5167316827757902,35.78128657894278,34.85319899067735,0.9280875882654319,0.07270542998307808,-0.05072248634875836,-0.07001842993534699,17.33874754531504,7.092731436823169,99.11558186084578,0.0,1.5862711956220554,3.8444006458497078,0.12542927712434915,2,one_per_bay,True,32+32+24+8,4,96,24,32,8,A40-12L-V4-kv410-direct,16x8E,9.565039822713407,2.0403348892530824,17.644162333164207,0.31445305475905716,8.223335827213448,10.690336575377483,10.867546337084613,94.21896067588843,95.22525216486422,10.379639726397382,0.002858991679297391,0.002858991679310202,0.002858991679297391,-1.281093287008872e-14,7.916666666666667,0.002858991679297391,0.002858991679297391,0.002858991679310202,-1.2375361152505704e-11,-202.1455867485749,202.1455867485749,88.80197933714825,2167.6909903773435,2151.401828735166,13.916666666666668,False,"SOC floor violated (min 0.003, unmet 202 Wh)",2.2566562624416733,0.0,1.1326177866631937,True,3218.5968758064514
6.0,0.4326177866631937,1.882035103098679,2.0929311480819446,0.27985734072427,0.4,0.1372667312475502,0.0,1.0,3.0,0.1730471146652775,0.8604214934939245,1.04,1.04,0.20057754194108807,0.5315902789451251,0.03,1.4432683172242098,1.5167316827757902,35.716660385337576,34.790249057874824,0.9264113274627495,0.07270542998307808,-0.05072248634875836,-0.0700053921620727,17.30784217876072,7.084386836602873,209.68506569481033,0.0,1.58753580199391,3.8442851967301275,0.12527570531094467,2,one_per_bay,True,32+32+24+8,4,96,24,32,8,A40-12L-V4-kv410-direct,MJ-21x10EL,9.53051932676253,2.0403348892530824,17.644162333164207,0.31445308262093874,8.20848328992199,10.671028276898587,10.847917972071956,95.26341790863763,96.28764247944896,22.626230224694744,0.007368338215804923,0.0073683382158625695,0.007368338215804923,-5.764659583018528e-14,7.916666666666667,0.007368338215804923,0.007368338215804923,0.0073683382158625695,-5.568661157195898e-11,-221.0723371408475,221.0723371408475,82.6276210644597,2167.6909903773435,2176.5642755154213,14.0,False,"SOC floor violated (min 0.007, unmet 221 Wh); FLAG MJ-21x10EL: thrust table 1.86 N vs similarity 2.27 N (18%) at 2164 rpm, 10.67 m/s; FLAG MJ-21x10EL: thrust table 1.87 N vs similarity 2.22 N (16%) at 2194 rpm, 10.85 m/s",2.2566562624416733,0.0,1.1326177866631937,True,3403.3550331926704
6.0,0.4326177866631937,1.882035103098679,2.0929311480819446,0.27985734072427,0.4,0.1372667312475502,0.0,1.0,3.0,0.1730471146652775,0.8604214934939245,1.04,1.04,0.20057754194108807,0.5315902789451251,0.03,1.4432683172242098,1.5167316827757902,35.66790819516459,34.74276139189665,0.9251468032679452,0.07270542998307808,-0.05072248634875836,-0.06999534316885382,17.284565006510476,7.078107736082883,149.5260481613171,0.0,1.5884925328970645,3.844197966832978,0.1251596711002262,2,one_per_bay,True,32+32+24+8,4,96,24,32,8,A40-12L-V4-kv410-direct,MJ-18x8EL,9.50451932676253,2.0403348892530824,17.644162333164207,0.3144531036696836,8.19727895183258,10.656462637382354,10.833110883328231,95.71741031990047,96.94146725221465,15.932881067644026,0.0021681938937758577,0.0021681938941142207,0.0021681938937758577,-3.3836301815970415e-13,7.916666666666667,0.0021681938937758577,0.0021681938937758577,0.0021681938941142207,-3.268586755422742e-10,-222.50997977651315,222.50997977651315,71.12170179264105,2167.6909903773435,2189.4584170007433,14.0,False,"SOC floor violated (min 0.002, unmet 223 Wh)",2.2566562624416733,0.0,1.1326177866631937,True,3422.931603871356
6.0,0.456736018600698,2.0,2.306895407272994,0.26565931964251055,0.4697556952572345,0.16023029959818216,0.7690843010384187,0.8694748502372919,2.6849151588868763,0.21455434596679207,0.9728144108337982,1.172043982543732,1.172043982543732,0.19669949971194084,0.5225033890099597,0.03,1.5395964213808981,1.4204035786191018,36.048711793184445,34.96177284098862,1.08693895219582,0.07270542998307808,-0.055907940837257024,-0.077167701370869,20.057334479226117,7.38778749368107,85.73736797797683,0.0,1.4850051876667363,3.6000597860238392,0.09021766325354263,3,one_per_bay,True,35+35+27+9,4,106,27,35,9,A40-12L-V4-kv410-direct,16x8E,11.305978469442579,2.249468914880567,16.003777496925924,0.3246922527401058,8.697398958795262,11.30661864643384,11.494044288453647,110.59060729149671,112.20178066482424,9.08653347477903,0.006678785663271447,0.04844697753535604,0.006678785663271447,-0.041768191872084595,8.0,0.006678785663271447,0.006678785663271447,0.04844697753535604,-60.52211002265058,-280.1224395739197,224.37765287686474,0.0,2393.492135208314,2550.0177798336426,14.166666666666668,False,"SOC floor violated (min 0.007, unmet 224 Wh); morning depletion (0.048447 -> 0.006679, -60.522 Wh)",2.472194801456572,0.0,1.1567360186006979,True,3478.8659339774604
5.324578278693204,0.44413651719714875,1.8695403458687716,2.081527027517765,0.28170859618779986,0.7211827761189453,0.8837033841641777,4.75375770995969,0.3027591560116737,1.4644967132226716,0.32030360644803946,2.4625027859895914,1.888771451105849,1.888771451105849,0.20109449128561474,0.6891564274984419,0.03,1.7503566147556884,0.8719325245909137,38.521735372558695,34.68163996438012,3.840095408178577,0.07270542998307808,-0.05684518458961225,-0.07854903007351814,20.085847565630996,14.82208684425737,227.41063377673214,0.0,1.0546945848294496,2.6301412317503425,1.207688741208545,2,one_per_bay,True,42+31+31+14,4,118,42,31,14,A40-12L-V4-kv410-direct,17x12E,10.329924325215071,2.3400995265782405,12.115353865904718,0.4081946521561967,8.87748762469841,11.540733912107934,11.732040396433275,98.55364662874476,100.33075223083027,14.455049150687502,0.003683467628986829,0.003683467628986829,0.003683467628986829,0.0,7.666666666666667,0.003683467628986829,0.003683467628986829,0.003683467628986829,0.0,-232.32195801957738,232.32195801957738,501.1995357843184,2664.4535090054815,2263.9471279117756,13.5,False,"SOC floor violated (min 0.004, unmet 232 Wh); FLAG 17x12E: shaft power table 38.7 W vs similarity 32.5 W (16%) at 2432 rpm, 11.54 m/s; FLAG 17x12E: shaft power table 39.3 W vs similarity 33.2 W (15%) at 2475 rpm, 11.73 m/s",2.2640687849208505,0.0,1.1441365171971487,True,3519.536112566787
6.0,0.4326177866631937,1.882035103098679,2.0929311480819446,0.27985734072427,0.4,0.1372667312475502,0.0,1.0,3.0,0.1730471146652775,0.8604214934939245,1.04,1.04,0.20057754194108807,0.5315902789451251,0.03,1.4432683172242098,1.5167316827757902,35.98175682686834,35.04846948290084,0.9332873439675006,0.07270542998307808,-0.05072248634875836,-0.07005683525187581,17.43497135028128,7.118768067569353,228.91093206810226,0.0,1.5823746263181964,3.8447574465596137,0.12590389823861908,2,one_per_bay,True,32+32+24+8,4,96,24,32,8,A40-12L-V4-kv410-direct,MJ-22x12EW,9.672519326762531,2.0403348892530824,17.644162333164207,0.3144529686232472,8.269408350861237,10.75023085611961,10.92843346320098,96.54029336834733,96.87407087748528,24.83281831343075,0.009644519984331409,0.009644519984428302,0.009644519984331409,-9.689297975068456e-14,7.916666666666667,0.009644519984331409,0.009644519984331409,0.009644519984428302,-9.359861843916129e-11,-241.20582499131947,241.20582499131947,79.0547640027737,2167.6909903773435,2200.2770011392777,14.083333333333334,False,"SOC floor violated (min 0.010, unmet 241 Wh); FLAG MJ-22x12EW: thrust table 1.88 N vs similarity 2.63 N (28%) at 1903 rpm, 10.75 m/s; FLAG MJ-22x12EW: thrust table 1.89 N vs similarity 2.56 N (26%) at 1927 rpm, 10.93 m/s",2.2566562624416733,0.0,1.1326177866631937,True,3602.4137299288636
6.0,0.4326177866631937,1.882035103098679,2.0929311480819446,0.27985734072427,0.4,0.1372667312475502,0.0,1.0,3.0,0.1730471146652775,0.8604214934939245,1.04,1.04,0.20057754194108807,0.5315902789451251,0.03,1.56326831722421,1.39673168277579,35.406283906565,34.41679559684412,0.9894883097208832,0.07270542998307808,-0.05072248634875836,-0.07032754090918718,17.720278558124676,7.390631922709909,177.2764879080292,0.0,1.5190100153553299,3.848491791139997,0.13076634266647708,3,one_per_bay,True,32+32+24+8,4,96,24,32,8,A40-12L-V4-kv410-direct,MJ-20x10E,10.87251932676253,2.0403348892530824,17.644162333164207,0.3144578240709337,8.767377961754914,11.397591350281388,11.586525013218687,104.55117915072715,106.11613002391006,19.10252397108737,0.005260600296376032,0.09506667888120016,0.005260600296376032,-0.08980607858482412,8.083333333333334,0.005260600296376032,0.005260600296376032,0.09506667888120016,-130.12900786941015,-282.1773901705511,233.54746783784444,0.0,2167.690990377343,2404.4865706309847,14.25,False,"SOC floor violated (min 0.005, unmet 234 Wh); morning depletion (0.095067 -> 0.005261, -130.129 Wh)",2.2566562624416733,0.0,1.1326177866631937,True,3620.0201556668926
6.0,0.4276177866631937,1.882035103098679,2.092931148081944,0.27985734072427,0.4,0.1372667312475502,0.0,1.0,3.0,0.1710471146652775,0.8604214934939245,1.04,1.04,0.20057754194108807,0.544094392534699,0.03,1.418209521487951,1.5417904785120489,36.604620950011004,35.65930626147182,0.9453146885391833,0.07270542998307808,-0.050722486348758325,-0.07004080137134193,17.212597729801615,7.126729093961622,230.9975271689121,0.0,1.5792260082938736,3.834809544001341,0.14530107215424604,2,one_per_bay,True,30+30+24+8,4,92,24,30,8,A40-12L-V4-kv410-direct,MJ-22x12EW,9.60590965864718,2.016753624772601,17.85046996212003,0.32269137982700696,8.28892459919164,10.775601978949133,10.954225153764659,96.24109621325206,96.57831415744114,25.056549188389994,0.00811812655969398,0.009314313684037775,0.00811812655969398,-0.0011961871243437953,8.0,0.00811812655969398,0.00811812655969398,0.009314313684037775,-1.1555167621161062,-243.6124036479817,243.6124036479817,0.0,2077.3705324449543,2193.1022855692413,14.166666666666668,False,"SOC floor violated (min 0.008, unmet 244 Wh); morning depletion (0.009314 -> 0.008118, -1.156 Wh); FLAG MJ-22x12EW: thrust table 1.87 N vs similarity 2.61 N (29%) at 1905 rpm, 10.78 m/s; FLAG MJ-22x12EW: thrust table 1.87 N vs similarity 2.54 N (26%) at 1928 rpm, 10.95 m/s",2.255809159523443,0.0,1.1276177866631936,True,3629.202096044467
6.0,0.42513178997386547,1.7684816102675742,2.0256681470509994,0.27518747616445266,0.4,0.13248631080056344,0.0,1.0,3.0,0.1700527159895462,0.8876907582141957,1.1301996312355687,1.1301996312355687,0.19928524921186022,0.5548229771953108,0.03,1.5351467420641383,1.4248532579358617,36.44689851880346,35.24725292456267,1.1996455942407869,0.07270542998307808,-0.049092357878122654,-0.06820962957782463,17.6189207360905,8.337944501840024,221.80271586206683,0.0,1.432687272945524,3.836536050125996,0.2221430053001469,3,one_per_bay,True,29+29+24+8,4,90,24,29,8,A40-12L-V4-kv410-direct,MJ-20p5x12EW,10.790837928164121,2.0119848544799503,17.89277882477159,0.3374737461934578,8.795703772883344,11.434414904748348,11.623958978149927,100.9487202457164,101.61540956438724,21.450035513023497,0.007713853433045985,0.1226433456803375,0.007713853433045985,-0.11492949224729151,8.083333333333334,0.007713853433045985,0.007713853433045985,0.1226433456803375,-166.5328342663254,-278.6226263755164,236.52551700586886,0.0,2032.210303478758,2309.158391867799,14.416666666666666,False,"SOC floor violated (min 0.008, unmet 237 Wh); morning depletion (0.122643 -> 0.007714, -166.533 Wh); FLAG MJ-20p5x12EW: thrust table 2.07 N vs similarity 2.81 N (26%) at 2055 rpm, 11.43 m/s; FLAG MJ-20p5x12EW: thrust table 2.08 N vs similarity 2.75 N (24%) at 2081 rpm, 11.62 m/s",2.1916809163039885,0.0,1.1251317899738655,True,3672.4708078729345
6.0,0.4326177866631937,1.882035103098679,2.0929311480819446,0.27985734072427,0.4,0.1372667312475502,0.0,1.0,3.0,0.1730471146652775,0.8604214934939245,1.04,1.04,0.20057754194108807,0.5315902789451251,0.03,1.4432683172242098,1.5167316827757902,36.09510054537891,35.158873315554445,0.9362272298244674,0.07270542998307808,-0.05072248634875836,-0.07007719856534271,17.48961315684244,7.133590022452632,264.81557200831696,0.0,1.5801889653663301,3.844958299166566,0.12617107541545797,2,one_per_bay,True,32+32+24+8,4,96,24,32,8,A40-12L-V4-kv410-direct,25x125E,9.733552812931599,2.0403348892530824,17.644162333164207,0.31445292011694337,8.295457259392272,10.784094437209953,10.962858388369991,98.06373441890145,99.74376327574087,28.847264213560884,0.009546650091126927,0.00954665009634675,0.009546650091126927,-5.21982283785416e-12,7.916666666666667,0.009546650091126927,0.009546650091126927,0.00954665009634675,-5.0423488613671186e-09,-262.6279175629833,262.6279175629833,50.64012097866312,2167.6909903773435,2250.1899122172917,14.083333333333334,False,"SOC floor violated (min 0.010, unmet 263 Wh); FLAG 25x125E: (10.78 m/s, 1780 rpm) not on the map; used C_T(J) similarity; FLAG 25x125E: (10.96 m/s, 1810 rpm) not on the map; used C_T(J) similarity",2.2566562624416733,0.0,1.1326177866631937,True,3816.7325255387063
6.0,0.4326177866631937,1.882035103098679,2.0929311480819446,0.27985734072427,0.4,0.1372667312475502,0.0,1.0,3.0,0.1730471146652775,0.8604214934939245,1.04,1.04,0.20057754194108807,0.5315902789451251,0.03,1.4432683172242098,1.5167316827757902,35.83977602611071,34.91017135069859,0.9296046754121254,0.07270542998307808,-0.05072248634875836,-0.070029952543014,17.366766377291565,7.10030424163839,131.24743781661323,0.0,1.5851302389805295,3.844504952585341,0.12556802727218513,2,one_per_bay,True,32+32+24+8,4,96,24,32,8,A40-12L-V4-kv410-direct,18x8E,9.596336134119186,2.0403348892530824,17.644162333164207,0.3144530295824848,8.236778003624542,10.707811404711904,10.885310840211847,98.08077514228827,99.8262917699522,13.90974850236274,0.00935803011488253,0.009358030121617095,0.00935803011488253,-6.734564295118872e-12,7.916666666666667,0.00935803011488253,0.00935803011488253,0.009358030121617095,-6.5055891090848306e-09,-262.68756009483724,262.68756009483724,49.64362741061456,2167.6909903773435,2251.2483099725887,14.083333333333334,False,"SOC floor violated (min 0.009, unmet 263 Wh); FLAG 18x8E: (10.71 m/s, 2892 rpm) not on the map; used C_T(J) similarity; FLAG 18x8E: (10.89 m/s, 2942 rpm) not on the map; used C_T(J) similarity",2.2566562624416733,0.0,1.1326177866631937,True,3817.51757083349
6.0,0.4326177866631937,1.882035103098679,2.0929311480819446,0.27985734072427,0.4,0.1372667312475502,0.0,1.0,3.0,0.1730471146652775,0.8604214934939245,1.04,1.04,0.20057754194108807,0.5315902789451251,0.03,1.4432683172242098,1.5167316827757902,35.83977602611071,34.91017135069859,0.9296046754121254,0.07270542998307808,-0.05072248634875836,-0.070029952543014,17.366766377291565,7.10030424163839,148.02461941622488,0.0,1.5851302389805295,3.844504952585341,0.12556802727218513,2,one_per_bay,True,32+32+24+8,4,96,24,32,8,A40-12L-V4-kv410-direct,MJ-18x8E,9.596336134119186,2.0403348892530824,17.644162333164207,0.3144530295824848,8.236778003624542,10.707811404711904,10.885310840211847,98.16937551506511,99.41561825960191,15.778053919229968,0.008377319888861113,0.008377319892902286,0.008377319888861113,-4.041173645719098e-12,7.916666666666667,0.008377319888861113,0.008377319888861113,0.008377319892902286,-3.903773741764649e-09,-262.99766139955614,262.99766139955614,52.7426228618917,2167.6909903773435,2248.4235862448804,14.083333333333334,False,"SOC floor violated (min 0.008, unmet 263 Wh)",2.2566562624416733,0.0,1.1326177866631937,True,3821.5992941066997
6.0,0.4326177866631937,1.882035103098679,2.0929311480819446,0.27985734072427,0.4,0.1372667312475502,0.0,1.0,3.0,0.1730471146652775,0.8604214934939245,1.04,1.04,0.20057754194108807,0.5315902789451251,0.03,1.4432683172242098,1.5167316827757902,36.0538684798543,35.1187107187916,0.9351577610627024,0.07270542998307808,-0.05072248634875836,-0.07006990292662607,17.46971572749791,7.128189677873516,252.2066360241908,0.0,1.5809826154288564,3.844885306284773,0.12607397915231278,2,one_per_bay,True,32+32+24+8,4,96,24,32,8,A40-12L-V4-kv410-direct,24x12E,9.711327898436135,2.0403348892530824,17.644162333164207,0.314452937746368,8.285981213277761,10.77177557726109,10.950335323228838,98.48419700664259,100.18192607117355,27.39681616274735,0.004892146471839349,0.004892146501815948,0.004892146471839349,-2.997659932779673e-11,8.0,0.004892146471839349,0.004892146471839349,0.004892146501815948,-2.8957394950651638e-08,-264.12700066968273,264.12700066968273,41.82536585932404,2167.6909903773435,2260.456541382688,14.083333333333334,False,"SOC floor violated (min 0.005, unmet 264 Wh); FLAG 24x12E: (10.77 m/s, 1866 rpm) not on the map; used C_T(J) similarity; FLAG 24x12E: (10.95 m/s, 1898 rpm) not on the map; used C_T(J) similarity",2.2566562624416733,0.0,1.1326177866631937,True,3836.3778602249877
6.0,0.4326177866631937,1.882035103098679,2.0929311480819446,0.27985734072427,0.4,0.1372667312475502,0.0,1.0,3.0,0.1730471146652775,0.8604214934939245,1.04,1.04,0.20057754194108807,0.5315902789451251,0.03,1.4432683172242098,1.5167316827757902,35.809717473075345,34.88089245017604,0.9288250228993012,0.07270542998307808,-0.05072248634875836,-0.07002406372278343,17.35236138781084,7.09641002944707,114.06525405288568,0.0,1.5857161703864024,3.8444513691600117,0.12549674990983406,2,one_per_bay,True,32+32+24+8,4,96,24,32,8,A40-12L-V4-kv410-direct,17x8E,9.5802461330455,2.0403348892530824,17.644162333164207,0.3144530425163679,8.229869879302498,10.698830843093248,10.87618141113956,98.89792592536452,99.67974887525486,12.021662081623228,0.008900225535782767,0.008900225541151814,0.008900225535782767,-5.369047220704637e-12,7.916666666666667,0.008900225535782767,0.008900225535782767,0.008900225541151814,-5.186499615200679e-09,-273.7890816627178,273.7890816627178,50.64376047995601,2167.6909903773435,2261.303299795161,14.083333333333334,False,"SOC floor violated (min 0.009, unmet 274 Wh)",2.2566562624416733,0.0,1.1326177866631937,True,3928.9905910913953
6.0,0.4326177866631937,1.882035103098679,2.0929311480819446,0.27985734072427,0.4,0.1372667312475502,0.0,1.0,3.0,0.1730471146652775,0.8604214934939245,1.04,1.04,0.20057754194108807,0.5315902789451251,0.03,1.4432683172242098,1.5167316827757902,35.97612982957246,35.04298843749346,0.9331413920789906,0.07270542998307808,-0.05072248634875836,-0.07005579901414193,17.432263112099413,7.118034124584431,214.2333533562331,0.0,1.5824834608396414,3.844747458668287,0.1258906122006619,2,one_per_bay,True,32+32+24+8,4,96,24,32,8,A40-12L-V4-kv410-direct,22x10E,9.669494294685116,2.0403348892530824,17.644162333164207,0.31445297103500225,8.268115141676017,10.748549684178823,10.926724423093749,99.5358927466614,103.96822095688823,23.12058415756877,0.0016266789943856792,0.0016369279644945101,0.0016266789943856792,-1.0248970108830968e-05,8.0,0.0016266789943856792,0.0016266789943856792,0.0016369279644945101,-0.009900505125130715,-276.4181180624467,276.4181180624467,1.9122071089099713,2167.6909903773435,2312.815347337965,14.083333333333334,False,"SOC floor violated (min 0.002, unmet 276 Wh); morning depletion (0.001637 -> 0.001627, -0.010 Wh); FLAG 22x10E: thrust table 1.88 N vs similarity 1.57 N (17%) at 2175 rpm, 10.75 m/s; FLAG 22x10E: shaft power table 39.8 W vs similarity 31.1 W (22%) at 2175 rpm, 10.75 m/s; FLAG 22x10E: (10.93 m/s, 2257 rpm) not on the map; used C_T(J) similarity",2.2566562624416733,0.0,1.1326177866631937,True,3962.56474960019
6.0,0.4276177866631937,1.882035103098679,2.092931148081944,0.27985734072427,0.4,0.1372667312475502,0.0,1.0,3.0,0.1710471146652775,0.8604214934939245,1.04,1.04,0.20057754194108807,0.544094392534699,0.03,1.5382095214879512,1.4217904785120488,36.133497410634995,35.12985392746068,1.0036434831743182,0.07270542998307808,-0.050722486348758325,-0.07033359698574626,17.517473663553915,7.403846813908967,204.1755901586317,0.0,1.5151423716826349,3.8386332606342033,0.15000720283700275,3,one_per_bay,True,30+30+24+8,4,92,24,30,8,A40-12L-V4-kv410-direct,MJ-21x13E,10.82790965864718,2.016753624772601,17.85046996212003,0.32270523025040065,8.800376485588863,11.440489431265522,11.63013419984999,103.13335627562186,103.41373075119493,22.16343892385994,0.007407997160912723,0.10366723878834247,0.007407997160912723,-0.09625924162742974,8.083333333333334,0.007407997160912723,0.007407997160912723,0.10366723878834247,-139.4796411181457,-279.06581211383747,267.37430486546236,0.0,2077.3705324449543,2357.887472672505,14.416666666666666,False,"SOC floor violated (min 0.007, unmet 267 Wh); morning depletion (0.103667 -> 0.007408, -139.480 Wh); FLAG MJ-21x13E: thrust table 2.07 N vs similarity 0.00 N (100%) at 1921 rpm, 11.44 m/s; FLAG MJ-21x13E: thrust table 2.08 N vs similarity 0.00 N (100%) at 1945 rpm, 11.63 m/s",2.255809159523443,0.0,1.1276177866631936,True,3962.5942921211404
6.0,0.4326177866631937,1.882035103098679,2.0929311480819446,0.27985734072427,0.4,0.1372667312475502,0.0,1.0,3.0,0.1730471146652775,0.8604214934939245,1.04,1.04,0.20057754194108807,0.5315902789451251,0.03,1.4432683172242098,1.5167316827757902,35.78128657894278,34.85319899067735,0.9280875882654319,0.07270542998307808,-0.05072248634875836,-0.07001842993534699,17.33874754531504,7.092731436823169,90.26603434586443,0.0,1.5862711956220554,3.8444006458497078,0.12542927712434915,2,one_per_bay,True,32+32+24+8,4,96,24,32,8,A40-12L-V4-kv410-direct,16x7E(3D),9.565039822713407,2.0403348892530824,17.644162333164207,0.31445305475905716,8.223335827213448,10.690336575377483,10.867546337084613,99.97906709151225,101.48725905620762,9.402389934695666,0.0056667358221389325,0.005666736803196404,0.0056667358221389325,-9.810574713720044e-10,8.0,0.0056667358221389325,0.0056667358221389325,0.005666736803196404,-9.477015173453562e-07,-286.0053189003401,286.0053189003401,29.852222697926365,2167.6909903773435,2294.3281645158177,14.166666666666668,False,"SOC floor violated (min 0.006, unmet 286 Wh)",2.2566562624416733,0.0,1.1326177866631937,True,4054.3864531812624
6.0,0.4326177866631937,1.882035103098679,2.0929311480819446,0.27985734072427,0.4,0.1372667312475502,0.0,1.0,3.0,0.1730471146652775,0.8604214934939245,1.04,1.04,0.20057754194108807,0.5315902789451251,0.03,1.4432683172242098,1.5167316827757902,36.13789709968564,35.20055982171394,0.9373372779717014,0.07270542998307808,-0.05072248634875836,-0.07008463598695998,17.510289617169693,7.139205451907714,274.2501912626143,0.0,1.5793669463693136,3.8450339735197407,0.1262717386472001,2,one_per_bay,True,32+32+24+8,4,96,24,32,8,A40-12L-V4-kv410-direct,26x13E,9.756647884907226,2.0403348892530824,17.644162333164207,0.31445290183803115,8.305292859840439,10.79688071779257,10.975856622404141,101.51241491653174,103.22784210917374,29.92280434753328,0.006586637284631975,0.006586689538533455,0.006586637284631975,-5.225390148008713e-08,8.0,0.006586637284631975,0.006586637284631975,0.006586689538533455,-5.0477268829764166e-05,-308.67410906358526,308.67410906358526,13.875293116911422,2167.6909903773435,2333.023373125021,14.25,False,"SOC floor violated (min 0.007, unmet 309 Wh); morning depletion (0.006587 -> 0.006587, -0.000 Wh); FLAG 26x13E: (10.80 m/s, 1700 rpm) not on the map; used C_T(J) similarity; FLAG 26x13E: (10.98 m/s, 1729 rpm) not on the map; used C_T(J) similarity",2.2566562624416733,0.0,1.1326177866631937,True,4280.1545046051215
6.0,0.4326177866631937,1.882035103098679,2.0929311480819446,0.27985734072427,0.4,0.1372667312475502,0.0,1.0,3.0,0.1730471146652775,0.8604214934939245,1.04,1.04,0.20057754194108807,0.5315902789451251,0.03,1.56326831722421,1.39673168277579,35.35825142550823,34.370105464468104,0.9881459610401236,0.07270542998307808,-0.05072248634875836,-0.07032577365643408,17.693886269909168,7.383298328179205,91.27042775294593,0.0,1.5198615400947773,3.848405095964781,0.13065101854708672,3,one_per_bay,True,32+32+24+8,4,96,24,32,8,A40-12L-V4-kv410-direct,16x8E,10.843039822713408,2.0403348892530824,17.644162333164207,0.31445784505652946,8.755484058486868,11.382129276032929,11.570806629875209,106.39751700587841,107.86071468514614,9.548497725463974,0.004097109701684486,0.07676665611552018,0.004097109701684486,-0.07266954641383569,8.083333333333334,0.004097109701684486,0.004097109701684486,0.07676665611552018,-105.29817275364792,-301.3290100598207,301.3290100598207,0.0,2167.690990377343,2447.562719234064,14.416666666666666,False,"SOC floor violated (min 0.004, unmet 301 Wh); morning depletion (0.076767 -> 0.004097, -105.298 Wh)",2.2566562624416733,0.0,1.1326177866631937,True,4281.862536310358
6.0,0.4326177866631937,1.882035103098679,2.0929311480819446,0.27985734072427,0.4,0.1372667312475502,0.0,1.0,3.0,0.1730471146652775,0.8604214934939245,1.04,1.04,0.20057754194108807,0.5315902789451251,0.03,1.4432683172242098,1.5167316827757902,35.8714543789969,34.94102803703946,0.9304263419574439,0.07270542998307808,-0.05072248634875836,-0.07003608378787797,17.38196070597096,7.1044138861568085,148.28801108367156,0.0,1.584513697430668,3.8445613749063714,0.12564308098892274,2,one_per_bay,True,32+32+24+8,4,96,24,32,8,A40-12L-V4-kv410-direct,19x8E,9.613307806683931,2.0403348892530824,17.644162333164207,0.31445301596232444,8.244058393994559,10.717275912192926,10.894932237338352,102.27088314432027,104.08173660561872,15.779543598090287,0.007268438474829686,0.007269220647975963,0.007268438474829686,-7.821731462763493e-07,8.0,0.007268438474829686,0.007268438474829686,0.007269220647975963,-0.0007555792593029534,-320.1673498844504,320.1673498844504,6.266046341559219,2167.6909903773435,2352.15701671136,14.25,False,"SOC floor violated (min 0.007, unmet 320 Wh); morning depletion (0.007269 -> 0.007268, -0.001 Wh); FLAG 19x8E: (10.72 m/s, 2805 rpm) not on the map; used C_T(J) similarity; FLAG 19x8E: (10.89 m/s, 2853 rpm) not on the map; used C_T(J) similarity",2.2566562624416733,0.0,1.1326177866631937,True,4394.405841542821
5.148278735002044,0.44911941436995856,0.873772647008358,1.849927084371547,0.36549121825217423,0.449197952686433,0.6158167852636812,2.386669810786145,0.6691127015416387,1.997662483879286,0.20174352144671512,1.9048095279972452,1.663848318315745,1.663848318315745,0.31538517045806996,0.5000000000000001,0.030000000000000002,1.7987202146328634,0.7354191528681584,36.49886348790543,30.316532306663188,6.182331181242245,0.0727054299830781,-0.052250373777216204,-0.07193021704484513,16.1695705394108,17.121083665227513,376.3042941096777,0.0,0.9938770285103423,3.439813835473526,0.8938914503499502,2,one_per_bay,True,36+30+30+12,4,108,36,30,12,A40-12L-V4-kv410-direct,20x13E,10.082460587852367,2.146615863770011,12.347236587884442,0.2532629436065174,8.651350787419993,11.246756023645991,11.433189345073776,103.93191535336152,104.4657410676448,21.061611788066426,0.009459775020840618,0.009459775020840618,0.009459775020840618,0.0,7.833333333333333,0.009459775020840618,0.009459775020840618,0.009459775020840618,0.0,-325.27669329646983,325.27669329646983,253.37867586678084,2438.6523641745102,2379.7487110997013,13.916666666666668,False,"SOC floor violated (min 0.009, unmet 325 Wh)",2.0277592352757234,0.0,1.1491194143699586,True,4443.307157943857
6.0,0.4326177866631937,1.882035103098679,2.0929311480819446,0.27985734072427,0.4,0.1372667312475502,0.0,1.0,3.0,0.1730471146652775,0.8604214934939245,1.04,1.04,0.20057754194108807,0.5315902789451251,0.03,1.56326831722421,1.39673168277579,35.52815190444058,34.535257788011904,0.9928941164286753,0.07270542998307808,-0.05072248634875836,-0.07033126633269754,17.78740183669354,7.409301923629088,208.5393388859194,0.0,1.5168591940353742,3.848711227447074,0.13105824260138998,3,one_per_bay,True,32+32+24+8,4,96,24,32,8,A40-12L-V4-kv410-direct,22x12E,10.947494294685116,2.0403348892530824,17.644162333164207,0.31445777094294414,8.797555169892236,11.436821720859907,11.626405691163383,107.08254548079054,107.30258958532016,22.618517863225904,0.008192423760865809,0.06990917744279848,0.008192423760865809,-0.061716753681932676,8.083333333333334,0.008192423760865809,0.008192423760865809,0.06990917744279848,-89.42757608512045,-321.7449577542061,321.7449577542061,0.0,2167.690990377343,2452.089847540721,14.416666666666666,False,"SOC floor violated (min 0.008, unmet 322 Wh); morning depletion (0.069909 -> 0.008192, -89.428 Wh)",2.2566562624416733,0.0,1.1326177866631937,True,4470.9739064631285
5.077794481714691,0.4878343585554026,1.2619507855356276,2.953672852603833,0.3045515718407795,0.5288649326704895,0.13339438739868192,0.36174904175204664,0.7934244798729766,2.1593913463838756,0.25799848519175445,0.9468308722781313,1.4035363291503264,1.4035363291503264,0.2561779228937918,0.5,0.029999999999999995,1.5648942341487018,0.9340030067086438,35.40464137245143,32.305041620347936,3.0995997521034955,0.07270542998307807,-0.08458320065974369,-0.10792399759578372,16.91254079969816,10.025254747488,222.1725642084541,0.0,1.1942409983975901,3.861717095250008,0.8040664211472816,2,one_per_bay,True,30+29+29+10,4,98,30,29,10,A40-12L-V4-kv410-direct,MJ-20x11E,10.07748948772488,2.111208649588154,12.212907901624032,0.27204747985029837,8.489474315682012,11.036316610386615,11.219261555371382,104.5626630075094,105.60559834619663,20.398498477811636,0.002883106314628155,0.0028831073150566433,0.002883106314628155,-1.0004284883152748e-09,8.0,0.002883106314628155,0.002883106314628155,0.0028831073150566433,-9.664139197125554e-07,-344.9091593656911,344.9091593656911,28.309893151300834,2212.851219343537,2399.672531732427,14.25,False,"SOC floor violated (min 0.003, unmet 345 Wh); morning depletion (0.002883 -> 0.002883, -0.000 Wh)",3.0820580809414366,0.0,1.1878343585554025,True,4646.208487342711
6.0,0.4326177866631937,1.882035103098679,2.0929311480819446,0.27985734072427,0.4,0.1372667312475502,0.0,1.0,3.0,0.1730471146652775,0.8604214934939245,1.04,1.04,0.20057754194108807,0.5315902789451251,0.03,1.56326831722421,1.39673168277579,35.66929231771227,34.6724537944283,0.9968385232839684,0.07270542998307808,-0.05072248634875836,-0.07033423449666455,17.86542834176382,7.43103732497708,255.83215858063483,0.0,1.5143854623307988,3.848964427067747,0.13139505573576582,3,one_per_bay,True,32+32+24+8,4,96,24,32,8,A40-12L-V4-kv410-direct,26x15E,11.034647884907226,2.0403348892530824,17.644162333164207,0.3144577096210975,8.832504653777542,11.482256049910806,11.672593168309074,107.33135383649481,109.16081474046308,27.977962879989974,0.004037793235347956,0.0674183408244672,0.004037793235347956,-0.06338054758911923,8.083333333333334,0.004037793235347956,0.004037793235347956,0.0674183408244672,-91.83841345663377,-340.60801612013046,340.60801612013046,0.0,2167.690990377343,2473.4848257389035,14.416666666666666,False,"SOC floor violated (min 0.004, unmet 341 Wh); morning depletion (0.067418 -> 0.004038, -91.838 Wh); FLAG 26x15E: (11.48 m/s, 1623 rpm) not on the map; used C_T(J) similarity; FLAG 26x15E: (11.67 m/s, 1650 rpm) not on the map; used C_T(J) similarity",2.2566562624416733,0.0,1.1326177866631937,True,4665.422914555076
4.931397085364628,0.41074026760147897,1.206072097415503,1.4316204855290218,0.26009271670404954,0.7356256581755799,0.9902996375452885,3.723091049159536,0.9162992745789182,2.3270673816265712,0.30215107969355176,2.449632104751305,1.6188532487773866,1.6188532487773866,0.21272133179578723,0.5,0.029999999999999995,1.7153029507312656,0.7103955919510483,37.64978076188986,33.959388708461375,3.6903920534284853,0.07270542998307807,-0.042213831565857104,-0.05881520093675064,14.169080190229694,21.818600295865423,686.1221716554757,0.0,0.9461461293318841,3.2085143334532744,0.2828791657474351,2,one_per_bay,True,36+30+30+12,4,108,36,30,12,A40-12L-V4-kv410-direct,MJ-26x15EL,9.618304322778133,2.023778717044319,12.016470481051208,0.32206130641928266,8.852131794495486,11.507771332844133,11.698531408665362,106.05084459259267,109.09215156310167,31.113201785842254,0.005620675681627009,0.005620675681627319,0.005620675681627009,-3.1051550219984847e-16,7.916666666666667,0.005620675681627009,0.005620675681627009,0.005620675681627319,-2.999579751250536e-13,-351.462414367277,351.462414367277,203.4458932482001,2438.6523641745102,2455.8867821748668,13.916666666666668,False,"SOC floor violated (min 0.006, unmet 351 Wh); FLAG MJ-26x15EL: shaft power table 41.9 W vs similarity 34.2 W (18%) at 1507 rpm, 11.51 m/s",1.6295697334205461,0.0,1.110740267601479,True,4709.003467991143
5.795859388038387,0.47264860175849366,1.7752898095950624,2.3839128996554573,0.26770287964320855,0.4,0.0,0.8054518266096646,0.9009441792788792,2.6634468553488504,0.18905944070339747,0.5307508956071341,1.0615017912142681,1.0615017912142681,0.20884050827983558,0.5,0.03,1.494353504309953,1.3635761897092407,37.42785265860894,36.30339127892497,1.1244613796839744,0.07270542998307808,-0.05980939177695195,-0.08191421578335972,17.44503945383456,6.880374966070702,180.5403319160407,0.0,1.505901156548168,3.4738000439893657,0.3310807947447343,3,one_per_bay,True,31+31+24+8,4,94,24,31,8,A40-12L-V4-kv410-direct,MJ-21x13p5EL,10.911148696926753,2.0680985862360957,16.242932648123684,0.27307213920121925,8.977573690832834,11.670845798082684,11.864309099094411,105.76656063816796,108.71557216850569,22.08831832041209,0.007476215619063911,0.08012380804467029,0.007476215619063911,-0.07264759242560638,8.166666666666666,0.007476215619063911,0.007476215619063911,0.08012380804467029,-105.26636142470365,-345.1517518286182,345.1517518286182,0.0,2122.5307614111475,2446.658815815113,14.416666666666666,False,"SOC floor violated (min 0.007, unmet 345 Wh); morning depletion (0.080124 -> 0.007476, -105.266 Wh); FLAG MJ-21x13p5EL: thrust table 2.14 N vs similarity 2.95 N (27%) at 1860 rpm, 11.67 m/s; FLAG MJ-21x13p5EL: shaft power table 37.4 W vs similarity 44.4 W (16%) at 1860 rpm, 11.67 m/s; FLAG MJ-21x13p5EL: thrust table 2.15 N vs similarity 3.11 N (31%) at 1911 rpm, 11.86 m/s; FLAG MJ-21x13p5EL: shaft power table 38.2 W vs similarity 47.5 W (20%) at 1911 rpm, 11.86 m/s",2.5290742698695694,0.0,1.1726486017584936,True,4716.688894092725
6.0,0.4326177866631937,1.882035103098679,2.0929311480819446,0.27985734072427,0.4,0.1372667312475502,0.0,1.0,3.0,0.1730471146652775,0.8604214934939245,1.04,1.04,0.20057754194108807,0.5315902789451251,0.03,1.4432683172242098,1.5167316827757902,35.6904174810379,34.76468683658264,0.9257306444552551,0.07270542998307808,-0.05072248634875836,-0.07000000575811054,17.29530831677982,7.081005154669329,178.80098315823886,0.0,1.5880505082194734,3.8442382563982127,0.12521326473646172,2,one_per_bay,True,32+32+24+8,4,96,24,32,8,A40-12L-V4-kv410-direct,MJ-20x8EL,9.51651932676253,2.0403348892530824,17.644162333164207,0.314453093948063,8.202452086581621,10.663187712556107,10.839947437589716,104.01798398101528,105.49461006363852,19.18541915387562,0.006601046408393629,0.006601046408393629,0.007317180548002343,0.0007161341396087137,8.083333333333334,0.006601046408393629,0.007317180548002343,0.006601046408393629,0.6917855788620174,-353.2059707123948,353.2059707123948,0.0,2167.690990377343,2390.8287198499456,14.25,False,"SOC floor violated (min 0.007, unmet 353 Wh); FLAG MJ-20x8EL: thrust table 1.86 N vs similarity 0.00 N (100%) at 2449 rpm, 10.66 m/s; FLAG MJ-20x8EL: thrust table 1.86 N vs similarity 0.00 N (100%) at 2488 rpm, 10.84 m/s",2.2566562624416733,0.0,1.1326177866631937,True,4725.458660715554
6.0,0.4326177866631937,1.882035103098679,2.0929311480819446,0.27985734072427,0.4,0.1372667312475502,0.0,1.0,3.0,0.1730471146652775,0.8604214934939245,1.04,1.04,0.20057754194108807,0.5315902789451251,0.03,1.4432683172242098,1.5167316827757902,35.809717473075345,34.88089245017604,0.9288250228993012,0.07270542998307808,-0.05072248634875836,-0.07002406372278343,17.35236138781084,7.09641002944707,103.47342084890445,0.0,1.5857161703864024,3.8444513691600117,0.12549674990983406,2,one_per_bay,True,32+32+24+8,4,96,24,32,8,A40-12L-V4-kv410-direct,17x7E,9.5802461330455,2.0403348892530824,17.644162333164207,0.3144530425163679,8.229869879302498,10.698830843093248,10.87618141113956,104.19844645681304,105.4601587748827,10.848917483704474,0.0038554753748365356,0.004696629683200353,0.0038554753748365356,-0.0008411543083638173,8.083333333333334,0.0038554753748365356,0.0038554753748365356,0.004696629683200353,-0.8125550618794475,-353.97006529380553,353.97006529380553,0.0,2167.690990377343,2393.0644100647073,14.25,False,"SOC floor violated (min 0.004, unmet 354 Wh); morning depletion (0.004697 -> 0.003855, -0.813 Wh)",2.2566562624416733,0.0,1.1326177866631937,True,4736.686330871583
6.0,0.4326177866631937,1.882035103098679,2.0929311480819446,0.27985734072427,0.4,0.1372667312475502,0.0,1.0,3.0,0.1730471146652775,0.8604214934939245,1.04,1.04,0.20057754194108807,0.5315902789451251,0.03,1.56326831722421,1.39673168277579,35.46589254927829,34.474738375518164,0.9911541737601247,0.07270542998307808,-0.05072248634875836,-0.07032949858539027,17.753081392327914,7.399752566147415,168.09655352152845,0.0,1.5179562666420858,3.8485992170562575,0.13090924340428295,3,one_per_bay,True,32+32+24+8,4,96,24,32,8,A40-12L-V4-kv410-direct,20x10E,10.909159245053091,2.0403348892530824,17.644162333164207,0.31445779806385926,8.782138378347453,11.41677989185169,11.606031636156693,107.52804177487585,109.44741659759018,18.07614917767705,0.004974932152461355,0.06544922828049446,0.004974932152461355,-0.0604742961280331,8.083333333333334,0.004974932152461355,0.004974932152461355,0.06544922828049446,-87.62725508951996,-350.3718286830925,350.3718286830925,0.0,2167.690990377343,2479.0670113146825,14.416666666666666,False,"SOC floor violated (min 0.005, unmet 350 Wh); morning depletion (0.065449 -> 0.004975, -87.627 Wh); FLAG 20x10E: (11.42 m/s, 2477 rpm) not on the map; used C_T(J) similarity; FLAG 20x10E: (11.61 m/s, 2519 rpm) not on the map; used C_T(J) similarity",2.2566562624416733,0.0,1.1326177866631937,True,4759.217649806496
6.0,0.4326177866631937,1.882035103098679,2.0929311480819446,0.27985734072427,0.4,0.1372667312475502,0.0,1.0,3.0,0.1730471146652775,0.8604214934939245,1.04,1.04,0.20057754194108807,0.5315902789451251,0.03,1.56326831722421,1.39673168277579,35.533060168055734,34.54002888192348,0.9930312861322524,0.07270542998307808,-0.05072248634875836,-0.07033139370767442,17.790110074875408,7.410055758045431,211.8432731549055,0.0,1.5167728586838387,3.8487200495225853,0.13106997796437236,3,one_per_bay,True,32+32+24+8,4,96,24,32,8,A40-12L-V4-kv410-direct,MJ-22x12EW,10.950519326762532,2.0403348892530824,17.644162333164207,0.3144577688066593,8.798770564378808,11.438401733692452,11.628011895285187,107.90522521540748,108.79140851999865,23.02253748997224,0.00905774703129759,0.06167299131821375,0.00905774703129759,-0.05261524428691616,8.083333333333334,0.00905774703129759,0.00905774703129759,0.06167299131821375,-76.23948897174152,-360.9355284532584,360.9355284532584,0.0,2167.690990377343,2478.2179951721027,14.416666666666666,False,"SOC floor violated (min 0.009, unmet 361 Wh); morning depletion (0.061673 -> 0.009058, -76.239 Wh); FLAG MJ-22x12EW: thrust table 2.09 N vs similarity 2.65 N (21%) at 1991 rpm, 11.44 m/s; FLAG MJ-22x12EW: thrust table 2.10 N vs similarity 2.60 N (19%) at 2018 rpm, 11.63 m/s",2.2566562624416733,0.0,1.1326177866631937,True,4852.912780788203
6.0,0.45438905585742173,1.7991363470161685,2.3632387624020073,0.2620315739425679,0.4,0.07006224397623649,0.0,1.0,3.0,0.18175562234296871,0.6937543650610665,1.04,1.04,0.20888603349777848,0.5,0.03,1.4981194958234827,1.4618805041765173,36.41657238379556,35.464837097563,0.9517352862325591,0.07270542998307808,-0.057273430124371756,-0.07860586395711898,18.554698877767862,6.637041801215765,182.9242568853275,0.0,1.5671788894030785,3.8728699533396465,0.22955938094668882,3,one_per_bay,True,32+32+24+8,4,96,24,32,8,A40-12L-V4-kv410-direct,22x12E,11.110182190890308,2.097574669163409,17.162678654180233,0.2812207817613709,8.740921878072388,11.363198441494106,11.55156198588297,108.11591544027729,108.31620990357553,22.16605879076539,0.008583789425541387,0.059563537258188325,0.008583789425541387,-0.050979747832646936,8.083333333333334,0.008583789425541387,0.008583789425541387,0.059563537258188325,-73.86965460950542,-361.83096190895515,361.83096190895515,0.0,2167.690990377343,2476.701459173266,14.416666666666666,False,"SOC floor violated (min 0.009, unmet 362 Wh); morning depletion (0.059564 -> 0.008584, -73.870 Wh)",2.5158858895958582,0.0,1.1543890558574217,True,4860.705576496657
4.558490343854826,0.4132758437410584,1.3907945585388788,1.6293615781207924,0.3894012769682954,0.9946535691231461,0.38097646841008603,2.682202233602089,0.5220700655255954,1.4660817352397593,0.4110662930094234,1.226021119552973,1.1556340754693073,1.1556340754693073,0.24161027905797128,0.5,0.03,1.5810565237877374,0.6581886481396757,35.71594914480021,33.04047000908896,2.6754791357112486,0.07270542998307808,-0.05197485360252046,-0.07189567205962116,10.74912615272887,15.374034171833857,201.2262394717622,0.0,1.0147819404180791,3.088369694117665,0.11393272309120793,2,one_per_bay,True,33+33+24+8,4,98,24,33,8,A40-12L-V4-kv410-direct,16x10E,9.25174904544817,1.8815867910665713,11.04378193643606,0.28301970424874207,9.17816804841345,11.931618462937486,12.12940449611698,104.56330720617994,110.7532760994543,13.343834946592601,0.002648236579889319,0.002648236579889319,0.007841042118138354,0.005192805538249036,8.083333333333334,0.002648236579889319,0.007841042118138354,0.002648236579889319,5.0162501499485685,-371.35441615018783,371.35441615018783,0.0,2212.8512193435363,2449.8715696577597,14.25,False,"SOC floor violated (min 0.003, unmet 371 Wh); FLAG 16x10E: (11.93 m/s, 2945 rpm) not on the map; used C_T(J) similarity",1.8013121792599485,0.0,1.1132758437410584,True,4910.895924921989
4.668471773718103,0.4228271104561194,1.6687051438891745,2.678454595325759,0.3268785755669775,0.6079445646837176,0.9718015439731721,1.3180405851836008,0.8159337683617714,2.0123867993423525,0.2570554436027197,2.2849294645955047,1.171370924179613,1.171370924179613,0.21458898677324317,0.5061962933997144,0.029999999999999995,1.714019274012879,0.5802166128461725,37.41536971335416,34.8324282551759,2.5829414581782615,0.07270542998307807,-0.08342695532170508,-0.10796931223598753,13.457723785980884,9.868126685438455,145.43533003578682,0.0,1.180931888999935,3.2808891721616806,0.2002447894368462,2,one_per_bay,True,34+34+27+9,4,104,27,34,9,A40-12L-V4-kv410-direct,17x10E,9.709535778846396,1.9657828225219742,11.086997226907055,0.3036343562504635,9.034102006908634,11.744332608981225,11.939014073720175,107.10970354588649,109.05844079429117,14.528376613134435,0.009808808751733289,0.009808808751733289,0.009808808751733289,0.0,8.0,0.009808808751733289,0.009808808751733289,0.009808808751733289,0.0,-376.90438751446567,376.90438751446567,124.92441613135162,2348.3319062421215,2469.9578628146155,14.083333333333334,False,"SOC floor violated (min 0.010, unmet 377 Wh); FLAG 17x10E: (11.74 m/s, 2810 rpm) not on the map; used C_T(J) similarity; FLAG 17x10E: (11.94 m/s, 2858 rpm) not on the map; used C_T(J) similarity",2.8169570522284952,0.0,1.1228271104561194,True,4959.235066392923
5.6697608106152355,0.3618581147071241,1.3777219233604014,2.50874311759136,0.28430395525530106,0.5401310647555433,0.28744558293038974,0.871700296929125,0.15377782530152656,1.1913437056529972,0.19545080878719245,1.4509538550819634,1.7853513758465307,1.7853513758465307,0.2018237288093024,0.8256130395039672,0.03,1.7310809016142996,1.063799503693318,36.287943830516376,32.261511051372125,4.026432779144252,0.07270542998307808,-0.06434107299202811,-0.08669015272376097,18.262252714670595,11.728966005903748,279.322473354433,0.0,1.166282769117914,3.241491033081041,0.7153845466099994,2,one_per_bay,True,26+20+20+13,4,79,26,20,13,A40-12L-V4-kv410-direct,19x12E,9.403520841996341,1.8213534689554485,17.649615078848075,0.5599123899768602,8.974505086063335,11.666856611882336,11.860253785627535,89.66786478099208,90.50283400057174,20.86362657549521,0.008138657246391446,0.008138657246391446,0.008517453565692404,0.0003787963193009579,8.083333333333334,0.008138657246391446,0.008517453565692404,0.008138657246391446,0.36591724444472534,-382.91654492819174,382.91654492819174,0.0,1783.8290441646877,2040.030543098128,14.416666666666666,False,"SOC floor violated (min 0.008, unmet 383 Wh); FLAG 19x12E: shaft power table 35.5 W vs similarity 27.4 W (23%) at 2206 rpm, 11.67 m/s; FLAG 19x12E: shaft power table 36.1 W vs similarity 27.6 W (24%) at 2238 rpm, 11.86 m/s",2.6529756751758513,0.0,1.061858114707124,True,5021.026792035525
5.4574889820855255,0.4334808725114505,1.0233337550255712,2.5396378322124002,0.3455973255686767,0.9461244712158537,0.6822103190712607,4.322155588773764,0.19681971570053136,1.1750593251513064,0.41012686128708303,2.1140069000136155,1.588656053133402,1.588656053133402,0.3116362819273114,0.5,0.029999999999999995,1.6863964742673672,1.0023480167753955,37.138976372247306,33.6758040887378,3.4631722835095102,0.07270542998307807,-0.06766681937367264,-0.09233547487664547,19.57165826482018,10.381057806957566,214.92033436559555,0.0,1.1617718677649356,2.480973196731939,0.6411653282611713,2,one_per_bay,True,36+34+34+12,4,116,36,34,12,A40-12L-V4-kv410-direct,20x13E,10.613411470683383,2.3513604970751265,12.666788451466145,0.23843491152964497,9.07590348334115,11.798674528343495,11.994256799012454,110.73296792892474,111.61662755882342,20.779808718723274,0.002689411284284739,0.002689411284284739,0.002689411284284739,0.0,7.833333333333333,0.002689411284284739,0.002689411284284739,0.002689411284284739,0.0,-401.2221165025651,401.2221165025651,342.35072503532086,2619.293280039288,2546.501464895676,13.916666666666668,False,"SOC floor violated (min 0.003, unmet 401 Wh); FLAG 20x13E: shaft power table 44.4 W vs similarity 37.0 W (17%) at 2168 rpm, 11.99 m/s",2.7075897719035478,0.0,1.1334808725114505,True,5209.531753741367
6.0,0.4326177866631937,1.882035103098679,2.0929311480819446,0.27985734072427,0.4,0.1372667312475502,0.0,1.0,3.0,0.1730471146652775,0.8604214934939245,1.04,1.04,0.20057754194108807,0.5315902789451251,0.03,1.56326831722421,1.39673168277579,35.30192232294655,34.31535057366581,0.9865717492807387,0.07270542998307808,-0.05072248634875836,-0.07032348426758754,17.662980903354846,7.374716000611414,193.6401174024386,0.0,1.5208629052572957,3.848303275816735,0.13051557486256166,3,one_per_bay,True,32+32+24+8,4,96,24,32,8,A40-12L-V4-kv410-direct,MJ-21x10EL,10.80851932676253,2.0403348892530824,17.644162333164207,0.31445786970017586,8.741535728475512,11.363996447018165,11.552373219649917,108.91087062790125,110.37310163055653,20.94034051792453,0.006602642890948016,0.05158180867004234,0.006602642890948016,-0.044979165779094325,8.166666666666666,0.006602642890948016,0.006602642890948016,0.05158180867004234,-65.17481121390767,-401.54512838183257,401.54512838183257,0.0,2167.6909903773426,2507.873942178421,14.416666666666666,False,"SOC floor violated (min 0.007, unmet 402 Wh); morning depletion (0.051582 -> 0.006603, -65.175 Wh)",2.2566562624416733,0.0,1.1326177866631937,True,5253.827805706473
5.845480251020377,0.4675885972155249,2.0,2.2182240175331227,0.3070969674282798,0.5005645310886268,0.2488252682125203,0.017015769519148627,0.9159010213647226,2.726854272155877,0.234058266907578,1.173081500135834,1.1870205043489106,1.1870205043489106,0.20846271073217368,0.5157604724663435,0.030000000000000002,1.5592831244088998,1.3234570011012887,35.19004168759444,33.95075862612868,1.239283061465757,0.0727054299830781,-0.05518004477575111,-0.07607518434432363,19.65157397454875,8.365439108237037,140.03538160624325,0.0,1.4020641380308703,4.019759901887683,0.07041610571269537,3,one_per_bay,True,35+35+27+9,4,106,27,35,9,A40-12L-V4-kv410-direct,MJ-18x8E,11.435039680714924,2.3246815539158514,14.698632295469283,0.32473763303482595,8.423497793438216,10.950547131469682,11.132070307475196,115.92915875704314,117.85590345987545,13.399945144680775,0.006397748680002119,0.0074614836435409546,0.006397748680002119,-0.0010637349635388357,8.083333333333334,0.006397748680002119,0.006397748680002119,0.0074614836435409546,-1.541351962167773,-413.8464441619475,413.8464441619475,0.0,2393.492135208314,2680.925008963067,14.333333333333332,False,"SOC floor violated (min 0.006, unmet 414 Wh); morning depletion (0.007461 -> 0.006398, -1.541 Wh)",2.39014959636219,0.0,1.1675885972155249,True,5333.130426903012
5.721264174494738,0.34811652220715905,0.8423914991673023,1.8799175470945055,0.33155786554647804,0.7884951269708288,0.48425387237724277,3.6345523457212323,0.5440201037185669,2.030085901775543,0.2744881813783772,1.9212244895392319,2.078357141772362,2.078357141772362,0.21609117229352026,0.5833293120994129,0.029999999999999995,1.7708045358383158,1.0498275514090534,37.997977415525874,32.650556885376716,5.347420530149157,0.07270542998307807,-0.04777972469915184,-0.0666377798842709,19.130858295175123,17.513785345519555,437.6401880808707,0.0,1.0242863248621392,2.8442217961450047,0.6507108052080143,2,one_per_bay,True,30+20+20+15,4,85,30,20,15,A40-12L-V4-kv410-direct,MJ-20x11EW,9.528908315738166,1.9224995642723193,17.02620087029596,0.36480074165473514,9.064536414386046,11.78389733870186,11.979234653355016,96.8452888269195,97.90959559712527,23.42901882649692,0.0031283587819250867,0.00355769142773521,0.0031283587819250867,-0.0004293326458101234,8.166666666666666,0.0031283587819250867,0.0031283587819250867,0.00355769142773521,-0.4147353358525792,-422.01009125691553,422.01009125691553,0.0,1919.3097310632725,2214.486538393881,14.416666666666666,False,"SOC floor violated (min 0.003, unmet 422 Wh); morning depletion (0.003558 -> 0.003128, -0.415 Wh)",2.0586420180300915,0.0,1.0481165222071591,True,5417.40188543304
5.874880782721387,0.4389614107918087,1.5438499208453043,1.8419835380191372,0.2925786033798058,0.9227922786485422,0.016491072426081,3.925725262323831,0.47981735664594855,1.7049793033784855,0.40507020050335196,0.6072271510604949,1.1363101913017917,1.1363101913017917,0.30338880484306824,0.5,0.030000000000000002,1.467469003507561,1.4299713878531326,36.9957286827342,35.89962107125159,1.0961076114826167,0.0727054299830781,-0.04559146308034419,-0.06299175206628402,19.648850062093928,8.710388091941404,263.9866350305623,0.0,1.4160662513619848,2.764139828578689,-0.20477745453661267,2,one_per_bay,True,42+42+24+8,4,116,24,42,8,A40-12L-V4-kv410-direct,MJ-26x15E,10.698100862723127,2.4998722096731054,13.8063954139889,0.25637698905174955,8.605279387810757,11.186863204153985,11.372303704430132,112.90156879192921,116.63893043398032,27.19329465479184,0.0006893078248530488,0.0006893078248536612,0.0006893078248530488,-6.123573870198129e-16,7.916666666666667,0.0006893078248530488,0.0006893078248530488,0.0006893078248536612,-5.915372358611393e-13,-429.79962474117485,429.79962474117485,290.151998839818,2619.293280039288,2627.322714230315,13.916666666666668,False,"SOC floor violated (min 0.001, unmet 430 Wh); FLAG MJ-26x15E: thrust table 2.32 N vs similarity 2.76 N (16%) at 1540 rpm, 11.19 m/s; FLAG MJ-26x15E: thrust table 2.33 N vs similarity 2.99 N (22%) at 1582 rpm, 11.37 m/s",2.0504712022080347,0.0,1.1389614107918087,True,5497.306939586895
4.7793077418086325,0.43070995396180556,1.3134075136777192,2.3009288896327105,0.37548238563268405,0.937880910399946,0.26735712663556666,2.3119919870816252,0.395090847139982,1.3412638368758558,0.40395464374001705,1.1198838842779242,1.3130350657492302,1.3130350657492302,0.24874758168015493,0.49999999999999994,0.03,1.5649646322149344,0.7846892386893818,37.59615490879355,34.53838834518593,3.0577665636076246,0.07270542998307808,-0.07000596459516753,-0.0941153149889204,13.654635016139187,11.878340982967488,291.7073887004858,0.0,1.0885034057437795,3.0896324206178627,0.26798531675400167,2,one_per_bay,True,32+32+30+10,4,104,30,32,10,A40-12L-V4-kv410-direct,MJ-21x13E,9.789022699948715,2.0245223275411917,11.282554003073688,0.2847791533519909,9.07651341778695,11.799467443123035,11.995062857647492,112.72559030140427,113.40609056520043,25.093020502742732,0.001170163130758085,0.0011701631309495551,0.001170163130758085,-1.9147010366094008e-13,8.0,0.001170163130758085,0.001170163130758085,0.0011701631309495551,-1.8496012013646812e-10,-448.51448853955407,448.51448853955407,74.29632299541169,2348.3319062421215,2592.049044805721,14.25,False,"SOC floor violated (min 0.001, unmet 449 Wh); FLAG MJ-21x13E: thrust table 2.31 N vs similarity 0.00 N (100%) at 1976 rpm, 11.80 m/s; FLAG MJ-21x13E: thrust table 2.32 N vs similarity 0.00 N (100%) at 2001 rpm, 12.00 m/s",2.4529957827355773,0.0,1.1307099539618055,True,5683.974722264783
6.0,0.4276177866631937,1.882035103098679,2.092931148081944,0.27985734072427,0.4,0.1372667312475502,0.0,1.0,3.0,0.1710471146652775,0.8604214934939245,1.04,1.04,0.20057754194108807,0.544094392534699,0.03,1.5382095214879512,1.4217904785120488,36.22681488367916,35.220579415770494,1.006235467908669,0.07270542998307808,-0.050722486348758325,-0.07033694008795326,17.5675165781832,7.417810432210525,213.59843625172215,0.0,1.513544216541818,3.838797977579369,0.15022126822736154,3,one_per_bay,True,30+30+24+8,4,92,24,30,8,A40-12L-V4-kv410-direct,MJ-22x12EW,10.88390965864718,2.016753624772601,17.85046996212003,0.3227051909268217,8.823104119344865,11.470035355148326,11.660169895602344,107.67129573966919,108.56624279462538,23.218031953186706,0.005466528382171681,0.05802577343058907,0.005466528382171681,-0.052559245048417386,8.166666666666666,0.005466528382171681,0.005466528382171681,0.05802577343058907,-76.15834607515679,-444.952776786332,444.952776786332,0.0,2077.370532444954,2472.5385158528916,14.583333333333332,False,"SOC floor violated (min 0.005, unmet 445 Wh); morning depletion (0.058026 -> 0.005467, -76.158 Wh); FLAG MJ-22x12EW: thrust table 2.08 N vs similarity 2.63 N (21%) at 1993 rpm, 11.47 m/s; FLAG MJ-22x12EW: thrust table 2.09 N vs similarity 2.58 N (19%) at 2020 rpm, 11.66 m/s",2.255809159523443,0.0,1.1276177866631936,True,5696.620483529565
6.0,0.4326177866631937,1.882035103098679,2.0929311480819446,0.27985734072427,0.4,0.1372667312475502,0.0,1.0,3.0,0.1730471146652775,0.8604214934939245,1.04,1.04,0.20057754194108807,0.5315902789451251,0.03,1.56326831722421,1.39673168277579,35.259437196546756,34.27405276576633,0.9853844307804249,0.07270542998307808,-0.05072248634875836,-0.07032160194090123,17.639703731104603,7.368255820682489,137.954962405526,0.0,1.521620140134964,3.8482263724189525,0.1304132760971553,3,one_per_bay,True,32+32+24+8,4,96,24,32,8,A40-12L-V4-kv410-direct,MJ-18x8EL,10.78251932676253,2.0403348892530824,17.644162333164207,0.3144578883109809,8.731015472752459,11.350320114578198,11.538470179697454,110.06305954902176,112.06378104918268,14.718468032649737,0.007854143727595391,0.03998628892088064,0.007854143727595391,-0.03213214519328525,8.166666666666666,0.007854143727595391,0.007854143727595391,0.03998628892088064,-46.55947838507033,-452.65976557559947,452.65976557559947,0.0,2167.6909903773426,2540.5202834280526,14.5,False,"SOC floor violated (min 0.008, unmet 453 Wh); morning depletion (0.039986 -> 0.007854, -46.559 Wh)",2.2566562624416733,0.0,1.1326177866631937,True,5750.875656221685
5.541369350214904,0.30113525515929745,1.4201162723650327,1.628921476200601,0.2766348464022188,0.7147798043108571,0.8027983173889907,3.3081161839895588,0.3863971385060119,1.7150839134551092,0.21524539875386264,2.431432270292282,2.1007049469160446,2.1007049469160446,0.19968399600951903,1.2241609413619272,0.029999999999999995,1.9289462061144904,0.8017384689929614,38.283012516528025,31.83908435243956,6.443928164088465,0.07270542998307807,-0.0427444657993216,-0.060356956694437955,17.253664542405218,21.42562320242809,630.7362249354699,0.0,0.9858338108584224,2.626076825701572,0.73525411740268,2,one_per_bay,True,32+19+19+16,4,86,32,19,16,A40-12L-V4-kv410-direct,MJ-21x14EL,8.912087594962504,1.6395633328741017,18.728629544107427,0.8854485937957025,9.585092106651942,12.460619738647525,12.667174830626088,99.31435154043565,99.87325908892281,29.117817984505486,0.0025564926797296827,0.0025564926797296827,0.007266408058934115,0.004709915379204432,8.166666666666666,0.0025564926797296827,0.007266408058934115,0.0025564926797296827,4.549778256311481,-458.80553540619144,458.80553540619144,0.0,1941.88984554637,2268.807483052038,14.583333333333332,False,"SOC floor violated (min 0.003, unmet 459 Wh); FLAG MJ-21x14EL: thrust table 1.92 N vs similarity 2.77 N (31%) at 1943 rpm, 12.46 m/s; FLAG MJ-21x14EL: shaft power table 36.3 W vs similarity 43.8 W (17%) at 1943 rpm, 12.46 m/s; FLAG MJ-21x14EL: thrust table 1.93 N vs similarity 2.70 N (29%) at 1967 rpm, 12.67 m/s",1.8049645577289346,0.0,1.0011352551592974,True,5785.498861382185
6.0,0.4326177866631937,1.882035103098679,2.0929311480819446,0.27985734072427,0.4,0.1372667312475502,0.0,1.0,3.0,0.1730471146652775,0.8604214934939245,1.04,1.04,0.20057754194108807,0.5315902789451251,0.03,1.56326831722421,1.39673168277579,35.38303599597235,34.39419738831615,0.9888386076561996,0.07270542998307808,-0.05072248634875836,-0.0703267067549037,17.70750011240497,7.38708067199905,104.99655991665084,0.0,1.5194218868988028,3.848449845028827,0.13071054488057726,3,one_per_bay,True,32+32+24+8,4,96,24,32,8,A40-12L-V4-kv410-direct,17x8E,10.858246133045501,2.0403348892530824,17.644162333164207,0.31445783422479917,8.761621265584122,11.39010764525936,11.578917253582071,111.02617637767091,112.19978004094365,11.060769294009292,0.0038878944576795074,0.03034426860817474,0.0038878944576795074,-0.026456374150495232,8.166666666666666,0.0038878944576795074,0.0038878944576795074,0.03034426860817474,-38.33528614406759,-476.05997218417775,476.05997218417775,0.0,2167.6909903773426,2555.679667559916,14.583333333333332,False,"SOC floor violated (min 0.004, unmet 476 Wh); morning depletion (0.030344 -> 0.003888, -38.335 Wh)",2.2566562624416733,0.0,1.1326177866631937,True,5983.168200534594
6.0,0.4326177866631937,1.882035103098679,2.0929311480819446,0.27985734072427,0.4,0.1372667312475502,0.0,1.0,3.0,0.1730471146652775,0.8604214934939245,1.04,1.04,0.20057754194108807,0.5315902789451251,0.03,1.4432683172242098,1.5167316827757902,35.904744692162716,34.97345487296863,0.9312898191940852,0.07270542998307808,-0.05072248634875836,-0.07004244437920397,17.397942667733787,7.108738815949019,163.86791836220786,0.0,1.5838668476106867,3.8446206146208173,0.12572188246034027,2,one_per_bay,True,32+32+24+8,4,96,24,32,8,A40-12L-V4-kv410-direct,20x8E,9.631159245053091,2.0403348892530824,17.644162333164207,0.3144530016609181,8.251709248704648,10.727222023316044,10.905043221472678,109.34893576855204,111.27933629683595,17.505790401168337,0.006997040938990303,0.006997040938990303,0.008574828233666188,0.001577787294675885,8.166666666666666,0.006997040938990303,0.008574828233666188,0.006997040938990303,1.5241425266569049,-485.6401483250862,485.6401483250862,0.0,2167.6909903773426,2522.8741301746386,14.416666666666666,False,"SOC floor violated (min 0.007, unmet 486 Wh); FLAG 20x8E: (10.73 m/s, 2724 rpm) not on the map; used C_T(J) similarity; FLAG 20x8E: (10.91 m/s, 2771 rpm) not on the map; used C_T(J) similarity",2.2566562624416733,0.0,1.1326177866631937,True,6049.404442311872
6.0,0.4326177866631937,1.882035103098679,2.0929311480819446,0.27985734072427,0.4,0.1372667312475502,0.0,1.0,3.0,0.1730471146652775,0.8604214934939245,1.04,1.04,0.20057754194108807,0.5315902789451251,0.03,1.4432683172242098,1.5167316827757902,35.82143974667416,34.8923106738741,0.9291290728000592,0.07270542998307808,-0.05072248634875836,-0.07002636849637428,17.35797762668432,7.097928085742529,178.3877450444973,0.0,1.5854875619646818,3.844472271041992,0.1255245538604764,2,one_per_bay,True,32+32+24+8,4,96,24,32,8,A40-12L-V4-kv410-direct,MJ-20x8E,9.58651932676253,2.0403348892530824,17.644162333164207,0.31445303747120945,8.232563918608461,10.702333094191,10.879741717760455,109.39246158367803,111.14067994115912,19.14326081577063,0.006568494838788691,0.006568494838788691,0.009087417971178123,0.002518923132389432,8.166666666666666,0.006568494838788691,0.009087417971178123,0.006568494838788691,2.4332797458881914,-485.86073130945147,485.86073130945147,0.0,2167.6909903773426,2522.172837267447,14.416666666666666,False,"SOC floor violated (min 0.007, unmet 486 Wh); FLAG MJ-20x8E: thrust table 1.87 N vs similarity 0.00 N (100%) at 2496 rpm, 10.70 m/s; FLAG MJ-20x8E: thrust table 1.88 N vs similarity 0.00 N (100%) at 2537 rpm, 10.88 m/s",2.2566562624416733,0.0,1.1326177866631937,True,6052.038818255726
5.17965369772776,0.42027533368770364,1.4123644186653725,1.6530683468670455,0.3867349496705813,0.7530748901464102,0.5805115577558999,1.1831908975553824,0.0932064156146756,0.8858802455218896,0.3164988007481133,1.8015703827712368,1.4214740354906896,1.4214740354906896,0.23553346854978174,0.5551444740703984,0.03,1.7010822572274373,0.8487445916364427,35.42788570035784,32.34135471488418,3.086530985473661,0.07270542998307808,-0.046407366964748606,-0.06459539636966037,15.156231413631119,14.998718240257796,476.55105357822185,0.0,1.0849121411897809,3.104450214834087,0.2775748738690671,2,one_per_bay,True,33+33+30+10,4,106,30,33,10,A40-12L-V4-kv410-direct,MJ-26x15E,9.940759720195551,2.0950781630809745,12.805637947622447,0.3407743333753316,8.869786788334105,11.530722824834337,11.721863359062812,115.26796481839196,119.82866191731202,29.995870827737566,0.007933912560202408,0.007933912563128807,0.007933912560202408,-2.9263987066929786e-12,8.083333333333334,0.007933912560202408,0.007933912560202408,0.007933912563128807,-2.8269011506654174e-09,-488.0964394085215,488.0964394085215,60.250805022375765,2393.492135208314,2690.8979523558637,14.25,False,"SOC floor violated (min 0.008, unmet 488 Wh); FLAG MJ-26x15E: thrust table 2.20 N vs similarity 2.90 N (24%) at 1585 rpm, 11.53 m/s; FLAG MJ-26x15E: thrust table 2.21 N vs similarity 3.22 N (32%) at 1634 rpm, 11.72 m/s; FLAG MJ-26x15E: shaft power table 43.5 W vs similarity 51.4 W (15%) at 1634 rpm, 11.72 m/s",1.8418027322005373,0.0,1.1202753336877036,True,6073.030481525012
6.0,0.4326177866631937,1.882035103098679,2.0929311480819446,0.27985734072427,0.4,0.1372667312475502,0.0,1.0,3.0,0.1730471146652775,0.8604214934939245,1.04,1.04,0.20057754194108807,0.5315902789451251,0.03,1.4432683172242098,1.5167316827757902,36.18225006755876,35.24376237150763,0.9384876960511339,0.07270542998307808,-0.05072248634875836,-0.07009219922925268,17.531743886946124,7.145036025417434,282.9067402600427,0.0,1.5785169028613353,3.8451123054701344,0.12637593709263278,2,one_per_bay,True,32+32+24+8,4,96,24,32,8,A40-12L-V4-kv410-direct,27x13E,9.780611749941622,2.0403348892530824,17.644162333164207,0.3144528829152397,8.315486158758004,10.810132006385405,10.989327572714574,110.09975396226325,111.94921670620953,30.88286959931808,0.006364062523102456,0.008907337114568968,0.006364062523102456,-0.002543274591466513,8.166666666666666,0.006364062523102456,0.006364062523102456,0.008907337114568968,-2.4568032553566512,-498.72119299385304,498.72119299385304,0.0,2167.6909903773426,2539.96399116179,14.5,False,"SOC floor violated (min 0.006, unmet 499 Wh); morning depletion (0.008907 -> 0.006364, -2.457 Wh); FLAG 27x13E: (10.81 m/s, 1671 rpm) not on the map; used C_T(J) similarity; FLAG 27x13E: (10.99 m/s, 1699 rpm) not on the map; used C_T(J) similarity",2.2566562624416733,0.0,1.1326177866631937,True,6183.391141006894
6.0,0.420958371302258,2.0,2.4321294752955174,0.2965576468513795,0.49180858100620595,0.03681377869031366,0.5902018851009165,0.8023385856976153,2.5192237895036476,0.20703093925284707,0.6572209446242683,1.1353559601586642,1.1353559601586642,0.20533941949600923,0.6541724685553771,0.03,1.5799210222245472,1.3800789777754527,36.10872359600775,34.882147511358355,1.2265760846493976,0.07270542998307808,-0.05894300642529288,-0.08110594351766093,18.622285446831807,6.886290638675092,141.94336312575055,0.0,1.517407354435397,3.4746023695947477,0.33574757379156445,3,one_per_bay,True,28+28+24+8,4,88,24,28,8,A40-12L-V4-kv410-direct,19x10E,10.917984748119405,2.024565520637873,17.78159295563702,0.3992179308109023,9.030086934870472,11.739113015331613,11.933707956794114,106.23146092416502,108.16352937758086,16.834849952425653,0.0038640776565611584,0.06623957543342246,0.0038640776565611584,-0.0623754977768613,8.25,0.0038640776565611584,0.0038640776565611584,0.06623957543342246,-90.38209627867202,-495.27020056059575,495.27020056059575,0.0,1987.050074512565,2447.426695374044,14.75,False,"SOC floor violated (min 0.004, unmet 495 Wh); morning depletion (0.066240 -> 0.003864, -90.382 Wh); FLAG 19x10E: (11.74 m/s, 2602 rpm) not on the map; used C_T(J) similarity; FLAG 19x10E: (11.93 m/s, 2647 rpm) not on the map; used C_T(J) similarity",2.58251726266384,0.0,1.120958371302258,True,6211.213424726258
6.0,0.4326177866631937,1.882035103098679,2.0929311480819446,0.27985734072427,0.4,0.1372667312475502,0.0,1.0,3.0,0.1730471146652775,0.8604214934939245,1.04,1.04,0.20057754194108807,0.5315902789451251,0.03,1.56326831722421,1.39673168277579,35.73367605476623,34.73503821937938,0.9986378353868471,0.07270542998307808,-0.05072248634875836,-0.0703351135254493,17.901124280991954,7.44099240303983,245.75397524744105,0.0,1.5132631252363666,3.849079596051095,0.13154825682579574,3,one_per_bay,True,32+32+24+8,4,96,24,32,8,A40-12L-V4-kv410-direct,MJ-26x15E,11.07451932676253,2.0403348892530824,17.644162333164207,0.3144576817217358,8.848447489202805,11.502981735963646,11.69366241640608,111.20096875809936,115.4276008933735,26.890918837162566,0.005785174678608123,0.028547315558232353,0.005785174678608123,-0.022762140879624228,8.25,0.005785174678608123,0.005785174678608123,0.028547315558232353,-32.982342134575504,-514.0822299329805,514.0822299329805,0.0,2167.6909903773426,2588.6240361348814,14.583333333333332,False,"SOC floor violated (min 0.006, unmet 514 Wh); morning depletion (0.028547 -> 0.005785, -32.982 Wh); FLAG MJ-26x15E: thrust table 2.11 N vs similarity 2.71 N (22%) at 1569 rpm, 11.50 m/s; FLAG MJ-26x15E: thrust table 2.12 N vs similarity 3.01 N (30%) at 1616 rpm, 11.69 m/s",2.2566562624416733,0.0,1.1326177866631937,True,6357.79926453082
4.537231079271347,0.49275830323101033,1.0693305197140268,1.9576764912321714,0.24009662288815886,0.904340029209253,0.3111849323543294,0.5097725689854817,0.1346297292932101,1.0956959248631843,0.44562105833703386,1.3349981839890845,1.8264385908386007,1.8264385908386007,0.271291487391116,0.4999999999999999,0.03,1.5734031885376851,0.6552123510979884,37.17505924171218,31.51287881349711,5.662180428215065,0.07270542998307808,-0.06274034034239957,-0.08547050499902807,14.956717318987959,22.490135401825786,283.32417560632183,0.0,0.8432887974120682,3.5131054307788085,0.9842379872552394,2,one_per_bay,True,42+25+25+14,4,106,42,25,14,A40-12L-V4-kv410-direct,17x10E,10.060768327957302,2.191750138058375,9.392706544981879,0.2833033365591137,8.731406023294994,11.350827830283492,11.53898631161851,118.05959045224796,119.96041948030538,13.563196272269595,0.0018018926103422744,0.0018018926203791277,0.0018018926103422744,-1.0036853292927361e-11,8.083333333333334,0.0018018926103422744,0.0018018926103422744,0.0018018926203791277,-9.695600280967831e-09,-521.8163788339089,521.8163788339089,53.03471255822983,2393.492135208314,2731.6464490395115,14.416666666666666,False,"SOC floor violated (min 0.002, unmet 522 Wh); FLAG 17x10E: (11.35 m/s, 2835 rpm) not on the map; used C_T(J) similarity; FLAG 17x10E: (11.54 m/s, 2883 rpm) not on the map; used C_T(J) similarity",2.124397710473789,0.0,1.1927583032310103,True,6416.361895728746
4.891408016649106,0.3786268333439095,1.034346336142784,1.3173648328011085,0.23991195593358194,0.6989203896113068,0.6553467240387801,0.825167360332108,0.9511660954613783,2.3525759916100544,0.26463001387802054,1.7884377842191552,1.0773359044817874,1.0773359044817874,0.2917335795800877,0.5,0.03,1.6030787256606962,0.8026252826638569,37.487611804587075,35.44579768924496,2.04181411534211,0.07270542998307808,-0.03916237463216363,-0.054767929384425505,10.441521581105619,16.156676034976158,430.8617632821627,0.0,1.0692465555867205,3.350978587187956,-0.06458863976245266,2,one_per_bay,True,25+25+16+8,4,74,16,25,8,A40-12L-V4-kv410-direct,205x14E,8.95644030082158,1.7770920688464944,13.463496239038061,0.2585774653165278,8.951813881607887,11.637358046090252,11.830266233003481,90.68370078223981,92.33854125611427,25.684466051573175,0.005431884369289467,0.005431884369289467,0.009612418299946593,0.004180533930657126,8.25,0.005431884369289467,0.009612418299946593,0.005431884369289467,4.038395777014784,-529.940162473535,529.940162473535,0.0,1670.9284717492026,2071.716093157082,14.75,False,"SOC floor violated (min 0.005, unmet 530 Wh); FLAG 205x14E: (11.64 m/s, 1943 rpm) not on the map; used C_T(J) similarity; FLAG 205x14E: (11.83 m/s, 1977 rpm) not on the map; used C_T(J) similarity",1.506829886806758,0.0,1.0786268333439095,True,6493.969740366061
5.827679953887532,0.40380982746508903,2.0,2.268835066397485,0.29843628958302304,0.4,0.26494082638709904,0.0,1.0,2.913839976943766,0.16152393098603562,1.1542259417299556,1.04,1.04,0.2058892760553327,0.6346079822116605,0.029999999999999995,1.6158843635904434,1.2579556133533227,36.07538947594238,34.85559276611622,1.2197967098261657,0.07270542998307807,-0.05661142354019469,-0.07788242451770948,16.88381832300913,7.29237457890036,252.4486732488813,0.0,1.4936110200537713,3.851164210221858,0.14124233056437974,3,one_per_bay,True,30+30+24+8,4,92,24,30,8,A40-12L-V4-kv410-direct,26x15E,10.884718903051988,1.9269447727221798,17.624715625328975,0.3915276718491199,9.026706843786124,11.734718896921962,11.929240998706234,109.77669814882569,111.65717031596263,28.84120341985757,0.007200227614692615,0.03656244779202635,0.007200227614692615,-0.029362220177333736,8.25,0.007200227614692615,0.007200227614692615,0.03656244779202635,-42.54585703695658,-538.1103915358829,538.1103915358829,0.0,2077.3705324449543,2532.348535145687,14.583333333333332,False,"SOC floor violated (min 0.007, unmet 538 Wh); morning depletion (0.036562 -> 0.007200, -42.546 Wh); FLAG 26x15E: (11.73 m/s, 1649 rpm) not on the map; used C_T(J) similarity; FLAG 26x15E: (11.93 m/s, 1677 rpm) not on the map; used C_T(J) similarity",2.42229001753546,0.0,1.103809827465089,True,6603.265906921469
6.0,0.4326177866631937,1.882035103098679,2.0929311480819446,0.27985734072427,0.4,0.1372667312475502,0.0,1.0,3.0,0.1730471146652775,0.8604214934939245,1.04,1.04,0.20057754194108807,0.5315902789451251,0.03,1.4432683172242098,1.5167316827757902,35.85505379932842,34.925052852204026,0.9300009471243903,0.07270542998307808,-0.05072248634875836,-0.07003291909413513,17.374092592088335,7.102285518243768,246.9146862901229,0.0,1.5848327710795247,3.844532170053814,0.1256042323062937,2,one_per_bay,True,32+32+24+8,4,96,24,32,8,A40-12L-V4-kv410-direct,MJ-24x10EL,9.604519326762532,2.0403348892530824,17.644162333164207,0.31445302301238703,8.24028917585654,10.712375928613504,10.889951028540588,112.35968786496369,113.08101216947206,26.82494367094242,0.0057218876132395634,0.0057218876132395634,0.00990156575624692,0.004179678143007357,8.166666666666666,0.0057218876132395634,0.00990156575624692,0.0057218876132395634,4.037569086145107,-548.6040587470267,548.6040587470267,0.0,2167.6909903773426,2583.4249792932533,14.583333333333332,False,"SOC floor violated (min 0.006, unmet 549 Wh); FLAG MJ-24x10EL: thrust table 1.87 N vs similarity 2.58 N (27%) at 1951 rpm, 10.71 m/s; FLAG MJ-24x10EL: thrust table 1.88 N vs similarity 2.49 N (25%) at 1974 rpm, 10.89 m/s",2.2566562624416733,0.0,1.1326177866631937,True,6680.318699857027
6.0,0.4326177866631937,1.882035103098679,2.0929311480819446,0.27985734072427,0.4,0.1372667312475502,0.0,1.0,3.0,0.1730471146652775,0.8604214934939245,1.04,1.04,0.20057754194108807,0.5315902789451251,0.03,1.56326831722421,1.39673168277579,35.40924199328416,34.41967101484166,0.9895709784424996,0.07270542998307808,-0.05072248634875836,-0.0703276441996983,17.721905101885692,7.391084024214309,136.8120097712929,0.0,1.5189576446805906,3.848497126428618,0.13077343980390066,3,one_per_bay,True,32+32+24+8,4,96,24,32,8,A40-12L-V4-kv410-direct,MJ-18x8E,10.874336134119186,2.0403348892530824,17.644162333164207,0.31445782277939394,8.768110449365842,11.398543584175595,11.587493031942518,112.83154144467774,114.89417726134728,14.595911165157263,0.008543513495050668,0.012049404657750984,0.008543513495050668,-0.0035058911627003156,8.166666666666666,0.008543513495050668,0.008543513495050668,0.012049404657750984,-5.080036294752757,-560.7591664157482,560.7591664157482,0.0,2167.6909903773426,2607.380148612587,14.583333333333332,False,"SOC floor violated (min 0.009, unmet 561 Wh); morning depletion (0.012049 -> 0.008544, -5.080 Wh)",2.2566562624416733,0.0,1.1326177866631937,True,6802.554040825131
5.1109541460326,0.491367205349142,1.982263133330565,2.2216631164458622,0.31525853317310204,0.8650763483042527,0.42685781629704245,1.768324997056988,0.01738428384864001,0.6451429709615006,0.42507014767990164,1.4412133370948796,1.2226912765212892,1.2226912765212892,0.24026646677595895,0.5,0.030000000000000002,1.5755053267304322,0.9399717462858677,35.4024205088727,33.739600084580964,1.6628204242917397,0.0727054299830781,-0.06320814765443657,-0.08653952683432972,16.67061881260007,9.654511085754038,278.5560518476459,0.0,1.2400931627442662,3.0779206666183123,0.2900208930331272,2,one_per_bay,True,35+35+27+9,4,106,27,35,9,A40-12L-V4-kv410-direct,25x125E,10.479394173006053,2.4374828482445237,10.716732756360026,0.2817145479809884,8.592209204028315,11.16987196523681,11.355030808019913,121.39429527666134,123.30061516109565,27.421346866043578,0.0016384338861851096,0.001638445836237316,0.0016384338861851096,-1.1950052206458062e-08,8.166666666666666,0.0016384338861851096,0.0016384338861851096,0.001638445836237316,-1.1543750431438488e-05,-570.1045529888356,570.1045529888356,21.285385981911425,2393.4921352083134,2811.731985532366,14.416666666666666,False,"SOC floor violated (min 0.002, unmet 570 Wh); morning depletion (0.001638 -> 0.001638, -0.000 Wh); FLAG 25x125E: (11.17 m/s, 1878 rpm) not on the map; used C_T(J) similarity; FLAG 25x125E: (11.36 m/s, 1910 rpm) not on the map; used C_T(J) similarity",2.395875444242044,0.0,1.191367205349142,True,6899.407106952223
6.0,0.46170088387066965,1.777163055008303,2.15063612919382,0.2537803234576153,0.4,0.273666330675609,0.18644426186554863,1.0,3.0,0.18468035354826787,1.2353540630909499,1.1409496449463528,1.1409496449463528,0.2263422487777451,0.49999999999999994,0.03,1.5602070116413111,1.3997929883586888,36.233939788222955,35.08674285242844,1.1471969357945149,0.07270542998307808,-0.05212097483672644,-0.07199977576355723,19.599818762515582,7.763801834741382,81.0589952616207,0.0,1.464385315117328,3.6555667181038154,-0.03769107072612515,3,one_per_bay,True,35+35+24+8,4,102,24,35,8,A40-12L-V4-kv410-direct,16x7E(3D),11.305594293904559,2.2813621499502013,15.780046145144395,0.2957988199643176,8.618113256814496,11.203547233858846,11.38926429913437,119.0860717490451,121.41798572831505,8.142794615046915,0.006476764569716775,0.008282600275077257,0.006476764569716775,-0.0018058357053604823,8.166666666666666,0.006476764569716775,0.006476764569716775,0.008282600275077257,-2.6166559370673386,-581.1645822084229,581.1645822084229,0.0,2303.1716772759255,2760.0245786152013,14.583333333333332,False,"SOC floor violated (min 0.006, unmet 581 Wh); morning depletion (0.008283 -> 0.006477, -2.617 Wh)",2.3250091659386745,0.0,1.1617008838706697,True,7006.974892219872
5.967672917215564,0.5115386420220696,0.9822447508141638,1.5707212431154485,0.3111917528250848,0.8170137497583726,0.3546018083264107,4.971592301647127,0.3372160465157261,1.3615323233427001,0.4179341040647569,1.4040876585042303,1.0722492222495543,1.0722492222495543,0.673898622886688,0.5,0.029999999999999995,1.4915949584760475,1.4522415001317346,36.573962512705826,35.24513177684948,1.3288307358563443,0.07270542998307807,-0.03827286278871589,-0.051151509943549146,21.756125029535145,10.725398429355955,212.80283896320864,0.0,1.3322058694927892,2.5986360942153177,0.1915399581876236,2,one_per_bay,True,43+43+24+24,4,134,24,43,24,A40-12L-V4-kv410-direct,MJ-21x13E,11.561431246110635,2.90482364358202,12.259993864189491,0.1170016216371082,8.455872523096083,10.992634280024909,11.17485511915018,126.19602179263524,126.45845422869218,19.930396285326214,0.006413218000850368,0.006413218000850696,0.006413218000850368,-3.2786273695961654e-16,7.833333333333333,0.006413218000850368,0.006413218000850368,0.006413218000850696,-3.167154039029896e-13,-592.5979654808308,592.5979654808308,573.7553524834988,3025.7353407350424,2911.3725861231587,13.833333333333332,False,"SOC floor violated (min 0.006, unmet 593 Wh); FLAG MJ-21x13E: thrust table 2.89 N vs similarity 0.00 N (100%) at 1957 rpm, 10.99 m/s; FLAG MJ-21x13E: thrust table 2.89 N vs similarity 0.00 N (100%) at 1982 rpm, 11.17 m/s",1.8141629441894094,0.0,1.2115386420220695,True,7119.566436807458
6.0,0.4326177866631937,1.882035103098679,2.0929311480819446,0.27985734072427,0.4,0.1372667312475502,0.0,1.0,3.0,0.1730471146652775,0.8604214934939245,1.04,1.04,0.20057754194108807,0.5315902789451251,0.03,1.56326831722421,1.39673168277579,35.6319455726794,34.63615076716354,0.995794805515855,0.07270542998307808,-0.05072248634875836,-0.07033358868789634,17.84475188143657,7.425274228233449,244.55537102903133,0.0,1.5150382385385106,3.8488975262805996,0.13130606242255383,3,one_per_bay,True,32+32+24+8,4,96,24,32,8,A40-12L-V4-kv410-direct,25x125E,11.011552812931598,2.0403348892530824,17.644162333164207,0.31445772582566983,8.823256774779328,11.470233807213127,11.660371637333743,114.62341887477294,116.60254356236541,26.687221058061134,0.004407572418549464,0.009815113940797319,0.004407572418549464,-0.005407541522247854,8.25,0.004407572418549464,0.004407572418549464,0.009815113940797319,-7.835527665737141,-600.1524826504414,600.1524826504414,0.0,2167.6909903773426,2649.598810469382,14.583333333333332,False,"SOC floor violated (min 0.004, unmet 600 Wh); morning depletion (0.009815 -> 0.004408, -7.836 Wh); FLAG 25x125E: (11.47 m/s, 1890 rpm) not on the map; used C_T(J) similarity; FLAG 25x125E: (11.66 m/s, 1922 rpm) not on the map; used C_T(J) similarity",2.2566562624416733,0.0,1.1326177866631937,True,7202.524794608111
5.5432669961991525,0.3713277162707788,1.906318220323131,2.640431660037443,0.3396456930739402,0.55546801562488,0.09365266108711555,3.4418318479357164,0.5348715669337317,1.7819660812370661,0.20626066970344797,0.8431716670974526,1.2878083034749894,1.2878083034749894,0.21873779413483554,0.9538896730183949,0.03,1.5894755659251874,1.1421579321743889,37.37880360951996,34.93312506716462,2.4456785423553464,0.07270542998307808,-0.06926374620439009,-0.09191307437725296,15.673919700059905,8.265214526672645,241.74940851883744,0.0,1.3596598111894183,3.1642456623234096,0.8641049501462857,2,one_per_bay,True,23+23+18+9,4,73,18,23,9,A40-12L-V4-kv410-direct,MJ-20p5x12ELW,9.126616639643295,1.7400431755164636,17.65922215236437,0.57989202584216,9.092525663093392,11.82028336202141,12.016223834346588,93.68211515180207,94.43161020543904,25.82477275062152,0.0029265232089370676,0.008282269437330046,0.0029265232089370676,-0.005355746228392978,8.333333333333334,0.0029265232089370676,0.0029265232089370676,0.008282269437330046,-5.173650856627616,-606.4987323855311,606.4987323855311,0.0,1648.3483572661055,2135.1786770471113,14.916666666666668,False,"SOC floor violated (min 0.003, unmet 606 Wh); morning depletion (0.008282 -> 0.002927, -5.174 Wh); FLAG MJ-20p5x12ELW: thrust table 1.85 N vs similarity 2.45 N (24%) at 2055 rpm, 11.82 m/s; FLAG MJ-20p5x12ELW: thrust table 1.86 N vs similarity 2.40 N (22%) at 2082 rpm, 12.02 m/s",2.7718281790183985,0.0,1.0713277162707788,True,7267.416545874767
6.0,0.4326177866631937,1.882035103098679,2.0929311480819446,0.27985734072427,0.4,0.1372667312475502,0.0,1.0,3.0,0.1730471146652775,0.8604214934939245,1.04,1.04,0.20057754194108807,0.5315902789451251,0.03,1.56326831722421,1.39673168277579,35.35825142550823,34.370105464468104,0.9881459610401236,0.07270542998307808,-0.05072248634875836,-0.07032577365643408,17.693886269909168,7.383298328179205,82.84758851695237,0.0,1.5198615400947773,3.848405095964781,0.13065101854708672,3,one_per_bay,True,32+32+24+8,4,96,24,32,8,A40-12L-V4-kv410-direct,16x7E(3D),10.843039822713408,2.0403348892530824,17.644162333164207,0.31445784505652946,8.755484058486868,11.382129276032929,11.570806629875209,114.84940400667399,117.02989700690507,8.613662623858417,0.004787948027626304,0.007629470577272097,0.004787948027626304,-0.0028415225496457924,8.25,0.004787948027626304,0.004787948027626304,0.007629470577272097,-4.117366174436754,-611.152454084766,611.152454084766,0.0,2167.6909903773426,2656.9186719123554,14.583333333333332,False,"SOC floor violated (min 0.005, unmet 611 Wh); morning depletion (0.007629 -> 0.004788, -4.117 Wh)",2.2566562624416733,0.0,1.1326177866631937,True,7309.5781143696795
5.662181068786758,0.3270104632298788,1.0064576732621162,1.2569906608678467,0.3737147058835012,0.42070925983107194,0.16019158298159322,1.1168633490838298,0.3523718575765138,1.6762041284837075,0.13757632994245828,1.3334976089938082,2.0956701954699293,2.0956701954699293,0.23063681328844285,1.0673242789910156,0.029999999999999995,1.8632563906846946,0.9278341437086843,37.59604692462911,28.33555623362579,9.26049069100332,0.07270542998307807,-0.03228086328319857,-0.04611937268148226,16.534229494258177,28.062996831874145,745.0271252249873,0.0,0.9630556702443575,3.3164483086703824,1.0533369088176987,2,one_per_bay,True,32+17+17+16,4,82,32,17,16,A40-12L-V4-kv410-direct,MJ-20x10EL,8.756658366219375,1.5678972363549677,20.447956481038652,0.7086637356087185,9.219179291274122,11.98493307865636,12.183602888532725,102.01010254914628,103.65828801453053,24.59681066802237,0.0027046680708578304,0.0027046680708578304,0.00810467330296956,0.00540000523211173,8.333333333333334,0.0027046680708578304,0.00810467330296956,0.0027046680708578304,5.216405054219932,-623.2425618602475,623.2425618602475,0.0,1851.569387613979,2343.4881767343104,14.75,False,"SOC floor violated (min 0.003, unmet 623 Wh); FLAG MJ-20x10EL: shaft power table 42.3 W vs similarity 35.6 W (16%) at 2389 rpm, 11.98 m/s",1.447228768619572,0.0,1.0270104632298787,True,7429.720950531618
5.737082678786689,0.4120274713572124,1.921472446352582,2.1873569010005047,0.25399498445856455,0.4,0.08552897065562204,0.8714193366818301,1.0,2.868541339393344,0.16481098854288498,0.7928964030630763,1.1975294950879474,1.1975294950879474,0.19362395886790326,0.7008700847545328,0.030000000000000002,1.610361875786955,1.2181794636063894,36.504250665404356,34.89210811049907,1.6121425549052795,0.0727054299830781,-0.05544027615349898,-0.07649442044641899,16.346532056532297,8.731106368775174,183.2179487728192,0.0,1.3540419983408614,3.467715245619846,0.6534375182373022,3,one_per_bay,True,27+25+25+9,4,86,27,25,9,A40-12L-V4-kv410-direct,19x10E,10.571554786713385,1.8507020283768043,17.78466612051117,0.426137678420922,9.297960801415204,12.087349041839765,12.287716563317892,108.18191068482233,110.15021593981683,17.78671664934616,0.00751298990058038,0.04276437306214481,0.00751298990058038,-0.03525138316156443,8.333333333333334,0.00751298990058038,0.00751298990058038,0.04276437306214481,-51.07925420110686,-626.0091756920855,626.0091756920855,0.0,1941.88984554637,2494.244629168592,14.916666666666668,False,"SOC floor violated (min 0.008, unmet 626 Wh); morning depletion (0.042764 -> 0.007513, -51.079 Wh); FLAG 19x10E: (12.09 m/s, 2649 rpm) not on the map; used C_T(J) similarity; FLAG 19x10E: (12.29 m/s, 2695 rpm) not on the map; used C_T(J) similarity",2.3354608449804255,0.0,1.1120274713572122,True,7487.830149181839
6.0,0.4326177866631937,1.882035103098679,2.0929311480819446,0.27985734072427,0.4,0.1372667312475502,0.0,1.0,3.0,0.1730471146652775,0.8604214934939245,1.04,1.04,0.20057754194108807,0.5315902789451251,0.03,1.56326831722421,1.39673168277579,35.595968951229295,34.60117957306758,0.9947893781617143,0.07270542998307808,-0.05072248634875836,-0.07033287178533622,17.824854452092037,7.419730553858204,232.92520771137092,0.0,1.5156682835171789,3.8488330135111983,0.1312202457431047,3,one_per_bay,True,32+32+24+8,4,96,24,32,8,A40-12L-V4-kv410-direct,24x12E,10.989327898436136,2.0403348892530824,17.644162333164207,0.31445774145043837,8.814348168643974,11.458652619237167,11.648598472281378,115.08403405678456,121.82140873582188,25.345961275923628,0.006711229656742506,0.008291916049653757,0.006711229656742506,-0.0015806863929112508,8.333333333333334,0.006711229656742506,0.006711229656742506,0.008291916049653757,-2.2904145833284026,-660.5684029817857,660.5684029817857,0.0,2167.6909903773426,2704.898981033848,14.666666666666668,False,"SOC floor violated (min 0.007, unmet 661 Wh); morning depletion (0.008292 -> 0.006711, -2.290 Wh); FLAG 24x12E: (11.46 m/s, 1981 rpm) not on the map; used C_T(J) similarity",2.2566562624416733,0.0,1.1326177866631937,True,7800.553485554025
6.0,0.4326177866631937,1.882035103098679,2.0929311480819446,0.27985734072427,0.4,0.1372667312475502,0.0,1.0,3.0,0.1730471146652775,0.8604214934939245,1.04,1.04,0.20057754194108807,0.5315902789451251,0.03,1.56326831722421,1.39673168277579,35.40924199328416,34.41967101484166,0.9895709784424996,0.07270542998307808,-0.05072248634875836,-0.0703276441996983,17.721905101885692,7.391084024214309,120.7889956493033,0.0,1.5189576446805906,3.848497126428618,0.13077343980390066,3,one_per_bay,True,32+32+24+8,4,96,24,32,8,A40-12L-V4-kv410-direct,18x8E,10.874336134119186,2.0403348892530824,17.644162333164207,0.31445782277939394,8.768110449365842,11.398543584175595,11.587493031942518,117.51297616493547,118.47791868189799,12.80220413959758,0.006566985163635303,0.0069181915280361285,0.006566985163635303,-0.00035120636440082523,8.25,0.006566985163635303,0.006566985163635303,0.0069181915280361285,-0.5088980220167958,-667.0110287253816,667.0110287253816,0.0,2167.6909903773426,2709.237146240352,14.75,False,"SOC floor violated (min 0.007, unmet 667 Wh); morning depletion (0.006918 -> 0.006567, -0.509 Wh)",2.2566562624416733,0.0,1.1326177866631937,True,7863.894507454582
5.790104138880367,0.45759138510738934,1.6551085308251254,2.049048629697296,0.24431894434439275,0.4,0.15937186816730636,0.0,1.0,2.8950520694401836,0.18303655404295574,0.9144551845243358,1.077920927505193,1.077920927505193,0.228202406152065,0.5,0.029999999999999995,1.5292348708202548,1.3258171986199287,36.316200187708866,35.16010515215727,1.1560950355515922,0.07270542998307807,-0.05145916484575924,-0.07115749519630785,17.27493973928208,8.425743256618931,251.35784869546077,0.0,1.4075517087510423,3.9463060818521436,0.1664340317865889,3,one_per_bay,True,33+33+24+8,4,98,24,33,8,A40-12L-V4-kv410-direct,24x12E,11.117105308984994,2.105719329681481,15.92107051804987,0.2818495526595902,8.72671878289819,11.344734417767649,11.532791890853552,117.47757765582321,124.61478290841205,24.842689391662812,0.005358622518364393,0.00864712560081515,0.005358622518364393,-0.003288503082450757,8.333333333333334,0.005358622518364393,0.005358622518364393,0.00864712560081515,-4.765040966471147,-674.3242573946201,674.3242573946201,0.0,2212.8512193435367,2766.075779430592,14.666666666666668,False,"SOC floor violated (min 0.005, unmet 674 Wh); morning depletion (0.008647 -> 0.005359, -4.765 Wh); FLAG 24x12E: (11.34 m/s, 1977 rpm) not on the map; used C_T(J) similarity",2.2142716979827273,0.0,1.1575913851073893,True,7941.172453510288
4.834305083116711,0.39506995315349863,1.4647607143264265,2.837591054320903,0.33333503605287806,0.5930754398949327,0.2095125729629452,0.07015213532111793,0.6165010414216424,1.770509578815754,0.23430628625578168,1.0842593996188974,1.461972781930148,1.461972781930148,0.21666722005193215,0.7628820192236513,0.03,1.6240090984613396,0.7531434430970161,36.54695720333462,32.08362452843598,4.463332674898638,0.07270542998307808,-0.08535178238586826,-0.10764964555401699,14.384276165303783,11.911310942069926,335.73887081948624,0.0,1.1129541545901784,3.596731747799204,0.7074832174950024,2,one_per_bay,True,33+21+21+11,4,86,33,21,11,A40-12L-V4-kv410-direct,22x12E,9.375409682367867,1.695607893635633,13.782965816783424,0.49798226222268904,9.208961549177287,11.971650013930473,12.170099635348018,109.23312208929394,109.59493156044987,27.3668915529891,0.003163709284831756,0.005100512012280003,0.003163709284831756,-0.001936802727448247,8.333333333333334,0.003163709284831756,0.003163709284831756,0.005100512012280003,-1.8709514347150067,-687.8090146672891,687.8090146672891,0.0,1941.88984554637,2504.8813661727213,14.916666666666668,False,"SOC floor violated (min 0.003, unmet 688 Wh); morning depletion (0.005101 -> 0.003164, -1.871 Wh); FLAG 22x12E: shaft power table 42.9 W vs similarity 35.6 W (17%) at 2112 rpm, 11.97 m/s; FLAG 22x12E: shaft power table 43.9 W vs similarity 35.4 W (19%) at 2140 rpm, 12.17 m/s",2.9559678504061657,0.0,1.0950699531534986,True,8076.863239115508
6.0,0.4326177866631937,1.882035103098679,2.0929311480819446,0.27985734072427,0.4,0.1372667312475502,0.0,1.0,3.0,0.1730471146652775,0.8604214934939245,1.04,1.04,0.20057754194108807,0.5315902789451251,0.03,1.56326831722421,1.39673168277579,35.38303599597235,34.39419738831615,0.9888386076561996,0.07270542998307808,-0.05072248634875836,-0.0703267067549037,17.70750011240497,7.38708067199905,94.95410062622473,0.0,1.5194218868988028,3.848449845028827,0.13071054488057726,3,one_per_bay,True,32+32+24+8,4,96,24,32,8,A40-12L-V4-kv410-direct,17x7E,10.858246133045501,2.0403348892530824,17.644162333164207,0.31445783422479917,8.761621265584122,11.39010764525936,11.578917253582071,118.82426754532761,120.78412157189452,9.94413214098866,0.003565806116505691,0.005307620000300992,0.003565806116505691,-0.0017418138837953009,8.333333333333334,0.003565806116505691,0.003565806116505691,0.005307620000300992,-2.523888317619391,-705.5325830233452,705.5325830233452,0.0,2167.6909903773426,2749.911070833604,14.75,False,"SOC floor violated (min 0.004, unmet 706 Wh); morning depletion (0.005308 -> 0.003566, -2.524 Wh)",2.2566562624416733,0.0,1.1326177866631937,True,8253.501837000742
6.0,0.4532919714585192,1.7049498239609266,2.0616653751693383,0.24678317962645258,0.5065346480730379,0.018084399897236828,0.2046924191066657,1.0,3.0,0.22960808923707457,0.5648493117451473,1.04,1.04,0.23129754361436913,0.5,0.03,1.4691362753709836,1.4908637246290164,37.11084067418411,36.211679681132864,0.8991609930512499,0.07270542998307808,-0.049964755860970246,-0.06922699235167795,18.3598367257297,7.3535004448448245,114.69191394501533,0.0,1.51434976959946,3.5250847957022895,0.01702693344664108,3,one_per_bay,True,33+33+24+8,4,98,24,33,8,A40-12L-V4-kv410-direct,18x8E,11.108925975115813,2.1750478690080466,16.551359863366216,0.2760144655142389,8.793107387940573,11.431039604322745,11.620527726615592,121.00148568176044,122.06405207186346,12.537890530814943,0.005146626919235395,0.005146626919235395,0.005735281235675519,0.0005886543164401242,8.25,0.005146626919235395,0.005735281235675519,0.005146626919235395,0.85296010452174,-708.009489526713,708.009489526713,0.0,2212.8512193435367,2793.864395470693,14.75,False,"SOC floor violated (min 0.005, unmet 708 Wh)",2.231317645066994,0.0,1.1532919714585192,True,8274.948268347895
6.0,0.4326177866631937,1.882035103098679,2.0929311480819446,0.27985734072427,0.4,0.1372667312475502,0.0,1.0,3.0,0.1730471146652775,0.8604214934939245,1.04,1.04,0.20057754194108807,0.5315902789451251,0.03,1.56326831722421,1.39673168277579,35.66929231771227,34.6724537944283,0.9968385232839684,0.07270542998307808,-0.05072248634875836,-0.07033423449666455,17.86542834176382,7.43103732497708,253.246677936113,0.0,1.5143854623307988,3.848964427067747,0.13139505573576582,3,one_per_bay,True,32+32+24+8,4,96,24,32,8,A40-12L-V4-kv410-direct,26x13E,11.034647884907226,2.0403348892530824,17.644162333164207,0.3144577096210975,8.832504653777542,11.482256049910806,11.672593168309074,118.85394862120317,120.89477367718429,27.679060541342455,0.0050292786623869325,0.0050292786623869325,0.00929915960561079,0.004269880943223858,8.333333333333334,0.0050292786623869325,0.00929915960561079,0.0050292786623869325,6.18705748673137,-715.6515938586933,715.6515938586933,0.0,2167.6909903773426,2751.3723986766972,14.75,False,"SOC floor violated (min 0.005, unmet 716 Wh); FLAG 26x13E: (11.48 m/s, 1805 rpm) not on the map; used C_T(J) similarity; FLAG 26x13E: (11.67 m/s, 1835 rpm) not on the map; used C_T(J) similarity",2.2566562624416733,0.0,1.1326177866631937,True,8351.486659924547
6.0,0.4326177866631937,1.882035103098679,2.0929311480819446,0.27985734072427,0.4,0.1372667312475502,0.0,1.0,3.0,0.1730471146652775,0.8604214934939245,1.04,1.04,0.20057754194108807,0.5315902789451251,0.03,1.56326831722421,1.39673168277579,35.52815190444058,34.535257788011904,0.9928941164286753,0.07270542998307808,-0.05072248634875836,-0.07033126633269754,17.78740183669354,7.409301923629088,197.611703094827,0.0,1.5168591940353742,3.848711227447074,0.13105824260138998,3,one_per_bay,True,32+32+24+8,4,96,24,32,8,A40-12L-V4-kv410-direct,22x10E,10.947494294685116,2.0403348892530824,17.644162333164207,0.31445777094294414,8.797555169892236,11.436821720859907,11.626405691163383,119.25593998160808,121.36437677115966,21.358650047314356,0.006142815031479429,0.006995003583512785,0.006142815031479429,-0.0008521885520333559,8.333333333333334,0.006142815031479429,0.006142815031479429,0.006995003583512785,-1.2348212118963326,-718.5046669726913,718.5046669726913,0.0,2167.6909903773426,2761.6455998619626,14.75,False,"SOC floor violated (min 0.006, unmet 719 Wh); morning depletion (0.006995 -> 0.006143, -1.235 Wh); FLAG 22x10E: (11.44 m/s, 2356 rpm) not on the map; used C_T(J) similarity; FLAG 22x10E: (11.63 m/s, 2396 rpm) not on the map; used C_T(J) similarity",2.2566562624416733,0.0,1.1326177866631937,True,8379.756042247467
5.778643844445736,0.3919807356081485,0.8537385718292468,1.5875631136391766,0.3288301626178907,0.9093870546216978,0.6388157596588114,4.040192470945641,0.6972629246006661,2.345943452541856,0.3564622066231406,2.2410374676987175,2.1888722978701924,2.1888722978701924,0.2328796481970677,0.5000000000000001,0.030000000000000002,1.7891660302226362,1.0601558920002319,35.83992685295038,30.904896664480358,4.935030188470022,0.0727054299830781,-0.039948632208352215,-0.05553837076003498,22.077007680375882,21.52102733331098,599.5149214512264,0.0,0.9950737544408559,2.974356641085853,0.6513556593283546,2,one_per_bay,True,48+31+31+16,4,126,48,31,16,A40-12L-V4-kv410-direct,MJ-24x10EL,10.298036889010849,2.2420909547747927,14.89356380027176,0.3005922925708779,8.733416386050012,11.353441301865015,11.541643105753344,134.20943946641893,135.6475161708262,26.106261401800154,0.009938623818199465,0.009938623818199465,0.009938623818199465,0.0,8.0,0.009938623818199465,0.009938623818199465,0.009938623818199465,0.0,-722.106506880778,722.106506880778,319.5833375651393,2845.094424870264,3115.047795062013,14.25,False,"SOC floor violated (min 0.010, unmet 722 Wh); FLAG MJ-24x10EL: thrust table 2.31 N vs similarity 2.76 N (16%) at 2054 rpm, 11.35 m/s",1.8008746642562519,0.0,1.0919807356081486,True,8411.12644498958
5.500684411762554,0.40799017554710454,1.2428629958935087,2.158996830036069,0.30120225378376003,0.897131577775033,0.9779126252459762,1.5497441407403092,0.7172859197635623,2.1821056257342857,0.3660208699052866,2.7059480452361653,1.4808168503608226,1.4808168503608226,0.24835024330073718,0.5,0.029999999999999995,1.7002190117640181,1.010123194117259,35.61040888603772,33.258411873442185,2.3519970125955356,0.07270542998307807,-0.05707318621086922,-0.0786162206034355,18.096148826692218,11.406866114629928,210.78229375417422,0.0,1.172401532110543,3.1085940612006953,-0.06643514669407531,2,one_per_bay,True,37+37+33+11,4,118,33,37,11,A40-12L-V4-kv410-direct,20x8E,10.253722227811277,2.2423620066873995,13.493596889159951,0.3121808452964952,8.687909634243693,11.294282524516802,11.481503675199047,133.502105446544,135.8937120651316,16.970454984565077,0.007455016666840798,0.007455016666841872,0.007455016666840798,-1.0737938316296436e-15,8.166666666666666,0.007455016666840798,0.007455016666840798,0.007455016666841872,-1.0372848413542357e-12,-725.5290652061003,725.5290652061003,151.1979381078168,2664.453509005483,3106.9700941451774,14.416666666666666,False,"SOC floor violated (min 0.007, unmet 726 Wh); FLAG 20x8E: (11.29 m/s, 2907 rpm) not on the map; used C_T(J) similarity; FLAG 20x8E: (11.48 m/s, 2957 rpm) not on the map; used C_T(J) similarity",2.3381832976462484,0.0,1.1079901755471044,True,8447.835635394164
6.0,0.4294726022305579,1.9664346493158735,2.1773264574593756,0.284960800200554,0.4,0.1707089826315469,0.7079021480803815,1.0,3.0,0.17178904089222316,0.946182735696204,1.0468117433104012,1.0468117433104012,0.20200912689116646,0.5596577763450976,0.03,1.5769315164096684,1.3830684835903315,36.05081735521868,35.01061565019255,1.0402017050261367,0.07270542998307808,-0.05276781876770536,-0.07300927922000279,17.91925470842936,6.974411875293021,77.76885539905899,0.0,1.5432023270725974,3.4974698127541646,0.16727351778984734,3,one_per_bay,True,31+31+24+8,4,94,24,31,8,A40-12L-V4-kv410-direct,16x7E(3D),10.862636717684266,2.047600666379389,17.58155317640913,0.3288975560864314,8.948834783212812,11.633485218176656,11.826329206651709,117.82431249014498,120.47286815877025,8.723235542750112,0.004271413853123601,0.007254304839014608,0.004271413853123601,-0.002982890985891007,8.333333333333334,0.004271413853123601,0.004271413853123601,0.007254304839014608,-4.322209038556069,-730.4590006524483,730.4590006524483,0.0,2122.5307614111475,2731.841213753505,14.916666666666668,False,"SOC floor violated (min 0.004, unmet 730 Wh); morning depletion (0.007254 -> 0.004271, -4.322 Wh); FLAG 16x7E(3D): (11.83 m/s, 3722 rpm) not on the map; used C_T(J) similarity",2.3388307430508126,0.0,1.129472602230558,True,8503.30148265725
6.0,0.4326177866631937,1.882035103098679,2.0929311480819446,0.27985734072427,0.4,0.1372667312475502,0.0,1.0,3.0,0.1730471146652775,0.8604214934939245,1.04,1.04,0.20057754194108807,0.5315902789451251,0.03,1.56326831722421,1.39673168277579,35.436862978955645,34.446520085491024,0.9903428934646191,0.07270542998307808,-0.05072248634875836,-0.0703285776916254,17.737099430565088,7.3953080787995855,136.44560542295764,0.0,1.5184690308030604,3.8485469229169684,0.13083968037618882,3,one_per_bay,True,32+32+24+8,4,96,24,32,8,A40-12L-V4-kv410-direct,19x8E,10.891307806683932,2.0403348892530824,17.644162333164207,0.3144578107243915,8.774950015520176,11.407435020176228,11.596531857994325,118.90366970573828,126.04309904282765,14.525539196129964,0.008999241628574791,0.009868893494449981,0.008999241628574791,-0.0008696518658751901,8.416666666666666,0.008999241628574791,0.008999241628574791,0.009868893494449981,-1.2601255536531504,-756.170115152099,756.170115152099,0.0,2167.690990377342,2799.7277943057943,14.75,False,"SOC floor violated (min 0.009, unmet 756 Wh); morning depletion (0.009869 -> 0.008999, -1.260 Wh); FLAG 19x8E: (11.41 m/s, 2979 rpm) not on the map; used C_T(J) similarity",2.2566562624416733,0.0,1.1326177866631937,True,8753.57156075829
6.0,0.4060093806857624,1.8149903821967108,2.2061966063701886,0.3082139833953478,0.4251826880891725,0.009141987287211856,0.09214129845984598,0.9264102018909379,2.822563469116531,0.17262815986939262,0.6108861161259916,1.1776867054179616,1.1776867054179616,0.20879931218238656,0.7163224031853547,0.03,1.6255780941371798,1.3344219058628202,36.33534735173045,34.753676753324434,1.5816705984060164,0.07270542998307808,-0.05346749096445074,-0.07410896857122018,17.63861628850346,7.9676034508071965,278.94253130962375,0.0,1.4304673775877386,3.4008930995447817,0.46792541004564603,3,one_per_bay,True,27+26+26+9,4,88,27,26,9,A40-12L-V4-kv410-direct,26x15E,10.796252117286867,1.8784819692267196,19.164410726188372,0.4353838528424228,9.3325825047598,12.132357256187742,12.333470862214584,113.68871194106134,115.66778637467003,29.82458792217399,0.003933970310809183,0.009660747271330794,0.003933970310809183,-0.00572677696052161,8.416666666666666,0.003933970310809183,0.003933970310809183,0.009660747271330794,-8.298099815795814,-755.8549039264445,755.8549039264445,0.0,1987.0500745125648,2626.5056793574317,14.916666666666668,False,"SOC floor violated (min 0.004, unmet 756 Wh); morning depletion (0.009661 -> 0.003934, -8.298 Wh); FLAG 26x15E: (12.13 m/s, 1692 rpm) not on the map; used C_T(J) similarity; FLAG 26x15E: (12.33 m/s, 1720 rpm) not on the map; used C_T(J) similarity",2.357132906644632,0.0,1.1060093806857623,True,8760.341844914157
6.0,0.4326177866631937,1.882035103098679,2.0929311480819446,0.27985734072427,0.4,0.1372667312475502,0.0,1.0,3.0,0.1730471146652775,0.8604214934939245,1.04,1.04,0.20057754194108807,0.5315902789451251,0.03,1.56326831722421,1.39673168277579,35.27905207397018,34.2931194723634,0.9859326016067762,0.07270542998307808,-0.05072248634875836,-0.07032248765692886,17.650447041373948,7.371237032016206,164.88560240415865,0.0,1.521270322450313,3.8482618893111145,0.13046052152405818,3,one_per_bay,True,32+32+24+8,4,96,24,32,8,A40-12L-V4-kv410-direct,MJ-20x8EL,10.794519326762531,2.0403348892530824,17.644162333164207,0.31445787971606587,8.735872549662831,11.356634314561681,11.544889047842373,121.02193395381012,123.59035792555352,17.72349813228816,0.00624768224418537,0.00950947350161135,0.00624768224418537,-0.0032617912574259807,8.333333333333334,0.00624768224418537,0.00624768224418537,0.00950947350161135,-4.726335532010246,-761.0935713651119,761.0935713651119,0.0,2167.6909903773426,2807.8562659680956,14.916666666666668,False,"SOC floor violated (min 0.006, unmet 761 Wh); morning depletion (0.009509 -> 0.006248, -4.726 Wh); FLAG MJ-20x8EL: thrust table 2.07 N vs similarity 0.00 N (100%) at 2600 rpm, 11.36 m/s; FLAG MJ-20x8EL: thrust table 2.08 N vs similarity 0.00 N (100%) at 2652 rpm, 11.54 m/s",2.2566562624416733,0.0,1.1326177866631937,True,8807.949821664359
4.983091929109443,0.3560449203061864,1.9398208202397744,2.902489501441851,0.36987322588508487,0.46633594651284166,0.09997688326261286,3.474995075206515,0.5575832073424745,1.8149411862651368,0.1660365449120747,1.1151064815557206,1.9244160853408105,1.9244160853408105,0.22923076812175316,1.7880123079273622,0.030000000000000002,1.8108653931129726,0.6406805714417487,36.77504121878428,26.24800129305841,10.52703992572587,0.0727054299830781,-0.08469711184373575,-0.10698132762826362,17.150365161214374,15.098989616848918,411.81270343810246,0.0,1.052538042899889,3.3206734012193575,1.2986833573332612,2,one_per_bay,True,28+17+17+14,4,76,28,17,14,A40-12L-V4-kv410-direct,MJ-20p5x12ELW,9.036709387005114,1.512669538785221,16.415485694183314,1.2161729000265276,9.64001052540374,12.532013683024863,12.739752246055179,102.5536617303641,103.85005290209543,27.28819153357293,0.005832457031559442,0.005832457031559442,0.00797031879328331,0.0021378617617238676,8.5,0.005832457031559442,0.00797031879328331,0.005832457031559442,2.065174461825256,-763.5158101761263,763.5158101761263,0.0,1716.088700715397,2352.739336879028,15.166666666666666,False,"SOC floor violated (min 0.006, unmet 764 Wh); FLAG MJ-20p5x12ELW: thrust table 1.96 N vs similarity 2.45 N (20%) at 2141 rpm, 12.53 m/s; FLAG MJ-20p5x12ELW: thrust table 1.97 N vs similarity 2.41 N (18%) at 2171 rpm, 12.74 m/s",3.0134392032710533,0.0,1.0560449203061864,True,8829.325644729703
5.743622938472679,0.38995101194609416,1.9810280212448337,2.187312995129728,0.29304208444627494,0.4,0.0,0.8295343319015949,1.0,2.8718114692363397,0.15598040477843766,0.6272331686860999,1.2544663373721998,1.2544663373721998,0.20431830702582668,0.9304310426750405,0.03,1.6441628872470682,1.1876485819892715,36.59297637956637,34.42554955794858,2.1674268216177968,0.07270542998307808,-0.05537603478572699,-0.0764482883963413,15.664950472810094,9.246452785796182,264.4142364648703,0.0,1.3144070876844944,3.3850371523904013,0.9001472652389583,3,one_per_bay,True,22+22+18+9,4,71,18,22,9,A40-12L-V4-kv410-direct,MJ-21x13EL,10.18133964186046,1.714566229279134,19.2405541973257,0.5680108613260558,9.493534529953957,12.341594888940143,12.546176949938332,102.52001552374114,103.24791433395016,24.951037472622048,0.005412994531875855,0.07117478395314956,0.005412994531875855,-0.06576178942127371,8.666666666666666,0.005412994531875855,0.005412994531875855,0.07117478395314956,-95.28883287142561,-771.1179407233202,771.1179407233202,0.0,1603.1881282999104,2346.6675124565727,15.5,False,"SOC floor violated (min 0.005, unmet 771 Wh); morning depletion (0.071175 -> 0.005413, -95.289 Wh); FLAG MJ-21x13EL: thrust table 1.96 N vs similarity 2.79 N (30%) at 1982 rpm, 12.34 m/s; FLAG MJ-21x13EL: thrust table 1.96 N vs similarity 2.74 N (28%) at 2008 rpm, 12.55 m/s",2.328535641255647,0.0,1.089951011946094,True,8971.5282011226
6.0,0.47031000171918713,1.715876368264532,2.240899593159863,0.2926435091419432,0.4,0.14469279497815576,0.6499903421565555,1.0,3.0,0.18812400068767487,0.9270158361218135,1.152655907241555,1.152655907241555,0.2242281403692132,0.5,0.030000000000000006,1.5119872431917747,1.4480127568082253,36.781414765068526,35.5104081675399,1.2710065975286235,0.0727054299830781,-0.054308522823197536,-0.07486734886018195,19.45034724952947,7.501394105849136,157.2857007916295,0.0,1.4738036248235484,3.5596857738042837,0.22614257612225042,3,one_per_bay,True,34+34+24+8,4,100,24,34,8,A40-12L-V4-kv410-direct,MJ-20x8EL,11.198029850396448,2.2368928989086845,16.093752194199087,0.2817640204543393,8.703273668972919,11.314255769664795,11.501808009456182,125.63561668198719,128.37258125776842,17.008512739746397,0.006963421272965987,0.006963421272965987,0.007966381261814016,0.0010029599888480298,8.333333333333334,0.006963421272965987,0.007966381261814016,0.006963421272965987,1.4532890238407952,-789.6605525816267,789.6605525816267,0.0,2258.011448309732,2920.115561931056,14.916666666666668,False,"SOC floor violated (min 0.007, unmet 790 Wh)",2.4059984849699476,0.0,1.1703100017191872,True,9089.642104543302
6.0,0.39488018589772683,2.0,2.2055735353295796,0.279734448622065,0.4,0.0,0.0,0.9109424983645327,3.0,0.15795207435909075,0.5547029692432143,1.1094059384864285,1.1094059384864285,0.20054331929120972,0.781278738136372,0.029999999999999995,1.586779730171953,1.373220269828047,36.29376221903044,34.96189193842379,1.331870280606648,0.07270542998307807,-0.05345239074847825,-0.07395337106888518,16.669870060279635,7.67374495901498,184.05207254828042,0.0,1.4694524849058725,3.7438389006388615,0.7144561446994016,3,one_per_bay,True,24+24+24+8,4,80,24,24,8,A40-12L-V4-kv410-direct,20x10E,10.455339740578696,1.7899215077381219,20.11261379025066,0.46644439778037416,9.179255210629666,11.933031773818566,12.130841234930632,109.20918349894974,111.16632275055876,19.5304998589296,0.005736491484410573,0.020229094612159285,0.005736491484410573,-0.01449260312774871,8.5,0.005736491484410573,0.005736491484410573,0.020229094612159285,-20.999781932107883,-814.3846296567106,814.3846296567106,0.0,1806.409158647785,2518.1453724263692,15.25,False,"SOC floor violated (min 0.006, unmet 814 Wh); morning depletion (0.020229 -> 0.005736, -21.000 Wh); FLAG 20x10E: (11.93 m/s, 2538 rpm) not on the map; used C_T(J) similarity; FLAG 20x10E: (12.13 m/s, 2582 rpm) not on the map; used C_T(J) similarity",2.351899522465647,0.0,1.0948801858977268,True,9352.602407210443
5.884178452807975,0.46845277733195234,2.0,2.2178208574832965,0.31417101207427217,0.46071010879311447,0.0,0.05159777206215255,1.0,2.9420892264039873,0.2158209300090404,0.5849893505887807,1.1699787011775613,1.1699787011775613,0.2106129180706009,0.5911618845456666,0.03,1.588422126967278,1.3136670994367092,35.313068248922974,33.95663591355905,1.35643233536393,0.07270542998307808,-0.05480718178824554,-0.07567988263718851,18.842380476474652,7.943446773213291,257.91755731199373,0.0,1.4290119124953695,3.5417253005860436,0.5215562600881325,3,one_per_bay,True,31+31+24+8,4,94,24,31,8,A40-12L-V4-kv410-direct,26x13E,11.257609508135474,2.160981242582924,16.02214558008179,0.34386337947576345,8.887725784865909,11.554043520325681,11.745570633111505,123.54961973917668,125.66563011627628,27.237621717316998,0.0038946360117716444,0.0052516429462752525,0.0038946360117716444,-0.0013570069345036082,8.416666666666666,0.0038946360117716444,0.0038946360117716444,0.0052516429462752525,-1.9663030480957282,-864.7453910389435,864.7453910389435,0.0,2122.530761411148,2864.0586329360426,15.083333333333332,False,"SOC floor violated (min 0.004, unmet 865 Wh); morning depletion (0.005252 -> 0.003895, -1.966 Wh); FLAG 26x13E: (11.55 m/s, 1822 rpm) not on the map; used C_T(J) similarity; FLAG 26x13E: (11.75 m/s, 1853 rpm) not on the map; used C_T(J) similarity",2.3767352429857396,0.0,1.1684527773319524,True,9844.916280312167
4.6533077268622955,0.42776974942585766,1.8873417589119865,2.090344972400572,0.29538919970897126,0.47962667479644355,0.11974749543346082,3.790293685252087,0.24953695506789936,1.3810596298734068,0.20516978249563197,1.2175230434476163,2.133278952778436,2.133278952778436,0.20499890774422402,1.2193281893722128,0.03,1.6811911629152205,0.6054627005159272,38.59327589202791,27.97703178529467,10.61624410673324,0.07270542998307808,-0.06532103138333735,-0.08785194953275006,16.40493747345352,23.430606094630612,410.1722715951848,0.0,0.8957364171365947,3.2929599380344863,1.7598888187353725,2,one_per_bay,True,48+16+15+15,4,94,48,15,16,A40-12L-V4-kv410-direct,MJ-18x8EL,9.222971345388613,1.7436517964716631,12.418346853822795,0.7791710118570631,9.260177605943491,12.03823088772654,12.237784195702169,123.87716139943711,126.85694152487791,17.97816246559333,0.00555039707289736,0.00555039707289736,0.009421141587081693,0.003870744514184333,8.5,0.00555039707289736,0.009421141587081693,0.00555039707289736,3.7391392007020654,-888.0398137723661,888.0398137723661,0.0,2122.5307614111475,2879.621579705018,15.083333333333332,False,"SOC floor violated (min 0.006, unmet 888 Wh)",2.228217725429241,0.0,1.1277697494258576,True,10074.847740650765
4.910569957601336,0.3693827377923945,1.5094875845893294,2.786139871360339,0.3702773177657037,0.5796051726515061,0.605949617169077,1.001289740310773,0.09794585306283593,1.0294535755512528,0.21409614551264683,1.8324294526546063,1.7492710309444717,1.7492710309444717,0.2293778650817314,0.9952319163841645,0.029999999999999992,1.780107325751483,0.6351776530491848,37.86424178142277,30.466585915074514,7.397655866348255,0.07270542998307807,-0.08250264188851891,-0.10642095648232515,15.990548858510616,13.572432936138576,378.2860887822128,0.0,1.0539922014722358,3.1724020614808417,0.8938489686164102,2,one_per_bay,True,26+20+20+13,4,79,26,20,13,A40-12L-V4-kv410-direct,22x12E,9.41403128078905,1.7171586629220328,14.042789306064062,0.6683734666819617,9.418159127703605,12.243606866014687,12.44656461574163,111.19157441515632,111.65105892180709,27.722601597991016,0.002754365487409982,0.002754365487409982,0.007129377544477549,0.004375012057067567,8.583333333333334,0.002754365487409982,0.007129377544477549,0.002754365487409982,4.22626164712727,-897.8580452699522,897.8580452699522,0.0,1783.8290441646877,2552.5416946458286,15.416666666666668,False,"SOC floor violated (min 0.003, unmet 898 Wh); FLAG 22x12E: shaft power table 44.8 W vs similarity 35.9 W (20%) at 2142 rpm, 12.24 m/s; FLAG 22x12E: thrust table 2.09 N vs similarity 1.74 N (17%) at 2171 rpm, 12.45 m/s; FLAG 22x12E: shaft power table 45.9 W vs similarity 35.7 W (22%) at 2171 rpm, 12.45 m/s",2.9128722711285353,0.0,1.0693827377923943,True,10175.826087212112
4.75535901212052,0.48461467180489415,1.5262225082693957,2.5453887042955525,0.3601226545110454,0.8006436701985962,0.8601567312205297,2.8173613290346413,0.14556229416836308,1.2249156177197327,0.3880036694659586,2.189010081506287,2.0570607500640135,2.0570607500640135,0.225737706550728,0.6441011011526612,0.03,1.7470364246057977,0.5906430814544623,36.67663443280307,29.406843055760767,7.269791377042304,0.07270542998307808,-0.07783369446899202,-0.10426041378507948,19.341345623082518,17.169440223809506,471.11568175931654,0.0,0.9366719918210051,3.052183744797683,1.1063052947671128,2,one_per_bay,True,45+25+25+15,4,110,45,25,15,A40-12L-V4-kv410-direct,26x13E,10.54959631099194,2.286289204756362,9.890891881530642,0.40552076597379605,8.966846185372198,11.656900040983858,11.850132168330012,139.7158274578646,141.83141436725418,29.17541792263319,0.004732865248065703,0.004732865248065703,0.009091207855510194,0.004358342607444492,8.333333333333334,0.004732865248065703,0.009091207855510194,0.004732865248065703,4.210158958791379,-903.0346725390772,903.0346725390772,0.0,2483.812593140705,3252.3964400823797,14.916666666666668,False,"SOC floor violated (min 0.005, unmet 903 Wh); FLAG 26x13E: (11.66 m/s, 1866 rpm) not on the map; used C_T(J) similarity; FLAG 26x13E: (11.85 m/s, 1897 rpm) not on the map; used C_T(J) similarity",2.6995546525990997,0.0,1.1846146718048942,True,10225.613860142705
6.0,0.4326177866631937,1.882035103098679,2.0929311480819446,0.27985734072427,0.4,0.1372667312475502,0.0,1.0,3.0,0.1730471146652775,0.8604214934939245,1.04,1.04,0.20057754194108807,0.5315902789451251,0.03,1.56326831722421,1.39673168277579,35.422562629716374,34.43261938362606,0.9899432460903133,0.07270542998307808,-0.05072248634875836,-0.07032810137327694,17.729231316682462,7.393120556498603,228.08542078838627,0.0,1.5187219142987662,3.848521146382792,0.13080539176425415,3,one_per_bay,True,32+32+24+8,4,96,24,32,8,A40-12L-V4-kv410-direct,MJ-24x10EL,10.88251932676253,2.0403348892530824,17.644162333164207,0.3144578169646122,8.771408933177375,11.402831613130587,11.591852141970024,127.65459523858742,128.91012866606798,24.833910887089157,0.002798160035887555,0.007557211037477365,0.002798160035887555,-0.00475905100158981,8.416666666666666,0.002798160035887555,0.002798160035887555,0.007557211037477365,-6.895864901303635,-905.7152152513454,905.7152152513454,0.0,2167.690990377342,2954.9054587878095,15.083333333333332,False,"SOC floor violated (min 0.003, unmet 906 Wh); morning depletion (0.007557 -> 0.002798, -6.896 Wh); FLAG MJ-24x10EL: thrust table 2.08 N vs similarity 2.55 N (18%) at 2040 rpm, 11.40 m/s; FLAG MJ-24x10EL: thrust table 2.09 N vs similarity 2.49 N (16%) at 2068 rpm, 11.59 m/s",2.2566562624416733,0.0,1.1326177866631937,True,10259.113042479157
5.913940264933895,0.4427352843673946,1.6829199471815302,2.094239564370724,0.3009125361944632,0.4,0.19476224545076004,0.0,1.0,2.9569701324669473,0.17709411374695785,1.0753347974402154,1.2404501698748445,1.2404501698748445,0.20661855908293636,0.5357211961405679,0.029999999999999995,1.5417652292858448,1.3752049031811024,36.764886374345174,35.20402393104671,1.5608624432984624,0.07270542998307807,-0.05149277172039531,-0.07126563261877787,18.573402960799715,9.151976006480846,178.4038915013046,0.0,1.3547001819600213,3.9119302789421906,0.22798883140761,3,one_per_bay,True,31+31+27+9,4,98,27,31,9,A40-12L-V4-kv410-direct,20x8E,11.08129009973403,2.118470211850014,16.509408185949308,0.3321479215920979,8.686390405780767,11.292307527514996,11.479495939401264,129.0880188437385,131.38211063731143,15.724703535977877,0.004760526641414706,0.004760526641414706,0.00703735438318898,0.0022768277417742734,8.416666666666666,0.004760526641414706,0.00703735438318898,0.004760526641414706,3.2991233978309222,-914.5715640156924,914.5715640156924,0.0,2212.8512193435367,2998.568104075752,15.083333333333332,False,"SOC floor violated (min 0.005, unmet 915 Wh); FLAG 20x8E: (11.29 m/s, 2886 rpm) not on the map; used C_T(J) similarity; FLAG 20x8E: (11.48 m/s, 2936 rpm) not on the map; used C_T(J) similarity",2.262012028965261,0.0,1.1427352843673946,True,10340.955113515509
6.0,0.4326177866631937,1.882035103098679,2.0929311480819446,0.27985734072427,0.4,0.1372667312475502,0.0,1.0,3.0,0.1730471146652775,0.8604214934939245,1.04,1.04,0.20057754194108807,0.5315902789451251,0.03,1.56326831722421,1.39673168277579,35.46589254927829,34.474738375518164,0.9911541737601247,0.07270542998307808,-0.05072248634875836,-0.07032949858539027,17.753081392327914,7.399752566147415,150.75273622966657,0.0,1.5179562666420858,3.8485992170562575,0.13090924340428295,3,one_per_bay,True,32+32+24+8,4,96,24,32,8,A40-12L-V4-kv410-direct,20x8E,10.909159245053091,2.0403348892530824,17.644162333164207,0.31445779806385926,8.782138378347453,11.41677989185169,11.606031636156693,127.50732588218014,129.7784609643786,16.115586283719384,0.006823925305134709,0.008808094642900494,0.006823925305134709,-0.001984169337765785,8.5,0.006823925305134709,0.006823925305134709,0.008808094642900494,-2.8750613704226224,-915.157275823888,915.157275823888,0.0,2167.690990377342,2960.4267756552417,15.083333333333332,False,"SOC floor violated (min 0.007, unmet 915 Wh); morning depletion (0.008808 -> 0.006824, -2.875 Wh); FLAG 20x8E: (11.42 m/s, 2893 rpm) not on the map; used C_T(J) similarity; FLAG 20x8E: (11.61 m/s, 2943 rpm) not on the map; used C_T(J) similarity",2.2566562624416733,0.0,1.1326177866631937,True,10346.733001271512
6.0,0.4326177866631937,1.882035103098679,2.0929311480819446,0.27985734072427,0.4,0.1372667312475502,0.0,1.0,3.0,0.1730471146652775,0.8604214934939245,1.04,1.04,0.20057754194108807,0.5315902789451251,0.03,1.56326831722421,1.39673168277579,35.39325553725127,34.40413132728072,0.9891242099705483,0.07270542998307808,-0.05072248634875836,-0.07032707833455479,17.713116351278448,7.388641358141549,164.5697701203421,0.0,1.519240770124275,3.8484682874995704,0.13073507752363894,3,one_per_bay,True,32+32+24+8,4,96,24,32,8,A40-12L-V4-kv410-direct,MJ-20x8E,10.864519326762531,2.0403348892530824,17.644162333164207,0.31445782976052283,8.764151849737617,11.393397404658902,11.582261546108345,128.27726672454986,131.35543523550712,17.686174581547473,0.009136259144272012,0.009524592285382057,0.009136259144272012,-0.0003883331411100449,8.5,0.009136259144272012,0.009136259144272012,0.009524592285382057,-0.5626947214684551,-943.0202467501248,943.0202467501248,0.0,2167.690990377342,2986.1014039452284,15.083333333333332,False,"SOC floor violated (min 0.009, unmet 943 Wh); morning depletion (0.009525 -> 0.009136, -0.563 Wh); FLAG MJ-20x8E: thrust table 2.08 N vs similarity 0.00 N (100%) at 2660 rpm, 11.39 m/s; FLAG MJ-20x8E: thrust table 2.09 N vs similarity 0.00 N (100%) at 2717 rpm, 11.58 m/s",2.2566562624416733,0.0,1.1326177866631937,True,10621.454540498085
5.141260300424214,0.4763938420771249,0.9471171814553088,2.234184103164996,0.35856937927305865,0.9815466989075181,0.7675170762349377,4.588713349805352,0.05176410139272791,1.161869560552662,0.4676028030706714,2.225238480006352,2.169930926101703,2.169930926101703,0.28317229735994875,0.5,0.03,1.7908537081527176,0.7397764420593895,35.93328881363429,28.809268212102403,7.124020601531892,0.07270542998307808,-0.06318968750466329,-0.08669431733335296,20.941055602859954,18.319470001679285,176.8851513859503,0.0,0.9187820138356794,2.618463741322513,1.6387583133112218,2,one_per_bay,True,48+27+27+16,4,118,48,27,16,A40-12L-V4-kv410-direct,17x7E,10.729594370004047,2.446228395992402,10.805433180328507,0.21534502996532862,8.973016963920177,11.66492205309623,11.858287158374823,149.01754691832045,151.49396191382033,10.084105883079221,0.0037082123586515,0.0037131623896441354,0.0037082123586515,-4.9500309926356345e-06,8.333333333333334,0.0037082123586515,0.0037082123586515,0.0037131623896441354,-0.004781729938886023,-949.8460553357335,949.8460553357335,3.6872878361655474,2664.453509005483,3478.915228915454,14.916666666666668,False,"SOC floor violated (min 0.004, unmet 950 Wh); morning depletion (0.003713 -> 0.003708, -0.005 Wh); FLAG 17x7E: (11.66 m/s, 3687 rpm) not on the map; used C_T(J) similarity; FLAG 17x7E: (11.86 m/s, 3749 rpm) not on the map; used C_T(J) similarity",2.411982802640954,0.0,1.176393842077125,True,10694.757290029676
6.0,0.4326177866631937,1.882035103098679,2.0929311480819446,0.27985734072427,0.4,0.1372667312475502,0.0,1.0,3.0,0.1730471146652775,0.8604214934939245,1.04,1.04,0.20057754194108807,0.5315902789451251,0.03,1.56326831722421,1.39673168277579,35.7080026844784,34.7100823347175,0.9979203497609062,0.07270542998307808,-0.05072248634875836,-0.0703347984738951,17.88688261154025,7.437019756783004,261.1685192027482,0.0,1.5137102068198924,3.849033696678049,0.13148720015187226,3,one_per_bay,True,32+32+24+8,4,96,24,32,8,A40-12L-V4-kv410-direct,27x13E,11.058611749941623,2.0403348892530824,17.644162333164207,0.31445769284124364,8.842090195637077,11.4947172543282,11.685260937510451,129.2142668906922,131.39625801014932,28.556995676193953,0.004016642194515787,0.0090034069953633,0.004016642194515787,-0.004986764800847514,8.5,0.004016642194515787,0.004016642194515787,0.0090034069953633,-7.225822196428047,-950.9100667130419,950.9100667130419,0.0,2167.690990377342,3000.5984928584166,15.083333333333332,False,"SOC floor violated (min 0.004, unmet 951 Wh); morning depletion (0.009003 -> 0.004017, -7.226 Wh); FLAG 27x13E: (11.49 m/s, 1774 rpm) not on the map; used C_T(J) similarity; FLAG 27x13E: (11.69 m/s, 1804 rpm) not on the map; used C_T(J) similarity",2.2566562624416733,0.0,1.1326177866631937,True,10710.07078873675
6.0,0.41542420456694384,1.8658822836793358,2.0700317617178077,0.25736926258841775,0.4,0.0,0.0,1.0,3.0,0.16616968182677755,0.52,1.04,1.04,0.19450372462080057,0.6042954516424621,0.030000000000000002,1.5864193912659532,1.3735806087340467,35.47787224905338,34.458875756530496,1.0189964925228772,0.0727054299830781,-0.050167516438107275,-0.06968714702042626,16.667945428295265,7.568000839784561,247.52105871817355,0.0,1.4976522710077071,3.7794259380787016,0.466347100265454,3,one_per_bay,True,27+27+24+8,4,86,24,27,8,A40-12L-V4-kv410-direct,24x12E,10.652504454509383,1.8743940110060506,19.206207333471784,0.3505737103444148,9.054214551919426,11.770478917495254,11.965593799935192,121.02962122037631,120.59707985074526,26.7029396078264,0.005551963202637427,0.005551963202637427,0.008312794231189819,0.0027608310285523923,8.583333333333334,0.005551963202637427,0.008312794231189819,0.005551963202637427,4.000444160372417,-967.1963520639018,967.1963520639018,0.0,1941.8898455463698,2780.998262533024,15.416666666666668,False,"SOC floor violated (min 0.006, unmet 967 Wh)",2.2242965755296322,0.0,1.1154242045669438,True,10866.41155743638
6.0,0.4018370119585791,1.8967048566227582,2.1043754414770537,0.2724623215090635,0.47334409611656236,0.0987157314770453,0.22658263703217818,1.0,3.0,0.1902071772117139,0.7648150140630723,1.04,1.04,0.1985387818594524,0.5975351183103172,0.03,1.5428644736739798,1.4171355263260201,37.3850388074238,36.37667506344936,1.0083637439744357,0.07270542998307808,-0.05099984043947298,-0.07080368442677881,17.159884000311575,7.2929623902634075,252.67947208804748,0.0,1.5120524908398645,3.470255358473631,0.026285000642410072,3,one_per_bay,True,28+28+24+8,4,88,24,28,8,A40-12L-V4-kv410-direct,26x13E,10.821809739431972,1.9379902425489686,18.575944919439067,0.36658751620135344,9.170822720786482,11.922069537022427,12.119697281183232,123.8831868999559,126.00454179549276,29.033285957771344,0.00433236681713025,0.009936080476437943,0.00433236681713025,-0.005603713659307693,8.583333333333334,0.00433236681713025,0.00433236681713025,0.009936080476437943,-8.119781092336847,-1000.3696865438143,1000.3696865438143,0.0,1987.0500745125648,2871.4047817856463,15.416666666666668,False,"SOC floor violated (min 0.004, unmet 1000 Wh); morning depletion (0.009936 -> 0.004332, -8.120 Wh); FLAG 26x13E: (11.92 m/s, 1857 rpm) not on the map; used C_T(J) similarity; FLAG 26x13E: (12.12 m/s, 1888 rpm) not on the map; used C_T(J) similarity",2.2647637028617917,0.0,1.1018370119585792,True,11204.96821128032
5.81940195697824,0.39191727323027487,1.6762079229243492,2.292615190168919,0.29571188077050903,0.4,0.2986836858523003,0.5304467558834465,0.9690571158452262,2.8357567379471815,0.15676690929210996,1.2337646963399789,1.04,1.04,0.20509283132941433,0.5528265664480203,0.030000000000000002,1.5920099239022476,1.2776910545868723,37.80996148575479,36.54375558233474,1.2662059034200508,0.0727054299830781,-0.05728615222637761,-0.0787052742706619,16.340471457105714,7.1381504097203,131.81579745466556,0.0,1.4910319331966728,3.5575000969303945,-0.1692538596689196,3,one_per_bay,True,30+30+24+8,4,92,24,30,8,A40-12L-V4-kv410-direct,19x8E,10.688458888442623,1.8866271201252915,17.95025565763793,0.34087312198566083,9.202062275254695,11.962680957831104,12.160981902517761,129.54968856911884,130.40126205234458,15.303821002693164,0.0035250732999801693,0.009293546401689105,0.0035250732999801693,-0.005768473101708936,8.583333333333334,0.0035250732999801693,0.0035250732999801693,0.009293546401689105,-8.358517524376248,-1035.3731199536858,1035.3731199536858,0.0,2077.3705324449547,2996.5018647232155,15.416666666666668,False,"SOC floor violated (min 0.004, unmet 1035 Wh); morning depletion (0.009294 -> 0.003525, -8.359 Wh)",2.444461258924076,0.0,1.0919172732302749,True,11555.974598338587
5.81264689877607,0.33621448065656034,1.6214554053989756,1.966448451657499,0.39205798110215784,0.4989718215476869,0.012613751206227646,2.0147311401495465,0.8872672710402557,2.663942096417878,0.16776155184391345,0.7833905877855923,1.5125407058938092,1.5125407058938092,0.23759575741501218,1.2757604513557248,0.029999999999999995,1.7438857638351017,1.1224376855529334,35.67635040155763,31.591417658544923,4.084932743012703,0.07270542998307807,-0.04919324456038129,-0.06868694546040668,15.81439568351577,12.279205931230038,485.89095931994444,0.0,1.2064111654237937,3.385290092685946,0.7952154181731274,2,one_per_bay,True,22+22+22+11,4,77,22,22,11,A40-12L-V4-kv410-direct,26x13E,9.050248378847249,1.5966818001024177,21.160674573784107,0.8361671082585149,9.230980208682215,12.00027427128688,12.199198386448321,115.67119628142046,117.78288253857774,34.94830246697508,0.0026036884162996925,0.002860509918767424,0.0026036884162996925,-0.00025682150246773144,8.75,0.0026036884162996925,0.0026036884162996925,0.002860509918767424,-0.2480895713838286,-1058.6795344248274,1058.6795344248274,0.0,1738.6688151984931,2673.5301223756423,15.75,False,"SOC floor violated (min 0.003, unmet 1059 Wh); morning depletion (0.002861 -> 0.002604, -0.248 Wh); FLAG 26x13E: (12.00 m/s, 1846 rpm) not on the map; used C_T(J) similarity; FLAG 26x13E: (12.20 m/s, 1878 rpm) not on the map; used C_T(J) similarity",2.1168464967647957,0.0,1.0362144806565603,True,11784.44847633444
6.0,0.4237219331372928,2.0,2.3197135487878233,0.2968683805765881,0.4,0.09284728522847024,0.0,0.9965434487253269,3.0,0.16948877325491712,0.7502612673666063,1.04,1.04,0.2054301647860653,0.6197350647480984,0.03,1.479055651746311,1.480944348253689,37.65878453869693,36.5799758168346,1.0788087218623297,0.07270542998307808,-0.05621859033406355,-0.07732580042786168,17.72606277882302,6.75620259857236,152.4388657861688,0.0,1.5601838296493566,3.8194111694560773,0.27138359741625545,3,one_per_bay,True,29+29+24+8,4,90,24,29,8,A40-12L-V4-kv410-direct,MJ-20x8E,10.77876679770891,1.9703734119165977,18.2706484883911,0.37006562782915575,8.883122106279243,11.548058738163016,11.739486643424975,130.0090996835379,133.34252482542445,18.017654104455183,0.003001274416495797,0.003001274416495797,0.009564395104074312,0.0065631206875785145,8.666666666666666,0.003001274416495797,0.009564395104074312,0.003001274416495797,9.509961876301267,-1129.8254399063346,1129.8254399063346,0.0,2032.2103034787576,3028.552506110926,15.5,False,"SOC floor violated (min 0.003, unmet 1130 Wh); FLAG MJ-20x8E: thrust table 2.05 N vs similarity 0.00 N (100%) at 2686 rpm, 11.55 m/s; FLAG MJ-20x8E: thrust table 2.05 N vs similarity 0.00 N (100%) at 2746 rpm, 11.74 m/s",2.470578338778089,0.0,1.1237219331372927,True,12495.253124646852
4.573612059285011,0.340469436669451,1.9249390700254554,2.1282895573277756,0.31321777265067546,0.9718253117155592,0.5021565402684098,1.6121360831459228,0.36878765522540397,1.1878502302561387,0.33087681642091005,1.4200486511029986,1.0915641922433719,1.0915641922433719,0.21032059172808837,0.8424636810930202,0.030000000000000002,1.5865003413426035,0.6603056882999021,37.15685055170159,34.77199040288958,2.3848601488120105,0.0727054299830781,-0.06766564605315516,-0.09041832193105598,10.073497658653123,11.419580550092224,170.7026809635882,0.0,1.1262056519452819,2.968320214991863,0.5394009380293863,2,one_per_bay,True,21+21+16+8,4,66,16,21,8,A40-12L-V4-kv410-direct,17x8E,8.616690236964722,1.548860646989425,13.505364287933968,0.5180644137211946,9.688696709489,12.5953057223357,12.804093454129333,116.12185465735874,117.78274737775487,14.989481729164703,0.0018861473430700215,0.002203387907365772,0.0018861473430700215,-0.00031724056429575063,9.25,0.0018861473430700215,0.0018861473430700215,0.002203387907365772,-0.30645438510969514,-1310.507496557876,1310.507496557876,0.0,1490.2875558844241,2679.1043917262014,16.666666666666664,False,"SOC floor violated (min 0.002, unmet 1311 Wh); morning depletion (0.002203 -> 0.001886, -0.306 Wh)",2.2646713497920086,0.0,1.040469436669451,True,14303.506057799987
4.513970122648503,0.3124158125768956,1.1640811621343692,1.6398357507926455,0.33549550843332865,0.5169547690909619,0.45034199914150513,1.6803009307083296,0.23219552196322635,1.010086760360586,0.1615048442510543,1.3643520447339044,1.2660122463102361,1.2660122463102361,0.21737166005288314,0.8658969549066035,0.03,1.6743897140747954,0.5425953472494562,36.00731687351957,30.288398361038283,5.718918512481291,0.07270542998307808,-0.05282487926306856,-0.07253617678828239,8.719482710973976,18.316565978004892,647.5555216877456,0.0,0.9545110267357978,3.101034139877734,0.8423667318867719,2,one_per_bay,True,19+19+18+9,4,65,18,19,9,A40-12L-V4-kv410-direct,24x12E,8.238835817284066,1.2755275309217953,15.974509192630375,0.5196385557189346,10.187673042021347,13.24397495462775,13.463515436746007,131.63649607597284,133.9142602855145,37.692222459593545,0.0042703267804375476,0.006056434614122155,0.0042703267804375476,-0.0017861078336846078,9.833333333333334,0.0042703267804375476,0.0042703267804375476,0.006056434614122155,-1.7253801673393312,-1704.7631316396833,1704.7631316396833,0.0,1467.7074414013264,3053.3221184488643,17.833333333333336,False,"SOC floor violated (min 0.004, unmet 1705 Wh); morning depletion (0.006056 -> 0.004270, -1.725 Wh); FLAG 24x12E: (13.24 m/s, 2199 rpm) not on the map; used C_T(J) similarity; FLAG 24x12E: (13.46 m/s, 2237 rpm) not on the map; used C_T(J) similarity",1.7747787660109813,0.0,1.0124158125768956,True,18245.14709645008
