span_m,chord_m,tail_arm_m,vstab_arm_m,elevator_frac,taper_ratio,taper_start_frac,washout_tip_deg,washout_start_frac,y_washout_m,tip_chord_m,y_taper_m,boom_spacing_m,boom_spacing_set_m,hstab_chord_m,tail_volume_h,tail_volume_v,aileron_y_inner_m,aileron_span_each_m,roll_rate_deg_s,roll_aileron_deg_s,roll_elevon_deg_s,cn_beta,cn_r,cn_r_control,izz_kgm2,yaw_rate_deg_s,yaw_rate_max_deg_s,yaw_rate_level_deg_s,yaw_correct_s,incidence_wing_deg,incidence_hstab_deg,n_packs,cells_per_string,one_string_per_bay,string_plan,n_strings,n_cells,inboard_cells,outboard_cells,hstab_cells,motor,prop,mass_kg,wing_area_m2,aspect_ratio,static_margin,v_stall,v_night,v_day,p_night_w,p_day_w,climb_ms,soc_min,morning_soc,next_morning_soc,morning_soc_change,morning_charge_hour,objective_soc,soc_end,soc_start,cycle_wh,margin_wh,unmet_wh,spilled_wh,solar_wh,propulsion_wh,battery_night_h,closed,reason,boom_length_m,aft_boom_length_m,fuselage_length_m,packing_ok,optimizer_score
6.0,0.3941176098850896,1.7847348780555805,1.998765297356634,0.2884937300187901,0.4206787310437893,0.4155665845866705,0.0,0.5645314849990523,3.0,0.16579689600847067,1.5506051297749428,1.04,1.04,0.20301218771868176,0.5222704984322105,0.030000000000000002,1.6819925158521798,1.2780074841478202,35.45982737468461,34.42021760726293,1.0396097674216782,0.0727054299830781,-0.04844036345985633,-0.06731037019047917,17.68410673028433,7.803197656660102,115.38336486701935,0.0,1.4907741712707374,3.846846539733161,-0.20534875357473306,2,one_per_bay,True,36+36+24+8,4,104,24,36,8,A40-12L-V4-kv410-direct,16x12E,11.04453507085037,2.033778787851643,17.701040159843615,0.3235592209172632,8.850691960568007,11.505899548738409,11.696628596685725,89.64387307762544,91.35558126666287,11.679956655448974,0.25714107593322066,0.25714107602283964,0.25714107593322066,-8.961897890458204e-11,7.666666666666667,0.25714107593322066,0.25714107593322066,0.25714107602283964,-1.316127369250737e-07,83.91630306814533,0.0,168.0773933064227,2348.3319062421215,2049.283247498825,13.583333333333332,True,"FLAG 16x12E: shaft power table 34.2 W vs similarity 28.7 W (16%) at 2479 rpm, 11.51 m/s; FLAG 16x12E: shaft power table 34.8 W vs similarity 29.3 W (16%) at 2524 rpm, 11.70 m/s",2.174238772129789,0.0,1.0941176098850895,True,-25.714107593322066
6.0,0.3918573096539447,1.7330869479352065,1.947883350416889,0.2898360887489649,0.4,0.4197513431252727,0.0,0.8238854890020143,3.0,0.1567429238615779,1.5609833309506762,1.04,1.04,0.2033959233298535,0.5169338180509678,0.03,1.6480154735764514,1.3119845264235486,36.71510059069159,35.64272614770053,1.0723744429910604,0.07270542998307808,-0.04720723218297956,-0.06565177774022564,17.467715982779776,8.035907068386258,119.09637868033595,0.0,1.4763283272620618,3.8420145175855525,-0.22602103862961953,2,one_per_bay,True,36+36+24+8,4,104,24,36,8,A40-12L-V4-kv410-direct,16x12E,11.001355026988598,2.012810337635159,17.885440732730054,0.31959732303853117,8.879265174088884,11.54304472631555,11.734389516154677,89.67253531261973,91.40025675622915,11.759680221949427,0.2568724478831031,0.2568724479756986,0.2568724478831031,-9.259548683360208e-11,7.75,0.2568724478831031,0.2568724478831031,0.2568724479756986,-1.3598398015732034e-07,83.52180099589496,0.0,167.2183611097241,2348.3319062421215,2050.137945873814,13.583333333333332,True,"FLAG 16x12E: shaft power table 34.2 W vs similarity 28.6 W (16%) at 2483 rpm, 11.54 m/s; FLAG 16x12E: shaft power table 34.9 W vs similarity 29.3 W (16%) at 2527 rpm, 11.73 m/s",2.124751629357682,0.0,1.0918573096539448,True,-25.68724478831031
6.0,0.3985953988285328,1.9041406173016984,2.1166912261024327,0.2898360887489649,0.4,0.3942093326808323,0.0,0.8238854890020143,3.0,0.15943815953141313,1.497639145048464,1.04,1.04,0.2033959233298535,0.5562385742157402,0.03,1.6482809976152195,1.3117190023847805,36.19228422315158,35.13411538868467,1.0581688344669122,0.07270542998307808,-0.05129831524506203,-0.07108244070970993,17.90724157765889,7.383707686656432,109.22922325285283,0.0,1.5159482578635035,3.850172823847092,-0.2374188294212486,2,one_per_bay,True,35+35+24+8,4,102,24,35,8,A40-12L-V4-kv410-direct,16x12E,11.056438394088453,2.0322719184729268,17.714164956356246,0.35304744794914616,8.858742545325994,11.516365308923792,11.707267843912929,89.66698159006306,91.38309963187595,11.676803020879465,0.2552059912346589,0.25520599206702715,0.2552059912346589,-8.323682298971846e-10,7.75,0.2552059912346589,0.2552059912346589,0.25520599206702715,-1.222400234919953e-06,81.07447428954806,0.0,122.66413259921897,2303.1716772759255,2049.7407779269174,13.666666666666666,True,"FLAG 16x12E: shaft power table 34.2 W vs similarity 28.7 W (16%) at 2480 rpm, 11.52 m/s; FLAG 16x12E: shaft power table 34.8 W vs similarity 29.3 W (16%) at 2525 rpm, 11.71 m/s",2.286131628039411,0.0,1.0985953988285329,True,-25.520599123465892
6.0,0.3985953988285328,1.9041406173016984,2.1187751163639588,0.2995403487905776,0.4,0.3942093326808323,0.0,0.3473437164404042,3.0,0.15943815953141313,1.497639145048464,1.04,1.04,0.20621379717596133,0.5639447765074004,0.03,1.6482809976152195,1.3117190023847805,36.225740303326866,35.13917465289669,1.0865656504301748,0.07270542998307808,-0.05134881862422931,-0.0711502867439156,17.920674936718097,7.378901149960803,109.10732295284474,0.0,1.5163410642984776,3.8501820192883733,-0.21926777956272625,2,one_per_bay,True,35+35+24+8,4,102,24,35,8,A40-12L-V4-kv410-direct,16x12E,11.059622847143162,2.0322719184729268,17.714164956356246,0.3565497383856672,8.860018192047912,11.518023649662286,11.708953674353456,89.71196360557302,91.43064584815036,11.67470506832232,0.2547843130492608,0.254784313928053,0.2547843130492608,-8.787922056718855e-10,7.75,0.2547843130492608,0.2547843130492608,0.254784313928053,-1.2905776074512453e-06,80.4552056841678,0.0,121.55151989992478,2303.1716772759255,2050.8468430403777,13.666666666666666,True,"FLAG 16x12E: shaft power table 34.2 W vs similarity 28.7 W (16%) at 2481 rpm, 11.52 m/s; FLAG 16x12E: shaft power table 34.9 W vs similarity 29.4 W (16%) at 2525 rpm, 11.71 m/s",2.288126972931773,0.0,1.0985953988285329,True,-25.47843130492608
6.0,0.3987457621278794,1.9455757370047884,2.1581421593889614,0.29213961160257446,0.4,0.40427305589338797,0.0,0.7926059122477275,3.0,0.15949830485115177,1.522597178615602,1.04,1.04,0.20405781537156262,0.5667826399154163,0.03,1.659381124227584,1.300618875772416,36.048861230829395,34.986142549556455,1.0627186812729381,0.07270542998307808,-0.05230288455432768,-0.07239587561308512,18.097769315598608,7.248540027182663,106.88905413900086,0.0,1.526458791465091,3.853521849799651,-0.03216866620149483,2,one_per_bay,True,36+36+24+8,4,104,24,36,8,A40-12L-V4-kv410-direct,16x12E,11.093847644409976,2.0390097043775954,17.655629555225165,0.34954029214305127,8.859043118490272,11.516756054037353,11.707665066263946,89.91465849873845,91.63968464463076,11.636433922396492,0.25460286438009777,0.2546028645072159,0.25460286438009777,-1.2711814934007748e-10,7.75,0.25460286438009777,0.25460286438009777,0.2546028645072159,-1.8668330918287729e-07,80.18873360144762,0.0,161.40147846517775,2348.3319062421215,2055.9208263227797,13.583333333333332,True,"FLAG 16x12E: shaft power table 34.3 W vs similarity 28.8 W (16%) at 2482 rpm, 11.52 m/s; FLAG 16x12E: shaft power table 34.9 W vs similarity 29.4 W (16%) at 2527 rpm, 11.71 m/s",2.326342880881264,0.0,1.0987457621278793,True,-25.460286438009778
6.0,0.3913944596832953,2.0,2.2171947823504543,0.3181129431992135,0.4,0.4209196733178996,0.0,0.1821587516235592,3.0,0.15655778387331812,1.563880789828391,1.04,1.04,0.21183045345095022,0.6223802732613762,0.03,1.6474099106979696,1.3125900893020304,36.97819482130169,35.816206919774636,1.1619879015270589,0.07270542998307808,-0.05373403333567567,-0.07426060192905212,18.134215194788787,7.086351714681885,104.92656169629909,0.0,1.5382496968598391,3.8415065624375826,-0.006490014075904341,2,one_per_bay,True,36+36+24+8,4,104,24,36,8,A40-12L-V4-kv410-direct,16x12E,11.076058971362148,2.0111132967162213,17.90053303251557,0.38652036239427034,8.913119396443113,11.587055215376047,11.779129550840238,89.98969098992045,91.74679787881689,11.718667861836318,0.25389765347396825,0.2538976536149107,0.25389765347396825,-1.40942424398105e-10,7.75,0.25389765347396825,0.25389765347396825,0.2538976536149107,-2.0698537799275757e-07,79.15307420653376,0.0,159.25698237098766,2348.3319062421215,2058.055780517423,13.583333333333332,True,"FLAG 16x12E: shaft power table 34.4 W vs similarity 28.7 W (16%) at 2488 rpm, 11.59 m/s; FLAG 16x12E: shaft power table 35.0 W vs similarity 29.4 W (16%) at 2533 rpm, 11.78 m/s",2.3823153803892336,0.0,1.0913944596832952,True,-25.389765347396825
6.0,0.3993162359017228,1.7556376151907256,1.974129816602567,0.3054109164223479,0.4,0.4313407669770313,0.0,0.4703411804577797,3.0,0.15972649436068914,1.5897251021030376,1.04,1.04,0.2079566867081293,0.5125252206226854,0.03,1.6897693539912138,1.2702306460087862,35.48470579327699,34.395491728298495,1.0892140649784954,0.07270542998307808,-0.047843319052834905,-0.06647938733561659,17.761664083769105,7.912259737294359,116.02134957881388,0.0,1.483898965864923,3.862587286000643,-0.2536447025631589,2,one_per_bay,True,36+36+24+8,4,104,24,36,8,A40-12L-V4-kv410-direct,16x12E,11.078824430071634,2.058010017121396,17.49262622654983,0.3157594081697105,8.812080605665892,11.455704787365661,11.645601775289508,90.01622185691498,91.72077756444928,11.596079281413491,0.2536519210894561,0.2536519212315818,0.2536519210894561,-1.421257000977505e-10,7.75,0.2536519210894561,0.2536519210894561,0.2536519212315818,-2.0872311429895993e-07,78.79219627563029,0.0,159.16139419496244,2348.3319062421215,2058.145113186098,13.583333333333332,True,"FLAG 16x12E: shaft power table 34.3 W vs similarity 28.8 W (16%) at 2478 rpm, 11.46 m/s; FLAG 16x12E: shaft power table 34.9 W vs similarity 29.5 W (15%) at 2523 rpm, 11.65 m/s",2.151869818360126,0.0,1.0993162359017228,True,-25.36519210894561
6.0,0.4006843693745693,1.8737017531813067,2.087566255220937,0.2916853362335965,0.4,0.4328229804533859,0.0,0.3970459246643361,3.0,0.16027374774982772,1.593400991524397,1.04,1.04,0.20392694353717497,0.5323312369313259,0.03,1.6965197586295826,1.2634802413704174,35.26497125415911,34.219104429188384,1.04586682497072,0.07270542998307808,-0.050592467401334114,-0.07013563203921686,18.056072429833428,7.478167905870712,109.58594173028048,0.0,1.5107104201150239,3.8662496169830596,-0.20858644792062445,2,one_per_bay,True,36+36+24+8,4,104,24,36,8,A40-12L-V4-kv410-direct,16x12E,11.115193582477815,2.065944874243051,17.42544075053802,0.33219609431223623,8.809566010347861,11.45243581345222,11.642278612802665,90.04805664170951,91.75158976959013,11.555000941331263,0.2533535419261432,0.253353542073293,0.2533535419261432,-1.4714984786223795e-10,7.75,0.2533535419261432,0.2533535419261432,0.253353542073293,-2.1610148265444202e-07,78.35400228140011,0.0,158.4030635654907,2348.3319062421215,2058.8984961497936,13.583333333333332,True,"FLAG 16x12E: shaft power table 34.3 W vs similarity 28.9 W (16%) at 2478 rpm, 11.45 m/s; FLAG 16x12E: shaft power table 34.9 W vs similarity 29.5 W (15%) at 2523 rpm, 11.64 m/s",2.2604863179903174,0.0,1.1006843693745694,True,-25.335354192614318
6.0,0.3989742166388629,1.9937557047260719,2.2054668557096866,0.29022574687192476,0.4,0.4256167801255025,0.0,0.7847180281454504,3.0,0.15958968665554518,1.5755296147112463,1.04,1.04,0.20350758541586622,0.5722423613391692,0.029999999999999995,1.6825030867851458,1.2774969132148541,35.6718952434437,34.621064407346026,1.0508308360976761,0.07270542998307807,-0.05344980535259999,-0.07387776051657603,18.28571611768016,7.094301565429272,104.2649808757674,0.0,1.5377656495047471,3.860290285975306,-0.10609887452486114,2,one_per_bay,True,36+36+24+8,4,104,24,36,8,A40-12L-V4-kv410-direct,16x12E,11.126279590430485,2.0528491261756736,17.536602929541974,0.3589497904632237,8.842026896979338,11.49463496607314,11.685177285193372,90.05204517341429,91.77259579044174,11.581724616629398,0.253315185429138,0.2533151855779116,0.253315185429138,-1.4877360454690347e-10,7.75,0.253315185429138,0.253315185429138,0.2533151855779116,-2.1848610100182073e-07,78.29767265556177,0.0,158.13014172509938,2348.3319062421215,2059.1714864226487,13.583333333333332,True,"FLAG 16x12E: shaft power table 34.3 W vs similarity 28.8 W (16%) at 2482 rpm, 11.49 m/s; FLAG 16x12E: shaft power table 35.0 W vs similarity 29.5 W (16%) at 2526 rpm, 11.69 m/s",2.372767276048246,0.0,1.098974216638863,True,-25.3315185429138
6.0,0.3976964554930459,1.831399607017767,2.049264382447055,0.3080170079911503,0.4249481727253117,0.414544130076679,0.0,1.0,3.0,0.1690003820611031,1.548069442590164,1.04,1.04,0.2087398767202607,0.5405616630916724,0.03,1.582267623510488,1.377732376489512,38.081344877582254,37.00157969391595,1.0797651836663038,0.07270542998307808,-0.049664216024940026,-0.06889376046044607,17.917993619843934,7.63020241357553,111.96926028210068,0.0,1.5007417376512007,3.855145587536385,-0.14964277871435008,2,one_per_bay,True,36+36+24+8,4,104,24,36,8,A40-12L-V4-kv410-direct,16x12E,11.092549804263529,2.054127915582794,17.525685585060625,0.33249209635303345,8.82586569744034,11.473625406672443,11.663819458084854,90.05581344738319,91.76879602863492,11.597814681901294,0.2532802888875898,0.25328028903652583,0.2532802888875898,-1.4893603017540613e-10,7.75,0.2532802888875898,0.2532802888875898,0.25328028903652583,-2.1872463620692244e-07,78.24642425484892,0.0,158.11763828650618,2348.3319062421215,2059.183091291902,13.583333333333332,True,"FLAG 16x12E: shaft power table 34.3 W vs similarity 28.8 W (16%) at 2480 rpm, 11.47 m/s; FLAG 16x12E: shaft power table 35.0 W vs similarity 29.5 W (16%) at 2525 rpm, 11.66 m/s",2.223283500450249,0.0,1.097696455493046,True,-25.32802888875898
6.0,0.400647864808298,1.8320369240382444,2.0454925844017193,0.2864444203926251,0.4,0.4434141458586574,0.0,0.473718486590546,3.0,0.16025914592331922,1.6196670817294703,1.04,1.04,0.20242914297429107,0.5139778798955809,0.03,1.7072793464828284,1.2527206535171715,35.06819087585768,34.04064082198365,1.027550053874031,0.07270542998307808,-0.049572805958708215,-0.06877847259182053,17.98148237947893,7.627848973959375,111.62121341601649,0.0,1.501008645457945,3.869224992496099,-0.2742155581674121,2,one_per_bay,True,36+36+24+8,4,104,24,36,8,A40-12L-V4-kv410-direct,16x12E,11.112197508155562,2.072070726991971,17.373924321715247,0.3215809770247471,8.79534848488889,11.433953030355559,11.623489447435887,90.0577522950434,91.75401807517454,11.54128051829446,0.2532630616209117,0.253263061769185,0.2532630616209117,-1.4827328254085614e-10,7.75,0.2532630616209117,0.2532630616209117,0.253263061769185,-2.177513375692911e-07,78.22112461692676,0.0,158.2442572485021,2348.3319062421215,2059.055490290733,13.583333333333332,True,"FLAG 16x12E: shaft power table 34.3 W vs similarity 28.9 W (16%) at 2477 rpm, 11.43 m/s; FLAG 16x12E: shaft power table 34.9 W vs similarity 29.5 W (15%) at 2521 rpm, 11.62 m/s",2.220770174842923,0.0,1.100647864808298,True,-25.32630616209117
6.0,0.3931557327221688,2.0,2.219196701729329,0.3261998880686352,0.4,0.4197876564800464,0.0,0.4930525711643611,3.0,0.15726229308886752,1.561073388070515,1.04,1.04,0.21437284127248402,0.6245837186624817,0.029999999999999995,1.653310166010996,1.306689833989004,36.7602065344298,35.579747053630975,1.180459480798825,0.07270542998307807,-0.05378255013875318,-0.07432312525014095,18.189940218864653,7.077465794100572,104.56765557574988,0.0,1.5391088078672568,3.8452449304456753,0.005072002194559749,2,one_per_bay,True,36+36+24+8,4,104,24,36,8,A40-12L-V4-kv410-direct,16x12E,11.091252418433413,2.0195010484650737,17.826185347792656,0.3860415415412786,8.900688790317322,11.570895427412518,11.762701888039086,90.06694232532885,91.82042912762455,11.687515758328018,0.25317366179614315,0.2531736619492087,0.25317366179614315,-1.5306556022665063e-10,7.75,0.25317366179614315,0.25317366179614315,0.2531736619492087,-2.247891859139359e-07,78.08983372561966,0.0,157.42847447881002,2348.3319062421215,2059.872103331811,13.583333333333332,True,"FLAG 16x12E: shaft power table 34.4 W vs similarity 28.8 W (16%) at 2488 rpm, 11.57 m/s; FLAG 16x12E: shaft power table 35.0 W vs similarity 29.5 W (16%) at 2532 rpm, 11.76 m/s",2.3845357998694166,0.0,1.0931557327221688,True,-25.317366179614314
6.0,0.3993162359017228,1.911722279726806,2.127109238481097,0.3017625774657767,0.4,0.4313407669770313,0.0,0.4715417337046937,3.0,0.15972649436068914,1.5897251021030376,1.04,1.04,0.20687009859796607,0.555175123306821,0.03,1.6897693539912138,1.2702306460087862,35.53436523196856,34.45389206156007,1.0804731704084911,0.07270542998307808,-0.051550797268248655,-0.07140192667144613,18.12215412997886,7.347786654956683,107.8160449581137,0.0,1.5195213913516707,3.8626956265099928,-0.15360093716747944,2,one_per_bay,True,36+36+24+8,4,104,24,36,8,A40-12L-V4-kv410-direct,16x12E,11.116477987854534,2.058010017121396,17.49262622654983,0.34582552955730445,8.82704269570269,11.475155504413499,11.665374919691128,90.07059284330771,91.78438842152084,11.574160331338653,0.25314169201403364,0.25314169216537813,0.25314169201403364,-1.5134449249387671e-10,7.75,0.25314169201403364,0.25314169201403364,0.25314169216537813,-2.2226165840232502e-07,78.04288350844735,0.0,157.75215941951396,2348.3319062421215,2059.5462655124315,13.583333333333332,True,"FLAG 16x12E: shaft power table 34.3 W vs similarity 28.8 W (16%) at 2480 rpm, 11.48 m/s; FLAG 16x12E: shaft power table 35.0 W vs similarity 29.5 W (16%) at 2525 rpm, 11.67 m/s",2.2979783355139007,0.0,1.0993162359017228,True,-25.314169201403363
5.960761131188303,0.3909745989887211,1.6151909593584963,1.8371550433645396,0.2794381746477973,0.4,0.4387796427607366,0.0,0.0,2.9803805655941513,0.15638983959548847,1.5995649056268608,1.04,1.04,0.21089986484333514,0.5,0.03,1.655217845248318,1.2851627203458333,36.8195531419992,35.7179639708745,1.1015891711247,0.07270542998307808,-0.0448168092744127,-0.06239761245370884,17.043202117064155,8.637636769142052,127.32954402339979,0.0,1.4385303928886817,3.851425567599085,-0.2909037918849299,2,one_per_bay,True,36+36+24+8,4,104,24,36,8,A40-12L-V4-kv410-direct,16x12E,10.971442251412922,2.006587883574068,17.70701076884766,0.30515826385379086,8.880923543877522,11.545200607040778,11.73658113411857,90.09900345960092,91.84287484049383,11.791372415930713,0.2528736468552919,0.25287364701291976,0.2528736468552919,-1.5762785521289402e-10,7.75,0.2528736468552919,0.2528736468552919,0.25287364701291976,-2.3148928601704402e-07,77.64923745944387,0.0,156.7536009819369,2348.3319062421215,2060.5414099147183,13.583333333333332,True,"FLAG 16x12E: shaft power table 34.4 W vs similarity 28.8 W (16%) at 2486 rpm, 11.55 m/s; FLAG 16x12E: shaft power table 35.0 W vs similarity 29.5 W (16%) at 2531 rpm, 11.74 m/s",2.019055496239025,0.0,1.090974598988721,True,-25.28736468552919
6.0,0.3985690543106746,2.0,2.2129360140423424,0.295096189869921,0.4,0.46090354532907774,0.0,0.5593253483798459,3.0,0.15942762172426983,1.6630407924161128,1.04,1.04,0.2049136951292538,0.5688602192531879,0.03,1.7177337054909008,1.2422662945090992,35.236578786788826,34.17884436884342,1.0577344179454058,0.07270542998307808,-0.05363082147532914,-0.07410445164101886,18.50648760638434,7.075856013338826,103.20283895865774,0.0,1.5411366958657768,3.869718411504217,-0.17485097694954813,2,one_per_bay,True,38+38+24+8,4,108,24,38,8,A40-12L-V4-kv410-direct,16x12E,11.189454583508288,2.071691985652852,17.377100577359872,0.3597685835035088,8.826676892118755,11.474679959754381,11.664891492103807,90.5369523424171,92.26657214391287,11.495737258740572,0.25215474116730097,0.25215474117355885,0.25215474116730097,-6.257883100602157e-12,7.666666666666667,0.25215474116730097,0.25215474116730097,0.25215474117355885,-9.190208729161343e-09,76.5934661669788,0.0,236.11560312959713,2438.6523641745102,2071.047864133706,13.5,True,"FLAG 16x12E: shaft power table 34.5 W vs similarity 29.0 W (16%) at 2483 rpm, 11.47 m/s; FLAG 16x12E: shaft power table 35.1 W vs similarity 29.7 W (15%) at 2528 rpm, 11.66 m/s",2.381461622172783,0.0,1.0985690543106745,True,-25.215474116730096
6.0,0.3941176098850896,1.7847348780555805,1.998765297356634,0.2884937300187901,0.4206787310437893,0.4155665845866705,0.0,0.5645314849990523,3.0,0.16579689600847067,1.5506051297749428,1.04,1.04,0.20301218771868176,0.5222704984322105,0.030000000000000002,1.6819925158521798,1.2780074841478202,35.48422983545126,34.44390463768374,1.0403251977675192,0.0727054299830781,-0.04844036345985633,-0.06730923316013909,17.69767730396512,7.807352892179065,132.76575211623674,0.0,1.490353695657306,3.8468904729617144,-0.20528929608786484,2,one_per_bay,True,36+36+24+8,4,104,24,36,8,A40-12L-V4-kv410-direct,17x12E,11.059741381182462,2.033778787851643,17.701040159843615,0.3235592224901044,8.856782759066355,11.513817586786262,11.704677889126343,90.30279258844445,91.75212617421238,13.520275735658565,0.2509798927058486,0.25097989287894057,0.2509798927058486,-1.7309198518944413e-10,7.75,0.2509798927058486,0.2509798927058486,0.25097989287894057,-2.5419961473598435e-07,74.86810594335262,0.0,154.88558417476264,2348.3319062421215,2062.3642469744273,13.583333333333332,True,"FLAG 17x12E: shaft power table 35.2 W vs similarity 29.1 W (17%) at 2379 rpm, 11.51 m/s; FLAG 17x12E: shaft power table 35.8 W vs similarity 29.7 W (17%) at 2419 rpm, 11.70 m/s",2.174238772129789,0.0,1.0941176098850895,True,-25.097989270584858
6.0,0.3987457621278794,1.9455757370047884,2.1581421593889614,0.29213961160257446,0.4,0.40427305589338797,0.0,0.7926059122477275,3.0,0.15949830485115177,1.522597178615602,1.04,1.04,0.20405781537156262,0.5667826399154163,0.03,1.659381124227584,1.300618875772416,36.07355881426947,35.01011204943417,1.063446764835301,0.07270542998307808,-0.05230288455432768,-0.07239713716153418,18.111354981058604,7.2521381153514355,122.98669314215562,0.0,1.5260258731145224,3.8535655878770223,-0.0321127842184612,2,one_per_bay,True,36+36+24+8,4,104,24,36,8,A40-12L-V4-kv410-direct,17x12E,11.109053954742068,2.0390097043775954,17.655629555225165,0.3495402205171348,8.865112573922362,11.524646346099072,11.71568615278346,90.56061390126673,92.0208298154988,13.469885994136698,0.24856220597577128,0.2485622062247677,0.24856220597577128,-2.4899643458198284e-10,7.75,0.24856220597577128,0.24856220597577128,0.2485622062247677,-3.65671453083743e-07,71.3175369515803,0.0,148.55050241948624,2348.3319062421215,2068.6653160703095,13.583333333333332,True,"FLAG 17x12E: shaft power table 35.3 W vs similarity 29.2 W (17%) at 2382 rpm, 11.52 m/s; FLAG 17x12E: shaft power table 35.9 W vs similarity 29.8 W (17%) at 2422 rpm, 11.72 m/s",2.326342880881264,0.0,1.0987457621278793,True,-24.856220597577128
6.0,0.3939742166388629,1.9937557047260719,2.2051003648381355,0.29022574687192476,0.4,0.4256167801255025,0.0,0.7847180281454504,3.0,0.15758968665554518,1.5755296147112463,1.04,1.04,0.20350758541586622,0.5868593985485869,0.03,1.6628679968301725,1.2971320031698275,36.43191631027623,35.36347696075536,1.0684393495208757,0.07270542998307808,-0.05344092339379967,-0.07387456564732693,18.16918879400719,7.112040325963757,120.86244389941817,0.0,1.535997879989047,3.8488092087967747,-0.08478136345867493,2,one_per_bay,True,36+36+24+8,4,104,24,36,8,A40-12L-V4-kv410-direct,17x12E,11.103709037435467,2.0271225373315396,17.759163216343904,0.36889121716274786,8.88892820875126,11.555606671376639,11.747159695940198,90.56446748137665,92.0368249435053,13.508055349192249,0.248525389207081,0.2485253894585287,0.248525389207081,-2.514476959980527e-10,7.75,0.248525389207081,0.248525389207081,0.2485253894585287,-3.692713292241673e-07,71.26346854161523,0.0,148.33150892923595,2348.3319062421215,2068.884276450224,13.583333333333332,True,"FLAG 17x12E: shaft power table 35.4 W vs similarity 29.2 W (17%) at 2384 rpm, 11.56 m/s; FLAG 17x12E: shaft power table 35.9 W vs similarity 29.8 W (17%) at 2425 rpm, 11.75 m/s",2.3714258941140827,0.0,1.0939742166388629,True,-24.8525389207081
6.0,0.3987457621278794,1.9455757370047884,2.1581472892183426,0.29213961160257446,0.4,0.40427305589338797,0.0,0.7926059122477275,3.0,0.15949830485115177,1.5240864959758686,1.045,1.045,0.20405781537156262,0.5693298936710008,0.03,1.6600067480942888,1.2999932519057111,36.07652202561735,35.00150800634976,1.0750140192675888,0.07270542998307808,-0.05230300887647799,-0.07239850237459772,18.13471546915605,7.288159757448384,123.55717592052524,0.0,1.5220910991012393,3.8537428736969694,-0.10862152116971446,2,one_per_bay,True,36+36+24+8,4,104,24,36,8,A40-12L-V4-kv410-direct,17x12E,11.110502964820167,2.0393660197691172,17.6525447864801,0.35668678561121514,8.86491618096273,11.524391035251549,11.715426609742302,90.58339682125109,92.04438373412214,13.467737194910848,0.2483485694683225,0.24834856972412775,0.2483485694683225,-2.558052381029796e-10,7.75,0.2483485694683225,0.2483485694683225,0.24834856972412775,-3.7567073311947716e-07,71.00379441851281,0.0,147.9923192682816,2348.3319062421215,2069.220137385756,13.583333333333332,True,"FLAG 17x12E: shaft power table 35.4 W vs similarity 29.2 W (17%) at 2382 rpm, 11.52 m/s; FLAG 17x12E: shaft power table 35.9 W vs similarity 29.8 W (17%) at 2422 rpm, 11.72 m/s",2.3263756620144105,0.0,1.0987457621278793,True,-24.83485694683225
6.0,0.4037457621278794,1.9455757370047884,2.1585090949364205,0.29213961160257446,0.4,0.40427305589338797,0.0,0.7926059122477275,3.0,0.16149830485115177,1.522597178615602,1.04,1.04,0.20405781537156262,0.5528314566242439,0.029999999999999995,1.6792643557141123,1.2807356442858877,35.34626477862911,34.299413232425806,1.0468515462033077,0.07270542998307807,-0.05231177728991238,-0.07240083026341046,18.240472136542824,7.238402116607434,122.08803122220395,0.0,1.527273242949292,3.865016975223027,-0.05380547150632939,2,one_per_bay,True,36+36+24+8,4,104,24,36,8,A40-12L-V4-kv410-direct,17x12E,11.14663877027853,2.064577495913442,17.436981692989114,0.34017117577150263,8.824939407881075,11.472421230245399,11.662595320469851,90.67611251603506,92.14313796728402,13.370366228031846,0.24747899973235493,0.247479000016208,0.24747899973235493,-2.838530799298411e-10,7.75,0.24747899973235493,0.24747899973235493,0.247479000016208,-4.1686126299156055e-07,69.72676075559015,0.0,145.69001848365153,2348.3319062421215,2071.5082155020236,13.583333333333332,True,"FLAG 17x12E: shaft power table 35.4 W vs similarity 29.3 W (17%) at 2378 rpm, 11.47 m/s; FLAG 17x12E: shaft power table 35.9 W vs similarity 29.8 W (17%) at 2418 rpm, 11.66 m/s",2.327680609638244,0.0,1.1037457621278794,True,-24.747899973235494
6.0,0.3989742166388629,1.9937557047260719,2.2054668557096866,0.29022574687192476,0.4,0.4256167801255025,0.0,0.7847180281454504,3.0,0.15958968665554518,1.5755296147112463,1.04,1.04,0.20350758541586622,0.5722423613391692,0.029999999999999995,1.6825030867851458,1.2774969132148541,35.69626334841428,34.644714671115686,1.0515486772985874,0.07270542998307807,-0.05344980535259999,-0.07387972427358107,18.299313419867588,7.097751084354663,119.96918223739041,0.0,1.5373286388843366,3.8603338966477643,-0.10604503632342534,2,one_per_bay,True,36+36+24+8,4,104,24,36,8,A40-12L-V4-kv410-direct,17x12E,11.141485900762577,2.0528491261756736,17.536602929541974,0.3589497958778676,8.848067042536723,11.50248715529774,11.693159637259111,90.68885465966486,92.14934479893695,13.407294003041413,0.2473599098954453,0.24735991018235912,0.2473599098954453,-2.869138260308546e-10,7.75,0.2473599098954453,0.2473599098954453,0.24735991018235912,-4.2135621680950165e-07,69.55186767415562,0.0,145.44995792404265,2348.3319062421215,2071.7459507827134,13.583333333333332,True,"FLAG 17x12E: shaft power table 35.4 W vs similarity 29.3 W (17%) at 2381 rpm, 11.50 m/s; FLAG 17x12E: shaft power table 36.0 W vs similarity 29.8 W (17%) at 2421 rpm, 11.69 m/s",2.372767276048246,0.0,1.098974216638863,True,-24.73599098954453
6.0,0.3989742166388629,1.9937557047260719,2.205471736584497,0.29022574687192476,0.4,0.4256167801255025,0.0,0.7847180281454504,3.0,0.15958968665554518,1.5769655727609324,1.045,1.045,0.20350758541586622,0.5748224736123237,0.03,1.6831054022218535,1.2768945977781465,35.69977359699442,34.63678286397777,1.0629907330166477,0.07270542998307808,-0.05344992364130059,-0.07388181645997885,18.32281466505233,7.1331284577865715,120.52506574934436,0.0,1.5333211055019964,3.860505030097954,-0.09082726070747774,2,one_per_bay,True,36+36+24+8,4,104,24,36,8,A40-12L-V4-kv410-direct,17x12E,11.142913095867158,2.0531928723184736,17.533666946422162,0.3607813593987721,8.847892980062182,11.502260874080838,11.692929605062037,90.71339042234081,92.17482715829657,13.405204949720158,0.24712982692814622,0.24712982722241988,0.24712982692814622,-2.9427366099454844e-10,7.75,0.24712982692814622,0.24712982692814622,0.24712982722241988,-4.321647311970615e-07,69.21397218130122,0.0,144.84723813797612,2348.3319062421215,2072.344669469041,13.583333333333332,True,"FLAG 17x12E: shaft power table 35.4 W vs similarity 29.3 W (17%) at 2381 rpm, 11.50 m/s; FLAG 17x12E: shaft power table 36.0 W vs similarity 29.8 W (17%) at 2421 rpm, 11.69 m/s",2.372798483323549,0.0,1.098974216638863,True,-24.712982692814624
6.0,0.39356905431067457,2.0,2.212568089605527,0.295096189869921,0.4,0.46090354532907774,0.0,0.5593253483798459,3.0,0.15742762172426983,1.6630407924161128,1.04,1.04,0.2049136951292538,0.5834059180181247,0.03,1.6992671566471103,1.2607328433528897,35.927376657316145,34.853464199022426,1.073912458293721,0.07270542998307808,-0.05362190477386915,-0.07409759943167374,18.284710441092376,7.085629970804345,119.83867661047316,0.0,1.5379302225443972,3.8580289685355638,-0.1524996308814807,2,one_per_bay,True,36+36+24+8,4,104,24,36,8,A40-12L-V4-kv410-direct,17x12E,11.134504580892854,2.045702863275604,17.597863622459993,0.3696827191496415,8.860730667192183,11.518949867349837,11.709895245609584,90.73052044951861,92.19462217770045,13.432307599456362,0.24696907678817945,0.2469690770878107,0.24696907678817945,-2.9963126424448205e-10,7.75,0.24696907678817945,0.24696907678817945,0.2469690770878107,-4.4003280596985253e-07,68.97789756696487,0.0,144.40559368905517,2348.3319062421215,2072.783550457016,13.583333333333332,True,"FLAG 17x12E: shaft power table 35.4 W vs similarity 29.3 W (17%) at 2382 rpm, 11.52 m/s; FLAG 17x12E: shaft power table 36.0 W vs similarity 29.8 W (17%) at 2423 rpm, 11.71 m/s",2.3801056712434945,0.0,1.0935690543106746,True,-24.696907678817944
6.0,0.3985690543106746,2.0,2.2129360140423424,0.295096189869921,0.4,0.46090354532907774,0.0,0.5593253483798459,3.0,0.15942762172426983,1.6630407924161128,1.04,1.04,0.2049136951292538,0.5688602192531879,0.03,1.7177337054909008,1.2422662945090992,35.26051366356405,34.20206076658844,1.0584528969756095,0.07270542998307808,-0.05363082147532914,-0.07410635555561255,18.52009963984476,7.079285915242018,118.74998865571004,0.0,1.540698100131766,3.8697617761205327,-0.1747970469828342,2,one_per_bay,True,38+38+24+8,4,108,24,38,8,A40-12L-V4-kv410-direct,17x12E,11.20466089384038,2.071691985652852,17.377100577359872,0.35976859048641435,8.832672520270565,11.482474276351734,11.672815012209128,91.1407206429075,92.62093831486472,13.308751581794349,0.2465428115282876,0.24654281153867794,0.2465428115282876,-1.03903274872863e-11,7.666666666666667,0.2465428115282876,0.2465428115282876,0.24654281153867794,-1.5259038374065387e-08,68.3518924707656,0.0,224.1328305736195,2438.6523641745102,2082.919580985332,13.5,True,"FLAG 17x12E: shaft power table 35.6 W vs similarity 29.5 W (17%) at 2382 rpm, 11.48 m/s; FLAG 17x12E: shaft power table 36.2 W vs similarity 30.0 W (17%) at 2422 rpm, 11.67 m/s",2.381461622172783,0.0,1.0985690543106745,True,-24.654281152828762
6.0,0.3985690543106746,2.0,2.212940561902658,0.295096189869921,0.4,0.46090354532907774,0.0,0.5593253483798459,3.0,0.15942762172426983,1.6643885335527902,1.045,1.045,0.2049136951292538,0.5714383676704984,0.03,1.7183005061910093,1.2416994938089907,35.26521651191797,34.19522740789605,1.0699891040219196,0.07270542998307808,-0.05363093169337572,-0.07410847444929974,18.543554760297788,7.114566748521704,119.30100340116876,0.0,1.5366754002728737,3.8699224551886564,-0.16209365642498785,2,one_per_bay,True,38+38+24+8,4,108,24,38,8,A40-12L-V4-kv410-direct,17x12E,11.206062456768388,2.0720142863990327,17.374397578389594,0.36177272540645267,8.832537902928918,11.482299273807593,11.672637108712436,91.16522917445154,92.64638126001367,13.306769956016609,0.24631437246193286,0.24631437247265944,0.24631437246193286,-1.0726586285869644e-11,7.666666666666667,0.24631437246193286,0.24631437246193286,0.24631437247265944,-1.5752861684011938e-08,68.01641117973719,0.0,223.53146973668598,2438.6523641745102,2083.5175970852365,13.5,True,"FLAG 17x12E: shaft power table 35.6 W vs similarity 29.5 W (17%) at 2382 rpm, 11.48 m/s; FLAG 17x12E: shaft power table 36.2 W vs similarity 30.1 W (17%) at 2423 rpm, 11.67 m/s",2.381490548391398,0.0,1.0985690543106745,True,-24.631437246193286
6.0,0.4039742166388629,1.9937557047260719,2.205830998103253,0.29022574687192476,0.4,0.4256167801255025,0.0,0.7847180281454504,3.0,0.16158968665554518,1.5755296147112463,1.04,1.04,0.20350758541586622,0.5581647046921354,0.03,1.5816521286426721,1.3783478713573278,38.346632627795906,37.3114715720961,1.0351610556998005,0.07270542998307808,-0.05345863039569976,-0.07383829082421223,18.429463871238,7.109323904987405,119.16519670359249,0.0,1.5356356494869006,3.871855391091775,-0.12500298538601573,2,one_per_bay,True,36+36+24+8,4,104,24,36,8,A40-12L-V4-kv410-direct,17x12E,11.17925903680302,2.0785757150198076,17.319551912332884,0.3492214366920719,8.808033311683964,11.450443305189154,11.640253075465909,91.01598319807422,92.49842701232876,13.30697335570942,0.24429169687608818,0.24429169732407827,0.24429169687608818,-4.4799008946938557e-10,7.75,0.24429169687608818,0.24429169687608818,0.24429169732407827,-6.579097699065605e-07,65.0459480812011,0.0,137.3252727915909,2348.3319062421215,2079.825719818949,13.583333333333332,True,"FLAG 17x12E: shaft power table 35.5 W vs similarity 29.5 W (17%) at 2379 rpm, 11.45 m/s; FLAG 17x12E: shaft power table 36.1 W vs similarity 30.0 W (17%) at 2419 rpm, 11.64 m/s",2.374099264070472,0.0,1.1039742166388629,True,-24.429169687608816
6.0,0.4035690543106746,2.0,2.2133015784546326,0.295096189869921,0.4,0.46090354532907774,0.0,0.5593253483798459,3.0,0.16142762172426983,1.6630407924161128,1.04,1.04,0.2049136951292538,0.5548518040979561,0.029999999999999995,1.6157426734400349,1.344257326559965,37.99201113333632,36.95079478997199,1.0412163433643364,0.07270542998307807,-0.053639680981256495,-0.07409788364127147,18.599628816417766,7.08225261579218,117.99540526176361,0.0,1.538617164811827,3.8813542222343926,-0.17929588312219163,2,one_per_bay,True,37+37+24+8,4,106,24,37,8,A40-12L-V4-kv410-direct,17x12E,11.226813460068922,2.0976811080301005,17.161807799187855,0.34917649350683627,8.786458924079492,11.42239660130334,11.6117414517268,91.31106877743376,92.80975122488955,13.220395742017562,0.2433226629425072,0.24332266302228428,0.2433226629425072,-7.977707383588495e-11,7.666666666666667,0.2433226629425072,0.2433226629425072,0.24332266302228428,-1.1715910133938914e-07,63.6228431794185,0.0,174.98509434152413,2393.492135208314,2087.076926152728,13.583333333333332,True,"FLAG 17x12E: shaft power table 35.6 W vs similarity 29.6 W (17%) at 2379 rpm, 11.42 m/s; FLAG 17x12E: shaft power table 36.2 W vs similarity 30.2 W (17%) at 2419 rpm, 11.61 m/s",2.3828081330039708,0.0,1.1035690543106744,True,-24.332266294250722
6.0,0.3941176098850896,1.7847348780555805,1.998765297356634,0.2884937300187901,0.4206787310437893,0.4155665845866705,0.0,0.5645314849990523,3.0,0.16579689600847067,1.5506051297749428,1.04,1.04,0.20301218771868176,0.5222704984322105,0.030000000000000002,1.6819925158521798,1.2780074841478202,35.56581122642972,34.523094228781034,1.0427169976486887,0.0727054299830781,-0.04844036345985633,-0.06730514579821875,17.743113713108954,7.821272160518964,193.63406536125711,0.0,1.4889520551953108,3.8470371298494905,-0.20509081647855232,2,one_per_bay,True,36+36+24+8,4,104,24,36,8,A40-12L-V4-kv410-direct,20x15E,11.110654493190054,2.033778787851643,17.701040159843615,0.32355922774045304,8.877145288010322,11.540288874413418,11.731587981513238,91.55351696545618,93.21314368635464,20.029101246486633,0.23933596976550622,0.23933597072215798,0.23933596976550622,-9.566517578107891e-10,7.75,0.23933596976550622,0.23933596976550622,0.23933597072215798,-1.4049206727038853e-06,57.76806100359983,0.0,122.6483152748242,2348.3319062421215,2094.4338832869075,13.666666666666666,True,"FLAG 20x15E: (11.54 m/s, 1876 rpm) not on the map; used C_T(J) similarity; FLAG 20x15E: (11.73 m/s, 1908 rpm) not on the map; used C_T(J) similarity",2.174238772129789,0.0,1.0941176098850895,True,-23.93359697655062
6.0,0.3985690543106746,2.0,2.2129360140423424,0.295096189869921,0.4,0.46090354532907774,0.0,0.5593253483798459,3.0,0.15942762172426983,1.6630407924161128,1.04,1.04,0.2049136951292538,0.5688602192531879,0.03,1.7177337054909008,1.2422662945090992,35.285821799934716,34.2266092013134,1.0592125986213137,0.07270542998307808,-0.05363082147532914,-0.07410831886706604,18.534502715160862,7.082916309881391,136.35739966509357,0.0,1.5402349277033272,3.8698075967685033,-0.17474006259693148,2,one_per_bay,True,38+38+24+8,4,108,24,38,8,A40-12L-V4-kv410-direct,18x12E,11.220750894914067,2.071691985652852,17.377100577359872,0.35976859786479454,8.839012146595731,11.490715790574452,11.681193142969704,92.78695310633616,94.04734459633559,15.371415257299516,0.23128486202401427,0.23128486207841165,0.23128486202401427,-5.439737549295387e-11,7.666666666666667,0.23128486202401427,0.23128486202401427,0.23128486207841165,-7.988695650941569e-08,45.94435649269932,0.0,186.76170716377678,2438.6523641745102,2120.0159525729077,13.583333333333332,True,"FLAG 18x12E: shaft power table 36.7 W vs similarity 29.1 W (21%) at 2290 rpm, 11.49 m/s; FLAG 18x12E: shaft power table 37.4 W vs similarity 29.5 W (21%) at 2326 rpm, 11.68 m/s",2.381461622172783,0.0,1.0985690543106745,True,-23.128486202401426
6.0,0.3941176098850896,1.7847348780555805,1.998765297356634,0.2884937300187901,0.4206787310437893,0.4155665845866705,0.0,0.5645314849990523,3.0,0.16579689600847067,1.5506051297749428,1.04,1.04,0.20301218771868176,0.5222704984322105,0.030000000000000002,1.6819925158521798,1.2780074841478202,35.51003214729162,34.46895047840178,1.0410816688898363,0.0727054299830781,-0.04844036345985633,-0.06730798795908555,17.712036510131888,7.811750637554062,152.4487057791297,0.0,1.489909711025776,3.8469368935768395,-0.2052264722707914,2,one_per_bay,True,36+36+24+8,4,104,24,36,8,A40-12L-V4-kv410-direct,18x12E,11.07583138225615,2.033778787851643,17.701040159843615,0.32355922415199595,8.863222957196946,11.52218984435603,11.713188930518157,91.9913454651559,93.2282326140536,15.613980159445953,0.23523071805524903,0.23523071950319255,0.23523071805524903,-1.4479435150871467e-09,7.75,0.23523071805524903,0.23523071805524903,0.23523071950319255,-2.1264224527310223e-06,51.73916600884037,0.0,116.42885957637522,2348.3319062421215,2100.5734583690087,13.666666666666666,False,"morning depletion (0.235231 -> 0.235231, -0.000 Wh); FLAG 18x12E: shaft power table 36.4 W vs similarity 28.8 W (21%) at 2288 rpm, 11.52 m/s; FLAG 18x12E: shaft power table 37.1 W vs similarity 29.1 W (21%) at 2324 rpm, 11.71 m/s",2.174238772129789,0.0,1.0941176098850895,True,1000.0000004479435
6.0,0.3985690543106746,2.0,2.2129360140423424,0.295096189869921,0.4,0.46090354532907774,0.0,0.5593253483798459,3.0,0.15942762172426983,1.6630407924161128,1.04,1.04,0.2049136951292538,0.5688602192531879,0.03,1.7177337054909008,1.2422662945090992,35.31249707073084,34.252483731714165,1.06001333901668,0.07270542998307808,-0.05363082147532914,-0.07411033290881404,18.549695024786626,7.0867469329430675,151.98485413809408,0.0,1.5397473878103727,3.8698558570664887,-0.17468004416486307,2,one_per_bay,True,38+38+24+8,4,108,24,38,8,A40-12L-V4-kv410-direct,19x12E,11.237722567478812,2.071691985652852,17.377100577359872,0.35976860563602076,8.845694236754142,11.499402507780385,11.69002385667895,95.61703642699214,96.70072774668293,17.210713683516133,0.2048617504642982,0.20486175203808848,0.2048617504642982,-1.5737902925305747e-09,7.75,0.2048617504642982,0.2048617504642982,0.20486175203808848,-2.311238649199462e-06,7.139874752805471,0.0,120.33230115028117,2438.6523641745102,2186.0070178846236,13.666666666666666,False,"morning depletion (0.204862 -> 0.204862, -0.000 Wh); FLAG 19x12E: shaft power table 38.0 W vs similarity 29.9 W (21%) at 2220 rpm, 11.50 m/s; FLAG 19x12E: shaft power table 38.9 W vs similarity 30.1 W (22%) at 2254 rpm, 11.69 m/s",2.381461622172783,0.0,1.0985690543106745,True,1000.0000005737903
6.0,0.3987457621278794,1.9455757370047884,2.1581421593889614,0.29213961160257446,0.4,0.40427305589338797,0.0,0.7926059122477275,3.0,0.15949830485115177,1.522597178615602,1.04,1.04,0.20405781537156262,0.5667826399154163,0.03,1.659381124227584,1.300618875772416,36.09967326054455,35.0354566430992,1.0642166174453436,0.07270542998307808,-0.05230288455432768,-0.07239842228899687,18.125730156039527,7.2559464632216635,141.21277592063905,0.0,1.5255687135766247,3.8536118025822446,-0.03205373789023522,2,one_per_bay,True,36+36+24+8,4,104,24,36,8,A40-12L-V4-kv410-direct,18x12E,11.125143955815755,2.0390097043775954,17.655629555225165,0.34954014483081425,8.871530224790305,11.532989292227397,11.724167396848893,92.24043901319885,93.4848801757869,15.555794952099271,0.23288216983226284,0.23288217359009622,0.23288216983226284,-3.7578333778043316e-09,7.75,0.23288216983226284,0.23288216983226284,0.23288217359009622,-5.518683004498456e-06,48.290132520556256,0.0,110.33740074587568,2348.3319062421215,2106.6297616635143,13.666666666666666,False,"morning depletion (0.232882 -> 0.232882, -0.000 Wh); FLAG 18x12E: shaft power table 36.5 W vs similarity 28.9 W (21%) at 2290 rpm, 11.53 m/s; FLAG 18x12E: shaft power table 37.2 W vs similarity 29.2 W (21%) at 2326 rpm, 11.72 m/s",2.326342880881264,0.0,1.0987457621278793,True,1000.0000027578334
6.0,0.3989742166388629,1.9937557047260719,2.2054668557096866,0.29022574687192476,0.4,0.4256167801255025,0.0,0.7847180281454504,3.0,0.15958968665554518,1.5755296147112463,1.04,1.04,0.20350758541586622,0.5722423613391692,0.029999999999999995,1.6825030867851458,1.2774969132148541,35.72202946736199,34.669721765847505,1.0523077015144873,0.07270542998307807,-0.05344980535259999,-0.07388175042379785,18.313700907826004,7.101402252926655,137.75208095999866,0.0,1.5368671458374383,3.8603799769228133,-0.10598814935175696,2,one_per_bay,True,36+36+24+8,4,104,24,36,8,A40-12L-V4-kv410-direct,18x12E,11.157575901836264,2.0528491261756736,17.536602929541974,0.35894980159919054,8.854453715159854,11.51078982970781,11.701599942036886,92.35582738461801,93.60304051651323,15.484233962555164,0.23179346549817906,0.23179346999985773,0.23179346549817906,-4.50167866872242e-09,7.75,0.23179346549817906,0.23179346549817906,0.23179346999985773,-6.611080125992013e-06,46.691281932629835,0.0,107.52483093381444,2348.3319062421215,2109.42772626042,13.666666666666666,False,"morning depletion (0.231793 -> 0.231793, -0.000 Wh); FLAG 18x12E: shaft power table 36.6 W vs similarity 28.9 W (21%) at 2289 rpm, 11.51 m/s; FLAG 18x12E: shaft power table 37.2 W vs similarity 29.3 W (21%) at 2325 rpm, 11.70 m/s",2.372767276048246,0.0,1.098974216638863,True,1000.0000035016786
6.0,0.3941176098850896,1.7847348780555805,1.998765297356634,0.2884937300187901,0.4206787310437893,0.4155665845866705,0.0,0.5645314849990523,3.0,0.16579689600847067,1.5506051297749428,1.04,1.04,0.20301218771868176,0.5222704984322105,0.030000000000000002,1.6819925158521798,1.2780074841478202,35.58062112523143,34.53746993157592,1.0431511936555136,0.0727054299830781,-0.04844036345985633,-0.06730435676249086,17.751373213548778,7.823803555171492,198.38806756258114,0.0,1.4886982796609898,3.8470637171638815,-0.20505483426262477,2,one_per_bay,True,36+36+24+8,4,104,24,36,8,A40-12L-V4-kv410-direct,205x14E,11.119909557112207,2.033778787851643,17.701040159843615,0.3235592286922737,8.88084180494133,11.54509434642373,11.73647311205851,93.63053797971115,95.32201673998128,20.53027810436517,0.21983801758108337,0.21983805987679703,0.21983801758108337,-4.229571365366169e-08,7.75,0.21983801758108337,0.21983801758108337,0.21983805987679703,-6.211468488259033e-05,29.133737305732897,0.0,72.33903696186735,2348.3319062421215,2144.4705688058502,13.75,False,"morning depletion (0.219838 -> 0.219838, -0.000 Wh); FLAG 205x14E: (11.55 m/s, 1947 rpm) not on the map; used C_T(J) similarity; FLAG 205x14E: (11.74 m/s, 1981 rpm) not on the map; used C_T(J) similarity",2.174238772129789,0.0,1.0941176098850895,True,1000.0000412957137
6.0,0.3937457621278794,1.9455757370047884,2.157772854274947,0.29213961160257446,0.4,0.40427305589338797,0.0,0.7926059122477275,3.0,0.15749830485115177,1.522597178615602,1.04,1.04,0.20405781537156262,0.5812686700761158,0.03,1.6389929163469774,1.3210070836530226,36.76861580697207,35.68962672988513,1.078989077086948,0.07270542998307808,-0.05229393439195789,-0.07239011559336277,17.878343769914757,7.25938369582551,124.10989003639655,0.0,1.5230733049296816,3.842018610806162,-0.01104299255144675,2,one_per_bay,True,34+34+24+8,4,100,24,34,8,A40-12L-V4-kv410-direct,17x12E,11.039465361926228,2.0134419128417487,17.87983043880815,0.3592763877831312,8.893236286766495,11.561207172796443,11.752853034803898,90.1512376761172,91.61230565451693,13.594808455704499,0.24882217932911843,0.24882222277583294,0.24882217932911843,-4.3446714503847517e-08,7.75,0.24882217932911843,0.24882217932911843,0.24882222277583294,-6.380502295548147e-05,71.69932889989114,0.0,68.79319852775548,2258.0114483097323,2058.6056510053995,13.75,False,"morning depletion (0.248822 -> 0.248822, -0.000 Wh); FLAG 17x12E: shaft power table 35.2 W vs similarity 29.0 W (17%) at 2382 rpm, 11.56 m/s; FLAG 17x12E: shaft power table 35.8 W vs similarity 29.6 W (17%) at 2422 rpm, 11.75 m/s",2.3249956738580617,0.0,1.0937457621278792,True,1000.0000424467145
6.0,0.3941176098850896,1.7847348780555805,1.998765297356634,0.2884937300187901,0.4206787310437893,0.4155665845866705,0.0,0.5645314849990523,3.0,0.16579689600847067,1.5506051297749428,1.04,1.04,0.20301218771868176,0.5222704984322105,0.030000000000000002,1.6819925158521798,1.2780074841478202,35.53722802659565,34.495349030029644,1.0418789965660078,0.0727054299830781,-0.04844036345985633,-0.06730662785140559,17.727182546744068,7.816390508981844,169.91800587056258,0.0,1.4894424265222348,3.8469857848439157,-0.20516030477091532,2,one_per_bay,True,36+36+24+8,4,104,24,36,8,A40-12L-V4-kv410-direct,19x12E,11.092803054820894,2.033778787851643,17.701040159843615,0.3235592259023084,8.87001098658506,11.531014282560578,11.72215964817615,94.85366216763748,95.90820533647506,17.48067970819293,0.2082965706092656,0.20829682761231996,0.2082965706092656,-2.5700305436582305e-07,7.75,0.2082965706092656,0.2082965706092656,0.20829682761231996,-0.00037742982342170027,12.184186634620778,0.0,49.32807968915138,2348.3319062421215,2167.2969595038917,13.75,False,"morning depletion (0.208297 -> 0.208297, -0.000 Wh); FLAG 19x12E: shaft power table 37.7 W vs similarity 29.6 W (21%) at 2219 rpm, 11.53 m/s; FLAG 19x12E: shaft power table 38.5 W vs similarity 29.8 W (23%) at 2253 rpm, 11.72 m/s",2.174238772129789,0.0,1.0941176098850895,True,1000.0002560030543
6.0,0.3941176098850896,1.7847348780555805,1.998765297356634,0.2884937300187901,0.4206787310437893,0.4155665845866705,0.0,0.5645314849990523,3.0,0.16579689600847067,1.5506051297749428,1.04,1.04,0.20301218771868176,0.5222704984322105,0.030000000000000002,1.6819925158521798,1.2780074841478202,35.53276111797666,34.49101308205469,1.0417480359219693,0.0727054299830781,-0.04844036345985633,-0.06730685459950701,17.72469402247984,7.815628088296618,190.5148768944582,0.0,1.4895191299364574,3.846977757048052,-0.2051711692712392,2,one_per_bay,True,36+36+24+8,4,104,24,36,8,A40-12L-V4-kv410-direct,MJ-20x13E,11.090014574899493,2.033778787851643,17.701040159843615,0.32355922561491796,8.868896056391383,11.529564873308798,11.72068621260244,95.09629945606397,95.75578131491109,19.704008224827746,0.2060068413697287,0.20600714105894427,0.2060068413697287,-2.996892155826547e-07,7.75,0.2060068413697287,0.2060068413697287,0.20600714105894427,-0.00044011791220871624,8.821533592638703,0.0,47.50104286947474,2348.3319062421215,2169.0708759987174,13.75,False,"morning depletion (0.206007 -> 0.206007, -0.000 Wh); FLAG MJ-20x13E: thrust table 2.12 N vs similarity 2.80 N (24%) at 2079 rpm, 11.53 m/s; FLAG MJ-20x13E: thrust table 2.13 N vs similarity 2.76 N (23%) at 2108 rpm, 11.72 m/s",2.174238772129789,0.0,1.0941176098850895,True,1000.0002986892156
6.0,0.3941176098850896,1.7847348780555805,1.9987702861481087,0.2884937300187901,0.4206787310437893,0.4155665845866705,0.0,0.5645314849990523,3.0,0.16579689600847067,1.5520662133134762,1.045,1.045,0.20301218771868176,0.5246271344502812,0.030000000000000002,1.6825953459773286,1.2774046540226713,35.53586207128469,34.48277594228759,1.0530861289971007,0.0727054299830781,-0.04844048436393275,-0.06730855161066827,17.747335594317256,7.854522364540425,191.39868218805168,0.0,1.4857328864935646,3.8471424047342815,-0.185018884387101,2,one_per_bay,True,36+36+24+8,4,104,24,36,8,A40-12L-V4-kv410-direct,MJ-20x13E,11.091427364336843,2.0341123834881945,17.698137178765638,0.3249947882422091,8.868733627474208,11.529353715716471,11.720471554728682,95.117643136595,95.77762231085941,19.701055821778713,0.20580541485518344,0.20580572490334828,0.20580541485518344,-3.1004816483659603e-07,7.75,0.20580541485518344,0.20580541485518344,0.20580572490334828,-0.00045533086910293344,8.525722424149453,0.0,46.98092193770796,2348.3319062421215,2169.5882218144875,13.75,False,"morning depletion (0.205806 -> 0.205805, -0.000 Wh); FLAG MJ-20x13E: thrust table 2.12 N vs similarity 2.80 N (24%) at 2080 rpm, 11.53 m/s; FLAG MJ-20x13E: thrust table 2.13 N vs similarity 2.76 N (23%) at 2108 rpm, 11.72 m/s",2.174270259212384,0.0,1.0941176098850895,True,1000.0003090481648
6.0,0.3987457621278794,1.9455757370047884,2.1581421593889614,0.29213961160257446,0.4,0.40427305589338797,0.0,0.7926059122477275,3.0,0.15949830485115177,1.522597178615602,1.04,1.04,0.20405781537156262,0.5667826399154163,0.03,1.659381124227584,1.300618875772416,36.127198223519734,35.06217017150042,1.0650280520193176,0.07270542998307808,-0.05230288455432768,-0.07239972266852303,18.140893036496767,7.259964782807161,157.38648575034978,0.0,1.5250875222071296,3.8536604773022325,-0.03199154842535831,2,one_per_bay,True,36+36+24+8,4,104,24,36,8,A40-12L-V4-kv410-direct,19x12E,11.1421156283805,2.0390097043775954,17.655629555225165,0.34954006511029667,8.878294511525208,11.541782864982771,11.733106737412562,95.09589828137526,96.15144043590041,17.41549107658264,0.20601050123974243,0.20601092686153996,0.20601050123974243,-4.2562179752847484e-07,7.75,0.20601050123974243,0.20601050123974243,0.20601092686153996,-0.0006250601195460406,8.826908408500104,0.0,43.476909256809684,2348.3319062421215,2173.1208658368973,13.75,False,"morning depletion (0.206011 -> 0.206011, -0.001 Wh); FLAG 19x12E: shaft power table 37.8 W vs similarity 29.7 W (22%) at 2221 rpm, 11.54 m/s; FLAG 19x12E: shaft power table 38.7 W vs similarity 29.9 W (23%) at 2255 rpm, 11.73 m/s",2.326342880881264,0.0,1.0987457621278793,True,1000.0004246217975
6.0,0.3989742166388629,1.9937557047260719,2.2054668557096866,0.29022574687192476,0.4,0.4256167801255025,0.0,0.7847180281454504,3.0,0.15958968665554518,1.5755296147112463,1.04,1.04,0.20350758541586622,0.5722423613391692,0.029999999999999995,1.6825030867851458,1.2774969132148541,35.7491873474896,34.69607962294056,1.0531077245490468,0.07270542998307807,-0.05344980535259999,-0.07388383021462443,18.32887677596555,7.105254806961528,153.5336134144293,0.0,1.5363813797212074,3.8604285102665026,-0.10592823402168129,2,one_per_bay,True,36+36+24+8,4,104,24,36,8,A40-12L-V4-kv410-direct,19x12E,11.174547574401007,2.0528491261756736,17.536602929541974,0.35894980762516004,8.861185364961877,11.51954097445044,11.710496151274311,95.2036693576845,96.2725474351917,17.336111181034607,0.2049933824148539,0.20499390713259655,0.2049933824148539,-5.247177426448424e-07,7.75,0.2049933824148539,0.2049933824148539,0.20499390713259655,-0.000770590549755787,7.333186945057387,0.0,40.741745508858166,2348.3319062421215,2175.844064878885,13.75,False,"morning depletion (0.204994 -> 0.204993, -0.001 Wh); FLAG 19x12E: shaft power table 37.8 W vs similarity 29.7 W (21%) at 2220 rpm, 11.52 m/s; FLAG 19x12E: shaft power table 38.7 W vs similarity 30.0 W (23%) at 2253 rpm, 11.71 m/s",2.372767276048246,0.0,1.098974216638863,True,1000.0005237177427
6.0,0.3991176098850896,1.7847348780555805,1.9991499152269068,0.2884937300187901,0.4206787310437893,0.4155665845866705,0.0,0.5645314849990523,3.0,0.1679002896636896,1.5506051297749428,1.04,1.04,0.20301218771868176,0.5092668353935671,0.03,1.5826693416279145,1.3773306583720855,38.070885552921226,37.045578786697895,1.0253067662233288,0.07270542998307808,-0.04844968472906878,-0.0672620579849567,17.854175075695988,7.8289624877804584,189.26338095755577,0.0,1.4879485815228242,3.8585291013537524,-0.22922355909703288,2,one_per_bay,True,36+36+24+8,4,104,24,36,8,A40-12L-V4-kv410-direct,MJ-20x13E,11.128114590879887,2.0595804614744564,17.479287978012547,0.3146969217570484,8.828293767746365,11.476781898070275,11.667028273474964,95.45709898832409,96.09570740899314,19.558147626828994,0.20260162778439492,0.2026022800364812,0.20260162778439492,-6.522520862861647e-07,7.75,0.20260162778439492,0.20260162778439492,0.2026022800364812,-0.0009578850740155264,3.8207013441772477,0.0,39.01511521573413,2348.3319062421215,2177.5161120316234,13.75,False,"morning depletion (0.202602 -> 0.202602, -0.001 Wh); FLAG MJ-20x13E: thrust table 2.14 N vs similarity 2.82 N (24%) at 2076 rpm, 11.48 m/s; FLAG MJ-20x13E: thrust table 2.15 N vs similarity 2.78 N (23%) at 2105 rpm, 11.67 m/s",2.1756524032013638,0.0,1.0991176098850897,True,1000.0006512520863
6.0,0.3941176098850896,1.7847348780555805,1.998765297356634,0.2884937300187901,0.4206787310437893,0.4155665845866705,0.0,0.5645314849990523,3.0,0.16579689600847067,1.5506051297749428,1.04,1.04,0.20301218771868176,0.5222704984322105,0.030000000000000002,1.6819925158521798,1.2780074841478202,35.38828596399725,34.35077364472555,1.0375123192716964,0.0727054299830781,-0.04844036345985633,-0.06731347513942365,17.644375286073867,7.791037622736981,191.7072852186984,0.0,1.4920101408479145,3.846717564934492,-0.20552330294380758,2,one_per_bay,True,36+36+24+8,4,104,24,36,8,A40-12L-V4-kv410-direct,MJ-20x13EL,11.000014574899494,2.033778787851643,17.701040159843615,0.32355921629978396,8.83283538778417,11.482686004119422,11.673030249709832,95.9689813450536,96.80676338740543,19.82861900021511,0.19776873106792892,0.19777140526666437,0.19776873106792892,-2.6741987354528263e-06,7.75,0.19776873106792892,0.19776873106792892,0.19777140526666437,-0.003927277669936971,-3.2767993404435987,0.0,24.650261570198385,2348.3319062421215,2191.8428182153784,13.75,False,"SOC floor violated (min 0.198, unmet 0 Wh); morning depletion (0.197771 -> 0.197769, -0.004 Wh); FLAG MJ-20x13EL: thrust table 2.11 N vs similarity 2.70 N (22%) at 2102 rpm, 11.48 m/s; FLAG MJ-20x13EL: thrust table 2.12 N vs similarity 2.66 N (21%) at 2132 rpm, 11.67 m/s",2.174238772129789,0.0,1.0941176098850895,True,1002.2339421308066
6.0,0.3941176098850896,1.7847348780555805,1.998765297356634,0.2884937300187901,0.4206787310437893,0.4155665845866705,0.0,0.5645314849990523,3.0,0.16579689600847067,1.5506051297749428,1.04,1.04,0.20301218771868176,0.5222704984322105,0.030000000000000002,1.6819925158521798,1.2780074841478202,35.39471960446112,34.35701866398167,1.037700940479455,0.0727054299830781,-0.04844036345985633,-0.06731320990357054,17.64794500769191,7.792129817627302,190.47712019754997,0.0,1.4918987928359386,3.8467291741611347,-0.20550759147789732,2,one_per_bay,True,36+36+24+8,4,104,24,36,8,A40-12L-V4-kv410-direct,MJ-20x11EWL,11.004014574899493,2.033778787851643,17.701040159843615,0.32355921671542465,8.83444120975643,11.48477357268336,11.675152423126963,96.14369417097146,97.12460140231143,19.685566036841617,0.19611044374184203,0.19611570151899682,0.19611044374184203,-5.257777154793475e-06,7.833333333333333,0.19611044374184203,0.19611044374184203,0.19611570151899682,-0.0077214720580700115,-5.712128734531336,0.0,18.98704088413779,2348.331906242122,2197.5029592245396,13.75,False,"SOC floor violated (min 0.196, unmet 0 Wh); morning depletion (0.196116 -> 0.196110, -0.008 Wh)",2.174238772129789,0.0,1.0941176098850895,True,1003.8948130353127
6.0,0.3941176098850896,1.7847348780555805,1.998765297356634,0.2884937300187901,0.4206787310437893,0.4155665845866705,0.0,0.5645314849990523,3.0,0.16579689600847067,1.5506051297749428,1.04,1.04,0.20301218771868176,0.5222704984322105,0.030000000000000002,1.6819925158521798,1.2780074841478202,35.56581122642972,34.523094228781034,1.0427169976486887,0.0727054299830781,-0.04844036345985633,-0.06730514579821875,17.743113713108954,7.821272160518964,191.06792850251847,0.0,1.4889520551953108,3.8470371298494905,-0.20509081647855232,2,one_per_bay,True,36+36+24+8,4,104,24,36,8,A40-12L-V4-kv410-direct,MJ-20x11EW,11.110654493190054,2.033778787851643,17.701040159843615,0.32355922774045304,8.877145288010322,11.540288874413418,11.731587981513238,96.92825060869791,97.87060844099928,19.750086197392278,0.18844501037740485,0.1886684207049482,0.18844501037740485,-0.000223410327543333,7.833333333333333,0.18844501037740485,0.18844501037740485,0.1886684207049482,-0.32809618034826643,-16.96943915183147,0.0,0.8042139306026568,2348.331906242122,2215.937182389835,13.75,False,"SOC floor violated (min 0.188, unmet 0 Wh); morning depletion (0.188668 -> 0.188445, -0.328 Wh)",2.174238772129789,0.0,1.0941176098850895,True,1011.7783989501385
6.0,0.3985690543106746,2.0,2.2129360140423424,0.295096189869921,0.4,0.46090354532907774,0.0,0.5593253483798459,3.0,0.15942762172426983,1.6630407924161128,1.04,1.04,0.2049136951292538,0.5688602192531879,0.03,1.7177337054909008,1.2422662945090992,35.34053338842503,34.2796784529992,1.0608549354258268,0.07270542998307808,-0.05363082147532914,-0.0741123886611557,18.565674862833518,7.0907775538191276,169.51268657862045,0.0,1.5392356933740692,3.8699065404619413,-0.17461701227173984,2,one_per_bay,True,38+38+24+8,4,108,24,38,8,A40-12L-V4-kv410-direct,20x13E,11.255574005847972,2.071691985652852,17.377100577359872,0.3597686137974105,8.852717265835048,11.508532445585564,11.699305138091644,99.12385223659886,99.64440045361225,19.264531816584334,0.1718303700139423,0.17183098864682309,0.1718303700139423,-6.18632880783343e-07,7.75,0.1718303700139423,0.1718303700139423,0.17183098864682309,-0.0009085125448531053,-41.36938565857867,0.0,41.52986621384638,2438.6523641745102,2264.3080729027624,13.75,False,"SOC floor violated (min 0.172, unmet 0 Wh); morning depletion (0.171831 -> 0.171830, -0.001 Wh)",2.381461622172783,0.0,1.0985690543106745,True,1028.1702476189384
6.0,0.3941176098850896,1.7847348780555805,1.998765297356634,0.2884937300187901,0.4206787310437893,0.4155665845866705,0.0,0.5645314849990523,3.0,0.16579689600847067,1.5506051297749428,1.04,1.04,0.20301218771868176,0.5222704984322105,0.030000000000000002,1.6819925158521798,1.2780074841478202,35.38506870510859,34.34765070930129,1.0374179958072973,0.0727054299830781,-0.04844036345985633,-0.06731360673582952,17.642590425264846,7.790491550512048,212.01337874163002,0.0,1.492065837191264,3.8467117587379973,-0.20553116081944503,2,one_per_bay,True,36+36+24+8,4,104,24,36,8,A40-12L-V4-kv410-direct,MJ-21x14EL,10.998014574899493,2.033778787851643,17.701040159843615,0.32355921609191135,8.832032367310322,11.48164207750342,11.671969018307816,96.3351844203367,100.55648063610997,22.0316057445907,0.18134132113967044,0.1940073934464839,0.18134132113967044,-0.012666072306813464,7.833333333333333,0.18134132113967044,0.18134132113967044,0.1940073934464839,-18.60115416139126,-27.40178277224751,0.0,0.0,2348.331906242122,2235.31271229977,13.75,False,"SOC floor violated (min 0.181, unmet 0 Wh); morning depletion (0.194007 -> 0.181341, -18.601 Wh); FLAG MJ-21x14EL: thrust table 2.11 N vs similarity 2.65 N (20%) at 1828 rpm, 11.48 m/s; FLAG MJ-21x14EL: thrust table 2.12 N vs similarity 2.95 N (28%) at 1896 rpm, 11.67 m/s; FLAG MJ-21x14EL: shaft power table 34.7 W vs similarity 43.2 W (20%) at 1896 rpm, 11.67 m/s",2.174238772129789,0.0,1.0941176098850895,True,1031.324750167143
6.0,0.3941176098850896,1.7847348780555805,1.998765297356634,0.2884937300187901,0.4206787310437893,0.4155665845866705,0.0,0.5645314849990523,3.0,0.16579689600847067,1.5506051297749428,1.04,1.04,0.20301218771868176,0.5222704984322105,0.030000000000000002,1.6819925158521798,1.2780074841478202,35.45982737468461,34.42021760726293,1.0396097674216782,0.0727054299830781,-0.04844036345985633,-0.06731037019047917,17.68410673028433,7.803197656660102,107.8589650341493,0.0,1.4907741712707374,3.846846539733161,-0.20534875357473306,2,one_per_bay,True,36+36+24+8,4,104,24,36,8,A40-12L-V4-kv410-direct,16x10E,11.04453507085037,2.033778787851643,17.701040159843615,0.3235592209172632,8.850691960568007,11.505899548738409,11.696628596685725,97.17649681107265,98.9730149498902,10.878194345651815,0.17678758353373172,0.1863483585972424,0.17678758353373172,-0.009560775063510663,7.833333333333333,0.17678758353373172,0.17678758353373172,0.1863483585972424,-14.04077337874353,-34.08931566853657,0.0,0.0,2348.331906242122,2230.5005245437173,13.833333333333332,False,"SOC floor violated (min 0.177, unmet 0 Wh); morning depletion (0.186348 -> 0.176788, -14.041 Wh); FLAG 16x10E: (11.51 m/s, 2853 rpm) not on the map; used C_T(J) similarity; FLAG 16x10E: (11.70 m/s, 2903 rpm) not on the map; used C_T(J) similarity",2.174238772129789,0.0,1.0941176098850895,True,1032.773190529779
6.0,0.3941176098850896,1.7847348780555805,1.998765297356634,0.2884937300187901,0.4206787310437893,0.4155665845866705,0.0,0.5645314849990523,3.0,0.16579689600847067,1.5506051297749428,1.04,1.04,0.20301218771868176,0.5222704984322105,0.030000000000000002,1.6819925158521798,1.2780074841478202,35.56581122642972,34.523094228781034,1.0427169976486887,0.0727054299830781,-0.04844036345985633,-0.06730514579821875,17.743113713108954,7.821272160518964,189.5204610430993,0.0,1.4889520551953108,3.8470371298494905,-0.20509081647855232,2,one_per_bay,True,36+36+24+8,4,104,24,36,8,A40-12L-V4-kv410-direct,20x13E,11.110654493190054,2.033778787851643,17.701040159843615,0.32355922774045304,8.877145288010322,11.540288874413418,11.731587981513238,98.36270138853152,98.8685867699043,19.565732940437186,0.15494316445478226,0.17508944467753762,0.15494316445478226,-0.02014628022275536,7.833333333333333,0.15494316445478226,0.15494316445478226,0.17508944467753762,-29.586445989296465,-66.16961625508836,0.0,0.0,2348.331906242122,2245.848001368705,13.833333333333332,False,"SOC floor violated (min 0.155, unmet 0 Wh); morning depletion (0.175089 -> 0.154943, -29.586 Wh)",2.174238772129789,0.0,1.0941176098850895,True,1065.2031147679731
6.0,0.3987457621278794,1.9455757370047884,2.1581421593889614,0.29213961160257446,0.4,0.40427305589338797,0.0,0.7926059122477275,3.0,0.15949830485115177,1.522597178615602,1.04,1.04,0.20405781537156262,0.5667826399154163,0.03,1.659381124227584,1.300618875772416,36.15612739477061,35.09024651218543,1.0658808825851762,0.07270542998307808,-0.05230288455432768,-0.0724010296284688,18.156841919846283,7.264192820920539,175.53674688436277,0.0,1.524582512126214,3.853711595247805,-0.03192623721424437,2,one_per_bay,True,36+36+24+8,4,104,24,36,8,A40-12L-V4-kv410-direct,20x13E,11.15996706674966,2.0390097043775954,17.655629555225165,0.3495399813795694,8.885403883825559,11.551025048973226,11.742502125674095,98.58076777299405,99.08875796656503,19.492983189425324,0.14926867410444122,0.17300587597770342,0.14926867410444122,-0.023737201873262198,7.833333333333333,0.14926867410444122,0.14926867410444122,0.17300587597770342,-34.86000558887526,-74.50306542837636,0.0,0.0,2348.331906242122,2251.102993519827,13.833333333333332,False,"SOC floor violated (min 0.149, unmet 0 Wh); morning depletion (0.173006 -> 0.149269, -34.860 Wh)",2.326342880881264,0.0,1.0987457621278793,True,1074.468526768821
6.0,0.3989742166388629,1.9937557047260719,2.2054668557096866,0.29022574687192476,0.4,0.4256167801255025,0.0,0.7847180281454504,3.0,0.15958968665554518,1.5755296147112463,1.04,1.04,0.20350758541586622,0.5722423613391692,0.029999999999999995,1.6825030867851458,1.2774969132148541,35.777730773587905,34.72378221027469,1.0539485633132133,0.07270542998307807,-0.05344980535259999,-0.07388595453726382,18.344839320243853,7.109308516270164,171.23860293821014,0.0,1.5358715536048115,3.860479479970545,-0.10586531096007881,2,one_per_bay,True,36+36+24+8,4,104,24,36,8,A40-12L-V4-kv410-direct,20x13E,11.192399012770167,2.0528491261756736,17.536602929541974,0.35894981395371267,8.868260451372922,11.5287385867848,11.719846229031862,98.70810857949573,99.22559411245868,19.40436639545102,0.14595660376385966,0.17181807844205,0.14595660376385966,-0.025861474678190333,7.833333333333333,0.14595660376385966,0.14595660376385966,0.17181807844205,-37.979672441247764,-79.36710926976423,0.0,0.0,2348.331906242122,2254.212585031943,13.916666666666668,False,"SOC floor violated (min 0.146, unmet 0 Wh); morning depletion (0.171818 -> 0.145957, -37.980 Wh)",2.372767276048246,0.0,1.098974216638863,True,1079.9048699143307
6.0,0.3941176098850896,1.7847348780555805,1.998765297356634,0.2884937300187901,0.4206787310437893,0.4155665845866705,0.0,0.5645314849990523,3.0,0.16579689600847067,1.5506051297749428,1.04,1.04,0.20301218771868176,0.5222704984322105,0.030000000000000002,1.6819925158521798,1.2780074841478202,35.41722814265897,34.378867297778015,1.0383608448809518,0.0727054299830781,-0.04844036345985633,-0.0673122601697851,17.66043903335506,7.795953028054265,201.32387938512036,0.0,1.4915095432502643,3.8467697732480683,-0.20545264628640386,2,one_per_bay,True,36+36+24+8,4,104,24,36,8,A40-12L-V4-kv410-direct,MJ-20p5x12ELW,11.018014574899494,2.033778787851643,17.701040159843615,0.3235592181689283,8.840059289505291,11.492077076356878,11.682576994283856,99.37880315759939,100.13230004900424,20.862274342352546,0.12693910623673094,0.1654096866029485,0.12693910623673094,-0.03847058036621756,7.833333333333333,0.12693910623673094,0.12693910623673094,0.1654096866029485,-56.49716650403639,-107.29584634761171,0.0,0.0,2348.331906242122,2272.6890361040437,13.916666666666668,False,"SOC floor violated (min 0.127, unmet 0 Wh); morning depletion (0.165410 -> 0.126939, -56.497 Wh); FLAG MJ-20p5x12ELW: thrust table 2.11 N vs similarity 2.69 N (22%) at 2047 rpm, 11.49 m/s; FLAG MJ-20p5x12ELW: thrust table 2.12 N vs similarity 2.65 N (20%) at 2075 rpm, 11.68 m/s",2.174238772129789,0.0,1.0941176098850895,True,1111.5314731294866
6.0,0.3941176098850896,1.7847348780555805,1.998765297356634,0.2884937300187901,0.4206787310437893,0.4155665845866705,0.0,0.5645314849990523,3.0,0.16579689600847067,1.5506051297749428,1.04,1.04,0.20301218771868176,0.5222704984322105,0.030000000000000002,1.6819925158521798,1.2780074841478202,35.48422983545126,34.44390463768374,1.0403251977675192,0.0727054299830781,-0.04844036345985633,-0.06730923316013909,17.69767730396512,7.807352892179065,124.12435358474238,0.0,1.490353695657306,3.8468904729617144,-0.20528929608786484,2,one_per_bay,True,36+36+24+8,4,104,24,36,8,A40-12L-V4-kv410-direct,17x10E,11.059741381182462,2.033778787851643,17.701040159843615,0.3235592224901044,8.856782759066355,11.513817586786262,11.704677889126343,99.26722019286419,101.08874908825015,12.588550268995398,0.1225576911677639,0.1664758834613961,0.1225576911677639,-0.04391819229363221,7.833333333333333,0.1225576911677639,0.1225576911677639,0.1664758834613961,-64.4974263177092,-113.73030962626027,0.0,0.0,2348.331906242122,2280.7803676572303,13.916666666666668,False,"SOC floor violated (min 0.123, unmet 0 Wh); morning depletion (0.166476 -> 0.122558, -64.497 Wh); FLAG 17x10E: (11.51 m/s, 2739 rpm) not on the map; used C_T(J) similarity; FLAG 17x10E: (11.70 m/s, 2787 rpm) not on the map; used C_T(J) similarity",2.174238772129789,0.0,1.0941176098850895,True,1121.3605001258684
6.0,0.3941176098850896,1.7847348780555805,1.998765297356634,0.2884937300187901,0.4206787310437893,0.4155665845866705,0.0,0.5645314849990523,3.0,0.16579689600847067,1.5506051297749428,1.04,1.04,0.20301218771868176,0.5222704984322105,0.030000000000000002,1.6819925158521798,1.2780074841478202,35.56581122642972,34.523094228781034,1.0427169976486887,0.0727054299830781,-0.04844036345985633,-0.06730514579821875,17.743113713108954,7.821272160518964,180.54014479739553,0.0,1.4889520551953108,3.8470371298494905,-0.20509081647855232,2,one_per_bay,True,36+36+24+8,4,104,24,36,8,A40-12L-V4-kv410-direct,20x11E,11.110654493190054,2.033778787851643,17.701040159843615,0.32355922774045304,8.877145288010322,11.540288874413418,11.731587981513238,100.35655144421622,101.52406836524084,18.583403949917763,0.0987349149396575,0.15606647023721698,0.0987349149396575,-0.05733155529755948,7.833333333333333,0.0987349149396575,0.0987349149396575,0.15606647023721698,-84.19603745894969,-148.71598809368544,0.0,0.0,2348.331906242122,2300.329696948189,13.916666666666668,False,"SOC floor violated (min 0.099, unmet 0 Wh); morning depletion (0.156066 -> 0.098735, -84.196 Wh); FLAG 20x11E: thrust table 2.13 N vs similarity 1.78 N (16%) at 2283 rpm, 11.54 m/s; FLAG 20x11E: shaft power table 40.8 W vs similarity 31.1 W (24%) at 2283 rpm, 11.54 m/s; FLAG 20x11E: thrust table 2.14 N vs similarity 1.76 N (18%) at 2318 rpm, 11.73 m/s; FLAG 20x11E: shaft power table 41.6 W vs similarity 31.4 W (25%) at 2318 rpm, 11.73 m/s",2.174238772129789,0.0,1.0941176098850895,True,1158.596639357902
6.0,0.3941176098850896,1.7847348780555805,1.998765297356634,0.2884937300187901,0.4206787310437893,0.4155665845866705,0.0,0.5645314849990523,3.0,0.16579689600847067,1.5506051297749428,1.04,1.04,0.20301218771868176,0.5222704984322105,0.030000000000000002,1.6819925158521798,1.2780074841478202,35.39793598619578,34.360140747968295,1.037795238227489,0.0727054299830781,-0.04844036345985633,-0.06731307626491018,17.64972986850093,7.792675940272861,208.08666555938916,0.0,1.4918431411551292,3.8467349771920576,-0.20549973788623072,2,one_per_bay,True,36+36+24+8,4,104,24,36,8,A40-12L-V4-kv410-direct,MJ-21x13p5EL,11.006014574899494,2.033778787851643,17.701040159843615,0.3235592169231737,8.835244011294641,11.485817214683033,11.676213365194673,100.47849832217078,105.02567693367874,21.615977556361116,0.07234251434106559,0.15471023433854747,0.07234251434106559,-0.08236771999748188,7.916666666666667,0.07234251434106559,0.07234251434106559,0.15471023433854747,-120.96367528008572,-187.4753682970905,0.0,0.0,2348.331906242122,2337.334677398137,13.916666666666668,False,"SOC floor violated (min 0.072, unmet 0 Wh); morning depletion (0.154710 -> 0.072343, -120.964 Wh); FLAG MJ-21x13p5EL: thrust table 2.11 N vs similarity 2.67 N (21%) at 1808 rpm, 11.49 m/s; FLAG MJ-21x13p5EL: thrust table 2.12 N vs similarity 2.96 N (29%) at 1875 rpm, 11.68 m/s; FLAG MJ-21x13p5EL: shaft power table 36.8 W vs similarity 44.6 W (17%) at 1875 rpm, 11.68 m/s",2.174238772129789,0.0,1.0941176098850895,True,1210.0252046564162
6.0,0.3941176098850896,1.7847348780555805,1.998765297356634,0.2884937300187901,0.4206787310437893,0.4155665845866705,0.0,0.5645314849990523,3.0,0.16579689600847067,1.5506051297749428,1.04,1.04,0.20301218771868176,0.5222704984322105,0.030000000000000002,1.6819925158521798,1.2780074841478202,35.38828596399725,34.35077364472555,1.0375123192716964,0.0727054299830781,-0.04844036345985633,-0.06731347513942365,17.644375286073867,7.791037622736981,209.47098159949974,0.0,1.4920101408479145,3.846717564934492,-0.20552330294380758,2,one_per_bay,True,36+36+24+8,4,104,24,36,8,A40-12L-V4-kv410-direct,MJ-21x13EL,11.000014574899494,2.033778787851643,17.701040159843615,0.32355921629978396,8.83283538778417,11.482686004119422,11.673030249709832,102.31965773976495,102.62641965299238,21.74996759357756,0.05362211534674405,0.13730279509395935,0.05362211534674405,-0.0836806797472153,7.916666666666667,0.05362211534674405,0.05362211534674405,0.13730279509395935,-122.89186312876517,-214.9677920904404,0.0,0.0,2348.331906242122,2338.7649683794057,13.916666666666668,False,"SOC floor violated (min 0.054, unmet 0 Wh); morning depletion (0.137303 -> 0.053622, -122.892 Wh); FLAG MJ-21x13EL: thrust table 2.11 N vs similarity 3.01 N (30%) at 1917 rpm, 11.48 m/s; FLAG MJ-21x13EL: shaft power table 36.1 W vs similarity 44.4 W (19%) at 1917 rpm, 11.48 m/s; FLAG MJ-21x13EL: thrust table 2.12 N vs similarity 2.95 N (28%) at 1942 rpm, 11.67 m/s; FLAG MJ-21x13EL: shaft power table 37.4 W vs similarity 44.3 W (16%) at 1942 rpm, 11.67 m/s",2.174238772129789,0.0,1.0941176098850895,True,1230.0585634004713
6.0,0.3941176098850896,1.7847348780555805,1.998765297356634,0.2884937300187901,0.4206787310437893,0.4155665845866705,0.0,0.5645314849990523,3.0,0.16579689600847067,1.5506051297749428,1.04,1.04,0.20301218771868176,0.5222704984322105,0.030000000000000002,1.6819925158521798,1.2780074841478202,35.51003214729162,34.46895047840178,1.0410816688898363,0.0727054299830781,-0.04844036345985633,-0.06730798795908555,17.712036510131888,7.811750637554062,142.32430175113424,0.0,1.489909711025776,3.8469368935768395,-0.2052264722707914,2,one_per_bay,True,36+36+24+8,4,104,24,36,8,A40-12L-V4-kv410-direct,18x10E,11.07583138225615,2.033778787851643,17.701040159843615,0.32355922415199595,8.863222957196946,11.52218984435603,11.713188930518157,101.88829344949214,103.74846369269382,14.517978515348368,0.054173404139391895,0.14136234697343888,0.054173404139391895,-0.08718894283404699,7.916666666666667,0.054173404139391895,0.054173404139391895,0.14136234697343888,-128.0440319255413,-214.15817979934576,0.0,0.0,2348.331906242122,2344.0757594067645,13.916666666666668,False,"SOC floor violated (min 0.054, unmet 0 Wh); morning depletion (0.141362 -> 0.054173, -128.044 Wh); FLAG 18x10E: (11.52 m/s, 2654 rpm) not on the map; used C_T(J) similarity; FLAG 18x10E: (11.71 m/s, 2700 rpm) not on the map; used C_T(J) similarity",2.174238772129789,0.0,1.0941176098850895,True,1233.015537694655
6.0,0.3941176098850896,1.7847348780555805,1.998765297356634,0.2884937300187901,0.4206787310437893,0.4155665845866705,0.0,0.5645314849990523,3.0,0.16579689600847067,1.5506051297749428,1.04,1.04,0.20301218771868176,0.5222704984322105,0.030000000000000002,1.6819925158521798,1.2780074841478202,35.51673734516228,34.47545909355575,1.0412782516065309,0.0727054299830781,-0.04844036345985633,-0.06730765715934893,17.715769718434732,7.812894168104953,186.46236200851584,0.0,1.4897944363790028,3.846948951292509,-0.2052101538371873,2,one_per_bay,True,36+36+24+8,4,104,24,36,8,A40-12L-V4-kv410-direct,MJ-20x11E,11.080014574899494,2.033778787851643,17.701040159843615,0.32355922458366837,8.864896559277994,11.524365527061393,11.715400678712296,102.64339902607625,103.8292821579091,19.250981181040174,0.03928553782952976,0.13420717335271473,0.03928553782952976,-0.09492163552318497,7.916666666666667,0.03928553782952976,0.03928553782952976,0.13420717335271473,-139.40011811462333,-236.0222185996737,0.0,0.0,2348.331906242122,2355.300407944154,14.0,False,"SOC floor violated (min 0.039, unmet 0 Wh); morning depletion (0.134207 -> 0.039286, -139.400 Wh)",2.174238772129789,0.0,1.0941176098850895,True,1255.6360966936552
6.0,0.3941176098850896,1.7847348780555805,1.998765297356634,0.2884937300187901,0.4206787310437893,0.4155665845866705,0.0,0.5645314849990523,3.0,0.16579689600847067,1.5506051297749428,1.04,1.04,0.20301218771868176,0.5222704984322105,0.030000000000000002,1.6819925158521798,1.2780074841478202,35.53276111797666,34.49101308205469,1.0417480359219693,0.0727054299830781,-0.04844036345985633,-0.06730685459950701,17.72469402247984,7.815628088296618,258.3200694094366,0.0,1.4895191299364574,3.846977757048052,-0.2051711692712392,2,one_per_bay,True,36+36+24+8,4,104,24,36,8,A40-12L-V4-kv410-direct,MJ-26x15EL,11.090014574899493,2.033778787851643,17.701040159843615,0.32355922561491796,8.868896056391383,11.529564873308798,11.72068621260244,102.27256816578699,105.1642829935774,27.04606062189705,0.037016148920494915,0.13754733804344396,0.037016148920494915,-0.10053118912294905,7.916666666666667,0.037016148920494915,0.037016148920494915,0.13754733804344396,-147.63820240454712,-239.35500021709748,0.0,0.0,2348.331906242122,2363.699760492435,13.916666666666668,False,"SOC floor violated (min 0.037, unmet 0 Wh); morning depletion (0.137547 -> 0.037016, -147.638 Wh); FLAG MJ-26x15EL: shaft power table 40.7 W vs similarity 32.3 W (21%) at 1497 rpm, 11.53 m/s",2.174238772129789,0.0,1.0941176098850895,True,1263.515039202454
6.0,0.3941176098850896,1.7847348780555805,1.998765297356634,0.2884937300187901,0.4206787310437893,0.4155665845866705,0.0,0.5645314849990523,3.0,0.16579689600847067,1.5506051297749428,1.04,1.04,0.20301218771868176,0.5222704984322105,0.030000000000000002,1.6819925158521798,1.2780074841478202,35.52314772164798,34.48168153088605,1.0414661907619298,0.0727054299830781,-0.04844036345985633,-0.06730733812650935,17.719339440052774,7.8139876873206076,202.6701612776417,0.0,1.4896842698722748,3.84696047671326,-0.20519455579029983,2,one_per_bay,True,36+36+24+8,4,104,24,36,8,A40-12L-V4-kv410-direct,MJ-20p5x12EW,11.084014574899493,2.033778787851643,17.701040159843615,0.3235592249962793,8.866496574614414,11.526445546998739,11.717515178372038,103.07865722256503,103.83675190974628,21.006986466567398,0.03084443555521474,0.1300216225899583,0.03084443555521474,-0.09917718703474357,7.916666666666667,0.03084443555521474,0.03084443555521474,0.1300216225899583,-145.6497405540643,-248.41866170320324,0.0,0.0,2348.331906242122,2361.4687202133614,14.0,False,"SOC floor violated (min 0.031, unmet 0 Wh); morning depletion (0.130022 -> 0.030844, -145.650 Wh); FLAG MJ-20p5x12EW: thrust table 2.12 N vs similarity 2.83 N (25%) at 2069 rpm, 11.53 m/s; FLAG MJ-20p5x12EW: thrust table 2.13 N vs similarity 2.77 N (23%) at 2096 rpm, 11.72 m/s",2.174238772129789,0.0,1.0941176098850895,True,1268.3327504795288
6.0,0.3941176098850896,1.7847348780555805,1.998765297356634,0.2884937300187901,0.4206787310437893,0.4155665845866705,0.0,0.5645314849990523,3.0,0.16579689600847067,1.5506051297749428,1.04,1.04,0.20301218771868176,0.5222704984322105,0.030000000000000002,1.6819925158521798,1.2780074841478202,35.595775519817465,34.55218003024182,1.043595489575641,0.0727054299830781,-0.04844036345985633,-0.06730353446934943,17.75982839926791,7.8263952804830055,205.0629329357891,0.0,1.4884388141658556,3.847090911477453,-0.2050180305578203,2,one_per_bay,True,36+36+24+8,4,104,24,36,8,A40-12L-V4-kv410-direct,21x13E,11.129383893347724,2.033778787851643,17.701040159843615,0.32355922966580974,8.884624307233645,11.550011599403739,11.741471876525337,103.3581664020988,103.58917836763048,21.238748690847626,0.02712953045959786,0.12733366383977232,0.02712953045959786,-0.10020413338017446,7.916666666666667,0.02712953045959786,0.02712953045959786,0.12733366383977232,-147.15789452824944,-253.87430104463786,0.0,0.0,2348.331906242122,2362.906113305682,14.0,False,"SOC floor violated (min 0.027, unmet 0 Wh); morning depletion (0.127334 -> 0.027130, -147.158 Wh)",2.174238772129789,0.0,1.0941176098850895,True,1273.0746019205767
6.0,0.3941176098850896,1.7847348780555805,1.998765297356634,0.2884937300187901,0.4206787310437893,0.4155665845866705,0.0,0.5645314849990523,3.0,0.16579689600847067,1.5506051297749428,1.04,1.04,0.20301218771868176,0.5222704984322105,0.030000000000000002,1.6819925158521798,1.2780074841478202,35.542371914102254,34.50034210925289,1.0420298048493613,0.0727054299830781,-0.04844036345985633,-0.06730636510875658,17.730048604906905,7.817268635584068,209.5982032289748,0.0,1.4893541216487236,3.846995028036238,-0.2051477954013554,2,one_per_bay,True,36+36+24+8,4,104,24,36,8,A40-12L-V4-kv410-direct,MJ-21x13E,11.096014574899494,2.033778787851643,17.701040159843615,0.3235592262332141,8.871294889163595,11.532683355912674,11.723856389140856,105.32516106303068,105.6986586068259,21.760934754986017,0.005863312649783646,0.10834416913213302,0.005863312649783646,-0.10248085648234936,7.916666666666667,0.005863312649783646,0.005863312649783646,0.10834416913213302,-150.50144700296374,-285.1054661862806,45.37285172210847,0.0,2348.331906242122,2411.5077161553672,14.083333333333334,False,"SOC floor violated (min 0.006, unmet 45 Wh); morning depletion (0.108344 -> 0.005863, -150.501 Wh); FLAG MJ-21x13E: thrust table 2.12 N vs similarity 0.00 N (100%) at 1934 rpm, 11.53 m/s; FLAG MJ-21x13E: thrust table 2.13 N vs similarity 0.00 N (100%) at 1959 rpm, 11.72 m/s",2.174238772129789,0.0,1.0941176098850895,True,1750.3460600536505
6.0,0.3941176098850896,1.7847348780555805,1.998765297356634,0.2884937300187901,0.4206787310437893,0.4155665845866705,0.0,0.5645314849990523,3.0,0.16579689600847067,1.5506051297749428,1.04,1.04,0.20301218771868176,0.5222704984322105,0.030000000000000002,1.6819925158521798,1.2780074841478202,35.53722802659565,34.495349030029644,1.0418789965660078,0.0727054299830781,-0.04844036345985633,-0.06730662785140559,17.727182546744068,7.816390508981844,159.4125783671203,0.0,1.4894424265222348,3.8469857848439157,-0.20516030477091532,2,one_per_bay,True,36+36+24+8,4,104,24,36,8,A40-12L-V4-kv410-direct,19x10E,11.092803054820894,2.033778787851643,17.701040159843615,0.3235592259023084,8.87001098658506,11.531014282560578,11.72215964817615,105.10245407171129,107.01711659358807,16.337436439050904,0.005608997037307708,0.11049909896261881,0.005608997037307708,-0.1048901019253111,7.916666666666667,0.005608997037307708,0.005608997037307708,0.11049909896261881,-154.03961928017816,-285.47894928338627,51.611047940480944,0.0,2348.331906242122,2421.445967729686,14.083333333333334,False,"SOC floor violated (min 0.006, unmet 52 Wh); morning depletion (0.110499 -> 0.005609, -154.040 Wh); FLAG 19x10E: (11.53 m/s, 2574 rpm) not on the map; used C_T(J) similarity; FLAG 19x10E: (11.72 m/s, 2619 rpm) not on the map; used C_T(J) similarity",2.174238772129789,0.0,1.0941176098850895,True,1815.3915832928128
6.0,0.3941176098850896,1.7847348780555805,1.998765297356634,0.2884937300187901,0.4206787310437893,0.4155665845866705,0.0,0.5645314849990523,3.0,0.16579689600847067,1.5506051297749428,1.04,1.04,0.20301218771868176,0.5222704984322105,0.030000000000000002,1.6819925158521798,1.2780074841478202,35.46862259207982,34.42875496683458,1.0398676252452383,0.0727054299830781,-0.04844036345985633,-0.06730996493547722,17.688996806299407,7.804694861320152,156.4599707702811,0.0,1.4906225571620704,3.8468623777796243,-0.20532731899170215,2,one_per_bay,True,36+36+24+8,4,104,24,36,8,A40-12L-V4-kv410-direct,MJ-18x10E,11.050014574899494,2.033778787851643,17.701040159843615,0.3235592214842821,8.852887226751022,11.50875339477633,11.699529749875554,105.24791485872262,106.59898176162345,16.0557107051281,0.005715662402809066,0.10909161707521384,0.005715662402809066,-0.10337595467240478,7.916666666666667,0.005715662402809066,0.005715662402809066,0.10909161707521384,-151.81597127058905,-285.3223025456044,51.79287392424511,0.0,2348.331906242122,2419.3480367297757,14.083333333333334,False,"SOC floor violated (min 0.006, unmet 52 Wh); morning depletion (0.109092 -> 0.005716, -151.816 Wh); FLAG MJ-18x10E: thrust table 2.12 N vs similarity 2.52 N (16%) at 2414 rpm, 11.51 m/s",2.174238772129789,0.0,1.0941176098850895,True,1815.5890305120467
6.0,0.3941176098850896,1.7847348780555805,1.998765297356634,0.2884937300187901,0.4206787310437893,0.4155665845866705,0.0,0.5645314849990523,3.0,0.16579689600847067,1.5506051297749428,1.04,1.04,0.20301218771868176,0.5222704984322105,0.030000000000000002,1.6819925158521798,1.2780074841478202,35.38828596399725,34.35077364472555,1.0375123192716964,0.0727054299830781,-0.04844036345985633,-0.06731347513942365,17.644375286073867,7.791037622736981,183.14446738962937,0.0,1.4920101408479145,3.846717564934492,-0.20552330294380758,2,one_per_bay,True,36+36+24+8,4,104,24,36,8,A40-12L-V4-kv410-direct,MJ-20x10EL,11.000014574899494,2.033778787851643,17.701040159843615,0.32355921629978396,8.83283538778417,11.482686004119422,11.673030249709832,105.55478720792142,107.01659069216971,18.88220088014857,0.006902545699828945,0.1061222209662042,0.006902545699828945,-0.09921967526637526,7.916666666666667,0.006902545699828945,0.006902545699828945,0.1061222209662042,-145.71213796720718,-283.57926819014983,66.31866071074926,0.0,2348.331906242122,2427.8111108755643,14.083333333333334,False,"SOC floor violated (min 0.007, unmet 66 Wh); morning depletion (0.106122 -> 0.006903, -145.712 Wh); FLAG MJ-20x10EL: shaft power table 44.0 W vs similarity 37.3 W (15%) at 2358 rpm, 11.48 m/s",2.174238772129789,0.0,1.0941176098850895,True,1955.503735674039
5.324578278693204,0.44413651719714875,1.8695403458687716,2.081527027517765,0.28170859618779986,0.7211827761189453,0.8837033841641777,4.75375770995969,0.3027591560116737,1.4644967132226716,0.32030360644803946,2.4625027859895914,1.888771451105849,1.888771451105849,0.20109449128561474,0.6891564274984419,0.03,1.8568481803295525,0.7654409590170497,37.33896435601152,33.23646092021969,4.102503435791832,0.07270542998307808,-0.05684518458961225,-0.07830846534401009,21.426071724523027,15.656805586308916,211.3465513760564,0.0,1.0231178115940591,2.6316642670421535,1.2072076504314189,2,one_per_bay,True,42+32+32+14,4,120,42,32,14,A40-12L-V4-kv410-direct,17x12E,11.78992432521507,2.3400995265782405,12.115353865904718,0.40848523316331137,9.484119432021949,12.329355261628534,12.533734430844598,116.24049543114451,120.83241029624357,13.329330654527464,0.007457249683482038,0.021016759173462192,0.007457249683482038,-0.013559509489980155,7.916666666666667,0.007457249683482038,0.007457249683482038,0.021016759173462192,-19.913239105724234,-282.7646404141566,122.60710614495858,0.0,2709.61373797168,2716.0736985705453,13.916666666666668,False,"SOC floor violated (min 0.007, unmet 123 Wh); morning depletion (0.021017 -> 0.007457, -19.913 Wh); FLAG 17x12E: (12.53 m/s, 2667 rpm) not on the map; used C_T(J) similarity",2.2640687849208505,0.0,1.1441365171971487,True,2432.173320256084
6.0,0.3941176098850896,1.7847348780555805,1.998765297356634,0.2884937300187901,0.4206787310437893,0.4155665845866705,0.0,0.5645314849990523,3.0,0.16579689600847067,1.5506051297749428,1.04,1.04,0.20301218771868176,0.5222704984322105,0.030000000000000002,1.6819925158521798,1.2780074841478202,35.5071196104679,34.46612333121344,1.0409962792544634,0.0727054299830781,-0.04844036345985633,-0.06730813072258404,17.71041513600767,7.811254011697306,183.4318712228799,0.0,1.4899597960796775,3.8469316553575466,-0.20523356146872865,2,one_per_bay,True,36+36+24+8,4,104,24,36,8,A40-12L-V4-kv410-direct,MJ-20x10E,11.074014574899493,2.033778787851643,17.701040159843615,0.3235592239644619,8.862495994654854,11.52124479305131,11.712228213446945,107.19291443022533,108.87824149525184,18.90785538096366,0.004280264018968991,0.09022906822708962,0.004280264018968991,-0.08594880420812064,8.0,0.004280264018968991,0.004280264018968991,0.09022906822708962,-126.22278780158797,-287.43030145592627,127.1837451036328,0.0,2348.3319062421215,2469.3427730536046,14.083333333333334,False,"SOC floor violated (min 0.004, unmet 127 Wh); morning depletion (0.090229 -> 0.004280, -126.223 Wh)",2.174238772129789,0.0,1.0941176098850895,True,2553.5059902254798
6.0,0.3941176098850896,1.7847348780555805,1.998765297356634,0.2884937300187901,0.4206787310437893,0.4155665845866705,0.0,0.5645314849990523,3.0,0.16579689600847067,1.5506051297749428,1.04,1.04,0.20301218771868176,0.5222704984322105,0.030000000000000002,1.6819925158521798,1.2780074841478202,35.62711468589889,34.58260039593494,1.0445142899639464,0.0727054299830781,-0.04844036345985633,-0.0673017862547239,17.777325076959006,7.831759588374413,215.79406893763925,0.0,1.4879029247426632,3.847147112390575,-0.20494197047214105,2,one_per_bay,True,36+36+24+8,4,104,24,36,8,A40-12L-V4-kv410-direct,22x12E,11.148989542822079,2.033778787851643,17.701040159843615,0.32355923167775236,8.892446491542579,11.560180439005352,11.751809281225901,108.95385713734032,109.23352747715929,22.387888632980122,0.007455656614752919,0.07317849455735514,0.007455656614752919,-0.06572283794260222,8.0,0.007455656614752919,0.007455656614752919,0.07317849455735514,-96.51931639746347,-282.7669799647531,185.13826635422913,0.0,2348.3319062421215,2497.6426629710672,14.166666666666668,False,"SOC floor violated (min 0.007, unmet 185 Wh); morning depletion (0.073178 -> 0.007456, -96.519 Wh); FLAG 22x12E: shaft power table 42.4 W vs similarity 35.9 W (15%) at 2104 rpm, 11.75 m/s",2.174238772129789,0.0,1.0941176098850895,True,3109.649843870141
6.0,0.3891176098850896,1.7847348780555805,1.998765297356634,0.2884937300187901,0.4206787310437893,0.4155665845866705,0.0,0.5645314849990523,3.0,0.16369350235325172,1.5506051297749428,1.04,1.04,0.20301218771868176,0.5357786503326293,0.030000000000000002,1.6607843127928197,1.2992156872071803,35.98343826477428,34.93396970578808,1.0494685589862012,0.0727054299830781,-0.04844036345985635,-0.06733189706925527,16.972366086564442,7.776711019079389,193.8144460997606,0.0,1.478130632422915,3.8348639919797782,-0.18115215345622548,2,one_per_bay,True,28+28+16+8,4,80,16,28,8,A40-12L-V4-kv410-direct,MJ-20x13E,10.86000738087795,2.0079771142288303,17.928491188917715,0.33270392636906143,8.832650458403526,11.482445595924585,11.672785856357129,93.49583472248369,94.08703086312484,20.062229231900155,0.005414517086639442,0.19247731503228782,0.005414517086639442,-0.18706279794564837,8.166666666666666,0.005414517086639442,0.005414517086639442,0.19247731503228782,-274.71688603707213,-285.7645588595873,175.88198688154168,0.0,1806.4091586477853,2129.4671303306463,14.583333333333332,False,"SOC floor violated (min 0.005, unmet 176 Wh); morning depletion (0.192477 -> 0.005415, -274.717 Wh); FLAG MJ-20x13E: thrust table 2.08 N vs similarity 2.77 N (25%) at 2070 rpm, 11.48 m/s; FLAG MJ-20x13E: thrust table 2.09 N vs similarity 2.72 N (23%) at 2098 rpm, 11.67 m/s",2.1731843621193727,0.0,1.0891176098850894,True,3140.4681486744257
6.0,0.3941176098850896,1.7847348780555805,1.998765297356634,0.2884937300187901,0.4206787310437893,0.4155665845866705,0.0,0.5645314849990523,3.0,0.16579689600847067,1.5506051297749428,1.04,1.04,0.20301218771868176,0.5222704984322105,0.030000000000000002,1.6819925158521798,1.2780074841478202,35.45982737468461,34.42021760726293,1.0396097674216782,0.0727054299830781,-0.04844036345985633,-0.06731037019047917,17.68410673028433,7.803197656660102,94.37357386709591,0.0,1.4907741712707374,3.846846539733161,-0.20534875357473306,2,one_per_bay,True,36+36+24+8,4,104,24,36,8,A40-12L-V4-kv410-direct,16x8E,11.04453507085037,2.033778787851643,17.701040159843615,0.3235592209172632,8.850691960568007,11.505899548738409,11.696628596685725,108.8480411661688,110.40770525856304,9.440225768182556,0.007687414933521114,0.07415361495691782,0.007687414933521114,-0.0664662000233967,8.0,0.007687414933521114,0.007687414933521114,0.07415361495691782,-97.61100388571131,-282.42662408242694,193.93557852588347,0.0,2348.3319062421215,2507.6896848965775,14.166666666666668,False,"SOC floor violated (min 0.008, unmet 194 Wh); morning depletion (0.074154 -> 0.007687, -97.611 Wh)",2.174238772129789,0.0,1.0941176098850895,True,3198.1345693487106
6.0,0.3941176098850896,1.7847348780555805,1.998765297356634,0.2884937300187901,0.4206787310437893,0.4155665845866705,0.0,0.5645314849990523,3.0,0.16579689600847067,1.5506051297749428,1.04,1.04,0.20301218771868176,0.5222704984322105,0.030000000000000002,1.6819925158521798,1.2780074841478202,35.63194767344727,34.58729169015222,1.0446559832950515,0.0727054299830781,-0.04844036345985633,-0.06730151093775484,17.780024707559512,7.832587404647322,219.2678757845486,0.0,1.4878203641245416,3.8471557750466934,-0.2049302467771493,2,one_per_bay,True,36+36+24+8,4,104,24,36,8,A40-12L-V4-kv410-direct,MJ-22x12EW,11.152014574899493,2.033778787851643,17.701040159843615,0.3235592319878704,8.893652794201303,11.561748632461695,11.75340347004607,110.24644088071977,111.24667885061169,22.793622521143945,0.008914061055887374,0.06054307097714353,0.008914061055887374,-0.05162900992125616,8.0,0.008914061055887374,0.008914061055887374,0.06054307097714353,-75.82138720530423,-280.62519479393836,243.60066146498593,0.0,2348.3319062421215,2535.666901343713,14.25,False,"SOC floor violated (min 0.009, unmet 244 Wh); morning depletion (0.060543 -> 0.008914, -75.821 Wh); FLAG MJ-22x12EW: thrust table 2.13 N vs similarity 2.66 N (20%) at 2008 rpm, 11.56 m/s; FLAG MJ-22x12EW: thrust table 2.14 N vs similarity 2.61 N (18%) at 2036 rpm, 11.75 m/s",2.174238772129789,0.0,1.0941176098850895,True,3678.721562515228
6.0,0.3941176098850896,1.7847348780555805,1.998765297356634,0.2884937300187901,0.4206787310437893,0.4155665845866705,0.0,0.5645314849990523,3.0,0.16579689600847067,1.5506051297749428,1.04,1.04,0.20301218771868176,0.5222704984322105,0.030000000000000002,1.6819925158521798,1.2780074841478202,35.76609528154366,34.71750636416578,1.048588917377884,0.0727054299830781,-0.04844036345985633,-0.067293263194089,17.855103590735496,7.855624037638983,264.75615561117786,0.0,1.4855374590232835,3.847395753714327,-0.20460546916637085,2,one_per_bay,True,36+36+24+8,4,104,24,36,8,A40-12L-V4-kv410-direct,26x15E,11.23614313304419,2.033778787851643,17.701040159843615,0.3235592405786391,8.927135730933133,11.605276450213072,11.79765283235846,110.34356911102121,112.22848682298016,27.69250287437844,0.007039696010260308,0.0595914335965366,0.007039696010260308,-0.05255173758627629,8.0,0.007039696010260308,0.007039696010260308,0.0595914335965366,-77.17648759714292,-283.377851838986,253.0954376010004,0.0,2348.3319062421215,2546.6236063561055,14.25,False,"SOC floor violated (min 0.007, unmet 253 Wh); morning depletion (0.059591 -> 0.007040, -77.176 Wh); FLAG 26x15E: (11.61 m/s, 1640 rpm) not on the map; used C_T(J) similarity; FLAG 26x15E: (11.80 m/s, 1668 rpm) not on the map; used C_T(J) similarity",2.174238772129789,0.0,1.0941176098850895,True,3776.46641658602
6.0,0.3941176098850896,1.7847348780555805,1.998765297356634,0.2884937300187901,0.4206787310437893,0.4155665845866705,0.0,0.5645314849990523,3.0,0.16579689600847067,1.5506051297749428,1.04,1.04,0.20301218771868176,0.5222704984322105,0.030000000000000002,1.6819925158521798,1.2780074841478202,35.56581122642972,34.523094228781034,1.0427169976486887,0.0727054299830781,-0.04844036345985633,-0.06730514579821875,17.743113713108954,7.821272160518964,173.899011568111,0.0,1.4889520551953108,3.8470371298494905,-0.20509081647855232,2,one_per_bay,True,36+36+24+8,4,104,24,36,8,A40-12L-V4-kv410-direct,20x10E,11.110654493190054,2.033778787851643,17.701040159843615,0.32355922774045304,8.877145288010322,11.540288874413418,11.731587981513238,110.4345672315687,112.40893922604803,17.88647552683821,0.004257789380638609,0.05869983802964938,0.004257789380638609,-0.05444204864901077,8.0,0.004257789380638609,0.004257789380638609,0.05869983802964938,-79.95256266123305,-287.4633072845824,253.38359831606758,0.0,2348.3319062421215,2549.679740503818,14.25,False,"SOC floor violated (min 0.004, unmet 253 Wh); morning depletion (0.058700 -> 0.004258, -79.953 Wh); FLAG 20x10E: (11.54 m/s, 2502 rpm) not on the map; used C_T(J) similarity; FLAG 20x10E: (11.73 m/s, 2545 rpm) not on the map; used C_T(J) similarity",2.174238772129789,0.0,1.0941176098850895,True,3784.020241429048
6.0,0.3941176098850896,1.7847348780555805,1.998765297356634,0.2884937300187901,0.4206787310437893,0.4155665845866705,0.0,0.5645314849990523,3.0,0.16579689600847067,1.5506051297749428,1.04,1.04,0.20301218771868176,0.5222704984322105,0.030000000000000002,1.6819925158521798,1.2780074841478202,35.40436787306892,34.366384065045374,1.0379838080235462,0.0727054299830781,-0.04844036345985633,-0.06731280694837324,17.653299590118976,7.79376823588209,200.3251564379818,0.0,1.4917318824147319,3.8467465800910055,-0.20548403498390855,2,one_per_bay,True,36+36+24+8,4,104,24,36,8,A40-12L-V4-kv410-direct,MJ-21x10EL,11.010014574899493,2.033778787851643,17.701040159843615,0.32355921733858445,8.836849395574655,11.487904214247052,11.678334960179779,111.62376954896092,113.18061148539185,20.726486191845705,0.0038985758012370173,0.0470466612762936,0.0038985758012370173,-0.04314808547505659,8.0,0.0038985758012370173,0.0038985758012370173,0.0470466612762936,-63.36646201353749,-294.3573288374631,294.3573288374631,0.0,2348.3319062421215,2574.149678055272,14.25,False,"SOC floor violated (min 0.004, unmet 294 Wh); morning depletion (0.047047 -> 0.003899, -63.366 Wh)",2.174238772129789,0.0,1.0941176098850895,True,4182.82279704845
6.0,0.3941176098850896,1.7847348780555805,1.998765297356634,0.2884937300187901,0.4206787310437893,0.4155665845866705,0.0,0.5645314849990523,3.0,0.16579689600847067,1.5506051297749428,1.04,1.04,0.20301218771868176,0.5222704984322105,0.030000000000000002,1.6819925158521798,1.2780074841478202,35.36253969717849,34.325782205903465,1.0367574912750286,0.0727054299830781,-0.04844036345985633,-0.06731450880357595,17.630096399601694,7.786669516865767,142.69003991978272,0.0,1.4924561291195102,3.8466710857741804,-0.20558620599246422,2,one_per_bay,True,36+36+24+8,4,104,24,36,8,A40-12L-V4-kv410-direct,MJ-18x8EL,10.984014574899494,2.033778787851643,17.701040159843615,0.32355921463573495,8.826409178363024,11.474331931871932,11.664537695091669,113.03594298653269,115.21370912693794,14.563239703291671,0.004857491077982537,0.033091032026727814,0.004857491077982537,-0.028233540948745278,8.083333333333334,0.004857491077982537,0.004857491077982537,0.033091032026727814,-41.46324408925531,-355.94476243513344,355.94476243513344,0.0,2348.3319062421215,2614.095851545738,14.25,False,"SOC floor violated (min 0.005, unmet 356 Wh); morning depletion (0.033091 -> 0.004857, -41.463 Wh)",2.174238772129789,0.0,1.0941176098850895,True,4782.823673222097
6.0,0.3941176098850896,1.7847348780555805,1.998765297356634,0.2884937300187901,0.4206787310437893,0.4155665845866705,0.0,0.5645314849990523,3.0,0.16579689600847067,1.5506051297749428,1.04,1.04,0.20301218771868176,0.5222704984322105,0.030000000000000002,1.6819925158521798,1.2780074841478202,35.48422983545126,34.44390463768374,1.0403251977675192,0.0727054299830781,-0.04844036345985633,-0.06730923316013909,17.69767730396512,7.807352892179065,108.55737055068347,0.0,1.490353695657306,3.8468904729617144,-0.20528929608786484,2,one_per_bay,True,36+36+24+8,4,104,24,36,8,A40-12L-V4-kv410-direct,17x8E,11.059741381182462,2.033778787851643,17.701040159843615,0.3235592224901044,8.856782759066355,11.513817586786262,11.704677889126343,113.41621590297262,114.66969972324998,10.93548978693512,0.008525739616922802,0.029420652641270237,0.008525739616922802,-0.020894913024347435,8.083333333333334,0.008525739616922802,0.008525739616922802,0.029420652641270237,-30.685873958391316,-366.87187130916675,366.87187130916675,0.0,2348.3319062421215,2614.2106489190514,14.25,False,"SOC floor violated (min 0.009, unmet 367 Wh); morning depletion (0.029421 -> 0.008526, -30.686 Wh)",2.174238772129789,0.0,1.0941176098850895,True,4881.087885499092
5.148278735002044,0.44911941436995856,0.873772647008358,1.849927084371547,0.36549121825217423,0.449197952686433,0.6158167852636812,2.386669810786145,0.6691127015416387,1.997662483879286,0.20174352144671512,1.9048095279972452,1.663848318315745,1.663848318315745,0.31538517045806996,0.5000000000000001,0.030000000000000002,1.7987202146328634,0.7354191528681584,39.02510316203402,32.414866867696084,6.610236294337938,0.0727054299830781,-0.052250373777216204,-0.07185828253424188,17.180610440553032,18.01670806061508,348.0895037108547,0.0,0.963640636172869,3.4433790448416977,0.9002263453203411,2,one_per_bay,True,36+30+30+12,4,108,36,30,12,A40-12L-V4-kv410-direct,20x13E,11.526460587852366,2.146615863770011,12.347236587884442,0.25327073591834737,9.25014711983802,12.025191255789426,12.224528410601684,117.61950441571688,118.73246502556749,19.396981546808252,0.008097329203466917,0.008097329203466917,0.009572522093612016,0.0014751928901450984,8.083333333333334,0.008097329203466917,0.009572522093612016,0.008097329203466917,2.1664403694124132,-409.7095026689858,409.7095026689858,0.0,2438.6523641745102,2713.7194719232334,14.25,False,"SOC floor violated (min 0.008, unmet 410 Wh); FLAG 20x13E: shaft power table 47.3 W vs similarity 39.2 W (17%) at 2180 rpm, 12.03 m/s; FLAG 20x13E: shaft power table 48.4 W vs similarity 39.5 W (19%) at 2212 rpm, 12.22 m/s",2.0277592352757234,0.0,1.1491194143699586,True,5288.99769748639
6.0,0.3941176098850896,1.7847348780555805,1.998765297356634,0.2884937300187901,0.4206787310437893,0.4155665845866705,0.0,0.5645314849990523,3.0,0.16579689600847067,1.5506051297749428,1.04,1.04,0.20301218771868176,0.5222704984322105,0.030000000000000002,1.6819925158521798,1.2780074841478202,35.51003214729162,34.46895047840178,1.0410816688898363,0.0727054299830781,-0.04844036345985633,-0.06730798795908555,17.712036510131888,7.811750637554062,141.5646770107999,0.0,1.489909711025776,3.8469368935768395,-0.2052264722707914,2,one_per_bay,True,36+36+24+8,4,104,24,36,8,A40-12L-V4-kv410-direct,MJ-18x8E,11.07583138225615,2.033778787851643,17.701040159843615,0.32355922415199595,8.863222957196946,11.52218984435603,11.713188930518157,115.88141182649493,118.13111506449887,14.445228840181656,0.007728593843248331,0.008887837770022538,0.007728593843248331,-0.0011592439267742068,8.083333333333334,0.007728593843248331,0.007728593843248331,0.008887837770022538,-1.7024436992187422,-463.950122875358,463.950122875358,0.0,2348.3319062421215,2682.713539866744,14.416666666666666,False,"SOC floor violated (min 0.008, unmet 464 Wh); morning depletion (0.008888 -> 0.007729, -1.702 Wh)",2.174238772129789,0.0,1.0941176098850895,True,5832.931877837105
6.0,0.3941176098850896,1.7847348780555805,1.998765297356634,0.2884937300187901,0.4206787310437893,0.4155665845866705,0.0,0.5645314849990523,3.0,0.16579689600847067,1.5506051297749428,1.04,1.04,0.20301218771868176,0.5222704984322105,0.030000000000000002,1.6819925158521798,1.2780074841478202,35.82949706143619,34.77904933327078,1.0504477281654192,0.0727054299830781,-0.04844036345985633,-0.06728896095918047,17.890686077718854,7.8665514511623345,254.40265630657527,0.0,1.4844643189291744,3.847508861051503,-0.20445239417986646,2,one_per_bay,True,36+36+24+8,4,104,24,36,8,A40-12L-V4-kv410-direct,MJ-26x15E,11.276014574899493,2.033778787851643,17.701040159843615,0.3235592446275319,8.942960670452752,11.625848871588579,11.818566275166171,115.73723485206052,120.52515657460786,26.622463384956372,0.006433614397372923,0.008862515645344673,0.006433614397372923,-0.0024289012479717506,8.166666666666666,0.006433614397372923,0.006433614397372923,0.008862515645344673,-3.5670384205855403,-482.6449652640477,482.6449652640477,0.0,2348.3319062421215,2703.5778862905304,14.416666666666666,False,"SOC floor violated (min 0.006, unmet 483 Wh); morning depletion (0.008863 -> 0.006434, -3.567 Wh); FLAG MJ-26x15E: thrust table 2.15 N vs similarity 2.94 N (27%) at 1597 rpm, 11.63 m/s; FLAG MJ-26x15E: thrust table 2.16 N vs similarity 3.30 N (34%) at 1649 rpm, 11.82 m/s; FLAG MJ-26x15E: shaft power table 43.3 W vs similarity 53.0 W (18%) at 1649 rpm, 11.82 m/s",2.174238772129789,0.0,1.0941176098850895,True,6022.444938491076
6.0,0.3941176098850896,1.7847348780555805,1.998765297356634,0.2884937300187901,0.4206787310437893,0.4155665845866705,0.0,0.5645314849990523,3.0,0.16579689600847067,1.5506051297749428,1.04,1.04,0.20301218771868176,0.5222704984322105,0.030000000000000002,1.6819925158521798,1.2780074841478202,35.729319075151395,34.681808361087086,1.0475107140643112,0.0727054299830781,-0.04844036345985633,-0.06729564024156917,17.834492846310077,7.849297247755692,253.0424839408884,0.0,1.486161643314108,3.847330053879159,-0.20469438471833354,2,one_per_bay,True,36+36+24+8,4,104,24,36,8,A40-12L-V4-kv410-direct,25x125E,11.21304806106856,2.033778787851643,17.701040159843615,0.3235592382267573,8.917956473774973,11.593343415907466,11.785521988549773,117.83727568971653,119.87430463159136,26.410941612865138,0.004526276927223935,0.00954057717859793,0.004526276927223935,-0.005014300251373995,8.166666666666666,0.004526276927223935,0.004526276927223935,0.00954057717859793,-7.363906484027957,-503.08570816769065,503.08570816769065,0.0,2348.3319062421215,2727.6161439128095,14.416666666666666,False,"SOC floor violated (min 0.005, unmet 503 Wh); morning depletion (0.009541 -> 0.004526, -7.364 Wh); FLAG 25x125E: (11.59 m/s, 1909 rpm) not on the map; used C_T(J) similarity; FLAG 25x125E: (11.79 m/s, 1942 rpm) not on the map; used C_T(J) similarity",2.174238772129789,0.0,1.0941176098850895,True,6231.345104001056
6.0,0.3941176098850896,1.7847348780555805,1.998765297356634,0.2884937300187901,0.4206787310437893,0.4155665845866705,0.0,0.5645314849990523,3.0,0.16579689600847067,1.5506051297749428,1.04,1.04,0.20301218771868176,0.5222704984322105,0.030000000000000002,1.6819925158521798,1.2780074841478202,35.45982737468461,34.42021760726293,1.0396097674216782,0.0727054299830781,-0.04844036345985633,-0.06731037019047917,17.68410673028433,7.803197656660102,85.6112407428102,0.0,1.4907741712707374,3.846846539733161,-0.20534875357473306,2,one_per_bay,True,36+36+24+8,4,104,24,36,8,A40-12L-V4-kv410-direct,16x7E(3D),11.04453507085037,2.033778787851643,17.701040159843615,0.3235592209172632,8.850691960568007,11.505899548738409,11.696628596685725,117.8696433502353,120.24426846689231,8.509378740718276,0.008367019099831528,0.009226634861895677,0.008367019099831528,-0.000859615762064149,8.166666666666666,0.008367019099831528,0.008367019099831528,0.009226634861895677,-1.2624154451665053,-513.1062416791655,513.1062416791655,0.0,2348.3319062421215,2731.6282644402813,14.416666666666666,False,"SOC floor violated (min 0.008, unmet 513 Wh); morning depletion (0.009227 -> 0.008367, -1.262 Wh)",2.174238772129789,0.0,1.0941176098850895,True,6323.555012453888
6.0,0.3941176098850896,1.7847348780555805,1.998765297356634,0.2884937300187901,0.4206787310437893,0.4155665845866705,0.0,0.5645314849990523,3.0,0.16579689600847067,1.5506051297749428,1.04,1.04,0.20301218771868176,0.5222704984322105,0.030000000000000002,1.6819925158521798,1.2780074841478202,35.51003214729162,34.46895047840178,1.0410816688898363,0.0727054299830781,-0.04844036345985633,-0.06730798795908555,17.712036510131888,7.811750637554062,124.88153573068087,0.0,1.489909711025776,3.8469368935768395,-0.2052264722707914,2,one_per_bay,True,36+36+24+8,4,104,24,36,8,A40-12L-V4-kv410-direct,18x8E,11.07583138225615,2.033778787851643,17.701040159843615,0.32355922415199595,8.863222957196946,11.52218984435603,11.713188930518157,119.93361026554919,120.90220481282564,12.657806211768731,0.004093690571444733,0.008514515006024846,0.004093690571444733,-0.004420824434580113,8.166666666666666,0.004093690571444733,0.004093690571444733,0.008514515006024846,-6.49233912740532,-543.9051148453765,543.9051148453765,0.0,2348.3319062421215,2767.6082945723065,14.5,False,"SOC floor violated (min 0.004, unmet 544 Wh); morning depletion (0.008515 -> 0.004094, -6.492 Wh)",2.174238772129789,0.0,1.0941176098850895,True,6639.3782813169
5.6697608106152355,0.3618581147071241,1.3777219233604014,2.50874311759136,0.28430395525530106,0.5401310647555433,0.28744558293038974,0.871700296929125,0.15377782530152656,1.1913437056529972,0.19545080878719245,1.4509538550819634,1.7853513758465307,1.7853513758465307,0.2018237288093024,0.8256130395039672,0.03,1.8444761178266043,0.9504042874810135,35.3850790901164,31.057345600507126,4.327733489609273,0.07270542998307808,-0.06434107299202811,-0.08787199348218185,19.466887907255142,12.1638269014421,252.86380607259352,0.0,1.131479870196234,3.2455463583930273,0.7187794520945774,2,one_per_bay,True,26+21+21+13,4,81,26,21,13,A40-12L-V4-kv410-direct,19x12E,10.863520841996342,1.8213534689554485,17.649615078848075,0.5599471970998485,9.646073421317531,12.53989544771279,12.74776466384578,103.48501411182374,109.71268398192234,19.079116070740675,0.007388083234061022,0.09252408159720578,0.007388083234061022,-0.08513599836314475,8.5,0.007388083234061022,0.007388083234061022,0.09252408159720578,-125.02911651506427,-592.2776697669912,592.2776697669912,0.0,1828.989273130883,2420.2083400038377,14.916666666666668,False,"SOC floor violated (min 0.007, unmet 592 Wh); morning depletion (0.092524 -> 0.007388, -125.029 Wh); FLAG 19x12E: thrust table 2.19 N vs similarity 1.80 N (18%) at 2343 rpm, 12.54 m/s; FLAG 19x12E: shaft power table 42.9 W vs similarity 31.6 W (26%) at 2343 rpm, 12.54 m/s; FLAG 19x12E: (12.75 m/s, 2447 rpm) not on the map; used C_T(J) similarity",2.6529756751758513,0.0,1.061858114707124,True,7200.5246117989955
6.0,0.3941176098850896,1.7847348780555805,1.998765297356634,0.2884937300187901,0.4206787310437893,0.4155665845866705,0.0,0.5645314849990523,3.0,0.16579689600847067,1.5506051297749428,1.04,1.04,0.20301218771868176,0.5222704984322105,0.030000000000000002,1.6819925158521798,1.2780074841478202,35.48422983545126,34.44390463768374,1.0403251977675192,0.0727054299830781,-0.04844036345985633,-0.06730923316013909,17.69767730396512,7.807352892179065,98.11788552856527,0.0,1.490353695657306,3.8468904729617144,-0.20528929608786484,2,one_per_bay,True,36+36+24+8,4,104,24,36,8,A40-12L-V4-kv410-direct,17x7E,11.059741381182462,2.033778787851643,17.701040159843615,0.3235592224901044,8.856782759066355,11.513817586786262,11.704677889126343,121.82667921015391,125.10705408467601,9.82448630206686,0.007161504182359693,0.008343490059778793,0.007161504182359693,-0.0011819858774191,8.25,0.007161504182359693,0.007161504182359693,0.008343490059778793,-1.735842097682712,-615.27611636261,615.27611636261,0.0,2348.331906242122,2834.730497778761,14.583333333333332,False,"SOC floor violated (min 0.007, unmet 615 Wh); morning depletion (0.008343 -> 0.007162, -1.736 Wh); FLAG 17x7E: (11.70 m/s, 3566 rpm) not on the map; used C_T(J) similarity",2.174238772129789,0.0,1.0941176098850895,True,7346.78164432116
6.0,0.3941176098850896,1.7847348780555805,1.998765297356634,0.2884937300187901,0.4206787310437893,0.4155665845866705,0.0,0.5645314849990523,3.0,0.16579689600847067,1.5506051297749428,1.04,1.04,0.20301218771868176,0.5222704984322105,0.030000000000000002,1.6819925158521798,1.2780074841478202,35.76609528154366,34.71750636416578,1.048588917377884,0.0727054299830781,-0.04844036345985633,-0.067293263194089,17.855103590735496,7.855624037638983,262.0369518334353,0.0,1.4855374590232835,3.847395753714327,-0.20460546916637085,2,one_per_bay,True,36+36+24+8,4,104,24,36,8,A40-12L-V4-kv410-direct,26x13E,11.23614313304419,2.033778787851643,17.701040159843615,0.3235592405786391,8.927135730933133,11.605276450213072,11.79765283235846,122.22243358300548,124.32308139582071,27.391957681047998,0.004817563457053133,0.004817563457053133,0.0062402928734003795,0.0014227294163472468,8.166666666666666,0.004817563457053133,0.0062402928734003795,0.004817563457053133,2.0893935043450953,-617.6048598828897,617.6048598828897,0.0,2348.3319062421215,2833.1195062294755,14.583333333333332,False,"SOC floor violated (min 0.005, unmet 618 Wh); FLAG 26x13E: (11.61 m/s, 1824 rpm) not on the map; used C_T(J) similarity; FLAG 26x13E: (11.80 m/s, 1855 rpm) not on the map; used C_T(J) similarity",2.174238772129789,0.0,1.0941176098850895,True,7371.231035371844
6.0,0.3941176098850896,1.7847348780555805,1.998765297356634,0.2884937300187901,0.4206787310437893,0.4155665845866705,0.0,0.5645314849990523,3.0,0.16579689600847067,1.5506051297749428,1.04,1.04,0.20301218771868176,0.5222704984322105,0.030000000000000002,1.6819925158521798,1.2780074841478202,35.62711468589889,34.58260039593494,1.0445142899639464,0.0727054299830781,-0.04844036345985633,-0.0673017862547239,17.777325076959006,7.831759588374413,204.41464762193084,0.0,1.4879029247426632,3.847147112390575,-0.20494197047214105,2,one_per_bay,True,36+36+24+8,4,104,24,36,8,A40-12L-V4-kv410-direct,22x10E,11.148989542822079,2.033778787851643,17.701040159843615,0.32355923167775236,8.892446491542579,11.560180439005352,11.751809281225901,122.56257703573965,124.73232557749999,21.132468538944554,0.004766779348152108,0.007940204117257096,0.004766779348152108,-0.0031734247691049874,8.25,0.004766779348152108,0.004766779348152108,0.007940204117257096,-4.660431578141682,-619.660275940525,619.660275940525,0.0,2348.331906242122,2841.9336476260055,14.583333333333332,False,"SOC floor violated (min 0.005, unmet 620 Wh); morning depletion (0.007940 -> 0.004767, -4.660 Wh); FLAG 22x10E: (11.56 m/s, 2381 rpm) not on the map; used C_T(J) similarity; FLAG 22x10E: (11.75 m/s, 2421 rpm) not on the map; used C_T(J) similarity",2.174238772129789,0.0,1.0941176098850895,True,7395.009403826202
6.0,0.3941176098850896,1.7847348780555805,1.998765297356634,0.2884937300187901,0.4206787310437893,0.4155665845866705,0.0,0.5645314849990523,3.0,0.16579689600847067,1.5506051297749428,1.04,1.04,0.20301218771868176,0.5222704984322105,0.030000000000000002,1.6819925158521798,1.2780074841478202,35.6938927162228,34.64742063069938,1.0464720855234217,0.0727054299830781,-0.04844036345985633,-0.0672978473981299,17.814658656876674,7.843210785956153,241.00552017895146,0.0,1.4867641072941056,3.8472667015364506,-0.20478012326639097,2,one_per_bay,True,36+36+24+8,4,104,24,36,8,A40-12L-V4-kv410-direct,24x12E,11.190823146573099,2.033778787851643,17.701040159843615,0.3235592359588726,8.909114135462142,11.581848376100785,11.77383639971308,124.03337909156517,123.82750933948572,25.083939449390826,0.007954703417786268,0.007954703417786268,0.008928441254101385,0.0009737378363151167,8.166666666666666,0.007954703417786268,0.008928441254101385,0.007954703417786268,1.4300129643452069,-638.8066478585434,638.8066478585434,0.0,2348.3319062421215,2854.862491365478,14.583333333333332,False,"SOC floor violated (min 0.008, unmet 639 Wh)",2.174238772129789,0.0,1.0941176098850895,True,7580.111775167648
6.0,0.3941176098850896,1.7847348780555805,1.998765297356634,0.2884937300187901,0.4206787310437893,0.4155665845866705,0.0,0.5645314849990523,3.0,0.16579689600847067,1.5506051297749428,1.04,1.04,0.20301218771868176,0.5222704984322105,0.030000000000000002,1.6819925158521798,1.2780074841478202,35.381851153675726,34.34452748990962,1.0373236637660992,0.0727054299830781,-0.04844036345985633,-0.06731373765071391,17.640805564455825,7.789945495111851,170.53196283692097,0.0,1.4921215484343928,3.846705951485551,-0.20553902012415284,2,one_per_bay,True,36+36+24+8,4,104,24,36,8,A40-12L-V4-kv410-direct,MJ-20x8EL,10.996014574899494,2.033778787851643,17.701040159843615,0.32355921588399983,8.831229273818114,11.480598055963547,11.670907690408411,124.6210674103275,127.4501837622319,17.53666641659168,0.005466191193205412,0.009472363191174185,0.005466191193205412,-0.004006171997968773,8.25,0.005466191193205412,0.005466191193205412,0.009472363191174185,-5.8833884037737345,-673.5423024775639,673.5423024775639,0.0,2348.331906242122,2897.310703798965,14.666666666666668,False,"SOC floor violated (min 0.005, unmet 674 Wh); morning depletion (0.009472 -> 0.005466, -5.883 Wh); FLAG MJ-20x8EL: thrust table 2.11 N vs similarity 0.00 N (100%) at 2632 rpm, 11.48 m/s; FLAG MJ-20x8EL: thrust table 2.12 N vs similarity 0.00 N (100%) at 2686 rpm, 11.67 m/s",2.174238772129789,0.0,1.0941176098850895,True,7933.963004580403
5.077794481714691,0.4878343585554026,1.2619507855356276,2.953672852603833,0.3045515718407795,0.5288649326704895,0.13339438739868192,0.36174904175204664,0.7934244798729766,2.1593913463838756,0.25799848519175445,0.9468308722781313,1.4035363291503264,1.4035363291503264,0.2561779228937918,0.5,0.029999999999999995,1.5648942341487018,0.9340030067086438,37.85631499700952,34.54207652341817,3.3142384735913493,0.07270542998307807,-0.08458320065974369,-0.1106012039506277,17.637425696927245,10.295150522375055,200.2462389228969,0.0,1.152272778516073,3.8657512290342213,0.8102483522341115,2,one_per_bay,True,30+29+29+10,4,98,30,29,10,A40-12L-V4-kv410-direct,MJ-20x11E,11.52148948772488,2.111208649588154,12.212907901624032,0.2720511036726056,9.077346963428022,11.800551052456429,11.99616442957265,120.8373464004497,122.65137046617167,18.776753945955875,0.006145526825112075,0.006145526825112075,0.008765837826736855,0.0026203110016247795,8.333333333333334,0.006145526825112075,0.008765837826736855,0.006145526825112075,3.848139163534769,-716.9786364507383,716.9786364507383,0.0,2212.8512193435367,2796.876036218708,14.75,False,"SOC floor violated (min 0.006, unmet 717 Wh)",3.0820580809414366,0.0,1.1878343585554025,True,8363.640837682271
6.0,0.3941176098850896,1.7847348780555805,1.998765297356634,0.2884937300187901,0.4206787310437893,0.4155665845866705,0.0,0.5645314849990523,3.0,0.16579689600847067,1.5506051297749428,1.04,1.04,0.20301218771868176,0.5222704984322105,0.030000000000000002,1.6819925158521798,1.2780074841478202,35.53722802659565,34.495349030029644,1.0418789965660078,0.0727054299830781,-0.04844036345985633,-0.06730662785140559,17.727182546744068,7.816390508981844,141.063604439062,0.0,1.4894424265222348,3.8469857848439157,-0.20516030477091532,2,one_per_bay,True,36+36+24+8,4,104,24,36,8,A40-12L-V4-kv410-direct,19x8E,11.092803054820894,2.033778787851643,17.701040159843615,0.3235592259023084,8.87001098658506,11.531014282560578,11.72215964817615,127.79857063452383,128.55879355707097,14.361871689739187,0.0033678915045477643,0.0033678915045477643,0.0035319925652661996,0.00016410106071843532,8.25,0.0033678915045477643,0.0035319925652661996,0.0033678915045477643,0.24099571315643187,-736.5308050443318,736.5308050443318,0.0,2348.331906242122,2954.19775726214,14.75,False,"SOC floor violated (min 0.003, unmet 737 Wh)",2.174238772129789,0.0,1.0941176098850895,True,8561.94015893877
4.7793077418086325,0.43070995396180556,1.3134075136777192,2.3009288896327105,0.37548238563268405,0.937880910399946,0.26735712663556666,2.3119919870816252,0.395090847139982,1.3412638368758558,0.40395464374001705,1.1198838842779242,1.3130350657492302,1.3130350657492302,0.24874758168015493,0.49999999999999994,0.03,1.6605507870511071,0.6891030838532091,36.516050305249586,33.23817780957471,3.277872495674878,0.07270542998307808,-0.07000596459516753,-0.09519874581455612,14.320772013059797,12.374931624853449,265.66583519940656,0.0,1.0481174124430714,3.0920104137449886,0.27384133157536084,2,one_per_bay,True,33+33+30+10,4,106,30,33,10,A40-12L-V4-kv410-direct,MJ-21x13E,11.249022699948714,2.0245223275411917,11.282554003073688,0.28474188005210815,9.729864288164016,12.648823574613221,12.858498452081111,129.60808753474703,130.8427523164632,23.045635445711305,0.004394378465505949,0.004394378465505949,0.009204660813236138,0.004810282347730189,8.25,0.004394378465505949,0.009204660813236138,0.004394378465505949,7.064289650534842,-746.31986052971,746.31986052971,0.0,2393.492135208313,3002.014750064802,14.75,False,"SOC floor violated (min 0.004, unmet 746 Wh); FLAG MJ-21x13E: thrust table 2.61 N vs similarity 0.00 N (100%) at 2081 rpm, 12.65 m/s; FLAG MJ-21x13E: thrust table 2.61 N vs similarity 0.00 N (100%) at 2109 rpm, 12.86 m/s",2.4529957827355773,0.0,1.1307099539618055,True,8658.804226831593
5.541369350214904,0.30113525515929745,1.4201162723650327,1.628921476200601,0.2766348464022188,0.7147798043108571,0.8027983173889907,3.3081161839895588,0.3863971385060119,1.7150839134551092,0.21524539875386264,2.431432270292282,2.1007049469160446,2.1007049469160446,0.19968399600951903,1.2241609413619272,0.029999999999999995,2.0397735931187886,0.6909110819886632,37.01839965507536,30.06905150529843,6.9493481497769345,0.07270542998307807,-0.0427444657993216,-0.0597978401796292,18.896269359602194,22.750162593264214,581.462949962347,0.0,0.9646978678952455,2.6295565648603825,0.7375006750886377,2,one_per_bay,True,32+20+20+16,4,88,32,20,16,A40-12L-V4-kv410-direct,MJ-21x14EL,10.372087594962503,1.6395633328741017,18.728629544107427,0.8855173108101978,10.340455148969417,13.442591693660242,13.665424572116708,114.8945746008259,116.42101929598266,26.519777786159697,0.005114792371417415,0.009768771236444122,0.005114792371417415,-0.004653978865026707,8.416666666666666,0.005114792371417415,0.005114792371417415,0.009768771236444122,-6.8347453129294236,-784.1845124369562,784.1845124369562,0.0,1987.0500745125648,2651.080588951621,15.083333333333332,False,"SOC floor violated (min 0.005, unmet 784 Wh); morning depletion (0.009769 -> 0.005115, -6.835 Wh); FLAG MJ-21x14EL: thrust table 2.18 N vs similarity 0.00 N (100%) at 2053 rpm, 13.44 m/s; FLAG MJ-21x14EL: thrust table 2.19 N vs similarity 0.00 N (100%) at 2080 rpm, 13.67 m/s",1.8049645577289346,0.0,1.0011352551592974,True,9041.38430986317
5.721264174494738,0.34811652220715905,0.8423914991673023,1.8799175470945055,0.33155786554647804,0.7884951269708288,0.48425387237724277,3.6345523457212323,0.5440201037185669,2.030085901775543,0.2744881813783772,1.9212244895392319,2.078357141772362,2.078357141772362,0.21609117229352026,0.5833293120994129,0.029999999999999995,1.8852298193282104,0.9354022679191587,37.4135347148081,31.67522955359563,5.73830516121247,0.07270542998307807,-0.04777972469915184,-0.06625344920889813,20.697222142864927,18.47685236531026,404.2740123425675,0.0,1.0004002245467303,2.8476149710860432,0.8445027460191458,2,one_per_bay,True,30+20+20+15,4,85,30,20,15,A40-12L-V4-kv410-direct,MJ-20x11EW,10.972908315738167,1.9224995642723193,17.02620087029596,0.34984585429222426,9.727134007397574,12.645274209616845,12.85489025057189,112.6290278363588,114.53808707545836,21.45045051253502,0.0037036851268281677,0.009499871269114583,0.0037036851268281677,-0.005796186142286415,8.416666666666666,0.0037036851268281677,0.0037036851268281677,0.009499871269114583,-8.512169310986165,-798.6811068605923,798.6811068605923,0.0,1919.3097310632725,2600.1191129545914,15.083333333333332,False,"SOC floor violated (min 0.004, unmet 799 Wh); morning depletion (0.009500 -> 0.003704, -8.512 Wh)",2.0586420180300915,0.0,1.0481165222071591,True,9188.903568621381
6.0,0.3941176098850896,1.7847348780555805,1.998765297356634,0.2884937300187901,0.4206787310437893,0.4155665845866705,0.0,0.5645314849990523,3.0,0.16579689600847067,1.5506051297749428,1.04,1.04,0.20301218771868176,0.5222704984322105,0.030000000000000002,1.6819925158521798,1.2780074841478202,35.52314772164798,34.48168153088605,1.0414661907619298,0.0727054299830781,-0.04844036345985633,-0.06730733812650935,17.719339440052774,7.8139876873206076,235.98662290290784,0.0,1.4896842698722748,3.84696047671326,-0.20519455579029983,2,one_per_bay,True,36+36+24+8,4,104,24,36,8,A40-12L-V4-kv410-direct,MJ-24x10EL,11.084014574899493,2.033778787851643,17.701040159843615,0.3235592249962793,8.866496574614414,11.526445546998739,11.717515178372038,130.7242756523721,132.09490453549293,24.581149843668904,0.007665624123723303,0.008163763925979652,0.007665624123723303,-0.0004981398022563489,8.333333333333334,0.007665624123723303,0.007665624123723303,0.008163763925979652,-0.7315586893271449,-810.8170032699667,810.8170032699667,0.0,2348.331906242122,3029.8324946786174,14.916666666666668,False,"SOC floor violated (min 0.008, unmet 811 Wh); morning depletion (0.008164 -> 0.007666, -0.732 Wh); FLAG MJ-24x10EL: thrust table 2.12 N vs similarity 2.56 N (17%) at 2057 rpm, 11.53 m/s; FLAG MJ-24x10EL: thrust table 2.13 N vs similarity 2.51 N (15%) at 2086 rpm, 11.72 m/s",2.174238772129789,0.0,1.0941176098850895,True,9301.0025473782
4.931397085364628,0.41074026760147897,1.206072097415503,1.4316204855290218,0.26009271670404954,0.7356256581755799,0.9902996375452885,3.723091049159536,0.9162992745789182,2.3270673816265712,0.30215107969355176,2.449632104751305,1.6188532487773866,1.6188532487773866,0.21272133179578723,0.5,0.029999999999999995,1.8139308924385582,0.6117676502437557,36.093940812413805,32.133350735984706,3.9605900764291015,0.07270542998307807,-0.042213831565857104,-0.058151924936770495,15.160041870280963,23.200691798014894,636.5642867160227,0.0,0.9183001740253929,3.2119643866967578,0.22196241347843002,2,one_per_bay,True,36+31+31+12,4,110,36,31,12,A40-12L-V4-kv410-direct,MJ-26x15EL,11.078304322778132,2.023778717044319,12.016470481051208,0.3264100117383601,9.500254941192459,12.350331423550196,12.55505830685641,136.50029216648755,136.69723497631503,28.469017478155074,0.00427013822607932,0.00427013822607932,0.007845695409114067,0.003575557183034747,8.25,0.00427013822607932,0.007845695409114067,0.00427013822607932,5.250995633328394,-810.741923306114,810.741923306114,0.0,2483.8125931407053,3157.828732986613,14.75,False,"SOC floor violated (min 0.004, unmet 811 Wh); FLAG MJ-26x15EL: thrust table 2.52 N vs similarity 3.68 N (32%) at 1700 rpm, 12.35 m/s; FLAG MJ-26x15EL: shaft power table 47.4 W vs similarity 58.6 W (19%) at 1700 rpm, 12.35 m/s; FLAG MJ-26x15EL: thrust table 2.53 N vs similarity 3.58 N (29%) at 1722 rpm, 12.56 m/s; FLAG MJ-26x15EL: shaft power table 49.2 W vs similarity 58.1 W (15%) at 1722 rpm, 12.56 m/s",1.6295697334205461,0.0,1.110740267601479,True,9303.14909483506
6.0,0.3941176098850896,1.7847348780555805,1.998765297356634,0.2884937300187901,0.4206787310437893,0.4155665845866705,0.0,0.5645314849990523,3.0,0.16579689600847067,1.5506051297749428,1.04,1.04,0.20301218771868176,0.5222704984322105,0.030000000000000002,1.6819925158521798,1.2780074841478202,35.56581122642972,34.523094228781034,1.0427169976486887,0.0727054299830781,-0.04844036345985633,-0.06730514579821875,17.743113713108954,7.821272160518964,155.8496345219242,0.0,1.4889520551953108,3.8470371298494905,-0.20509081647855232,2,one_per_bay,True,36+36+24+8,4,104,24,36,8,A40-12L-V4-kv410-direct,20x8E,11.110654493190054,2.033778787851643,17.701040159843615,0.32355922774045304,8.877145288010322,11.540288874413418,11.731587981513238,131.01834062000137,133.35539711777525,15.93386651393722,0.0033718879588907355,0.005693722760047339,0.0033718879588907355,-0.0023218348011566038,8.333333333333334,0.0033718879588907355,0.0033718879588907355,0.005693722760047339,-3.409802662374242,-823.8671693369458,823.8671693369458,0.0,2348.331906242122,3045.668438068152,14.916666666666668,False,"SOC floor violated (min 0.003, unmet 824 Wh); morning depletion (0.005694 -> 0.003372, -3.410 Wh); FLAG 20x8E: (11.54 m/s, 2924 rpm) not on the map; used C_T(J) similarity; FLAG 20x8E: (11.73 m/s, 2974 rpm) not on the map; used C_T(J) similarity",2.174238772129789,0.0,1.0941176098850895,True,9437.621639211724
4.668471773718103,0.4228271104561194,1.6687051438891745,2.678454595325759,0.3268785755669775,0.6079445646837176,0.9718015439731721,1.3180405851836008,0.8159337683617714,2.0123867993423525,0.2570554436027197,2.2849294645955047,1.171370924179613,1.171370924179613,0.21458898677324317,0.5061962933997144,0.029999999999999995,1.714019274012879,0.5802166128461725,40.10117427420241,37.332820350453794,2.7683539237486112,0.07270542998307807,-0.08342695532170508,-0.11038114209989018,13.963381931473569,10.186806526508832,130.77389810287838,0.0,1.1336818016252304,3.283937480077896,0.20626686206705247,2,one_per_bay,True,34+34+27+9,4,104,27,34,9,A40-12L-V4-kv410-direct,17x10E,11.153535778846397,1.9657828225219742,11.086997226907055,0.3036343562504635,9.682601074516759,12.587381396871788,12.796037770048482,131.3085924885345,132.31213330795447,13.281958090600709,0.003255338749003583,0.003255338749003583,0.005819546908654201,0.0025642081596506175,8.333333333333334,0.003255338749003583,0.005819546908654201,0.003255338749003583,3.765747591216633,-825.9956830395221,825.9956830395221,0.0,2348.331906242122,3040.521715501233,14.916666666666668,False,"SOC floor violated (min 0.003, unmet 826 Wh)",2.8169570522284952,0.0,1.1228271104561194,True,9456.701491646216
4.558490343854826,0.4132758437410584,1.3907945585388788,1.6293615781207924,0.3894012769682954,0.9946535691231461,0.38097646841008603,2.682202233602089,0.5220700655255954,1.4660817352397593,0.4110662930094234,1.226021119552973,1.1556340754693073,1.1556340754693073,0.24161027905797128,0.5,0.03,1.5810565237877374,0.6581886481396757,38.40217975681651,35.52547528261513,2.8767044742013717,0.07270542998307808,-0.05197485360252046,-0.07181844303917863,11.241103315017773,16.255870343244975,184.61310971292986,0.0,0.9718725243725918,3.091393628631921,0.12078512972527844,2,one_per_bay,True,33+33+24+8,4,98,24,33,8,A40-12L-V4-kv410-direct,16x10E,10.69574904544817,1.8815867910665713,11.04378193643606,0.2830268056049129,9.868466824288694,12.829006871575302,13.041668581019255,126.32037029115236,127.82740107418896,12.150235552742236,0.00345297010583515,0.00345297010583515,0.009461116205534484,0.006008146099699334,8.416666666666666,0.00345297010583515,0.009461116205534484,0.00345297010583515,8.823449694389527,-849.9878966377756,849.9878966377756,0.0,2212.8512193435367,2925.377749933571,14.916666666666668,False,"SOC floor violated (min 0.003, unmet 850 Wh)",1.8013121792599485,0.0,1.1132758437410584,True,9696.42599627192
6.0,0.3941176098850896,1.7847348780555805,1.998765297356634,0.2884937300187901,0.4206787310437893,0.4155665845866705,0.0,0.5645314849990523,3.0,0.16579689600847067,1.5506051297749428,1.04,1.04,0.20301218771868176,0.5222704984322105,0.030000000000000002,1.6819925158521798,1.2780074841478202,35.494291910313066,34.45367171304664,1.0406201972664264,0.0727054299830781,-0.04844036345985633,-0.06730875281588636,17.70327569277158,7.809067365513083,170.2278379022871,0.0,1.4901804811491217,3.84690857952796,-0.20526479138016807,2,one_per_bay,True,36+36+24+8,4,104,24,36,8,A40-12L-V4-kv410-direct,MJ-20x8E,11.066014574899494,2.033778787851643,17.701040159843615,0.32355922313833374,8.859294229980891,11.51708249897516,11.707996922558934,132.3253237981217,135.73087983289795,17.499619513883076,0.00884728293833954,0.009844427375198339,0.00884728293833954,-0.0009971444368587993,8.416666666666666,0.00884728293833954,0.00884728293833954,0.009844427375198339,-1.4643874550760811,-866.5808568805068,866.5808568805068,0.0,2348.3319062421215,3086.7415718041493,14.916666666666668,False,"SOC floor violated (min 0.009, unmet 867 Wh); morning depletion (0.009844 -> 0.008847, -1.464 Wh); FLAG MJ-20x8E: thrust table 2.12 N vs similarity 0.00 N (100%) at 2695 rpm, 11.52 m/s; FLAG MJ-20x8E: thrust table 2.13 N vs similarity 0.00 N (100%) at 2755 rpm, 11.71 m/s",2.174238772129789,0.0,1.0941176098850895,True,9857.958429303586
6.0,0.3941176098850896,1.7847348780555805,1.998765297356634,0.2884937300187901,0.4206787310437893,0.4155665845866705,0.0,0.5645314849990523,3.0,0.16579689600847067,1.5506051297749428,1.04,1.04,0.20301218771868176,0.5222704984322105,0.030000000000000002,1.6819925158521798,1.2780074841478202,35.80421500667042,34.7545084967517,1.049706509918718,0.0727054299830781,-0.04844036345985633,-0.06729070742287288,17.876489672501783,7.862190995991434,270.22616634297594,0.0,1.4848917971415716,3.847463782450446,-0.20451340177180377,2,one_per_bay,True,36+36+24+8,4,104,24,36,8,A40-12L-V4-kv410-direct,27x13E,11.260106998078586,2.033778787851643,17.701040159843615,0.32355924301386846,8.936650327300269,11.61764542549035,11.810226843571321,132.92860385998637,135.17517976292393,28.258747081607897,0.004177418656153624,0.004867096437501672,0.004177418656153624,-0.0006896777813480475,8.416666666666666,0.004177418656153624,0.004177418656153624,0.004867096437501672,-1.012847741729717,-871.109422343816,871.109422343816,0.0,2348.3319062421215,3090.692890424707,14.916666666666668,False,"SOC floor violated (min 0.004, unmet 871 Wh); morning depletion (0.004867 -> 0.004177, -1.013 Wh); FLAG 27x13E: (11.62 m/s, 1792 rpm) not on the map; used C_T(J) similarity; FLAG 27x13E: (11.81 m/s, 1823 rpm) not on the map; used C_T(J) similarity",2.174238772129789,0.0,1.0941176098850895,True,9907.606481563354
5.778643844445736,0.3919807356081485,0.8537385718292468,1.5875631136391766,0.3288301626178907,0.9093870546216978,0.6388157596588114,4.040192470945641,0.6972629246006661,2.345943452541856,0.3564622066231406,2.2410374676987175,2.1888722978701924,2.1888722978701924,0.2328796481970677,0.5000000000000001,0.030000000000000002,1.904738907111551,0.944583015111317,35.3478947379346,30.07462482558414,5.273269912350461,0.0727054299830781,-0.039948632208352215,-0.05467821629304908,23.86369640895261,22.855712312768354,561.7100625357998,0.0,0.9749226562613674,2.977529622415826,0.5768519797830434,2,one_per_bay,True,48+32+32+16,4,128,48,32,16,A40-12L-V4-kv410-direct,MJ-24x10EL,11.758036889010848,2.2420909547747927,14.89356380027176,0.3060325538845434,9.331991923409847,12.131589500432801,12.33269037965601,156.28523724425258,158.6418013561553,24.01792037274485,0.003620694336316687,0.003620694336316687,0.00507140926196511,0.001450714925648423,8.25,0.003620694336316687,0.00507140926196511,0.003620694336316687,2.1304924938492213,-899.713601566454,899.713601566454,0.0,2890.2546538364572,3652.6439118971543,14.75,False,"SOC floor violated (min 0.004, unmet 900 Wh)",1.8008746642562519,0.0,1.0919807356081486,True,10193.515321328225
5.5432669961991525,0.3713277162707788,1.906318220323131,2.640431660037443,0.3396456930739402,0.55546801562488,0.09365266108711555,3.4418318479357164,0.5348715669337317,1.7819660812370661,0.20626066970344797,0.8431716670974526,1.2878083034749894,1.2878083034749894,0.21873779413483554,0.9538896730183949,0.03,1.7003409058491703,1.031292592250406,36.949146168222406,34.31510194359851,2.6340442246238913,0.07270542998307808,-0.06926374620439009,-0.09360745570731195,16.324939249955282,8.54246415999492,217.08189981826035,0.0,1.3058740275472505,3.168313946233134,0.8699571858427024,2,one_per_bay,True,24+24+18+9,4,75,18,24,9,A40-12L-V4-kv410-direct,MJ-20p5x12ELW,10.586616639643296,1.7400431755164636,17.65922215236437,0.5796463218635579,9.792830208605487,12.730679271187133,12.941711040309647,108.89673900587782,110.45454327084866,23.549929955894328,0.0054473950179448494,0.02387809441524335,0.0054473950179448494,-0.0184306993972985,8.666666666666666,0.0054473950179448494,0.0054473950179448494,0.02387809441524335,-27.06697644596506,-910.5027065419636,910.5027065419636,0.0,1693.5085862322996,2506.6332553712286,15.583333333333334,False,"SOC floor violated (min 0.005, unmet 911 Wh); morning depletion (0.023878 -> 0.005447, -27.067 Wh); FLAG MJ-20p5x12ELW: thrust table 2.10 N vs similarity 2.54 N (17%) at 2176 rpm, 12.73 m/s; FLAG MJ-20p5x12ELW: thrust table 2.11 N vs similarity 2.50 N (16%) at 2208 rpm, 12.94 m/s",2.7718281790183985,0.0,1.0713277162707788,True,10318.010368798989
5.17965369772776,0.42027533368770364,1.4123644186653725,1.6530683468670455,0.3867349496705813,0.7530748901464102,0.5805115577558999,1.1831908975553824,0.0932064156146756,0.8858802455218896,0.3164988007481133,1.8015703827712368,1.4214740354906896,1.4214740354906896,0.23553346854978174,0.5551444740703984,0.03,1.7010822572274373,0.8487445916364427,37.91380579245504,34.610697688703276,3.3031081037517644,0.07270542998307808,-0.046407366964748606,-0.06410283634707711,15.8958660652801,15.874255457707106,441.9911944660005,0.0,1.0450293219348916,3.107709974075214,0.28322994984129746,2,one_per_bay,True,33+33+30+10,4,106,30,33,10,A40-12L-V4-kv410-direct,MJ-26x15E,11.38475972019555,2.0950781630809745,12.805637947622447,0.340783082526667,9.49216604562959,12.339815859318467,12.54436842999957,141.28754923817544,141.8264231564006,27.542498549051086,0.002000452780997657,0.002000452780997657,0.0037549506659378482,0.0017544978849401913,8.416666666666666,0.002000452780997657,0.0037549506659378482,0.002000452780997657,2.5766224006199363,-1014.5752486292388,1014.5752486292388,0.0,2393.492135208313,3275.706140820385,15.083333333333332,False,"SOC floor violated (min 0.002, unmet 1015 Wh); FLAG MJ-26x15E: thrust table 2.47 N vs similarity 3.97 N (38%) at 1738 rpm, 12.34 m/s; FLAG MJ-26x15E: shaft power table 52.2 W vs similarity 66.0 W (21%) at 1738 rpm, 12.34 m/s; FLAG MJ-26x15E: thrust table 2.48 N vs similarity 3.87 N (36%) at 1761 rpm, 12.54 m/s; FLAG MJ-26x15E: shaft power table 54.0 W vs similarity 65.6 W (18%) at 1761 rpm, 12.54 m/s",1.8418027322005373,0.0,1.1202753336877036,True,11343.75203351139
5.097628943616727,0.37543485071779853,1.0880041926810238,1.4277633546814545,0.32151472436318757,0.5000386528380917,0.9459902874068287,4.86692194896018,0.21879756208231058,1.185693741435534,0.18773193698139803,2.454572883067972,1.6078274166111153,1.6078274166111153,0.212892526383674,0.5264237454650377,0.03,1.97905157744669,0.5297628943616737,35.16342396822354,30.279511668177154,4.883912300046386,0.07270542998307808,-0.040727228193485385,-0.055947040940453566,14.628702817476327,21.422150796652335,472.32678735270866,0.0,0.9328018898044442,2.3446632592997365,0.5784586904173303,2,one_per_bay,True,25+25+24+12,4,86,24,25,12,A40-12L-V4-kv410-direct,MJ-20p5x12ELW,10.628631003533162,1.896138140659756,13.704603208792212,0.2968954026949024,10.127719863108789,13.166035822041426,13.38428433593998,124.08354599198786,126.31029443748427,24.00427379107232,0.003128765100948513,0.003128765100948513,0.00783030960302027,0.004701544502071757,8.666666666666666,0.003128765100948513,0.00783030960302027,0.003128765100948513,6.904599307603354,-1067.729369495201,1067.729369495201,0.0,1941.8898455463698,2877.118027964878,15.416666666666668,False,"SOC floor violated (min 0.003, unmet 1068 Wh)",1.62232225294161,0.0,1.0754348507177984,True,11874.16492985106
4.537231079271347,0.49275830323101033,1.0693305197140268,1.9576764912321714,0.24009662288815886,0.904340029209253,0.3111849323543294,0.5097725689854817,0.1346297292932101,1.0956959248631843,0.44562105833703386,1.3349981839890845,1.8264385908386007,1.8264385908386007,0.271291487391116,0.4999999999999999,0.03,1.664147810123112,0.5644677295125615,35.649168144810496,29.594266835276642,6.054901309533854,0.07270542998307808,-0.06274034034239957,-0.0859783378499602,16.174993998966166,23.746540552632457,259.8253861939617,0.0,0.8202815584433131,3.513105430778804,0.9855957800343269,2,one_per_bay,True,42+25+25+14,4,106,42,25,14,A40-12L-V4-kv410-direct,17x10E,11.504768327957303,2.191750138058375,9.392706544981879,0.2832172306483746,9.33700408080895,12.138105305051635,12.339314194361869,144.3846956201995,145.55494541355696,12.42740081648606,0.0023008767537107556,0.0023008767537107556,0.008481017855762154,0.006180141102051399,8.5,0.0023008767537107556,0.008481017855762154,0.0023008767537107556,9.076038300884267,-1100.398777803623,1100.398777803623,0.0,2393.4921352083134,3355.4723805766685,15.25,False,"SOC floor violated (min 0.002, unmet 1100 Wh)",2.124397710473789,0.0,1.1927583032310103,True,12201.68690128252
5.662181068786758,0.3270104632298788,1.0064576732621162,1.2569906608678467,0.3737147058835012,0.42070925983107194,0.16019158298159322,1.1168633490838298,0.3523718575765138,1.6762041284837075,0.13757632994245828,1.3334976089938082,2.0956701954699293,2.0956701954699293,0.23063681328844285,1.0673242789910156,0.029999999999999995,1.8632563906846946,0.9278341437086843,40.57766768612094,30.582757459966725,9.994910226154213,0.07270542998307807,-0.03228086328319857,-0.04529622388016781,18.12585802666676,30.084646233067495,690.9505676705843,0.0,0.94255198567306,3.320798131479069,1.0565790527970003,2,one_per_bay,True,32+17+17+16,4,82,32,17,16,A40-12L-V4-kv410-direct,MJ-20x10EL,10.200658366219374,1.5678972363549677,20.447956481038652,0.70867554847247,9.950322553061335,12.935419318979736,13.149844988268569,122.24230345050081,124.75959274860577,22.331370488832302,0.00767719754530798,0.007927305573232468,0.00767719754530798,-0.00025010802792448713,8.75,0.00767719754530798,0.00767719754530798,0.007927305573232468,-0.3673039180364005,-1107.6561088861558,1107.6561088861558,0.0,1851.5693876139787,2834.792693629559,15.666666666666668,False,"SOC floor violated (min 0.008, unmet 1108 Wh); morning depletion (0.007927 -> 0.007677, -0.367 Wh)",1.447228768619572,0.0,1.0270104632298787,True,12269.133998344174
5.500684411762554,0.40799017554710454,1.2428629958935087,2.158996830036069,0.30120225378376003,0.897131577775033,0.9779126252459762,1.5497441407403092,0.7172859197635623,2.1821056257342857,0.3660208699052866,2.7059480452361653,1.4808168503608226,1.4808168503608226,0.24835024330073718,0.5,0.029999999999999995,1.7002190117640181,1.010123194117259,38.03529933379241,35.52314310743321,2.5121562263592017,0.07270542998307807,-0.05707318621086922,-0.07867723430318646,18.89737081878694,11.960063543616089,193.33879740661177,0.0,1.1294279910317935,3.111800430547712,-0.06023823383964977,2,one_per_bay,True,37+37+33+11,4,118,33,37,11,A40-12L-V4-kv410-direct,20x8E,11.697722227811276,2.2423620066873995,13.493596889159951,0.31218394066506416,9.279512756534537,12.063366583494899,12.26333655661723,157.82319794891302,158.9247235585079,15.50762835787454,0.0012283280553066628,0.0012283280553066628,0.0026388982648528694,0.0014105702095462067,8.416666666666666,0.0012283280553066628,0.0026388982648528694,0.0012283280553066628,2.071536723276135,-1147.046619588926,1147.046619588926,0.0,2664.4535090054837,3677.5786874594937,15.083333333333332,False,"SOC floor violated (min 0.001, unmet 1147 Wh)",2.3381832976462484,0.0,1.1079901755471044,True,12669.237867833954
4.834305083116711,0.39506995315349863,1.4647607143264265,2.837591054320903,0.33333503605287806,0.5930754398949327,0.2095125729629452,0.07015213532111793,0.6165010414216424,1.770509578815754,0.23430628625578168,1.0842593996188974,1.461972781930148,1.461972781930148,0.21666722005193215,0.7628820192236513,0.03,1.7206952001236737,0.6564573414346819,35.03206156750664,30.2337681773195,4.798293390187137,0.07270542998307808,-0.08535178238586826,-0.11083291282651184,15.198654312105777,12.183545319170884,298.12544294120056,0.0,1.0773843259312585,3.60094590069206,0.711765418401555,2,one_per_bay,True,33+22+22+11,4,88,33,22,11,A40-12L-V4-kv410-direct,22x12E,10.835409682367866,1.695607893635633,13.782965816783424,0.497978309354604,9.900068525120272,12.870089082656353,13.083431796742657,132.47462841905713,134.83269506739376,24.943676961509084,0.003008562907375595,0.006029532772498666,0.003008562907375595,-0.0030209698651230714,8.75,0.003008562907375595,0.003008562907375595,0.006029532772498666,-4.436539190435807,-1212.8254629766452,1212.8254629766452,0.0,1987.0500745125648,3078.845131906143,15.75,False,"SOC floor violated (min 0.003, unmet 1213 Wh); morning depletion (0.006030 -> 0.003009, -4.437 Wh); FLAG 22x12E: (12.87 m/s, 2292 rpm) not on the map; used C_T(J) similarity; FLAG 22x12E: (13.08 m/s, 2331 rpm) not on the map; used C_T(J) similarity",2.9559678504061657,0.0,1.0950699531534986,True,13328.267035724199
4.983091929109443,0.3560449203061864,1.9398208202397744,2.902489501441851,0.36987322588508487,0.46633594651284166,0.09997688326261286,3.474995075206515,0.5575832073424745,1.8149411862651368,0.1660365449120747,1.1151064815557206,1.9244160853408105,1.9244160853408105,0.22923076812175316,1.7880123079273622,0.030000000000000002,1.8108653931129726,0.6406805714417487,39.60439192418435,28.26743617368944,11.33695575049491,0.0727054299830781,-0.08469711184373575,-0.11023860038266403,18.494606474340067,15.44904156179876,365.11002850254704,0.0,1.026137222290403,3.3248573376960664,1.3003686762771605,2,one_per_bay,True,28+17+17+14,4,76,28,17,14,A40-12L-V4-kv410-direct,MJ-20p5x12ELW,10.480709387005113,1.512669538785221,16.415485694183314,1.2161943638979111,10.381681225861945,13.49618559362053,13.719906878365602,121.84251878265454,124.13730152494801,24.852488945981623,0.00784828146940646,0.009847254626839995,0.00784828146940646,-0.0019989731574335343,9.0,0.00784828146940646,0.00784828146940646,0.009847254626839995,-2.935654160595802,-1226.9097758212831,1226.9097758212831,0.0,1716.0887007153972,2822.387480826864,16.083333333333332,False,"SOC floor violated (min 0.008, unmet 1227 Wh); morning depletion (0.009847 -> 0.007848, -2.936 Wh)",3.0134392032710533,0.0,1.0560449203061864,True,13463.248448900858
5.1109541460326,0.491367205349142,1.982263133330565,2.2216631164458622,0.31525853317310204,0.8650763483042527,0.42685781629704245,1.768324997056988,0.01738428384864001,0.6451429709615006,0.42507014767990164,1.4412133370948796,1.2226912765212892,1.2226912765212892,0.24026646677595895,0.5,0.030000000000000002,1.5755053267304322,0.9399717462858677,37.762854817213274,35.98916687816717,1.7736879390461038,0.0727054299830781,-0.06320814765443657,-0.08677529077200717,17.224250085676257,10.232730071647465,256.3971598413808,0.0,1.1811857905263572,3.0779206666183123,0.29002089303311845,2,one_per_bay,True,35+35+27+9,4,106,27,35,9,A40-12L-V4-kv410-direct,25x125E,11.923394173006054,2.4374828482445237,10.716732756360026,0.2817145479809889,9.165089394086083,11.914616212311909,12.112120405461333,154.63796713484837,153.95983789259,25.236665742969492,0.001835638477208511,0.001835638477208511,0.00989831179801143,0.008062673320802918,8.666666666666666,0.001835638477208511,0.00989831179801143,0.001835638477208511,11.84068950186834,-1332.504670425703,1332.504670425703,0.0,2393.4921352083134,3585.603623447372,15.583333333333334,False,"SOC floor violated (min 0.002, unmet 1333 Wh)",2.395875444242044,0.0,1.191367205349142,True,14523.211065779818
4.910569957601336,0.3693827377923945,1.5094875845893294,2.786139871360339,0.3702773177657037,0.5796051726515061,0.605949617169077,1.001289740310773,0.09794585306283593,1.0294535755512528,0.21409614551264683,1.8324294526546063,1.7492710309444717,1.7492710309444717,0.2293778650817314,0.9952319163841645,0.029999999999999992,1.8783187249035098,0.536966253897158,35.256641107808925,27.31186157433413,7.944779533474793,0.07270542998307807,-0.08250264188851891,-0.10903037083976455,17.103071480681976,13.911356667419696,337.7975180894348,0.0,1.0267255373453548,3.176050708114012,0.8966169523722181,2,one_per_bay,True,26+20+20+13,4,79,26,20,13,A40-12L-V4-kv410-direct,22x12E,10.858031280789051,1.7171586629220328,14.042789306064062,0.6684263000080854,10.114717314868122,13.149132509328558,13.367100823254288,136.63272822656376,139.12674101787977,25.286407503106442,0.0023146585941892592,0.003216070974208061,0.0023146585941892592,-0.0009014123800188019,9.25,0.0023146585941892592,0.0023146585941892592,0.003216070974208061,-1.3237971675478823,-1515.6004379591484,1515.6004379591484,0.0,1783.8290441646877,3177.6827389731407,16.583333333333332,False,"SOC floor violated (min 0.002, unmet 1516 Wh); morning depletion (0.003216 -> 0.002315, -1.324 Wh); FLAG 22x12E: (13.15 m/s, 2331 rpm) not on the map; used C_T(J) similarity; FLAG 22x12E: (13.37 m/s, 2371 rpm) not on the map; used C_T(J) similarity",2.9128722711285353,0.0,1.0693827377923943,True,16354.591132377314
4.6533077268622955,0.42776974942585766,1.8873417589119865,2.090344972400572,0.29538919970897126,0.47962667479644355,0.11974749543346082,3.790293685252087,0.24953695506789936,1.3810596298734068,0.20516978249563197,1.2175230434476163,2.133278952778436,2.133278952778436,0.20499890774422402,1.2193281893722128,0.03,1.7742573174524665,0.5123965459786812,36.69604816291559,25.270382855846687,11.425665307068899,0.07270542998307808,-0.06532103138333735,-0.08902068353710235,18.089696569734453,24.379540594031507,369.61121663031594,0.0,0.880912121263726,3.2967095065913172,1.7605341617444625,2,one_per_bay,True,48+16+16+16,4,96,48,16,16,A40-12L-V4-kv410-direct,MJ-18x8EL,10.682971345388614,1.7436517964716631,12.418346853822795,0.7794813314774416,9.96620734657185,12.956069550543404,13.170837531095199,155.04670549683007,158.87050310271906,16.33469387546807,0.0023640853445968564,0.002526672947786303,0.0023640853445968564,-0.0001625876031894468,9.0,0.0023640853445968564,0.0023640853445968564,0.002526672947786303,-0.2387730780623396,-1588.8131895554536,1588.8131895554536,0.0,2167.6909903773426,3631.3926629705616,16.083333333333332,False,"SOC floor violated (min 0.002, unmet 1589 Wh); morning depletion (0.002527 -> 0.002364, -0.239 Wh); FLAG MJ-18x8EL: thrust table 2.47 N vs similarity 3.05 N (19%) at 3147 rpm, 12.96 m/s; FLAG MJ-18x8EL: thrust table 2.48 N vs similarity 3.14 N (21%) at 3215 rpm, 13.17 m/s",2.228217725429241,0.0,1.1277697494258576,True,17085.930396813128
5.81264689877607,0.33621448065656034,1.6214554053989756,1.966448451657499,0.39205798110215784,0.4989718215476869,0.012613751206227646,2.0147311401495465,0.8872672710402557,2.663942096417878,0.16776155184391345,0.7833905877855923,1.5125407058938092,1.5125407058938092,0.23759575741501218,1.2757604513557248,0.029999999999999995,1.7438857638351017,1.1224376855529334,38.41721172169034,34.01845107799141,4.398760643698933,0.07270542998307807,-0.04919324456038129,-0.06885924834075417,16.646813242841326,12.867571754231465,441.1091558641102,0.0,1.1619128301193997,3.3891811076912037,0.7985734209773946,2,one_per_bay,True,22+22+22+11,4,77,22,22,11,A40-12L-V4-kv410-direct,26x13E,10.49424837884725,1.5966818001024177,21.160674573784107,0.836170587559257,9.940156913028718,12.922203986937333,13.136410590547028,140.07139517308738,147.34672260126592,31.737712158215725,0.005324799561254208,0.009743389546477318,0.005324799561254208,-0.00441858998522311,9.5,0.005324799561254208,0.005324799561254208,0.009743389546477318,-6.489057657352993,-1670.1406055299324,1670.1406055299324,0.0,1738.6688151984927,3293.2470534370073,16.916666666666668,False,"SOC floor violated (min 0.005, unmet 1670 Wh); morning depletion (0.009743 -> 0.005325, -6.489 Wh); FLAG 26x13E: (12.92 m/s, 1984 rpm) not on the map; used C_T(J) similarity",2.1168464967647957,0.0,1.0362144806565603,True,17900.499844723294
4.573612059285011,0.340469436669451,1.9249390700254554,2.1282895573277756,0.31321777265067546,0.9718253117155592,0.5021565402684098,1.6121360831459228,0.36878765522540397,1.1878502302561387,0.33087681642091005,1.4200486511029986,1.0915641922433719,1.0915641922433719,0.21032059172808837,0.8424636810930202,0.030000000000000002,1.6779725825283038,0.5688334471142018,35.67279422970467,33.09584083059062,2.5769533991140507,0.0727054299830781,-0.06766564605315516,-0.0920036481023687,10.510329136621358,11.842032684546115,151.30221928094187,0.0,1.0788753195462701,2.971885574528435,0.5439654766158721,2,one_per_bay,True,21+21+16+8,4,66,16,21,8,A40-12L-V4-kv410-direct,17x8E,10.060690236964723,1.548860646989425,13.505364287933968,0.5180644137211946,10.469091837917608,13.609819389292891,13.835424339506398,141.44198783720935,144.0738403523967,13.428786472629687,0.00345445005301058,0.00345445005301058,0.0072891739468963265,0.0038347238938857466,10.166666666666666,0.00345445005301058,0.0072891739468963265,0.00345445005301058,5.631602961730183,-1924.9362017586568,1924.9362017586568,0.0,1490.287555884424,3289.082896926537,18.5,False,"SOC floor violated (min 0.003, unmet 1925 Wh); FLAG 17x8E: (13.61 m/s, 3622 rpm) not on the map; used C_T(J) similarity; FLAG 17x8E: (13.84 m/s, 3685 rpm) not on the map; used C_T(J) similarity",2.2646713497920086,0.0,1.040469436669451,True,20445.907567533555
4.513970122648503,0.3124158125768956,1.1640811621343692,1.6398357507926455,0.33549550843332865,0.5169547690909619,0.45034199914150513,1.6803009307083296,0.23219552196322635,1.010086760360586,0.1615048442510543,1.3643520447339044,1.2660122463102361,1.2660122463102361,0.21737166005288314,0.8658969549066035,0.03,1.6743897140747954,0.5425953472494562,39.03544372359442,32.83557822020389,6.199865503390529,0.07270542998307808,-0.05282487926306856,-0.07315302241569555,9.303726407035882,19.237552073614467,578.0914387902885,0.0,0.9187717967770034,3.105240610128573,0.8466093819759262,2,one_per_bay,True,19+19+18+9,4,65,18,19,9,A40-12L-V4-kv410-direct,24x12E,9.682835817284065,1.2755275309217953,15.974509192630375,0.5196548918940195,11.04443130553461,14.357760697194994,14.59576399427155,162.65412620212405,165.48989802166923,33.836212884059385,0.0048372473314607645,0.0048372473314607645,0.009482603244093,0.004645355912632236,11.583333333333334,0.0048372473314607645,0.009482603244093,0.0048372473314607645,6.82208180817984,-2451.3264928522462,2451.3264928522462,0.0,1467.7074414013264,3792.2063443096067,21.0,False,"SOC floor violated (min 0.005, unmet 2451 Wh); FLAG 24x12E: (14.36 m/s, 2380 rpm) not on the map; used C_T(J) similarity; FLAG 24x12E: (14.60 m/s, 2420 rpm) not on the map; used C_T(J) similarity",1.7747787660109813,0.0,1.0124158125768956,True,25708.427681191006
