span_m,chord_m,tail_arm_m,elevator_frac,taper_ratio,taper_start_frac,washout_tip_deg,washout_start_frac,y_washout_m,tip_chord_m,y_taper_m,boom_spacing_m,boom_spacing_set_m,hstab_chord_m,hstab_span_each_m,tail_volume_h,tail_volume_v,aileron_y_inner_m,aileron_span_each_m,roll_rate_deg_s,roll_aileron_deg_s,roll_elevon_deg_s,cn_beta,cn_r,incidence_wing_deg,incidence_hstab_deg,n_packs,cells_per_string,one_string_per_bay,string_plan,n_strings,n_cells,inboard_cells,outboard_cells,hstab_cells,motor,prop,mass_kg,wing_area_m2,aspect_ratio,static_margin,v_stall,v_night,v_day,p_night_w,p_day_w,climb_ms,soc_min,morning_soc,next_morning_soc,morning_soc_change,morning_charge_hour,objective_soc,soc_end,soc_start,cycle_wh,margin_wh,unmet_wh,spilled_wh,solar_wh,propulsion_wh,battery_night_h,closed,reason,boom_length_m,fuselage_length_m,packing_ok,optimizer_score
6.0,0.391781152426787,1.1896046237273867,0.3425548483298606,0.4168723034471134,0.2309025977539103,0.0,0.1608261911808652,3.0,0.16332271145931934,1.54256042274366,2.21,2.21,0.09803329952821746,0.4411498478769786,0.14476514522098827,0.004721795694107663,1.6632519124954621,1.2967480875045378,35.80609695223248,33.9422089712031,1.8638879810293791,0.010406156017913032,-0.005882181938434747,3.838392642139059,-5.258025464353008,2,one_per_bay,True,51+22+22,3,95,51,22,0,A40-12L-V4-kv410-direct,16x12E,10.36261660007085,2.0177225409364534,17.84189811513524,0.08106192185780653,8.607149679653036,11.189294583548946,11.37477538790347,83.3628604453383,84.82625208314656,12.175793706449124,0.3078441672326068,0.30784416777551243,0.3078441672326068,-5.429056093575468e-10,7.75,0.3078441672326068,0.3078441672326068,0.30784416777551243,-7.973009067152892e-07,158.37790370275061,0.0,119.92439516156371,2145.1108758942455,1895.952313581942,13.583333333333332,True,"FLAG 16x12E: shaft power table 31.5 W vs similarity 26.3 W (17%) at 2410 rpm, 11.19 m/s; FLAG 16x12E: shaft power table 32.0 W vs similarity 26.8 W (16%) at 2451 rpm, 11.37 m/s",0.9594141772015422,1.0917811524267869,True,-30.784416723260684
6.0,0.396781152426787,1.1896046237273867,0.3425548483298606,0.4168723034471134,0.2309025977539103,0.0,0.1608261911808652,3.0,0.1654070729765549,1.54256042274366,2.21,2.21,0.09944495582879487,0.4475023012295769,0.14523366549613032,0.0047975330475969495,1.6841533265098318,1.2758466734901681,35.11560958611979,33.228060502190786,1.887549083929005,0.010739117521490522,-0.0059765318259818664,3.8499267420071934,-5.207291896796423,2,one_per_bay,True,51+22+22,3,95,51,22,0,A40-12L-V4-kv410-direct,16x12E,10.399096857461391,2.043473174018701,17.6170651309321,0.08111889757981576,8.567787853774044,11.138124209906259,11.322756781872988,83.57941502016388,85.03423764060229,12.081195803976838,0.30589839331596097,0.3058983940681716,0.30589839331596097,-7.522106271196094e-10,7.75,0.30589839331596097,0.30589839331596097,0.3058983940681716,-1.104682295975994e-06,155.52037694070347,0.0,114.91244922518784,2145.1108758942455,1900.9391275617859,13.666666666666666,True,"FLAG 16x12E: shaft power table 31.6 W vs similarity 26.4 W (16%) at 2408 rpm, 11.14 m/s; FLAG 16x12E: shaft power table 32.0 W vs similarity 26.9 W (16%) at 2449 rpm, 11.32 m/s",0.9565968342798119,1.096781152426787,True,-30.589839331596096
6.0,0.3902854446934607,1.151140510239289,0.3371950444734689,0.4562325250197298,0.2381536328218874,0.0,1.0,3.0,0.17806091391094567,1.5563011341974766,2.21,2.21,0.10028284986046822,0.45127282437210703,0.14508507400463821,0.00473987400065552,1.6025933457575454,1.3574066542424545,37.15398439724137,35.29073727016801,1.8632471270733646,0.010725946968162786,-0.005713783132321683,3.8434416785320282,-5.236535282018743,2,one_per_bay,True,51+22+22,3,95,51,22,0,A40-12L-V4-kv410-direct,16x12E,10.37070945772682,2.0353243537745747,17.687598506467452,0.0812535892241705,8.573196585225332,11.145155560792933,11.329904688866787,83.66281958766581,85.1224437008246,12.12074439569886,0.3051169957172373,0.3051169965554308,0.3051169957172373,-8.381934590850904e-10,7.75,0.3051169957172373,0.3051169957172373,0.3051169965554308,-1.2309550562982729e-06,154.37283121041574,0.0,112.85005997611057,2145.1108758942455,1902.9904526066289,13.666666666666666,True,"FLAG 16x12E: shaft power table 31.6 W vs similarity 26.4 W (16%) at 2409 rpm, 11.15 m/s; FLAG 16x12E: shaft power table 32.1 W vs similarity 26.9 W (16%) at 2450 rpm, 11.33 m/s",0.9242751725725751,1.0902854446934607,True,-30.51169957172373
6.0,0.3921984474483446,1.3310621563501273,0.2672912492144511,0.4330779558939587,0.294796318298539,0.0,0.2386907641314116,3.0,0.16985250192571325,1.6636390231757314,2.21,2.21,0.09440014041682579,0.42480063187571615,0.14546371304087893,0.004807589531424206,1.6181884625707594,1.3418115374292405,37.28266885696332,35.79543235395637,1.487236503006944,0.010041507687767648,-0.006701227081219141,3.8536481093919566,-5.333085516603917,2,one_per_bay,True,51+23+23,3,97,51,23,0,A40-12L-V4-kv410-direct,16x12E,10.505704774432948,2.0560562397385285,17.509248679198663,0.08330697312337135,8.585200940291474,11.160761222378916,11.345769039742061,83.96919219729898,85.44527157983501,11.978467826878173,0.3039789600189476,0.3039789601409272,0.3039789600189476,-1.219795930929024e-10,7.75,0.3039789600189476,0.3039789600189476,0.3039789601409272,-1.7913692269420497e-07,152.70153351431253,0.0,150.13264602630662,2190.2711048604406,1910.6364396366,13.583333333333332,True,"FLAG 16x12E: shaft power table 31.8 W vs similarity 26.5 W (16%) at 2412 rpm, 11.16 m/s; FLAG 16x12E: shaft power table 32.2 W vs similarity 27.1 W (16%) at 2454 rpm, 11.35 m/s",1.098899070647032,1.0921984474483446,True,-30.397896001894757
6.0,0.3922174902775234,1.4182426130285968,0.2866737082724169,0.4,0.3169617779339423,0.0,0.0492641452167455,3.0,0.15688699611100937,1.6636362220397598,2.087001474330383,2.087001474330383,0.09083938524902276,0.40877723362060236,0.14514873866336678,0.004783428006801751,1.6944554707131005,1.2655445292868994,35.46689112970329,34.07172129197845,1.3951698377248454,0.009511627162754317,-0.007104252522528317,3.8531561992244114,-5.409446327997481,2,one_per_bay,True,48+24+24,3,96,48,24,0,A40-12L-V4-kv410-direct,16x12E,10.516566415810892,2.0388177934115275,17.6572914540645,0.08390659563229877,8.625874597057273,11.213636976174454,11.399521295382426,83.89016301690428,85.3707164273665,12.01824175941458,0.3038110890005789,0.30381108934599005,0.3038110890005789,-3.454111441314467e-10,7.75,0.3038110890005789,0.3038110890005789,0.30381108934599005,-5.072642714660131e-07,152.45500131267448,0.0,129.5075431457436,2167.6909903773435,1908.7863437646897,13.583333333333332,True,"FLAG 16x12E: shaft power table 31.7 W vs similarity 26.5 W (17%) at 2416 rpm, 11.21 m/s; FLAG 16x12E: shaft power table 32.2 W vs similarity 27.0 W (16%) at 2457 rpm, 11.40 m/s",1.1831341163995908,1.0922174902775232,True,-30.38110890005789
6.0,0.391262559445358,1.301687011718476,0.3457425084544941,0.4793870941455008,0.2940116648869728,0.0,1.0,3.0,0.18756622142044144,1.6621521049608134,2.21,2.21,0.09611816754104772,0.4325317539347147,0.14581254228043738,0.004829537002452312,1.684265486842464,1.275734513157536,35.327038853916264,33.6458665557449,1.681172298171363,0.010308186292030841,-0.006583255145978652,3.8599702832275478,-5.313597090897042,2,one_per_bay,True,51+24+24,3,99,51,24,0,A40-12L-V4-kv410-direct,16x12E,10.535349709100293,2.0750606396183224,17.348890587901895,0.08358077657311815,8.557845565138036,11.125199234679448,11.309617554104744,84.2167809061266,85.6886279048392,11.908599240854825,0.30340226541373383,0.3034022654343927,0.30340226541373383,-2.065886350877122e-11,7.666666666666667,0.30340226541373383,0.30340226541373383,0.3034022654343927,-3.033921610561773e-08,151.8546107275341,0.0,189.17958206351696,2235.431333826635,1916.5344813169506,13.583333333333332,True,"FLAG 16x12E: shaft power table 31.9 W vs similarity 26.7 W (16%) at 2412 rpm, 11.13 m/s; FLAG 16x12E: shaft power table 32.3 W vs similarity 27.2 W (16%) at 2453 rpm, 11.31 m/s",1.0719412553866579,1.091262559445358,True,-30.340226541373383
6.0,0.3920292733718526,1.2735007512220329,0.3227807082597156,0.4330779558939587,0.3229257669303048,0.0,0.8608261911808652,3.0,0.16977923636247585,1.7074347883952905,2.1819099044885433,2.1819099044885433,0.09692862849296169,0.4361788282183276,0.1456258886042628,0.00482861350781422,1.63529268381106,1.32470731618894,37.2385569469431,35.54680278351248,1.6917541634306137,0.010422885840279741,-0.006439472137550597,3.8578467225534085,-5.302931933542057,2,one_per_bay,True,48+24+24,3,96,48,24,0,A40-12L-V4-kv410-direct,16x12E,10.48245468820881,2.0649029741149363,17.434233206734767,0.08313279033886062,8.55730546880473,11.12449710944615,11.308903790000734,83.96159478309771,85.42429906633585,11.96950347386192,0.3031428583176017,0.30314285869832014,0.3031428583176017,-3.807184567605759e-10,7.75,0.3031428583176017,0.3031428583176017,0.30314285869832014,-5.591159228169674e-07,151.47365037385623,0.0,127.96970521187919,2167.6909903773435,1910.3147777447489,13.583333333333332,True,"FLAG 16x12E: shaft power table 31.8 W vs similarity 26.6 W (16%) at 2410 rpm, 11.12 m/s; FLAG 16x12E: shaft power table 32.2 W vs similarity 27.1 W (16%) at 2451 rpm, 11.31 m/s",1.0436936276281346,1.0920292733718526,True,-30.314285831760166
6.0,0.3920958950370487,1.383836571426504,0.3305807810147168,0.479664157408395,0.2824153301211616,0.0,0.1608261911808652,3.0,0.18807434711623647,1.6129822680762431,2.134204672577663,2.134204672577663,0.09298439293905646,0.41842976822575406,0.14571202734970481,0.004817686650507469,1.6710214732384694,1.2889785267615306,35.23991255164341,33.75093948046237,1.4889730711810343,0.00983325523389379,-0.006981551904837855,3.8577986257398083,-5.365372641354575,2,one_per_bay,True,48+24+24,3,96,48,24,0,A40-12L-V4-kv410-direct,16x12E,10.543914760490335,2.0695938655615933,17.39471719502379,0.08416577247542059,8.572623337017184,11.14441033812234,11.329147112915177,84.00572669181295,85.47729582003599,11.918898561056999,0.30272888112474655,0.30272888153129485,0.30272888112474655,-4.0654829502884127e-10,7.75,0.30272888112474655,0.30272888112474655,0.30272888153129485,-5.97049134625126e-07,150.86569130043014,0.0,126.81297753314632,2167.6909903773435,1911.466285689169,13.583333333333332,True,"FLAG 16x12E: shaft power table 31.8 W vs similarity 26.6 W (16%) at 2411 rpm, 11.14 m/s; FLAG 16x12E: shaft power table 32.2 W vs similarity 27.1 W (16%) at 2453 rpm, 11.33 m/s",1.1507492543569946,1.0920958950370487,True,-30.272888112474654
6.0,0.3915642810050715,1.2989407566142588,0.3191056797548601,0.4330779558939587,0.369814446612643,0.0,0.8608261911808652,3.0,0.16957785841876402,1.7762950890233067,2.1163663482951445,2.1163663482951445,0.09656780432746628,0.4345551194735983,0.14586185355198836,0.004858270035931896,1.6615460070721983,1.2984539929278016,36.933431998425284,35.320346839310794,1.61308515911449,0.01042757830343076,-0.006608450056816692,3.86423446650569,-5.32850527402531,2,one_per_bay,True,48+25+25,3,98,48,25,0,A40-12L-V4-kv410-direct,16x12E,10.530579803790097,2.077739810541417,17.326519816077997,0.0838968148735582,8.550390005468348,11.115507007108853,11.299764662056836,84.23833279228427,85.70733017427106,11.904400412884483,0.30234344016467823,0.30234344022176984,0.30234344016467823,-5.709160921796297e-11,7.666666666666667,0.30234344016467823,0.30234344016467823,0.30234344022176984,-8.384365718597467e-08,150.29963999860007,0.0,166.1962828285666,2212.851219343537,1917.0220430771967,13.583333333333332,True,"FLAG 16x12E: shaft power table 31.9 W vs similarity 26.7 W (16%) at 2411 rpm, 11.12 m/s; FLAG 16x12E: shaft power table 32.3 W vs similarity 27.2 W (16%) at 2452 rpm, 11.30 m/s",1.0697321410543887,1.0915642810050714,True,-30.234344016467823
6.0,0.401781152426787,1.1896046237273867,0.3425548483298606,0.4168723034471134,0.2309025977539103,0.0,0.1608261911808652,3.0,0.16749143449379048,1.54256042274366,2.21,2.21,0.10086144908352825,0.45387652087587704,0.1457052282713766,0.004873762228053204,1.584534521646292,1.375465478353708,37.65070413324133,35.73787105309253,1.9128330801487918,0.01109054373493327,-0.006071494407488943,3.861506811128695,-5.158299997226819,2,one_per_bay,True,51+23+23,3,97,51,23,0,A40-12L-V4-kv410-direct,16x12E,10.45162620690714,2.0692238071009488,17.397828053427045,0.08120427052699662,8.53578690761529,11.096522979899877,11.280465943639197,84.14846432199796,85.60739949259091,11.976172295942138,0.302300325891131,0.3023003260406913,0.302300325891131,-1.4956030858215286e-10,7.75,0.302300325891131,0.302300325891131,0.3023003260406913,-2.1964143966439812e-07,150.23632319214403,0.0,145.98264905229428,2190.2711048604406,1914.760385088288,13.583333333333332,True,"FLAG 16x12E: shaft power table 31.8 W vs similarity 26.7 W (16%) at 2409 rpm, 11.10 m/s; FLAG 16x12E: shaft power table 32.3 W vs similarity 27.2 W (16%) at 2450 rpm, 11.28 m/s",0.9537831190736984,1.101781152426787,True,-30.230032589113097
5.943465477822997,0.3926822102868811,1.2236848369380675,0.2587426482411513,0.4,0.2799704853827152,0.0,0.7947185953761541,2.9717327389114985,0.15707288411475245,1.6276300709928575,2.21,2.21,0.09734801302839775,0.43806605862778986,0.145458437846353,0.004836184950071032,1.6713388894698646,1.2603938494416338,36.082073949524286,34.422311402717035,1.6597625468072523,0.010597043504753944,-0.006256228519353375,3.8601024032565148,-5.239767077694587,2,one_per_bay,True,51+23+23,3,97,51,23,0,A40-12L-V4-kv410-direct,16x12E,10.396085761242324,2.017210036700837,17.51170242234552,0.0819594781156907,8.622133239280465,11.208773211064605,11.394576905434434,84.15397913052871,85.64336199697807,12.15115484090505,0.3022469291305557,0.30224692928276875,0.3022469291305557,-1.522130754771922e-10,7.75,0.3022469291305557,0.3022469291305557,0.30224692928276875,-2.2353724293897112e-07,150.15790571977212,0.0,145.53332900035304,2190.2711048604406,1915.2099039915424,13.583333333333332,True,"FLAG 16x12E: shaft power table 31.8 W vs similarity 26.6 W (16%) at 2417 rpm, 11.21 m/s; FLAG 16x12E: shaft power table 32.3 W vs similarity 27.1 W (16%) at 2459 rpm, 11.39 m/s",0.9929370734145982,1.0926822102868812,True,-30.224692913055566
5.974589366177161,0.3942840194666336,1.294180792348656,0.3092588912158182,0.4330779558939587,0.321516621077078,0.0,0.7391803043119165,2.9872946830885807,0.1707557171922635,1.6510348098824204,2.0356281042890823,2.0356281042890823,0.09610097499841391,0.43245438749286264,0.14580273705541463,0.0048627240227260395,1.6173467820564928,1.3299479010320878,37.24326906945282,35.704367573179994,1.5389014962728294,0.010405136866556015,-0.006618298931053068,3.8617400540584743,-5.304736104069307,2,one_per_bay,True,45+26+26,3,97,45,26,0,A40-12L-V4-kv410-direct,16x12E,10.488453927227221,2.0569932091038,17.35334756403464,0.08345960354865345,8.576195483544346,11.14905412860765,11.333867881800517,84.18303272144968,85.66164667996692,11.98543764807639,0.301975332802691,0.3019753329589178,0.301975332802691,-1.562268092669683e-10,7.75,0.301975332802691,0.301975332802691,0.3019753329589178,-2.2943173644713216e-07,149.75904449097897,0.0,144.94334320203237,2190.2711048604406,1915.7950140493529,13.583333333333332,True,"FLAG 16x12E: shaft power table 31.8 W vs similarity 26.6 W (16%) at 2413 rpm, 11.15 m/s; FLAG 16x12E: shaft power table 32.3 W vs similarity 27.2 W (16%) at 2455 rpm, 11.33 m/s",1.061639892553082,1.0942840194666337,True,-30.197533280269102
6.0,0.3950225454621724,1.4108343361879885,0.2916436956655782,0.4479153010473803,0.3091605377906479,0.0,0.4457978031574719,3.0,0.17693664237119144,1.6585163083190375,2.1163663482951445,2.1163663482951445,0.09267412655148577,0.41703356948168596,0.14585884846220074,0.004860206642279426,1.6490630799331694,1.3109369200668306,36.16591727521182,34.76298771331711,1.4029295618947062,0.00987383160568102,-0.00718057749122457,3.861414417168816,-5.360215588935836,2,one_per_bay,True,48+24+24,3,96,48,24,0,A40-12L-V4-kv410-direct,16x12E,10.568596872574652,2.0775765903909686,17.3278810352909,0.084360002474141,8.566146705129535,11.135990716668395,11.32058792250557,84.09596948752281,85.5677589631853,11.88234226022422,0.30188337299985496,0.3018833734556778,0.30188337299985496,-4.558228239304185e-10,7.75,0.30188337299985496,0.30188337299985496,0.3018833734556778,-6.694127755491653e-07,149.623994064314,0.0,124.63266546177468,2167.6909903773435,1913.6344080720323,13.583333333333332,True,"FLAG 16x12E: shaft power table 31.8 W vs similarity 26.6 W (16%) at 2411 rpm, 11.14 m/s; FLAG 16x12E: shaft power table 32.3 W vs similarity 27.1 W (16%) at 2453 rpm, 11.32 m/s",1.175284899249379,1.0950225454621725,True,-30.188337299985495
6.0,0.3929844375868667,1.4428669643552274,0.3486158863524051,0.4562325250197298,0.3345522842033691,0.0,0.657,3.0,0.1792922822537146,1.7296462812251752,2.181957834947139,2.181957834947139,0.09195262791212458,0.4137868256045606,0.14602225140049654,0.004872670203766164,1.6802100460230092,1.2797899539769908,35.91571574903989,34.36939505348882,1.5463206955510707,0.009794901268362636,-0.007362442670256667,3.8650280330138918,-5.379099465631274,2,one_per_bay,True,48+25+25,3,98,48,25,0,A40-12L-V4-kv410-direct,16x12E,10.615070697124994,2.086442001320723,17.254253881589765,0.08490236792310697,8.566701811648155,11.136712355142603,11.321321523314277,84.34018676017575,85.82071954082957,11.82960085695009,0.30139493130212125,0.3013949313683273,0.30139493130212125,-6.620604064977442e-11,7.666666666666667,0.30139493130212125,0.30139493130212125,0.3013949313683273,-9.722893875154372e-08,148.90667782781117,0.0,163.6193663242678,2212.851219343537,1919.586698709354,13.583333333333332,True,"FLAG 16x12E: shaft power table 31.9 W vs similarity 26.7 W (16%) at 2413 rpm, 11.14 m/s; FLAG 16x12E: shaft power table 32.4 W vs similarity 27.2 W (16%) at 2455 rpm, 11.32 m/s",1.2089442905738328,1.0929844375868667,True,-30.139493130212124
6.0,0.39719706226353046,1.188493810649184,0.33223565952669804,0.4525465353047194,0.25771623722609566,0.042735145797851905,0.9131326948988246,2.834749646208153,0.17975015436057362,1.587930703393358,2.1953383128582575,2.1953383128582575,0.1009302495169807,0.45418612282641313,0.14583226211217776,0.004859631662414789,1.6388689148193487,1.3211310851806513,36.216624960803166,34.391343399226464,1.825281561576699,0.011045949371374675,-0.006048238319015484,3.8605693731295263,-5.1906873390959305,2,one_per_bay,True,48+24+24,3,96,48,24,0,A40-12L-V4-kv410-direct,17x12E,10.470328166893104,2.076132271289365,17.339935657202847,0.08185199095704816,8.529194153362793,11.087952399371632,11.271753291762458,84.9458217693997,86.14125694780242,13.845775489093059,0.2940009220986268,0.29400092459265786,0.2940009220986268,-2.494031037247879e-09,7.75,0.2940009220986268,0.2940009220986268,0.29400092459265786,-3.6626867969312603e-06,138.04797579821985,0.0,107.09591071129078,2167.6909903773435,1931.052552642426,13.666666666666666,False,"morning depletion (0.294001 -> 0.294001, -0.000 Wh); FLAG 17x12E: shaft power table 32.7 W vs similarity 27.3 W (16%) at 2312 rpm, 11.09 m/s; FLAG 17x12E: shaft power table 33.2 W vs similarity 27.7 W (17%) at 2349 rpm, 11.27 m/s",0.9569677054876643,1.0971970622635303,True,1000.000001494031
6.0,0.391781152426787,1.1896046237273867,0.3425548483298606,0.4168723034471134,0.2309025977539103,0.0,0.1608261911808652,3.0,0.16332271145931934,1.54256042274366,2.21,2.21,0.09803329952821746,0.4411498478769786,0.14476514522098827,0.004721795694107663,1.6632519124954621,1.2967480875045378,35.83235861204122,33.967103579133926,1.8652550329072952,0.010416984765861956,-0.005882181938434747,3.838439464302575,-5.257788346269043,2,one_per_bay,True,51+22+22,3,95,51,22,0,A40-12L-V4-kv410-direct,17x12E,10.377822910402944,2.0177225409364534,17.84189811513524,0.08106192893528177,8.613462516182288,11.197501271036975,11.38311811461944,84.29287719762252,85.50925480114687,14.095610964744765,0.29919566267412934,0.2991956662222697,0.29919566267412934,-3.5481403370951625e-09,7.75,0.29919566267412934,0.29919566267412934,0.2991956662222697,-5.210731772078605e-06,145.6768735285271,0.0,100.15409636279959,2145.1108758942455,1915.5982879793523,13.666666666666666,False,"morning depletion (0.299196 -> 0.299196, -0.000 Wh); FLAG 17x12E: shaft power table 32.4 W vs similarity 26.9 W (17%) at 2316 rpm, 11.20 m/s; FLAG 17x12E: shaft power table 33.0 W vs similarity 27.3 W (17%) at 2354 rpm, 11.38 m/s",0.9594141772015422,1.0917811524267869,True,1000.0000025481403
6.0,0.396781152426787,1.1896046237273867,0.3425548483298606,0.4168723034471134,0.2309025977539103,0.0,0.1608261911808652,3.0,0.1654070729765549,1.54256042274366,2.21,2.21,0.09944495582879487,0.4475023012295769,0.14523366549613032,0.0047975330475969495,1.6841533265098318,1.2758466734901681,35.141274497273365,33.252345862195796,1.8889286350775687,0.010750143579827948,-0.0059765318259818664,3.8499734000374892,-5.207056387308209,2,one_per_bay,True,51+22+22,3,95,51,22,0,A40-12L-V4-kv410-direct,17x12E,10.414303167793483,2.043473174018701,17.6170651309321,0.08111890484987186,8.574049784483533,11.146264719828594,11.331032234022194,84.50958462733927,85.71348132200606,13.987890452626775,0.29715360903202104,0.2971536139344038,0.29715360903202104,-4.90238277750521e-09,7.75,0.29715360903202104,0.29715360903202104,0.2971536139344038,-7.199546599261873e-06,142.6779521831741,0.0,95.055120425326,2145.1108758942455,1920.6702969010255,13.666666666666666,False,"morning depletion (0.297154 -> 0.297154, -0.000 Wh); FLAG 17x12E: shaft power table 32.5 W vs similarity 27.1 W (17%) at 2314 rpm, 11.15 m/s; FLAG 17x12E: shaft power table 33.1 W vs similarity 27.4 W (17%) at 2351 rpm, 11.33 m/s",0.9565968342798119,1.096781152426787,True,1000.0000039023828
6.0,0.39219706226353046,1.188493810649184,0.33223565952669804,0.4525465353047194,0.25771623722609566,0.042735145797851905,0.9131326948988246,2.834749646208153,0.17748742168405002,1.587930703393358,2.1953383128582575,2.1953383128582575,0.09949577313029828,0.4477309790863423,0.1453528540402607,0.004782683179225302,1.617343982743356,1.342656017256644,36.85590879688065,35.05636744529238,1.799541351588268,0.010681736245803744,-0.0059524691749842035,3.849586664381374,-5.242391978275625,2,one_per_bay,True,48+23+23,3,94,48,23,0,A40-12L-V4-kv410-direct,16x12E,10.402014691723553,2.049997482433451,17.560997176087348,0.08178837672840042,8.555343095705462,11.1219460244171,11.306310416577217,83.67511287829454,85.12697286866103,12.061243247003507,0.3040462610363713,0.30404626727945727,0.3040462610363713,-6.243085992618802e-09,7.75,0.3040462610363713,0.3040462610363713,0.30404626727945727,-9.168477976322275e-06,152.80037051523848,0.0,90.15588193741353,2122.5307614111475,1903.2052623128557,13.666666666666666,False,"morning depletion (0.304046 -> 0.304046, -0.000 Wh); FLAG 16x12E: shaft power table 31.6 W vs similarity 26.5 W (16%) at 2407 rpm, 11.12 m/s; FLAG 16x12E: shaft power table 32.1 W vs similarity 27.0 W (16%) at 2449 rpm, 11.31 m/s",0.9597592457880131,1.0921970622635304,True,1000.000005243086
6.0,0.396781152426787,1.1896046237273867,0.3425548483298606,0.4168723034471134,0.2309025977539103,0.0,0.1608261911808652,3.0,0.1654070729765549,1.54256042274366,2.21,2.21,0.09944495582879487,0.4475023012295769,0.14523366549613032,0.0047975330475969495,1.6841533265098318,1.2758466734901681,35.227068537344,33.33352826477386,1.8935402725701416,0.010786976387626985,-0.0059765318259818664,3.850129124023213,-5.2062703601781015,2,one_per_bay,True,51+22+22,3,95,51,22,0,A40-12L-V4-kv410-direct,20x15E,10.465216279801073,2.043473174018701,17.6170651309321,0.08111892911366873,8.594982501958954,11.173477252546641,11.35869585884613,84.9902955486068,86.50141853052234,20.71145659779096,0.2926046223908348,0.29260463579344176,0.2926046223908348,-1.340260696869322e-08,7.75,0.2926046223908348,0.2926046223908348,0.29260463579344176,-1.968281503138832e-05,135.99739646383742,0.0,80.30195948797905,2145.1108758942455,1935.3820306463458,13.666666666666666,False,"morning depletion (0.292605 -> 0.292605, -0.000 Wh); FLAG 20x15E: (11.17 m/s, 1820 rpm) not on the map; used C_T(J) similarity; FLAG 20x15E: (11.36 m/s, 1851 rpm) not on the map; used C_T(J) similarity",0.9565968342798119,1.096781152426787,True,1000.000012402607
6.0,0.39219706226353046,1.188493810649184,0.33223565952669804,0.4525465353047194,0.25771623722609566,0.042735145797851905,0.9131326948988246,2.8345324779454,0.17748742168405002,1.5860749939864234,2.1903383128582576,2.1903383128582576,0.09947583103641405,0.4476412396638632,0.14534556960234463,0.004781695543094415,1.616630836527111,1.343369163472889,36.88732075486509,35.09096962712658,1.7963511277385071,0.010688215700664593,-0.005951239975096838,3.8494695948709867,-5.243004699606178,2,one_per_bay,True,48+23+23,3,94,48,23,0,A40-12L-V4-kv410-direct,17x12E,10.41661779936526,2.049599043733668,17.56441100519852,0.08178854426092956,8.56217841254509,11.130831936308619,11.31534362694879,84.60096223608016,85.80147753841044,13.967044234974846,0.2954014846787405,0.29540151063091896,0.2954014846787405,-2.595217846179665e-08,7.75,0.2954014846787405,0.2954014846787405,0.29540151063091896,-3.811287830183447e-05,140.1048155062449,0.0,70.51586545976129,2122.5307614111475,1922.728375514794,13.75,False,"morning depletion (0.295402 -> 0.295401, -0.000 Wh); FLAG 17x12E: shaft power table 32.5 W vs similarity 27.1 W (17%) at 2313 rpm, 11.13 m/s; FLAG 17x12E: shaft power table 33.1 W vs similarity 27.5 W (17%) at 2350 rpm, 11.32 m/s",0.9597303949982461,1.0921970622635304,True,1000.0000249521785
6.0,0.39219706226353046,1.188493810649184,0.33223565952669804,0.4525465353047194,0.25771623722609566,0.042735145797851905,0.9131326948988246,2.834749646208153,0.17748742168405002,1.587930703393358,2.1953383128582575,2.1953383128582575,0.09949577313029828,0.4477309790863423,0.1453528540402607,0.004782683179225302,1.617343982743356,1.342656017256644,36.882838085607524,35.081981873791555,1.8008562118159714,0.010692720691996867,-0.0059524691749842035,3.849633309333341,-5.2421567157680835,2,one_per_bay,True,48+23+23,3,94,48,23,0,A40-12L-V4-kv410-direct,17x12E,10.417221002055646,2.049997482433451,17.560997176087348,0.08178838382251051,8.561594177605288,11.130072430886875,11.31457153148614,84.60435684684687,85.80469327782355,13.965369193174269,0.2953694847128132,0.2953695107996304,0.2953694847128132,-2.6086817206394386e-08,7.75,0.2953694847128132,0.2953694847128132,0.2953695107996304,-3.831060621493121e-05,140.05782096168883,0.0,70.43580996245097,2122.5307614111475,1922.8080127418416,13.75,False,"morning depletion (0.295370 -> 0.295369, -0.000 Wh); FLAG 17x12E: shaft power table 32.5 W vs similarity 27.1 W (17%) at 2313 rpm, 11.13 m/s; FLAG 17x12E: shaft power table 33.1 W vs similarity 27.5 W (17%) at 2350 rpm, 11.31 m/s",0.9597592457880131,1.0921970622635304,True,1000.0000250868172
6.0,0.39219706226353046,1.188493810649184,0.33223565952669804,0.4525465353047194,0.25771623722609566,0.042735145797851905,0.9131326948988246,2.8349668144709055,0.17748742168405002,1.5897864128002928,2.2003383128582574,2.2003383128582574,0.0995157132263757,0.4478207095186907,0.14536013920837706,0.0047836706236415874,1.6180571289596029,1.3419428710403971,36.878374311448354,35.073011239794596,1.805363071653757,0.010697225711031006,-0.005953698136265913,3.849797019451025,-5.24130757594245,2,one_per_bay,True,48+23+23,3,94,48,23,0,A40-12L-V4-kv410-direct,17x12E,10.417824204512097,2.0503959211332337,17.557584673745914,0.08178820638963713,8.56101012978261,11.129313168717392,11.313799683308053,84.60775534364747,85.80791311543247,13.963694582679066,0.2953374481023796,0.29533747432400215,0.2953374481023796,-2.6221622539956968e-08,7.75,0.2953374481023796,0.2953374481023796,0.29533747432400215,-3.850857877743005e-05,140.01077260170408,0.0,70.35565715084806,2122.5307614111475,1922.8877454083201,13.75,False,"morning depletion (0.295337 -> 0.295337, -0.000 Wh); FLAG 17x12E: shaft power table 32.5 W vs similarity 27.1 W (17%) at 2313 rpm, 11.13 m/s; FLAG 17x12E: shaft power table 33.1 W vs similarity 27.5 W (17%) at 2350 rpm, 11.31 m/s",0.9597880896794977,1.0921970622635304,True,1000.0000252216225
6.0,0.41178115242678703,1.1896046237273867,0.3425548483298606,0.4168723034471134,0.2309025977539103,0.0,0.1608261911808652,3.0,0.1716601575282616,1.54256042274366,2.21,2.21,0.10370909105426827,0.46669090974420724,0.14665760064225325,0.005027715358223806,1.623812055580009,1.336187944419991,36.28202652520908,34.32538269370878,1.9566438315003019,0.011748394038684372,-0.006263281680874169,3.8844186707044916,-5.058083455781657,2,one_per_bay,True,51+23+23,3,97,51,23,0,A40-12L-V4-kv410-direct,MJ-21x14EL,10.478313591677704,2.1207250732654437,16.975326247531004,0.08132496528947321,8.44226292301522,10.974941799919785,11.156869357335792,86.64432519961734,89.5633015811838,22.284962170413955,0.2788492311673369,0.2788492581402758,0.2788492311673369,-2.6972938882430242e-08,7.75,0.2788492311673369,0.2788492311673369,0.2788492581402758,-3.961194774389333e-05,115.79648915013968,0.0,70.87117630105467,2190.2711048604406,1989.6265607336627,13.666666666666666,False,"morning depletion (0.278849 -> 0.278849, -0.000 Wh)",0.9481666802574266,1.1117811524267869,True,1000.0000259729388
6.0,0.40678115242678703,1.1896046237273867,0.3425548483298606,0.4168723034471134,0.2309025977539103,0.0,0.1608261911808652,3.0,0.16957579601102604,1.54256042274366,2.21,2.21,0.10228281534316228,0.46027266904423025,0.14617986327957372,0.004950488041857762,1.6044146809050335,1.3555853190949665,36.915274589843406,34.982748552335565,1.9325260375078408,0.01139957388353924,-0.006167075670510567,3.8728929444129143,-5.108440841042227,2,one_per_bay,True,51+23+23,3,97,51,23,0,A40-12L-V4-kv410-direct,MJ-21x14EL,10.441684627329554,2.0949744401831962,17.183980534317143,0.08126313430970818,8.479129824904618,11.022868772376004,11.205590797516054,86.62589667919865,89.59784177693163,22.44765512942905,0.27901997464008943,0.27902000168512736,0.27901997464008943,-2.7045037931383575e-08,7.75,0.27901997464008943,0.27901997464008943,0.27902000168512736,-3.9717831043150134e-05,116.04723978394213,0.0,70.77087816618813,2190.2711048604406,1989.731619644004,13.666666666666666,False,"morning depletion (0.279020 -> 0.279020, -0.000 Wh)",0.9509730586212606,1.106781152426787,True,1000.0000260450379
6.0,0.401781152426787,1.1896046237273867,0.3425548483298606,0.4168723034471134,0.2309025977539103,0.0,0.1608261911808652,3.0,0.16749143449379048,1.54256042274366,2.21,2.21,0.10086144908352825,0.45387652087587704,0.1457052282713766,0.004873762228053204,1.584534521646292,1.375465478353708,37.56681848848985,35.658247194140934,1.9085712943489201,0.011056180743018772,-0.006071494407488943,3.861364367082112,-5.159016638268008,2,one_per_bay,True,51+23+23,3,97,51,23,0,A40-12L-V4-kv410-direct,MJ-21x14EL,10.405105710956263,2.0692238071009488,17.397828053427045,0.08120424793246925,8.516769202510162,11.07179996326321,11.255333102685404,86.63430712635778,89.66334989915305,22.61294722938756,0.2789374317452713,0.2789374600131947,0.2789374317452713,-2.8267923390945526e-08,7.75,0.2789374317452713,0.2789374317452713,0.2789374600131947,-4.151373749339196e-05,115.92601885023456,0.0,69.98053337455782,2190.2711048604406,1990.5234796848,13.666666666666666,False,"morning depletion (0.278937 -> 0.278937, -0.000 Wh)",0.9537831190736984,1.101781152426787,True,1000.0000272679234
6.0,0.391781152426787,1.1896046237273867,0.3425548483298606,0.4168723034471134,0.2309025977539103,0.0,0.1608261911808652,3.0,0.16332271145931934,1.5406376792380447,2.205,2.205,0.0980114781748082,0.44105165178663686,0.1447571791925215,0.004720721589016075,1.6624382606649792,1.2975617393350207,35.772505596857734,33.91544226900721,1.8570633278505255,0.010384190015262558,-0.0058808438708903175,3.8381045858539875,-5.259299085551635,2,one_per_bay,True,48+22+22,3,92,48,22,0,A40-12L-V4-kv410-direct,16x12E,10.337952648053527,2.0172832739527804,17.84578321985466,0.08106161223608933,8.597836629754363,11.177187618680673,11.362467730349406,83.14127616732907,84.59490434659995,12.19413168711389,0.3072422311340389,0.3072422903680698,0.3072422311340389,-5.923403090246637e-08,7.75,0.3072422311340389,0.3072422311340389,0.3072422903680698,-8.698997713953423e-05,157.49391173637403,0.0,58.1892018936932,2077.3705324449547,1890.290316853424,13.75,False,"morning depletion (0.307242 -> 0.307242, -0.000 Wh); FLAG 16x12E: shaft power table 31.4 W vs similarity 26.2 W (17%) at 2407 rpm, 11.18 m/s; FLAG 16x12E: shaft power table 31.9 W vs similarity 26.7 W (16%) at 2449 rpm, 11.36 m/s",0.9593826233413133,1.0917811524267869,True,1000.0000582340309
5.7819621630374165,0.40810437784135173,1.2030180559880177,0.3731392693617571,0.5363180969441051,0.4665815455036511,2.7390053154101834,0.7861655185558842,2.476625330263415,0.2188737632784318,1.8573544982212176,1.9064810109147894,1.9064810109147894,0.10734158142897242,0.48303711643037583,0.15066581955094485,0.0055390532048486775,1.7412249883663629,1.1097560931523454,35.65627815182868,33.69638527256069,1.9598928792679933,0.013911545449182177,-0.00724122939032103,3.335652796577943,-5.103313449921769,2,one_per_bay,True,42+29+29,3,100,42,29,0,A40-12L-V4-kv410-direct,17x12E,10.644272901896825,2.1640502776626658,15.448387128465594,0.08529175576112707,8.770977639110761,11.40227093084399,11.591282165460207,90.52703375690368,91.99413287817454,13.927020134736136,0.24527760349521127,0.24527768948089546,0.24527760349521127,-8.598568418394237e-08,7.75,0.24527760349521127,0.24527760349521127,0.24527768948089546,-0.0001262769490363505,66.49383188975789,0.0,59.66853874383884,2258.0114483097323,2067.6865761587155,13.75,False,"morning depletion (0.245278 -> 0.245278, -0.000 Wh); FLAG 17x12E: shaft power table 35.3 W vs similarity 29.3 W (17%) at 2372 rpm, 11.40 m/s; FLAG 17x12E: shaft power table 35.9 W vs similarity 29.8 W (17%) at 2412 rpm, 11.59 m/s",0.971075058377384,1.1081043778413517,True,1000.0000849856842
6.0,0.396781152426787,1.1896046237273867,0.3425548483298606,0.4168723034471134,0.2309025977539103,0.0,0.1608261911808652,3.0,0.1654070729765549,1.5406376792380447,2.205,2.205,0.09942277637609913,0.44740249369244606,0.1452255455052383,0.004796437480416423,1.6833672491041707,1.2766327508958293,35.08246080450534,33.20181811063803,1.8806426938673064,0.010716695338752136,-0.00597516702201763,3.849636453687606,-5.208568818164561,2,one_per_bay,True,48+22+22,3,92,48,22,0,A40-12L-V4-kv410-direct,16x12E,10.374423656497441,2.0430283010100703,17.620901277873465,0.08111850659113293,8.558549393287556,11.126114211273824,11.310547697928245,83.35852019890851,84.80144686691949,12.099337861355066,0.30519457379751974,0.3051946625157356,0.30519457379751974,-8.871821588485318e-08,7.75,0.30519457379751974,0.30519457379751974,0.3051946625157356,-0.0001302898933957624,154.48676091142508,0.0,53.06142880656747,2077.3705324449547,1895.394483120901,13.75,False,"morning depletion (0.305195 -> 0.305195, -0.000 Wh); FLAG 16x12E: shaft power table 31.5 W vs similarity 26.3 W (16%) at 2405 rpm, 11.13 m/s; FLAG 16x12E: shaft power table 32.0 W vs similarity 26.8 W (16%) at 2446 rpm, 11.31 m/s",0.9565648180143902,1.096781152426787,True,1000.0000877182159
6.0,0.391781152426787,1.1896046237273867,0.3425548483298606,0.4168723034471134,0.2309025977539103,0.0,0.1608261911808652,3.0,0.16332271145931934,1.54256042274366,2.21,2.21,0.09803329952821746,0.4411498478769786,0.14476514522098827,0.004721795694107663,1.6632519124954621,1.2967480875045378,35.860125485475194,33.99342504672728,1.8667004387479091,0.010428430729843995,-0.005882181938434747,3.8384889328177367,-5.257537826453883,2,one_per_bay,True,51+22+22,3,95,51,22,0,A40-12L-V4-kv410-direct,18x12E,10.39391291147663,2.0177225409364534,17.84189811513524,0.08106193641270341,8.620137179329769,11.2061783331287,11.391939013165215,86.30571750038106,87.24606127619802,16.280764870655638,0.2802890588263677,0.2802891587692436,0.2802890588263677,-9.994287591963413e-08,7.75,0.2802890588263677,0.2802890588263677,0.2802891587692436,-0.00014677421676440863,117.91099281020954,0.0,54.53310487015794,2145.1108758942455,1960.9757437112735,13.75,False,"morning depletion (0.280289 -> 0.280289, -0.000 Wh); FLAG 18x12E: shaft power table 33.3 W vs similarity 26.9 W (19%) at 2231 rpm, 11.21 m/s; FLAG 18x12E: shaft power table 34.0 W vs similarity 27.1 W (20%) at 2265 rpm, 11.39 m/s",0.9594141772015422,1.0917811524267869,True,1000.0000989428759
6.0,0.396781152426787,1.1896046237273867,0.3425548483298606,0.4168723034471134,0.2309025977539103,0.0,0.1608261911808652,3.0,0.1654070729765549,1.54256042274366,2.21,2.21,0.09944495582879487,0.4475023012295769,0.14523366549613032,0.0047975330475969495,1.6841533265098318,1.2758466734901681,35.168410490458015,33.27802323000897,1.8903872604490455,0.010761797805440147,-0.0059765318259818664,3.850022695403104,-5.206807565691156,2,one_per_bay,True,51+22+22,3,95,51,22,0,A40-12L-V4-kv410-direct,18x12E,10.43039316886717,2.043473174018701,17.6170651309321,0.08111891253079832,8.580670641576654,11.15487183404965,11.33978202519728,86.51550342555899,87.44645504645766,16.15822038698307,0.27831105575110143,0.27831120844361984,0.27831105575110143,-1.5269251840699383e-07,7.75,0.27831105575110143,0.27831105575110143,0.27831120844361984,-0.00022424134375513587,115.00613491555333,0.0,49.57221735696809,2145.1108758942455,1965.9143363276214,13.75,False,"morning depletion (0.278311 -> 0.278311, -0.000 Wh); FLAG 18x12E: shaft power table 33.3 W vs similarity 27.0 W (19%) at 2228 rpm, 11.15 m/s; FLAG 18x12E: shaft power table 34.0 W vs similarity 27.3 W (20%) at 2262 rpm, 11.34 m/s",0.9565968342798119,1.096781152426787,True,1000.0001516925184
6.0,0.396781152426787,1.1896046237273867,0.3425548483298606,0.4168723034471134,0.2309025977539103,0.0,0.1608261911808652,3.0,0.1654070729765549,1.54256042274366,2.21,2.21,0.09944495582879487,0.4475023012295769,0.14523366549613032,0.0047975330475969495,1.6841533265098318,1.2758466734901681,35.03697647635347,33.153654112565604,1.8833223637878698,0.010705313745560947,-0.0059765318259818664,3.849783576812192,-5.2080145325424985,2,one_per_bay,True,51+22+22,3,95,51,22,0,A40-12L-V4-kv410-direct,MJ-21x14EL,10.352576361510513,2.043473174018701,17.6170651309321,0.08111887527203225,8.5486023174641,11.113183012703331,11.297402143654255,86.21596142807091,89.2719169473285,22.803191038832935,0.2810973572678894,0.28109785683433086,0.2810973572678894,-4.995664414364498e-07,7.833333333333333,0.2810973572678894,0.2810973572678894,0.28109785683433086,-0.00073365382463657,119.0980446092957,0.0,35.12892129760621,2145.1108758942455,1980.50661834608,13.75,False,"morning depletion (0.281098 -> 0.281097, -0.001 Wh)",0.9565968342798119,1.096781152426787,True,1000.0004985664415
6.0,0.391781152426787,1.1896046237273867,0.3425548483298606,0.4168723034471134,0.2309025977539103,0.0,0.1608261911808652,3.0,0.16332271145931934,1.54256042274366,2.21,2.21,0.09803329952821746,0.4411498478769786,0.14476514522098827,0.004721795694107663,1.6632519124954621,1.2967480875045378,35.725635080441606,33.865935545753146,1.8596995346884613,0.010372958823072934,-0.005882181938434747,3.838248971813898,-5.2587530435250756,2,one_per_bay,True,51+22+22,3,95,51,22,0,A40-12L-V4-kv410-direct,MJ-21x14EL,10.316096104119975,2.0177225409364534,17.84189811513524,0.08106190014071563,8.587808074927647,11.164150497405942,11.349214497529626,86.27695021343678,89.39822734890296,22.97415935797366,0.2805150319831943,0.2805156715402477,0.2805150319831943,-6.39557053427886e-07,7.833333333333333,0.2805150319831943,0.2805150319831943,0.2805156715402477,-0.0009392413889361556,118.24285271315725,0.0,32.99457240977442,2145.1108758942455,1982.6398957610152,13.75,False,"morning depletion (0.280516 -> 0.280515, -0.001 Wh); FLAG MJ-21x14EL: thrust table 1.99 N vs similarity 2.35 N (15%) at 1787 rpm, 11.35 m/s",0.9594141772015422,1.0917811524267869,True,1000.0006385570534
6.0,0.396781152426787,1.1896046237273867,0.3425548483298606,0.4168723034471134,0.2309025977539103,0.0,0.1608261911808652,3.0,0.1654070729765549,1.54256042274366,2.21,2.21,0.09944495582879487,0.4475023012295769,0.14523366549613032,0.0047975330475969495,1.6841533265098318,1.2758466734901681,35.242641876307616,33.34826449904127,1.894377377266342,0.010793658001124555,-0.0059765318259818664,3.8501573503755067,-5.2061278857905116,2,one_per_bay,True,51+22+22,3,95,51,22,0,A40-12L-V4-kv410-direct,205x14E,10.474471343723225,2.043473174018701,17.6170651309321,0.08111893351162229,8.598782210008672,11.178416873011274,11.36371736157511,86.89888058538946,88.4391813274627,21.24031176453534,0.2746958047122835,0.27469644928010634,0.2746958047122835,-6.445678228383933e-07,7.75,0.2746958047122835,0.2746958047122835,0.27469644928010634,-0.0009466001100940863,109.69684563658659,0.0,34.12281368155486,2145.1108758942455,1981.3612166555924,13.75,False,"morning depletion (0.274696 -> 0.274696, -0.001 Wh); FLAG 205x14E: (11.18 m/s, 1889 rpm) not on the map; used C_T(J) similarity; FLAG 205x14E: (11.36 m/s, 1922 rpm) not on the map; used C_T(J) similarity",0.9565968342798119,1.096781152426787,True,1000.0006435678229
6.0,0.39219706226353046,1.188493810649184,0.33223565952669804,0.4525465353047194,0.25771623722609566,0.042735145797851905,0.9131326948988246,2.834749646208153,0.17748742168405002,1.587930703393358,2.1953383128582575,2.1953383128582575,0.09949577313029828,0.4477309790863423,0.1453528540402607,0.004782683179225302,1.617343982743356,1.342656017256644,36.91131093496798,35.10906449641512,1.8022464385528578,0.01070433097208268,-0.0059524691749842035,3.849682590902105,-5.2419081549877085,2,one_per_bay,True,48+23+23,3,94,48,23,0,A40-12L-V4-kv410-direct,18x12E,10.433311003129331,2.049997482433451,17.560997176087348,0.08178839131754984,8.568203565438687,11.138664635070294,11.323306165465398,86.60075512571667,87.53549040801686,16.132808109965204,0.27654635501732666,0.2765480984862145,0.27654635501732666,-1.7434688878159577e-06,7.75,0.27654635501732666,0.27654635501732666,0.2765480984862145,-0.002560425424099989,112.4145288041618,0.0,25.031414530479857,2122.5307614111475,1967.9991596607717,13.75,False,"morning depletion (0.276548 -> 0.276546, -0.003 Wh); FLAG 18x12E: shaft power table 33.3 W vs similarity 27.1 W (19%) at 2227 rpm, 11.14 m/s; FLAG 18x12E: shaft power table 34.1 W vs similarity 27.3 W (20%) at 2261 rpm, 11.32 m/s",0.9597592457880131,1.0921970622635304,True,1000.0017424688879
6.0,0.40678115242678703,1.1896046237273867,0.3425548483298606,0.4168723034471134,0.2309025977539103,0.0,0.1608261911808652,3.0,0.16957579601102604,1.5406376792380447,2.205,2.205,0.10225991181566288,0.46016960317048294,0.146171429833707,0.004949348723490643,1.6036817187426378,1.3563182812573622,36.87715583122807,34.9516975264643,1.925458304763769,0.011376211932355614,-0.006165656363459744,3.8725979702468543,-5.109698115174156,2,one_per_bay,True,48+23+23,3,94,48,23,0,A40-12L-V4-kv410-direct,MJ-21x14EL,10.416992846035747,2.0945183551246505,17.187722376325294,0.08126218052433458,8.47002048838326,11.01102663489824,11.193552357298358,86.29730854300325,89.23825890856365,22.481612136063887,0.27930197321555,0.27931829028130967,0.27930197321555,-1.6317065759663407e-05,7.833333333333333,0.27930197321555,0.27930197321555,0.27931829028130967,-0.023962934073397578,116.46137755675534,0.0,11.922019018238649,2122.530761411148,1981.2801462790615,13.75,False,"morning depletion (0.279318 -> 0.279302, -0.024 Wh)",0.9509401116382807,1.106781152426787,True,1000.0163160657596
6.0,0.401781152426787,1.1896046237273867,0.3425548483298606,0.4168723034471134,0.2309025977539103,0.0,0.1608261911808652,3.0,0.16749143449379048,1.5406376792380447,2.205,2.205,0.10083890891598667,0.45377509012193995,0.14569695248338882,0.004872644924448771,1.5837753323608634,1.3762246676391365,37.5282359573617,35.62664968179951,1.9015862755621888,0.011033273045066372,-0.006070102525351826,3.8610716242814163,-5.160269252859256,2,one_per_bay,True,48+23+23,3,94,48,23,0,A40-12L-V4-kv410-direct,MJ-21x14EL,10.38042323369861,2.06877332806736,17.40161646110889,0.08120335877802881,8.507587795287172,11.059864133873324,11.243199417459353,86.30169131523044,89.29874931251335,22.647267752797667,0.2792520266730851,0.27927009864445224,0.2792520266730851,-1.8071971367161765e-05,7.833333333333333,0.2792520266730851,0.2792520266730851,0.27927009864445224,-0.02654015524765277,116.38802700942593,0.0,11.24759346097764,2122.530761411148,1981.96043603768,13.75,False,"morning depletion (0.279270 -> 0.279252, -0.027 Wh)",0.9537506384414148,1.101781152426787,True,1000.0180709713671
6.0,0.401781152426787,1.1896046237273867,0.3425548483298606,0.4168723034471134,0.2309025977539103,0.0,0.1608261911808652,3.0,0.16749143449379048,1.54256042274366,2.21,2.21,0.10086144908352825,0.45387652087587704,0.1457052282713766,0.004873762228053204,1.584534521646292,1.375465478353708,37.73253238574912,35.815542045015405,1.9169903407337139,0.011124028878273278,-0.006071494407488943,3.861645456114846,-5.1576024693526765,2,one_per_bay,True,51+23+23,3,97,51,23,0,A40-12L-V4-kv410-direct,MJ-20x13E,10.497105710956262,2.0692238071009488,17.397828053427045,0.08120429251833207,8.554338181555806,11.120639636022549,11.30498237266467,90.98183115059706,91.29051902843734,20.21743979226891,0.23347218068893474,0.2380804385529779,0.23347218068893474,-0.004608257864043147,7.833333333333333,0.23347218068893474,0.23347218068893474,0.2380804385529779,-6.767600315876878,49.15661130229705,0.0,0.0,2190.2711048604406,2066.7022743723605,13.833333333333332,False,"morning depletion (0.238080 -> 0.233472, -6.768 Wh); FLAG MJ-20x13E: thrust table 2.04 N vs similarity 2.77 N (26%) at 2029 rpm, 11.12 m/s; FLAG MJ-20x13E: thrust table 2.05 N vs similarity 2.72 N (25%) at 2056 rpm, 11.30 m/s",0.9537831190736984,1.101781152426787,True,1004.6082568640431
6.0,0.40678115242678703,1.1896046237273867,0.3425548483298606,0.4168723034471134,0.2309025977539103,0.0,0.1608261911808652,3.0,0.16957579601102604,1.54256042274366,2.21,2.21,0.10228281534316228,0.46027266904423025,0.14617986327957372,0.004950488041857762,1.6044146809050335,1.3555853190949665,36.92941338367361,34.99614717593761,1.9332662077360032,0.011405592860369386,-0.006167075670510567,3.8729173994659165,-5.108318214601295,2,one_per_bay,True,51+23+23,3,97,51,23,0,A40-12L-V4-kv410-direct,MJ-21x13p5EL,10.449684627329553,2.0949744401831962,17.183980534317143,0.08126313830899026,8.482377387594749,11.027090603873173,11.209882612754924,89.9949238025612,93.164554815432,22.019140862387033,0.23892377655546582,0.24720195249329416,0.23892377655546582,-0.008278175937828341,7.833333333333333,0.23892377655546582,0.23892377655546582,0.24720195249329416,-12.157172568155337,57.16272185358441,0.0,0.0,2190.2711048604406,2072.3668891433945,13.75,False,"morning depletion (0.247202 -> 0.238924, -12.157 Wh); FLAG MJ-21x13p5EL: thrust table 2.04 N vs similarity 0.00 N (100%) at 1700 rpm, 11.03 m/s",0.9509730586212606,1.106781152426787,True,1008.2781749378283
6.0,0.40678115242678703,1.1896046237273867,0.3425548483298606,0.4168723034471134,0.2309025977539103,0.0,0.1608261911808652,3.0,0.16957579601102604,1.54256042274366,2.21,2.21,0.10228281534316228,0.46027266904423025,0.14617986327957372,0.004950488041857762,1.6044146809050335,1.3555853190949665,37.07754520540363,35.136524251003614,1.9410209544000163,0.011468582950089035,-0.006167075670510567,3.873173053051535,-5.107036275397482,2,one_per_bay,True,51+23+23,3,97,51,23,0,A40-12L-V4-kv410-direct,MJ-20x13E,10.533684627329555,2.0949744401831962,17.183980534317143,0.08126318011646408,8.516402028115612,11.071322636550297,11.254847863503834,91.27764322970611,91.56727618678836,20.06938107846814,0.22594733509042636,0.23527319640191993,0.22594733509042636,-0.009325861311493572,7.833333333333333,0.22594733509042636,0.22594733509042636,0.23527319640191993,-13.695783486845459,38.105765418271396,0.0,0.0,2190.2711048604406,2073.608039243268,13.833333333333332,False,"morning depletion (0.235273 -> 0.225947, -13.696 Wh); FLAG MJ-20x13E: thrust table 2.06 N vs similarity 2.78 N (26%) at 2025 rpm, 11.07 m/s; FLAG MJ-20x13E: thrust table 2.06 N vs similarity 2.74 N (25%) at 2052 rpm, 11.25 m/s",0.9509730586212606,1.106781152426787,True,1009.3258603114936
6.0,0.401781152426787,1.1896046237273867,0.3425548483298606,0.4168723034471134,0.2309025977539103,0.0,0.1608261911808652,3.0,0.16749143449379048,1.54256042274366,2.21,2.21,0.10086144908352825,0.45387652087587704,0.1457052282713766,0.004873762228053204,1.584534521646292,1.375465478353708,37.58125740010238,35.67195254104572,1.909304859056662,0.011062098080482547,-0.006071494407488943,3.86138890807327,-5.158893171675675,2,one_per_bay,True,51+23+23,3,97,51,23,0,A40-12L-V4-kv410-direct,MJ-21x13p5EL,10.413105710956263,2.0692238071009488,17.397828053427045,0.08120425182521365,8.520042646541013,11.076055440503318,11.259659121400265,90.05010663518067,93.28417476616883,22.18181573954479,0.23703865936538013,0.24666788094218137,0.23703865936538013,-0.009629221576801239,7.833333333333333,0.23703865936538013,0.23703865936538013,0.24666788094218137,-14.141292633228035,54.39427441260384,0.0,0.0,2190.2711048604406,2074.3517575869782,13.75,False,"morning depletion (0.246668 -> 0.237039, -14.141 Wh); FLAG MJ-21x13p5EL: thrust table 2.03 N vs similarity 0.00 N (100%) at 1705 rpm, 11.08 m/s",0.9537831190736984,1.101781152426787,True,1009.6292205768012
6.0,0.401781152426787,1.1896046237273867,0.3425548483298606,0.4168723034471134,0.2309025977539103,0.0,0.1608261911808652,3.0,0.16749143449379048,1.54256042274366,2.21,2.21,0.10086144908352825,0.45387652087587704,0.1457052282713766,0.004873762228053204,1.584534521646292,1.375465478353708,37.570428736621366,35.66167402466546,1.9087547119559072,0.011057660389625861,-0.006071494407488943,3.861370504098362,-5.158985762722853,2,one_per_bay,True,51+23+23,3,97,51,23,0,A40-12L-V4-kv410-direct,MJ-20x13EL,10.407105710956262,2.0692238071009488,17.397828053427045,0.08120424890593755,8.517587681458792,11.072863985896431,11.256414763228893,91.32045040228674,91.83361616328425,20.349202607594837,0.22330304162223436,0.23486695029117224,0.22330304162223436,-0.011563908668937889,7.833333333333333,0.22330304162223436,0.22330304162223436,0.23486695029117224,-16.98253749455169,34.22240605805834,0.0,0.0,2190.2711048604406,2076.9079948917033,13.833333333333332,False,"morning depletion (0.234867 -> 0.223303, -16.983 Wh); FLAG MJ-20x13EL: thrust table 2.02 N vs similarity 2.68 N (24%) at 2050 rpm, 11.07 m/s; FLAG MJ-20x13EL: thrust table 2.03 N vs similarity 2.63 N (23%) at 2078 rpm, 11.26 m/s",0.9537831190736984,1.101781152426787,True,1011.5639076689379
6.0,0.396781152426787,1.1896046237273867,0.3425548483298606,0.4168723034471134,0.2309025977539103,0.0,0.1608261911808652,3.0,0.1654070729765549,1.54256042274366,2.21,2.21,0.09944495582879487,0.4475023012295769,0.14523366549613032,0.0047975330475969495,1.6841533265098318,1.2758466734901681,35.19701076176287,33.30508616744613,1.8919245943167433,0.010774076612712036,-0.0059765318259818664,3.850074609629405,-5.2065455251963595,2,one_per_bay,True,51+22+22,3,95,51,22,0,A40-12L-V4-kv410-direct,19x12E,10.447364841431915,2.043473174018701,17.6170651309321,0.08111892061970535,8.587648764980704,11.163943394474916,11.349003961529789,89.47862276524813,90.24269223480869,18.09620277167247,0.23668200171697773,0.2503140120170074,0.23668200171697773,-0.013632010300029695,7.833333333333333,0.23668200171697773,0.23668200171697773,0.2503140120170074,-20.01971242372604,53.870493737737206,0.0,0.0,2145.1108758942455,2035.2549859731673,13.833333333333332,False,"morning depletion (0.250314 -> 0.236682, -20.020 Wh); FLAG 19x12E: shaft power table 34.3 W vs similarity 28.0 W (18%) at 2164 rpm, 11.16 m/s; FLAG 19x12E: shaft power table 35.1 W vs similarity 28.1 W (20%) at 2195 rpm, 11.35 m/s",0.9565968342798119,1.096781152426787,True,1013.6320093000297
6.0,0.40678115242678703,1.1896046237273867,0.3425548483298606,0.4168723034471134,0.2309025977539103,0.0,0.1608261911808652,3.0,0.16957579601102604,1.54256042274366,2.21,2.21,0.10228281534316228,0.46027266904423025,0.14617986327957372,0.004950488041857762,1.6044146809050335,1.3555853190949665,36.918809795932155,34.986098689292625,1.9327111066395317,0.011401078952900741,-0.006167075670510567,3.8728990599322644,-5.108410175626413,2,one_per_bay,True,51+23+23,3,97,51,23,0,A40-12L-V4-kv410-direct,MJ-20x13EL,10.443684627329553,2.0949744401831962,17.183980534317143,0.08126313530981763,8.479941832175792,11.023924381828529,11.206663905416661,91.55309786515681,92.05037894767472,20.19965173831246,0.21739059601464822,0.23265872038985544,0.21739059601464822,-0.01526812437520722,7.833333333333333,0.21739059601464822,0.21739059601464822,0.23265872038985544,-22.422478601022224,25.539500295836405,0.0,0.0,2190.2711048604406,2082.3300397693733,13.833333333333332,False,"morning depletion (0.232659 -> 0.217391, -22.422 Wh); FLAG MJ-20x13EL: thrust table 2.04 N vs similarity 2.69 N (24%) at 2047 rpm, 11.02 m/s; FLAG MJ-20x13EL: thrust table 2.05 N vs similarity 2.65 N (23%) at 2074 rpm, 11.21 m/s",0.9509730586212606,1.106781152426787,True,1015.2681233752072
6.0,0.396781152426787,1.1896046237273867,0.3425548483298606,0.4168723034471134,0.2309025977539103,0.0,0.1608261911808652,3.0,0.1654070729765549,1.5406376792380447,2.205,2.205,0.09942277637609913,0.44740249369244606,0.1452255455052383,0.004796437480416423,1.6833672491041707,1.2766327508958293,35.00371487906309,33.12729346688352,1.8764214121795706,0.010682843976057205,-0.00597516702201763,3.849492947240579,-5.2092932178286055,2,one_per_bay,True,48+22+22,3,92,48,22,0,A40-12L-V4-kv410-direct,MJ-21x14EL,10.327903160546564,2.0430283010100703,17.620901277873465,0.08111848424346231,8.539338913835357,11.101140587985965,11.285160096109344,85.88156975345953,88.90483763357494,22.83795812533843,0.26528971302568555,0.28131509116821746,0.26528971302568555,-0.01602537814253191,7.833333333333333,0.26528971302568555,0.26528971302568555,0.28131509116821746,-23.53456715729264,95.8832373387348,0.0,0.0,2077.3705324449547,1971.8942308641977,13.833333333333332,False,"morning depletion (0.281315 -> 0.265290, -23.535 Wh)",0.9565648180143902,1.096781152426787,True,1016.0253771425319
6.0,0.396781152426787,1.1896046237273867,0.3425548483298606,0.4168723034471134,0.2309025977539103,0.0,0.1608261911808652,3.0,0.1654070729765549,1.54256042274366,2.21,2.21,0.09944495582879487,0.4475023012295769,0.14523366549613032,0.0047975330475969495,1.6841533265098318,1.2758466734901681,35.19231327540375,33.30064118235862,1.8916720930451312,0.010772060168604682,-0.0059765318259818664,3.8500660858100924,-5.206588549739102,2,one_per_bay,True,51+22+22,3,95,51,22,0,A40-12L-V4-kv410-direct,MJ-20x13E,10.444576361510514,2.043473174018701,17.6170651309321,0.08111891929158957,8.586502634611753,11.16245342499528,11.3474892933763,90.41749058383712,90.73507849399786,20.387779907862164,0.21546253616964103,0.24139526163428995,0.21546253616964103,-0.02593272546464892,7.833333333333333,0.21546253616964103,0.21546253616964103,0.24139526163428995,-38.08430999825299,22.70798808426673,0.0,0.0,2145.1108758942455,2053.222118772881,13.916666666666668,False,"morning depletion (0.241395 -> 0.215463, -38.084 Wh); FLAG MJ-20x13E: thrust table 2.02 N vs similarity 2.75 N (27%) at 2030 rpm, 11.16 m/s; FLAG MJ-20x13E: thrust table 2.02 N vs similarity 2.70 N (25%) at 2057 rpm, 11.35 m/s",0.9565968342798119,1.096781152426787,True,1025.932724464649
6.0,0.39219706226353046,1.188493810649184,0.33223565952669804,0.4525465353047194,0.25771623722609566,0.042735145797851905,0.9131326948988246,2.834749646208153,0.17748742168405002,1.587930703393358,2.1953383128582575,2.1953383128582575,0.09949577313029828,0.4477309790863423,0.1453528540402607,0.004782683179225302,1.617343982743356,1.342656017256644,36.94132020683977,35.137608523569654,1.8037116832701152,0.010716563515531763,-0.0059524691749842035,3.8497344906215982,-5.241646389070842,2,one_per_bay,True,48+23+23,3,94,48,23,0,A40-12L-V4-kv410-direct,19x12E,10.450282675694076,2.049997482433451,17.560997176087348,0.08178839921069896,8.57516960223703,11.14772048290814,11.332512128748728,89.56033391075123,90.32739608594126,18.06833994300487,0.2182951567813288,0.24851102238223458,0.2182951567813288,-0.030215865600905778,7.833333333333333,0.2182951567813288,0.2182951567813288,0.24851102238223458,-44.37444856997885,26.8679211244717,0.0,0.0,2122.530761411148,2037.1825574578686,13.916666666666668,False,"morning depletion (0.248511 -> 0.218295, -44.374 Wh); FLAG 19x12E: shaft power table 34.3 W vs similarity 28.0 W (18%) at 2163 rpm, 11.15 m/s; FLAG 19x12E: shaft power table 35.1 W vs similarity 28.1 W (20%) at 2194 rpm, 11.33 m/s",0.9597592457880131,1.0921970622635304,True,1030.215864600906
6.0,0.396781152426787,1.1896046237273867,0.3425548483298606,0.4168723034471134,0.2309025977539103,0.0,0.1608261911808652,3.0,0.1654070729765549,1.54256042274366,2.21,2.21,0.09944495582879487,0.4475023012295769,0.14523366549613032,0.0047975330475969495,1.6841533265098318,1.2758466734901681,35.04712812368201,33.163260084257544,1.8838680394244653,0.010709679691110413,-0.0059765318259818664,3.8498020776969035,-5.207921148111352,2,one_per_bay,True,51+22+22,3,95,51,22,0,A40-12L-V4-kv410-direct,MJ-20x11EWL,10.358576361510513,2.043473174018701,17.6170651309321,0.08111887815484525,8.551079197737641,11.116402957058934,11.300675463838383,90.65974027206897,91.34198249590982,20.389560930565313,0.2066930579724127,0.23908266234329736,0.2066930579724127,-0.03238960437088467,7.833333333333333,0.2066930579724127,0.2066930579724127,0.23908266234329736,-47.56676020278232,9.829298312864163,0.0,0.0,2145.1108758942455,2062.7130422867253,13.916666666666668,False,"morning depletion (0.239083 -> 0.206693, -47.567 Wh)",0.9565968342798119,1.096781152426787,True,1032.3896033708847
6.0,0.391781152426787,1.1896046237273867,0.3425548483298606,0.4168723034471134,0.2309025977539103,0.0,0.1608261911808652,3.0,0.16332271145931934,1.54256042274366,2.21,2.21,0.09803329952821746,0.4411498478769786,0.14476514522098827,0.004721795694107663,1.6632519124954621,1.2967480875045378,35.80609695223248,33.9422089712031,1.8638879810293791,0.010406156017913032,-0.005882181938434747,3.838392642139059,-5.258025464353008,2,one_per_bay,True,51+22+22,3,95,51,22,0,A40-12L-V4-kv410-direct,16x10E,10.36261660007085,2.0177225409364534,17.84189811513524,0.08106192185780653,8.607149679653036,11.189294583548946,11.37477538790347,90.31324621516077,91.94591000463326,11.360775969741388,0.20920032917319875,0.2423903943786589,0.20920032917319875,-0.03319006520546014,7.833333333333333,0.20920032917319875,0.20920032917319875,0.2423903943786589,-48.74230184058622,13.511429363478014,0.0,0.0,2145.1108758942455,2063.980602374383,13.916666666666668,False,"morning depletion (0.242390 -> 0.209200, -48.742 Wh); FLAG 16x10E: (11.19 m/s, 2773 rpm) not on the map; used C_T(J) similarity; FLAG 16x10E: (11.37 m/s, 2821 rpm) not on the map; used C_T(J) similarity",0.9594141772015422,1.0917811524267869,True,1033.1900642054602
6.0,0.396781152426787,1.1896046237273867,0.3425548483298606,0.4168723034471134,0.2309025977539103,0.0,0.1608261911808652,3.0,0.1654070729765549,1.54256042274366,2.21,2.21,0.09944495582879487,0.4475023012295769,0.14523366549613032,0.0047975330475969495,1.6841533265098318,1.2758466734901681,35.04036068558121,33.156856412349,1.8835042732322143,0.01070676926147694,-0.0059765318259818664,3.849789744964884,-5.207983398386607,2,one_per_bay,True,51+22+22,3,95,51,22,0,A40-12L-V4-kv410-direct,MJ-20x13EL,10.354576361510514,2.043473174018701,17.6170651309321,0.08111887623315658,8.549428023953544,11.114256431139607,11.298493355751559,90.80984502276773,91.32928256874267,20.52130603794042,0.2039095960341078,0.2376496788751848,0.2039095960341078,-0.03374008284107699,7.833333333333333,0.2039095960341078,0.2039095960341078,0.2376496788751848,-49.550047334514076,5.741558770360322,0.0,0.0,2145.1108758942455,2064.6739424683537,13.916666666666668,False,"morning depletion (0.237650 -> 0.203910, -49.550 Wh); FLAG MJ-20x13EL: thrust table 2.00 N vs similarity 2.65 N (25%) at 2052 rpm, 11.11 m/s; FLAG MJ-20x13EL: thrust table 2.01 N vs similarity 2.61 N (23%) at 2079 rpm, 11.30 m/s",0.9565968342798119,1.096781152426787,True,1033.740081841077
6.0,0.396781152426787,1.1896046237273867,0.3425548483298606,0.4168723034471134,0.2309025977539103,0.0,0.1608261911808652,3.0,0.1654070729765549,1.54256042274366,2.21,2.21,0.09944495582879487,0.4475023012295769,0.14523366549613032,0.0047975330475969495,1.6841533265098318,1.2758466734901681,35.05051135274436,33.16646145656181,1.8840498961825458,0.010711134604718025,-0.0059765318259818664,3.8498082422771542,-5.207890031987336,2,one_per_bay,True,51+22+22,3,95,51,22,0,A40-12L-V4-kv410-direct,MJ-21x13p5EL,10.360576361510514,2.043473174018701,17.6170651309321,0.0811188791154096,8.551904665078478,11.117476064602021,11.30176635988894,89.66042384124935,92.9262607472663,22.36891196825018,0.2146252019289179,0.24843652875498518,0.2146252019289179,-0.03381132682606727,7.833333333333333,0.2146252019289179,0.2146252019289179,0.24843652875498518,-49.65467490301163,21.478294859799348,0.0,0.0,2145.1108758942455,2065.052847401143,13.833333333333332,False,"morning depletion (0.248437 -> 0.214625, -49.655 Wh); FLAG MJ-21x13p5EL: thrust table 2.00 N vs similarity 0.00 N (100%) at 1707 rpm, 11.12 m/s",0.9565968342798119,1.096781152426787,True,1033.8113258260673
6.0,0.396781152426787,1.1896046237273867,0.3425548483298606,0.4168723034471134,0.2309025977539103,0.0,0.1608261911808652,3.0,0.1654070729765549,1.54256042274366,2.21,2.21,0.09944495582879487,0.4475023012295769,0.14523366549613032,0.0047975330475969495,1.6841533265098318,1.2758466734901681,35.11560958611979,33.228060502190786,1.887549083929005,0.010739117521490522,-0.0059765318259818664,3.8499267420071934,-5.207291896796423,2,one_per_bay,True,51+22+22,3,95,51,22,0,A40-12L-V4-kv410-direct,16x10E,10.399096857461391,2.043473174018701,17.6170651309321,0.08111889757981576,8.567787853774044,11.138124209906259,11.322756781872988,90.43375175467413,92.07490382169723,11.275289801252374,0.2060168564455674,0.24124002897364746,0.2060168564455674,-0.03522317252808008,7.833333333333333,0.2060168564455674,0.2060168564455674,0.24124002897364746,-51.728084790393275,8.836241543541007,0.0,0.0,2145.1108758942455,2066.9583254546674,13.916666666666668,False,"morning depletion (0.241240 -> 0.206017, -51.728 Wh); FLAG 16x10E: (11.14 m/s, 2769 rpm) not on the map; used C_T(J) similarity; FLAG 16x10E: (11.32 m/s, 2817 rpm) not on the map; used C_T(J) similarity",0.9565968342798119,1.096781152426787,True,1035.22317152808
6.0,0.396781152426787,1.1896046237273867,0.3425548483298606,0.4168723034471134,0.2309025977539103,0.0,0.1608261911808652,3.0,0.1654070729765549,1.54256042274366,2.21,2.21,0.09944495582879487,0.4475023012295769,0.14523366549613032,0.0047975330475969495,1.6841533265098318,1.2758466734901681,35.227068537344,33.33352826477386,1.8935402725701416,0.010786976387626985,-0.0059765318259818664,3.850129124023213,-5.2062703601781015,2,one_per_bay,True,51+22+22,3,95,51,22,0,A40-12L-V4-kv410-direct,MJ-20x11EW,10.465216279801073,2.043473174018701,17.6170651309321,0.08111892911366873,8.594982501958954,11.173477252546641,11.35869585884613,91.52695457068116,92.16982573126731,20.451840826261485,0.18446660379289226,0.23080341394700404,0.18446660379289226,-0.046336810154111785,7.833333333333333,0.18446660379289226,0.18446660379289226,0.23080341394700404,-68.04936274997429,-22.812051794695066,0.0,0.0,2145.1108758942455,2083.1291938989307,13.916666666666668,False,"SOC floor violated (min 0.184, unmet 0 Wh); morning depletion (0.230803 -> 0.184467, -68.049 Wh)",0.9565968342798119,1.096781152426787,True,1061.8702053612196
5.98045122319032,0.39613267772815286,1.3698068766208875,0.25549583898727035,0.9532437434532206,0.6501214905543764,3.8490003647043185,0.4161154664102917,1.7250517158329077,0.37761099662173264,2.232101134282216,1.6468070761738094,1.6468070761738094,0.10674639972988458,0.48035879878448057,0.15145752616814653,0.005541266455316295,1.614526342493288,1.3356992691018719,36.62623992365287,35.625540244128,1.0006996795248735,0.014322622235048495,-0.007974698852532883,2.6117260912668736,-5.27668685745697,2,one_per_bay,True,38+38+36,3,112,36,38,0,A40-12L-V4-kv410-direct,20x13E,11.158095513425911,2.3550104172572266,15.187107696369933,0.08463224750687084,9.09945942407688,11.829297251299945,12.025387143539064,104.99876826072403,105.7068173588891,19.84462395883623,0.11179351871444186,0.12015740948064854,0.11179351871444186,-0.00836389076620668,7.833333333333333,0.11179351871444186,0.11179351871444186,0.12015740948064854,-12.283051743479877,-129.53836964470312,0.0,0.0,2528.9728221069,2407.1689374220614,13.833333333333332,False,"SOC floor violated (min 0.112, unmet 0 Wh); morning depletion (0.120157 -> 0.111794, -12.283 Wh); FLAG 20x13E: shaft power table 41.6 W vs similarity 34.8 W (16%) at 2147 rpm, 12.03 m/s",1.1521950891695212,1.0961326777281528,True,1096.5703710517648
6.0,0.391781152426787,1.1896046237273867,0.3425548483298606,0.4168723034471134,0.2309025977539103,0.0,0.1608261911808652,3.0,0.16332271145931934,1.54256042274366,2.21,2.21,0.09803329952821746,0.4411498478769786,0.14476514522098827,0.004721795694107663,1.6632519124954621,1.2967480875045378,35.83235861204122,33.967103579133926,1.8652550329072952,0.010416984765861956,-0.005882181938434747,3.838439464302575,-5.257788346269043,2,one_per_bay,True,51+22+22,3,95,51,22,0,A40-12L-V4-kv410-direct,17x10E,10.377822910402944,2.0177225409364534,17.84189811513524,0.08106192893528177,8.613462516182288,11.197501271036975,11.38311811461944,92.20958218657597,93.86596089342241,13.145833226690478,0.1598395401257889,0.22427804562111853,0.1598395401257889,-0.06443850549532962,7.916666666666667,0.1598395401257889,0.1598395401257889,0.22427804562111853,-94.63317006358035,-58.97889157878232,0.0,0.0,2145.1108758942455,2109.7317911051914,13.916666666666668,False,"SOC floor violated (min 0.160, unmet 0 Wh); morning depletion (0.224278 -> 0.159840, -94.633 Wh); FLAG 17x10E: (11.20 m/s, 2662 rpm) not on the map; used C_T(J) similarity; FLAG 17x10E: (11.38 m/s, 2708 rpm) not on the map; used C_T(J) similarity",0.9594141772015422,1.0917811524267869,True,1104.5989643695407
6.0,0.396781152426787,1.1896046237273867,0.3425548483298606,0.4168723034471134,0.2309025977539103,0.0,0.1608261911808652,3.0,0.1654070729765549,1.54256042274366,2.21,2.21,0.09944495582879487,0.4475023012295769,0.14523366549613032,0.0047975330475969495,1.6841533265098318,1.2758466734901681,35.141274497273365,33.252345862195796,1.8889286350775687,0.010750143579827948,-0.0059765318259818664,3.8499734000374892,-5.207056387308209,2,one_per_bay,True,51+22+22,3,95,51,22,0,A40-12L-V4-kv410-direct,17x10E,10.414303167793483,2.043473174018701,17.6170651309321,0.08111890484987186,8.574049784483533,11.146264719828594,11.331032234022194,92.28408787481227,93.94704914677929,13.048257826865937,0.15785711886811227,0.2235620487010805,0.15785711886811227,-0.06570492983296825,7.916666666666667,0.15785711886811227,0.15785711886811227,0.2235620487010805,-96.49301688645708,-61.89023793253919,0.0,0.0,2145.1108758942455,2111.5863018211567,13.916666666666668,False,"SOC floor violated (min 0.158, unmet 0 Wh); morning depletion (0.223562 -> 0.157857, -96.493 Wh); FLAG 17x10E: (11.15 m/s, 2658 rpm) not on the map; used C_T(J) similarity; FLAG 17x10E: (11.33 m/s, 2704 rpm) not on the map; used C_T(J) similarity",0.9565968342798119,1.096781152426787,True,1107.847809964856
6.0,0.40678115242678703,1.1896046237273867,0.3425548483298606,0.4168723034471134,0.2309025977539103,0.0,0.1608261911808652,3.0,0.16957579601102604,1.54256042274366,2.21,2.21,0.10228281534316228,0.46027266904423025,0.14617986327957372,0.004950488041857762,1.6044146809050335,1.3555853190949665,36.918809795932155,34.986098689292625,1.9327111066395317,0.011401078952900741,-0.006167075670510567,3.8728990599322644,-5.108410175626413,2,one_per_bay,True,51+23+23,3,97,51,23,0,A40-12L-V4-kv410-direct,MJ-21x13EL,10.443684627329553,2.0949744401831962,17.183980534317143,0.08126313530981763,8.479941832175792,11.023924381828529,11.206663905416661,93.1747443113105,97.11119373620207,22.165876876153913,0.1518498720311195,0.21712134269370464,0.1518498720311195,-0.06527147066258515,7.916666666666667,0.1518498720311195,0.1518498720311195,0.21712134269370464,-95.85644694941136,-70.71236698673094,0.0,0.0,2190.2711048604406,2155.8863951724566,13.916666666666668,False,"SOC floor violated (min 0.152, unmet 0 Wh); morning depletion (0.217121 -> 0.151850, -95.856 Wh); FLAG MJ-21x13EL: thrust table 2.04 N vs similarity 2.56 N (20%) at 1813 rpm, 11.02 m/s; FLAG MJ-21x13EL: thrust table 2.05 N vs similarity 2.84 N (28%) at 1879 rpm, 11.21 m/s; FLAG MJ-21x13EL: shaft power table 33.7 W vs similarity 40.8 W (17%) at 1879 rpm, 11.21 m/s",0.9509730586212606,1.106781152426787,True,1113.4215976314656
6.0,0.401781152426787,1.1896046237273867,0.3425548483298606,0.4168723034471134,0.2309025977539103,0.0,0.1608261911808652,3.0,0.16749143449379048,1.54256042274366,2.21,2.21,0.10086144908352825,0.45387652087587704,0.1457052282713766,0.004873762228053204,1.584534521646292,1.375465478353708,37.570428736621366,35.66167402466546,1.9087547119559072,0.011057660389625861,-0.006071494407488943,3.861370504098362,-5.158985762722853,2,one_per_bay,True,51+23+23,3,97,51,23,0,A40-12L-V4-kv410-direct,MJ-21x13EL,10.407105710956262,2.0692238071009488,17.397828053427045,0.08120424890593755,8.517587681458792,11.072863985896431,11.256414763228893,93.36364761245851,97.40025478738815,22.328582570689942,0.14623280998087518,0.21528465776507158,0.14623280998087518,-0.0690518477841964,7.916666666666667,0.14623280998087518,0.14623280998087518,0.21528465776507158,-101.4082372695614,-78.96147804497826,0.0,0.0,2190.2711048604406,2161.429998379531,13.916666666666668,False,"SOC floor violated (min 0.146, unmet 0 Wh); morning depletion (0.215285 -> 0.146233, -101.408 Wh); FLAG MJ-21x13EL: thrust table 2.02 N vs similarity 2.58 N (21%) at 1820 rpm, 11.07 m/s; FLAG MJ-21x13EL: thrust table 2.03 N vs similarity 2.87 N (29%) at 1888 rpm, 11.26 m/s; FLAG MJ-21x13EL: shaft power table 33.6 W vs similarity 41.4 W (19%) at 1888 rpm, 11.26 m/s",0.9537831190736984,1.101781152426787,True,1122.8190368033213
6.0,0.401781152426787,1.1896046237273867,0.3425548483298606,0.4168723034471134,0.2309025977539103,0.0,0.1608261911808652,3.0,0.16749143449379048,1.54256042274366,2.21,2.21,0.10086144908352825,0.45387652087587704,0.1457052282713766,0.004873762228053204,1.584534521646292,1.375465478353708,37.602905371941105,35.692500693967254,1.9104046779738515,0.011070967831195178,-0.006071494407488943,3.8614256842315138,-5.158708149523767,2,one_per_bay,True,51+23+23,3,97,51,23,0,A40-12L-V4-kv410-direct,MJ-20p5x12ELW,10.425105710956263,2.0692238071009488,17.397828053427045,0.08120425765869271,8.524950455806508,11.08243559254846,11.26614503486981,94.53342636080396,94.98698398865139,21.42749213171494,0.1404248414132861,0.20422825264580094,0.1404248414132861,-0.06380341123251485,7.833333333333333,0.1404248414132861,0.1404248414132861,0.20422825264580094,-93.70048264450745,-87.49095080285318,0.0,0.0,2190.2711048604406,2153.3756054067535,13.916666666666668,False,"SOC floor violated (min 0.140, unmet 0 Wh); morning depletion (0.204228 -> 0.140425, -93.700 Wh); FLAG MJ-20p5x12ELW: thrust table 2.03 N vs similarity 2.68 N (24%) at 1997 rpm, 11.08 m/s; FLAG MJ-20p5x12ELW: thrust table 2.03 N vs similarity 2.63 N (23%) at 2023 rpm, 11.27 m/s",0.9537831190736984,1.101781152426787,True,1123.3785688192288
6.0,0.40678115242678703,1.1896046237273867,0.3425548483298606,0.4168723034471134,0.2309025977539103,0.0,0.1608261911808652,3.0,0.16957579601102604,1.54256042274366,2.21,2.21,0.10228281534316228,0.46027266904423025,0.14617986327957372,0.004950488041857762,1.6044146809050335,1.3555853190949665,36.95061143053417,35.016235498491426,1.9343759320427432,0.011414614822630113,-0.006167075670510567,3.872954046963786,-5.108134450849455,2,one_per_bay,True,51+23+23,3,97,51,23,0,A40-12L-V4-kv410-direct,MJ-20p5x12ELW,10.461684627329554,2.0949744401831962,17.183980534317143,0.081263144302142,8.487246401664457,11.033420322163794,11.216317256448226,94.72512716087446,95.16392917376716,21.27256303310691,0.13555099181924185,0.20239739399584764,0.13555099181924185,-0.06684640217660578,7.833333333333333,0.13555099181924185,0.13555099181924185,0.20239739399584764,-98.16936157490045,-94.64859410870126,0.0,0.0,2190.2711048604406,2157.8276388243276,13.916666666666668,False,"SOC floor violated (min 0.136, unmet 0 Wh); morning depletion (0.202397 -> 0.135551, -98.169 Wh); FLAG MJ-20p5x12ELW: thrust table 2.04 N vs similarity 2.70 N (24%) at 1994 rpm, 11.03 m/s; FLAG MJ-20p5x12ELW: thrust table 2.05 N vs similarity 2.65 N (22%) at 2020 rpm, 11.22 m/s",0.9509730586212606,1.106781152426787,True,1131.295409357364
6.0,0.396781152426787,1.1896046237273867,0.3425548483298606,0.4168723034471134,0.2309025977539103,0.0,0.1608261911808652,3.0,0.1654070729765549,1.54256042274366,2.21,2.21,0.09944495582879487,0.4475023012295769,0.14523366549613032,0.0047975330475969495,1.6841533265098318,1.2758466734901681,35.25857705611029,33.36334312432608,1.8952339317842133,0.010800493486327552,-0.0059765318259818664,3.850186219648735,-5.205982166215174,2,one_per_bay,True,51+22+22,3,95,51,22,0,A40-12L-V4-kv410-direct,21x13E,10.483945679958744,2.043473174018701,17.6170651309321,0.08111893800972567,8.602670202886207,11.18347126375207,11.368855537084743,90.96435642234401,98.77040906552833,21.989219939782416,0.14971494501480037,0.23567844371886973,0.14971494501480037,-0.08596349870406936,7.916666666666667,0.14971494501480037,0.14971494501480037,0.23567844371886973,-126.2443678603343,-73.8476804123861,0.0,0.0,2145.1108758942455,2141.855584955034,13.916666666666668,False,"SOC floor violated (min 0.150, unmet 0 Wh); morning depletion (0.235678 -> 0.149715, -126.244 Wh); FLAG 21x13E: (11.18 m/s, 1961 rpm) not on the map; used C_T(J) similarity",0.9565968342798119,1.096781152426787,True,1136.248552689269
6.0,0.39219706226353046,1.188493810649184,0.33223565952669804,0.4525465353047194,0.25771623722609566,0.042735145797851905,0.9131326948988246,2.834749646208153,0.17748742168405002,1.587930703393358,2.1953383128582575,2.1953383128582575,0.09949577313029828,0.4477309790863423,0.1453528540402607,0.004782683179225302,1.617343982743356,1.342656017256644,36.882838085607524,35.081981873791555,1.8008562118159714,0.010692720691996867,-0.0059524691749842035,3.849633309333341,-5.2421567157680835,2,one_per_bay,True,48+23+23,3,94,48,23,0,A40-12L-V4-kv410-direct,17x10E,10.417221002055646,2.049997482433451,17.560997176087348,0.08178838382251051,8.561594177605288,11.130072430886875,11.31457153148614,92.33683161207858,94.00189634032445,13.028149140792138,0.14007758497508638,0.22193258436543728,0.14007758497508638,-0.0818549993903509,7.916666666666667,0.14007758497508638,0.14007758497508638,0.22193258436543728,-120.21070349657276,-88.00092503827688,0.0,0.0,2122.5307614111484,2112.873361366363,13.916666666666668,False,"SOC floor violated (min 0.140, unmet 0 Wh); morning depletion (0.221933 -> 0.140078, -120.211 Wh); FLAG 17x10E: (11.13 m/s, 2657 rpm) not on the map; used C_T(J) similarity; FLAG 17x10E: (11.31 m/s, 2702 rpm) not on the map; used C_T(J) similarity",0.9597592457880131,1.0921970622635304,True,1141.7774134152646
6.0,0.396781152426787,1.1896046237273867,0.3425548483298606,0.4168723034471134,0.2309025977539103,0.0,0.1608261911808652,3.0,0.1654070729765549,1.54256042274366,2.21,2.21,0.09944495582879487,0.4475023012295769,0.14523366549613032,0.0047975330475969495,1.6841533265098318,1.2758466734901681,35.227068537344,33.33352826477386,1.8935402725701416,0.010786976387626985,-0.0059765318259818664,3.850129124023213,-5.2062703601781015,2,one_per_bay,True,51+22+22,3,95,51,22,0,A40-12L-V4-kv410-direct,20x13E,10.465216279801073,2.043473174018701,17.6170651309321,0.08111892911366873,8.594982501958954,11.173477252546641,11.35869585884613,93.61243623946771,93.88149487036443,20.25100825260162,0.13290084533984542,0.21088140948879805,0.13290084533984542,-0.07798056414895263,7.916666666666667,0.13290084533984542,0.13290084533984542,0.21088140948879805,-114.52078120118145,-98.54054909043649,0.0,0.0,2145.1108758942455,2129.4114776087554,13.916666666666668,False,"SOC floor violated (min 0.133, unmet 0 Wh); morning depletion (0.210881 -> 0.132901, -114.521 Wh)",0.9565968342798119,1.096781152426787,True,1145.0797178091073
6.0,0.396781152426787,1.1896046237273867,0.3425548483298606,0.4168723034471134,0.2309025977539103,0.0,0.1608261911808652,3.0,0.1654070729765549,1.54256042274366,2.21,2.21,0.09944495582879487,0.4475023012295769,0.14523366549613032,0.0047975330475969495,1.6841533265098318,1.2758466734901681,35.19231327540375,33.30064118235862,1.8916720930451312,0.010772060168604682,-0.0059765318259818664,3.8500660858100924,-5.206588549739102,2,one_per_bay,True,51+22+22,3,95,51,22,0,A40-12L-V4-kv410-direct,MJ-26x15EL,10.444576361510514,2.043473174018701,17.6170651309321,0.08111891929158957,8.586502634611753,11.16245342499528,11.3474892933763,93.28036803922164,95.38841122950215,28.017370262711403,0.12887329155395474,0.21394913672977833,0.12887329155395474,-0.08507584517582359,7.916666666666667,0.12887329155395474,0.12887329155395474,0.21394913672977833,-124.94077668219768,-104.45533838343202,0.0,0.0,2145.1108758942455,2139.9849351099933,13.916666666666668,False,"SOC floor violated (min 0.129, unmet 0 Wh); morning depletion (0.213949 -> 0.128873, -124.941 Wh); FLAG MJ-26x15EL: shaft power table 38.7 W vs similarity 27.6 W (29%) at 1438 rpm, 11.16 m/s; FLAG MJ-26x15EL: shaft power table 38.6 W vs similarity 29.1 W (25%) at 1469 rpm, 11.35 m/s",0.9565968342798119,1.096781152426787,True,1156.2025526218688
6.0,0.396781152426787,1.1896046237273867,0.3425548483298606,0.4168723034471134,0.2309025977539103,0.0,0.1608261911808652,3.0,0.1654070729765549,1.54256042274366,2.21,2.21,0.09944495582879487,0.4475023012295769,0.14523366549613032,0.0047975330475969495,1.6841533265098318,1.2758466734901681,35.07080387324095,33.185663204922434,1.8851406683185101,0.010719859880740472,-0.0059765318259818664,3.8498452047870018,-5.207703461287818,2,one_per_bay,True,51+22+22,3,95,51,22,0,A40-12L-V4-kv410-direct,MJ-20p5x12ELW,10.372576361510513,2.043473174018701,17.6170651309321,0.08111888487488203,8.556855796859537,11.123912535917398,11.308309526212467,94.06363339679004,94.52312202304608,21.60636313875158,0.11991014093512176,0.20656216081396483,0.11991014093512176,-0.08665201987884308,7.916666666666667,0.11991014093512176,0.11991014093512176,0.20656216081396483,-127.25551703153069,-117.61845180913032,0.0,0.0,2145.1108758942455,2142.122087785536,14.0,False,"SOC floor violated (min 0.120, unmet 0 Wh); morning depletion (0.206562 -> 0.119910, -127.256 Wh); FLAG MJ-20p5x12ELW: thrust table 2.00 N vs similarity 2.66 N (25%) at 1999 rpm, 11.12 m/s; FLAG MJ-20p5x12ELW: thrust table 2.01 N vs similarity 2.60 N (23%) at 2025 rpm, 11.31 m/s",0.9565968342798119,1.096781152426787,True,1166.7418779437214
6.0,0.396781152426787,1.1896046237273867,0.3425548483298606,0.4168723034471134,0.2309025977539103,0.0,0.1608261911808652,3.0,0.1654070729765549,1.54256042274366,2.21,2.21,0.09944495582879487,0.4475023012295769,0.14523366549613032,0.0047975330475969495,1.6841533265098318,1.2758466734901681,35.04036068558121,33.156856412349,1.8835042732322143,0.01070676926147694,-0.0059765318259818664,3.849789744964884,-5.207983398386607,2,one_per_bay,True,51+22+22,3,95,51,22,0,A40-12L-V4-kv410-direct,MJ-21x13EL,10.354576361510514,2.043473174018701,17.6170651309321,0.08111887623315658,8.549428023953544,11.114256431139607,11.298493355751559,93.06743682077631,97.16192981271398,22.51601820862625,0.12064909249953748,0.2157810323605988,0.12064909249953748,-0.09513193986106133,7.916666666666667,0.12064909249953748,0.12064909249953748,0.2157810323605988,-139.70896708649784,-116.53324152179412,0.0,0.0,2145.1108758942455,2154.9046213673364,13.916666666666668,False,"SOC floor violated (min 0.121, unmet 0 Wh); morning depletion (0.215781 -> 0.120649, -139.709 Wh); FLAG MJ-21x13EL: thrust table 2.00 N vs similarity 2.57 N (22%) at 1824 rpm, 11.11 m/s; FLAG MJ-21x13EL: thrust table 2.01 N vs similarity 2.87 N (30%) at 1893 rpm, 11.30 m/s; FLAG MJ-21x13EL: shaft power table 33.4 W vs similarity 41.6 W (20%) at 1893 rpm, 11.30 m/s",0.9565968342798119,1.096781152426787,True,1174.4828463615238
6.0,0.396781152426787,1.1896046237273867,0.3425548483298606,0.4168723034471134,0.2309025977539103,0.0,0.1608261911808652,3.0,0.1654070729765549,1.54256042274366,2.21,2.21,0.09944495582879487,0.4475023012295769,0.14523366549613032,0.0047975330475969495,1.6841533265098318,1.2758466734901681,35.227068537344,33.33352826477386,1.8935402725701416,0.010786976387626985,-0.0059765318259818664,3.850129124023213,-5.2062703601781015,2,one_per_bay,True,51+22+22,3,95,51,22,0,A40-12L-V4-kv410-direct,20x11E,10.465216279801073,2.043473174018701,17.6170651309321,0.08111892911366873,8.594982501958954,11.173477252546641,11.35869585884613,94.46661435403408,95.34465285276649,19.25743594168875,0.10658386132285619,0.20267529230438172,0.10658386132285619,-0.09609143098152553,7.916666666666667,0.10658386132285619,0.10658386132285619,0.20267529230438172,-141.11805759347686,-137.18917392890006,0.0,0.0,2145.1108758942455,2155.979129484153,14.0,False,"SOC floor violated (min 0.107, unmet 0 Wh); morning depletion (0.202675 -> 0.106584, -141.118 Wh); FLAG 20x11E: shaft power table 37.5 W vs similarity 29.3 W (22%) at 2224 rpm, 11.17 m/s; FLAG 20x11E: thrust table 2.03 N vs similarity 1.72 N (15%) at 2257 rpm, 11.36 m/s; FLAG 20x11E: shaft power table 38.2 W vs similarity 29.5 W (23%) at 2257 rpm, 11.36 m/s",0.9565968342798119,1.096781152426787,True,1189.5075686586692
6.0,0.391781152426787,1.1896046237273867,0.3425548483298606,0.4168723034471134,0.2309025977539103,0.0,0.1608261911808652,3.0,0.16332271145931934,1.54256042274366,2.21,2.21,0.09803329952821746,0.4411498478769786,0.14476514522098827,0.004721795694107663,1.6632519124954621,1.2967480875045378,35.860125485475194,33.99342504672728,1.8667004387479091,0.010428430729843995,-0.005882181938434747,3.8384889328177367,-5.257537826453883,2,one_per_bay,True,51+22+22,3,95,51,22,0,A40-12L-V4-kv410-direct,18x10E,10.39391291147663,2.0177225409364534,17.84189811513524,0.08106193641270341,8.620137179329769,11.2061783331287,11.391939013165215,94.59946387214038,96.29076358395707,15.159992908812733,0.09757463472233104,0.2013451858684659,0.09757463472233104,-0.10377055114613486,7.916666666666667,0.09757463472233104,0.09757463472233104,0.2013451858684659,-152.39546818657035,-150.41995366960373,0.0,0.0,2145.1108758942455,2167.300130049528,14.0,False,"SOC floor violated (min 0.098, unmet 0 Wh); morning depletion (0.201345 -> 0.097575, -152.395 Wh); FLAG 18x10E: (11.21 m/s, 2580 rpm) not on the map; used C_T(J) similarity; FLAG 18x10E: (11.39 m/s, 2624 rpm) not on the map; used C_T(J) similarity",0.9594141772015422,1.0917811524267869,True,1206.1959154238039
6.0,0.396781152426787,1.1896046237273867,0.3425548483298606,0.4168723034471134,0.2309025977539103,0.0,0.1608261911808652,3.0,0.1654070729765549,1.54256042274366,2.21,2.21,0.09944495582879487,0.4475023012295769,0.14523366549613032,0.0047975330475969495,1.6841533265098318,1.2758466734901681,35.168410490458015,33.27802323000897,1.8903872604490455,0.010761797805440147,-0.0059765318259818664,3.850022695403104,-5.206807565691156,2,one_per_bay,True,51+22+22,3,95,51,22,0,A40-12L-V4-kv410-direct,18x10E,10.43039316886717,2.043473174018701,17.6170651309321,0.08111891253079832,8.580670641576654,11.15487183404965,11.33978202519728,94.6388293851108,96.33629651280566,15.048881066697648,0.0965064588426276,0.2009643916762061,0.0965064588426276,-0.10445793283357852,7.916666666666667,0.0965064588426276,0.0965064588426276,0.2009643916762061,-153.4049439282317,-151.98865655780332,0.0,0.0,2145.1108758942455,2168.3065765196147,14.0,False,"SOC floor violated (min 0.097, unmet 0 Wh); morning depletion (0.200964 -> 0.096506, -153.405 Wh); FLAG 18x10E: (11.15 m/s, 2575 rpm) not on the map; used C_T(J) similarity; FLAG 18x10E: (11.34 m/s, 2619 rpm) not on the map; used C_T(J) similarity",0.9565968342798119,1.096781152426787,True,1207.9514729909508
6.0,0.401781152426787,1.1896046237273867,0.3425548483298606,0.4168723034471134,0.2309025977539103,0.0,0.1608261911808652,3.0,0.16749143449379048,1.54256042274366,2.21,2.21,0.10086144908352825,0.45387652087587704,0.1457052282713766,0.004873762228053204,1.584534521646292,1.375465478353708,37.72174714832815,35.80530474844683,1.9164423998813171,0.011119617424153514,-0.006071494407488943,3.861627199454438,-5.15769431926512,2,one_per_bay,True,51+23+23,3,97,51,23,0,A40-12L-V4-kv410-direct,MJ-20p5x12EW,10.491105710956264,2.0692238071009488,17.397828053427045,0.08120428962256362,8.55189306159078,11.117460980068016,11.301751025304183,98.07428281858942,98.51500018108695,21.577019976307554,0.048461886340989475,0.17021283648197935,0.048461886340989475,-0.12175095014098988,7.916666666666667,0.048461886340989475,0.048461886340989475,0.17021283648197935,-178.8011419807037,-222.54600678233743,0.0,0.0,2190.2711048604406,2238.153234824255,14.083333333333334,False,"SOC floor violated (min 0.048, unmet 0 Wh); morning depletion (0.170213 -> 0.048462, -178.801 Wh); FLAG MJ-20p5x12EW: thrust table 2.04 N vs similarity 2.80 N (27%) at 2020 rpm, 11.12 m/s; FLAG MJ-20p5x12EW: thrust table 2.05 N vs similarity 2.77 N (26%) at 2046 rpm, 11.30 m/s",0.9537831190736984,1.101781152426787,True,1273.2890628000005
6.0,0.396781152426787,1.1896046237273867,0.3425548483298606,0.4168723034471134,0.2309025977539103,0.0,0.1608261911808652,3.0,0.1654070729765549,1.54256042274366,2.21,2.21,0.09944495582879487,0.4475023012295769,0.14523366549613032,0.0047975330475969495,1.6841533265098318,1.2758466734901681,35.175462069726485,33.28469576980908,1.8907662999173995,0.010764825634205858,-0.0059765318259818664,3.8500354991069825,-5.206742938148507,2,one_per_bay,True,51+22+22,3,95,51,22,0,A40-12L-V4-kv410-direct,MJ-20x11E,10.434576361510514,2.043473174018701,17.6170651309321,0.08111891452578804,8.582391142400033,11.157108485120043,11.34205575240652,96.5034875738779,97.36764490121693,19.934789010745874,0.05367413363292208,0.18303804240519317,0.05367413363292208,-0.12936390877227108,7.916666666666667,0.05367413363292208,0.05367413363292208,0.18303804240519317,-189.9813889976562,-214.89139901948909,0.0,0.0,2145.1108758942455,2204.653261935856,14.083333333333334,False,"SOC floor violated (min 0.054, unmet 0 Wh); morning depletion (0.183038 -> 0.053674, -189.981 Wh); FLAG MJ-20x11E: thrust table 2.01 N vs similarity 2.44 N (18%) at 2143 rpm, 11.16 m/s; FLAG MJ-20x11E: thrust table 2.02 N vs similarity 2.40 N (16%) at 2172 rpm, 11.34 m/s",0.9565968342798119,1.096781152426787,True,1275.689774139349
6.0,0.40678115242678703,1.1896046237273867,0.3425548483298606,0.4168723034471134,0.2309025977539103,0.0,0.1608261911808652,3.0,0.16957579601102604,1.54256042274366,2.21,2.21,0.10228281534316228,0.46027266904423025,0.14617986327957372,0.004950488041857762,1.6044146809050335,1.3555853190949665,37.066983993099754,35.126515921428954,1.9404680716708034,0.01146409630901105,-0.006167075670510567,3.873154859806656,-5.107127502887881,2,one_per_bay,True,51+23+23,3,97,51,23,0,A40-12L-V4-kv410-direct,MJ-20p5x12EW,10.527684627329554,2.0949744401831962,17.183980534317143,0.08126317714135739,8.513976205980255,11.068169067774331,11.25164201918281,98.26145849518883,98.68567576461143,21.421960271836603,0.04369047071141574,0.16840317243040417,0.04369047071141574,-0.12471270171898843,7.916666666666667,0.04369047071141574,0.04369047071141574,0.16840317243040417,-183.15071431501443,-229.553217505904,0.0,0.0,2190.2711048604406,2242.4818251396277,14.083333333333334,False,"SOC floor violated (min 0.044, unmet 0 Wh); morning depletion (0.168403 -> 0.043690, -183.151 Wh); FLAG MJ-20p5x12EW: thrust table 2.05 N vs similarity 2.82 N (27%) at 2017 rpm, 11.07 m/s; FLAG MJ-20p5x12EW: thrust table 2.06 N vs similarity 2.75 N (25%) at 2042 rpm, 11.25 m/s",0.9509730586212606,1.106781152426787,True,1281.0222300075727
6.0,0.396781152426787,1.1896046237273867,0.3425548483298606,0.4168723034471134,0.2309025977539103,0.0,0.1608261911808652,3.0,0.1654070729765549,1.54256042274366,2.21,2.21,0.09944495582879487,0.4475023012295769,0.14523366549613032,0.0047975330475969495,1.6841533265098318,1.2758466734901681,35.18220352054321,33.291074851313034,1.8911286692301765,0.010767720047313994,-0.0059765318259818664,3.850047737304308,-5.2066811650373195,2,one_per_bay,True,51+22+22,3,95,51,22,0,A40-12L-V4-kv410-direct,MJ-20p5x12EW,10.438576361510513,2.043473174018701,17.6170651309321,0.08111891643265971,8.584035975598292,11.15924676827778,11.344229481094544,97.60201594520016,98.05007140248073,21.756135345481113,0.027812937570892416,0.17241834522460198,0.027812937570892416,-0.14460540765370955,7.916666666666667,0.027812937570892416,0.027812937570892416,0.17241834522460198,-212.36476590225521,-252.8706622903144,0.0,0.0,2145.1108758942455,2226.8915993028263,14.083333333333334,False,"SOC floor violated (min 0.028, unmet 0 Wh); morning depletion (0.172418 -> 0.027813, -212.365 Wh); FLAG MJ-20p5x12EW: thrust table 2.02 N vs similarity 2.81 N (28%) at 2022 rpm, 11.16 m/s; FLAG MJ-20p5x12EW: thrust table 2.02 N vs similarity 2.74 N (26%) at 2047 rpm, 11.34 m/s",0.9565968342798119,1.096781152426787,True,1316.7924690828172
6.0,0.40678115242678703,1.1896046237273867,0.3425548483298606,0.4168723034471134,0.2309025977539103,0.0,0.1608261911808652,3.0,0.16957579601102604,1.54256042274366,2.21,2.21,0.10228281534316228,0.46027266904423025,0.14617986327957372,0.004950488041857762,1.6044146809050335,1.3555853190949665,37.088103410295666,35.14652973060537,1.94157367969029,0.011473067647188983,-0.006167075670510567,3.873191235936475,-5.106945099854882,2,one_per_bay,True,51+23+23,3,97,51,23,0,A40-12L-V4-kv410-direct,MJ-21x13E,10.539684627329553,2.0949744401831962,17.183980534317143,0.08126318308986655,8.518827159473625,11.074475307315714,11.258052794928318,98.65637789570798,101.13792743346048,22.16445220942924,0.019570134631369723,0.16457092103382912,0.019570134631369723,-0.1450007864024594,8.0,0.019570134631369723,0.019570134631369723,0.16457092103382912,-212.94541165253074,-264.975886742377,0.0,0.0,2190.27110486044,2272.3617690797064,14.083333333333334,False,"SOC floor violated (min 0.020, unmet 0 Wh); morning depletion (0.164571 -> 0.019570, -212.945 Wh); FLAG MJ-21x13E: thrust table 2.06 N vs similarity 0.00 N (100%) at 1862 rpm, 11.07 m/s; FLAG MJ-21x13E: thrust table 2.06 N vs similarity 0.00 N (100%) at 1911 rpm, 11.26 m/s",0.9509730586212606,1.106781152426787,True,1325.4306507710896
6.0,0.401781152426787,1.1896046237273867,0.3425548483298606,0.4168723034471134,0.2309025977539103,0.0,0.1608261911808652,3.0,0.16749143449379048,1.54256042274366,2.21,2.21,0.10086144908352825,0.45387652087587704,0.1457052282713766,0.004873762228053204,1.584534521646292,1.375465478353708,37.74331454126427,35.82577641625349,1.9175381250107806,0.011128438461900796,-0.006071494407488943,3.8616637023429785,-5.157510671924684,2,one_per_bay,True,51+23+23,3,97,51,23,0,A40-12L-V4-kv410-direct,MJ-21x13E,10.503105710956262,2.0692238071009488,17.397828053427045,0.08120429541243591,8.556782602822308,11.123817383669001,11.308212796660385,98.9593337522834,100.91253678370481,22.327418367009546,0.015222705032789885,0.1616544180843634,0.015222705032789885,-0.14643171305157351,8.0,0.015222705032789885,0.015222705032789885,0.1616544180843634,-215.04684345783448,-271.36043960218325,0.0,0.0,2190.27110486044,2274.393273449737,14.083333333333334,False,"SOC floor violated (min 0.015, unmet 0 Wh); morning depletion (0.161654 -> 0.015223, -215.047 Wh); FLAG MJ-21x13E: thrust table 2.04 N vs similarity 0.00 N (100%) at 1871 rpm, 11.12 m/s; FLAG MJ-21x13E: thrust table 2.05 N vs similarity 0.00 N (100%) at 1914 rpm, 11.31 m/s",0.9537831190736984,1.101781152426787,True,1331.2090070187837
6.0,0.396781152426787,1.1896046237273867,0.3425548483298606,0.4168723034471134,0.2309025977539103,0.0,0.1608261911808652,3.0,0.1654070729765549,1.54256042274366,2.21,2.21,0.09944495582879487,0.4475023012295769,0.14523366549613032,0.0047975330475969495,1.6841533265098318,1.2758466734901681,35.19701076176287,33.30508616744613,1.8919245943167433,0.010774076612712036,-0.0059765318259818664,3.850074609629405,-5.2065455251963595,2,one_per_bay,True,51+22+22,3,95,51,22,0,A40-12L-V4-kv410-direct,19x10E,10.447364841431915,2.043473174018701,17.6170651309321,0.08111892061970535,8.587648764980704,11.163943394474916,11.349003961529789,97.53407093789063,99.27861858304577,16.937649976641044,0.020858192219750018,0.17304875970033687,0.020858192219750018,-0.15219056748058685,8.0,0.020858192219750018,0.020858192219750018,0.17304875970033687,-223.50418812098346,-263.08426973673875,0.0,0.0,2145.110875894245,2238.1177999905044,14.083333333333334,False,"SOC floor violated (min 0.021, unmet 0 Wh); morning depletion (0.173049 -> 0.020858, -223.504 Wh); FLAG 19x10E: (11.16 m/s, 2497 rpm) not on the map; used C_T(J) similarity; FLAG 19x10E: (11.35 m/s, 2540 rpm) not on the map; used C_T(J) similarity",0.9565968342798119,1.096781152426787,True,1331.3323742608368
6.0,0.386781152426787,1.1896046237273867,0.3425548483298606,0.4168723034471134,0.2309025977539103,0.0,0.1608261911808652,3.0,0.16123834994208378,1.54256042274366,2.21,2.21,0.0966264445212746,0.43481900034573573,0.14429963809553997,0.0046465454230256486,1.6418101046727571,1.3181898953272428,36.162272701826346,34.339799707366154,1.8224729944601887,0.009937807036262219,-0.005788438834307369,3.8262310200193133,-5.312130598628978,2,one_per_bay,True,34+18+18,3,70,34,18,0,A40-12L-V4-kv410-direct,16x12E,10.126184965939235,1.991971907854206,18.072544024368273,0.08100741626088818,8.563211812505088,11.132175356256615,11.31670931627317,81.36341278802824,82.7398933698827,12.414361893242646,0.03193835278592651,0.29825408167968276,0.03193835278592651,-0.26631572889375627,8.166666666666666,0.03193835278592651,0.03193835278592651,0.29825408167968276,-391.1062410476887,-246.81215555391134,0.0,0.0,1580.608013816814,1845.6837657251547,14.583333333333332,False,"SOC floor violated (min 0.032, unmet 0 Wh); morning depletion (0.298254 -> 0.031938, -391.106 Wh); FLAG 16x12E: shaft power table 30.7 W vs similarity 25.5 W (17%) at 2391 rpm, 11.13 m/s; FLAG 16x12E: shaft power table 31.1 W vs similarity 26.0 W (16%) at 2431 rpm, 11.32 m/s",0.9622351210934985,1.086781152426787,True,1434.3773751078297
6.0,0.396781152426787,1.1896046237273867,0.3425548483298606,0.4168723034471134,0.2309025977539103,0.0,0.1608261911808652,3.0,0.1654070729765549,1.54256042274366,2.21,2.21,0.09944495582879487,0.4475023012295769,0.14523366549613032,0.0047975330475969495,1.6841533265098318,1.2758466734901681,35.04036068558121,33.156856412349,1.8835042732322143,0.01070676926147694,-0.0059765318259818664,3.849789744964884,-5.207983398386607,2,one_per_bay,True,51+22+22,3,95,51,22,0,A40-12L-V4-kv410-direct,MJ-20x10EL,10.354576361510514,2.043473174018701,17.6170651309321,0.08111887623315658,8.549428023953544,11.114256431139607,11.298493355751559,98.6819810889042,99.86740267030552,19.5680329993284,0.007737356340875601,0.16191681568107896,0.007737356340875601,-0.15417945934020336,8.0,0.007737356340875601,0.007737356340875601,0.16191681568107896,-226.42503707833242,-282.35328107642357,19.22549152409148,0.0,2145.110875894245,2260.1229768159324,14.083333333333334,False,"SOC floor violated (min 0.008, unmet 19 Wh); morning depletion (0.161917 -> 0.007737, -226.425 Wh); FLAG MJ-20x10EL: shaft power table 41.3 W vs similarity 34.9 W (16%) at 2295 rpm, 11.11 m/s; FLAG MJ-20x10EL: shaft power table 41.6 W vs similarity 35.1 W (15%) at 2329 rpm, 11.30 m/s",0.9565968342798119,1.096781152426787,True,1538.6970172402425
6.0,0.396781152426787,1.1896046237273867,0.3425548483298606,0.4168723034471134,0.2309025977539103,0.0,0.1608261911808652,3.0,0.1654070729765549,1.54256042274366,2.21,2.21,0.09944495582879487,0.4475023012295769,0.14523366549613032,0.0047975330475969495,1.6841533265098318,1.2758466734901681,35.12485994637684,33.23681363317473,1.8880463132021117,0.010743092030200763,-0.0059765318259818664,3.8499435628109606,-5.207206992679424,2,one_per_bay,True,51+22+22,3,95,51,22,0,A40-12L-V4-kv410-direct,MJ-18x10E,10.404576361510513,2.043473174018701,17.6170651309321,0.08111890020076913,8.5700448308047,11.141058280046112,11.325739489010063,98.73709599513344,99.79149593669891,16.619444939295825,0.00720649536706067,0.1613882071974432,0.00720649536706067,-0.15418171183038254,8.0,0.00720649536706067,0.00720649536706067,0.1613882071974432,-226.4283450427949,-283.13289345925244,19.260502142629534,0.0,2145.110875894245,2260.146436637049,14.083333333333334,False,"SOC floor violated (min 0.007, unmet 19 Wh); morning depletion (0.161388 -> 0.007206, -226.428 Wh); FLAG MJ-18x10E: thrust table 2.01 N vs similarity 2.46 N (18%) at 2355 rpm, 11.14 m/s; FLAG MJ-18x10E: thrust table 2.02 N vs similarity 2.43 N (17%) at 2388 rpm, 11.33 m/s",0.9565968342798119,1.096781152426787,True,1539.5802368896173
6.0,0.396781152426787,1.1896046237273867,0.3425548483298606,0.4168723034471134,0.2309025977539103,0.0,0.1608261911808652,3.0,0.1654070729765549,1.54256042274366,2.21,2.21,0.09944495582879487,0.4475023012295769,0.14523366549613032,0.0047975330475969495,1.6841533265098318,1.2758466734901681,35.20242012685199,33.310204766057346,1.8922153607946417,0.010776398489992055,-0.0059765318259818664,3.8500844237784095,-5.206495987628801,2,one_per_bay,True,51+22+22,3,95,51,22,0,A40-12L-V4-kv410-direct,MJ-21x13E,10.450576361510514,2.043473174018701,17.6170651309321,0.08111892214886793,8.588968585227413,11.165659160795636,11.350748169475214,98.72963566092902,100.40416138928828,22.51482468241707,0.009296481939870697,0.16140055116728874,0.009296481939870697,-0.15210406922741804,8.0,0.009296481939870697,0.009296481939870697,0.16140055116728874,-223.37715842283316,-280.0635787187102,28.21502393378236,0.0,2145.110875894245,2266.116969335197,14.083333333333334,False,"SOC floor violated (min 0.009, unmet 28 Wh); morning depletion (0.161401 -> 0.009296, -223.377 Wh); FLAG MJ-21x13E: thrust table 2.02 N vs similarity 0.00 N (100%) at 1875 rpm, 11.17 m/s; FLAG MJ-21x13E: thrust table 2.02 N vs similarity 0.00 N (100%) at 1915 rpm, 11.35 m/s",0.9565968342798119,1.096781152426787,True,1624.9578256253708
6.0,0.38719706226353046,1.188493810649184,0.33223565952669804,0.4525465353047194,0.25771623722609566,0.042735145797851905,0.9131326948988246,2.834749646208153,0.1752246890075264,1.587930703393358,2.1953383128582575,2.1953383128582575,0.09806627307843317,0.44129822885294934,0.14487658764664083,0.004706238958257911,1.595263133947114,1.364736866052886,37.24782254137402,35.48636123692041,1.761461304453611,0.010220588966616675,-0.005857327629566641,3.8381444809080016,-5.300612082775945,2,one_per_bay,True,32+19+19,3,70,32,19,0,A40-12L-V4-kv410-direct,17x12E,10.188164222965922,2.0238626935775366,17.78776797173113,0.08178486950181063,8.521436441336867,11.077867373737927,11.261501090383,82.78937389895556,83.91280011269909,14.231486811303826,0.00923713247080599,0.28399784737625516,0.00923713247080599,-0.2747607149054492,8.25,0.00923713247080599,0.00923713247080599,0.28399784737625516,-403.50838773445525,-280.1507382261508,19.57073501132457,0.0,1580.608013816814,1877.5239037543458,14.583333333333332,False,"SOC floor violated (min 0.009, unmet 20 Wh); morning depletion (0.283998 -> 0.009237, -403.508 Wh); FLAG 17x12E: shaft power table 31.7 W vs similarity 26.4 W (17%) at 2297 rpm, 11.08 m/s; FLAG 17x12E: shaft power table 32.2 W vs similarity 26.8 W (17%) at 2334 rpm, 11.26 m/s",0.9625545183394749,1.0871970622635305,True,1661.2309315478888
6.0,0.396781152426787,1.1896046237273867,0.3425548483298606,0.4168723034471134,0.2309025977539103,0.0,0.1608261911808652,3.0,0.1654070729765549,1.54256042274366,2.21,2.21,0.09944495582879487,0.4475023012295769,0.14523366549613032,0.0047975330475969495,1.6841533265098318,1.2758466734901681,35.16534747028004,33.275124854585826,1.8902226156942161,0.01076048251387628,-0.0059765318259818664,3.850017133011807,-5.206835642229208,2,one_per_bay,True,51+22+22,3,95,51,22,0,A40-12L-V4-kv410-direct,MJ-20x10E,10.428576361510514,2.043473174018701,17.6170651309321,0.08111891166410135,8.579923301365676,11.15390029177538,11.338794378025497,99.95791195293499,101.29405796462389,19.590006784429608,0.005187748572055836,0.14949791539400184,0.005187748572055836,-0.144310166821946,8.0,0.005187748572055836,0.005187748572055836,0.14949791539400184,-211.93118080236462,-286.0975868098896,65.68672376212051,0.0,2145.110875894245,2292.12865598538,14.166666666666668,False,"SOC floor violated (min 0.005, unmet 66 Wh); morning depletion (0.149498 -> 0.005188, -211.931 Wh)",0.9565968342798119,1.096781152426787,True,1995.9896548710951
6.0,0.396781152426787,1.1896046237273867,0.3425548483298606,0.4168723034471134,0.2309025977539103,0.0,0.1608261911808652,3.0,0.1654070729765549,1.54256042274366,2.21,2.21,0.09944495582879487,0.4475023012295769,0.14523366549613032,0.0047975330475969495,1.6841533265098318,1.2758466734901681,35.43764344527476,33.53278426127896,1.9048591839957953,0.010877208151253322,-0.0059765318259818664,3.850509734565075,-5.204349203059331,2,one_per_bay,True,51+22+22,3,95,51,22,0,A40-12L-V4-kv410-direct,26x15E,10.59070491965521,2.043473174018701,17.6170651309321,0.08111898841474366,8.646360255605922,11.240268332287698,11.426594109651596,101.96335647202726,103.67501424528287,28.691590503101832,0.007986277749456573,0.129949454778759,0.007986277749456573,-0.12196317702930243,8.0,0.007986277749456573,0.007986277749456573,0.129949454778759,-179.11281437377622,-281.98771980510554,149.92452597828307,0.0,2145.110875894245,2343.809218617904,14.25,False,"SOC floor violated (min 0.008, unmet 150 Wh); morning depletion (0.129949 -> 0.007986, -179.113 Wh); FLAG 26x15E: (11.24 m/s, 1590 rpm) not on the map; used C_T(J) similarity; FLAG 26x15E: (11.43 m/s, 1617 rpm) not on the map; used C_T(J) similarity",0.9565968342798119,1.096781152426787,True,2813.2221580626765
6.0,0.396781152426787,1.1896046237273867,0.3425548483298606,0.4168723034471134,0.2309025977539103,0.0,0.1608261911808652,3.0,0.1654070729765549,1.54256042274366,2.21,2.21,0.09944495582879487,0.4475023012295769,0.14523366549613032,0.0047975330475969495,1.6841533265098318,1.2758466734901681,35.11560958611979,33.228060502190786,1.887549083929005,0.010739117521490522,-0.0059765318259818664,3.8499267420071934,-5.207291896796423,2,one_per_bay,True,51+22+22,3,95,51,22,0,A40-12L-V4-kv410-direct,16x8E,10.399096857461391,2.043473174018701,17.6170651309321,0.08111889757981576,8.567787853774044,11.138124209906259,11.322756781872988,102.15548055450694,103.41382842703275,9.813349433048783,0.006246667644500232,0.12806914654332582,0.006246667644500232,-0.1218224788988256,8.0,0.006246667644500232,0.006246667644500232,0.12806914654332582,-178.90618776121448,-284.54247829370183,150.37281550406902,0.0,2145.110875894245,2344.000425065293,14.25,False,"SOC floor violated (min 0.006, unmet 150 Wh); morning depletion (0.128069 -> 0.006247, -178.906 Wh)",0.9565968342798119,1.096781152426787,True,2819.3039652950156
6.0,0.396781152426787,1.1896046237273867,0.3425548483298606,0.4168723034471134,0.2309025977539103,0.0,0.1608261911808652,3.0,0.1654070729765549,1.54256042274366,2.21,2.21,0.09944495582879487,0.4475023012295769,0.14523366549613032,0.0047975330475969495,1.6841533265098318,1.2758466734901681,35.227068537344,33.33352826477386,1.8935402725701416,0.010786976387626985,-0.0059765318259818664,3.850129124023213,-5.2062703601781015,2,one_per_bay,True,51+22+22,3,95,51,22,0,A40-12L-V4-kv410-direct,20x10E,10.465216279801073,2.043473174018701,17.6170651309321,0.08111892911366873,8.594982501958954,11.173477252546641,11.35869585884613,102.34331570439353,104.14361826155323,18.548115028609356,0.009735301903064666,0.12621426635150484,0.009735301903064666,-0.11647896444844018,8.083333333333334,0.009735301903064666,0.009735301903064666,0.12621426635150484,-171.05880353289507,-279.4191360227628,167.8925545571422,0.0,2145.110875894245,2353.7925268377676,14.25,False,"SOC floor violated (min 0.010, unmet 168 Wh); morning depletion (0.126214 -> 0.009735, -171.059 Wh); FLAG 20x10E: (11.17 m/s, 2427 rpm) not on the map; used C_T(J) similarity; FLAG 20x10E: (11.36 m/s, 2469 rpm) not on the map; used C_T(J) similarity",0.9565968342798119,1.096781152426787,True,2985.6692071167977
6.0,0.401781152426787,1.1896046237273867,0.3425548483298606,0.4168723034471134,0.2309025977539103,0.0,0.1608261911808652,3.0,0.16749143449379048,1.54256042274366,2.21,2.21,0.10086144908352825,0.45387652087587704,0.1457052282713766,0.004873762228053204,1.584534521646292,1.375465478353708,37.84379985598762,35.921156603768814,1.9226432522188077,0.0111695044397267,-0.006071494407488943,3.8618334995678345,-5.156656415964823,2,one_per_bay,True,51+23+23,3,97,51,23,0,A40-12L-V4-kv410-direct,MJ-22x12EW,10.559105710956263,2.0692238071009488,17.397828053427045,0.0812043223441428,8.57956361724339,11.153432702416406,11.33831903761039,104.28884171386633,104.94209678286973,23.404731499988525,0.007487777246769267,0.10978677880569462,0.007487777246769267,-0.10229900155892535,8.0,0.007487777246769267,0.007487777246769267,0.10978677880569462,-150.23437830292178,-282.7198082122615,179.57044816494027,0.0,2190.27110486044,2389.3014380555674,14.25,False,"SOC floor violated (min 0.007, unmet 180 Wh); morning depletion (0.109787 -> 0.007488, -150.234 Wh); FLAG MJ-22x12EW: thrust table 2.05 N vs similarity 2.68 N (23%) at 1958 rpm, 11.15 m/s; FLAG MJ-22x12EW: thrust table 2.06 N vs similarity 2.61 N (21%) at 1984 rpm, 11.34 m/s",0.9537831190736984,1.101781152426787,True,3090.5157049615586
6.0,0.40678115242678703,1.1896046237273867,0.3425548483298606,0.4168723034471134,0.2309025977539103,0.0,0.1608261911808652,3.0,0.16957579601102604,1.54256042274366,2.21,2.21,0.10228281534316228,0.46027266904423025,0.14617986327957372,0.004950488041857762,1.6044146809050335,1.3555853190949665,37.186502098258494,35.2397772168324,1.9467248814260911,0.011514831183961738,-0.006167075670510567,3.873360445423539,-5.106096622428964,2,one_per_bay,True,51+23+23,3,97,51,23,0,A40-12L-V4-kv410-direct,MJ-22x12EW,10.595684627329554,2.0949744401831962,17.183980534317143,0.08126321075979206,8.541428515121314,11.103857069657709,11.287921607894626,104.38251530774966,105.01666835049659,23.236986069657963,0.005321802864920796,0.10886975542800482,0.005321802864920796,-0.10354795256308402,8.0,0.005321802864920796,0.005321802864920796,0.10886975542800482,-152.06856411882643,-285.90071721155044,179.81243828247213,0.0,2190.27110486044,2391.363359552781,14.25,False,"SOC floor violated (min 0.005, unmet 180 Wh); morning depletion (0.108870 -> 0.005322, -152.069 Wh); FLAG MJ-22x12EW: thrust table 2.07 N vs similarity 2.70 N (23%) at 1954 rpm, 11.10 m/s; FLAG MJ-22x12EW: thrust table 2.07 N vs similarity 2.64 N (21%) at 1980 rpm, 11.29 m/s",0.9509730586212606,1.106781152426787,True,3096.3505315228845
5.626654751145909,0.47073411234526297,0.9818031681141399,0.36312401952168044,0.7406936959574868,0.497544339456432,1.418406046261874,0.07713509671819951,1.011914619409229,0.34866978948627964,1.8325445620851726,1.7226970867949938,1.7226970867949938,0.14490179652198815,0.6520580843489466,0.16219869915895424,0.0072435793937524985,1.6279964253437713,1.1453309502291833,36.96250346007534,34.385358955352984,2.5771445047223525,0.022756375809107256,-0.007941586200798018,3.1157086661077216,-4.150565995557415,2,one_per_bay,True,39+35+35,3,109,39,35,0,A40-12L-V4-kv410-direct,MJ-20x11E,11.190761669481574,2.5289397397538114,12.518781365535746,0.08477493727887847,8.574543746889114,11.14690687095585,11.331685029851556,111.8387445883844,113.12954026847515,18.480520340009846,0.009647156230840446,0.05119305313509334,0.009647156230840446,-0.041545896904252894,7.916666666666667,0.009647156230840446,0.009647156230840446,0.05119305313509334,-61.01351819013085,-279.5485850893705,188.08778161215145,0.0,2461.2324786576064,2576.930260615473,14.083333333333334,False,"SOC floor violated (min 0.010, unmet 188 Wh); morning depletion (0.051193 -> 0.009647, -61.014 Wh)",0.7328209350858629,1.1707341123452628,True,3112.776555794927
6.0,0.396781152426787,1.1896046237273867,0.3425548483298606,0.4168723034471134,0.2309025977539103,0.0,0.1608261911808652,3.0,0.1654070729765549,1.54256042274366,2.21,2.21,0.09944495582879487,0.4475023012295769,0.14523366549613032,0.0047975330475969495,1.6841533265098318,1.2758466734901681,35.29152955544227,33.39452434699049,1.8970052084517786,0.01081462422241722,-0.0059765318259818664,3.850245877309221,-5.205681040203621,2,one_per_bay,True,51+22+22,3,95,51,22,0,A40-12L-V4-kv410-direct,22x12E,10.5035513294331,2.043473174018701,17.6170651309321,0.0811189473048726,8.610710217764364,11.193923283093673,11.379480815691277,103.90559989282232,103.95359271648573,23.195758290888957,0.006746892876478346,0.1109356427546374,0.006746892876478346,-0.10418874987815904,8.083333333333334,0.006746892876478346,0.006746892876478346,0.1109356427546374,-153.00962693255315,-283.8078569817394,206.41363012842731,0.0,2145.110875894245,2374.1983280564973,14.333333333333332,False,"SOC floor violated (min 0.007, unmet 206 Wh); morning depletion (0.110936 -> 0.006747, -153.010 Wh)",0.9565968342798119,1.096781152426787,True,3361.5781572859537
6.0,0.396781152426787,1.1896046237273867,0.3425548483298606,0.4168723034471134,0.2309025977539103,0.0,0.1608261911808652,3.0,0.1654070729765549,1.54256042274366,2.21,2.21,0.09944495582879487,0.4475023012295769,0.14523366549613032,0.0047975330475969495,1.6841533265098318,1.2758466734901681,35.29661118546074,33.39933282708506,1.8972783583756816,0.010816802801020733,-0.0059765318259818664,3.850255072204784,-5.20563462835571,2,one_per_bay,True,51+22+22,3,95,51,22,0,A40-12L-V4-kv410-direct,MJ-22x12EW,10.506576361510513,2.043473174018701,17.6170651309321,0.08111894873750279,8.61195007458197,11.19553509695656,11.381119347997362,103.8880939741721,104.55080065831167,23.598260285938323,0.00908431060477122,0.11110800748140467,0.00908431060477122,-0.10202369687663346,8.083333333333334,0.00908431060477122,0.00908431060477122,0.11110800748140467,-149.83007105497487,-280.37516952738497,215.01991236354522,0.0,2145.110875894245,2379.720419993483,14.333333333333332,False,"SOC floor violated (min 0.009, unmet 215 Wh); morning depletion (0.111108 -> 0.009084, -149.830 Wh); FLAG MJ-22x12EW: thrust table 2.03 N vs similarity 2.65 N (23%) at 1960 rpm, 11.20 m/s; FLAG MJ-22x12EW: thrust table 2.03 N vs similarity 2.59 N (21%) at 1986 rpm, 11.38 m/s",0.9565968342798119,1.096781152426787,True,3443.1385089073146
6.0,0.396781152426787,1.1896046237273867,0.3425548483298606,0.4168723034471134,0.2309025977539103,0.0,0.1608261911808652,3.0,0.1654070729765549,1.54256042274366,2.21,2.21,0.09944495582879487,0.4475023012295769,0.14523366549613032,0.0047975330475969495,1.6841533265098318,1.2758466734901681,35.057276831365805,33.17286327431777,1.8844135570480345,0.010714043832151156,-0.0059765318259818664,3.8498205678684463,-5.207827817754934,2,one_per_bay,True,51+22+22,3,95,51,22,0,A40-12L-V4-kv410-direct,MJ-21x10EL,10.364576361510514,2.043473174018701,17.6170651309321,0.08111888103597895,8.5535553607731,11.11962196900503,11.303947836156803,104.12803816347471,105.40615462598934,21.476432487257885,0.005155525981210505,0.1087115137410869,0.005155525981210505,-0.10355598775987639,8.083333333333334,0.005155525981210505,0.005155525981210505,0.1087115137410869,-152.08036445681847,-286.1449082971885,224.41708144507587,0.0,2145.110875894245,2391.428041727708,14.333333333333332,False,"SOC floor violated (min 0.005, unmet 224 Wh); morning depletion (0.108712 -> 0.005156, -152.080 Wh)",0.9565968342798119,1.096781152426787,True,3542.571275229425
6.0,0.396781152426787,1.1896046237273867,0.3425548483298606,0.4168723034471134,0.2309025977539103,0.0,0.1608261911808652,3.0,0.1654070729765549,1.54256042274366,2.21,2.21,0.09944495582879487,0.4475023012295769,0.14523366549613032,0.0047975330475969495,1.6841533265098318,1.2758466734901681,35.50428785632042,33.59584637378272,1.9084414825376934,0.010905713354378663,-0.0059765318259818664,3.8506297221620804,-5.203743557593238,2,one_per_bay,True,51+22+22,3,95,51,22,0,A40-12L-V4-kv410-direct,MJ-26x15E,10.630576361510514,2.043473174018701,17.6170651309321,0.08111900710856315,8.662620693120996,11.261406901057295,11.448083084669685,103.6764019543597,106.99926008606761,27.564667671419883,0.00833279846036479,0.1128792197689481,0.00833279846036479,-0.10454642130858331,8.083333333333334,0.00833279846036479,0.00833279846036479,0.1128792197689481,-153.53489642851744,-281.47882604486296,231.94114147414356,0.0,2145.110875894245,2400.631513688778,14.25,False,"SOC floor violated (min 0.008, unmet 232 Wh); morning depletion (0.112879 -> 0.008333, -153.535 Wh); FLAG MJ-26x15E: thrust table 2.06 N vs similarity 2.59 N (21%) at 1560 rpm, 11.45 m/s",0.9565968342798119,1.096781152426787,True,3615.625036589654
6.0,0.396781152426787,1.1896046237273867,0.3425548483298606,0.4168723034471134,0.2309025977539103,0.0,0.1608261911808652,3.0,0.1654070729765549,1.54256042274366,2.21,2.21,0.09944495582879487,0.4475023012295769,0.14523366549613032,0.0047975330475969495,1.6841533265098318,1.2758466734901681,35.013277852937414,33.13122934756882,1.8820485053685914,0.010695119524111561,-0.0059765318259818664,3.849740366349066,-5.208232640191547,2,one_per_bay,True,51+22+22,3,95,51,22,0,A40-12L-V4-kv410-direct,MJ-18x8EL,10.338576361510514,2.043473174018701,17.6170651309321,0.08111886853892762,8.542820137395223,11.10566617861379,11.28976070578181,104.92904673942996,106.60669213334498,15.104714834808814,0.007277493433087796,0.10085119215583015,0.007277493433087796,-0.09357369872274235,8.083333333333334,0.007277493433087796,0.007277493433087796,0.10085119215583015,-137.42056363100033,-283.0286270426917,261.86320680074795,0.0,2145.110875894245,2414.3745567713327,14.416666666666666,False,"SOC floor violated (min 0.007, unmet 262 Wh); morning depletion (0.100851 -> 0.007277, -137.421 Wh)",0.9565968342798119,1.096781152426787,True,3904.9282722971343
4.9016719075179465,0.41777633546814547,1.132387093960118,0.2494320512477166,0.44259417244409727,0.9594955009031472,3.5939878104115524,0.9111929131288199,2.330597972548116,0.1849053714632514,2.395995970003768,2.193825373034279,2.193825373034279,0.1175326937394728,0.5288971218276277,0.16624773768926987,0.007840916662577038,1.900668763007178,0.5101671907517953,35.57038839707958,31.73977993457108,3.8306084625085037,0.022972996257002002,-0.011381444339663482,3.2803621189976635,-4.218978576633635,2,one_per_bay,True,48+26+26,3,100,48,26,0,A40-12L-V4-kv410-direct,20x13E,10.501871262589491,2.0350318873069146,11.806393619092747,0.09298997250779563,9.201053702471398,11.961369813212817,12.159649023539316,108.5015764033882,109.32787033726653,21.256251743184965,0.006948637289074444,0.07243445249635794,0.006948637289074444,-0.0654858152072835,8.083333333333334,0.006948637289074444,0.006948637289074444,0.07243445249635794,-96.1712292925883,-283.511578954187,269.05166188083354,0.0,2258.0114483097323,2492.0941995366406,14.25,False,"SOC floor violated (min 0.007, unmet 269 Wh); morning depletion (0.072434 -> 0.006949, -96.171 Wh); FLAG 20x13E: shaft power table 42.6 W vs similarity 35.9 W (16%) at 2141 rpm, 11.96 m/s; FLAG 20x13E: shaft power table 43.8 W vs similarity 36.0 W (18%) at 2172 rpm, 12.16 m/s",0.9067924939758922,1.1177763354681454,True,3949.053795726544
6.0,0.396781152426787,1.1896046237273867,0.3425548483298606,0.4168723034471134,0.2309025977539103,0.0,0.1608261911808652,3.0,0.1654070729765549,1.54256042274366,2.21,2.21,0.09944495582879487,0.4475023012295769,0.14523366549613032,0.0047975330475969495,1.6841533265098318,1.2758466734901681,35.141274497273365,33.252345862195796,1.8889286350775687,0.010750143579827948,-0.0059765318259818664,3.8499734000374892,-5.207056387308209,2,one_per_bay,True,51+22+22,3,95,51,22,0,A40-12L-V4-kv410-direct,17x8E,10.414303167793483,2.043473174018701,17.6170651309321,0.08111890484987186,8.574049784483533,11.146264719828594,11.331032234022194,106.79189581760059,107.84454298137504,11.367570802592907,0.009325511710059471,0.08239851039049766,0.009325511710059471,-0.07307299868043818,8.083333333333334,0.009325511710059471,0.009325511710059471,0.08239851039049766,-107.31362339995431,-330.52321371143114,330.52321371143114,0.0,2145.110875894245,2453.0933682752398,14.416666666666666,False,"SOC floor violated (min 0.009, unmet 331 Wh); morning depletion (0.082399 -> 0.009326, -107.314 Wh)",0.9565968342798119,1.096781152426787,True,4568.97962308469
5.884108502694524,0.45107244566073734,1.2177981018048532,0.37851692901703593,0.6128931696411967,0.5884573206644439,4.683975906161927,0.623969984752536,2.0953282709347376,0.27645922095881575,2.0153625924043634,1.3806064093560597,1.3806064093560597,0.12340376636386609,0.5553169486373973,0.1559767897721918,0.006322852019963648,1.7052325508083581,1.1968217005389037,36.10747828834395,34.589242100843975,1.5182361874999735,0.018363586753063623,-0.008222189962472624,3.011923203395808,-4.711045706950272,2,one_per_bay,True,38+38+30,3,106,30,38,0,A40-12L-V4-kv410-direct,22x12E,11.266297176739942,2.4923465939711655,13.891620433222355,0.0849707635134215,8.655975462239354,11.25276810091116,11.439301082323643,114.56796569406669,114.87610388619868,21.647690930158902,0.006549220353057416,0.020784646509327643,0.006549220353057416,-0.014235426156270227,8.0,0.006549220353057416,0.006549220353057416,0.020784646509327643,-20.905877534225226,-350.5462472450937,350.5462472450937,0.0,2393.492135208314,2632.635524030888,14.25,False,"SOC floor violated (min 0.007, unmet 351 Wh); morning depletion (0.020785 -> 0.006549, -20.906 Wh)",0.9666146834624605,1.1510724456607373,True,4713.14867725415
6.0,0.396781152426787,1.1896046237273867,0.3425548483298606,0.4168723034471134,0.2309025977539103,0.0,0.1608261911808652,3.0,0.1654070729765549,1.54256042274366,2.21,2.21,0.09944495582879487,0.4475023012295769,0.14523366549613032,0.0047975330475969495,1.6841533265098318,1.2758466734901681,35.168410490458015,33.27802323000897,1.8903872604490455,0.010761797805440147,-0.0059765318259818664,3.850022695403104,-5.206807565691156,2,one_per_bay,True,51+22+22,3,95,51,22,0,A40-12L-V4-kv410-direct,MJ-18x8E,10.43039316886717,2.043473174018701,17.6170651309321,0.08111891253079832,8.580670641576654,11.15487183404965,11.33978202519728,107.57612592301237,109.29923889718057,14.971760333605832,0.004900032163097874,0.07460268575671405,0.004900032163097874,-0.06970265359361619,8.166666666666666,0.004900032163097874,0.004900032163097874,0.07460268575671405,-102.36399836873296,-360.5921372593752,360.5921372593752,0.0,2145.110875894245,2478.34018815475,14.416666666666666,False,"SOC floor violated (min 0.005, unmet 361 Wh); morning depletion (0.074603 -> 0.004900, -102.364 Wh)",0.9565968342798119,1.096781152426787,True,4870.72399302427
6.0,0.396781152426787,1.1896046237273867,0.3425548483298606,0.4168723034471134,0.2309025977539103,0.0,0.1608261911808652,3.0,0.1654070729765549,1.54256042274366,2.21,2.21,0.09944495582879487,0.4475023012295769,0.14523366549613032,0.0047975330475969495,1.6841533265098318,1.2758466734901681,35.3989830535378,33.49620195925389,1.902781094283912,0.010860660693411715,-0.0059765318259818664,3.850440026356142,-5.204701059919183,2,one_per_bay,True,51+22+22,3,95,51,22,0,A40-12L-V4-kv410-direct,25x125E,10.56760984767958,2.043473174018701,17.6170651309321,0.08111897755415877,8.636927583394046,11.22800585841226,11.414128365274982,108.87703378343524,110.73067268049964,27.37618299096747,0.004710640252957109,0.06167105342200355,0.004710640252957109,-0.05696041316904644,8.166666666666666,0.004710640252957109,0.004710640252957109,0.06167105342200355,-83.65098515062326,-411.4512426497916,411.4512426497916,0.0,2145.110875894245,2510.6583803245658,14.5,False,"SOC floor violated (min 0.005, unmet 411 Wh); morning depletion (0.061671 -> 0.004711, -83.651 Wh); FLAG 25x125E: (11.23 m/s, 1852 rpm) not on the map; used C_T(J) similarity; FLAG 25x125E: (11.41 m/s, 1883 rpm) not on the map; used C_T(J) similarity",0.9565968342798119,1.096781152426787,True,5366.762198414005
5.357496482975867,0.5135454269009949,1.7232703495780521,0.31633539991234716,0.47004429274593107,0.22695451379709633,3.034259757577162,0.4310923493786603,1.5408523186302916,0.2413890969805854,1.1325477184802506,1.3572130569580436,1.3572130569580436,0.10549324264793143,0.4747195919156914,0.16328337119966402,0.00767997701977763,1.5015149059654054,1.137233335522528,37.467930986620026,36.078338048913324,1.3895929377067004,0.01904348975231602,-0.015521414964630349,3.500159796357627,-4.018203980519429,2,one_per_bay,True,31+31+30,3,92,30,31,0,A40-12L-V4-kv410-direct,17x10E,11.055936752189295,2.3305095588076314,12.316091327161987,0.08704299484173414,8.658616830505645,11.25620187965734,11.442791781552078,106.86540993548128,108.81751349355334,12.313624510211405,0.008797225742550414,0.07726998377373955,0.008797225742550414,-0.06847275803118913,8.166666666666666,0.008797225742550414,0.008797225742550414,0.07726998377373955,-100.55779701404701,-414.1398381311731,414.1398381311731,0.0,2077.370532444954,2463.152146956726,14.583333333333332,False,"SOC floor violated (min 0.009, unmet 414 Wh); morning depletion (0.077270 -> 0.008797, -100.558 Wh); FLAG 17x10E: (11.26 m/s, 2761 rpm) not on the map; used C_T(J) similarity; FLAG 17x10E: (11.44 m/s, 2808 rpm) not on the map; used C_T(J) similarity",1.4022394539214724,1.2135454269009949,True,5401.07391260037
6.0,0.396781152426787,1.1896046237273867,0.3425548483298606,0.4168723034471134,0.2309025977539103,0.0,0.1608261911808652,3.0,0.1654070729765549,1.54256042274366,2.21,2.21,0.09944495582879487,0.4475023012295769,0.14523366549613032,0.0047975330475969495,1.6841533265098318,1.2758466734901681,35.361739368843544,33.46096021283595,1.9007791560075913,0.010844711633817259,-0.0059765318259818664,3.8503728005646276,-5.205040386601408,2,one_per_bay,True,51+22+22,3,95,51,22,0,A40-12L-V4-kv410-direct,24x12E,10.545384933184119,2.043473174018701,17.6170651309321,0.08111896708020377,8.62784057072036,11.216192741936469,11.402119427129692,109.32298735600216,111.19633554046847,25.99988373912043,0.006726914371539946,0.05719930035892227,0.006726914371539946,-0.05047238598738232,8.166666666666666,0.006726914371539946,0.006726914371539946,0.05719930035892227,-74.12279117809153,-431.7900200121514,431.7900200121514,0.0,2145.110875894245,2521.54850429647,14.5,False,"SOC floor violated (min 0.007, unmet 432 Wh); morning depletion (0.057199 -> 0.006727, -74.123 Wh); FLAG 24x12E: (11.22 m/s, 1942 rpm) not on the map; used C_T(J) similarity; FLAG 24x12E: (11.40 m/s, 1975 rpm) not on the map; used C_T(J) similarity",0.9565968342798119,1.096781152426787,True,5561.645670737355
6.0,0.396781152426787,1.1896046237273867,0.3425548483298606,0.4168723034471134,0.2309025977539103,0.0,0.1608261911808652,3.0,0.1654070729765549,1.54256042274366,2.21,2.21,0.09944495582879487,0.4475023012295769,0.14523366549613032,0.0047975330475969495,1.6841533265098318,1.2758466734901681,35.11560958611979,33.228060502190786,1.887549083929005,0.010739117521490522,-0.0059765318259818664,3.8499267420071934,-5.207291896796423,2,one_per_bay,True,51+22+22,3,95,51,22,0,A40-12L-V4-kv410-direct,16x7E(3D),10.399096857461391,2.043473174018701,17.6170651309321,0.08111889757981576,8.567787853774044,11.138124209906259,11.322756781872988,109.58032585340283,111.47930443623719,8.865752173713403,0.006878847645665375,0.05461789128480009,0.006878847645665375,-0.04773904363913471,8.166666666666666,0.006878847645665375,0.006878847645665375,0.05461789128480009,-70.10865631733736,-442.18696144548824,442.18696144548824,0.0,2145.110875894245,2527.9681170185763,14.5,False,"SOC floor violated (min 0.007, unmet 442 Wh); morning depletion (0.054618 -> 0.006879, -70.109 Wh)",0.9565968342798119,1.096781152426787,True,5662.729809448351
5.267468493188604,0.43436285393029195,1.8724865426096295,0.35135872487509534,0.5203024189644411,0.5424332704193495,0.45976947053801615,0.6492670201335513,2.042800560948635,0.2260000436082291,1.8628013447528864,1.8977615105679138,1.8977615105679138,0.09111680896550044,0.410025640344752,0.1596113648793671,0.006936541701110052,1.6651409986190369,0.928593247975265,38.224934442023255,36.449564373731334,1.775370068291923,0.015063213212758022,-0.014448333971008535,3.4824613829180455,-4.717170443004909,2,one_per_bay,True,42+26+26,3,94,42,26,0,A40-12L-V4-kv410-direct,MJ-26x15EL,10.915775762950364,2.127358901691876,13.042568559855233,0.09355563363809585,8.975788425480832,11.668524953125083,11.861949782346983,110.21932986563348,113.64377297239946,27.706273995789733,0.004310855065818528,0.0466731481802536,0.004310855065818528,-0.042362293114435075,8.25,0.004310855065818528,0.004310855065818528,0.0466731481802536,-62.212462219070694,-501.69299989229125,501.69299989229125,0.0,2122.5307614111475,2557.5107560305782,14.583333333333332,False,"SOC floor violated (min 0.004, unmet 502 Wh); morning depletion (0.046673 -> 0.004311, -62.212 Wh)",1.6094746785698528,1.134362853930292,True,6254.981435971529
6.0,0.396781152426787,1.1896046237273867,0.3425548483298606,0.4168723034471134,0.2309025977539103,0.0,0.1608261911808652,3.0,0.1654070729765549,1.54256042274366,2.21,2.21,0.09944495582879487,0.4475023012295769,0.14523366549613032,0.0047975330475969495,1.6841533265098318,1.2758466734901681,35.43764344527476,33.53278426127896,1.9048591839957953,0.010877208151253322,-0.0059765318259818664,3.850509734565075,-5.204349203059331,2,one_per_bay,True,51+22+22,3,95,51,22,0,A40-12L-V4-kv410-direct,26x13E,10.59070491965521,2.043473174018701,17.6170651309321,0.08111898841474366,8.646360255605922,11.240268332287698,11.426594109651596,112.8262697325029,114.71748380762955,28.394835593486253,0.009699733125546214,0.02209583644770337,0.009699733125546214,-0.012396103322157157,8.25,0.009699733125546214,0.009699733125546214,0.02209583644770337,-18.204682818046336,-571.3211881336962,571.3211881336962,0.0,2145.1108758942446,2605.6394061208384,14.583333333333332,False,"SOC floor violated (min 0.010, unmet 571 Wh); morning depletion (0.022096 -> 0.009700, -18.205 Wh); FLAG 26x13E: (11.24 m/s, 1769 rpm) not on the map; used C_T(J) similarity; FLAG 26x13E: (11.43 m/s, 1799 rpm) not on the map; used C_T(J) similarity",0.9565968342798119,1.096781152426787,True,6915.908250533573
6.0,0.396781152426787,1.1896046237273867,0.3425548483298606,0.4168723034471134,0.2309025977539103,0.0,0.1608261911808652,3.0,0.1654070729765549,1.54256042274366,2.21,2.21,0.09944495582879487,0.4475023012295769,0.14523366549613032,0.0047975330475969495,1.6841533265098318,1.2758466734901681,35.168410490458015,33.27802323000897,1.8903872604490455,0.010761797805440147,-0.0059765318259818664,3.850022695403104,-5.206807565691156,2,one_per_bay,True,51+22+22,3,95,51,22,0,A40-12L-V4-kv410-direct,18x8E,10.43039316886717,2.043473174018701,17.6170651309321,0.08111891253079832,8.580670641576654,11.15487183404965,11.33978202519728,113.36093432392644,114.09012218720727,13.15634928153015,0.005170022195310311,0.016787489540493708,0.005170022195310311,-0.011617467345183397,8.25,0.005170022195310311,0.005170022195310311,0.016787489540493708,-17.06119275321359,-574.4768955472022,574.4768955472022,0.0,2145.1108758942446,2607.528942820146,14.583333333333332,False,"SOC floor violated (min 0.005, unmet 574 Wh); morning depletion (0.016787 -> 0.005170, -17.061 Wh)",0.9565968342798119,1.096781152426787,True,6951.216399621895
5.296501860392114,0.4055447956880577,1.7937773943303466,0.32735822966176187,0.7316554936070042,0.3567144232655546,4.6037132797692095,0.3226317502564628,1.308205682280715,0.2967190776688975,1.3756318186834449,1.3398793041305677,1.3398793041305677,0.0861116160628511,0.3875022722828299,0.15570872293784532,0.00624870867059123,1.634880595325476,0.9733703348705811,37.352012670415625,36.30072763816039,1.0512850322552394,0.013116254313294008,-0.012851329869429195,2.6426387230454766,-4.878147187246342,2,one_per_bay,True,31+31+30,3,92,30,31,0,A40-12L-V4-kv410-direct,MJ-20p5x12ELW,10.621592017107643,2.009475076258872,13.960328390519033,0.08460237384875868,9.613101102111573,12.497031432745045,12.704190107930637,111.29643506498178,112.779394339399,23.103876040357953,0.004731785719283058,0.03275026409310592,0.004731785719283058,-0.02801847837382286,8.25,0.004731785719283058,0.004731785719283058,0.03275026409310592,-41.14740726047567,-574.769571042124,574.769571042124,0.0,2077.3705324449543,2564.8318148479207,14.75,False,"SOC floor violated (min 0.005, unmet 575 Wh); morning depletion (0.032750 -> 0.004732, -41.147 Wh); FLAG MJ-20p5x12ELW: thrust table 2.24 N vs similarity 2.68 N (17%) at 2165 rpm, 12.50 m/s",1.5484649899250833,1.1055447956880577,True,6970.982402075779
6.0,0.396781152426787,1.1896046237273867,0.3425548483298606,0.4168723034471134,0.2309025977539103,0.0,0.1608261911808652,3.0,0.1654070729765549,1.54256042274366,2.21,2.21,0.09944495582879487,0.4475023012295769,0.14523366549613032,0.0047975330475969495,1.6841533265098318,1.2758466734901681,35.19701076176287,33.30508616744613,1.8919245943167433,0.010774076612712036,-0.0059765318259818664,3.850074609629405,-5.2065455251963595,2,one_per_bay,True,51+22+22,3,95,51,22,0,A40-12L-V4-kv410-direct,19x8E,10.447364841431915,2.043473174018701,17.6170651309321,0.08111892061970535,8.587648764980704,11.163943394474916,11.349003961529789,113.1382261397988,115.13319580781123,14.92721037003112,0.008503652161203102,0.018918262876539915,0.008503652161203102,-0.010414610715336814,8.25,0.008503652161203102,0.008503652161203102,0.018918262876539915,-15.294700263367949,-582.6557547558026,582.6557547558026,0.0,2145.1108758942446,2614.103391728937,14.583333333333332,False,"SOC floor violated (min 0.009, unmet 583 Wh); morning depletion (0.018918 -> 0.008504, -15.295 Wh); FLAG 19x8E: (11.16 m/s, 2919 rpm) not on the map; used C_T(J) similarity; FLAG 19x8E: (11.35 m/s, 2969 rpm) not on the map; used C_T(J) similarity",0.9565968342798119,1.096781152426787,True,7028.46850511216
4.751805107051436,0.4228271104561194,0.8520384772225078,0.24686807830511887,0.7757030380408272,0.9021298300284182,0.6228966087547498,0.6108303392589424,1.7847910435696561,0.32798827414683623,2.2272471217497776,1.7139963075141535,1.7139963075141535,0.13612402921310596,0.6125581314589768,0.16945839624732353,0.00832677601463054,1.6506498385385169,0.6852527149872012,38.871082890886385,35.28102393240541,3.59005895848097,0.026159338355651002,-0.00938117718027696,3.2961322426798025,-3.8969431410328723,2,one_per_bay,True,39+28+28,3,95,39,28,0,A40-12L-V4-kv410-direct,MJ-20p5x12ELW,10.202034390535434,1.9950937147045056,11.317589549293125,0.09163417805685353,9.177174492530979,11.930326840290272,12.12809146271811,113.32124642054677,114.58933848217187,23.140131641329056,0.0090864204891027,0.01714343315857597,0.0090864204891027,-0.00805701266947327,8.25,0.0090864204891027,0.0090864204891027,0.01714343315857597,-11.832376376419022,-583.7238066865501,583.7238066865501,0.0,2145.1108758942446,2611.6511143401135,14.583333333333332,False,"SOC floor violated (min 0.009, unmet 584 Wh); morning depletion (0.017143 -> 0.009086, -11.832 Wh); FLAG MJ-20p5x12ELW: thrust table 2.45 N vs similarity 2.92 N (16%) at 2127 rpm, 11.93 m/s",0.6363758867578533,1.1228271104561194,True,7036.208658045872
6.0,0.396781152426787,1.1896046237273867,0.3425548483298606,0.4168723034471134,0.2309025977539103,0.0,0.1608261911808652,3.0,0.1654070729765549,1.54256042274366,2.21,2.21,0.09944495582879487,0.4475023012295769,0.14523366549613032,0.0047975330475969495,1.6841533265098318,1.2758466734901681,35.29152955544227,33.39452434699049,1.8970052084517786,0.01081462422241722,-0.0059765318259818664,3.850245877309221,-5.205681040203621,2,one_per_bay,True,51+22+22,3,95,51,22,0,A40-12L-V4-kv410-direct,22x10E,10.5035513294331,2.043473174018701,17.6170651309321,0.0811189473048726,8.610710217764364,11.193923283093673,11.379480815691277,113.33124137627162,115.29308461727766,21.920561930390026,0.00439812022683586,0.016963148347020434,0.00439812022683586,-0.012565028120184573,8.25,0.00439812022683586,0.00439812022683586,0.016963148347020434,-18.452762580554843,-583.8432548451345,583.8432548451345,0.0,2145.1108758942446,2618.4238168833103,14.583333333333332,False,"SOC floor violated (min 0.004, unmet 584 Wh); morning depletion (0.016963 -> 0.004398, -18.453 Wh); FLAG 22x10E: (11.19 m/s, 2309 rpm) not on the map; used C_T(J) similarity; FLAG 22x10E: (11.38 m/s, 2348 rpm) not on the map; used C_T(J) similarity",0.9565968342798119,1.096781152426787,True,7046.599455344694
6.0,0.396781152426787,1.1896046237273867,0.3425548483298606,0.4168723034471134,0.2309025977539103,0.0,0.1608261911808652,3.0,0.1654070729765549,1.54256042274366,2.21,2.21,0.09944495582879487,0.4475023012295769,0.14523366549613032,0.0047975330475969495,1.6841533265098318,1.2758466734901681,35.141274497273365,33.252345862195796,1.8889286350775687,0.010750143579827948,-0.0059765318259818664,3.8499734000374892,-5.207056387308209,2,one_per_bay,True,51+22+22,3,95,51,22,0,A40-12L-V4-kv410-direct,17x7E,10.414303167793483,2.043473174018701,17.6170651309321,0.08111890484987186,8.574049784483533,11.146264719828594,11.331032234022194,113.65284043253918,115.2926816759488,10.233929304128667,0.0057729126965521405,0.013735556192492284,0.0057729126965521405,-0.007962643495940143,8.25,0.0057729126965521405,0.0057729126965521405,0.013735556192492284,-11.693787593531015,-595.2706855616966,595.2706855616966,0.0,2145.1108758942446,2623.110008756363,14.583333333333332,False,"SOC floor violated (min 0.006, unmet 595 Wh); morning depletion (0.013736 -> 0.005773, -11.694 Wh)",0.9565968342798119,1.096781152426787,True,7154.896585416353
6.0,0.396781152426787,1.1896046237273867,0.3425548483298606,0.4168723034471134,0.2309025977539103,0.0,0.1608261911808652,3.0,0.1654070729765549,1.54256042274366,2.21,2.21,0.09944495582879487,0.4475023012295769,0.14523366549613032,0.0047975330475969495,1.6841533265098318,1.2758466734901681,35.03359194021459,33.150451503443335,1.8831404367712585,0.010703858030308143,-0.0059765318259818664,3.849777407467773,-5.208045672713653,2,one_per_bay,True,51+22+22,3,95,51,22,0,A40-12L-V4-kv410-direct,MJ-20x8EL,10.350576361510514,2.043473174018701,17.6170651309321,0.0811188743107211,8.547776531212254,11.11210949057593,11.296310826146973,114.81935155345026,116.92883878301262,18.18879972884814,0.008480816429757102,0.008480816429757102,0.009766648572503141,0.0012858321427460396,8.25,0.008480816429757102,0.009766648572503141,0.008480816429757102,1.8883487582827818,-640.697843814924,640.697843814924,0.0,2145.1108758942446,2655.177194156248,14.75,False,"SOC floor violated (min 0.008, unmet 641 Wh); FLAG MJ-20x8EL: thrust table 2.00 N vs similarity 0.00 N (100%) at 2545 rpm, 11.11 m/s; FLAG MJ-20x8EL: thrust table 2.01 N vs similarity 0.00 N (100%) at 2591 rpm, 11.30 m/s",0.9565968342798119,1.096781152426787,True,7598.4976217194835
5.875690268556726,0.3813454314490758,1.1861771727500567,0.3073542416058736,0.4,0.15305929761200748,0.0,0.26809267939818826,2.937845134278363,0.15253817257963032,1.3855339888842317,2.21,2.21,0.09269647235103791,0.41713412557967056,0.14383516964064966,0.0046000590801205336,1.7387300340423817,1.1591151002359812,36.27175396300366,34.30916264310992,1.9625913198937401,0.010766857382248383,-0.005834907096814398,3.822369362254345,-5.2691202719638,3,one_per_bay,True,34+17+17,3,68,34,17,0,A40-12L-V4-kv410-direct,MJ-21x13p5EL,11.915999261216925,1.88548758243378,18.3102431719275,0.08002750119731081,9.547919719937124,12.41229563591826,12.618049677090893,115.79385250037292,116.50527399396117,21.25806090155206,0.006294628256533303,0.286682496336148,0.006294628256533303,-0.2803878680796147,9.083333333333334,0.006294628256533303,0.006294628256533303,0.286682496336148,-617.6584776395702,-635.3085561092347,635.3085561092347,0.0,1535.4477848506178,2664.447406335313,16.416666666666668,False,"SOC floor violated (min 0.006, unmet 635 Wh); morning depletion (0.286682 -> 0.006295, -617.658 Wh); FLAG MJ-21x13p5EL: thrust table 2.23 N vs similarity 3.14 N (29%) at 1958 rpm, 12.41 m/s; FLAG MJ-21x13p5EL: thrust table 2.24 N vs similarity 3.08 N (27%) at 1982 rpm, 12.62 m/s",0.9589150210856017,1.0813454314490758,True,7827.1787999154285
4.5432669961991525,0.4446610496041121,1.8896515536564644,0.3387768820480717,0.9354145146025585,0.17578002604146675,1.926596638768911,0.993921925142699,2.2620848668809614,0.4159423998780947,0.9767872253702086,1.401275019201731,1.401275019201731,0.09484039055628128,0.4267817575032658,0.17665143421263832,0.009432816247444348,1.5755761186316941,0.6560573794678821,35.4990454714956,33.76061663326242,1.7384288382331794,0.022705243790503288,-0.02355020164416057,3.4935011130664595,-3.6757345017583507,2,one_per_bay,True,30+30+30,3,90,30,30,0,A40-12L-V4-kv410-direct,19x12E,10.703465055761658,1.9830276346060827,10.40896991980283,0.098798731894487,9.399857169054822,12.21981431977127,12.422377669245195,113.80565620394452,115.31472040034731,18.895145014891305,0.006972481351363704,0.009926829072114672,0.006972481351363704,-0.002954347720750968,8.333333333333334,0.006972481351363704,0.006972481351363704,0.009926829072114672,-4.3386991696298844,-716.0742393846075,716.0742393846075,0.0,2032.2103034787579,2625.0430820119786,14.916666666666668,False,"SOC floor violated (min 0.007, unmet 716 Wh); morning depletion (0.009927 -> 0.006972, -4.339 Wh); FLAG 19x12E: shaft power table 46.9 W vs similarity 36.1 W (23%) at 2362 rpm, 12.22 m/s; FLAG 19x12E: shaft power table 47.7 W vs similarity 36.6 W (23%) at 2400 rpm, 12.42 m/s",1.625291216774859,1.144661049604112,True,8356.724259215462
6.0,0.396781152426787,1.1896046237273867,0.3425548483298606,0.4168723034471134,0.2309025977539103,0.0,0.1608261911808652,3.0,0.1654070729765549,1.54256042274366,2.21,2.21,0.09944495582879487,0.4475023012295769,0.14523366549613032,0.0047975330475969495,1.6841533265098318,1.2758466734901681,35.227068537344,33.33352826477386,1.8935402725701416,0.010786976387626985,-0.0059765318259818664,3.850129124023213,-5.2062703601781015,2,one_per_bay,True,51+22+22,3,95,51,22,0,A40-12L-V4-kv410-direct,20x8E,10.465216279801073,2.043473174018701,17.6170651309321,0.08111892911366873,8.594982501958954,11.173477252546641,11.35869585884613,121.18840363988141,123.31897842124474,16.561075303604202,0.006094739078824176,0.006094739078824176,0.008110292982560694,0.0020155539037365177,8.333333333333334,0.006094739078824176,0.008110292982560694,0.006094739078824176,2.9600043309265684,-793.9281230038015,793.9281230038015,0.0,2145.1108758942446,2807.874408287884,14.916666666666668,False,"SOC floor violated (min 0.006, unmet 794 Wh); FLAG 20x8E: (11.17 m/s, 2835 rpm) not on the map; used C_T(J) similarity; FLAG 20x8E: (11.36 m/s, 2884 rpm) not on the map; used C_T(J) similarity",0.9565968342798119,1.096781152426787,True,9133.18649095919
4.697971144912094,0.45609319029718687,1.5826578523350872,0.31779785743282696,0.8033335441794522,0.6379666914096767,1.9974617655273597,0.29909634091531195,1.4126323952070234,0.3663949590375525,1.8653370219388266,2.026125549265441,2.026125549265441,0.10770602557088861,0.4846771150689988,0.17572923925663347,0.009307776317225857,1.6312696121683539,0.677715960287693,36.93755602392492,34.003691139538844,2.933864884386077,0.02587740507974469,-0.019701645395497517,3.2316871781704606,-3.770112316535565,2,one_per_bay,True,45+24+24,3,93,45,24,0,A40-12L-V4-kv410-direct,MJ-21x13E,10.738112168241466,2.099330227874404,10.513321146608613,0.0975778391727268,9.279922764793051,12.063899594230968,12.263878402875442,120.2346654915104,120.93255034478968,23.259099161269145,0.006446789550083929,0.006853415515038069,0.006446789550083929,-0.00040662596495414077,8.416666666666666,0.006446789550083929,0.006446789550083929,0.006853415515038069,-0.5971631992079898,-799.3544181164362,799.3544181164362,0.0,2099.9506469280495,2771.9710925468735,14.916666666666668,False,"SOC floor violated (min 0.006, unmet 799 Wh); morning depletion (0.006853 -> 0.006447, -0.597 Wh); FLAG MJ-21x13E: thrust table 2.48 N vs similarity 0.00 N (100%) at 2016 rpm, 12.06 m/s; FLAG MJ-21x13E: thrust table 2.48 N vs similarity 0.00 N (100%) at 2042 rpm, 12.26 m/s",1.3193201343128287,1.1560931902971867,True,9187.504016579232
5.4717622129786765,0.3075805324023734,1.6539125436120248,0.3904736829242069,0.5820744810160265,0.30648028621795237,4.791307023207262,0.6839864235611423,2.164246300622264,0.17903477876874463,1.4813780201971172,1.8539758361476535,1.8539758361476535,0.06408875819974878,0.28839941189886953,0.14143444010711598,0.006356133271916938,1.7268552293576125,0.9690258771317257,36.91692630806834,35.72850284886865,1.188423459199692,0.012879431044061541,-0.012071415206160662,3.0270561501792193,-6.183973073220136,2,one_per_bay,True,28+19+19,3,66,28,19,0,A40-12L-V4-kv410-direct,MJ-21x14EL,9.659183138802423,1.5217464899840234,19.674881402680708,0.08524380653631732,10.043822145842856,13.056968789595714,13.27340933957344,100.16061238619194,100.98396788556724,27.91666698194926,0.005667079803419384,0.0950565657118564,0.005667079803419384,-0.08938948590843702,8.75,0.005667079803419384,0.005667079803419384,0.0950565657118564,-131.2757078526945,-792.8000095820247,792.8000095820247,0.0,1490.2875558844237,2290.6473801384636,15.75,False,"SOC floor violated (min 0.006, unmet 793 Wh); morning depletion (0.095057 -> 0.005667, -131.276 Wh); FLAG MJ-21x14EL: thrust table 1.83 N vs similarity 0.00 N (100%) at 1987 rpm, 13.06 m/s; FLAG MJ-21x14EL: thrust table 1.84 N vs similarity 0.00 N (100%) at 2012 rpm, 13.27 m/s",1.4813266525600426,1.0075805324023732,True,9211.722500925263
6.0,0.396781152426787,1.1896046237273867,0.3425548483298606,0.4168723034471134,0.2309025977539103,0.0,0.1608261911808652,3.0,0.1654070729765549,1.54256042274366,2.21,2.21,0.09944495582879487,0.4475023012295769,0.14523366549613032,0.0047975330475969495,1.6841533265098318,1.2758466734901681,35.18220352054321,33.291074851313034,1.8911286692301765,0.010767720047313994,-0.0059765318259818664,3.850047737304308,-5.2066811650373195,2,one_per_bay,True,51+22+22,3,95,51,22,0,A40-12L-V4-kv410-direct,MJ-24x10EL,10.438576361510513,2.043473174018701,17.6170651309321,0.08111891643265971,8.584035975598292,11.15924676827778,11.344229481094544,122.22732870067277,123.26131851148588,25.467606176377643,0.006445584183235738,0.009313815036934722,0.006445584183235738,-0.002868230853698984,8.333333333333334,0.006445584183235738,0.006445584183235738,0.009313815036934722,-4.212229567915366,-801.806638048136,801.806638048136,0.0,2145.1108758942446,2822.8479629310477,14.916666666666668,False,"SOC floor violated (min 0.006, unmet 802 Wh); morning depletion (0.009314 -> 0.006446, -4.212 Wh); FLAG MJ-24x10EL: thrust table 2.02 N vs similarity 2.56 N (21%) at 2008 rpm, 11.16 m/s; FLAG MJ-24x10EL: thrust table 2.02 N vs similarity 2.49 N (19%) at 2034 rpm, 11.34 m/s",0.9565968342798119,1.096781152426787,True,9214.489026151825
6.0,0.396781152426787,1.1896046237273867,0.3425548483298606,0.4168723034471134,0.2309025977539103,0.0,0.1608261911808652,3.0,0.1654070729765549,1.54256042274366,2.21,2.21,0.09944495582879487,0.4475023012295769,0.14523366549613032,0.0047975330475969495,1.6841533265098318,1.2758466734901681,35.15185681043345,33.26235935038754,1.8894974600459118,0.010754688886658526,-0.0059765318259818664,3.8499926284408432,-5.206959330671587,2,one_per_bay,True,51+22+22,3,95,51,22,0,A40-12L-V4-kv410-direct,MJ-20x8E,10.420576361510513,2.043473174018701,17.6170651309321,0.08111890784594178,8.57663174205814,11.149621264675583,11.334444419073616,121.32659527252866,123.84053513935498,18.150204364702002,0.00483632004582588,0.00483632004582588,0.00989986811186127,0.005063548066035389,8.416666666666666,0.00483632004582588,0.00989986811186127,0.00483632004582588,7.436230892924269,-805.1182678260724,805.1182678260724,0.0,2145.110875894245,2814.673240331034,14.916666666666668,False,"SOC floor violated (min 0.005, unmet 805 Wh); FLAG MJ-20x8E: thrust table 2.01 N vs similarity 0.00 N (100%) at 2599 rpm, 11.15 m/s; FLAG MJ-20x8E: thrust table 2.02 N vs similarity 0.00 N (100%) at 2650 rpm, 11.33 m/s",0.9565968342798119,1.096781152426787,True,9246.346358214896
5.215347738989771,0.44788782652611,0.8037965681894456,0.2899188895277151,0.9670553665800179,0.043247261808832184,4.089280754137887,0.23173330751960236,1.3582523103349515,0.43313232626793474,1.0517200456710767,1.9627752367871898,1.9627752367871898,0.15367672207431746,0.6915452493344286,0.16653656073388806,0.00786839610422421,1.7132182312565218,0.8544556382383637,35.4243885761052,31.806167496459672,3.6182210796455307,0.024719295396565328,-0.007619543624782001,2.737158817623919,-3.808188991304195,2,one_per_bay,True,45+29+29,3,103,45,29,0,A40-12L-V4-kv410-direct,MJ-26x15EL,10.79255685479896,2.31293188634485,11.759901880020308,0.08054743479408542,9.114234999352412,11.848505499158136,12.044913799428823,128.71123949700575,133.39338721704107,28.281747589138494,0.003997749033046531,0.009131117391286792,0.003997749033046531,-0.005133368358240261,8.333333333333334,0.003997749033046531,0.003997749033046531,0.009131117391286792,-7.538767653131897,-808.2651007991751,808.2651007991751,0.0,2325.7517917590258,3011.9894353618024,14.833333333333334,False,"SOC floor violated (min 0.004, unmet 808 Wh); morning depletion (0.009131 -> 0.003998, -7.539 Wh); FLAG MJ-26x15EL: thrust table 2.63 N vs similarity 3.12 N (16%) at 1613 rpm, 11.85 m/s; FLAG MJ-26x15EL: thrust table 2.64 N vs similarity 3.46 N (24%) at 1664 rpm, 12.04 m/s",0.5820511828643025,1.1478878265261099,True,9283.786626316945
6.0,0.396781152426787,1.1896046237273867,0.3425548483298606,0.4168723034471134,0.2309025977539103,0.0,0.1608261911808652,3.0,0.1654070729765549,1.54256042274366,2.21,2.21,0.09944495582879487,0.4475023012295769,0.14523366549613032,0.0047975330475969495,1.6841533265098318,1.2758466734901681,35.4777136324864,33.57070057885668,1.9070130536297172,0.010894350055364944,-0.0059765318259818664,3.8505819045516967,-5.203984920201253,2,one_per_bay,True,51+22+22,3,95,51,22,0,A40-12L-V4-kv410-direct,27x13E,10.614668784689604,2.043473174018701,17.6170651309321,0.08111899965872794,8.65613690101623,11.2529779713211,11.43951443167787,122.54182797028305,124.5850971599277,29.299366088481275,0.006457828740724131,0.006457828740724131,0.007924467923321889,0.0014666391825977577,8.416666666666666,0.006457828740724131,0.007924467923321889,0.006457828740724131,2.1538785563352882,-824.7089176747602,824.7089176747602,0.0,2145.110875894245,2839.5635664260626,14.916666666666668,False,"SOC floor violated (min 0.006, unmet 825 Wh); FLAG 27x13E: (11.25 m/s, 1738 rpm) not on the map; used C_T(J) similarity; FLAG 27x13E: (11.44 m/s, 1768 rpm) not on the map; used C_T(J) similarity",0.9565968342798119,1.096781152426787,True,9440.631348006878
5.2370849279226706,0.49803928409668113,1.3094197764603903,0.39805881618983685,0.7885385498581712,0.5317933117611592,1.7988327979974674,0.170453822545298,0.9324074561552781,0.39272317485399866,1.6668658612787137,1.1718862599482651,1.1718862599482651,0.13278601339404633,0.5975370602732085,0.17226512068265984,0.008788773076083877,1.6158671769352537,0.9626752870260815,35.671917803958095,33.865708550791766,1.8062092531663272,0.027610744929892874,-0.013806938765205761,3.1383652770080204,-3.7852702957407693,2,one_per_bay,True,37+37+27,3,101,27,37,0,A40-12L-V4-kv410-direct,MJ-18x8EL,11.143178856745003,2.508047151204298,10.935623171639758,0.09225634493631141,8.674818062086636,11.277263480712628,11.464202512990482,128.05020011964388,130.3401356756175,14.073085459920396,0.00582700533314286,0.00582700533314286,0.00903774080399736,0.0032107354708545005,8.333333333333334,0.00582700533314286,0.00903774080399736,0.00582700533314286,4.7152253688528765,-827.3925247801864,827.3925247801864,0.0,2280.5915627928293,2974.0050508382187,14.916666666666668,False,"SOC floor violated (min 0.006, unmet 827 Wh)",1.031205589701559,1.1980392840966811,True,9468.09824246872
4.713405729600921,0.46754883048515133,1.4680090691413339,0.3322711148169594,0.872254715726068,0.4175466228242729,4.294782620004317,0.35396574530978825,1.3087218679245591,0.40782167222288124,1.41186121528289,1.469054553892963,1.469054553892963,0.11464345202731695,0.5158955341229263,0.17722140281492105,0.009531620525006997,1.542557948064313,0.7741449167361474,38.749284689062584,36.420440700930044,2.3288439881325393,0.028449866432844324,-0.018652649320309533,2.9554071444256405,-3.5668869074923855,2,one_per_bay,True,33+30+30,3,93,33,30,0,A40-12L-V4-kv410-direct,MJ-21x13E,10.749920606655932,2.1473146297434016,10.346035585148305,0.09276981403616816,9.378233722617122,12.191703839402258,12.393801211823678,124.92329236847051,125.78619766503331,23.41042170761312,0.0036392407296065203,0.0036392407296065203,0.007421958032303432,0.0037827173026969115,8.5,0.0036392407296065203,0.007421958032303432,0.0036392407296065203,5.555227065818741,-918.9391417821812,918.9391417821812,0.0,2099.9506469280495,2885.853255737645,15.083333333333332,False,"SOC floor violated (min 0.004, unmet 919 Wh); FLAG MJ-21x13E: thrust table 2.59 N vs similarity 0.00 N (100%) at 2038 rpm, 12.19 m/s; FLAG MJ-21x13E: thrust table 2.59 N vs similarity 0.00 N (100%) at 2064 rpm, 12.39 m/s",1.2005197807794543,1.1675488304851513,True,10385.752177092205
4.805770076119621,0.4828743897167292,1.5530610316030153,0.393308874390468,0.7085104342965731,0.5612501153748526,4.332982204595149,0.6716944919334954,1.829058541381856,0.3421215435688925,1.6360191067050889,1.3100839997123075,1.3100839997123075,0.11381276319501564,0.5121574343775703,0.1763926994769007,0.009459447810283492,1.5739618258806711,0.7889232121791392,37.65872388903689,35.491233767900894,2.167490121136001,0.02662154719754417,-0.019207515296865943,3.338115531420976,-3.731112509140164,2,one_per_bay,True,33+33+30,3,96,30,33,0,A40-12L-V4-kv410-direct,MJ-21x10EL,10.817302242666573,2.2126447301731926,10.437927837931312,0.09869550166652982,9.005967143144957,11.707757286088444,11.901832455206252,129.05445564583863,130.82482640688357,21.325717593550216,0.004417851841397738,0.006988327244099486,0.004417851841397738,-0.002570475402701748,8.5,0.004417851841397738,0.004417851841397738,0.006988327244099486,-3.77495154579206,-949.5173694352544,949.5173694352544,0.0,2167.690990377342,2993.0927414527887,15.083333333333332,False,"SOC floor violated (min 0.004, unmet 950 Wh); morning depletion (0.006988 -> 0.004418, -3.775 Wh)",1.2715202263087824,1.182874389716729,True,10693.326316913848
5.284672374183393,0.48482176398908894,1.06635561875198,0.2816582885040602,0.6358839910317122,0.4385965119271262,0.28809159093967246,0.5311732486687458,1.6902804610322963,0.30829039822441673,1.502283056736402,1.2232329475465982,1.2232329475465982,0.13613086941929137,0.6125889123868111,0.16610576648614359,0.00791945574184384,1.5254017122550172,1.0769344748366794,37.77074700443078,35.9558174143371,1.8149295900936815,0.024879703979006115,-0.010040589180326914,3.580134476080878,-3.940274863309165,2,one_per_bay,True,35+35+27,3,97,27,35,0,A40-12L-V4-kv410-direct,17x7E,10.85684060119046,2.3608690464100897,11.829441427479333,0.090058168093291,8.506586636688342,11.058562627694844,11.24187633669357,130.27700162049086,132.4838767428218,9.670501798652415,0.005032262265182624,0.005032262265182624,0.008619031355117452,0.003586769089934828,8.5,0.005032262265182624,0.008619031355117452,0.005032262265182624,5.267461227684695,-969.2643749427464,969.2643749427464,0.0,2190.27110486044,3026.326008732558,15.083333333333332,False,"SOC floor violated (min 0.005, unmet 969 Wh)",0.7970132484198459,1.1848217639890888,True,10887.611487162281
4.528704599386643,0.48947817732652754,1.3297448550294066,0.38133448493668676,0.5448955032977247,0.1105008054449808,2.7058555361962777,0.3122932108295643,1.4158740896057278,0.2667144577875912,1.166906852948786,2.06114655444981,2.06114655444981,0.11412995677840065,0.5135848055028028,0.17674132183297447,0.009696295557426278,1.5703336557791914,0.65401864391413,36.450822645085864,31.77630563129425,4.674517013791613,0.02821983111414041,-0.01788875181289993,3.5952096726889198,-3.2059659323344185,2,one_per_bay,True,45+19+19,3,83,45,19,0,A40-12L-V4-kv410-direct,MJ-20x10EL,10.23715845138503,1.9722310432501535,10.398966905372047,0.09103086694474435,9.123696754182573,11.860805780437346,12.057417977928578,121.15549387685945,123.01665568269277,20.738765382811433,0.00562550313893201,0.005808118947795792,0.00562550313893201,-0.00018261580886378206,8.666666666666666,0.00562550313893201,0.00562550313893201,0.005808118947795792,-0.26818612200366915,-1054.1712275062923,1054.1712275062923,0.0,1874.149502097077,2803.396631577046,15.583333333333334,False,"SOC floor violated (min 0.006, unmet 1054 Wh); morning depletion (0.005808 -> 0.005626, -0.268 Wh)",1.037667350245404,1.1894781773265275,True,11736.269386732856
5.973627815048024,0.38700102522206925,1.3619507855356277,0.2778164063771358,0.9114288867437571,0.47866377667303794,3.3058608258822986,0.4612386972392982,1.9663284972184674,0.35272391358684324,1.999333910273244,2.185362380702947,2.185362380702947,0.10314915235350709,0.46417118559078197,0.1500353190844107,0.005324514235086272,1.6126157882134473,1.3341981193105648,36.81450368155165,35.47015159826048,1.344352083291171,0.01289927042754201,-0.007627515779985585,2.8089956746561535,-5.36858266586702,2,one_per_bay,True,32+28+28,3,88,32,28,0,A40-12L-V4-kv410-direct,24x12E,10.930355784627844,2.2779521266153373,15.66504794187064,0.08525398837119982,9.00415689199056,11.705403959587729,11.899440118481165,126.69785352736324,126.46804596780733,25.874901003459637,0.0038542811997043045,0.0038542811997043045,0.003965866186473523,0.00011158498676921806,8.583333333333334,0.0038542811997043045,0.003965866186473523,0.0038542811997043045,0.16387160050195637,-1058.0798162291733,1058.0798162291733,0.0,1987.0500745125648,2918.7759697705255,15.416666666666668,False,"SOC floor violated (min 0.004, unmet 1058 Wh)",1.1477091612300165,1.0870010252220692,True,11776.94388109203
4.787838768369142,0.34227346493523636,1.0920941995807731,0.29453983194630773,0.8628485564954802,0.4005149659734236,0.8840527623150636,0.9751049915866611,2.3569741498303745,0.2953301651460751,1.504258504934642,1.8197550673488807,1.8197550673488807,0.0915082430923341,0.4117870939155035,0.15423826145034378,0.005980118149237767,1.6636219566128907,0.6902974275716804,35.75851572652526,33.50407250546046,2.254443221064805,0.013904406953366033,-0.00857058006207322,3.2638488826539866,-5.085650538464576,2,one_per_bay,True,26+16+16,3,58,26,16,0,A40-12L-V4-kv410-direct,205x14E,9.517364062599992,1.5969865474356428,14.35415978218961,0.08959772588981865,9.769490223101831,12.700337290032381,12.910866091337905,107.21235757943118,107.56198386464287,25.915369902650564,0.006559543339803803,0.00962972562682001,0.006559543339803803,-0.0030701822870162062,9.416666666666666,0.006559543339803803,0.006559543339803803,0.00962972562682001,-4.508811622182246,-1262.759953466958,1262.759953466958,0.0,1309.6466400196446,2455.5148303790734,17.083333333333336,False,"SOC floor violated (min 0.007, unmet 1263 Wh); morning depletion (0.009630 -> 0.006560, -4.509 Wh); FLAG 205x14E: shaft power table 41.7 W vs similarity 35.1 W (16%) at 2106 rpm, 12.91 m/s",0.9019871472008005,1.0422734649352363,True,13824.110172616793
4.638134660195787,0.5108219231492853,0.936165871169971,0.2609007070826437,0.6727700057953018,0.6961064978613773,1.075708971536915,0.3771229132449185,1.364696723107449,0.3436656681975119,1.8534425186163799,1.5737400074327517,1.5737400074327517,0.1592065950830315,0.7164296778736419,0.1874264458424629,0.01116336700694912,1.609728477670483,0.6693388524274104,38.209418713327096,33.832053808742465,4.377364904584632,0.035070751778358035,-0.014157433234069336,3.508561287595101,-2.9097151216996195,2,one_per_bay,True,36+28+28,3,92,36,28,0,A40-12L-V4-kv410-direct,MJ-18x8EL,10.635787748721988,2.2914287672466935,9.388157045771036,0.09804946967390886,8.757306491753742,11.384498439279865,11.573215065866409,138.0610040097691,140.75660541951544,14.809146115430838,0.003072330948367445,0.0036536547757188894,0.003072330948367445,-0.0005813238273514442,8.75,0.003072330948367445,0.003072330948367445,0.0036536547757188894,-0.8537211748299757,-1263.4205761501114,1263.4205761501114,0.0,2077.3705324449543,3215.7028078648555,15.75,False,"SOC floor violated (min 0.003, unmet 1263 Wh); morning depletion (0.003654 -> 0.003072, -0.854 Wh)",0.6690629400003546,1.2108219231492852,True,13831.714753380098
4.83857642577296,0.4286493183226803,0.8312376413744306,0.2351520501032728,0.9266705252384322,0.6577149774580073,2.0332657783465296,0.02782262270789842,1.0927177583589955,0.397216688953174,1.9522281798745695,2.1095056090409194,2.1095056090409194,0.14077847445874325,0.6335031350643446,0.16910562808978438,0.008266380630022307,1.6818875132782654,0.6974006996082145,36.44334356703041,32.38860564762529,4.054737919405122,0.025969600659055046,-0.008922835024072304,2.9972339043504324,-3.8334788823840054,2,one_per_bay,True,48+24+24,3,96,48,24,0,A40-12L-V4-kv410-direct,26x13E,10.51629317092388,2.0593715616487973,11.368430187169135,0.08721170172612304,9.378228159995047,12.191696607993562,12.39379386054259,146.16193410705446,148.66209948029538,30.264956166726154,0.008006005864970588,0.009678421172642449,0.008006005864970588,-0.0016724153076718602,8.833333333333334,0.008006005864970588,0.008006005864970588,0.009678421172642449,-2.456077480557289,-1364.6303251952882,1364.6303251952882,0.0,2167.6909903773426,3408.512782898545,15.75,False,"SOC floor violated (min 0.008, unmet 1365 Wh); morning depletion (0.009678 -> 0.008006, -2.456 Wh); FLAG 26x13E: (12.19 m/s, 1928 rpm) not on the map; used C_T(J) similarity; FLAG 26x13E: (12.39 m/s, 1960 rpm) not on the map; used C_T(J) similarity",0.6146079120089907,1.1286493183226802,True,14839.969660395582
4.970590705210273,0.3216249012950408,1.7821880774646357,0.31080882200000354,0.9873373765010178,0.014570302839140977,2.899236163426058,0.3915827896213596,1.4654122285228508,0.3175522862620444,0.833430314996462,1.6180125509941061,1.6180125509941061,0.06915626966736936,0.31120321350316216,0.15045508854847384,0.007207244710172654,1.7294126538756986,0.7158826987294378,35.044848236500414,33.96212549680872,1.0827227396916952,0.015238902871912449,-0.015515780424356865,2.738113479398768,-5.6702514250182,2,one_per_bay,True,24+19+19,3,62,24,19,0,A40-12L-V4-kv410-direct,17x10E,9.860487031863096,1.5919383345566551,15.519930277703526,0.0903726799322043,10.30170834575968,13.392220849487584,13.614218749061028,116.76594895972606,117.63745940913067,15.883122798286179,0.004632017884448856,0.005903141186785629,0.004632017884448856,-0.0012711233023367735,9.5,0.004632017884448856,0.004632017884448856,0.005903141186785629,-1.8667476335330928,-1407.8455534703094,1407.8455534703094,0.0,1399.9670979520338,2688.2654705669083,17.25,False,"SOC floor violated (min 0.005, unmet 1408 Wh); morning depletion (0.005903 -> 0.004632, -1.867 Wh)",1.603343411907599,1.0216249012950407,True,15275.094639120984
5.077955523331716,0.30465502576435527,1.5912554210160919,0.3143592190420996,0.7233069346535399,0.9727492906221875,0.8132543002956003,0.5790830537254517,1.885354884908935,0.22035909281241103,2.4966613683373398,1.9722460357854996,1.9722460357854996,0.06947775351744427,0.31264989082849926,0.14729575409494924,0.006496901560072353,1.8696230988660516,0.6293546627998063,35.07688870775329,33.58293178634993,1.4939569214033568,0.013587058727916377,-0.012680333154782106,2.9933796244161894,-5.849165950964721,2,one_per_bay,True,30+17+17,3,64,30,17,0,A40-12L-V4-kv410-direct,22x12E,9.795925943372982,1.5434575709360854,16.706408250209595,0.08976621493519805,10.151326468484246,13.196724409029521,13.415481636301967,122.89162840409819,125.03379662082249,28.197807159875968,0.00542508822094808,0.00542508822094808,0.009259307065354851,0.0038342188444067714,9.583333333333334,0.00542508822094808,0.009259307065354851,0.00542508822094808,5.630861255620349,-1525.2231788645547,1525.2231788645547,0.0,1445.1273269182284,2843.5016891251366,17.416666666666664,False,"SOC floor violated (min 0.005, unmet 1525 Wh); FLAG 22x12E: (13.20 m/s, 2296 rpm) not on the map; used C_T(J) similarity; FLAG 22x12E: (13.42 m/s, 2335 rpm) not on the map; used C_T(J) similarity",1.4252511600382198,1.0046550257643552,True,16446.806700424597
5.73207676650693,0.3742429915224459,1.09467419731519,0.33825442824838153,0.4365499564673409,0.2310813308036391,0.0,0.3126497180552469,2.866038383253465,0.1633757616573312,1.508438270042483,2.2008837610623244,2.2008837610623244,0.0962367456139083,0.4330653552625874,0.1451110985419594,0.004757348165833321,1.7853884928515198,1.0406498904019452,35.645469305876844,33.30909274814248,2.336376557734364,0.011813116706199816,-0.005708443252410305,3.8486690912794286,-5.182418941079431,3,one_per_bay,True,32+18+18,3,68,32,18,0,A40-12L-V4-kv410-direct,19x8E,11.925107760796752,1.8589161815964963,17.67519395571142,0.08085699810969431,9.619591177458243,12.505468530695717,12.712767064538406,142.77321972484842,144.11944454157128,14.089192798633277,0.004747517385016271,0.0731422854022122,0.004747517385016271,-0.06839476801719592,10.0,0.004747517385016271,0.004747517385016271,0.0731422854022122,-150.664893532475,-1749.4094214833558,1749.4094214833558,0.0,1535.4477848506176,3314.29806609254,18.25,False,"SOC floor violated (min 0.005, unmet 1749 Wh); morning depletion (0.073142 -> 0.004748, -150.665 Wh)",0.8771734077114146,1.0742429915224458,True,18757.741464465736
4.8288529629242065,0.35729958180339316,1.0445024619452932,0.2748061335691225,0.5993205711641452,0.3645453869949027,0.7236767656646352,0.12083758509874304,0.9313735005283985,0.2141369894431198,1.3424825014966604,1.455066832405254,1.455066832405254,0.09199953471338136,0.4139979062102161,0.1525849905314571,0.005823526019914558,1.5881373863219628,0.7862890951401404,38.56166718215587,36.56620230670812,1.9954648754477482,0.013767158034816809,-0.00791464381812376,3.298701293569485,-4.950647549115283,2,one_per_bay,True,22+18+18,3,58,22,18,0,A40-12L-V4-kv410-direct,25x125E,9.540322785958567,1.5718848652060533,14.83430590476818,0.0852740588251501,9.790378033220128,12.727491443186166,12.938470368861099,135.56219594052442,134.76514571246636,33.28208586056158,0.00342950824266374,0.00342950824266374,0.008881857273876883,0.005452349031213143,10.666666666666666,0.00342950824266374,0.008881857273876883,0.00342950824266374,8.007216634690382,-1948.548992772061,1948.548992772061,0.0,1309.6466400196446,3130.0388182510223,19.666666666666664,False,"SOC floor violated (min 0.003, unmet 1949 Wh); FLAG 25x125E: shaft power table 52.6 W vs similarity 43.3 W (18%) at 2063 rpm, 12.94 m/s",0.8391361660652242,1.057299581803393,True,20682.060419477944
4.648885564270418,0.33237894796067546,1.6832787209681062,0.32446896199789277,0.5146210345731737,0.38690999714218743,2.305590861230246,0.7960232131944747,1.9965068763058094,0.17104919806986585,1.3387706937038226,1.433461780366433,1.433461780366433,0.06492179614753607,0.2921480826639123,0.15024760191453526,0.00835871611934756,1.595027007302866,0.6894157748323428,38.36953229301398,36.92144907610561,1.4480832169083726,0.018274292017661807,-0.01766904857107367,3.4079460561566455,-5.47011876938874,2,one_per_bay,True,22+18+18,3,58,22,18,0,A40-12L-V4-kv410-direct,MJ-26x15E,9.692866009376294,1.386173461540785,15.591221148945646,0.09067447580276297,10.40041979779545,13.520545737134086,13.744670830982527,137.27391481049702,138.7280060222879,34.776440486438425,0.003367177982716062,0.003367177982716062,0.008031105902478353,0.004663927919762291,10.833333333333334,0.003367177982716062,0.008031105902478353,0.003367177982716062,6.849356306488742,-1997.9173141397853,1997.9173141397853,0.0,1309.6466400196448,3180.6326688343884,19.833333333333332,False,"SOC floor violated (min 0.003, unmet 1998 Wh); FLAG MJ-26x15E: thrust table 1.95 N vs similarity 3.28 N (40%) at 1814 rpm, 13.52 m/s; FLAG MJ-26x15E: thrust table 1.96 N vs similarity 3.22 N (39%) at 1838 rpm, 13.74 m/s",1.4913162030373215,1.0323789479606753,True,21175.805963415136
5.843893115499561,0.3701154047276003,1.3066366665723983,0.31891768480947275,0.4,0.09620168853373712,0.0,0.2920671772416013,2.9219465577497803,0.1480461618910401,1.2561111220747558,2.157594049566404,2.157594049566404,0.08393594547942147,0.37771175465739665,0.14248623497076152,0.004392807056596631,1.731499819303029,1.1504467384467512,36.31168780900646,34.58930195201914,1.722385856987319,0.009155390951099593,-0.006171270369523521,3.788640082778093,-5.447906357184076,3,one_per_bay,True,32+17+17,3,66,32,17,0,A40-12L-V4-kv410-direct,MJ-20x8EL,11.818457973032327,1.7929840517372928,19.047066655329605,0.08029386913278337,9.75096409973075,12.676253329649976,12.88638290003791,152.77159331506982,153.72478478782773,17.56786920022137,0.00933927522444549,0.00933927522444549,0.009659116328061752,0.00031984110361626267,10.666666666666666,0.00933927522444549,0.009659116328061752,0.00933927522444549,0.7045688905844056,-2181.370180873361,2181.370180873361,0.0,1490.2875558844237,3550.8076011891058,19.5,False,"SOC floor violated (min 0.009, unmet 2181 Wh); FLAG MJ-20x8EL: thrust table 2.17 N vs similarity 0.00 N (100%) at 2915 rpm, 12.68 m/s; FLAG MJ-20x8EL: thrust table 2.17 N vs similarity 0.00 N (100%) at 2950 rpm, 12.89 m/s",1.0805476680015742,1.0701154047276003,True,23004.362533509164
6.0,0.3533001372401284,1.2309135130753863,0.33212135699176537,0.4941996480248849,0.2603312535006375,0.28767551472798103,0.06665639776471502,1.224391966270848,0.17460080347121498,1.5928421586249257,2.19516750427879,2.19516750427879,0.08781753167280927,0.39517889252764177,0.14210578563305026,0.004234013286208211,1.8475288356817927,1.1124711643182073,35.195316368751904,33.47966114325327,1.7156552254986348,0.009570492439674621,-0.005457683842850333,3.3551303178752847,-5.7306901639452335,3,one_per_bay,True,32+19+19,3,70,32,19,0,A40-12L-V4-kv410-direct,MJ-20x8E,11.997743463822886,1.868342654679342,19.268414126197086,0.08167428424354457,9.893413010147775,12.861436913192108,13.074636203460253,162.69517959698422,163.9490558849592,17.503640726767095,0.006385477736951649,0.006385477736951649,0.009097694820132911,0.0027122170831812625,10.666666666666666,0.006385477736951649,0.009097694820132911,0.006385477736951649,5.974666044217373,-2335.723926177558,2335.723926177558,0.0,1580.6080138168143,3790.2222639328334,19.583333333333332,False,"SOC floor violated (min 0.006, unmet 2336 Wh); FLAG MJ-20x8E: thrust table 2.20 N vs similarity 0.00 N (100%) at 2980 rpm, 12.86 m/s; FLAG MJ-20x8E: thrust table 2.21 N vs similarity 0.00 N (100%) at 3017 rpm, 13.07 m/s",1.0239224812540209,1.0533001372401283,True,24550.853784038627
