ISO-10303-21;
HEADER;
FILE_DESCRIPTION(('solar UAV simple OML'),'2;1');
FILE_NAME('aircraft.step','2026-09-03T19:43:19',('solar_uav'),('solar_uav'),'solar_uav.step_export','','');
FILE_SCHEMA(('AUTOMOTIVE_DESIGN { 1 0 10303 214 1 1 1 1 }'));
ENDSEC;
DATA;
#1 = APPLICATION_CONTEXT('automotive design');
#2 = APPLICATION_PROTOCOL_DEFINITION('international standard','automotive_design',2010,#1);
#3 = PRODUCT_CONTEXT('',#1,'mechanical');
#4 = PRODUCT_DEFINITION_CONTEXT('part definition',#1,'design');
#5 = PRODUCT('aircraft','solar UAV simple OML','twin-boom envelope',(#3));
#6 = PRODUCT_DEFINITION_FORMATION('','',#5);
#7 = PRODUCT_DEFINITION('design','',#6,#4);
#8 = PRODUCT_DEFINITION_SHAPE('','',#7);
#9 = ( LENGTH_UNIT() NAMED_UNIT(*) SI_UNIT(.MILLI.,.METRE.) );
#10 = ( NAMED_UNIT(*) PLANE_ANGLE_UNIT() SI_UNIT($,.RADIAN.) );
#11 = ( NAMED_UNIT(*) SI_UNIT($,.STERADIAN.) SOLID_ANGLE_UNIT() );
#12 = UNCERTAINTY_MEASURE_WITH_UNIT(LENGTH_MEASURE(1.E-3),#9,'distance_accuracy_value','');
#13 = ( GEOMETRIC_REPRESENTATION_CONTEXT(3) GLOBAL_UNCERTAINTY_ASSIGNED_CONTEXT((#12)) GLOBAL_UNIT_ASSIGNED_CONTEXT((#9,#10,#11)) REPRESENTATION_CONTEXT('Context #1','3D') );
#14 = CARTESIAN_POINT('',(-1.47624123,-1306.12552659,-22.17929717));
#15 = VERTEX_POINT('',#14);
#16 = CARTESIAN_POINT('',(-1.47624123,1306.12552659,-22.17929717));
#17 = VERTEX_POINT('',#16);
#18 = CARTESIAN_POINT('',(388.55800078,1306.12552659,-48.13975143));
#19 = VERTEX_POINT('',#18);
#20 = CARTESIAN_POINT('',(388.55800078,-1306.12552659,-48.13975143));
#21 = VERTEX_POINT('',#20);
#22 = DIRECTION('',(0.00000000,1.00000000,0.00000000));
#23 = VECTOR('',#22,1.0);
#24 = LINE('',#14,#23);
#25 = EDGE_CURVE('',#15,#17,#24,.T.);
#26 = ORIENTED_EDGE('',*,*,#25,.T.);
#27 = DIRECTION('',(0.99779225,0.00000000,-0.06641248));
#28 = VECTOR('',#27,1.0);
#29 = LINE('',#16,#28);
#30 = EDGE_CURVE('',#17,#19,#29,.T.);
#31 = ORIENTED_EDGE('',*,*,#30,.T.);
#32 = DIRECTION('',(0.00000000,-1.00000000,0.00000000));
#33 = VECTOR('',#32,1.0);
#34 = LINE('',#18,#33);
#35 = EDGE_CURVE('',#19,#21,#34,.T.);
#36 = ORIENTED_EDGE('',*,*,#35,.T.);
#37 = DIRECTION('',(0.99779225,0.00000000,-0.06641248));
#38 = VECTOR('',#37,1.0);
#39 = LINE('',#14,#38);
#40 = EDGE_CURVE('',#15,#21,#39,.T.);
#41 = ORIENTED_EDGE('',*,*,#40,.F.);
#42 = EDGE_LOOP('',(#26,#31,#36,#41));
#43 = FACE_OUTER_BOUND('',#42,.T.);
#44 = CARTESIAN_POINT('',(-1.47624123,-1306.12552659,-22.17929717));
#45 = DIRECTION('',(-0.06641248,0.00000000,-0.99779225));
#46 = DIRECTION('',(0.00000000,1.00000000,0.00000000));
#47 = AXIS2_PLACEMENT_3D('',#44,#45,#46);
#48 = PLANE('',#47);
#49 = ADVANCED_FACE('',(#43),#48,.T.);
#50 = CARTESIAN_POINT('',(1.47624123,-1306.12552659,22.17929717));
#51 = VERTEX_POINT('',#50);
#52 = CARTESIAN_POINT('',(391.51048325,-1306.12552659,-3.78115709));
#53 = VERTEX_POINT('',#52);
#54 = CARTESIAN_POINT('',(391.51048325,1306.12552659,-3.78115709));
#55 = VERTEX_POINT('',#54);
#56 = CARTESIAN_POINT('',(1.47624123,1306.12552659,22.17929717));
#57 = VERTEX_POINT('',#56);
#58 = DIRECTION('',(0.99779225,0.00000000,-0.06641248));
#59 = VECTOR('',#58,1.0);
#60 = LINE('',#50,#59);
#61 = EDGE_CURVE('',#51,#53,#60,.T.);
#62 = ORIENTED_EDGE('',*,*,#61,.T.);
#63 = DIRECTION('',(0.00000000,1.00000000,0.00000000));
#64 = VECTOR('',#63,1.0);
#65 = LINE('',#52,#64);
#66 = EDGE_CURVE('',#53,#55,#65,.T.);
#67 = ORIENTED_EDGE('',*,*,#66,.T.);
#68 = DIRECTION('',(-0.99779225,0.00000000,0.06641248));
#69 = VECTOR('',#68,1.0);
#70 = LINE('',#54,#69);
#71 = EDGE_CURVE('',#55,#57,#70,.T.);
#72 = ORIENTED_EDGE('',*,*,#71,.T.);
#73 = DIRECTION('',(0.00000000,1.00000000,0.00000000));
#74 = VECTOR('',#73,1.0);
#75 = LINE('',#50,#74);
#76 = EDGE_CURVE('',#51,#57,#75,.T.);
#77 = ORIENTED_EDGE('',*,*,#76,.F.);
#78 = EDGE_LOOP('',(#62,#67,#72,#77));
#79 = FACE_OUTER_BOUND('',#78,.T.);
#80 = CARTESIAN_POINT('',(1.47624123,-1306.12552659,22.17929717));
#81 = DIRECTION('',(0.06641248,0.00000000,0.99779225));
#82 = DIRECTION('',(0.99779225,0.00000000,-0.06641248));
#83 = AXIS2_PLACEMENT_3D('',#80,#81,#82);
#84 = PLANE('',#83);
#85 = ADVANCED_FACE('',(#79),#84,.T.);
#86 = DIRECTION('',(0.06641248,0.00000000,0.99779225));
#87 = VECTOR('',#86,1.0);
#88 = LINE('',#14,#87);
#89 = EDGE_CURVE('',#15,#51,#88,.T.);
#90 = ORIENTED_EDGE('',*,*,#89,.T.);
#91 = ORIENTED_EDGE('',*,*,#76,.T.);
#92 = DIRECTION('',(0.06641248,0.00000000,0.99779225));
#93 = VECTOR('',#92,1.0);
#94 = LINE('',#16,#93);
#95 = EDGE_CURVE('',#17,#57,#94,.T.);
#96 = ORIENTED_EDGE('',*,*,#95,.F.);
#97 = ORIENTED_EDGE('',*,*,#25,.F.);
#98 = EDGE_LOOP('',(#90,#91,#96,#97));
#99 = FACE_OUTER_BOUND('',#98,.T.);
#100 = CARTESIAN_POINT('',(-1.47624123,-1306.12552659,-22.17929717));
#101 = DIRECTION('',(-0.99779225,0.00000000,0.06641248));
#102 = DIRECTION('',(0.06641248,0.00000000,0.99779225));
#103 = AXIS2_PLACEMENT_3D('',#100,#101,#102);
#104 = PLANE('',#103);
#105 = ADVANCED_FACE('',(#99),#104,.T.);
#106 = ORIENTED_EDGE('',*,*,#35,.F.);
#107 = DIRECTION('',(0.06641248,0.00000000,0.99779225));
#108 = VECTOR('',#107,1.0);
#109 = LINE('',#18,#108);
#110 = EDGE_CURVE('',#19,#55,#109,.T.);
#111 = ORIENTED_EDGE('',*,*,#110,.T.);
#112 = ORIENTED_EDGE('',*,*,#66,.F.);
#113 = DIRECTION('',(0.06641248,0.00000000,0.99779225));
#114 = VECTOR('',#113,1.0);
#115 = LINE('',#20,#114);
#116 = EDGE_CURVE('',#21,#53,#115,.T.);
#117 = ORIENTED_EDGE('',*,*,#116,.F.);
#118 = EDGE_LOOP('',(#106,#111,#112,#117));
#119 = FACE_OUTER_BOUND('',#118,.T.);
#120 = CARTESIAN_POINT('',(388.55800078,-1306.12552659,-48.13975143));
#121 = DIRECTION('',(0.99779225,0.00000000,-0.06641248));
#122 = DIRECTION('',(0.00000000,1.00000000,0.00000000));
#123 = AXIS2_PLACEMENT_3D('',#120,#121,#122);
#124 = PLANE('',#123);
#125 = ADVANCED_FACE('',(#119),#124,.T.);
#126 = ORIENTED_EDGE('',*,*,#40,.T.);
#127 = ORIENTED_EDGE('',*,*,#116,.T.);
#128 = ORIENTED_EDGE('',*,*,#61,.F.);
#129 = ORIENTED_EDGE('',*,*,#89,.F.);
#130 = EDGE_LOOP('',(#126,#127,#128,#129));
#131 = FACE_OUTER_BOUND('',#130,.T.);
#132 = CARTESIAN_POINT('',(-1.47624123,-1306.12552659,-22.17929717));
#133 = DIRECTION('',(0.00000000,-1.00000000,0.00000000));
#134 = DIRECTION('',(0.99779225,0.00000000,-0.06641248));
#135 = AXIS2_PLACEMENT_3D('',#132,#133,#134);
#136 = PLANE('',#135);
#137 = ADVANCED_FACE('',(#131),#136,.T.);
#138 = ORIENTED_EDGE('',*,*,#95,.T.);
#139 = ORIENTED_EDGE('',*,*,#71,.F.);
#140 = ORIENTED_EDGE('',*,*,#110,.F.);
#141 = ORIENTED_EDGE('',*,*,#30,.F.);
#142 = EDGE_LOOP('',(#138,#139,#140,#141));
#143 = FACE_OUTER_BOUND('',#142,.T.);
#144 = CARTESIAN_POINT('',(-1.47624123,1306.12552659,-22.17929717));
#145 = DIRECTION('',(0.00000000,1.00000000,0.00000000));
#146 = DIRECTION('',(0.06641248,0.00000000,0.99779225));
#147 = AXIS2_PLACEMENT_3D('',#144,#145,#146);
#148 = PLANE('',#147);
#149 = ADVANCED_FACE('',(#143),#148,.T.);
#150 = CLOSED_SHELL('',(#49,#85,#105,#125,#137,#149));
#151 = MANIFOLD_SOLID_BREP('',#150);
#152 = CARTESIAN_POINT('',(-1.47624123,1306.12552659,-22.17929717));
#153 = VERTEX_POINT('',#152);
#154 = CARTESIAN_POINT('',(-0.59049649,3000.00000000,-8.87171887));
#155 = VERTEX_POINT('',#154);
#156 = CARTESIAN_POINT('',(155.42320031,3000.00000000,-19.25590057));
#157 = VERTEX_POINT('',#156);
#158 = CARTESIAN_POINT('',(388.55800078,1306.12552659,-48.13975143));
#159 = VERTEX_POINT('',#158);
#160 = DIRECTION('',(0.00052289,0.99996900,0.00785605));
#161 = VECTOR('',#160,1.0);
#162 = LINE('',#152,#161);
#163 = EDGE_CURVE('',#153,#155,#162,.T.);
#164 = ORIENTED_EDGE('',*,*,#163,.T.);
#165 = DIRECTION('',(0.99779225,0.00000000,-0.06641248));
#166 = VECTOR('',#165,1.0);
#167 = LINE('',#154,#166);
#168 = EDGE_CURVE('',#155,#157,#167,.T.);
#169 = ORIENTED_EDGE('',*,*,#168,.T.);
#170 = DIRECTION('',(0.13632922,-0.99051959,-0.01689028));
#171 = VECTOR('',#170,1.0);
#172 = LINE('',#156,#171);
#173 = EDGE_CURVE('',#157,#159,#172,.T.);
#174 = ORIENTED_EDGE('',*,*,#173,.T.);
#175 = DIRECTION('',(0.99779225,0.00000000,-0.06641248));
#176 = VECTOR('',#175,1.0);
#177 = LINE('',#152,#176);
#178 = EDGE_CURVE('',#153,#159,#177,.T.);
#179 = ORIENTED_EDGE('',*,*,#178,.F.);
#180 = EDGE_LOOP('',(#164,#169,#174,#179));
#181 = FACE_OUTER_BOUND('',#180,.T.);
#182 = CARTESIAN_POINT('',(-1.47624123,1306.12552659,-22.17929717));
#183 = DIRECTION('',(-0.06641042,0.00787343,-0.99776133));
#184 = DIRECTION('',(0.00052289,0.99996900,0.00785605));
#185 = AXIS2_PLACEMENT_3D('',#182,#183,#184);
#186 = PLANE('',#185);
#187 = ADVANCED_FACE('',(#181),#186,.T.);
#188 = CARTESIAN_POINT('',(1.47624123,1306.12552659,22.17929717));
#189 = VERTEX_POINT('',#188);
#190 = CARTESIAN_POINT('',(391.51048325,1306.12552659,-3.78115709));
#191 = VERTEX_POINT('',#190);
#192 = CARTESIAN_POINT('',(156.60419330,3000.00000000,-1.51246283));
#193 = VERTEX_POINT('',#192);
#194 = CARTESIAN_POINT('',(0.59049649,3000.00000000,8.87171887));
#195 = VERTEX_POINT('',#194);
#196 = DIRECTION('',(0.99779225,0.00000000,-0.06641248));
#197 = VECTOR('',#196,1.0);
#198 = LINE('',#188,#197);
#199 = EDGE_CURVE('',#189,#191,#198,.T.);
#200 = ORIENTED_EDGE('',*,*,#199,.T.);
#201 = DIRECTION('',(-0.13736513,0.99051959,0.00132665));
#202 = VECTOR('',#201,1.0);
#203 = LINE('',#190,#202);
#204 = EDGE_CURVE('',#191,#193,#203,.T.);
#205 = ORIENTED_EDGE('',*,*,#204,.T.);
#206 = DIRECTION('',(-0.99779225,0.00000000,0.06641248));
#207 = VECTOR('',#206,1.0);
#208 = LINE('',#192,#207);
#209 = EDGE_CURVE('',#193,#195,#208,.T.);
#210 = ORIENTED_EDGE('',*,*,#209,.T.);
#211 = DIRECTION('',(-0.00052289,0.99996900,-0.00785605));
#212 = VECTOR('',#211,1.0);
#213 = LINE('',#188,#212);
#214 = EDGE_CURVE('',#189,#195,#213,.T.);
#215 = ORIENTED_EDGE('',*,*,#214,.F.);
#216 = EDGE_LOOP('',(#200,#205,#210,#215));
#217 = FACE_OUTER_BOUND('',#216,.T.);
#218 = CARTESIAN_POINT('',(1.47624123,1306.12552659,22.17929717));
#219 = DIRECTION('',(0.06641042,0.00787343,0.99776133));
#220 = DIRECTION('',(0.99779225,0.00000000,-0.06641248));
#221 = AXIS2_PLACEMENT_3D('',#218,#219,#220);
#222 = PLANE('',#221);
#223 = ADVANCED_FACE('',(#217),#222,.T.);
#224 = DIRECTION('',(0.06641248,0.00000000,0.99779225));
#225 = VECTOR('',#224,1.0);
#226 = LINE('',#152,#225);
#227 = EDGE_CURVE('',#153,#189,#226,.T.);
#228 = ORIENTED_EDGE('',*,*,#227,.T.);
#229 = ORIENTED_EDGE('',*,*,#214,.T.);
#230 = DIRECTION('',(0.06641248,0.00000000,0.99779225));
#231 = VECTOR('',#230,1.0);
#232 = LINE('',#154,#231);
#233 = EDGE_CURVE('',#155,#195,#232,.T.);
#234 = ORIENTED_EDGE('',*,*,#233,.F.);
#235 = ORIENTED_EDGE('',*,*,#163,.F.);
#236 = EDGE_LOOP('',(#228,#229,#234,#235));
#237 = FACE_OUTER_BOUND('',#236,.T.);
#238 = CARTESIAN_POINT('',(-1.47624123,1306.12552659,-22.17929717));
#239 = DIRECTION('',(-0.99779225,-0.00000000,0.06641248));
#240 = DIRECTION('',(0.06641248,0.00000000,0.99779225));
#241 = AXIS2_PLACEMENT_3D('',#238,#239,#240);
#242 = PLANE('',#241);
#243 = ADVANCED_FACE('',(#237),#242,.T.);
#244 = ORIENTED_EDGE('',*,*,#173,.F.);
#245 = DIRECTION('',(0.06641248,0.00000000,0.99779225));
#246 = VECTOR('',#245,1.0);
#247 = LINE('',#156,#246);
#248 = EDGE_CURVE('',#157,#193,#247,.T.);
#249 = ORIENTED_EDGE('',*,*,#248,.T.);
#250 = ORIENTED_EDGE('',*,*,#204,.F.);
#251 = DIRECTION('',(0.06641248,0.00000000,0.99779225));
#252 = VECTOR('',#251,1.0);
#253 = LINE('',#158,#252);
#254 = EDGE_CURVE('',#159,#191,#253,.T.);
#255 = ORIENTED_EDGE('',*,*,#254,.F.);
#256 = EDGE_LOOP('',(#244,#249,#250,#255));
#257 = FACE_OUTER_BOUND('',#256,.T.);
#258 = CARTESIAN_POINT('',(388.55800078,1306.12552659,-48.13975143));
#259 = DIRECTION('',(0.98836284,0.13715414,-0.06578486));
#260 = DIRECTION('',(-0.13632922,0.99051959,0.01689028));
#261 = AXIS2_PLACEMENT_3D('',#258,#259,#260);
#262 = PLANE('',#261);
#263 = ADVANCED_FACE('',(#257),#262,.T.);
#264 = ORIENTED_EDGE('',*,*,#178,.T.);
#265 = ORIENTED_EDGE('',*,*,#254,.T.);
#266 = ORIENTED_EDGE('',*,*,#199,.F.);
#267 = ORIENTED_EDGE('',*,*,#227,.F.);
#268 = EDGE_LOOP('',(#264,#265,#266,#267));
#269 = FACE_OUTER_BOUND('',#268,.T.);
#270 = CARTESIAN_POINT('',(-1.47624123,1306.12552659,-22.17929717));
#271 = DIRECTION('',(0.00000000,-1.00000000,0.00000000));
#272 = DIRECTION('',(0.99779225,0.00000000,-0.06641248));
#273 = AXIS2_PLACEMENT_3D('',#270,#271,#272);
#274 = PLANE('',#273);
#275 = ADVANCED_FACE('',(#269),#274,.T.);
#276 = ORIENTED_EDGE('',*,*,#233,.T.);
#277 = ORIENTED_EDGE('',*,*,#209,.F.);
#278 = ORIENTED_EDGE('',*,*,#248,.F.);
#279 = ORIENTED_EDGE('',*,*,#168,.F.);
#280 = EDGE_LOOP('',(#276,#277,#278,#279));
#281 = FACE_OUTER_BOUND('',#280,.T.);
#282 = CARTESIAN_POINT('',(-0.59049649,3000.00000000,-8.87171887));
#283 = DIRECTION('',(0.00000000,1.00000000,0.00000000));
#284 = DIRECTION('',(0.06641248,0.00000000,0.99779225));
#285 = AXIS2_PLACEMENT_3D('',#282,#283,#284);
#286 = PLANE('',#285);
#287 = ADVANCED_FACE('',(#281),#286,.T.);
#288 = CLOSED_SHELL('',(#187,#223,#243,#263,#275,#287));
#289 = MANIFOLD_SOLID_BREP('',#288);
#290 = CARTESIAN_POINT('',(388.55800078,-1306.12552659,-48.13975143));
#291 = VERTEX_POINT('',#290);
#292 = CARTESIAN_POINT('',(155.42320031,-3000.00000000,-19.25590057));
#293 = VERTEX_POINT('',#292);
#294 = CARTESIAN_POINT('',(-0.59049649,-3000.00000000,-8.87171887));
#295 = VERTEX_POINT('',#294);
#296 = CARTESIAN_POINT('',(-1.47624123,-1306.12552659,-22.17929717));
#297 = VERTEX_POINT('',#296);
#298 = DIRECTION('',(-0.13632922,-0.99051959,0.01689028));
#299 = VECTOR('',#298,1.0);
#300 = LINE('',#290,#299);
#301 = EDGE_CURVE('',#291,#293,#300,.T.);
#302 = ORIENTED_EDGE('',*,*,#301,.T.);
#303 = DIRECTION('',(-0.99779225,0.00000000,0.06641248));
#304 = VECTOR('',#303,1.0);
#305 = LINE('',#292,#304);
#306 = EDGE_CURVE('',#293,#295,#305,.T.);
#307 = ORIENTED_EDGE('',*,*,#306,.T.);
#308 = DIRECTION('',(-0.00052289,0.99996900,-0.00785605));
#309 = VECTOR('',#308,1.0);
#310 = LINE('',#294,#309);
#311 = EDGE_CURVE('',#295,#297,#310,.T.);
#312 = ORIENTED_EDGE('',*,*,#311,.T.);
#313 = DIRECTION('',(-0.99779225,0.00000000,0.06641248));
#314 = VECTOR('',#313,1.0);
#315 = LINE('',#290,#314);
#316 = EDGE_CURVE('',#291,#297,#315,.T.);
#317 = ORIENTED_EDGE('',*,*,#316,.F.);
#318 = EDGE_LOOP('',(#302,#307,#312,#317));
#319 = FACE_OUTER_BOUND('',#318,.T.);
#320 = CARTESIAN_POINT('',(388.55800078,-1306.12552659,-48.13975143));
#321 = DIRECTION('',(-0.06641042,-0.00787343,-0.99776133));
#322 = DIRECTION('',(-0.13632922,-0.99051959,0.01689028));
#323 = AXIS2_PLACEMENT_3D('',#320,#321,#322);
#324 = PLANE('',#323);
#325 = ADVANCED_FACE('',(#319),#324,.T.);
#326 = CARTESIAN_POINT('',(0.59049649,-3000.00000000,8.87171887));
#327 = VERTEX_POINT('',#326);
#328 = CARTESIAN_POINT('',(156.60419330,-3000.00000000,-1.51246283));
#329 = VERTEX_POINT('',#328);
#330 = CARTESIAN_POINT('',(391.51048325,-1306.12552659,-3.78115709));
#331 = VERTEX_POINT('',#330);
#332 = CARTESIAN_POINT('',(1.47624123,-1306.12552659,22.17929717));
#333 = VERTEX_POINT('',#332);
#334 = DIRECTION('',(0.99779225,0.00000000,-0.06641248));
#335 = VECTOR('',#334,1.0);
#336 = LINE('',#326,#335);
#337 = EDGE_CURVE('',#327,#329,#336,.T.);
#338 = ORIENTED_EDGE('',*,*,#337,.T.);
#339 = DIRECTION('',(0.13736513,0.99051959,-0.00132665));
#340 = VECTOR('',#339,1.0);
#341 = LINE('',#328,#340);
#342 = EDGE_CURVE('',#329,#331,#341,.T.);
#343 = ORIENTED_EDGE('',*,*,#342,.T.);
#344 = DIRECTION('',(-0.99779225,0.00000000,0.06641248));
#345 = VECTOR('',#344,1.0);
#346 = LINE('',#330,#345);
#347 = EDGE_CURVE('',#331,#333,#346,.T.);
#348 = ORIENTED_EDGE('',*,*,#347,.T.);
#349 = DIRECTION('',(0.00052289,0.99996900,0.00785605));
#350 = VECTOR('',#349,1.0);
#351 = LINE('',#326,#350);
#352 = EDGE_CURVE('',#327,#333,#351,.T.);
#353 = ORIENTED_EDGE('',*,*,#352,.F.);
#354 = EDGE_LOOP('',(#338,#343,#348,#353));
#355 = FACE_OUTER_BOUND('',#354,.T.);
#356 = CARTESIAN_POINT('',(0.59049649,-3000.00000000,8.87171887));
#357 = DIRECTION('',(0.06641042,-0.00787343,0.99776133));
#358 = DIRECTION('',(0.99779225,0.00000000,-0.06641248));
#359 = AXIS2_PLACEMENT_3D('',#356,#357,#358);
#360 = PLANE('',#359);
#361 = ADVANCED_FACE('',(#355),#360,.T.);
#362 = DIRECTION('',(0.06641248,0.00000000,0.99779225));
#363 = VECTOR('',#362,1.0);
#364 = LINE('',#294,#363);
#365 = EDGE_CURVE('',#295,#327,#364,.T.);
#366 = ORIENTED_EDGE('',*,*,#365,.T.);
#367 = ORIENTED_EDGE('',*,*,#352,.T.);
#368 = DIRECTION('',(0.06641248,0.00000000,0.99779225));
#369 = VECTOR('',#368,1.0);
#370 = LINE('',#296,#369);
#371 = EDGE_CURVE('',#297,#333,#370,.T.);
#372 = ORIENTED_EDGE('',*,*,#371,.F.);
#373 = ORIENTED_EDGE('',*,*,#311,.F.);
#374 = EDGE_LOOP('',(#366,#367,#372,#373));
#375 = FACE_OUTER_BOUND('',#374,.T.);
#376 = CARTESIAN_POINT('',(-0.59049649,-3000.00000000,-8.87171887));
#377 = DIRECTION('',(-0.99779225,0.00000000,0.06641248));
#378 = DIRECTION('',(0.06641248,0.00000000,0.99779225));
#379 = AXIS2_PLACEMENT_3D('',#376,#377,#378);
#380 = PLANE('',#379);
#381 = ADVANCED_FACE('',(#375),#380,.T.);
#382 = ORIENTED_EDGE('',*,*,#342,.F.);
#383 = DIRECTION('',(0.06641248,0.00000000,0.99779225));
#384 = VECTOR('',#383,1.0);
#385 = LINE('',#292,#384);
#386 = EDGE_CURVE('',#293,#329,#385,.T.);
#387 = ORIENTED_EDGE('',*,*,#386,.F.);
#388 = ORIENTED_EDGE('',*,*,#301,.F.);
#389 = DIRECTION('',(0.06641248,0.00000000,0.99779225));
#390 = VECTOR('',#389,1.0);
#391 = LINE('',#290,#390);
#392 = EDGE_CURVE('',#291,#331,#391,.T.);
#393 = ORIENTED_EDGE('',*,*,#392,.T.);
#394 = EDGE_LOOP('',(#382,#387,#388,#393));
#395 = FACE_OUTER_BOUND('',#394,.T.);
#396 = CARTESIAN_POINT('',(391.51048325,-1306.12552659,-3.78115709));
#397 = DIRECTION('',(0.98836284,-0.13715414,-0.06578486));
#398 = DIRECTION('',(-0.13736513,-0.99051959,0.00132665));
#399 = AXIS2_PLACEMENT_3D('',#396,#397,#398);
#400 = PLANE('',#399);
#401 = ADVANCED_FACE('',(#395),#400,.T.);
#402 = ORIENTED_EDGE('',*,*,#347,.F.);
#403 = ORIENTED_EDGE('',*,*,#392,.F.);
#404 = ORIENTED_EDGE('',*,*,#316,.T.);
#405 = ORIENTED_EDGE('',*,*,#371,.T.);
#406 = EDGE_LOOP('',(#402,#403,#404,#405));
#407 = FACE_OUTER_BOUND('',#406,.T.);
#408 = CARTESIAN_POINT('',(1.47624123,-1306.12552659,22.17929717));
#409 = DIRECTION('',(0.00000000,1.00000000,0.00000000));
#410 = DIRECTION('',(0.99779225,0.00000000,-0.06641248));
#411 = AXIS2_PLACEMENT_3D('',#408,#409,#410);
#412 = PLANE('',#411);
#413 = ADVANCED_FACE('',(#407),#412,.T.);
#414 = ORIENTED_EDGE('',*,*,#386,.T.);
#415 = ORIENTED_EDGE('',*,*,#337,.F.);
#416 = ORIENTED_EDGE('',*,*,#365,.F.);
#417 = ORIENTED_EDGE('',*,*,#306,.F.);
#418 = EDGE_LOOP('',(#414,#415,#416,#417));
#419 = FACE_OUTER_BOUND('',#418,.T.);
#420 = CARTESIAN_POINT('',(155.42320031,-3000.00000000,-19.25590057));
#421 = DIRECTION('',(0.00000000,-1.00000000,0.00000000));
#422 = DIRECTION('',(0.06641248,0.00000000,0.99779225));
#423 = AXIS2_PLACEMENT_3D('',#420,#421,#422);
#424 = PLANE('',#423);
#425 = ADVANCED_FACE('',(#419),#424,.T.);
#426 = CLOSED_SHELL('',(#325,#361,#381,#401,#413,#425));
#427 = MANIFOLD_SOLID_BREP('',#426);
#428 = CARTESIAN_POINT('',(1359.72909088,-204.01696171,226.70406640));
#429 = VERTEX_POINT('',#428);
#430 = CARTESIAN_POINT('',(1359.72909088,204.01696171,226.70406640));
#431 = VERTEX_POINT('',#430);
#432 = CARTESIAN_POINT('',(1450.00922166,204.01696171,235.14856017));
#433 = VERTEX_POINT('',#432);
#434 = CARTESIAN_POINT('',(1450.00922166,-204.01696171,235.14856017));
#435 = VERTEX_POINT('',#434);
#436 = DIRECTION('',(0.00000000,1.00000000,0.00000000));
#437 = VECTOR('',#436,1.0);
#438 = LINE('',#428,#437);
#439 = EDGE_CURVE('',#429,#431,#438,.T.);
#440 = ORIENTED_EDGE('',*,*,#439,.T.);
#441 = DIRECTION('',(0.99565395,0.00000000,0.09313006));
#442 = VECTOR('',#441,1.0);
#443 = LINE('',#430,#442);
#444 = EDGE_CURVE('',#431,#433,#443,.T.);
#445 = ORIENTED_EDGE('',*,*,#444,.T.);
#446 = DIRECTION('',(0.00000000,-1.00000000,0.00000000));
#447 = VECTOR('',#446,1.0);
#448 = LINE('',#432,#447);
#449 = EDGE_CURVE('',#433,#435,#448,.T.);
#450 = ORIENTED_EDGE('',*,*,#449,.T.);
#451 = DIRECTION('',(0.99565395,0.00000000,0.09313006));
#452 = VECTOR('',#451,1.0);
#453 = LINE('',#428,#452);
#454 = EDGE_CURVE('',#429,#435,#453,.T.);
#455 = ORIENTED_EDGE('',*,*,#454,.F.);
#456 = EDGE_LOOP('',(#440,#445,#450,#455));
#457 = FACE_OUTER_BOUND('',#456,.T.);
#458 = CARTESIAN_POINT('',(1359.72909088,-204.01696171,226.70406640));
#459 = DIRECTION('',(0.09313006,0.00000000,-0.99565395));
#460 = DIRECTION('',(0.00000000,1.00000000,0.00000000));
#461 = AXIS2_PLACEMENT_3D('',#458,#459,#460);
#462 = PLANE('',#461);
#463 = ADVANCED_FACE('',(#457),#462,.T.);
#464 = CARTESIAN_POINT('',(1358.88442630,-204.01696171,235.73438014));
#465 = VERTEX_POINT('',#464);
#466 = CARTESIAN_POINT('',(1449.16455709,-204.01696171,244.17887391));
#467 = VERTEX_POINT('',#466);
#468 = CARTESIAN_POINT('',(1449.16455709,204.01696171,244.17887391));
#469 = VERTEX_POINT('',#468);
#470 = CARTESIAN_POINT('',(1358.88442630,204.01696171,235.73438014));
#471 = VERTEX_POINT('',#470);
#472 = DIRECTION('',(0.99565395,0.00000000,0.09313006));
#473 = VECTOR('',#472,1.0);
#474 = LINE('',#464,#473);
#475 = EDGE_CURVE('',#465,#467,#474,.T.);
#476 = ORIENTED_EDGE('',*,*,#475,.T.);
#477 = DIRECTION('',(0.00000000,1.00000000,0.00000000));
#478 = VECTOR('',#477,1.0);
#479 = LINE('',#466,#478);
#480 = EDGE_CURVE('',#467,#469,#479,.T.);
#481 = ORIENTED_EDGE('',*,*,#480,.T.);
#482 = DIRECTION('',(-0.99565395,0.00000000,-0.09313006));
#483 = VECTOR('',#482,1.0);
#484 = LINE('',#468,#483);
#485 = EDGE_CURVE('',#469,#471,#484,.T.);
#486 = ORIENTED_EDGE('',*,*,#485,.T.);
#487 = DIRECTION('',(0.00000000,1.00000000,0.00000000));
#488 = VECTOR('',#487,1.0);
#489 = LINE('',#464,#488);
#490 = EDGE_CURVE('',#465,#471,#489,.T.);
#491 = ORIENTED_EDGE('',*,*,#490,.F.);
#492 = EDGE_LOOP('',(#476,#481,#486,#491));
#493 = FACE_OUTER_BOUND('',#492,.T.);
#494 = CARTESIAN_POINT('',(1358.88442630,-204.01696171,235.73438014));
#495 = DIRECTION('',(-0.09313006,0.00000000,0.99565395));
#496 = DIRECTION('',(0.99565395,0.00000000,0.09313006));
#497 = AXIS2_PLACEMENT_3D('',#494,#495,#496);
#498 = PLANE('',#497);
#499 = ADVANCED_FACE('',(#493),#498,.T.);
#500 = DIRECTION('',(-0.09313006,0.00000000,0.99565395));
#501 = VECTOR('',#500,1.0);
#502 = LINE('',#428,#501);
#503 = EDGE_CURVE('',#429,#465,#502,.T.);
#504 = ORIENTED_EDGE('',*,*,#503,.T.);
#505 = ORIENTED_EDGE('',*,*,#490,.T.);
#506 = DIRECTION('',(-0.09313006,0.00000000,0.99565395));
#507 = VECTOR('',#506,1.0);
#508 = LINE('',#430,#507);
#509 = EDGE_CURVE('',#431,#471,#508,.T.);
#510 = ORIENTED_EDGE('',*,*,#509,.F.);
#511 = ORIENTED_EDGE('',*,*,#439,.F.);
#512 = EDGE_LOOP('',(#504,#505,#510,#511));
#513 = FACE_OUTER_BOUND('',#512,.T.);
#514 = CARTESIAN_POINT('',(1359.72909088,-204.01696171,226.70406640));
#515 = DIRECTION('',(-0.99565395,0.00000000,-0.09313006));
#516 = DIRECTION('',(-0.09313006,0.00000000,0.99565395));
#517 = AXIS2_PLACEMENT_3D('',#514,#515,#516);
#518 = PLANE('',#517);
#519 = ADVANCED_FACE('',(#513),#518,.T.);
#520 = ORIENTED_EDGE('',*,*,#449,.F.);
#521 = DIRECTION('',(-0.09313006,0.00000000,0.99565395));
#522 = VECTOR('',#521,1.0);
#523 = LINE('',#432,#522);
#524 = EDGE_CURVE('',#433,#469,#523,.T.);
#525 = ORIENTED_EDGE('',*,*,#524,.T.);
#526 = ORIENTED_EDGE('',*,*,#480,.F.);
#527 = DIRECTION('',(-0.09313006,0.00000000,0.99565395));
#528 = VECTOR('',#527,1.0);
#529 = LINE('',#434,#528);
#530 = EDGE_CURVE('',#435,#467,#529,.T.);
#531 = ORIENTED_EDGE('',*,*,#530,.F.);
#532 = EDGE_LOOP('',(#520,#525,#526,#531));
#533 = FACE_OUTER_BOUND('',#532,.T.);
#534 = CARTESIAN_POINT('',(1450.00922166,-204.01696171,235.14856017));
#535 = DIRECTION('',(0.99565395,-0.00000000,0.09313006));
#536 = DIRECTION('',(0.00000000,1.00000000,0.00000000));
#537 = AXIS2_PLACEMENT_3D('',#534,#535,#536);
#538 = PLANE('',#537);
#539 = ADVANCED_FACE('',(#533),#538,.T.);
#540 = ORIENTED_EDGE('',*,*,#454,.T.);
#541 = ORIENTED_EDGE('',*,*,#530,.T.);
#542 = ORIENTED_EDGE('',*,*,#475,.F.);
#543 = ORIENTED_EDGE('',*,*,#503,.F.);
#544 = EDGE_LOOP('',(#540,#541,#542,#543));
#545 = FACE_OUTER_BOUND('',#544,.T.);
#546 = CARTESIAN_POINT('',(1359.72909088,-204.01696171,226.70406640));
#547 = DIRECTION('',(0.00000000,-1.00000000,0.00000000));
#548 = DIRECTION('',(0.99565395,0.00000000,0.09313006));
#549 = AXIS2_PLACEMENT_3D('',#546,#547,#548);
#550 = PLANE('',#549);
#551 = ADVANCED_FACE('',(#545),#550,.T.);
#552 = ORIENTED_EDGE('',*,*,#509,.T.);
#553 = ORIENTED_EDGE('',*,*,#485,.F.);
#554 = ORIENTED_EDGE('',*,*,#524,.F.);
#555 = ORIENTED_EDGE('',*,*,#444,.F.);
#556 = EDGE_LOOP('',(#552,#553,#554,#555));
#557 = FACE_OUTER_BOUND('',#556,.T.);
#558 = CARTESIAN_POINT('',(1359.72909088,204.01696171,226.70406640));
#559 = DIRECTION('',(0.00000000,1.00000000,-0.00000000));
#560 = DIRECTION('',(-0.09313006,0.00000000,0.99565395));
#561 = AXIS2_PLACEMENT_3D('',#558,#559,#560);
#562 = PLANE('',#561);
#563 = ADVANCED_FACE('',(#557),#562,.T.);
#564 = CLOSED_SHELL('',(#463,#499,#519,#539,#551,#563));
#565 = MANIFOLD_SOLID_BREP('',#564);
#566 = CARTESIAN_POINT('',(1359.30675859,-1109.53486561,0.00000000));
#567 = VERTEX_POINT('',#566);
#568 = CARTESIAN_POINT('',(1359.30675859,-1100.46513439,0.00000000));
#569 = VERTEX_POINT('',#568);
#570 = CARTESIAN_POINT('',(1449.98096379,-1100.46513439,0.00000000));
#571 = VERTEX_POINT('',#570);
#572 = CARTESIAN_POINT('',(1449.98096379,-1109.53486561,0.00000000));
#573 = VERTEX_POINT('',#572);
#574 = DIRECTION('',(0.00000000,1.00000000,0.00000000));
#575 = VECTOR('',#574,1.0);
#576 = LINE('',#566,#575);
#577 = EDGE_CURVE('',#567,#569,#576,.T.);
#578 = ORIENTED_EDGE('',*,*,#577,.T.);
#579 = DIRECTION('',(1.00000000,0.00000000,0.00000000));
#580 = VECTOR('',#579,1.0);
#581 = LINE('',#568,#580);
#582 = EDGE_CURVE('',#569,#571,#581,.T.);
#583 = ORIENTED_EDGE('',*,*,#582,.T.);
#584 = DIRECTION('',(0.00000000,-1.00000000,0.00000000));
#585 = VECTOR('',#584,1.0);
#586 = LINE('',#570,#585);
#587 = EDGE_CURVE('',#571,#573,#586,.T.);
#588 = ORIENTED_EDGE('',*,*,#587,.T.);
#589 = DIRECTION('',(1.00000000,0.00000000,0.00000000));
#590 = VECTOR('',#589,1.0);
#591 = LINE('',#566,#590);
#592 = EDGE_CURVE('',#567,#573,#591,.T.);
#593 = ORIENTED_EDGE('',*,*,#592,.F.);
#594 = EDGE_LOOP('',(#578,#583,#588,#593));
#595 = FACE_OUTER_BOUND('',#594,.T.);
#596 = CARTESIAN_POINT('',(1359.30675859,-1109.53486561,0.00000000));
#597 = DIRECTION('',(0.00000000,0.00000000,-1.00000000));
#598 = DIRECTION('',(0.00000000,1.00000000,0.00000000));
#599 = AXIS2_PLACEMENT_3D('',#596,#597,#598);
#600 = PLANE('',#599);
#601 = ADVANCED_FACE('',(#595),#600,.T.);
#602 = CARTESIAN_POINT('',(1359.30675859,-1109.53486561,226.68551301));
#603 = VERTEX_POINT('',#602);
#604 = CARTESIAN_POINT('',(1449.98096379,-1109.53486561,226.68551301));
#605 = VERTEX_POINT('',#604);
#606 = CARTESIAN_POINT('',(1449.98096379,-1100.46513439,226.68551301));
#607 = VERTEX_POINT('',#606);
#608 = CARTESIAN_POINT('',(1359.30675859,-1100.46513439,226.68551301));
#609 = VERTEX_POINT('',#608);
#610 = DIRECTION('',(1.00000000,0.00000000,0.00000000));
#611 = VECTOR('',#610,1.0);
#612 = LINE('',#602,#611);
#613 = EDGE_CURVE('',#603,#605,#612,.T.);
#614 = ORIENTED_EDGE('',*,*,#613,.T.);
#615 = DIRECTION('',(0.00000000,1.00000000,0.00000000));
#616 = VECTOR('',#615,1.0);
#617 = LINE('',#604,#616);
#618 = EDGE_CURVE('',#605,#607,#617,.T.);
#619 = ORIENTED_EDGE('',*,*,#618,.T.);
#620 = DIRECTION('',(-1.00000000,0.00000000,0.00000000));
#621 = VECTOR('',#620,1.0);
#622 = LINE('',#606,#621);
#623 = EDGE_CURVE('',#607,#609,#622,.T.);
#624 = ORIENTED_EDGE('',*,*,#623,.T.);
#625 = DIRECTION('',(0.00000000,1.00000000,0.00000000));
#626 = VECTOR('',#625,1.0);
#627 = LINE('',#602,#626);
#628 = EDGE_CURVE('',#603,#609,#627,.T.);
#629 = ORIENTED_EDGE('',*,*,#628,.F.);
#630 = EDGE_LOOP('',(#614,#619,#624,#629));
#631 = FACE_OUTER_BOUND('',#630,.T.);
#632 = CARTESIAN_POINT('',(1359.30675859,-1109.53486561,226.68551301));
#633 = DIRECTION('',(0.00000000,0.00000000,1.00000000));
#634 = DIRECTION('',(1.00000000,0.00000000,0.00000000));
#635 = AXIS2_PLACEMENT_3D('',#632,#633,#634);
#636 = PLANE('',#635);
#637 = ADVANCED_FACE('',(#631),#636,.T.);
#638 = DIRECTION('',(0.00000000,0.00000000,1.00000000));
#639 = VECTOR('',#638,1.0);
#640 = LINE('',#566,#639);
#641 = EDGE_CURVE('',#567,#603,#640,.T.);
#642 = ORIENTED_EDGE('',*,*,#641,.T.);
#643 = ORIENTED_EDGE('',*,*,#628,.T.);
#644 = DIRECTION('',(0.00000000,0.00000000,1.00000000));
#645 = VECTOR('',#644,1.0);
#646 = LINE('',#568,#645);
#647 = EDGE_CURVE('',#569,#609,#646,.T.);
#648 = ORIENTED_EDGE('',*,*,#647,.F.);
#649 = ORIENTED_EDGE('',*,*,#577,.F.);
#650 = EDGE_LOOP('',(#642,#643,#648,#649));
#651 = FACE_OUTER_BOUND('',#650,.T.);
#652 = CARTESIAN_POINT('',(1359.30675859,-1109.53486561,0.00000000));
#653 = DIRECTION('',(-1.00000000,0.00000000,0.00000000));
#654 = DIRECTION('',(0.00000000,0.00000000,1.00000000));
#655 = AXIS2_PLACEMENT_3D('',#652,#653,#654);
#656 = PLANE('',#655);
#657 = ADVANCED_FACE('',(#651),#656,.T.);
#658 = ORIENTED_EDGE('',*,*,#587,.F.);
#659 = DIRECTION('',(0.00000000,0.00000000,1.00000000));
#660 = VECTOR('',#659,1.0);
#661 = LINE('',#570,#660);
#662 = EDGE_CURVE('',#571,#607,#661,.T.);
#663 = ORIENTED_EDGE('',*,*,#662,.T.);
#664 = ORIENTED_EDGE('',*,*,#618,.F.);
#665 = DIRECTION('',(0.00000000,0.00000000,1.00000000));
#666 = VECTOR('',#665,1.0);
#667 = LINE('',#572,#666);
#668 = EDGE_CURVE('',#573,#605,#667,.T.);
#669 = ORIENTED_EDGE('',*,*,#668,.F.);
#670 = EDGE_LOOP('',(#658,#663,#664,#669));
#671 = FACE_OUTER_BOUND('',#670,.T.);
#672 = CARTESIAN_POINT('',(1449.98096379,-1109.53486561,0.00000000));
#673 = DIRECTION('',(1.00000000,0.00000000,0.00000000));
#674 = DIRECTION('',(0.00000000,1.00000000,0.00000000));
#675 = AXIS2_PLACEMENT_3D('',#672,#673,#674);
#676 = PLANE('',#675);
#677 = ADVANCED_FACE('',(#671),#676,.T.);
#678 = ORIENTED_EDGE('',*,*,#592,.T.);
#679 = ORIENTED_EDGE('',*,*,#668,.T.);
#680 = ORIENTED_EDGE('',*,*,#613,.F.);
#681 = ORIENTED_EDGE('',*,*,#641,.F.);
#682 = EDGE_LOOP('',(#678,#679,#680,#681));
#683 = FACE_OUTER_BOUND('',#682,.T.);
#684 = CARTESIAN_POINT('',(1359.30675859,-1109.53486561,0.00000000));
#685 = DIRECTION('',(0.00000000,-1.00000000,0.00000000));
#686 = DIRECTION('',(1.00000000,0.00000000,0.00000000));
#687 = AXIS2_PLACEMENT_3D('',#684,#685,#686);
#688 = PLANE('',#687);
#689 = ADVANCED_FACE('',(#683),#688,.T.);
#690 = ORIENTED_EDGE('',*,*,#647,.T.);
#691 = ORIENTED_EDGE('',*,*,#623,.F.);
#692 = ORIENTED_EDGE('',*,*,#662,.F.);
#693 = ORIENTED_EDGE('',*,*,#582,.F.);
#694 = EDGE_LOOP('',(#690,#691,#692,#693));
#695 = FACE_OUTER_BOUND('',#694,.T.);
#696 = CARTESIAN_POINT('',(1359.30675859,-1100.46513439,0.00000000));
#697 = DIRECTION('',(0.00000000,1.00000000,0.00000000));
#698 = DIRECTION('',(0.00000000,0.00000000,1.00000000));
#699 = AXIS2_PLACEMENT_3D('',#696,#697,#698);
#700 = PLANE('',#699);
#701 = ADVANCED_FACE('',(#695),#700,.T.);
#702 = CLOSED_SHELL('',(#601,#637,#657,#677,#689,#701));
#703 = MANIFOLD_SOLID_BREP('',#702);
#704 = CARTESIAN_POINT('',(1359.30675859,1100.46513439,0.00000000));
#705 = VERTEX_POINT('',#704);
#706 = CARTESIAN_POINT('',(1359.30675859,1109.53486561,0.00000000));
#707 = VERTEX_POINT('',#706);
#708 = CARTESIAN_POINT('',(1449.98096379,1109.53486561,0.00000000));
#709 = VERTEX_POINT('',#708);
#710 = CARTESIAN_POINT('',(1449.98096379,1100.46513439,0.00000000));
#711 = VERTEX_POINT('',#710);
#712 = DIRECTION('',(0.00000000,1.00000000,0.00000000));
#713 = VECTOR('',#712,1.0);
#714 = LINE('',#704,#713);
#715 = EDGE_CURVE('',#705,#707,#714,.T.);
#716 = ORIENTED_EDGE('',*,*,#715,.T.);
#717 = DIRECTION('',(1.00000000,0.00000000,0.00000000));
#718 = VECTOR('',#717,1.0);
#719 = LINE('',#706,#718);
#720 = EDGE_CURVE('',#707,#709,#719,.T.);
#721 = ORIENTED_EDGE('',*,*,#720,.T.);
#722 = DIRECTION('',(0.00000000,-1.00000000,0.00000000));
#723 = VECTOR('',#722,1.0);
#724 = LINE('',#708,#723);
#725 = EDGE_CURVE('',#709,#711,#724,.T.);
#726 = ORIENTED_EDGE('',*,*,#725,.T.);
#727 = DIRECTION('',(1.00000000,0.00000000,0.00000000));
#728 = VECTOR('',#727,1.0);
#729 = LINE('',#704,#728);
#730 = EDGE_CURVE('',#705,#711,#729,.T.);
#731 = ORIENTED_EDGE('',*,*,#730,.F.);
#732 = EDGE_LOOP('',(#716,#721,#726,#731));
#733 = FACE_OUTER_BOUND('',#732,.T.);
#734 = CARTESIAN_POINT('',(1359.30675859,1100.46513439,0.00000000));
#735 = DIRECTION('',(0.00000000,0.00000000,-1.00000000));
#736 = DIRECTION('',(0.00000000,1.00000000,0.00000000));
#737 = AXIS2_PLACEMENT_3D('',#734,#735,#736);
#738 = PLANE('',#737);
#739 = ADVANCED_FACE('',(#733),#738,.T.);
#740 = CARTESIAN_POINT('',(1359.30675859,1100.46513439,226.68551301));
#741 = VERTEX_POINT('',#740);
#742 = CARTESIAN_POINT('',(1449.98096379,1100.46513439,226.68551301));
#743 = VERTEX_POINT('',#742);
#744 = CARTESIAN_POINT('',(1449.98096379,1109.53486561,226.68551301));
#745 = VERTEX_POINT('',#744);
#746 = CARTESIAN_POINT('',(1359.30675859,1109.53486561,226.68551301));
#747 = VERTEX_POINT('',#746);
#748 = DIRECTION('',(1.00000000,0.00000000,0.00000000));
#749 = VECTOR('',#748,1.0);
#750 = LINE('',#740,#749);
#751 = EDGE_CURVE('',#741,#743,#750,.T.);
#752 = ORIENTED_EDGE('',*,*,#751,.T.);
#753 = DIRECTION('',(0.00000000,1.00000000,0.00000000));
#754 = VECTOR('',#753,1.0);
#755 = LINE('',#742,#754);
#756 = EDGE_CURVE('',#743,#745,#755,.T.);
#757 = ORIENTED_EDGE('',*,*,#756,.T.);
#758 = DIRECTION('',(-1.00000000,0.00000000,0.00000000));
#759 = VECTOR('',#758,1.0);
#760 = LINE('',#744,#759);
#761 = EDGE_CURVE('',#745,#747,#760,.T.);
#762 = ORIENTED_EDGE('',*,*,#761,.T.);
#763 = DIRECTION('',(0.00000000,1.00000000,0.00000000));
#764 = VECTOR('',#763,1.0);
#765 = LINE('',#740,#764);
#766 = EDGE_CURVE('',#741,#747,#765,.T.);
#767 = ORIENTED_EDGE('',*,*,#766,.F.);
#768 = EDGE_LOOP('',(#752,#757,#762,#767));
#769 = FACE_OUTER_BOUND('',#768,.T.);
#770 = CARTESIAN_POINT('',(1359.30675859,1100.46513439,226.68551301));
#771 = DIRECTION('',(0.00000000,0.00000000,1.00000000));
#772 = DIRECTION('',(1.00000000,0.00000000,0.00000000));
#773 = AXIS2_PLACEMENT_3D('',#770,#771,#772);
#774 = PLANE('',#773);
#775 = ADVANCED_FACE('',(#769),#774,.T.);
#776 = DIRECTION('',(0.00000000,0.00000000,1.00000000));
#777 = VECTOR('',#776,1.0);
#778 = LINE('',#704,#777);
#779 = EDGE_CURVE('',#705,#741,#778,.T.);
#780 = ORIENTED_EDGE('',*,*,#779,.T.);
#781 = ORIENTED_EDGE('',*,*,#766,.T.);
#782 = DIRECTION('',(0.00000000,0.00000000,1.00000000));
#783 = VECTOR('',#782,1.0);
#784 = LINE('',#706,#783);
#785 = EDGE_CURVE('',#707,#747,#784,.T.);
#786 = ORIENTED_EDGE('',*,*,#785,.F.);
#787 = ORIENTED_EDGE('',*,*,#715,.F.);
#788 = EDGE_LOOP('',(#780,#781,#786,#787));
#789 = FACE_OUTER_BOUND('',#788,.T.);
#790 = CARTESIAN_POINT('',(1359.30675859,1100.46513439,0.00000000));
#791 = DIRECTION('',(-1.00000000,0.00000000,0.00000000));
#792 = DIRECTION('',(0.00000000,0.00000000,1.00000000));
#793 = AXIS2_PLACEMENT_3D('',#790,#791,#792);
#794 = PLANE('',#793);
#795 = ADVANCED_FACE('',(#789),#794,.T.);
#796 = ORIENTED_EDGE('',*,*,#725,.F.);
#797 = DIRECTION('',(0.00000000,0.00000000,1.00000000));
#798 = VECTOR('',#797,1.0);
#799 = LINE('',#708,#798);
#800 = EDGE_CURVE('',#709,#745,#799,.T.);
#801 = ORIENTED_EDGE('',*,*,#800,.T.);
#802 = ORIENTED_EDGE('',*,*,#756,.F.);
#803 = DIRECTION('',(0.00000000,0.00000000,1.00000000));
#804 = VECTOR('',#803,1.0);
#805 = LINE('',#710,#804);
#806 = EDGE_CURVE('',#711,#743,#805,.T.);
#807 = ORIENTED_EDGE('',*,*,#806,.F.);
#808 = EDGE_LOOP('',(#796,#801,#802,#807));
#809 = FACE_OUTER_BOUND('',#808,.T.);
#810 = CARTESIAN_POINT('',(1449.98096379,1100.46513439,0.00000000));
#811 = DIRECTION('',(1.00000000,0.00000000,0.00000000));
#812 = DIRECTION('',(0.00000000,1.00000000,0.00000000));
#813 = AXIS2_PLACEMENT_3D('',#810,#811,#812);
#814 = PLANE('',#813);
#815 = ADVANCED_FACE('',(#809),#814,.T.);
#816 = ORIENTED_EDGE('',*,*,#730,.T.);
#817 = ORIENTED_EDGE('',*,*,#806,.T.);
#818 = ORIENTED_EDGE('',*,*,#751,.F.);
#819 = ORIENTED_EDGE('',*,*,#779,.F.);
#820 = EDGE_LOOP('',(#816,#817,#818,#819));
#821 = FACE_OUTER_BOUND('',#820,.T.);
#822 = CARTESIAN_POINT('',(1359.30675859,1100.46513439,0.00000000));
#823 = DIRECTION('',(0.00000000,-1.00000000,0.00000000));
#824 = DIRECTION('',(1.00000000,0.00000000,0.00000000));
#825 = AXIS2_PLACEMENT_3D('',#822,#823,#824);
#826 = PLANE('',#825);
#827 = ADVANCED_FACE('',(#821),#826,.T.);
#828 = ORIENTED_EDGE('',*,*,#785,.T.);
#829 = ORIENTED_EDGE('',*,*,#761,.F.);
#830 = ORIENTED_EDGE('',*,*,#800,.F.);
#831 = ORIENTED_EDGE('',*,*,#720,.F.);
#832 = EDGE_LOOP('',(#828,#829,#830,#831));
#833 = FACE_OUTER_BOUND('',#832,.T.);
#834 = CARTESIAN_POINT('',(1359.30675859,1109.53486561,0.00000000));
#835 = DIRECTION('',(0.00000000,1.00000000,0.00000000));
#836 = DIRECTION('',(0.00000000,0.00000000,1.00000000));
#837 = AXIS2_PLACEMENT_3D('',#834,#835,#836);
#838 = PLANE('',#837);
#839 = ADVANCED_FACE('',(#833),#838,.T.);
#840 = CLOSED_SHELL('',(#739,#775,#795,#815,#827,#839));
#841 = MANIFOLD_SOLID_BREP('',#840);
#842 = CARTESIAN_POINT('',(390.89724370,-1087.40009491,7.29011939));
#843 = VERTEX_POINT('',#842);
#844 = CARTESIAN_POINT('',(1449.98096379,-1087.40009491,7.29011939));
#845 = VERTEX_POINT('',#844);
#846 = CARTESIAN_POINT('',(1449.98096379,-1085.95000000,0.00000000));
#847 = VERTEX_POINT('',#846);
#848 = CARTESIAN_POINT('',(390.89724370,-1085.95000000,0.00000000));
#849 = VERTEX_POINT('',#848);
#850 = DIRECTION('',(1.00000000,0.00000000,0.00000000));
#851 = VECTOR('',#850,1.0);
#852 = LINE('',#842,#851);
#853 = EDGE_CURVE('',#843,#845,#852,.T.);
#854 = ORIENTED_EDGE('',*,*,#853,.T.);
#855 = DIRECTION('',(0.00000000,0.19509032,-0.98078528));
#856 = VECTOR('',#855,1.0);
#857 = LINE('',#844,#856);
#858 = EDGE_CURVE('',#845,#847,#857,.T.);
#859 = ORIENTED_EDGE('',*,*,#858,.T.);
#860 = DIRECTION('',(-1.00000000,0.00000000,0.00000000));
#861 = VECTOR('',#860,1.0);
#862 = LINE('',#846,#861);
#863 = EDGE_CURVE('',#847,#849,#862,.T.);
#864 = ORIENTED_EDGE('',*,*,#863,.T.);
#865 = DIRECTION('',(0.00000000,0.19509032,-0.98078528));
#866 = VECTOR('',#865,1.0);
#867 = LINE('',#842,#866);
#868 = EDGE_CURVE('',#843,#849,#867,.T.);
#869 = ORIENTED_EDGE('',*,*,#868,.F.);
#870 = EDGE_LOOP('',(#854,#859,#864,#869));
#871 = FACE_OUTER_BOUND('',#870,.T.);
#872 = CARTESIAN_POINT('',(390.89724370,-1087.40009491,7.29011939));
#873 = DIRECTION('',(-0.00000000,0.98078528,0.19509032));
#874 = DIRECTION('',(1.00000000,0.00000000,0.00000000));
#875 = AXIS2_PLACEMENT_3D('',#872,#873,#874);
#876 = PLANE('',#875);
#877 = ADVANCED_FACE('',(#871),#876,.T.);
#878 = CARTESIAN_POINT('',(390.89724370,-1091.52961582,13.47038418));
#879 = VERTEX_POINT('',#878);
#880 = CARTESIAN_POINT('',(1449.98096379,-1091.52961582,13.47038418));
#881 = VERTEX_POINT('',#880);
#882 = DIRECTION('',(1.00000000,0.00000000,0.00000000));
#883 = VECTOR('',#882,1.0);
#884 = LINE('',#878,#883);
#885 = EDGE_CURVE('',#879,#881,#884,.T.);
#886 = ORIENTED_EDGE('',*,*,#885,.T.);
#887 = DIRECTION('',(0.00000000,-0.55557023,0.83146961));
#888 = VECTOR('',#887,1.0);
#889 = LINE('',#844,#888);
#890 = EDGE_CURVE('',#845,#881,#889,.T.);
#891 = ORIENTED_EDGE('',*,*,#890,.F.);
#892 = ORIENTED_EDGE('',*,*,#853,.F.);
#893 = DIRECTION('',(0.00000000,-0.55557023,0.83146961));
#894 = VECTOR('',#893,1.0);
#895 = LINE('',#842,#894);
#896 = EDGE_CURVE('',#843,#879,#895,.T.);
#897 = ORIENTED_EDGE('',*,*,#896,.T.);
#898 = EDGE_LOOP('',(#886,#891,#892,#897));
#899 = FACE_OUTER_BOUND('',#898,.T.);
#900 = CARTESIAN_POINT('',(390.89724370,-1091.52961582,13.47038418));
#901 = DIRECTION('',(-0.00000000,0.83146961,0.55557023));
#902 = DIRECTION('',(1.00000000,0.00000000,0.00000000));
#903 = AXIS2_PLACEMENT_3D('',#900,#901,#902);
#904 = PLANE('',#903);
#905 = ADVANCED_FACE('',(#899),#904,.T.);
#906 = CARTESIAN_POINT('',(390.89724370,-1097.70988061,17.59990509));
#907 = VERTEX_POINT('',#906);
#908 = CARTESIAN_POINT('',(1449.98096379,-1097.70988061,17.59990509));
#909 = VERTEX_POINT('',#908);
#910 = DIRECTION('',(1.00000000,0.00000000,0.00000000));
#911 = VECTOR('',#910,1.0);
#912 = LINE('',#906,#911);
#913 = EDGE_CURVE('',#907,#909,#912,.T.);
#914 = ORIENTED_EDGE('',*,*,#913,.T.);
#915 = DIRECTION('',(0.00000000,-0.83146961,0.55557023));
#916 = VECTOR('',#915,1.0);
#917 = LINE('',#880,#916);
#918 = EDGE_CURVE('',#881,#909,#917,.T.);
#919 = ORIENTED_EDGE('',*,*,#918,.F.);
#920 = ORIENTED_EDGE('',*,*,#885,.F.);
#921 = DIRECTION('',(0.00000000,-0.83146961,0.55557023));
#922 = VECTOR('',#921,1.0);
#923 = LINE('',#878,#922);
#924 = EDGE_CURVE('',#879,#907,#923,.T.);
#925 = ORIENTED_EDGE('',*,*,#924,.T.);
#926 = EDGE_LOOP('',(#914,#919,#920,#925));
#927 = FACE_OUTER_BOUND('',#926,.T.);
#928 = CARTESIAN_POINT('',(390.89724370,-1097.70988061,17.59990509));
#929 = DIRECTION('',(-0.00000000,0.55557023,0.83146961));
#930 = DIRECTION('',(1.00000000,0.00000000,0.00000000));
#931 = AXIS2_PLACEMENT_3D('',#928,#929,#930);
#932 = PLANE('',#931);
#933 = ADVANCED_FACE('',(#927),#932,.T.);
#934 = CARTESIAN_POINT('',(390.89724370,-1105.00000000,19.05000000));
#935 = VERTEX_POINT('',#934);
#936 = CARTESIAN_POINT('',(1449.98096379,-1105.00000000,19.05000000));
#937 = VERTEX_POINT('',#936);
#938 = DIRECTION('',(1.00000000,0.00000000,0.00000000));
#939 = VECTOR('',#938,1.0);
#940 = LINE('',#934,#939);
#941 = EDGE_CURVE('',#935,#937,#940,.T.);
#942 = ORIENTED_EDGE('',*,*,#941,.T.);
#943 = DIRECTION('',(0.00000000,-0.98078528,0.19509032));
#944 = VECTOR('',#943,1.0);
#945 = LINE('',#908,#944);
#946 = EDGE_CURVE('',#909,#937,#945,.T.);
#947 = ORIENTED_EDGE('',*,*,#946,.F.);
#948 = ORIENTED_EDGE('',*,*,#913,.F.);
#949 = DIRECTION('',(0.00000000,-0.98078528,0.19509032));
#950 = VECTOR('',#949,1.0);
#951 = LINE('',#906,#950);
#952 = EDGE_CURVE('',#907,#935,#951,.T.);
#953 = ORIENTED_EDGE('',*,*,#952,.T.);
#954 = EDGE_LOOP('',(#942,#947,#948,#953));
#955 = FACE_OUTER_BOUND('',#954,.T.);
#956 = CARTESIAN_POINT('',(390.89724370,-1105.00000000,19.05000000));
#957 = DIRECTION('',(-0.00000000,0.19509032,0.98078528));
#958 = DIRECTION('',(1.00000000,0.00000000,0.00000000));
#959 = AXIS2_PLACEMENT_3D('',#956,#957,#958);
#960 = PLANE('',#959);
#961 = ADVANCED_FACE('',(#955),#960,.T.);
#962 = CARTESIAN_POINT('',(390.89724370,-1112.29011939,17.59990509));
#963 = VERTEX_POINT('',#962);
#964 = CARTESIAN_POINT('',(1449.98096379,-1112.29011939,17.59990509));
#965 = VERTEX_POINT('',#964);
#966 = DIRECTION('',(1.00000000,0.00000000,0.00000000));
#967 = VECTOR('',#966,1.0);
#968 = LINE('',#962,#967);
#969 = EDGE_CURVE('',#963,#965,#968,.T.);
#970 = ORIENTED_EDGE('',*,*,#969,.T.);
#971 = DIRECTION('',(0.00000000,-0.98078528,-0.19509032));
#972 = VECTOR('',#971,1.0);
#973 = LINE('',#936,#972);
#974 = EDGE_CURVE('',#937,#965,#973,.T.);
#975 = ORIENTED_EDGE('',*,*,#974,.F.);
#976 = ORIENTED_EDGE('',*,*,#941,.F.);
#977 = DIRECTION('',(0.00000000,-0.98078528,-0.19509032));
#978 = VECTOR('',#977,1.0);
#979 = LINE('',#934,#978);
#980 = EDGE_CURVE('',#935,#963,#979,.T.);
#981 = ORIENTED_EDGE('',*,*,#980,.T.);
#982 = EDGE_LOOP('',(#970,#975,#976,#981));
#983 = FACE_OUTER_BOUND('',#982,.T.);
#984 = CARTESIAN_POINT('',(390.89724370,-1112.29011939,17.59990509));
#985 = DIRECTION('',(0.00000000,-0.19509032,0.98078528));
#986 = DIRECTION('',(1.00000000,0.00000000,0.00000000));
#987 = AXIS2_PLACEMENT_3D('',#984,#985,#986);
#988 = PLANE('',#987);
#989 = ADVANCED_FACE('',(#983),#988,.T.);
#990 = CARTESIAN_POINT('',(390.89724370,-1118.47038418,13.47038418));
#991 = VERTEX_POINT('',#990);
#992 = CARTESIAN_POINT('',(1449.98096379,-1118.47038418,13.47038418));
#993 = VERTEX_POINT('',#992);
#994 = DIRECTION('',(1.00000000,0.00000000,0.00000000));
#995 = VECTOR('',#994,1.0);
#996 = LINE('',#990,#995);
#997 = EDGE_CURVE('',#991,#993,#996,.T.);
#998 = ORIENTED_EDGE('',*,*,#997,.T.);
#999 = DIRECTION('',(0.00000000,-0.83146961,-0.55557023));
#1000 = VECTOR('',#999,1.0);
#1001 = LINE('',#964,#1000);
#1002 = EDGE_CURVE('',#965,#993,#1001,.T.);
#1003 = ORIENTED_EDGE('',*,*,#1002,.F.);
#1004 = ORIENTED_EDGE('',*,*,#969,.F.);
#1005 = DIRECTION('',(0.00000000,-0.83146961,-0.55557023));
#1006 = VECTOR('',#1005,1.0);
#1007 = LINE('',#962,#1006);
#1008 = EDGE_CURVE('',#963,#991,#1007,.T.);
#1009 = ORIENTED_EDGE('',*,*,#1008,.T.);
#1010 = EDGE_LOOP('',(#998,#1003,#1004,#1009));
#1011 = FACE_OUTER_BOUND('',#1010,.T.);
#1012 = CARTESIAN_POINT('',(390.89724370,-1118.47038418,13.47038418));
#1013 = DIRECTION('',(0.00000000,-0.55557023,0.83146961));
#1014 = DIRECTION('',(1.00000000,0.00000000,0.00000000));
#1015 = AXIS2_PLACEMENT_3D('',#1012,#1013,#1014);
#1016 = PLANE('',#1015);
#1017 = ADVANCED_FACE('',(#1011),#1016,.T.);
#1018 = CARTESIAN_POINT('',(390.89724370,-1122.59990509,7.29011939));
#1019 = VERTEX_POINT('',#1018);
#1020 = CARTESIAN_POINT('',(1449.98096379,-1122.59990509,7.29011939));
#1021 = VERTEX_POINT('',#1020);
#1022 = DIRECTION('',(1.00000000,0.00000000,0.00000000));
#1023 = VECTOR('',#1022,1.0);
#1024 = LINE('',#1018,#1023);
#1025 = EDGE_CURVE('',#1019,#1021,#1024,.T.);
#1026 = ORIENTED_EDGE('',*,*,#1025,.T.);
#1027 = DIRECTION('',(0.00000000,-0.55557023,-0.83146961));
#1028 = VECTOR('',#1027,1.0);
#1029 = LINE('',#992,#1028);
#1030 = EDGE_CURVE('',#993,#1021,#1029,.T.);
#1031 = ORIENTED_EDGE('',*,*,#1030,.F.);
#1032 = ORIENTED_EDGE('',*,*,#997,.F.);
#1033 = DIRECTION('',(0.00000000,-0.55557023,-0.83146961));
#1034 = VECTOR('',#1033,1.0);
#1035 = LINE('',#990,#1034);
#1036 = EDGE_CURVE('',#991,#1019,#1035,.T.);
#1037 = ORIENTED_EDGE('',*,*,#1036,.T.);
#1038 = EDGE_LOOP('',(#1026,#1031,#1032,#1037));
#1039 = FACE_OUTER_BOUND('',#1038,.T.);
#1040 = CARTESIAN_POINT('',(390.89724370,-1122.59990509,7.29011939));
#1041 = DIRECTION('',(0.00000000,-0.83146961,0.55557023));
#1042 = DIRECTION('',(1.00000000,0.00000000,0.00000000));
#1043 = AXIS2_PLACEMENT_3D('',#1040,#1041,#1042);
#1044 = PLANE('',#1043);
#1045 = ADVANCED_FACE('',(#1039),#1044,.T.);
#1046 = CARTESIAN_POINT('',(390.89724370,-1124.05000000,0.00000000));
#1047 = VERTEX_POINT('',#1046);
#1048 = CARTESIAN_POINT('',(1449.98096379,-1124.05000000,0.00000000));
#1049 = VERTEX_POINT('',#1048);
#1050 = DIRECTION('',(1.00000000,0.00000000,0.00000000));
#1051 = VECTOR('',#1050,1.0);
#1052 = LINE('',#1046,#1051);
#1053 = EDGE_CURVE('',#1047,#1049,#1052,.T.);
#1054 = ORIENTED_EDGE('',*,*,#1053,.T.);
#1055 = DIRECTION('',(0.00000000,-0.19509032,-0.98078528));
#1056 = VECTOR('',#1055,1.0);
#1057 = LINE('',#1020,#1056);
#1058 = EDGE_CURVE('',#1021,#1049,#1057,.T.);
#1059 = ORIENTED_EDGE('',*,*,#1058,.F.);
#1060 = ORIENTED_EDGE('',*,*,#1025,.F.);
#1061 = DIRECTION('',(0.00000000,-0.19509032,-0.98078528));
#1062 = VECTOR('',#1061,1.0);
#1063 = LINE('',#1018,#1062);
#1064 = EDGE_CURVE('',#1019,#1047,#1063,.T.);
#1065 = ORIENTED_EDGE('',*,*,#1064,.T.);
#1066 = EDGE_LOOP('',(#1054,#1059,#1060,#1065));
#1067 = FACE_OUTER_BOUND('',#1066,.T.);
#1068 = CARTESIAN_POINT('',(390.89724370,-1124.05000000,0.00000000));
#1069 = DIRECTION('',(0.00000000,-0.98078528,0.19509032));
#1070 = DIRECTION('',(1.00000000,0.00000000,0.00000000));
#1071 = AXIS2_PLACEMENT_3D('',#1068,#1069,#1070);
#1072 = PLANE('',#1071);
#1073 = ADVANCED_FACE('',(#1067),#1072,.T.);
#1074 = CARTESIAN_POINT('',(390.89724370,-1122.59990509,-7.29011939));
#1075 = VERTEX_POINT('',#1074);
#1076 = CARTESIAN_POINT('',(1449.98096379,-1122.59990509,-7.29011939));
#1077 = VERTEX_POINT('',#1076);
#1078 = DIRECTION('',(1.00000000,0.00000000,0.00000000));
#1079 = VECTOR('',#1078,1.0);
#1080 = LINE('',#1074,#1079);
#1081 = EDGE_CURVE('',#1075,#1077,#1080,.T.);
#1082 = ORIENTED_EDGE('',*,*,#1081,.T.);
#1083 = DIRECTION('',(0.00000000,0.19509032,-0.98078528));
#1084 = VECTOR('',#1083,1.0);
#1085 = LINE('',#1048,#1084);
#1086 = EDGE_CURVE('',#1049,#1077,#1085,.T.);
#1087 = ORIENTED_EDGE('',*,*,#1086,.F.);
#1088 = ORIENTED_EDGE('',*,*,#1053,.F.);
#1089 = DIRECTION('',(0.00000000,0.19509032,-0.98078528));
#1090 = VECTOR('',#1089,1.0);
#1091 = LINE('',#1046,#1090);
#1092 = EDGE_CURVE('',#1047,#1075,#1091,.T.);
#1093 = ORIENTED_EDGE('',*,*,#1092,.T.);
#1094 = EDGE_LOOP('',(#1082,#1087,#1088,#1093));
#1095 = FACE_OUTER_BOUND('',#1094,.T.);
#1096 = CARTESIAN_POINT('',(390.89724370,-1122.59990509,-7.29011939));
#1097 = DIRECTION('',(0.00000000,-0.98078528,-0.19509032));
#1098 = DIRECTION('',(1.00000000,0.00000000,0.00000000));
#1099 = AXIS2_PLACEMENT_3D('',#1096,#1097,#1098);
#1100 = PLANE('',#1099);
#1101 = ADVANCED_FACE('',(#1095),#1100,.T.);
#1102 = CARTESIAN_POINT('',(390.89724370,-1118.47038418,-13.47038418));
#1103 = VERTEX_POINT('',#1102);
#1104 = CARTESIAN_POINT('',(1449.98096379,-1118.47038418,-13.47038418));
#1105 = VERTEX_POINT('',#1104);
#1106 = DIRECTION('',(1.00000000,0.00000000,0.00000000));
#1107 = VECTOR('',#1106,1.0);
#1108 = LINE('',#1102,#1107);
#1109 = EDGE_CURVE('',#1103,#1105,#1108,.T.);
#1110 = ORIENTED_EDGE('',*,*,#1109,.T.);
#1111 = DIRECTION('',(0.00000000,0.55557023,-0.83146961));
#1112 = VECTOR('',#1111,1.0);
#1113 = LINE('',#1076,#1112);
#1114 = EDGE_CURVE('',#1077,#1105,#1113,.T.);
#1115 = ORIENTED_EDGE('',*,*,#1114,.F.);
#1116 = ORIENTED_EDGE('',*,*,#1081,.F.);
#1117 = DIRECTION('',(0.00000000,0.55557023,-0.83146961));
#1118 = VECTOR('',#1117,1.0);
#1119 = LINE('',#1074,#1118);
#1120 = EDGE_CURVE('',#1075,#1103,#1119,.T.);
#1121 = ORIENTED_EDGE('',*,*,#1120,.T.);
#1122 = EDGE_LOOP('',(#1110,#1115,#1116,#1121));
#1123 = FACE_OUTER_BOUND('',#1122,.T.);
#1124 = CARTESIAN_POINT('',(390.89724370,-1118.47038418,-13.47038418));
#1125 = DIRECTION('',(0.00000000,-0.83146961,-0.55557023));
#1126 = DIRECTION('',(1.00000000,0.00000000,0.00000000));
#1127 = AXIS2_PLACEMENT_3D('',#1124,#1125,#1126);
#1128 = PLANE('',#1127);
#1129 = ADVANCED_FACE('',(#1123),#1128,.T.);
#1130 = CARTESIAN_POINT('',(390.89724370,-1112.29011939,-17.59990509));
#1131 = VERTEX_POINT('',#1130);
#1132 = CARTESIAN_POINT('',(1449.98096379,-1112.29011939,-17.59990509));
#1133 = VERTEX_POINT('',#1132);
#1134 = DIRECTION('',(1.00000000,0.00000000,0.00000000));
#1135 = VECTOR('',#1134,1.0);
#1136 = LINE('',#1130,#1135);
#1137 = EDGE_CURVE('',#1131,#1133,#1136,.T.);
#1138 = ORIENTED_EDGE('',*,*,#1137,.T.);
#1139 = DIRECTION('',(0.00000000,0.83146961,-0.55557023));
#1140 = VECTOR('',#1139,1.0);
#1141 = LINE('',#1104,#1140);
#1142 = EDGE_CURVE('',#1105,#1133,#1141,.T.);
#1143 = ORIENTED_EDGE('',*,*,#1142,.F.);
#1144 = ORIENTED_EDGE('',*,*,#1109,.F.);
#1145 = DIRECTION('',(0.00000000,0.83146961,-0.55557023));
#1146 = VECTOR('',#1145,1.0);
#1147 = LINE('',#1102,#1146);
#1148 = EDGE_CURVE('',#1103,#1131,#1147,.T.);
#1149 = ORIENTED_EDGE('',*,*,#1148,.T.);
#1150 = EDGE_LOOP('',(#1138,#1143,#1144,#1149));
#1151 = FACE_OUTER_BOUND('',#1150,.T.);
#1152 = CARTESIAN_POINT('',(390.89724370,-1112.29011939,-17.59990509));
#1153 = DIRECTION('',(0.00000000,-0.55557023,-0.83146961));
#1154 = DIRECTION('',(1.00000000,0.00000000,0.00000000));
#1155 = AXIS2_PLACEMENT_3D('',#1152,#1153,#1154);
#1156 = PLANE('',#1155);
#1157 = ADVANCED_FACE('',(#1151),#1156,.T.);
#1158 = CARTESIAN_POINT('',(390.89724370,-1105.00000000,-19.05000000));
#1159 = VERTEX_POINT('',#1158);
#1160 = CARTESIAN_POINT('',(1449.98096379,-1105.00000000,-19.05000000));
#1161 = VERTEX_POINT('',#1160);
#1162 = DIRECTION('',(1.00000000,0.00000000,0.00000000));
#1163 = VECTOR('',#1162,1.0);
#1164 = LINE('',#1158,#1163);
#1165 = EDGE_CURVE('',#1159,#1161,#1164,.T.);
#1166 = ORIENTED_EDGE('',*,*,#1165,.T.);
#1167 = DIRECTION('',(0.00000000,0.98078528,-0.19509032));
#1168 = VECTOR('',#1167,1.0);
#1169 = LINE('',#1132,#1168);
#1170 = EDGE_CURVE('',#1133,#1161,#1169,.T.);
#1171 = ORIENTED_EDGE('',*,*,#1170,.F.);
#1172 = ORIENTED_EDGE('',*,*,#1137,.F.);
#1173 = DIRECTION('',(0.00000000,0.98078528,-0.19509032));
#1174 = VECTOR('',#1173,1.0);
#1175 = LINE('',#1130,#1174);
#1176 = EDGE_CURVE('',#1131,#1159,#1175,.T.);
#1177 = ORIENTED_EDGE('',*,*,#1176,.T.);
#1178 = EDGE_LOOP('',(#1166,#1171,#1172,#1177));
#1179 = FACE_OUTER_BOUND('',#1178,.T.);
#1180 = CARTESIAN_POINT('',(390.89724370,-1105.00000000,-19.05000000));
#1181 = DIRECTION('',(0.00000000,-0.19509032,-0.98078528));
#1182 = DIRECTION('',(1.00000000,0.00000000,0.00000000));
#1183 = AXIS2_PLACEMENT_3D('',#1180,#1181,#1182);
#1184 = PLANE('',#1183);
#1185 = ADVANCED_FACE('',(#1179),#1184,.T.);
#1186 = CARTESIAN_POINT('',(390.89724370,-1097.70988061,-17.59990509));
#1187 = VERTEX_POINT('',#1186);
#1188 = CARTESIAN_POINT('',(1449.98096379,-1097.70988061,-17.59990509));
#1189 = VERTEX_POINT('',#1188);
#1190 = DIRECTION('',(1.00000000,0.00000000,0.00000000));
#1191 = VECTOR('',#1190,1.0);
#1192 = LINE('',#1186,#1191);
#1193 = EDGE_CURVE('',#1187,#1189,#1192,.T.);
#1194 = ORIENTED_EDGE('',*,*,#1193,.T.);
#1195 = DIRECTION('',(0.00000000,0.98078528,0.19509032));
#1196 = VECTOR('',#1195,1.0);
#1197 = LINE('',#1160,#1196);
#1198 = EDGE_CURVE('',#1161,#1189,#1197,.T.);
#1199 = ORIENTED_EDGE('',*,*,#1198,.F.);
#1200 = ORIENTED_EDGE('',*,*,#1165,.F.);
#1201 = DIRECTION('',(0.00000000,0.98078528,0.19509032));
#1202 = VECTOR('',#1201,1.0);
#1203 = LINE('',#1158,#1202);
#1204 = EDGE_CURVE('',#1159,#1187,#1203,.T.);
#1205 = ORIENTED_EDGE('',*,*,#1204,.T.);
#1206 = EDGE_LOOP('',(#1194,#1199,#1200,#1205));
#1207 = FACE_OUTER_BOUND('',#1206,.T.);
#1208 = CARTESIAN_POINT('',(390.89724370,-1097.70988061,-17.59990509));
#1209 = DIRECTION('',(0.00000000,0.19509032,-0.98078528));
#1210 = DIRECTION('',(1.00000000,0.00000000,0.00000000));
#1211 = AXIS2_PLACEMENT_3D('',#1208,#1209,#1210);
#1212 = PLANE('',#1211);
#1213 = ADVANCED_FACE('',(#1207),#1212,.T.);
#1214 = CARTESIAN_POINT('',(390.89724370,-1091.52961582,-13.47038418));
#1215 = VERTEX_POINT('',#1214);
#1216 = CARTESIAN_POINT('',(1449.98096379,-1091.52961582,-13.47038418));
#1217 = VERTEX_POINT('',#1216);
#1218 = DIRECTION('',(1.00000000,0.00000000,0.00000000));
#1219 = VECTOR('',#1218,1.0);
#1220 = LINE('',#1214,#1219);
#1221 = EDGE_CURVE('',#1215,#1217,#1220,.T.);
#1222 = ORIENTED_EDGE('',*,*,#1221,.T.);
#1223 = DIRECTION('',(0.00000000,0.83146961,0.55557023));
#1224 = VECTOR('',#1223,1.0);
#1225 = LINE('',#1188,#1224);
#1226 = EDGE_CURVE('',#1189,#1217,#1225,.T.);
#1227 = ORIENTED_EDGE('',*,*,#1226,.F.);
#1228 = ORIENTED_EDGE('',*,*,#1193,.F.);
#1229 = DIRECTION('',(0.00000000,0.83146961,0.55557023));
#1230 = VECTOR('',#1229,1.0);
#1231 = LINE('',#1186,#1230);
#1232 = EDGE_CURVE('',#1187,#1215,#1231,.T.);
#1233 = ORIENTED_EDGE('',*,*,#1232,.T.);
#1234 = EDGE_LOOP('',(#1222,#1227,#1228,#1233));
#1235 = FACE_OUTER_BOUND('',#1234,.T.);
#1236 = CARTESIAN_POINT('',(390.89724370,-1091.52961582,-13.47038418));
#1237 = DIRECTION('',(0.00000000,0.55557023,-0.83146961));
#1238 = DIRECTION('',(1.00000000,0.00000000,0.00000000));
#1239 = AXIS2_PLACEMENT_3D('',#1236,#1237,#1238);
#1240 = PLANE('',#1239);
#1241 = ADVANCED_FACE('',(#1235),#1240,.T.);
#1242 = CARTESIAN_POINT('',(390.89724370,-1087.40009491,-7.29011939));
#1243 = VERTEX_POINT('',#1242);
#1244 = CARTESIAN_POINT('',(1449.98096379,-1087.40009491,-7.29011939));
#1245 = VERTEX_POINT('',#1244);
#1246 = DIRECTION('',(1.00000000,0.00000000,0.00000000));
#1247 = VECTOR('',#1246,1.0);
#1248 = LINE('',#1242,#1247);
#1249 = EDGE_CURVE('',#1243,#1245,#1248,.T.);
#1250 = ORIENTED_EDGE('',*,*,#1249,.T.);
#1251 = DIRECTION('',(0.00000000,0.55557023,0.83146961));
#1252 = VECTOR('',#1251,1.0);
#1253 = LINE('',#1216,#1252);
#1254 = EDGE_CURVE('',#1217,#1245,#1253,.T.);
#1255 = ORIENTED_EDGE('',*,*,#1254,.F.);
#1256 = ORIENTED_EDGE('',*,*,#1221,.F.);
#1257 = DIRECTION('',(0.00000000,0.55557023,0.83146961));
#1258 = VECTOR('',#1257,1.0);
#1259 = LINE('',#1214,#1258);
#1260 = EDGE_CURVE('',#1215,#1243,#1259,.T.);
#1261 = ORIENTED_EDGE('',*,*,#1260,.T.);
#1262 = EDGE_LOOP('',(#1250,#1255,#1256,#1261));
#1263 = FACE_OUTER_BOUND('',#1262,.T.);
#1264 = CARTESIAN_POINT('',(390.89724370,-1087.40009491,-7.29011939));
#1265 = DIRECTION('',(0.00000000,0.83146961,-0.55557023));
#1266 = DIRECTION('',(1.00000000,0.00000000,0.00000000));
#1267 = AXIS2_PLACEMENT_3D('',#1264,#1265,#1266);
#1268 = PLANE('',#1267);
#1269 = ADVANCED_FACE('',(#1263),#1268,.T.);
#1270 = ORIENTED_EDGE('',*,*,#863,.F.);
#1271 = DIRECTION('',(0.00000000,-0.19509032,-0.98078528));
#1272 = VECTOR('',#1271,1.0);
#1273 = LINE('',#846,#1272);
#1274 = EDGE_CURVE('',#847,#1245,#1273,.T.);
#1275 = ORIENTED_EDGE('',*,*,#1274,.T.);
#1276 = ORIENTED_EDGE('',*,*,#1249,.F.);
#1277 = DIRECTION('',(0.00000000,-0.19509032,-0.98078528));
#1278 = VECTOR('',#1277,1.0);
#1279 = LINE('',#848,#1278);
#1280 = EDGE_CURVE('',#849,#1243,#1279,.T.);
#1281 = ORIENTED_EDGE('',*,*,#1280,.F.);
#1282 = EDGE_LOOP('',(#1270,#1275,#1276,#1281));
#1283 = FACE_OUTER_BOUND('',#1282,.T.);
#1284 = CARTESIAN_POINT('',(390.89724370,-1085.95000000,0.00000000));
#1285 = DIRECTION('',(0.00000000,0.98078528,-0.19509032));
#1286 = DIRECTION('',(1.00000000,0.00000000,0.00000000));
#1287 = AXIS2_PLACEMENT_3D('',#1284,#1285,#1286);
#1288 = PLANE('',#1287);
#1289 = ADVANCED_FACE('',(#1283),#1288,.T.);
#1290 = ORIENTED_EDGE('',*,*,#1260,.F.);
#1291 = ORIENTED_EDGE('',*,*,#1232,.F.);
#1292 = ORIENTED_EDGE('',*,*,#1204,.F.);
#1293 = ORIENTED_EDGE('',*,*,#1176,.F.);
#1294 = ORIENTED_EDGE('',*,*,#1148,.F.);
#1295 = ORIENTED_EDGE('',*,*,#1120,.F.);
#1296 = ORIENTED_EDGE('',*,*,#1092,.F.);
#1297 = ORIENTED_EDGE('',*,*,#1064,.F.);
#1298 = ORIENTED_EDGE('',*,*,#1036,.F.);
#1299 = ORIENTED_EDGE('',*,*,#1008,.F.);
#1300 = ORIENTED_EDGE('',*,*,#980,.F.);
#1301 = ORIENTED_EDGE('',*,*,#952,.F.);
#1302 = ORIENTED_EDGE('',*,*,#924,.F.);
#1303 = ORIENTED_EDGE('',*,*,#896,.F.);
#1304 = ORIENTED_EDGE('',*,*,#868,.T.);
#1305 = ORIENTED_EDGE('',*,*,#1280,.T.);
#1306 = EDGE_LOOP('',(#1290,#1291,#1292,#1293,#1294,#1295,#1296,#1297,#1298,#1299,#1300,#1301,#1302,#1303,#1304,#1305));
#1307 = FACE_OUTER_BOUND('',#1306,.T.);
#1308 = CARTESIAN_POINT('',(390.89724370,-1087.40009491,-7.29011939));
#1309 = DIRECTION('',(-1.00000000,0.00000000,0.00000000));
#1310 = DIRECTION('',(0.00000000,-0.55557023,-0.83146961));
#1311 = AXIS2_PLACEMENT_3D('',#1308,#1309,#1310);
#1312 = PLANE('',#1311);
#1313 = ADVANCED_FACE('',(#1307),#1312,.T.);
#1314 = ORIENTED_EDGE('',*,*,#858,.F.);
#1315 = ORIENTED_EDGE('',*,*,#890,.T.);
#1316 = ORIENTED_EDGE('',*,*,#918,.T.);
#1317 = ORIENTED_EDGE('',*,*,#946,.T.);
#1318 = ORIENTED_EDGE('',*,*,#974,.T.);
#1319 = ORIENTED_EDGE('',*,*,#1002,.T.);
#1320 = ORIENTED_EDGE('',*,*,#1030,.T.);
#1321 = ORIENTED_EDGE('',*,*,#1058,.T.);
#1322 = ORIENTED_EDGE('',*,*,#1086,.T.);
#1323 = ORIENTED_EDGE('',*,*,#1114,.T.);
#1324 = ORIENTED_EDGE('',*,*,#1142,.T.);
#1325 = ORIENTED_EDGE('',*,*,#1170,.T.);
#1326 = ORIENTED_EDGE('',*,*,#1198,.T.);
#1327 = ORIENTED_EDGE('',*,*,#1226,.T.);
#1328 = ORIENTED_EDGE('',*,*,#1254,.T.);
#1329 = ORIENTED_EDGE('',*,*,#1274,.F.);
#1330 = EDGE_LOOP('',(#1314,#1315,#1316,#1317,#1318,#1319,#1320,#1321,#1322,#1323,#1324,#1325,#1326,#1327,#1328,#1329));
#1331 = FACE_OUTER_BOUND('',#1330,.T.);
#1332 = CARTESIAN_POINT('',(1449.98096379,-1085.95000000,0.00000000));
#1333 = DIRECTION('',(1.00000000,0.00000000,0.00000000));
#1334 = DIRECTION('',(0.00000000,-0.19509032,0.98078528));
#1335 = AXIS2_PLACEMENT_3D('',#1332,#1333,#1334);
#1336 = PLANE('',#1335);
#1337 = ADVANCED_FACE('',(#1331),#1336,.T.);
#1338 = CLOSED_SHELL('',(#877,#905,#933,#961,#989,#1017,#1045,#1073,#1101,#1129,#1157,#1185,#1213,#1241,#1269,#1289,#1313,#1337));
#1339 = MANIFOLD_SOLID_BREP('',#1338);
#1340 = CARTESIAN_POINT('',(390.89724370,1122.59990509,7.29011939));
#1341 = VERTEX_POINT('',#1340);
#1342 = CARTESIAN_POINT('',(1449.98096379,1122.59990509,7.29011939));
#1343 = VERTEX_POINT('',#1342);
#1344 = CARTESIAN_POINT('',(1449.98096379,1124.05000000,0.00000000));
#1345 = VERTEX_POINT('',#1344);
#1346 = CARTESIAN_POINT('',(390.89724370,1124.05000000,0.00000000));
#1347 = VERTEX_POINT('',#1346);
#1348 = DIRECTION('',(1.00000000,0.00000000,0.00000000));
#1349 = VECTOR('',#1348,1.0);
#1350 = LINE('',#1340,#1349);
#1351 = EDGE_CURVE('',#1341,#1343,#1350,.T.);
#1352 = ORIENTED_EDGE('',*,*,#1351,.T.);
#1353 = DIRECTION('',(0.00000000,0.19509032,-0.98078528));
#1354 = VECTOR('',#1353,1.0);
#1355 = LINE('',#1342,#1354);
#1356 = EDGE_CURVE('',#1343,#1345,#1355,.T.);
#1357 = ORIENTED_EDGE('',*,*,#1356,.T.);
#1358 = DIRECTION('',(-1.00000000,0.00000000,0.00000000));
#1359 = VECTOR('',#1358,1.0);
#1360 = LINE('',#1344,#1359);
#1361 = EDGE_CURVE('',#1345,#1347,#1360,.T.);
#1362 = ORIENTED_EDGE('',*,*,#1361,.T.);
#1363 = DIRECTION('',(0.00000000,0.19509032,-0.98078528));
#1364 = VECTOR('',#1363,1.0);
#1365 = LINE('',#1340,#1364);
#1366 = EDGE_CURVE('',#1341,#1347,#1365,.T.);
#1367 = ORIENTED_EDGE('',*,*,#1366,.F.);
#1368 = EDGE_LOOP('',(#1352,#1357,#1362,#1367));
#1369 = FACE_OUTER_BOUND('',#1368,.T.);
#1370 = CARTESIAN_POINT('',(390.89724370,1122.59990509,7.29011939));
#1371 = DIRECTION('',(-0.00000000,0.98078528,0.19509032));
#1372 = DIRECTION('',(1.00000000,0.00000000,0.00000000));
#1373 = AXIS2_PLACEMENT_3D('',#1370,#1371,#1372);
#1374 = PLANE('',#1373);
#1375 = ADVANCED_FACE('',(#1369),#1374,.T.);
#1376 = CARTESIAN_POINT('',(390.89724370,1118.47038418,13.47038418));
#1377 = VERTEX_POINT('',#1376);
#1378 = CARTESIAN_POINT('',(1449.98096379,1118.47038418,13.47038418));
#1379 = VERTEX_POINT('',#1378);
#1380 = DIRECTION('',(1.00000000,0.00000000,0.00000000));
#1381 = VECTOR('',#1380,1.0);
#1382 = LINE('',#1376,#1381);
#1383 = EDGE_CURVE('',#1377,#1379,#1382,.T.);
#1384 = ORIENTED_EDGE('',*,*,#1383,.T.);
#1385 = DIRECTION('',(0.00000000,-0.55557023,0.83146961));
#1386 = VECTOR('',#1385,1.0);
#1387 = LINE('',#1342,#1386);
#1388 = EDGE_CURVE('',#1343,#1379,#1387,.T.);
#1389 = ORIENTED_EDGE('',*,*,#1388,.F.);
#1390 = ORIENTED_EDGE('',*,*,#1351,.F.);
#1391 = DIRECTION('',(0.00000000,-0.55557023,0.83146961));
#1392 = VECTOR('',#1391,1.0);
#1393 = LINE('',#1340,#1392);
#1394 = EDGE_CURVE('',#1341,#1377,#1393,.T.);
#1395 = ORIENTED_EDGE('',*,*,#1394,.T.);
#1396 = EDGE_LOOP('',(#1384,#1389,#1390,#1395));
#1397 = FACE_OUTER_BOUND('',#1396,.T.);
#1398 = CARTESIAN_POINT('',(390.89724370,1118.47038418,13.47038418));
#1399 = DIRECTION('',(-0.00000000,0.83146961,0.55557023));
#1400 = DIRECTION('',(1.00000000,0.00000000,0.00000000));
#1401 = AXIS2_PLACEMENT_3D('',#1398,#1399,#1400);
#1402 = PLANE('',#1401);
#1403 = ADVANCED_FACE('',(#1397),#1402,.T.);
#1404 = CARTESIAN_POINT('',(390.89724370,1112.29011939,17.59990509));
#1405 = VERTEX_POINT('',#1404);
#1406 = CARTESIAN_POINT('',(1449.98096379,1112.29011939,17.59990509));
#1407 = VERTEX_POINT('',#1406);
#1408 = DIRECTION('',(1.00000000,0.00000000,0.00000000));
#1409 = VECTOR('',#1408,1.0);
#1410 = LINE('',#1404,#1409);
#1411 = EDGE_CURVE('',#1405,#1407,#1410,.T.);
#1412 = ORIENTED_EDGE('',*,*,#1411,.T.);
#1413 = DIRECTION('',(0.00000000,-0.83146961,0.55557023));
#1414 = VECTOR('',#1413,1.0);
#1415 = LINE('',#1378,#1414);
#1416 = EDGE_CURVE('',#1379,#1407,#1415,.T.);
#1417 = ORIENTED_EDGE('',*,*,#1416,.F.);
#1418 = ORIENTED_EDGE('',*,*,#1383,.F.);
#1419 = DIRECTION('',(0.00000000,-0.83146961,0.55557023));
#1420 = VECTOR('',#1419,1.0);
#1421 = LINE('',#1376,#1420);
#1422 = EDGE_CURVE('',#1377,#1405,#1421,.T.);
#1423 = ORIENTED_EDGE('',*,*,#1422,.T.);
#1424 = EDGE_LOOP('',(#1412,#1417,#1418,#1423));
#1425 = FACE_OUTER_BOUND('',#1424,.T.);
#1426 = CARTESIAN_POINT('',(390.89724370,1112.29011939,17.59990509));
#1427 = DIRECTION('',(-0.00000000,0.55557023,0.83146961));
#1428 = DIRECTION('',(1.00000000,0.00000000,0.00000000));
#1429 = AXIS2_PLACEMENT_3D('',#1426,#1427,#1428);
#1430 = PLANE('',#1429);
#1431 = ADVANCED_FACE('',(#1425),#1430,.T.);
#1432 = CARTESIAN_POINT('',(390.89724370,1105.00000000,19.05000000));
#1433 = VERTEX_POINT('',#1432);
#1434 = CARTESIAN_POINT('',(1449.98096379,1105.00000000,19.05000000));
#1435 = VERTEX_POINT('',#1434);
#1436 = DIRECTION('',(1.00000000,0.00000000,0.00000000));
#1437 = VECTOR('',#1436,1.0);
#1438 = LINE('',#1432,#1437);
#1439 = EDGE_CURVE('',#1433,#1435,#1438,.T.);
#1440 = ORIENTED_EDGE('',*,*,#1439,.T.);
#1441 = DIRECTION('',(0.00000000,-0.98078528,0.19509032));
#1442 = VECTOR('',#1441,1.0);
#1443 = LINE('',#1406,#1442);
#1444 = EDGE_CURVE('',#1407,#1435,#1443,.T.);
#1445 = ORIENTED_EDGE('',*,*,#1444,.F.);
#1446 = ORIENTED_EDGE('',*,*,#1411,.F.);
#1447 = DIRECTION('',(0.00000000,-0.98078528,0.19509032));
#1448 = VECTOR('',#1447,1.0);
#1449 = LINE('',#1404,#1448);
#1450 = EDGE_CURVE('',#1405,#1433,#1449,.T.);
#1451 = ORIENTED_EDGE('',*,*,#1450,.T.);
#1452 = EDGE_LOOP('',(#1440,#1445,#1446,#1451));
#1453 = FACE_OUTER_BOUND('',#1452,.T.);
#1454 = CARTESIAN_POINT('',(390.89724370,1105.00000000,19.05000000));
#1455 = DIRECTION('',(-0.00000000,0.19509032,0.98078528));
#1456 = DIRECTION('',(1.00000000,0.00000000,0.00000000));
#1457 = AXIS2_PLACEMENT_3D('',#1454,#1455,#1456);
#1458 = PLANE('',#1457);
#1459 = ADVANCED_FACE('',(#1453),#1458,.T.);
#1460 = CARTESIAN_POINT('',(390.89724370,1097.70988061,17.59990509));
#1461 = VERTEX_POINT('',#1460);
#1462 = CARTESIAN_POINT('',(1449.98096379,1097.70988061,17.59990509));
#1463 = VERTEX_POINT('',#1462);
#1464 = DIRECTION('',(1.00000000,0.00000000,0.00000000));
#1465 = VECTOR('',#1464,1.0);
#1466 = LINE('',#1460,#1465);
#1467 = EDGE_CURVE('',#1461,#1463,#1466,.T.);
#1468 = ORIENTED_EDGE('',*,*,#1467,.T.);
#1469 = DIRECTION('',(0.00000000,-0.98078528,-0.19509032));
#1470 = VECTOR('',#1469,1.0);
#1471 = LINE('',#1434,#1470);
#1472 = EDGE_CURVE('',#1435,#1463,#1471,.T.);
#1473 = ORIENTED_EDGE('',*,*,#1472,.F.);
#1474 = ORIENTED_EDGE('',*,*,#1439,.F.);
#1475 = DIRECTION('',(0.00000000,-0.98078528,-0.19509032));
#1476 = VECTOR('',#1475,1.0);
#1477 = LINE('',#1432,#1476);
#1478 = EDGE_CURVE('',#1433,#1461,#1477,.T.);
#1479 = ORIENTED_EDGE('',*,*,#1478,.T.);
#1480 = EDGE_LOOP('',(#1468,#1473,#1474,#1479));
#1481 = FACE_OUTER_BOUND('',#1480,.T.);
#1482 = CARTESIAN_POINT('',(390.89724370,1097.70988061,17.59990509));
#1483 = DIRECTION('',(0.00000000,-0.19509032,0.98078528));
#1484 = DIRECTION('',(1.00000000,0.00000000,0.00000000));
#1485 = AXIS2_PLACEMENT_3D('',#1482,#1483,#1484);
#1486 = PLANE('',#1485);
#1487 = ADVANCED_FACE('',(#1481),#1486,.T.);
#1488 = CARTESIAN_POINT('',(390.89724370,1091.52961582,13.47038418));
#1489 = VERTEX_POINT('',#1488);
#1490 = CARTESIAN_POINT('',(1449.98096379,1091.52961582,13.47038418));
#1491 = VERTEX_POINT('',#1490);
#1492 = DIRECTION('',(1.00000000,0.00000000,0.00000000));
#1493 = VECTOR('',#1492,1.0);
#1494 = LINE('',#1488,#1493);
#1495 = EDGE_CURVE('',#1489,#1491,#1494,.T.);
#1496 = ORIENTED_EDGE('',*,*,#1495,.T.);
#1497 = DIRECTION('',(0.00000000,-0.83146961,-0.55557023));
#1498 = VECTOR('',#1497,1.0);
#1499 = LINE('',#1462,#1498);
#1500 = EDGE_CURVE('',#1463,#1491,#1499,.T.);
#1501 = ORIENTED_EDGE('',*,*,#1500,.F.);
#1502 = ORIENTED_EDGE('',*,*,#1467,.F.);
#1503 = DIRECTION('',(0.00000000,-0.83146961,-0.55557023));
#1504 = VECTOR('',#1503,1.0);
#1505 = LINE('',#1460,#1504);
#1506 = EDGE_CURVE('',#1461,#1489,#1505,.T.);
#1507 = ORIENTED_EDGE('',*,*,#1506,.T.);
#1508 = EDGE_LOOP('',(#1496,#1501,#1502,#1507));
#1509 = FACE_OUTER_BOUND('',#1508,.T.);
#1510 = CARTESIAN_POINT('',(390.89724370,1091.52961582,13.47038418));
#1511 = DIRECTION('',(0.00000000,-0.55557023,0.83146961));
#1512 = DIRECTION('',(1.00000000,0.00000000,0.00000000));
#1513 = AXIS2_PLACEMENT_3D('',#1510,#1511,#1512);
#1514 = PLANE('',#1513);
#1515 = ADVANCED_FACE('',(#1509),#1514,.T.);
#1516 = CARTESIAN_POINT('',(390.89724370,1087.40009491,7.29011939));
#1517 = VERTEX_POINT('',#1516);
#1518 = CARTESIAN_POINT('',(1449.98096379,1087.40009491,7.29011939));
#1519 = VERTEX_POINT('',#1518);
#1520 = DIRECTION('',(1.00000000,0.00000000,0.00000000));
#1521 = VECTOR('',#1520,1.0);
#1522 = LINE('',#1516,#1521);
#1523 = EDGE_CURVE('',#1517,#1519,#1522,.T.);
#1524 = ORIENTED_EDGE('',*,*,#1523,.T.);
#1525 = DIRECTION('',(0.00000000,-0.55557023,-0.83146961));
#1526 = VECTOR('',#1525,1.0);
#1527 = LINE('',#1490,#1526);
#1528 = EDGE_CURVE('',#1491,#1519,#1527,.T.);
#1529 = ORIENTED_EDGE('',*,*,#1528,.F.);
#1530 = ORIENTED_EDGE('',*,*,#1495,.F.);
#1531 = DIRECTION('',(0.00000000,-0.55557023,-0.83146961));
#1532 = VECTOR('',#1531,1.0);
#1533 = LINE('',#1488,#1532);
#1534 = EDGE_CURVE('',#1489,#1517,#1533,.T.);
#1535 = ORIENTED_EDGE('',*,*,#1534,.T.);
#1536 = EDGE_LOOP('',(#1524,#1529,#1530,#1535));
#1537 = FACE_OUTER_BOUND('',#1536,.T.);
#1538 = CARTESIAN_POINT('',(390.89724370,1087.40009491,7.29011939));
#1539 = DIRECTION('',(0.00000000,-0.83146961,0.55557023));
#1540 = DIRECTION('',(1.00000000,0.00000000,0.00000000));
#1541 = AXIS2_PLACEMENT_3D('',#1538,#1539,#1540);
#1542 = PLANE('',#1541);
#1543 = ADVANCED_FACE('',(#1537),#1542,.T.);
#1544 = CARTESIAN_POINT('',(390.89724370,1085.95000000,0.00000000));
#1545 = VERTEX_POINT('',#1544);
#1546 = CARTESIAN_POINT('',(1449.98096379,1085.95000000,0.00000000));
#1547 = VERTEX_POINT('',#1546);
#1548 = DIRECTION('',(1.00000000,0.00000000,0.00000000));
#1549 = VECTOR('',#1548,1.0);
#1550 = LINE('',#1544,#1549);
#1551 = EDGE_CURVE('',#1545,#1547,#1550,.T.);
#1552 = ORIENTED_EDGE('',*,*,#1551,.T.);
#1553 = DIRECTION('',(0.00000000,-0.19509032,-0.98078528));
#1554 = VECTOR('',#1553,1.0);
#1555 = LINE('',#1518,#1554);
#1556 = EDGE_CURVE('',#1519,#1547,#1555,.T.);
#1557 = ORIENTED_EDGE('',*,*,#1556,.F.);
#1558 = ORIENTED_EDGE('',*,*,#1523,.F.);
#1559 = DIRECTION('',(0.00000000,-0.19509032,-0.98078528));
#1560 = VECTOR('',#1559,1.0);
#1561 = LINE('',#1516,#1560);
#1562 = EDGE_CURVE('',#1517,#1545,#1561,.T.);
#1563 = ORIENTED_EDGE('',*,*,#1562,.T.);
#1564 = EDGE_LOOP('',(#1552,#1557,#1558,#1563));
#1565 = FACE_OUTER_BOUND('',#1564,.T.);
#1566 = CARTESIAN_POINT('',(390.89724370,1085.95000000,0.00000000));
#1567 = DIRECTION('',(0.00000000,-0.98078528,0.19509032));
#1568 = DIRECTION('',(1.00000000,0.00000000,0.00000000));
#1569 = AXIS2_PLACEMENT_3D('',#1566,#1567,#1568);
#1570 = PLANE('',#1569);
#1571 = ADVANCED_FACE('',(#1565),#1570,.T.);
#1572 = CARTESIAN_POINT('',(390.89724370,1087.40009491,-7.29011939));
#1573 = VERTEX_POINT('',#1572);
#1574 = CARTESIAN_POINT('',(1449.98096379,1087.40009491,-7.29011939));
#1575 = VERTEX_POINT('',#1574);
#1576 = DIRECTION('',(1.00000000,0.00000000,0.00000000));
#1577 = VECTOR('',#1576,1.0);
#1578 = LINE('',#1572,#1577);
#1579 = EDGE_CURVE('',#1573,#1575,#1578,.T.);
#1580 = ORIENTED_EDGE('',*,*,#1579,.T.);
#1581 = DIRECTION('',(0.00000000,0.19509032,-0.98078528));
#1582 = VECTOR('',#1581,1.0);
#1583 = LINE('',#1546,#1582);
#1584 = EDGE_CURVE('',#1547,#1575,#1583,.T.);
#1585 = ORIENTED_EDGE('',*,*,#1584,.F.);
#1586 = ORIENTED_EDGE('',*,*,#1551,.F.);
#1587 = DIRECTION('',(0.00000000,0.19509032,-0.98078528));
#1588 = VECTOR('',#1587,1.0);
#1589 = LINE('',#1544,#1588);
#1590 = EDGE_CURVE('',#1545,#1573,#1589,.T.);
#1591 = ORIENTED_EDGE('',*,*,#1590,.T.);
#1592 = EDGE_LOOP('',(#1580,#1585,#1586,#1591));
#1593 = FACE_OUTER_BOUND('',#1592,.T.);
#1594 = CARTESIAN_POINT('',(390.89724370,1087.40009491,-7.29011939));
#1595 = DIRECTION('',(0.00000000,-0.98078528,-0.19509032));
#1596 = DIRECTION('',(1.00000000,0.00000000,0.00000000));
#1597 = AXIS2_PLACEMENT_3D('',#1594,#1595,#1596);
#1598 = PLANE('',#1597);
#1599 = ADVANCED_FACE('',(#1593),#1598,.T.);
#1600 = CARTESIAN_POINT('',(390.89724370,1091.52961582,-13.47038418));
#1601 = VERTEX_POINT('',#1600);
#1602 = CARTESIAN_POINT('',(1449.98096379,1091.52961582,-13.47038418));
#1603 = VERTEX_POINT('',#1602);
#1604 = DIRECTION('',(1.00000000,0.00000000,0.00000000));
#1605 = VECTOR('',#1604,1.0);
#1606 = LINE('',#1600,#1605);
#1607 = EDGE_CURVE('',#1601,#1603,#1606,.T.);
#1608 = ORIENTED_EDGE('',*,*,#1607,.T.);
#1609 = DIRECTION('',(0.00000000,0.55557023,-0.83146961));
#1610 = VECTOR('',#1609,1.0);
#1611 = LINE('',#1574,#1610);
#1612 = EDGE_CURVE('',#1575,#1603,#1611,.T.);
#1613 = ORIENTED_EDGE('',*,*,#1612,.F.);
#1614 = ORIENTED_EDGE('',*,*,#1579,.F.);
#1615 = DIRECTION('',(0.00000000,0.55557023,-0.83146961));
#1616 = VECTOR('',#1615,1.0);
#1617 = LINE('',#1572,#1616);
#1618 = EDGE_CURVE('',#1573,#1601,#1617,.T.);
#1619 = ORIENTED_EDGE('',*,*,#1618,.T.);
#1620 = EDGE_LOOP('',(#1608,#1613,#1614,#1619));
#1621 = FACE_OUTER_BOUND('',#1620,.T.);
#1622 = CARTESIAN_POINT('',(390.89724370,1091.52961582,-13.47038418));
#1623 = DIRECTION('',(0.00000000,-0.83146961,-0.55557023));
#1624 = DIRECTION('',(1.00000000,0.00000000,0.00000000));
#1625 = AXIS2_PLACEMENT_3D('',#1622,#1623,#1624);
#1626 = PLANE('',#1625);
#1627 = ADVANCED_FACE('',(#1621),#1626,.T.);
#1628 = CARTESIAN_POINT('',(390.89724370,1097.70988061,-17.59990509));
#1629 = VERTEX_POINT('',#1628);
#1630 = CARTESIAN_POINT('',(1449.98096379,1097.70988061,-17.59990509));
#1631 = VERTEX_POINT('',#1630);
#1632 = DIRECTION('',(1.00000000,0.00000000,0.00000000));
#1633 = VECTOR('',#1632,1.0);
#1634 = LINE('',#1628,#1633);
#1635 = EDGE_CURVE('',#1629,#1631,#1634,.T.);
#1636 = ORIENTED_EDGE('',*,*,#1635,.T.);
#1637 = DIRECTION('',(0.00000000,0.83146961,-0.55557023));
#1638 = VECTOR('',#1637,1.0);
#1639 = LINE('',#1602,#1638);
#1640 = EDGE_CURVE('',#1603,#1631,#1639,.T.);
#1641 = ORIENTED_EDGE('',*,*,#1640,.F.);
#1642 = ORIENTED_EDGE('',*,*,#1607,.F.);
#1643 = DIRECTION('',(0.00000000,0.83146961,-0.55557023));
#1644 = VECTOR('',#1643,1.0);
#1645 = LINE('',#1600,#1644);
#1646 = EDGE_CURVE('',#1601,#1629,#1645,.T.);
#1647 = ORIENTED_EDGE('',*,*,#1646,.T.);
#1648 = EDGE_LOOP('',(#1636,#1641,#1642,#1647));
#1649 = FACE_OUTER_BOUND('',#1648,.T.);
#1650 = CARTESIAN_POINT('',(390.89724370,1097.70988061,-17.59990509));
#1651 = DIRECTION('',(0.00000000,-0.55557023,-0.83146961));
#1652 = DIRECTION('',(1.00000000,0.00000000,0.00000000));
#1653 = AXIS2_PLACEMENT_3D('',#1650,#1651,#1652);
#1654 = PLANE('',#1653);
#1655 = ADVANCED_FACE('',(#1649),#1654,.T.);
#1656 = CARTESIAN_POINT('',(390.89724370,1105.00000000,-19.05000000));
#1657 = VERTEX_POINT('',#1656);
#1658 = CARTESIAN_POINT('',(1449.98096379,1105.00000000,-19.05000000));
#1659 = VERTEX_POINT('',#1658);
#1660 = DIRECTION('',(1.00000000,0.00000000,0.00000000));
#1661 = VECTOR('',#1660,1.0);
#1662 = LINE('',#1656,#1661);
#1663 = EDGE_CURVE('',#1657,#1659,#1662,.T.);
#1664 = ORIENTED_EDGE('',*,*,#1663,.T.);
#1665 = DIRECTION('',(0.00000000,0.98078528,-0.19509032));
#1666 = VECTOR('',#1665,1.0);
#1667 = LINE('',#1630,#1666);
#1668 = EDGE_CURVE('',#1631,#1659,#1667,.T.);
#1669 = ORIENTED_EDGE('',*,*,#1668,.F.);
#1670 = ORIENTED_EDGE('',*,*,#1635,.F.);
#1671 = DIRECTION('',(0.00000000,0.98078528,-0.19509032));
#1672 = VECTOR('',#1671,1.0);
#1673 = LINE('',#1628,#1672);
#1674 = EDGE_CURVE('',#1629,#1657,#1673,.T.);
#1675 = ORIENTED_EDGE('',*,*,#1674,.T.);
#1676 = EDGE_LOOP('',(#1664,#1669,#1670,#1675));
#1677 = FACE_OUTER_BOUND('',#1676,.T.);
#1678 = CARTESIAN_POINT('',(390.89724370,1105.00000000,-19.05000000));
#1679 = DIRECTION('',(0.00000000,-0.19509032,-0.98078528));
#1680 = DIRECTION('',(1.00000000,0.00000000,0.00000000));
#1681 = AXIS2_PLACEMENT_3D('',#1678,#1679,#1680);
#1682 = PLANE('',#1681);
#1683 = ADVANCED_FACE('',(#1677),#1682,.T.);
#1684 = CARTESIAN_POINT('',(390.89724370,1112.29011939,-17.59990509));
#1685 = VERTEX_POINT('',#1684);
#1686 = CARTESIAN_POINT('',(1449.98096379,1112.29011939,-17.59990509));
#1687 = VERTEX_POINT('',#1686);
#1688 = DIRECTION('',(1.00000000,0.00000000,0.00000000));
#1689 = VECTOR('',#1688,1.0);
#1690 = LINE('',#1684,#1689);
#1691 = EDGE_CURVE('',#1685,#1687,#1690,.T.);
#1692 = ORIENTED_EDGE('',*,*,#1691,.T.);
#1693 = DIRECTION('',(0.00000000,0.98078528,0.19509032));
#1694 = VECTOR('',#1693,1.0);
#1695 = LINE('',#1658,#1694);
#1696 = EDGE_CURVE('',#1659,#1687,#1695,.T.);
#1697 = ORIENTED_EDGE('',*,*,#1696,.F.);
#1698 = ORIENTED_EDGE('',*,*,#1663,.F.);
#1699 = DIRECTION('',(0.00000000,0.98078528,0.19509032));
#1700 = VECTOR('',#1699,1.0);
#1701 = LINE('',#1656,#1700);
#1702 = EDGE_CURVE('',#1657,#1685,#1701,.T.);
#1703 = ORIENTED_EDGE('',*,*,#1702,.T.);
#1704 = EDGE_LOOP('',(#1692,#1697,#1698,#1703));
#1705 = FACE_OUTER_BOUND('',#1704,.T.);
#1706 = CARTESIAN_POINT('',(390.89724370,1112.29011939,-17.59990509));
#1707 = DIRECTION('',(0.00000000,0.19509032,-0.98078528));
#1708 = DIRECTION('',(1.00000000,0.00000000,0.00000000));
#1709 = AXIS2_PLACEMENT_3D('',#1706,#1707,#1708);
#1710 = PLANE('',#1709);
#1711 = ADVANCED_FACE('',(#1705),#1710,.T.);
#1712 = CARTESIAN_POINT('',(390.89724370,1118.47038418,-13.47038418));
#1713 = VERTEX_POINT('',#1712);
#1714 = CARTESIAN_POINT('',(1449.98096379,1118.47038418,-13.47038418));
#1715 = VERTEX_POINT('',#1714);
#1716 = DIRECTION('',(1.00000000,0.00000000,0.00000000));
#1717 = VECTOR('',#1716,1.0);
#1718 = LINE('',#1712,#1717);
#1719 = EDGE_CURVE('',#1713,#1715,#1718,.T.);
#1720 = ORIENTED_EDGE('',*,*,#1719,.T.);
#1721 = DIRECTION('',(0.00000000,0.83146961,0.55557023));
#1722 = VECTOR('',#1721,1.0);
#1723 = LINE('',#1686,#1722);
#1724 = EDGE_CURVE('',#1687,#1715,#1723,.T.);
#1725 = ORIENTED_EDGE('',*,*,#1724,.F.);
#1726 = ORIENTED_EDGE('',*,*,#1691,.F.);
#1727 = DIRECTION('',(0.00000000,0.83146961,0.55557023));
#1728 = VECTOR('',#1727,1.0);
#1729 = LINE('',#1684,#1728);
#1730 = EDGE_CURVE('',#1685,#1713,#1729,.T.);
#1731 = ORIENTED_EDGE('',*,*,#1730,.T.);
#1732 = EDGE_LOOP('',(#1720,#1725,#1726,#1731));
#1733 = FACE_OUTER_BOUND('',#1732,.T.);
#1734 = CARTESIAN_POINT('',(390.89724370,1118.47038418,-13.47038418));
#1735 = DIRECTION('',(0.00000000,0.55557023,-0.83146961));
#1736 = DIRECTION('',(1.00000000,0.00000000,0.00000000));
#1737 = AXIS2_PLACEMENT_3D('',#1734,#1735,#1736);
#1738 = PLANE('',#1737);
#1739 = ADVANCED_FACE('',(#1733),#1738,.T.);
#1740 = CARTESIAN_POINT('',(390.89724370,1122.59990509,-7.29011939));
#1741 = VERTEX_POINT('',#1740);
#1742 = CARTESIAN_POINT('',(1449.98096379,1122.59990509,-7.29011939));
#1743 = VERTEX_POINT('',#1742);
#1744 = DIRECTION('',(1.00000000,0.00000000,0.00000000));
#1745 = VECTOR('',#1744,1.0);
#1746 = LINE('',#1740,#1745);
#1747 = EDGE_CURVE('',#1741,#1743,#1746,.T.);
#1748 = ORIENTED_EDGE('',*,*,#1747,.T.);
#1749 = DIRECTION('',(0.00000000,0.55557023,0.83146961));
#1750 = VECTOR('',#1749,1.0);
#1751 = LINE('',#1714,#1750);
#1752 = EDGE_CURVE('',#1715,#1743,#1751,.T.);
#1753 = ORIENTED_EDGE('',*,*,#1752,.F.);
#1754 = ORIENTED_EDGE('',*,*,#1719,.F.);
#1755 = DIRECTION('',(0.00000000,0.55557023,0.83146961));
#1756 = VECTOR('',#1755,1.0);
#1757 = LINE('',#1712,#1756);
#1758 = EDGE_CURVE('',#1713,#1741,#1757,.T.);
#1759 = ORIENTED_EDGE('',*,*,#1758,.T.);
#1760 = EDGE_LOOP('',(#1748,#1753,#1754,#1759));
#1761 = FACE_OUTER_BOUND('',#1760,.T.);
#1762 = CARTESIAN_POINT('',(390.89724370,1122.59990509,-7.29011939));
#1763 = DIRECTION('',(0.00000000,0.83146961,-0.55557023));
#1764 = DIRECTION('',(1.00000000,0.00000000,0.00000000));
#1765 = AXIS2_PLACEMENT_3D('',#1762,#1763,#1764);
#1766 = PLANE('',#1765);
#1767 = ADVANCED_FACE('',(#1761),#1766,.T.);
#1768 = ORIENTED_EDGE('',*,*,#1361,.F.);
#1769 = DIRECTION('',(0.00000000,-0.19509032,-0.98078528));
#1770 = VECTOR('',#1769,1.0);
#1771 = LINE('',#1344,#1770);
#1772 = EDGE_CURVE('',#1345,#1743,#1771,.T.);
#1773 = ORIENTED_EDGE('',*,*,#1772,.T.);
#1774 = ORIENTED_EDGE('',*,*,#1747,.F.);
#1775 = DIRECTION('',(0.00000000,-0.19509032,-0.98078528));
#1776 = VECTOR('',#1775,1.0);
#1777 = LINE('',#1346,#1776);
#1778 = EDGE_CURVE('',#1347,#1741,#1777,.T.);
#1779 = ORIENTED_EDGE('',*,*,#1778,.F.);
#1780 = EDGE_LOOP('',(#1768,#1773,#1774,#1779));
#1781 = FACE_OUTER_BOUND('',#1780,.T.);
#1782 = CARTESIAN_POINT('',(390.89724370,1124.05000000,0.00000000));
#1783 = DIRECTION('',(0.00000000,0.98078528,-0.19509032));
#1784 = DIRECTION('',(1.00000000,0.00000000,0.00000000));
#1785 = AXIS2_PLACEMENT_3D('',#1782,#1783,#1784);
#1786 = PLANE('',#1785);
#1787 = ADVANCED_FACE('',(#1781),#1786,.T.);
#1788 = ORIENTED_EDGE('',*,*,#1758,.F.);
#1789 = ORIENTED_EDGE('',*,*,#1730,.F.);
#1790 = ORIENTED_EDGE('',*,*,#1702,.F.);
#1791 = ORIENTED_EDGE('',*,*,#1674,.F.);
#1792 = ORIENTED_EDGE('',*,*,#1646,.F.);
#1793 = ORIENTED_EDGE('',*,*,#1618,.F.);
#1794 = ORIENTED_EDGE('',*,*,#1590,.F.);
#1795 = ORIENTED_EDGE('',*,*,#1562,.F.);
#1796 = ORIENTED_EDGE('',*,*,#1534,.F.);
#1797 = ORIENTED_EDGE('',*,*,#1506,.F.);
#1798 = ORIENTED_EDGE('',*,*,#1478,.F.);
#1799 = ORIENTED_EDGE('',*,*,#1450,.F.);
#1800 = ORIENTED_EDGE('',*,*,#1422,.F.);
#1801 = ORIENTED_EDGE('',*,*,#1394,.F.);
#1802 = ORIENTED_EDGE('',*,*,#1366,.T.);
#1803 = ORIENTED_EDGE('',*,*,#1778,.T.);
#1804 = EDGE_LOOP('',(#1788,#1789,#1790,#1791,#1792,#1793,#1794,#1795,#1796,#1797,#1798,#1799,#1800,#1801,#1802,#1803));
#1805 = FACE_OUTER_BOUND('',#1804,.T.);
#1806 = CARTESIAN_POINT('',(390.89724370,1122.59990509,-7.29011939));
#1807 = DIRECTION('',(-1.00000000,0.00000000,0.00000000));
#1808 = DIRECTION('',(0.00000000,-0.55557023,-0.83146961));
#1809 = AXIS2_PLACEMENT_3D('',#1806,#1807,#1808);
#1810 = PLANE('',#1809);
#1811 = ADVANCED_FACE('',(#1805),#1810,.T.);
#1812 = ORIENTED_EDGE('',*,*,#1356,.F.);
#1813 = ORIENTED_EDGE('',*,*,#1388,.T.);
#1814 = ORIENTED_EDGE('',*,*,#1416,.T.);
#1815 = ORIENTED_EDGE('',*,*,#1444,.T.);
#1816 = ORIENTED_EDGE('',*,*,#1472,.T.);
#1817 = ORIENTED_EDGE('',*,*,#1500,.T.);
#1818 = ORIENTED_EDGE('',*,*,#1528,.T.);
#1819 = ORIENTED_EDGE('',*,*,#1556,.T.);
#1820 = ORIENTED_EDGE('',*,*,#1584,.T.);
#1821 = ORIENTED_EDGE('',*,*,#1612,.T.);
#1822 = ORIENTED_EDGE('',*,*,#1640,.T.);
#1823 = ORIENTED_EDGE('',*,*,#1668,.T.);
#1824 = ORIENTED_EDGE('',*,*,#1696,.T.);
#1825 = ORIENTED_EDGE('',*,*,#1724,.T.);
#1826 = ORIENTED_EDGE('',*,*,#1752,.T.);
#1827 = ORIENTED_EDGE('',*,*,#1772,.F.);
#1828 = EDGE_LOOP('',(#1812,#1813,#1814,#1815,#1816,#1817,#1818,#1819,#1820,#1821,#1822,#1823,#1824,#1825,#1826,#1827));
#1829 = FACE_OUTER_BOUND('',#1828,.T.);
#1830 = CARTESIAN_POINT('',(1449.98096379,1124.05000000,0.00000000));
#1831 = DIRECTION('',(1.00000000,0.00000000,0.00000000));
#1832 = DIRECTION('',(0.00000000,-0.19509032,0.98078528));
#1833 = AXIS2_PLACEMENT_3D('',#1830,#1831,#1832);
#1834 = PLANE('',#1833);
#1835 = ADVANCED_FACE('',(#1829),#1834,.T.);
#1836 = CLOSED_SHELL('',(#1375,#1403,#1431,#1459,#1487,#1515,#1543,#1571,#1599,#1627,#1655,#1683,#1711,#1739,#1767,#1787,#1811,#1835));
#1837 = MANIFOLD_SOLID_BREP('',#1836);
#1838 = CARTESIAN_POINT('',(-700.00000000,-1079.02367137,10.75974762));
#1839 = VERTEX_POINT('',#1838);
#1840 = CARTESIAN_POINT('',(390.89724370,-1079.02367137,10.75974762));
#1841 = VERTEX_POINT('',#1840);
#1842 = CARTESIAN_POINT('',(390.89724370,-1076.88342450,0.00000000));
#1843 = VERTEX_POINT('',#1842);
#1844 = CARTESIAN_POINT('',(-700.00000000,-1076.88342450,0.00000000));
#1845 = VERTEX_POINT('',#1844);
#1846 = DIRECTION('',(1.00000000,0.00000000,0.00000000));
#1847 = VECTOR('',#1846,1.0);
#1848 = LINE('',#1838,#1847);
#1849 = EDGE_CURVE('',#1839,#1841,#1848,.T.);
#1850 = ORIENTED_EDGE('',*,*,#1849,.T.);
#1851 = DIRECTION('',(0.00000000,0.19509032,-0.98078528));
#1852 = VECTOR('',#1851,1.0);
#1853 = LINE('',#1840,#1852);
#1854 = EDGE_CURVE('',#1841,#1843,#1853,.T.);
#1855 = ORIENTED_EDGE('',*,*,#1854,.T.);
#1856 = DIRECTION('',(-1.00000000,0.00000000,0.00000000));
#1857 = VECTOR('',#1856,1.0);
#1858 = LINE('',#1842,#1857);
#1859 = EDGE_CURVE('',#1843,#1845,#1858,.T.);
#1860 = ORIENTED_EDGE('',*,*,#1859,.T.);
#1861 = DIRECTION('',(0.00000000,0.19509032,-0.98078528));
#1862 = VECTOR('',#1861,1.0);
#1863 = LINE('',#1838,#1862);
#1864 = EDGE_CURVE('',#1839,#1845,#1863,.T.);
#1865 = ORIENTED_EDGE('',*,*,#1864,.F.);
#1866 = EDGE_LOOP('',(#1850,#1855,#1860,#1865));
#1867 = FACE_OUTER_BOUND('',#1866,.T.);
#1868 = CARTESIAN_POINT('',(-700.00000000,-1079.02367137,10.75974762));
#1869 = DIRECTION('',(-0.00000000,0.98078528,0.19509032));
#1870 = DIRECTION('',(1.00000000,0.00000000,0.00000000));
#1871 = AXIS2_PLACEMENT_3D('',#1868,#1869,#1870);
#1872 = PLANE('',#1871);
#1873 = ADVANCED_FACE('',(#1867),#1872,.T.);
#1874 = CARTESIAN_POINT('',(-700.00000000,-1085.11857880,19.88142120));
#1875 = VERTEX_POINT('',#1874);
#1876 = CARTESIAN_POINT('',(390.89724370,-1085.11857880,19.88142120));
#1877 = VERTEX_POINT('',#1876);
#1878 = DIRECTION('',(1.00000000,0.00000000,0.00000000));
#1879 = VECTOR('',#1878,1.0);
#1880 = LINE('',#1874,#1879);
#1881 = EDGE_CURVE('',#1875,#1877,#1880,.T.);
#1882 = ORIENTED_EDGE('',*,*,#1881,.T.);
#1883 = DIRECTION('',(0.00000000,-0.55557023,0.83146961));
#1884 = VECTOR('',#1883,1.0);
#1885 = LINE('',#1840,#1884);
#1886 = EDGE_CURVE('',#1841,#1877,#1885,.T.);
#1887 = ORIENTED_EDGE('',*,*,#1886,.F.);
#1888 = ORIENTED_EDGE('',*,*,#1849,.F.);
#1889 = DIRECTION('',(0.00000000,-0.55557023,0.83146961));
#1890 = VECTOR('',#1889,1.0);
#1891 = LINE('',#1838,#1890);
#1892 = EDGE_CURVE('',#1839,#1875,#1891,.T.);
#1893 = ORIENTED_EDGE('',*,*,#1892,.T.);
#1894 = EDGE_LOOP('',(#1882,#1887,#1888,#1893));
#1895 = FACE_OUTER_BOUND('',#1894,.T.);
#1896 = CARTESIAN_POINT('',(-700.00000000,-1085.11857880,19.88142120));
#1897 = DIRECTION('',(-0.00000000,0.83146961,0.55557023));
#1898 = DIRECTION('',(1.00000000,0.00000000,0.00000000));
#1899 = AXIS2_PLACEMENT_3D('',#1896,#1897,#1898);
#1900 = PLANE('',#1899);
#1901 = ADVANCED_FACE('',(#1895),#1900,.T.);
#1902 = CARTESIAN_POINT('',(-700.00000000,-1094.24025238,25.97632863));
#1903 = VERTEX_POINT('',#1902);
#1904 = CARTESIAN_POINT('',(390.89724370,-1094.24025238,25.97632863));
#1905 = VERTEX_POINT('',#1904);
#1906 = DIRECTION('',(1.00000000,0.00000000,0.00000000));
#1907 = VECTOR('',#1906,1.0);
#1908 = LINE('',#1902,#1907);
#1909 = EDGE_CURVE('',#1903,#1905,#1908,.T.);
#1910 = ORIENTED_EDGE('',*,*,#1909,.T.);
#1911 = DIRECTION('',(0.00000000,-0.83146961,0.55557023));
#1912 = VECTOR('',#1911,1.0);
#1913 = LINE('',#1876,#1912);
#1914 = EDGE_CURVE('',#1877,#1905,#1913,.T.);
#1915 = ORIENTED_EDGE('',*,*,#1914,.F.);
#1916 = ORIENTED_EDGE('',*,*,#1881,.F.);
#1917 = DIRECTION('',(0.00000000,-0.83146961,0.55557023));
#1918 = VECTOR('',#1917,1.0);
#1919 = LINE('',#1874,#1918);
#1920 = EDGE_CURVE('',#1875,#1903,#1919,.T.);
#1921 = ORIENTED_EDGE('',*,*,#1920,.T.);
#1922 = EDGE_LOOP('',(#1910,#1915,#1916,#1921));
#1923 = FACE_OUTER_BOUND('',#1922,.T.);
#1924 = CARTESIAN_POINT('',(-700.00000000,-1094.24025238,25.97632863));
#1925 = DIRECTION('',(-0.00000000,0.55557023,0.83146961));
#1926 = DIRECTION('',(1.00000000,0.00000000,0.00000000));
#1927 = AXIS2_PLACEMENT_3D('',#1924,#1925,#1926);
#1928 = PLANE('',#1927);
#1929 = ADVANCED_FACE('',(#1923),#1928,.T.);
#1930 = CARTESIAN_POINT('',(-700.00000000,-1105.00000000,28.11657550));
#1931 = VERTEX_POINT('',#1930);
#1932 = CARTESIAN_POINT('',(390.89724370,-1105.00000000,28.11657550));
#1933 = VERTEX_POINT('',#1932);
#1934 = DIRECTION('',(1.00000000,0.00000000,0.00000000));
#1935 = VECTOR('',#1934,1.0);
#1936 = LINE('',#1930,#1935);
#1937 = EDGE_CURVE('',#1931,#1933,#1936,.T.);
#1938 = ORIENTED_EDGE('',*,*,#1937,.T.);
#1939 = DIRECTION('',(0.00000000,-0.98078528,0.19509032));
#1940 = VECTOR('',#1939,1.0);
#1941 = LINE('',#1904,#1940);
#1942 = EDGE_CURVE('',#1905,#1933,#1941,.T.);
#1943 = ORIENTED_EDGE('',*,*,#1942,.F.);
#1944 = ORIENTED_EDGE('',*,*,#1909,.F.);
#1945 = DIRECTION('',(0.00000000,-0.98078528,0.19509032));
#1946 = VECTOR('',#1945,1.0);
#1947 = LINE('',#1902,#1946);
#1948 = EDGE_CURVE('',#1903,#1931,#1947,.T.);
#1949 = ORIENTED_EDGE('',*,*,#1948,.T.);
#1950 = EDGE_LOOP('',(#1938,#1943,#1944,#1949));
#1951 = FACE_OUTER_BOUND('',#1950,.T.);
#1952 = CARTESIAN_POINT('',(-700.00000000,-1105.00000000,28.11657550));
#1953 = DIRECTION('',(-0.00000000,0.19509032,0.98078528));
#1954 = DIRECTION('',(1.00000000,0.00000000,0.00000000));
#1955 = AXIS2_PLACEMENT_3D('',#1952,#1953,#1954);
#1956 = PLANE('',#1955);
#1957 = ADVANCED_FACE('',(#1951),#1956,.T.);
#1958 = CARTESIAN_POINT('',(-700.00000000,-1115.75974762,25.97632863));
#1959 = VERTEX_POINT('',#1958);
#1960 = CARTESIAN_POINT('',(390.89724370,-1115.75974762,25.97632863));
#1961 = VERTEX_POINT('',#1960);
#1962 = DIRECTION('',(1.00000000,0.00000000,0.00000000));
#1963 = VECTOR('',#1962,1.0);
#1964 = LINE('',#1958,#1963);
#1965 = EDGE_CURVE('',#1959,#1961,#1964,.T.);
#1966 = ORIENTED_EDGE('',*,*,#1965,.T.);
#1967 = DIRECTION('',(0.00000000,-0.98078528,-0.19509032));
#1968 = VECTOR('',#1967,1.0);
#1969 = LINE('',#1932,#1968);
#1970 = EDGE_CURVE('',#1933,#1961,#1969,.T.);
#1971 = ORIENTED_EDGE('',*,*,#1970,.F.);
#1972 = ORIENTED_EDGE('',*,*,#1937,.F.);
#1973 = DIRECTION('',(0.00000000,-0.98078528,-0.19509032));
#1974 = VECTOR('',#1973,1.0);
#1975 = LINE('',#1930,#1974);
#1976 = EDGE_CURVE('',#1931,#1959,#1975,.T.);
#1977 = ORIENTED_EDGE('',*,*,#1976,.T.);
#1978 = EDGE_LOOP('',(#1966,#1971,#1972,#1977));
#1979 = FACE_OUTER_BOUND('',#1978,.T.);
#1980 = CARTESIAN_POINT('',(-700.00000000,-1115.75974762,25.97632863));
#1981 = DIRECTION('',(0.00000000,-0.19509032,0.98078528));
#1982 = DIRECTION('',(1.00000000,0.00000000,0.00000000));
#1983 = AXIS2_PLACEMENT_3D('',#1980,#1981,#1982);
#1984 = PLANE('',#1983);
#1985 = ADVANCED_FACE('',(#1979),#1984,.T.);
#1986 = CARTESIAN_POINT('',(-700.00000000,-1124.88142120,19.88142120));
#1987 = VERTEX_POINT('',#1986);
#1988 = CARTESIAN_POINT('',(390.89724370,-1124.88142120,19.88142120));
#1989 = VERTEX_POINT('',#1988);
#1990 = DIRECTION('',(1.00000000,0.00000000,0.00000000));
#1991 = VECTOR('',#1990,1.0);
#1992 = LINE('',#1986,#1991);
#1993 = EDGE_CURVE('',#1987,#1989,#1992,.T.);
#1994 = ORIENTED_EDGE('',*,*,#1993,.T.);
#1995 = DIRECTION('',(0.00000000,-0.83146961,-0.55557023));
#1996 = VECTOR('',#1995,1.0);
#1997 = LINE('',#1960,#1996);
#1998 = EDGE_CURVE('',#1961,#1989,#1997,.T.);
#1999 = ORIENTED_EDGE('',*,*,#1998,.F.);
#2000 = ORIENTED_EDGE('',*,*,#1965,.F.);
#2001 = DIRECTION('',(0.00000000,-0.83146961,-0.55557023));
#2002 = VECTOR('',#2001,1.0);
#2003 = LINE('',#1958,#2002);
#2004 = EDGE_CURVE('',#1959,#1987,#2003,.T.);
#2005 = ORIENTED_EDGE('',*,*,#2004,.T.);
#2006 = EDGE_LOOP('',(#1994,#1999,#2000,#2005));
#2007 = FACE_OUTER_BOUND('',#2006,.T.);
#2008 = CARTESIAN_POINT('',(-700.00000000,-1124.88142120,19.88142120));
#2009 = DIRECTION('',(0.00000000,-0.55557023,0.83146961));
#2010 = DIRECTION('',(1.00000000,0.00000000,0.00000000));
#2011 = AXIS2_PLACEMENT_3D('',#2008,#2009,#2010);
#2012 = PLANE('',#2011);
#2013 = ADVANCED_FACE('',(#2007),#2012,.T.);
#2014 = CARTESIAN_POINT('',(-700.00000000,-1130.97632863,10.75974762));
#2015 = VERTEX_POINT('',#2014);
#2016 = CARTESIAN_POINT('',(390.89724370,-1130.97632863,10.75974762));
#2017 = VERTEX_POINT('',#2016);
#2018 = DIRECTION('',(1.00000000,0.00000000,0.00000000));
#2019 = VECTOR('',#2018,1.0);
#2020 = LINE('',#2014,#2019);
#2021 = EDGE_CURVE('',#2015,#2017,#2020,.T.);
#2022 = ORIENTED_EDGE('',*,*,#2021,.T.);
#2023 = DIRECTION('',(0.00000000,-0.55557023,-0.83146961));
#2024 = VECTOR('',#2023,1.0);
#2025 = LINE('',#1988,#2024);
#2026 = EDGE_CURVE('',#1989,#2017,#2025,.T.);
#2027 = ORIENTED_EDGE('',*,*,#2026,.F.);
#2028 = ORIENTED_EDGE('',*,*,#1993,.F.);
#2029 = DIRECTION('',(0.00000000,-0.55557023,-0.83146961));
#2030 = VECTOR('',#2029,1.0);
#2031 = LINE('',#1986,#2030);
#2032 = EDGE_CURVE('',#1987,#2015,#2031,.T.);
#2033 = ORIENTED_EDGE('',*,*,#2032,.T.);
#2034 = EDGE_LOOP('',(#2022,#2027,#2028,#2033));
#2035 = FACE_OUTER_BOUND('',#2034,.T.);
#2036 = CARTESIAN_POINT('',(-700.00000000,-1130.97632863,10.75974762));
#2037 = DIRECTION('',(0.00000000,-0.83146961,0.55557023));
#2038 = DIRECTION('',(1.00000000,0.00000000,0.00000000));
#2039 = AXIS2_PLACEMENT_3D('',#2036,#2037,#2038);
#2040 = PLANE('',#2039);
#2041 = ADVANCED_FACE('',(#2035),#2040,.T.);
#2042 = CARTESIAN_POINT('',(-700.00000000,-1133.11657550,0.00000000));
#2043 = VERTEX_POINT('',#2042);
#2044 = CARTESIAN_POINT('',(390.89724370,-1133.11657550,0.00000000));
#2045 = VERTEX_POINT('',#2044);
#2046 = DIRECTION('',(1.00000000,0.00000000,0.00000000));
#2047 = VECTOR('',#2046,1.0);
#2048 = LINE('',#2042,#2047);
#2049 = EDGE_CURVE('',#2043,#2045,#2048,.T.);
#2050 = ORIENTED_EDGE('',*,*,#2049,.T.);
#2051 = DIRECTION('',(0.00000000,-0.19509032,-0.98078528));
#2052 = VECTOR('',#2051,1.0);
#2053 = LINE('',#2016,#2052);
#2054 = EDGE_CURVE('',#2017,#2045,#2053,.T.);
#2055 = ORIENTED_EDGE('',*,*,#2054,.F.);
#2056 = ORIENTED_EDGE('',*,*,#2021,.F.);
#2057 = DIRECTION('',(0.00000000,-0.19509032,-0.98078528));
#2058 = VECTOR('',#2057,1.0);
#2059 = LINE('',#2014,#2058);
#2060 = EDGE_CURVE('',#2015,#2043,#2059,.T.);
#2061 = ORIENTED_EDGE('',*,*,#2060,.T.);
#2062 = EDGE_LOOP('',(#2050,#2055,#2056,#2061));
#2063 = FACE_OUTER_BOUND('',#2062,.T.);
#2064 = CARTESIAN_POINT('',(-700.00000000,-1133.11657550,0.00000000));
#2065 = DIRECTION('',(0.00000000,-0.98078528,0.19509032));
#2066 = DIRECTION('',(1.00000000,0.00000000,0.00000000));
#2067 = AXIS2_PLACEMENT_3D('',#2064,#2065,#2066);
#2068 = PLANE('',#2067);
#2069 = ADVANCED_FACE('',(#2063),#2068,.T.);
#2070 = CARTESIAN_POINT('',(-700.00000000,-1130.97632863,-10.75974762));
#2071 = VERTEX_POINT('',#2070);
#2072 = CARTESIAN_POINT('',(390.89724370,-1130.97632863,-10.75974762));
#2073 = VERTEX_POINT('',#2072);
#2074 = DIRECTION('',(1.00000000,0.00000000,0.00000000));
#2075 = VECTOR('',#2074,1.0);
#2076 = LINE('',#2070,#2075);
#2077 = EDGE_CURVE('',#2071,#2073,#2076,.T.);
#2078 = ORIENTED_EDGE('',*,*,#2077,.T.);
#2079 = DIRECTION('',(0.00000000,0.19509032,-0.98078528));
#2080 = VECTOR('',#2079,1.0);
#2081 = LINE('',#2044,#2080);
#2082 = EDGE_CURVE('',#2045,#2073,#2081,.T.);
#2083 = ORIENTED_EDGE('',*,*,#2082,.F.);
#2084 = ORIENTED_EDGE('',*,*,#2049,.F.);
#2085 = DIRECTION('',(0.00000000,0.19509032,-0.98078528));
#2086 = VECTOR('',#2085,1.0);
#2087 = LINE('',#2042,#2086);
#2088 = EDGE_CURVE('',#2043,#2071,#2087,.T.);
#2089 = ORIENTED_EDGE('',*,*,#2088,.T.);
#2090 = EDGE_LOOP('',(#2078,#2083,#2084,#2089));
#2091 = FACE_OUTER_BOUND('',#2090,.T.);
#2092 = CARTESIAN_POINT('',(-700.00000000,-1130.97632863,-10.75974762));
#2093 = DIRECTION('',(0.00000000,-0.98078528,-0.19509032));
#2094 = DIRECTION('',(1.00000000,0.00000000,0.00000000));
#2095 = AXIS2_PLACEMENT_3D('',#2092,#2093,#2094);
#2096 = PLANE('',#2095);
#2097 = ADVANCED_FACE('',(#2091),#2096,.T.);
#2098 = CARTESIAN_POINT('',(-700.00000000,-1124.88142120,-19.88142120));
#2099 = VERTEX_POINT('',#2098);
#2100 = CARTESIAN_POINT('',(390.89724370,-1124.88142120,-19.88142120));
#2101 = VERTEX_POINT('',#2100);
#2102 = DIRECTION('',(1.00000000,0.00000000,0.00000000));
#2103 = VECTOR('',#2102,1.0);
#2104 = LINE('',#2098,#2103);
#2105 = EDGE_CURVE('',#2099,#2101,#2104,.T.);
#2106 = ORIENTED_EDGE('',*,*,#2105,.T.);
#2107 = DIRECTION('',(0.00000000,0.55557023,-0.83146961));
#2108 = VECTOR('',#2107,1.0);
#2109 = LINE('',#2072,#2108);
#2110 = EDGE_CURVE('',#2073,#2101,#2109,.T.);
#2111 = ORIENTED_EDGE('',*,*,#2110,.F.);
#2112 = ORIENTED_EDGE('',*,*,#2077,.F.);
#2113 = DIRECTION('',(0.00000000,0.55557023,-0.83146961));
#2114 = VECTOR('',#2113,1.0);
#2115 = LINE('',#2070,#2114);
#2116 = EDGE_CURVE('',#2071,#2099,#2115,.T.);
#2117 = ORIENTED_EDGE('',*,*,#2116,.T.);
#2118 = EDGE_LOOP('',(#2106,#2111,#2112,#2117));
#2119 = FACE_OUTER_BOUND('',#2118,.T.);
#2120 = CARTESIAN_POINT('',(-700.00000000,-1124.88142120,-19.88142120));
#2121 = DIRECTION('',(0.00000000,-0.83146961,-0.55557023));
#2122 = DIRECTION('',(1.00000000,0.00000000,0.00000000));
#2123 = AXIS2_PLACEMENT_3D('',#2120,#2121,#2122);
#2124 = PLANE('',#2123);
#2125 = ADVANCED_FACE('',(#2119),#2124,.T.);
#2126 = CARTESIAN_POINT('',(-700.00000000,-1115.75974762,-25.97632863));
#2127 = VERTEX_POINT('',#2126);
#2128 = CARTESIAN_POINT('',(390.89724370,-1115.75974762,-25.97632863));
#2129 = VERTEX_POINT('',#2128);
#2130 = DIRECTION('',(1.00000000,0.00000000,0.00000000));
#2131 = VECTOR('',#2130,1.0);
#2132 = LINE('',#2126,#2131);
#2133 = EDGE_CURVE('',#2127,#2129,#2132,.T.);
#2134 = ORIENTED_EDGE('',*,*,#2133,.T.);
#2135 = DIRECTION('',(0.00000000,0.83146961,-0.55557023));
#2136 = VECTOR('',#2135,1.0);
#2137 = LINE('',#2100,#2136);
#2138 = EDGE_CURVE('',#2101,#2129,#2137,.T.);
#2139 = ORIENTED_EDGE('',*,*,#2138,.F.);
#2140 = ORIENTED_EDGE('',*,*,#2105,.F.);
#2141 = DIRECTION('',(0.00000000,0.83146961,-0.55557023));
#2142 = VECTOR('',#2141,1.0);
#2143 = LINE('',#2098,#2142);
#2144 = EDGE_CURVE('',#2099,#2127,#2143,.T.);
#2145 = ORIENTED_EDGE('',*,*,#2144,.T.);
#2146 = EDGE_LOOP('',(#2134,#2139,#2140,#2145));
#2147 = FACE_OUTER_BOUND('',#2146,.T.);
#2148 = CARTESIAN_POINT('',(-700.00000000,-1115.75974762,-25.97632863));
#2149 = DIRECTION('',(0.00000000,-0.55557023,-0.83146961));
#2150 = DIRECTION('',(1.00000000,0.00000000,0.00000000));
#2151 = AXIS2_PLACEMENT_3D('',#2148,#2149,#2150);
#2152 = PLANE('',#2151);
#2153 = ADVANCED_FACE('',(#2147),#2152,.T.);
#2154 = CARTESIAN_POINT('',(-700.00000000,-1105.00000000,-28.11657550));
#2155 = VERTEX_POINT('',#2154);
#2156 = CARTESIAN_POINT('',(390.89724370,-1105.00000000,-28.11657550));
#2157 = VERTEX_POINT('',#2156);
#2158 = DIRECTION('',(1.00000000,0.00000000,0.00000000));
#2159 = VECTOR('',#2158,1.0);
#2160 = LINE('',#2154,#2159);
#2161 = EDGE_CURVE('',#2155,#2157,#2160,.T.);
#2162 = ORIENTED_EDGE('',*,*,#2161,.T.);
#2163 = DIRECTION('',(0.00000000,0.98078528,-0.19509032));
#2164 = VECTOR('',#2163,1.0);
#2165 = LINE('',#2128,#2164);
#2166 = EDGE_CURVE('',#2129,#2157,#2165,.T.);
#2167 = ORIENTED_EDGE('',*,*,#2166,.F.);
#2168 = ORIENTED_EDGE('',*,*,#2133,.F.);
#2169 = DIRECTION('',(0.00000000,0.98078528,-0.19509032));
#2170 = VECTOR('',#2169,1.0);
#2171 = LINE('',#2126,#2170);
#2172 = EDGE_CURVE('',#2127,#2155,#2171,.T.);
#2173 = ORIENTED_EDGE('',*,*,#2172,.T.);
#2174 = EDGE_LOOP('',(#2162,#2167,#2168,#2173));
#2175 = FACE_OUTER_BOUND('',#2174,.T.);
#2176 = CARTESIAN_POINT('',(-700.00000000,-1105.00000000,-28.11657550));
#2177 = DIRECTION('',(0.00000000,-0.19509032,-0.98078528));
#2178 = DIRECTION('',(1.00000000,0.00000000,0.00000000));
#2179 = AXIS2_PLACEMENT_3D('',#2176,#2177,#2178);
#2180 = PLANE('',#2179);
#2181 = ADVANCED_FACE('',(#2175),#2180,.T.);
#2182 = CARTESIAN_POINT('',(-700.00000000,-1094.24025238,-25.97632863));
#2183 = VERTEX_POINT('',#2182);
#2184 = CARTESIAN_POINT('',(390.89724370,-1094.24025238,-25.97632863));
#2185 = VERTEX_POINT('',#2184);
#2186 = DIRECTION('',(1.00000000,0.00000000,0.00000000));
#2187 = VECTOR('',#2186,1.0);
#2188 = LINE('',#2182,#2187);
#2189 = EDGE_CURVE('',#2183,#2185,#2188,.T.);
#2190 = ORIENTED_EDGE('',*,*,#2189,.T.);
#2191 = DIRECTION('',(0.00000000,0.98078528,0.19509032));
#2192 = VECTOR('',#2191,1.0);
#2193 = LINE('',#2156,#2192);
#2194 = EDGE_CURVE('',#2157,#2185,#2193,.T.);
#2195 = ORIENTED_EDGE('',*,*,#2194,.F.);
#2196 = ORIENTED_EDGE('',*,*,#2161,.F.);
#2197 = DIRECTION('',(0.00000000,0.98078528,0.19509032));
#2198 = VECTOR('',#2197,1.0);
#2199 = LINE('',#2154,#2198);
#2200 = EDGE_CURVE('',#2155,#2183,#2199,.T.);
#2201 = ORIENTED_EDGE('',*,*,#2200,.T.);
#2202 = EDGE_LOOP('',(#2190,#2195,#2196,#2201));
#2203 = FACE_OUTER_BOUND('',#2202,.T.);
#2204 = CARTESIAN_POINT('',(-700.00000000,-1094.24025238,-25.97632863));
#2205 = DIRECTION('',(0.00000000,0.19509032,-0.98078528));
#2206 = DIRECTION('',(1.00000000,0.00000000,0.00000000));
#2207 = AXIS2_PLACEMENT_3D('',#2204,#2205,#2206);
#2208 = PLANE('',#2207);
#2209 = ADVANCED_FACE('',(#2203),#2208,.T.);
#2210 = CARTESIAN_POINT('',(-700.00000000,-1085.11857880,-19.88142120));
#2211 = VERTEX_POINT('',#2210);
#2212 = CARTESIAN_POINT('',(390.89724370,-1085.11857880,-19.88142120));
#2213 = VERTEX_POINT('',#2212);
#2214 = DIRECTION('',(1.00000000,0.00000000,0.00000000));
#2215 = VECTOR('',#2214,1.0);
#2216 = LINE('',#2210,#2215);
#2217 = EDGE_CURVE('',#2211,#2213,#2216,.T.);
#2218 = ORIENTED_EDGE('',*,*,#2217,.T.);
#2219 = DIRECTION('',(0.00000000,0.83146961,0.55557023));
#2220 = VECTOR('',#2219,1.0);
#2221 = LINE('',#2184,#2220);
#2222 = EDGE_CURVE('',#2185,#2213,#2221,.T.);
#2223 = ORIENTED_EDGE('',*,*,#2222,.F.);
#2224 = ORIENTED_EDGE('',*,*,#2189,.F.);
#2225 = DIRECTION('',(0.00000000,0.83146961,0.55557023));
#2226 = VECTOR('',#2225,1.0);
#2227 = LINE('',#2182,#2226);
#2228 = EDGE_CURVE('',#2183,#2211,#2227,.T.);
#2229 = ORIENTED_EDGE('',*,*,#2228,.T.);
#2230 = EDGE_LOOP('',(#2218,#2223,#2224,#2229));
#2231 = FACE_OUTER_BOUND('',#2230,.T.);
#2232 = CARTESIAN_POINT('',(-700.00000000,-1085.11857880,-19.88142120));
#2233 = DIRECTION('',(0.00000000,0.55557023,-0.83146961));
#2234 = DIRECTION('',(1.00000000,0.00000000,0.00000000));
#2235 = AXIS2_PLACEMENT_3D('',#2232,#2233,#2234);
#2236 = PLANE('',#2235);
#2237 = ADVANCED_FACE('',(#2231),#2236,.T.);
#2238 = CARTESIAN_POINT('',(-700.00000000,-1079.02367137,-10.75974762));
#2239 = VERTEX_POINT('',#2238);
#2240 = CARTESIAN_POINT('',(390.89724370,-1079.02367137,-10.75974762));
#2241 = VERTEX_POINT('',#2240);
#2242 = DIRECTION('',(1.00000000,0.00000000,0.00000000));
#2243 = VECTOR('',#2242,1.0);
#2244 = LINE('',#2238,#2243);
#2245 = EDGE_CURVE('',#2239,#2241,#2244,.T.);
#2246 = ORIENTED_EDGE('',*,*,#2245,.T.);
#2247 = DIRECTION('',(0.00000000,0.55557023,0.83146961));
#2248 = VECTOR('',#2247,1.0);
#2249 = LINE('',#2212,#2248);
#2250 = EDGE_CURVE('',#2213,#2241,#2249,.T.);
#2251 = ORIENTED_EDGE('',*,*,#2250,.F.);
#2252 = ORIENTED_EDGE('',*,*,#2217,.F.);
#2253 = DIRECTION('',(0.00000000,0.55557023,0.83146961));
#2254 = VECTOR('',#2253,1.0);
#2255 = LINE('',#2210,#2254);
#2256 = EDGE_CURVE('',#2211,#2239,#2255,.T.);
#2257 = ORIENTED_EDGE('',*,*,#2256,.T.);
#2258 = EDGE_LOOP('',(#2246,#2251,#2252,#2257));
#2259 = FACE_OUTER_BOUND('',#2258,.T.);
#2260 = CARTESIAN_POINT('',(-700.00000000,-1079.02367137,-10.75974762));
#2261 = DIRECTION('',(0.00000000,0.83146961,-0.55557023));
#2262 = DIRECTION('',(1.00000000,0.00000000,0.00000000));
#2263 = AXIS2_PLACEMENT_3D('',#2260,#2261,#2262);
#2264 = PLANE('',#2263);
#2265 = ADVANCED_FACE('',(#2259),#2264,.T.);
#2266 = ORIENTED_EDGE('',*,*,#1859,.F.);
#2267 = DIRECTION('',(0.00000000,-0.19509032,-0.98078528));
#2268 = VECTOR('',#2267,1.0);
#2269 = LINE('',#1842,#2268);
#2270 = EDGE_CURVE('',#1843,#2241,#2269,.T.);
#2271 = ORIENTED_EDGE('',*,*,#2270,.T.);
#2272 = ORIENTED_EDGE('',*,*,#2245,.F.);
#2273 = DIRECTION('',(0.00000000,-0.19509032,-0.98078528));
#2274 = VECTOR('',#2273,1.0);
#2275 = LINE('',#1844,#2274);
#2276 = EDGE_CURVE('',#1845,#2239,#2275,.T.);
#2277 = ORIENTED_EDGE('',*,*,#2276,.F.);
#2278 = EDGE_LOOP('',(#2266,#2271,#2272,#2277));
#2279 = FACE_OUTER_BOUND('',#2278,.T.);
#2280 = CARTESIAN_POINT('',(-700.00000000,-1076.88342450,0.00000000));
#2281 = DIRECTION('',(0.00000000,0.98078528,-0.19509032));
#2282 = DIRECTION('',(1.00000000,0.00000000,0.00000000));
#2283 = AXIS2_PLACEMENT_3D('',#2280,#2281,#2282);
#2284 = PLANE('',#2283);
#2285 = ADVANCED_FACE('',(#2279),#2284,.T.);
#2286 = ORIENTED_EDGE('',*,*,#2256,.F.);
#2287 = ORIENTED_EDGE('',*,*,#2228,.F.);
#2288 = ORIENTED_EDGE('',*,*,#2200,.F.);
#2289 = ORIENTED_EDGE('',*,*,#2172,.F.);
#2290 = ORIENTED_EDGE('',*,*,#2144,.F.);
#2291 = ORIENTED_EDGE('',*,*,#2116,.F.);
#2292 = ORIENTED_EDGE('',*,*,#2088,.F.);
#2293 = ORIENTED_EDGE('',*,*,#2060,.F.);
#2294 = ORIENTED_EDGE('',*,*,#2032,.F.);
#2295 = ORIENTED_EDGE('',*,*,#2004,.F.);
#2296 = ORIENTED_EDGE('',*,*,#1976,.F.);
#2297 = ORIENTED_EDGE('',*,*,#1948,.F.);
#2298 = ORIENTED_EDGE('',*,*,#1920,.F.);
#2299 = ORIENTED_EDGE('',*,*,#1892,.F.);
#2300 = ORIENTED_EDGE('',*,*,#1864,.T.);
#2301 = ORIENTED_EDGE('',*,*,#2276,.T.);
#2302 = EDGE_LOOP('',(#2286,#2287,#2288,#2289,#2290,#2291,#2292,#2293,#2294,#2295,#2296,#2297,#2298,#2299,#2300,#2301));
#2303 = FACE_OUTER_BOUND('',#2302,.T.);
#2304 = CARTESIAN_POINT('',(-700.00000000,-1079.02367137,-10.75974762));
#2305 = DIRECTION('',(-1.00000000,0.00000000,0.00000000));
#2306 = DIRECTION('',(0.00000000,-0.55557023,-0.83146961));
#2307 = AXIS2_PLACEMENT_3D('',#2304,#2305,#2306);
#2308 = PLANE('',#2307);
#2309 = ADVANCED_FACE('',(#2303),#2308,.T.);
#2310 = ORIENTED_EDGE('',*,*,#1854,.F.);
#2311 = ORIENTED_EDGE('',*,*,#1886,.T.);
#2312 = ORIENTED_EDGE('',*,*,#1914,.T.);
#2313 = ORIENTED_EDGE('',*,*,#1942,.T.);
#2314 = ORIENTED_EDGE('',*,*,#1970,.T.);
#2315 = ORIENTED_EDGE('',*,*,#1998,.T.);
#2316 = ORIENTED_EDGE('',*,*,#2026,.T.);
#2317 = ORIENTED_EDGE('',*,*,#2054,.T.);
#2318 = ORIENTED_EDGE('',*,*,#2082,.T.);
#2319 = ORIENTED_EDGE('',*,*,#2110,.T.);
#2320 = ORIENTED_EDGE('',*,*,#2138,.T.);
#2321 = ORIENTED_EDGE('',*,*,#2166,.T.);
#2322 = ORIENTED_EDGE('',*,*,#2194,.T.);
#2323 = ORIENTED_EDGE('',*,*,#2222,.T.);
#2324 = ORIENTED_EDGE('',*,*,#2250,.T.);
#2325 = ORIENTED_EDGE('',*,*,#2270,.F.);
#2326 = EDGE_LOOP('',(#2310,#2311,#2312,#2313,#2314,#2315,#2316,#2317,#2318,#2319,#2320,#2321,#2322,#2323,#2324,#2325));
#2327 = FACE_OUTER_BOUND('',#2326,.T.);
#2328 = CARTESIAN_POINT('',(390.89724370,-1076.88342450,0.00000000));
#2329 = DIRECTION('',(1.00000000,0.00000000,0.00000000));
#2330 = DIRECTION('',(0.00000000,-0.19509032,0.98078528));
#2331 = AXIS2_PLACEMENT_3D('',#2328,#2329,#2330);
#2332 = PLANE('',#2331);
#2333 = ADVANCED_FACE('',(#2327),#2332,.T.);
#2334 = CLOSED_SHELL('',(#1873,#1901,#1929,#1957,#1985,#2013,#2041,#2069,#2097,#2125,#2153,#2181,#2209,#2237,#2265,#2285,#2309,#2333));
#2335 = MANIFOLD_SOLID_BREP('',#2334);
#2336 = CARTESIAN_POINT('',(-700.00000000,1130.97632863,10.75974762));
#2337 = VERTEX_POINT('',#2336);
#2338 = CARTESIAN_POINT('',(390.89724370,1130.97632863,10.75974762));
#2339 = VERTEX_POINT('',#2338);
#2340 = CARTESIAN_POINT('',(390.89724370,1133.11657550,0.00000000));
#2341 = VERTEX_POINT('',#2340);
#2342 = CARTESIAN_POINT('',(-700.00000000,1133.11657550,0.00000000));
#2343 = VERTEX_POINT('',#2342);
#2344 = DIRECTION('',(1.00000000,0.00000000,0.00000000));
#2345 = VECTOR('',#2344,1.0);
#2346 = LINE('',#2336,#2345);
#2347 = EDGE_CURVE('',#2337,#2339,#2346,.T.);
#2348 = ORIENTED_EDGE('',*,*,#2347,.T.);
#2349 = DIRECTION('',(0.00000000,0.19509032,-0.98078528));
#2350 = VECTOR('',#2349,1.0);
#2351 = LINE('',#2338,#2350);
#2352 = EDGE_CURVE('',#2339,#2341,#2351,.T.);
#2353 = ORIENTED_EDGE('',*,*,#2352,.T.);
#2354 = DIRECTION('',(-1.00000000,0.00000000,0.00000000));
#2355 = VECTOR('',#2354,1.0);
#2356 = LINE('',#2340,#2355);
#2357 = EDGE_CURVE('',#2341,#2343,#2356,.T.);
#2358 = ORIENTED_EDGE('',*,*,#2357,.T.);
#2359 = DIRECTION('',(0.00000000,0.19509032,-0.98078528));
#2360 = VECTOR('',#2359,1.0);
#2361 = LINE('',#2336,#2360);
#2362 = EDGE_CURVE('',#2337,#2343,#2361,.T.);
#2363 = ORIENTED_EDGE('',*,*,#2362,.F.);
#2364 = EDGE_LOOP('',(#2348,#2353,#2358,#2363));
#2365 = FACE_OUTER_BOUND('',#2364,.T.);
#2366 = CARTESIAN_POINT('',(-700.00000000,1130.97632863,10.75974762));
#2367 = DIRECTION('',(-0.00000000,0.98078528,0.19509032));
#2368 = DIRECTION('',(1.00000000,0.00000000,0.00000000));
#2369 = AXIS2_PLACEMENT_3D('',#2366,#2367,#2368);
#2370 = PLANE('',#2369);
#2371 = ADVANCED_FACE('',(#2365),#2370,.T.);
#2372 = CARTESIAN_POINT('',(-700.00000000,1124.88142120,19.88142120));
#2373 = VERTEX_POINT('',#2372);
#2374 = CARTESIAN_POINT('',(390.89724370,1124.88142120,19.88142120));
#2375 = VERTEX_POINT('',#2374);
#2376 = DIRECTION('',(1.00000000,0.00000000,0.00000000));
#2377 = VECTOR('',#2376,1.0);
#2378 = LINE('',#2372,#2377);
#2379 = EDGE_CURVE('',#2373,#2375,#2378,.T.);
#2380 = ORIENTED_EDGE('',*,*,#2379,.T.);
#2381 = DIRECTION('',(0.00000000,-0.55557023,0.83146961));
#2382 = VECTOR('',#2381,1.0);
#2383 = LINE('',#2338,#2382);
#2384 = EDGE_CURVE('',#2339,#2375,#2383,.T.);
#2385 = ORIENTED_EDGE('',*,*,#2384,.F.);
#2386 = ORIENTED_EDGE('',*,*,#2347,.F.);
#2387 = DIRECTION('',(0.00000000,-0.55557023,0.83146961));
#2388 = VECTOR('',#2387,1.0);
#2389 = LINE('',#2336,#2388);
#2390 = EDGE_CURVE('',#2337,#2373,#2389,.T.);
#2391 = ORIENTED_EDGE('',*,*,#2390,.T.);
#2392 = EDGE_LOOP('',(#2380,#2385,#2386,#2391));
#2393 = FACE_OUTER_BOUND('',#2392,.T.);
#2394 = CARTESIAN_POINT('',(-700.00000000,1124.88142120,19.88142120));
#2395 = DIRECTION('',(-0.00000000,0.83146961,0.55557023));
#2396 = DIRECTION('',(1.00000000,0.00000000,0.00000000));
#2397 = AXIS2_PLACEMENT_3D('',#2394,#2395,#2396);
#2398 = PLANE('',#2397);
#2399 = ADVANCED_FACE('',(#2393),#2398,.T.);
#2400 = CARTESIAN_POINT('',(-700.00000000,1115.75974762,25.97632863));
#2401 = VERTEX_POINT('',#2400);
#2402 = CARTESIAN_POINT('',(390.89724370,1115.75974762,25.97632863));
#2403 = VERTEX_POINT('',#2402);
#2404 = DIRECTION('',(1.00000000,0.00000000,0.00000000));
#2405 = VECTOR('',#2404,1.0);
#2406 = LINE('',#2400,#2405);
#2407 = EDGE_CURVE('',#2401,#2403,#2406,.T.);
#2408 = ORIENTED_EDGE('',*,*,#2407,.T.);
#2409 = DIRECTION('',(0.00000000,-0.83146961,0.55557023));
#2410 = VECTOR('',#2409,1.0);
#2411 = LINE('',#2374,#2410);
#2412 = EDGE_CURVE('',#2375,#2403,#2411,.T.);
#2413 = ORIENTED_EDGE('',*,*,#2412,.F.);
#2414 = ORIENTED_EDGE('',*,*,#2379,.F.);
#2415 = DIRECTION('',(0.00000000,-0.83146961,0.55557023));
#2416 = VECTOR('',#2415,1.0);
#2417 = LINE('',#2372,#2416);
#2418 = EDGE_CURVE('',#2373,#2401,#2417,.T.);
#2419 = ORIENTED_EDGE('',*,*,#2418,.T.);
#2420 = EDGE_LOOP('',(#2408,#2413,#2414,#2419));
#2421 = FACE_OUTER_BOUND('',#2420,.T.);
#2422 = CARTESIAN_POINT('',(-700.00000000,1115.75974762,25.97632863));
#2423 = DIRECTION('',(-0.00000000,0.55557023,0.83146961));
#2424 = DIRECTION('',(1.00000000,0.00000000,0.00000000));
#2425 = AXIS2_PLACEMENT_3D('',#2422,#2423,#2424);
#2426 = PLANE('',#2425);
#2427 = ADVANCED_FACE('',(#2421),#2426,.T.);
#2428 = CARTESIAN_POINT('',(-700.00000000,1105.00000000,28.11657550));
#2429 = VERTEX_POINT('',#2428);
#2430 = CARTESIAN_POINT('',(390.89724370,1105.00000000,28.11657550));
#2431 = VERTEX_POINT('',#2430);
#2432 = DIRECTION('',(1.00000000,0.00000000,0.00000000));
#2433 = VECTOR('',#2432,1.0);
#2434 = LINE('',#2428,#2433);
#2435 = EDGE_CURVE('',#2429,#2431,#2434,.T.);
#2436 = ORIENTED_EDGE('',*,*,#2435,.T.);
#2437 = DIRECTION('',(0.00000000,-0.98078528,0.19509032));
#2438 = VECTOR('',#2437,1.0);
#2439 = LINE('',#2402,#2438);
#2440 = EDGE_CURVE('',#2403,#2431,#2439,.T.);
#2441 = ORIENTED_EDGE('',*,*,#2440,.F.);
#2442 = ORIENTED_EDGE('',*,*,#2407,.F.);
#2443 = DIRECTION('',(0.00000000,-0.98078528,0.19509032));
#2444 = VECTOR('',#2443,1.0);
#2445 = LINE('',#2400,#2444);
#2446 = EDGE_CURVE('',#2401,#2429,#2445,.T.);
#2447 = ORIENTED_EDGE('',*,*,#2446,.T.);
#2448 = EDGE_LOOP('',(#2436,#2441,#2442,#2447));
#2449 = FACE_OUTER_BOUND('',#2448,.T.);
#2450 = CARTESIAN_POINT('',(-700.00000000,1105.00000000,28.11657550));
#2451 = DIRECTION('',(-0.00000000,0.19509032,0.98078528));
#2452 = DIRECTION('',(1.00000000,0.00000000,0.00000000));
#2453 = AXIS2_PLACEMENT_3D('',#2450,#2451,#2452);
#2454 = PLANE('',#2453);
#2455 = ADVANCED_FACE('',(#2449),#2454,.T.);
#2456 = CARTESIAN_POINT('',(-700.00000000,1094.24025238,25.97632863));
#2457 = VERTEX_POINT('',#2456);
#2458 = CARTESIAN_POINT('',(390.89724370,1094.24025238,25.97632863));
#2459 = VERTEX_POINT('',#2458);
#2460 = DIRECTION('',(1.00000000,0.00000000,0.00000000));
#2461 = VECTOR('',#2460,1.0);
#2462 = LINE('',#2456,#2461);
#2463 = EDGE_CURVE('',#2457,#2459,#2462,.T.);
#2464 = ORIENTED_EDGE('',*,*,#2463,.T.);
#2465 = DIRECTION('',(0.00000000,-0.98078528,-0.19509032));
#2466 = VECTOR('',#2465,1.0);
#2467 = LINE('',#2430,#2466);
#2468 = EDGE_CURVE('',#2431,#2459,#2467,.T.);
#2469 = ORIENTED_EDGE('',*,*,#2468,.F.);
#2470 = ORIENTED_EDGE('',*,*,#2435,.F.);
#2471 = DIRECTION('',(0.00000000,-0.98078528,-0.19509032));
#2472 = VECTOR('',#2471,1.0);
#2473 = LINE('',#2428,#2472);
#2474 = EDGE_CURVE('',#2429,#2457,#2473,.T.);
#2475 = ORIENTED_EDGE('',*,*,#2474,.T.);
#2476 = EDGE_LOOP('',(#2464,#2469,#2470,#2475));
#2477 = FACE_OUTER_BOUND('',#2476,.T.);
#2478 = CARTESIAN_POINT('',(-700.00000000,1094.24025238,25.97632863));
#2479 = DIRECTION('',(0.00000000,-0.19509032,0.98078528));
#2480 = DIRECTION('',(1.00000000,0.00000000,0.00000000));
#2481 = AXIS2_PLACEMENT_3D('',#2478,#2479,#2480);
#2482 = PLANE('',#2481);
#2483 = ADVANCED_FACE('',(#2477),#2482,.T.);
#2484 = CARTESIAN_POINT('',(-700.00000000,1085.11857880,19.88142120));
#2485 = VERTEX_POINT('',#2484);
#2486 = CARTESIAN_POINT('',(390.89724370,1085.11857880,19.88142120));
#2487 = VERTEX_POINT('',#2486);
#2488 = DIRECTION('',(1.00000000,0.00000000,0.00000000));
#2489 = VECTOR('',#2488,1.0);
#2490 = LINE('',#2484,#2489);
#2491 = EDGE_CURVE('',#2485,#2487,#2490,.T.);
#2492 = ORIENTED_EDGE('',*,*,#2491,.T.);
#2493 = DIRECTION('',(0.00000000,-0.83146961,-0.55557023));
#2494 = VECTOR('',#2493,1.0);
#2495 = LINE('',#2458,#2494);
#2496 = EDGE_CURVE('',#2459,#2487,#2495,.T.);
#2497 = ORIENTED_EDGE('',*,*,#2496,.F.);
#2498 = ORIENTED_EDGE('',*,*,#2463,.F.);
#2499 = DIRECTION('',(0.00000000,-0.83146961,-0.55557023));
#2500 = VECTOR('',#2499,1.0);
#2501 = LINE('',#2456,#2500);
#2502 = EDGE_CURVE('',#2457,#2485,#2501,.T.);
#2503 = ORIENTED_EDGE('',*,*,#2502,.T.);
#2504 = EDGE_LOOP('',(#2492,#2497,#2498,#2503));
#2505 = FACE_OUTER_BOUND('',#2504,.T.);
#2506 = CARTESIAN_POINT('',(-700.00000000,1085.11857880,19.88142120));
#2507 = DIRECTION('',(0.00000000,-0.55557023,0.83146961));
#2508 = DIRECTION('',(1.00000000,0.00000000,0.00000000));
#2509 = AXIS2_PLACEMENT_3D('',#2506,#2507,#2508);
#2510 = PLANE('',#2509);
#2511 = ADVANCED_FACE('',(#2505),#2510,.T.);
#2512 = CARTESIAN_POINT('',(-700.00000000,1079.02367137,10.75974762));
#2513 = VERTEX_POINT('',#2512);
#2514 = CARTESIAN_POINT('',(390.89724370,1079.02367137,10.75974762));
#2515 = VERTEX_POINT('',#2514);
#2516 = DIRECTION('',(1.00000000,0.00000000,0.00000000));
#2517 = VECTOR('',#2516,1.0);
#2518 = LINE('',#2512,#2517);
#2519 = EDGE_CURVE('',#2513,#2515,#2518,.T.);
#2520 = ORIENTED_EDGE('',*,*,#2519,.T.);
#2521 = DIRECTION('',(0.00000000,-0.55557023,-0.83146961));
#2522 = VECTOR('',#2521,1.0);
#2523 = LINE('',#2486,#2522);
#2524 = EDGE_CURVE('',#2487,#2515,#2523,.T.);
#2525 = ORIENTED_EDGE('',*,*,#2524,.F.);
#2526 = ORIENTED_EDGE('',*,*,#2491,.F.);
#2527 = DIRECTION('',(0.00000000,-0.55557023,-0.83146961));
#2528 = VECTOR('',#2527,1.0);
#2529 = LINE('',#2484,#2528);
#2530 = EDGE_CURVE('',#2485,#2513,#2529,.T.);
#2531 = ORIENTED_EDGE('',*,*,#2530,.T.);
#2532 = EDGE_LOOP('',(#2520,#2525,#2526,#2531));
#2533 = FACE_OUTER_BOUND('',#2532,.T.);
#2534 = CARTESIAN_POINT('',(-700.00000000,1079.02367137,10.75974762));
#2535 = DIRECTION('',(0.00000000,-0.83146961,0.55557023));
#2536 = DIRECTION('',(1.00000000,0.00000000,0.00000000));
#2537 = AXIS2_PLACEMENT_3D('',#2534,#2535,#2536);
#2538 = PLANE('',#2537);
#2539 = ADVANCED_FACE('',(#2533),#2538,.T.);
#2540 = CARTESIAN_POINT('',(-700.00000000,1076.88342450,0.00000000));
#2541 = VERTEX_POINT('',#2540);
#2542 = CARTESIAN_POINT('',(390.89724370,1076.88342450,0.00000000));
#2543 = VERTEX_POINT('',#2542);
#2544 = DIRECTION('',(1.00000000,0.00000000,0.00000000));
#2545 = VECTOR('',#2544,1.0);
#2546 = LINE('',#2540,#2545);
#2547 = EDGE_CURVE('',#2541,#2543,#2546,.T.);
#2548 = ORIENTED_EDGE('',*,*,#2547,.T.);
#2549 = DIRECTION('',(0.00000000,-0.19509032,-0.98078528));
#2550 = VECTOR('',#2549,1.0);
#2551 = LINE('',#2514,#2550);
#2552 = EDGE_CURVE('',#2515,#2543,#2551,.T.);
#2553 = ORIENTED_EDGE('',*,*,#2552,.F.);
#2554 = ORIENTED_EDGE('',*,*,#2519,.F.);
#2555 = DIRECTION('',(0.00000000,-0.19509032,-0.98078528));
#2556 = VECTOR('',#2555,1.0);
#2557 = LINE('',#2512,#2556);
#2558 = EDGE_CURVE('',#2513,#2541,#2557,.T.);
#2559 = ORIENTED_EDGE('',*,*,#2558,.T.);
#2560 = EDGE_LOOP('',(#2548,#2553,#2554,#2559));
#2561 = FACE_OUTER_BOUND('',#2560,.T.);
#2562 = CARTESIAN_POINT('',(-700.00000000,1076.88342450,0.00000000));
#2563 = DIRECTION('',(0.00000000,-0.98078528,0.19509032));
#2564 = DIRECTION('',(1.00000000,0.00000000,0.00000000));
#2565 = AXIS2_PLACEMENT_3D('',#2562,#2563,#2564);
#2566 = PLANE('',#2565);
#2567 = ADVANCED_FACE('',(#2561),#2566,.T.);
#2568 = CARTESIAN_POINT('',(-700.00000000,1079.02367137,-10.75974762));
#2569 = VERTEX_POINT('',#2568);
#2570 = CARTESIAN_POINT('',(390.89724370,1079.02367137,-10.75974762));
#2571 = VERTEX_POINT('',#2570);
#2572 = DIRECTION('',(1.00000000,0.00000000,0.00000000));
#2573 = VECTOR('',#2572,1.0);
#2574 = LINE('',#2568,#2573);
#2575 = EDGE_CURVE('',#2569,#2571,#2574,.T.);
#2576 = ORIENTED_EDGE('',*,*,#2575,.T.);
#2577 = DIRECTION('',(0.00000000,0.19509032,-0.98078528));
#2578 = VECTOR('',#2577,1.0);
#2579 = LINE('',#2542,#2578);
#2580 = EDGE_CURVE('',#2543,#2571,#2579,.T.);
#2581 = ORIENTED_EDGE('',*,*,#2580,.F.);
#2582 = ORIENTED_EDGE('',*,*,#2547,.F.);
#2583 = DIRECTION('',(0.00000000,0.19509032,-0.98078528));
#2584 = VECTOR('',#2583,1.0);
#2585 = LINE('',#2540,#2584);
#2586 = EDGE_CURVE('',#2541,#2569,#2585,.T.);
#2587 = ORIENTED_EDGE('',*,*,#2586,.T.);
#2588 = EDGE_LOOP('',(#2576,#2581,#2582,#2587));
#2589 = FACE_OUTER_BOUND('',#2588,.T.);
#2590 = CARTESIAN_POINT('',(-700.00000000,1079.02367137,-10.75974762));
#2591 = DIRECTION('',(0.00000000,-0.98078528,-0.19509032));
#2592 = DIRECTION('',(1.00000000,0.00000000,0.00000000));
#2593 = AXIS2_PLACEMENT_3D('',#2590,#2591,#2592);
#2594 = PLANE('',#2593);
#2595 = ADVANCED_FACE('',(#2589),#2594,.T.);
#2596 = CARTESIAN_POINT('',(-700.00000000,1085.11857880,-19.88142120));
#2597 = VERTEX_POINT('',#2596);
#2598 = CARTESIAN_POINT('',(390.89724370,1085.11857880,-19.88142120));
#2599 = VERTEX_POINT('',#2598);
#2600 = DIRECTION('',(1.00000000,0.00000000,0.00000000));
#2601 = VECTOR('',#2600,1.0);
#2602 = LINE('',#2596,#2601);
#2603 = EDGE_CURVE('',#2597,#2599,#2602,.T.);
#2604 = ORIENTED_EDGE('',*,*,#2603,.T.);
#2605 = DIRECTION('',(0.00000000,0.55557023,-0.83146961));
#2606 = VECTOR('',#2605,1.0);
#2607 = LINE('',#2570,#2606);
#2608 = EDGE_CURVE('',#2571,#2599,#2607,.T.);
#2609 = ORIENTED_EDGE('',*,*,#2608,.F.);
#2610 = ORIENTED_EDGE('',*,*,#2575,.F.);
#2611 = DIRECTION('',(0.00000000,0.55557023,-0.83146961));
#2612 = VECTOR('',#2611,1.0);
#2613 = LINE('',#2568,#2612);
#2614 = EDGE_CURVE('',#2569,#2597,#2613,.T.);
#2615 = ORIENTED_EDGE('',*,*,#2614,.T.);
#2616 = EDGE_LOOP('',(#2604,#2609,#2610,#2615));
#2617 = FACE_OUTER_BOUND('',#2616,.T.);
#2618 = CARTESIAN_POINT('',(-700.00000000,1085.11857880,-19.88142120));
#2619 = DIRECTION('',(0.00000000,-0.83146961,-0.55557023));
#2620 = DIRECTION('',(1.00000000,0.00000000,0.00000000));
#2621 = AXIS2_PLACEMENT_3D('',#2618,#2619,#2620);
#2622 = PLANE('',#2621);
#2623 = ADVANCED_FACE('',(#2617),#2622,.T.);
#2624 = CARTESIAN_POINT('',(-700.00000000,1094.24025238,-25.97632863));
#2625 = VERTEX_POINT('',#2624);
#2626 = CARTESIAN_POINT('',(390.89724370,1094.24025238,-25.97632863));
#2627 = VERTEX_POINT('',#2626);
#2628 = DIRECTION('',(1.00000000,0.00000000,0.00000000));
#2629 = VECTOR('',#2628,1.0);
#2630 = LINE('',#2624,#2629);
#2631 = EDGE_CURVE('',#2625,#2627,#2630,.T.);
#2632 = ORIENTED_EDGE('',*,*,#2631,.T.);
#2633 = DIRECTION('',(0.00000000,0.83146961,-0.55557023));
#2634 = VECTOR('',#2633,1.0);
#2635 = LINE('',#2598,#2634);
#2636 = EDGE_CURVE('',#2599,#2627,#2635,.T.);
#2637 = ORIENTED_EDGE('',*,*,#2636,.F.);
#2638 = ORIENTED_EDGE('',*,*,#2603,.F.);
#2639 = DIRECTION('',(0.00000000,0.83146961,-0.55557023));
#2640 = VECTOR('',#2639,1.0);
#2641 = LINE('',#2596,#2640);
#2642 = EDGE_CURVE('',#2597,#2625,#2641,.T.);
#2643 = ORIENTED_EDGE('',*,*,#2642,.T.);
#2644 = EDGE_LOOP('',(#2632,#2637,#2638,#2643));
#2645 = FACE_OUTER_BOUND('',#2644,.T.);
#2646 = CARTESIAN_POINT('',(-700.00000000,1094.24025238,-25.97632863));
#2647 = DIRECTION('',(0.00000000,-0.55557023,-0.83146961));
#2648 = DIRECTION('',(1.00000000,0.00000000,0.00000000));
#2649 = AXIS2_PLACEMENT_3D('',#2646,#2647,#2648);
#2650 = PLANE('',#2649);
#2651 = ADVANCED_FACE('',(#2645),#2650,.T.);
#2652 = CARTESIAN_POINT('',(-700.00000000,1105.00000000,-28.11657550));
#2653 = VERTEX_POINT('',#2652);
#2654 = CARTESIAN_POINT('',(390.89724370,1105.00000000,-28.11657550));
#2655 = VERTEX_POINT('',#2654);
#2656 = DIRECTION('',(1.00000000,0.00000000,0.00000000));
#2657 = VECTOR('',#2656,1.0);
#2658 = LINE('',#2652,#2657);
#2659 = EDGE_CURVE('',#2653,#2655,#2658,.T.);
#2660 = ORIENTED_EDGE('',*,*,#2659,.T.);
#2661 = DIRECTION('',(0.00000000,0.98078528,-0.19509032));
#2662 = VECTOR('',#2661,1.0);
#2663 = LINE('',#2626,#2662);
#2664 = EDGE_CURVE('',#2627,#2655,#2663,.T.);
#2665 = ORIENTED_EDGE('',*,*,#2664,.F.);
#2666 = ORIENTED_EDGE('',*,*,#2631,.F.);
#2667 = DIRECTION('',(0.00000000,0.98078528,-0.19509032));
#2668 = VECTOR('',#2667,1.0);
#2669 = LINE('',#2624,#2668);
#2670 = EDGE_CURVE('',#2625,#2653,#2669,.T.);
#2671 = ORIENTED_EDGE('',*,*,#2670,.T.);
#2672 = EDGE_LOOP('',(#2660,#2665,#2666,#2671));
#2673 = FACE_OUTER_BOUND('',#2672,.T.);
#2674 = CARTESIAN_POINT('',(-700.00000000,1105.00000000,-28.11657550));
#2675 = DIRECTION('',(0.00000000,-0.19509032,-0.98078528));
#2676 = DIRECTION('',(1.00000000,0.00000000,0.00000000));
#2677 = AXIS2_PLACEMENT_3D('',#2674,#2675,#2676);
#2678 = PLANE('',#2677);
#2679 = ADVANCED_FACE('',(#2673),#2678,.T.);
#2680 = CARTESIAN_POINT('',(-700.00000000,1115.75974762,-25.97632863));
#2681 = VERTEX_POINT('',#2680);
#2682 = CARTESIAN_POINT('',(390.89724370,1115.75974762,-25.97632863));
#2683 = VERTEX_POINT('',#2682);
#2684 = DIRECTION('',(1.00000000,0.00000000,0.00000000));
#2685 = VECTOR('',#2684,1.0);
#2686 = LINE('',#2680,#2685);
#2687 = EDGE_CURVE('',#2681,#2683,#2686,.T.);
#2688 = ORIENTED_EDGE('',*,*,#2687,.T.);
#2689 = DIRECTION('',(0.00000000,0.98078528,0.19509032));
#2690 = VECTOR('',#2689,1.0);
#2691 = LINE('',#2654,#2690);
#2692 = EDGE_CURVE('',#2655,#2683,#2691,.T.);
#2693 = ORIENTED_EDGE('',*,*,#2692,.F.);
#2694 = ORIENTED_EDGE('',*,*,#2659,.F.);
#2695 = DIRECTION('',(0.00000000,0.98078528,0.19509032));
#2696 = VECTOR('',#2695,1.0);
#2697 = LINE('',#2652,#2696);
#2698 = EDGE_CURVE('',#2653,#2681,#2697,.T.);
#2699 = ORIENTED_EDGE('',*,*,#2698,.T.);
#2700 = EDGE_LOOP('',(#2688,#2693,#2694,#2699));
#2701 = FACE_OUTER_BOUND('',#2700,.T.);
#2702 = CARTESIAN_POINT('',(-700.00000000,1115.75974762,-25.97632863));
#2703 = DIRECTION('',(0.00000000,0.19509032,-0.98078528));
#2704 = DIRECTION('',(1.00000000,0.00000000,0.00000000));
#2705 = AXIS2_PLACEMENT_3D('',#2702,#2703,#2704);
#2706 = PLANE('',#2705);
#2707 = ADVANCED_FACE('',(#2701),#2706,.T.);
#2708 = CARTESIAN_POINT('',(-700.00000000,1124.88142120,-19.88142120));
#2709 = VERTEX_POINT('',#2708);
#2710 = CARTESIAN_POINT('',(390.89724370,1124.88142120,-19.88142120));
#2711 = VERTEX_POINT('',#2710);
#2712 = DIRECTION('',(1.00000000,0.00000000,0.00000000));
#2713 = VECTOR('',#2712,1.0);
#2714 = LINE('',#2708,#2713);
#2715 = EDGE_CURVE('',#2709,#2711,#2714,.T.);
#2716 = ORIENTED_EDGE('',*,*,#2715,.T.);
#2717 = DIRECTION('',(0.00000000,0.83146961,0.55557023));
#2718 = VECTOR('',#2717,1.0);
#2719 = LINE('',#2682,#2718);
#2720 = EDGE_CURVE('',#2683,#2711,#2719,.T.);
#2721 = ORIENTED_EDGE('',*,*,#2720,.F.);
#2722 = ORIENTED_EDGE('',*,*,#2687,.F.);
#2723 = DIRECTION('',(0.00000000,0.83146961,0.55557023));
#2724 = VECTOR('',#2723,1.0);
#2725 = LINE('',#2680,#2724);
#2726 = EDGE_CURVE('',#2681,#2709,#2725,.T.);
#2727 = ORIENTED_EDGE('',*,*,#2726,.T.);
#2728 = EDGE_LOOP('',(#2716,#2721,#2722,#2727));
#2729 = FACE_OUTER_BOUND('',#2728,.T.);
#2730 = CARTESIAN_POINT('',(-700.00000000,1124.88142120,-19.88142120));
#2731 = DIRECTION('',(0.00000000,0.55557023,-0.83146961));
#2732 = DIRECTION('',(1.00000000,0.00000000,0.00000000));
#2733 = AXIS2_PLACEMENT_3D('',#2730,#2731,#2732);
#2734 = PLANE('',#2733);
#2735 = ADVANCED_FACE('',(#2729),#2734,.T.);
#2736 = CARTESIAN_POINT('',(-700.00000000,1130.97632863,-10.75974762));
#2737 = VERTEX_POINT('',#2736);
#2738 = CARTESIAN_POINT('',(390.89724370,1130.97632863,-10.75974762));
#2739 = VERTEX_POINT('',#2738);
#2740 = DIRECTION('',(1.00000000,0.00000000,0.00000000));
#2741 = VECTOR('',#2740,1.0);
#2742 = LINE('',#2736,#2741);
#2743 = EDGE_CURVE('',#2737,#2739,#2742,.T.);
#2744 = ORIENTED_EDGE('',*,*,#2743,.T.);
#2745 = DIRECTION('',(0.00000000,0.55557023,0.83146961));
#2746 = VECTOR('',#2745,1.0);
#2747 = LINE('',#2710,#2746);
#2748 = EDGE_CURVE('',#2711,#2739,#2747,.T.);
#2749 = ORIENTED_EDGE('',*,*,#2748,.F.);
#2750 = ORIENTED_EDGE('',*,*,#2715,.F.);
#2751 = DIRECTION('',(0.00000000,0.55557023,0.83146961));
#2752 = VECTOR('',#2751,1.0);
#2753 = LINE('',#2708,#2752);
#2754 = EDGE_CURVE('',#2709,#2737,#2753,.T.);
#2755 = ORIENTED_EDGE('',*,*,#2754,.T.);
#2756 = EDGE_LOOP('',(#2744,#2749,#2750,#2755));
#2757 = FACE_OUTER_BOUND('',#2756,.T.);
#2758 = CARTESIAN_POINT('',(-700.00000000,1130.97632863,-10.75974762));
#2759 = DIRECTION('',(0.00000000,0.83146961,-0.55557023));
#2760 = DIRECTION('',(1.00000000,0.00000000,0.00000000));
#2761 = AXIS2_PLACEMENT_3D('',#2758,#2759,#2760);
#2762 = PLANE('',#2761);
#2763 = ADVANCED_FACE('',(#2757),#2762,.T.);
#2764 = ORIENTED_EDGE('',*,*,#2357,.F.);
#2765 = DIRECTION('',(0.00000000,-0.19509032,-0.98078528));
#2766 = VECTOR('',#2765,1.0);
#2767 = LINE('',#2340,#2766);
#2768 = EDGE_CURVE('',#2341,#2739,#2767,.T.);
#2769 = ORIENTED_EDGE('',*,*,#2768,.T.);
#2770 = ORIENTED_EDGE('',*,*,#2743,.F.);
#2771 = DIRECTION('',(0.00000000,-0.19509032,-0.98078528));
#2772 = VECTOR('',#2771,1.0);
#2773 = LINE('',#2342,#2772);
#2774 = EDGE_CURVE('',#2343,#2737,#2773,.T.);
#2775 = ORIENTED_EDGE('',*,*,#2774,.F.);
#2776 = EDGE_LOOP('',(#2764,#2769,#2770,#2775));
#2777 = FACE_OUTER_BOUND('',#2776,.T.);
#2778 = CARTESIAN_POINT('',(-700.00000000,1133.11657550,0.00000000));
#2779 = DIRECTION('',(0.00000000,0.98078528,-0.19509032));
#2780 = DIRECTION('',(1.00000000,0.00000000,0.00000000));
#2781 = AXIS2_PLACEMENT_3D('',#2778,#2779,#2780);
#2782 = PLANE('',#2781);
#2783 = ADVANCED_FACE('',(#2777),#2782,.T.);
#2784 = ORIENTED_EDGE('',*,*,#2754,.F.);
#2785 = ORIENTED_EDGE('',*,*,#2726,.F.);
#2786 = ORIENTED_EDGE('',*,*,#2698,.F.);
#2787 = ORIENTED_EDGE('',*,*,#2670,.F.);
#2788 = ORIENTED_EDGE('',*,*,#2642,.F.);
#2789 = ORIENTED_EDGE('',*,*,#2614,.F.);
#2790 = ORIENTED_EDGE('',*,*,#2586,.F.);
#2791 = ORIENTED_EDGE('',*,*,#2558,.F.);
#2792 = ORIENTED_EDGE('',*,*,#2530,.F.);
#2793 = ORIENTED_EDGE('',*,*,#2502,.F.);
#2794 = ORIENTED_EDGE('',*,*,#2474,.F.);
#2795 = ORIENTED_EDGE('',*,*,#2446,.F.);
#2796 = ORIENTED_EDGE('',*,*,#2418,.F.);
#2797 = ORIENTED_EDGE('',*,*,#2390,.F.);
#2798 = ORIENTED_EDGE('',*,*,#2362,.T.);
#2799 = ORIENTED_EDGE('',*,*,#2774,.T.);
#2800 = EDGE_LOOP('',(#2784,#2785,#2786,#2787,#2788,#2789,#2790,#2791,#2792,#2793,#2794,#2795,#2796,#2797,#2798,#2799));
#2801 = FACE_OUTER_BOUND('',#2800,.T.);
#2802 = CARTESIAN_POINT('',(-700.00000000,1130.97632863,-10.75974762));
#2803 = DIRECTION('',(-1.00000000,0.00000000,0.00000000));
#2804 = DIRECTION('',(0.00000000,-0.55557023,-0.83146961));
#2805 = AXIS2_PLACEMENT_3D('',#2802,#2803,#2804);
#2806 = PLANE('',#2805);
#2807 = ADVANCED_FACE('',(#2801),#2806,.T.);
#2808 = ORIENTED_EDGE('',*,*,#2352,.F.);
#2809 = ORIENTED_EDGE('',*,*,#2384,.T.);
#2810 = ORIENTED_EDGE('',*,*,#2412,.T.);
#2811 = ORIENTED_EDGE('',*,*,#2440,.T.);
#2812 = ORIENTED_EDGE('',*,*,#2468,.T.);
#2813 = ORIENTED_EDGE('',*,*,#2496,.T.);
#2814 = ORIENTED_EDGE('',*,*,#2524,.T.);
#2815 = ORIENTED_EDGE('',*,*,#2552,.T.);
#2816 = ORIENTED_EDGE('',*,*,#2580,.T.);
#2817 = ORIENTED_EDGE('',*,*,#2608,.T.);
#2818 = ORIENTED_EDGE('',*,*,#2636,.T.);
#2819 = ORIENTED_EDGE('',*,*,#2664,.T.);
#2820 = ORIENTED_EDGE('',*,*,#2692,.T.);
#2821 = ORIENTED_EDGE('',*,*,#2720,.T.);
#2822 = ORIENTED_EDGE('',*,*,#2748,.T.);
#2823 = ORIENTED_EDGE('',*,*,#2768,.F.);
#2824 = EDGE_LOOP('',(#2808,#2809,#2810,#2811,#2812,#2813,#2814,#2815,#2816,#2817,#2818,#2819,#2820,#2821,#2822,#2823));
#2825 = FACE_OUTER_BOUND('',#2824,.T.);
#2826 = CARTESIAN_POINT('',(390.89724370,1133.11657550,0.00000000));
#2827 = DIRECTION('',(1.00000000,0.00000000,0.00000000));
#2828 = DIRECTION('',(0.00000000,-0.19509032,0.98078528));
#2829 = AXIS2_PLACEMENT_3D('',#2826,#2827,#2828);
#2830 = PLANE('',#2829);
#2831 = ADVANCED_FACE('',(#2825),#2830,.T.);
#2832 = CLOSED_SHELL('',(#2371,#2399,#2427,#2455,#2483,#2511,#2539,#2567,#2595,#2623,#2651,#2679,#2707,#2735,#2763,#2783,#2807,#2831));
#2833 = MANIFOLD_SOLID_BREP('',#2832);
#2834 = CARTESIAN_POINT('',(-700.00000000,-917.26767899,77.76127346));
#2835 = VERTEX_POINT('',#2834);
#2836 = CARTESIAN_POINT('',(-696.00000000,-917.26767899,77.76127346));
#2837 = VERTEX_POINT('',#2836);
#2838 = CARTESIAN_POINT('',(-696.00000000,-901.80000000,0.00000000));
#2839 = VERTEX_POINT('',#2838);
#2840 = CARTESIAN_POINT('',(-700.00000000,-901.80000000,0.00000000));
#2841 = VERTEX_POINT('',#2840);
#2842 = DIRECTION('',(1.00000000,0.00000000,0.00000000));
#2843 = VECTOR('',#2842,1.0);
#2844 = LINE('',#2834,#2843);
#2845 = EDGE_CURVE('',#2835,#2837,#2844,.T.);
#2846 = ORIENTED_EDGE('',*,*,#2845,.T.);
#2847 = DIRECTION('',(0.00000000,0.19509032,-0.98078528));
#2848 = VECTOR('',#2847,1.0);
#2849 = LINE('',#2836,#2848);
#2850 = EDGE_CURVE('',#2837,#2839,#2849,.T.);
#2851 = ORIENTED_EDGE('',*,*,#2850,.T.);
#2852 = DIRECTION('',(-1.00000000,0.00000000,0.00000000));
#2853 = VECTOR('',#2852,1.0);
#2854 = LINE('',#2838,#2853);
#2855 = EDGE_CURVE('',#2839,#2841,#2854,.T.);
#2856 = ORIENTED_EDGE('',*,*,#2855,.T.);
#2857 = DIRECTION('',(0.00000000,0.19509032,-0.98078528));
#2858 = VECTOR('',#2857,1.0);
#2859 = LINE('',#2834,#2858);
#2860 = EDGE_CURVE('',#2835,#2841,#2859,.T.);
#2861 = ORIENTED_EDGE('',*,*,#2860,.F.);
#2862 = EDGE_LOOP('',(#2846,#2851,#2856,#2861));
#2863 = FACE_OUTER_BOUND('',#2862,.T.);
#2864 = CARTESIAN_POINT('',(-700.00000000,-917.26767899,77.76127346));
#2865 = DIRECTION('',(-0.00000000,0.98078528,0.19509032));
#2866 = DIRECTION('',(1.00000000,0.00000000,0.00000000));
#2867 = AXIS2_PLACEMENT_3D('',#2864,#2865,#2866);
#2868 = PLANE('',#2867);
#2869 = ADVANCED_FACE('',(#2863),#2868,.T.);
#2870 = CARTESIAN_POINT('',(-700.00000000,-961.31590206,143.68409794));
#2871 = VERTEX_POINT('',#2870);
#2872 = CARTESIAN_POINT('',(-696.00000000,-961.31590206,143.68409794));
#2873 = VERTEX_POINT('',#2872);
#2874 = DIRECTION('',(1.00000000,0.00000000,0.00000000));
#2875 = VECTOR('',#2874,1.0);
#2876 = LINE('',#2870,#2875);
#2877 = EDGE_CURVE('',#2871,#2873,#2876,.T.);
#2878 = ORIENTED_EDGE('',*,*,#2877,.T.);
#2879 = DIRECTION('',(0.00000000,-0.55557023,0.83146961));
#2880 = VECTOR('',#2879,1.0);
#2881 = LINE('',#2836,#2880);
#2882 = EDGE_CURVE('',#2837,#2873,#2881,.T.);
#2883 = ORIENTED_EDGE('',*,*,#2882,.F.);
#2884 = ORIENTED_EDGE('',*,*,#2845,.F.);
#2885 = DIRECTION('',(0.00000000,-0.55557023,0.83146961));
#2886 = VECTOR('',#2885,1.0);
#2887 = LINE('',#2834,#2886);
#2888 = EDGE_CURVE('',#2835,#2871,#2887,.T.);
#2889 = ORIENTED_EDGE('',*,*,#2888,.T.);
#2890 = EDGE_LOOP('',(#2878,#2883,#2884,#2889));
#2891 = FACE_OUTER_BOUND('',#2890,.T.);
#2892 = CARTESIAN_POINT('',(-700.00000000,-961.31590206,143.68409794));
#2893 = DIRECTION('',(-0.00000000,0.83146961,0.55557023));
#2894 = DIRECTION('',(1.00000000,0.00000000,0.00000000));
#2895 = AXIS2_PLACEMENT_3D('',#2892,#2893,#2894);
#2896 = PLANE('',#2895);
#2897 = ADVANCED_FACE('',(#2891),#2896,.T.);
#2898 = CARTESIAN_POINT('',(-700.00000000,-1027.23872654,187.73232101));
#2899 = VERTEX_POINT('',#2898);
#2900 = CARTESIAN_POINT('',(-696.00000000,-1027.23872654,187.73232101));
#2901 = VERTEX_POINT('',#2900);
#2902 = DIRECTION('',(1.00000000,0.00000000,0.00000000));
#2903 = VECTOR('',#2902,1.0);
#2904 = LINE('',#2898,#2903);
#2905 = EDGE_CURVE('',#2899,#2901,#2904,.T.);
#2906 = ORIENTED_EDGE('',*,*,#2905,.T.);
#2907 = DIRECTION('',(0.00000000,-0.83146961,0.55557023));
#2908 = VECTOR('',#2907,1.0);
#2909 = LINE('',#2872,#2908);
#2910 = EDGE_CURVE('',#2873,#2901,#2909,.T.);
#2911 = ORIENTED_EDGE('',*,*,#2910,.F.);
#2912 = ORIENTED_EDGE('',*,*,#2877,.F.);
#2913 = DIRECTION('',(0.00000000,-0.83146961,0.55557023));
#2914 = VECTOR('',#2913,1.0);
#2915 = LINE('',#2870,#2914);
#2916 = EDGE_CURVE('',#2871,#2899,#2915,.T.);
#2917 = ORIENTED_EDGE('',*,*,#2916,.T.);
#2918 = EDGE_LOOP('',(#2906,#2911,#2912,#2917));
#2919 = FACE_OUTER_BOUND('',#2918,.T.);
#2920 = CARTESIAN_POINT('',(-700.00000000,-1027.23872654,187.73232101));
#2921 = DIRECTION('',(-0.00000000,0.55557023,0.83146961));
#2922 = DIRECTION('',(1.00000000,0.00000000,0.00000000));
#2923 = AXIS2_PLACEMENT_3D('',#2920,#2921,#2922);
#2924 = PLANE('',#2923);
#2925 = ADVANCED_FACE('',(#2919),#2924,.T.);
#2926 = CARTESIAN_POINT('',(-700.00000000,-1105.00000000,203.20000000));
#2927 = VERTEX_POINT('',#2926);
#2928 = CARTESIAN_POINT('',(-696.00000000,-1105.00000000,203.20000000));
#2929 = VERTEX_POINT('',#2928);
#2930 = DIRECTION('',(1.00000000,0.00000000,0.00000000));
#2931 = VECTOR('',#2930,1.0);
#2932 = LINE('',#2926,#2931);
#2933 = EDGE_CURVE('',#2927,#2929,#2932,.T.);
#2934 = ORIENTED_EDGE('',*,*,#2933,.T.);
#2935 = DIRECTION('',(0.00000000,-0.98078528,0.19509032));
#2936 = VECTOR('',#2935,1.0);
#2937 = LINE('',#2900,#2936);
#2938 = EDGE_CURVE('',#2901,#2929,#2937,.T.);
#2939 = ORIENTED_EDGE('',*,*,#2938,.F.);
#2940 = ORIENTED_EDGE('',*,*,#2905,.F.);
#2941 = DIRECTION('',(0.00000000,-0.98078528,0.19509032));
#2942 = VECTOR('',#2941,1.0);
#2943 = LINE('',#2898,#2942);
#2944 = EDGE_CURVE('',#2899,#2927,#2943,.T.);
#2945 = ORIENTED_EDGE('',*,*,#2944,.T.);
#2946 = EDGE_LOOP('',(#2934,#2939,#2940,#2945));
#2947 = FACE_OUTER_BOUND('',#2946,.T.);
#2948 = CARTESIAN_POINT('',(-700.00000000,-1105.00000000,203.20000000));
#2949 = DIRECTION('',(-0.00000000,0.19509032,0.98078528));
#2950 = DIRECTION('',(1.00000000,0.00000000,0.00000000));
#2951 = AXIS2_PLACEMENT_3D('',#2948,#2949,#2950);
#2952 = PLANE('',#2951);
#2953 = ADVANCED_FACE('',(#2947),#2952,.T.);
#2954 = CARTESIAN_POINT('',(-700.00000000,-1182.76127346,187.73232101));
#2955 = VERTEX_POINT('',#2954);
#2956 = CARTESIAN_POINT('',(-696.00000000,-1182.76127346,187.73232101));
#2957 = VERTEX_POINT('',#2956);
#2958 = DIRECTION('',(1.00000000,0.00000000,0.00000000));
#2959 = VECTOR('',#2958,1.0);
#2960 = LINE('',#2954,#2959);
#2961 = EDGE_CURVE('',#2955,#2957,#2960,.T.);
#2962 = ORIENTED_EDGE('',*,*,#2961,.T.);
#2963 = DIRECTION('',(0.00000000,-0.98078528,-0.19509032));
#2964 = VECTOR('',#2963,1.0);
#2965 = LINE('',#2928,#2964);
#2966 = EDGE_CURVE('',#2929,#2957,#2965,.T.);
#2967 = ORIENTED_EDGE('',*,*,#2966,.F.);
#2968 = ORIENTED_EDGE('',*,*,#2933,.F.);
#2969 = DIRECTION('',(0.00000000,-0.98078528,-0.19509032));
#2970 = VECTOR('',#2969,1.0);
#2971 = LINE('',#2926,#2970);
#2972 = EDGE_CURVE('',#2927,#2955,#2971,.T.);
#2973 = ORIENTED_EDGE('',*,*,#2972,.T.);
#2974 = EDGE_LOOP('',(#2962,#2967,#2968,#2973));
#2975 = FACE_OUTER_BOUND('',#2974,.T.);
#2976 = CARTESIAN_POINT('',(-700.00000000,-1182.76127346,187.73232101));
#2977 = DIRECTION('',(0.00000000,-0.19509032,0.98078528));
#2978 = DIRECTION('',(1.00000000,0.00000000,0.00000000));
#2979 = AXIS2_PLACEMENT_3D('',#2976,#2977,#2978);
#2980 = PLANE('',#2979);
#2981 = ADVANCED_FACE('',(#2975),#2980,.T.);
#2982 = CARTESIAN_POINT('',(-700.00000000,-1248.68409794,143.68409794));
#2983 = VERTEX_POINT('',#2982);
#2984 = CARTESIAN_POINT('',(-696.00000000,-1248.68409794,143.68409794));
#2985 = VERTEX_POINT('',#2984);
#2986 = DIRECTION('',(1.00000000,0.00000000,0.00000000));
#2987 = VECTOR('',#2986,1.0);
#2988 = LINE('',#2982,#2987);
#2989 = EDGE_CURVE('',#2983,#2985,#2988,.T.);
#2990 = ORIENTED_EDGE('',*,*,#2989,.T.);
#2991 = DIRECTION('',(0.00000000,-0.83146961,-0.55557023));
#2992 = VECTOR('',#2991,1.0);
#2993 = LINE('',#2956,#2992);
#2994 = EDGE_CURVE('',#2957,#2985,#2993,.T.);
#2995 = ORIENTED_EDGE('',*,*,#2994,.F.);
#2996 = ORIENTED_EDGE('',*,*,#2961,.F.);
#2997 = DIRECTION('',(0.00000000,-0.83146961,-0.55557023));
#2998 = VECTOR('',#2997,1.0);
#2999 = LINE('',#2954,#2998);
#3000 = EDGE_CURVE('',#2955,#2983,#2999,.T.);
#3001 = ORIENTED_EDGE('',*,*,#3000,.T.);
#3002 = EDGE_LOOP('',(#2990,#2995,#2996,#3001));
#3003 = FACE_OUTER_BOUND('',#3002,.T.);
#3004 = CARTESIAN_POINT('',(-700.00000000,-1248.68409794,143.68409794));
#3005 = DIRECTION('',(0.00000000,-0.55557023,0.83146961));
#3006 = DIRECTION('',(1.00000000,0.00000000,0.00000000));
#3007 = AXIS2_PLACEMENT_3D('',#3004,#3005,#3006);
#3008 = PLANE('',#3007);
#3009 = ADVANCED_FACE('',(#3003),#3008,.T.);
#3010 = CARTESIAN_POINT('',(-700.00000000,-1292.73232101,77.76127346));
#3011 = VERTEX_POINT('',#3010);
#3012 = CARTESIAN_POINT('',(-696.00000000,-1292.73232101,77.76127346));
#3013 = VERTEX_POINT('',#3012);
#3014 = DIRECTION('',(1.00000000,0.00000000,0.00000000));
#3015 = VECTOR('',#3014,1.0);
#3016 = LINE('',#3010,#3015);
#3017 = EDGE_CURVE('',#3011,#3013,#3016,.T.);
#3018 = ORIENTED_EDGE('',*,*,#3017,.T.);
#3019 = DIRECTION('',(0.00000000,-0.55557023,-0.83146961));
#3020 = VECTOR('',#3019,1.0);
#3021 = LINE('',#2984,#3020);
#3022 = EDGE_CURVE('',#2985,#3013,#3021,.T.);
#3023 = ORIENTED_EDGE('',*,*,#3022,.F.);
#3024 = ORIENTED_EDGE('',*,*,#2989,.F.);
#3025 = DIRECTION('',(0.00000000,-0.55557023,-0.83146961));
#3026 = VECTOR('',#3025,1.0);
#3027 = LINE('',#2982,#3026);
#3028 = EDGE_CURVE('',#2983,#3011,#3027,.T.);
#3029 = ORIENTED_EDGE('',*,*,#3028,.T.);
#3030 = EDGE_LOOP('',(#3018,#3023,#3024,#3029));
#3031 = FACE_OUTER_BOUND('',#3030,.T.);
#3032 = CARTESIAN_POINT('',(-700.00000000,-1292.73232101,77.76127346));
#3033 = DIRECTION('',(0.00000000,-0.83146961,0.55557023));
#3034 = DIRECTION('',(1.00000000,0.00000000,0.00000000));
#3035 = AXIS2_PLACEMENT_3D('',#3032,#3033,#3034);
#3036 = PLANE('',#3035);
#3037 = ADVANCED_FACE('',(#3031),#3036,.T.);
#3038 = CARTESIAN_POINT('',(-700.00000000,-1308.20000000,0.00000000));
#3039 = VERTEX_POINT('',#3038);
#3040 = CARTESIAN_POINT('',(-696.00000000,-1308.20000000,0.00000000));
#3041 = VERTEX_POINT('',#3040);
#3042 = DIRECTION('',(1.00000000,0.00000000,0.00000000));
#3043 = VECTOR('',#3042,1.0);
#3044 = LINE('',#3038,#3043);
#3045 = EDGE_CURVE('',#3039,#3041,#3044,.T.);
#3046 = ORIENTED_EDGE('',*,*,#3045,.T.);
#3047 = DIRECTION('',(0.00000000,-0.19509032,-0.98078528));
#3048 = VECTOR('',#3047,1.0);
#3049 = LINE('',#3012,#3048);
#3050 = EDGE_CURVE('',#3013,#3041,#3049,.T.);
#3051 = ORIENTED_EDGE('',*,*,#3050,.F.);
#3052 = ORIENTED_EDGE('',*,*,#3017,.F.);
#3053 = DIRECTION('',(0.00000000,-0.19509032,-0.98078528));
#3054 = VECTOR('',#3053,1.0);
#3055 = LINE('',#3010,#3054);
#3056 = EDGE_CURVE('',#3011,#3039,#3055,.T.);
#3057 = ORIENTED_EDGE('',*,*,#3056,.T.);
#3058 = EDGE_LOOP('',(#3046,#3051,#3052,#3057));
#3059 = FACE_OUTER_BOUND('',#3058,.T.);
#3060 = CARTESIAN_POINT('',(-700.00000000,-1308.20000000,0.00000000));
#3061 = DIRECTION('',(0.00000000,-0.98078528,0.19509032));
#3062 = DIRECTION('',(1.00000000,0.00000000,0.00000000));
#3063 = AXIS2_PLACEMENT_3D('',#3060,#3061,#3062);
#3064 = PLANE('',#3063);
#3065 = ADVANCED_FACE('',(#3059),#3064,.T.);
#3066 = CARTESIAN_POINT('',(-700.00000000,-1292.73232101,-77.76127346));
#3067 = VERTEX_POINT('',#3066);
#3068 = CARTESIAN_POINT('',(-696.00000000,-1292.73232101,-77.76127346));
#3069 = VERTEX_POINT('',#3068);
#3070 = DIRECTION('',(1.00000000,0.00000000,0.00000000));
#3071 = VECTOR('',#3070,1.0);
#3072 = LINE('',#3066,#3071);
#3073 = EDGE_CURVE('',#3067,#3069,#3072,.T.);
#3074 = ORIENTED_EDGE('',*,*,#3073,.T.);
#3075 = DIRECTION('',(0.00000000,0.19509032,-0.98078528));
#3076 = VECTOR('',#3075,1.0);
#3077 = LINE('',#3040,#3076);
#3078 = EDGE_CURVE('',#3041,#3069,#3077,.T.);
#3079 = ORIENTED_EDGE('',*,*,#3078,.F.);
#3080 = ORIENTED_EDGE('',*,*,#3045,.F.);
#3081 = DIRECTION('',(0.00000000,0.19509032,-0.98078528));
#3082 = VECTOR('',#3081,1.0);
#3083 = LINE('',#3038,#3082);
#3084 = EDGE_CURVE('',#3039,#3067,#3083,.T.);
#3085 = ORIENTED_EDGE('',*,*,#3084,.T.);
#3086 = EDGE_LOOP('',(#3074,#3079,#3080,#3085));
#3087 = FACE_OUTER_BOUND('',#3086,.T.);
#3088 = CARTESIAN_POINT('',(-700.00000000,-1292.73232101,-77.76127346));
#3089 = DIRECTION('',(0.00000000,-0.98078528,-0.19509032));
#3090 = DIRECTION('',(1.00000000,0.00000000,0.00000000));
#3091 = AXIS2_PLACEMENT_3D('',#3088,#3089,#3090);
#3092 = PLANE('',#3091);
#3093 = ADVANCED_FACE('',(#3087),#3092,.T.);
#3094 = CARTESIAN_POINT('',(-700.00000000,-1248.68409794,-143.68409794));
#3095 = VERTEX_POINT('',#3094);
#3096 = CARTESIAN_POINT('',(-696.00000000,-1248.68409794,-143.68409794));
#3097 = VERTEX_POINT('',#3096);
#3098 = DIRECTION('',(1.00000000,0.00000000,0.00000000));
#3099 = VECTOR('',#3098,1.0);
#3100 = LINE('',#3094,#3099);
#3101 = EDGE_CURVE('',#3095,#3097,#3100,.T.);
#3102 = ORIENTED_EDGE('',*,*,#3101,.T.);
#3103 = DIRECTION('',(0.00000000,0.55557023,-0.83146961));
#3104 = VECTOR('',#3103,1.0);
#3105 = LINE('',#3068,#3104);
#3106 = EDGE_CURVE('',#3069,#3097,#3105,.T.);
#3107 = ORIENTED_EDGE('',*,*,#3106,.F.);
#3108 = ORIENTED_EDGE('',*,*,#3073,.F.);
#3109 = DIRECTION('',(0.00000000,0.55557023,-0.83146961));
#3110 = VECTOR('',#3109,1.0);
#3111 = LINE('',#3066,#3110);
#3112 = EDGE_CURVE('',#3067,#3095,#3111,.T.);
#3113 = ORIENTED_EDGE('',*,*,#3112,.T.);
#3114 = EDGE_LOOP('',(#3102,#3107,#3108,#3113));
#3115 = FACE_OUTER_BOUND('',#3114,.T.);
#3116 = CARTESIAN_POINT('',(-700.00000000,-1248.68409794,-143.68409794));
#3117 = DIRECTION('',(0.00000000,-0.83146961,-0.55557023));
#3118 = DIRECTION('',(1.00000000,0.00000000,0.00000000));
#3119 = AXIS2_PLACEMENT_3D('',#3116,#3117,#3118);
#3120 = PLANE('',#3119);
#3121 = ADVANCED_FACE('',(#3115),#3120,.T.);
#3122 = CARTESIAN_POINT('',(-700.00000000,-1182.76127346,-187.73232101));
#3123 = VERTEX_POINT('',#3122);
#3124 = CARTESIAN_POINT('',(-696.00000000,-1182.76127346,-187.73232101));
#3125 = VERTEX_POINT('',#3124);
#3126 = DIRECTION('',(1.00000000,0.00000000,0.00000000));
#3127 = VECTOR('',#3126,1.0);
#3128 = LINE('',#3122,#3127);
#3129 = EDGE_CURVE('',#3123,#3125,#3128,.T.);
#3130 = ORIENTED_EDGE('',*,*,#3129,.T.);
#3131 = DIRECTION('',(0.00000000,0.83146961,-0.55557023));
#3132 = VECTOR('',#3131,1.0);
#3133 = LINE('',#3096,#3132);
#3134 = EDGE_CURVE('',#3097,#3125,#3133,.T.);
#3135 = ORIENTED_EDGE('',*,*,#3134,.F.);
#3136 = ORIENTED_EDGE('',*,*,#3101,.F.);
#3137 = DIRECTION('',(0.00000000,0.83146961,-0.55557023));
#3138 = VECTOR('',#3137,1.0);
#3139 = LINE('',#3094,#3138);
#3140 = EDGE_CURVE('',#3095,#3123,#3139,.T.);
#3141 = ORIENTED_EDGE('',*,*,#3140,.T.);
#3142 = EDGE_LOOP('',(#3130,#3135,#3136,#3141));
#3143 = FACE_OUTER_BOUND('',#3142,.T.);
#3144 = CARTESIAN_POINT('',(-700.00000000,-1182.76127346,-187.73232101));
#3145 = DIRECTION('',(0.00000000,-0.55557023,-0.83146961));
#3146 = DIRECTION('',(1.00000000,0.00000000,0.00000000));
#3147 = AXIS2_PLACEMENT_3D('',#3144,#3145,#3146);
#3148 = PLANE('',#3147);
#3149 = ADVANCED_FACE('',(#3143),#3148,.T.);
#3150 = CARTESIAN_POINT('',(-700.00000000,-1105.00000000,-203.20000000));
#3151 = VERTEX_POINT('',#3150);
#3152 = CARTESIAN_POINT('',(-696.00000000,-1105.00000000,-203.20000000));
#3153 = VERTEX_POINT('',#3152);
#3154 = DIRECTION('',(1.00000000,0.00000000,0.00000000));
#3155 = VECTOR('',#3154,1.0);
#3156 = LINE('',#3150,#3155);
#3157 = EDGE_CURVE('',#3151,#3153,#3156,.T.);
#3158 = ORIENTED_EDGE('',*,*,#3157,.T.);
#3159 = DIRECTION('',(0.00000000,0.98078528,-0.19509032));
#3160 = VECTOR('',#3159,1.0);
#3161 = LINE('',#3124,#3160);
#3162 = EDGE_CURVE('',#3125,#3153,#3161,.T.);
#3163 = ORIENTED_EDGE('',*,*,#3162,.F.);
#3164 = ORIENTED_EDGE('',*,*,#3129,.F.);
#3165 = DIRECTION('',(0.00000000,0.98078528,-0.19509032));
#3166 = VECTOR('',#3165,1.0);
#3167 = LINE('',#3122,#3166);
#3168 = EDGE_CURVE('',#3123,#3151,#3167,.T.);
#3169 = ORIENTED_EDGE('',*,*,#3168,.T.);
#3170 = EDGE_LOOP('',(#3158,#3163,#3164,#3169));
#3171 = FACE_OUTER_BOUND('',#3170,.T.);
#3172 = CARTESIAN_POINT('',(-700.00000000,-1105.00000000,-203.20000000));
#3173 = DIRECTION('',(0.00000000,-0.19509032,-0.98078528));
#3174 = DIRECTION('',(1.00000000,0.00000000,0.00000000));
#3175 = AXIS2_PLACEMENT_3D('',#3172,#3173,#3174);
#3176 = PLANE('',#3175);
#3177 = ADVANCED_FACE('',(#3171),#3176,.T.);
#3178 = CARTESIAN_POINT('',(-700.00000000,-1027.23872654,-187.73232101));
#3179 = VERTEX_POINT('',#3178);
#3180 = CARTESIAN_POINT('',(-696.00000000,-1027.23872654,-187.73232101));
#3181 = VERTEX_POINT('',#3180);
#3182 = DIRECTION('',(1.00000000,0.00000000,0.00000000));
#3183 = VECTOR('',#3182,1.0);
#3184 = LINE('',#3178,#3183);
#3185 = EDGE_CURVE('',#3179,#3181,#3184,.T.);
#3186 = ORIENTED_EDGE('',*,*,#3185,.T.);
#3187 = DIRECTION('',(0.00000000,0.98078528,0.19509032));
#3188 = VECTOR('',#3187,1.0);
#3189 = LINE('',#3152,#3188);
#3190 = EDGE_CURVE('',#3153,#3181,#3189,.T.);
#3191 = ORIENTED_EDGE('',*,*,#3190,.F.);
#3192 = ORIENTED_EDGE('',*,*,#3157,.F.);
#3193 = DIRECTION('',(0.00000000,0.98078528,0.19509032));
#3194 = VECTOR('',#3193,1.0);
#3195 = LINE('',#3150,#3194);
#3196 = EDGE_CURVE('',#3151,#3179,#3195,.T.);
#3197 = ORIENTED_EDGE('',*,*,#3196,.T.);
#3198 = EDGE_LOOP('',(#3186,#3191,#3192,#3197));
#3199 = FACE_OUTER_BOUND('',#3198,.T.);
#3200 = CARTESIAN_POINT('',(-700.00000000,-1027.23872654,-187.73232101));
#3201 = DIRECTION('',(0.00000000,0.19509032,-0.98078528));
#3202 = DIRECTION('',(1.00000000,0.00000000,0.00000000));
#3203 = AXIS2_PLACEMENT_3D('',#3200,#3201,#3202);
#3204 = PLANE('',#3203);
#3205 = ADVANCED_FACE('',(#3199),#3204,.T.);
#3206 = CARTESIAN_POINT('',(-700.00000000,-961.31590206,-143.68409794));
#3207 = VERTEX_POINT('',#3206);
#3208 = CARTESIAN_POINT('',(-696.00000000,-961.31590206,-143.68409794));
#3209 = VERTEX_POINT('',#3208);
#3210 = DIRECTION('',(1.00000000,0.00000000,0.00000000));
#3211 = VECTOR('',#3210,1.0);
#3212 = LINE('',#3206,#3211);
#3213 = EDGE_CURVE('',#3207,#3209,#3212,.T.);
#3214 = ORIENTED_EDGE('',*,*,#3213,.T.);
#3215 = DIRECTION('',(0.00000000,0.83146961,0.55557023));
#3216 = VECTOR('',#3215,1.0);
#3217 = LINE('',#3180,#3216);
#3218 = EDGE_CURVE('',#3181,#3209,#3217,.T.);
#3219 = ORIENTED_EDGE('',*,*,#3218,.F.);
#3220 = ORIENTED_EDGE('',*,*,#3185,.F.);
#3221 = DIRECTION('',(0.00000000,0.83146961,0.55557023));
#3222 = VECTOR('',#3221,1.0);
#3223 = LINE('',#3178,#3222);
#3224 = EDGE_CURVE('',#3179,#3207,#3223,.T.);
#3225 = ORIENTED_EDGE('',*,*,#3224,.T.);
#3226 = EDGE_LOOP('',(#3214,#3219,#3220,#3225));
#3227 = FACE_OUTER_BOUND('',#3226,.T.);
#3228 = CARTESIAN_POINT('',(-700.00000000,-961.31590206,-143.68409794));
#3229 = DIRECTION('',(0.00000000,0.55557023,-0.83146961));
#3230 = DIRECTION('',(1.00000000,0.00000000,0.00000000));
#3231 = AXIS2_PLACEMENT_3D('',#3228,#3229,#3230);
#3232 = PLANE('',#3231);
#3233 = ADVANCED_FACE('',(#3227),#3232,.T.);
#3234 = CARTESIAN_POINT('',(-700.00000000,-917.26767899,-77.76127346));
#3235 = VERTEX_POINT('',#3234);
#3236 = CARTESIAN_POINT('',(-696.00000000,-917.26767899,-77.76127346));
#3237 = VERTEX_POINT('',#3236);
#3238 = DIRECTION('',(1.00000000,0.00000000,0.00000000));
#3239 = VECTOR('',#3238,1.0);
#3240 = LINE('',#3234,#3239);
#3241 = EDGE_CURVE('',#3235,#3237,#3240,.T.);
#3242 = ORIENTED_EDGE('',*,*,#3241,.T.);
#3243 = DIRECTION('',(0.00000000,0.55557023,0.83146961));
#3244 = VECTOR('',#3243,1.0);
#3245 = LINE('',#3208,#3244);
#3246 = EDGE_CURVE('',#3209,#3237,#3245,.T.);
#3247 = ORIENTED_EDGE('',*,*,#3246,.F.);
#3248 = ORIENTED_EDGE('',*,*,#3213,.F.);
#3249 = DIRECTION('',(0.00000000,0.55557023,0.83146961));
#3250 = VECTOR('',#3249,1.0);
#3251 = LINE('',#3206,#3250);
#3252 = EDGE_CURVE('',#3207,#3235,#3251,.T.);
#3253 = ORIENTED_EDGE('',*,*,#3252,.T.);
#3254 = EDGE_LOOP('',(#3242,#3247,#3248,#3253));
#3255 = FACE_OUTER_BOUND('',#3254,.T.);
#3256 = CARTESIAN_POINT('',(-700.00000000,-917.26767899,-77.76127346));
#3257 = DIRECTION('',(0.00000000,0.83146961,-0.55557023));
#3258 = DIRECTION('',(1.00000000,0.00000000,0.00000000));
#3259 = AXIS2_PLACEMENT_3D('',#3256,#3257,#3258);
#3260 = PLANE('',#3259);
#3261 = ADVANCED_FACE('',(#3255),#3260,.T.);
#3262 = ORIENTED_EDGE('',*,*,#2855,.F.);
#3263 = DIRECTION('',(0.00000000,-0.19509032,-0.98078528));
#3264 = VECTOR('',#3263,1.0);
#3265 = LINE('',#2838,#3264);
#3266 = EDGE_CURVE('',#2839,#3237,#3265,.T.);
#3267 = ORIENTED_EDGE('',*,*,#3266,.T.);
#3268 = ORIENTED_EDGE('',*,*,#3241,.F.);
#3269 = DIRECTION('',(0.00000000,-0.19509032,-0.98078528));
#3270 = VECTOR('',#3269,1.0);
#3271 = LINE('',#2840,#3270);
#3272 = EDGE_CURVE('',#2841,#3235,#3271,.T.);
#3273 = ORIENTED_EDGE('',*,*,#3272,.F.);
#3274 = EDGE_LOOP('',(#3262,#3267,#3268,#3273));
#3275 = FACE_OUTER_BOUND('',#3274,.T.);
#3276 = CARTESIAN_POINT('',(-700.00000000,-901.80000000,0.00000000));
#3277 = DIRECTION('',(0.00000000,0.98078528,-0.19509032));
#3278 = DIRECTION('',(1.00000000,0.00000000,0.00000000));
#3279 = AXIS2_PLACEMENT_3D('',#3276,#3277,#3278);
#3280 = PLANE('',#3279);
#3281 = ADVANCED_FACE('',(#3275),#3280,.T.);
#3282 = ORIENTED_EDGE('',*,*,#3252,.F.);
#3283 = ORIENTED_EDGE('',*,*,#3224,.F.);
#3284 = ORIENTED_EDGE('',*,*,#3196,.F.);
#3285 = ORIENTED_EDGE('',*,*,#3168,.F.);
#3286 = ORIENTED_EDGE('',*,*,#3140,.F.);
#3287 = ORIENTED_EDGE('',*,*,#3112,.F.);
#3288 = ORIENTED_EDGE('',*,*,#3084,.F.);
#3289 = ORIENTED_EDGE('',*,*,#3056,.F.);
#3290 = ORIENTED_EDGE('',*,*,#3028,.F.);
#3291 = ORIENTED_EDGE('',*,*,#3000,.F.);
#3292 = ORIENTED_EDGE('',*,*,#2972,.F.);
#3293 = ORIENTED_EDGE('',*,*,#2944,.F.);
#3294 = ORIENTED_EDGE('',*,*,#2916,.F.);
#3295 = ORIENTED_EDGE('',*,*,#2888,.F.);
#3296 = ORIENTED_EDGE('',*,*,#2860,.T.);
#3297 = ORIENTED_EDGE('',*,*,#3272,.T.);
#3298 = EDGE_LOOP('',(#3282,#3283,#3284,#3285,#3286,#3287,#3288,#3289,#3290,#3291,#3292,#3293,#3294,#3295,#3296,#3297));
#3299 = FACE_OUTER_BOUND('',#3298,.T.);
#3300 = CARTESIAN_POINT('',(-700.00000000,-917.26767899,-77.76127346));
#3301 = DIRECTION('',(-1.00000000,0.00000000,0.00000000));
#3302 = DIRECTION('',(0.00000000,-0.55557023,-0.83146961));
#3303 = AXIS2_PLACEMENT_3D('',#3300,#3301,#3302);
#3304 = PLANE('',#3303);
#3305 = ADVANCED_FACE('',(#3299),#3304,.T.);
#3306 = ORIENTED_EDGE('',*,*,#2850,.F.);
#3307 = ORIENTED_EDGE('',*,*,#2882,.T.);
#3308 = ORIENTED_EDGE('',*,*,#2910,.T.);
#3309 = ORIENTED_EDGE('',*,*,#2938,.T.);
#3310 = ORIENTED_EDGE('',*,*,#2966,.T.);
#3311 = ORIENTED_EDGE('',*,*,#2994,.T.);
#3312 = ORIENTED_EDGE('',*,*,#3022,.T.);
#3313 = ORIENTED_EDGE('',*,*,#3050,.T.);
#3314 = ORIENTED_EDGE('',*,*,#3078,.T.);
#3315 = ORIENTED_EDGE('',*,*,#3106,.T.);
#3316 = ORIENTED_EDGE('',*,*,#3134,.T.);
#3317 = ORIENTED_EDGE('',*,*,#3162,.T.);
#3318 = ORIENTED_EDGE('',*,*,#3190,.T.);
#3319 = ORIENTED_EDGE('',*,*,#3218,.T.);
#3320 = ORIENTED_EDGE('',*,*,#3246,.T.);
#3321 = ORIENTED_EDGE('',*,*,#3266,.F.);
#3322 = EDGE_LOOP('',(#3306,#3307,#3308,#3309,#3310,#3311,#3312,#3313,#3314,#3315,#3316,#3317,#3318,#3319,#3320,#3321));
#3323 = FACE_OUTER_BOUND('',#3322,.T.);
#3324 = CARTESIAN_POINT('',(-696.00000000,-901.80000000,0.00000000));
#3325 = DIRECTION('',(1.00000000,0.00000000,0.00000000));
#3326 = DIRECTION('',(0.00000000,-0.19509032,0.98078528));
#3327 = AXIS2_PLACEMENT_3D('',#3324,#3325,#3326);
#3328 = PLANE('',#3327);
#3329 = ADVANCED_FACE('',(#3323),#3328,.T.);
#3330 = CLOSED_SHELL('',(#2869,#2897,#2925,#2953,#2981,#3009,#3037,#3065,#3093,#3121,#3149,#3177,#3205,#3233,#3261,#3281,#3305,#3329));
#3331 = MANIFOLD_SOLID_BREP('',#3330);
#3332 = CARTESIAN_POINT('',(-700.00000000,1292.73232101,77.76127346));
#3333 = VERTEX_POINT('',#3332);
#3334 = CARTESIAN_POINT('',(-696.00000000,1292.73232101,77.76127346));
#3335 = VERTEX_POINT('',#3334);
#3336 = CARTESIAN_POINT('',(-696.00000000,1308.20000000,0.00000000));
#3337 = VERTEX_POINT('',#3336);
#3338 = CARTESIAN_POINT('',(-700.00000000,1308.20000000,0.00000000));
#3339 = VERTEX_POINT('',#3338);
#3340 = DIRECTION('',(1.00000000,0.00000000,0.00000000));
#3341 = VECTOR('',#3340,1.0);
#3342 = LINE('',#3332,#3341);
#3343 = EDGE_CURVE('',#3333,#3335,#3342,.T.);
#3344 = ORIENTED_EDGE('',*,*,#3343,.T.);
#3345 = DIRECTION('',(0.00000000,0.19509032,-0.98078528));
#3346 = VECTOR('',#3345,1.0);
#3347 = LINE('',#3334,#3346);
#3348 = EDGE_CURVE('',#3335,#3337,#3347,.T.);
#3349 = ORIENTED_EDGE('',*,*,#3348,.T.);
#3350 = DIRECTION('',(-1.00000000,0.00000000,0.00000000));
#3351 = VECTOR('',#3350,1.0);
#3352 = LINE('',#3336,#3351);
#3353 = EDGE_CURVE('',#3337,#3339,#3352,.T.);
#3354 = ORIENTED_EDGE('',*,*,#3353,.T.);
#3355 = DIRECTION('',(0.00000000,0.19509032,-0.98078528));
#3356 = VECTOR('',#3355,1.0);
#3357 = LINE('',#3332,#3356);
#3358 = EDGE_CURVE('',#3333,#3339,#3357,.T.);
#3359 = ORIENTED_EDGE('',*,*,#3358,.F.);
#3360 = EDGE_LOOP('',(#3344,#3349,#3354,#3359));
#3361 = FACE_OUTER_BOUND('',#3360,.T.);
#3362 = CARTESIAN_POINT('',(-700.00000000,1292.73232101,77.76127346));
#3363 = DIRECTION('',(-0.00000000,0.98078528,0.19509032));
#3364 = DIRECTION('',(1.00000000,0.00000000,0.00000000));
#3365 = AXIS2_PLACEMENT_3D('',#3362,#3363,#3364);
#3366 = PLANE('',#3365);
#3367 = ADVANCED_FACE('',(#3361),#3366,.T.);
#3368 = CARTESIAN_POINT('',(-700.00000000,1248.68409794,143.68409794));
#3369 = VERTEX_POINT('',#3368);
#3370 = CARTESIAN_POINT('',(-696.00000000,1248.68409794,143.68409794));
#3371 = VERTEX_POINT('',#3370);
#3372 = DIRECTION('',(1.00000000,0.00000000,0.00000000));
#3373 = VECTOR('',#3372,1.0);
#3374 = LINE('',#3368,#3373);
#3375 = EDGE_CURVE('',#3369,#3371,#3374,.T.);
#3376 = ORIENTED_EDGE('',*,*,#3375,.T.);
#3377 = DIRECTION('',(0.00000000,-0.55557023,0.83146961));
#3378 = VECTOR('',#3377,1.0);
#3379 = LINE('',#3334,#3378);
#3380 = EDGE_CURVE('',#3335,#3371,#3379,.T.);
#3381 = ORIENTED_EDGE('',*,*,#3380,.F.);
#3382 = ORIENTED_EDGE('',*,*,#3343,.F.);
#3383 = DIRECTION('',(0.00000000,-0.55557023,0.83146961));
#3384 = VECTOR('',#3383,1.0);
#3385 = LINE('',#3332,#3384);
#3386 = EDGE_CURVE('',#3333,#3369,#3385,.T.);
#3387 = ORIENTED_EDGE('',*,*,#3386,.T.);
#3388 = EDGE_LOOP('',(#3376,#3381,#3382,#3387));
#3389 = FACE_OUTER_BOUND('',#3388,.T.);
#3390 = CARTESIAN_POINT('',(-700.00000000,1248.68409794,143.68409794));
#3391 = DIRECTION('',(-0.00000000,0.83146961,0.55557023));
#3392 = DIRECTION('',(1.00000000,0.00000000,0.00000000));
#3393 = AXIS2_PLACEMENT_3D('',#3390,#3391,#3392);
#3394 = PLANE('',#3393);
#3395 = ADVANCED_FACE('',(#3389),#3394,.T.);
#3396 = CARTESIAN_POINT('',(-700.00000000,1182.76127346,187.73232101));
#3397 = VERTEX_POINT('',#3396);
#3398 = CARTESIAN_POINT('',(-696.00000000,1182.76127346,187.73232101));
#3399 = VERTEX_POINT('',#3398);
#3400 = DIRECTION('',(1.00000000,0.00000000,0.00000000));
#3401 = VECTOR('',#3400,1.0);
#3402 = LINE('',#3396,#3401);
#3403 = EDGE_CURVE('',#3397,#3399,#3402,.T.);
#3404 = ORIENTED_EDGE('',*,*,#3403,.T.);
#3405 = DIRECTION('',(0.00000000,-0.83146961,0.55557023));
#3406 = VECTOR('',#3405,1.0);
#3407 = LINE('',#3370,#3406);
#3408 = EDGE_CURVE('',#3371,#3399,#3407,.T.);
#3409 = ORIENTED_EDGE('',*,*,#3408,.F.);
#3410 = ORIENTED_EDGE('',*,*,#3375,.F.);
#3411 = DIRECTION('',(0.00000000,-0.83146961,0.55557023));
#3412 = VECTOR('',#3411,1.0);
#3413 = LINE('',#3368,#3412);
#3414 = EDGE_CURVE('',#3369,#3397,#3413,.T.);
#3415 = ORIENTED_EDGE('',*,*,#3414,.T.);
#3416 = EDGE_LOOP('',(#3404,#3409,#3410,#3415));
#3417 = FACE_OUTER_BOUND('',#3416,.T.);
#3418 = CARTESIAN_POINT('',(-700.00000000,1182.76127346,187.73232101));
#3419 = DIRECTION('',(-0.00000000,0.55557023,0.83146961));
#3420 = DIRECTION('',(1.00000000,0.00000000,0.00000000));
#3421 = AXIS2_PLACEMENT_3D('',#3418,#3419,#3420);
#3422 = PLANE('',#3421);
#3423 = ADVANCED_FACE('',(#3417),#3422,.T.);
#3424 = CARTESIAN_POINT('',(-700.00000000,1105.00000000,203.20000000));
#3425 = VERTEX_POINT('',#3424);
#3426 = CARTESIAN_POINT('',(-696.00000000,1105.00000000,203.20000000));
#3427 = VERTEX_POINT('',#3426);
#3428 = DIRECTION('',(1.00000000,0.00000000,0.00000000));
#3429 = VECTOR('',#3428,1.0);
#3430 = LINE('',#3424,#3429);
#3431 = EDGE_CURVE('',#3425,#3427,#3430,.T.);
#3432 = ORIENTED_EDGE('',*,*,#3431,.T.);
#3433 = DIRECTION('',(0.00000000,-0.98078528,0.19509032));
#3434 = VECTOR('',#3433,1.0);
#3435 = LINE('',#3398,#3434);
#3436 = EDGE_CURVE('',#3399,#3427,#3435,.T.);
#3437 = ORIENTED_EDGE('',*,*,#3436,.F.);
#3438 = ORIENTED_EDGE('',*,*,#3403,.F.);
#3439 = DIRECTION('',(0.00000000,-0.98078528,0.19509032));
#3440 = VECTOR('',#3439,1.0);
#3441 = LINE('',#3396,#3440);
#3442 = EDGE_CURVE('',#3397,#3425,#3441,.T.);
#3443 = ORIENTED_EDGE('',*,*,#3442,.T.);
#3444 = EDGE_LOOP('',(#3432,#3437,#3438,#3443));
#3445 = FACE_OUTER_BOUND('',#3444,.T.);
#3446 = CARTESIAN_POINT('',(-700.00000000,1105.00000000,203.20000000));
#3447 = DIRECTION('',(-0.00000000,0.19509032,0.98078528));
#3448 = DIRECTION('',(1.00000000,0.00000000,0.00000000));
#3449 = AXIS2_PLACEMENT_3D('',#3446,#3447,#3448);
#3450 = PLANE('',#3449);
#3451 = ADVANCED_FACE('',(#3445),#3450,.T.);
#3452 = CARTESIAN_POINT('',(-700.00000000,1027.23872654,187.73232101));
#3453 = VERTEX_POINT('',#3452);
#3454 = CARTESIAN_POINT('',(-696.00000000,1027.23872654,187.73232101));
#3455 = VERTEX_POINT('',#3454);
#3456 = DIRECTION('',(1.00000000,0.00000000,0.00000000));
#3457 = VECTOR('',#3456,1.0);
#3458 = LINE('',#3452,#3457);
#3459 = EDGE_CURVE('',#3453,#3455,#3458,.T.);
#3460 = ORIENTED_EDGE('',*,*,#3459,.T.);
#3461 = DIRECTION('',(0.00000000,-0.98078528,-0.19509032));
#3462 = VECTOR('',#3461,1.0);
#3463 = LINE('',#3426,#3462);
#3464 = EDGE_CURVE('',#3427,#3455,#3463,.T.);
#3465 = ORIENTED_EDGE('',*,*,#3464,.F.);
#3466 = ORIENTED_EDGE('',*,*,#3431,.F.);
#3467 = DIRECTION('',(0.00000000,-0.98078528,-0.19509032));
#3468 = VECTOR('',#3467,1.0);
#3469 = LINE('',#3424,#3468);
#3470 = EDGE_CURVE('',#3425,#3453,#3469,.T.);
#3471 = ORIENTED_EDGE('',*,*,#3470,.T.);
#3472 = EDGE_LOOP('',(#3460,#3465,#3466,#3471));
#3473 = FACE_OUTER_BOUND('',#3472,.T.);
#3474 = CARTESIAN_POINT('',(-700.00000000,1027.23872654,187.73232101));
#3475 = DIRECTION('',(0.00000000,-0.19509032,0.98078528));
#3476 = DIRECTION('',(1.00000000,0.00000000,0.00000000));
#3477 = AXIS2_PLACEMENT_3D('',#3474,#3475,#3476);
#3478 = PLANE('',#3477);
#3479 = ADVANCED_FACE('',(#3473),#3478,.T.);
#3480 = CARTESIAN_POINT('',(-700.00000000,961.31590206,143.68409794));
#3481 = VERTEX_POINT('',#3480);
#3482 = CARTESIAN_POINT('',(-696.00000000,961.31590206,143.68409794));
#3483 = VERTEX_POINT('',#3482);
#3484 = DIRECTION('',(1.00000000,0.00000000,0.00000000));
#3485 = VECTOR('',#3484,1.0);
#3486 = LINE('',#3480,#3485);
#3487 = EDGE_CURVE('',#3481,#3483,#3486,.T.);
#3488 = ORIENTED_EDGE('',*,*,#3487,.T.);
#3489 = DIRECTION('',(0.00000000,-0.83146961,-0.55557023));
#3490 = VECTOR('',#3489,1.0);
#3491 = LINE('',#3454,#3490);
#3492 = EDGE_CURVE('',#3455,#3483,#3491,.T.);
#3493 = ORIENTED_EDGE('',*,*,#3492,.F.);
#3494 = ORIENTED_EDGE('',*,*,#3459,.F.);
#3495 = DIRECTION('',(0.00000000,-0.83146961,-0.55557023));
#3496 = VECTOR('',#3495,1.0);
#3497 = LINE('',#3452,#3496);
#3498 = EDGE_CURVE('',#3453,#3481,#3497,.T.);
#3499 = ORIENTED_EDGE('',*,*,#3498,.T.);
#3500 = EDGE_LOOP('',(#3488,#3493,#3494,#3499));
#3501 = FACE_OUTER_BOUND('',#3500,.T.);
#3502 = CARTESIAN_POINT('',(-700.00000000,961.31590206,143.68409794));
#3503 = DIRECTION('',(0.00000000,-0.55557023,0.83146961));
#3504 = DIRECTION('',(1.00000000,0.00000000,0.00000000));
#3505 = AXIS2_PLACEMENT_3D('',#3502,#3503,#3504);
#3506 = PLANE('',#3505);
#3507 = ADVANCED_FACE('',(#3501),#3506,.T.);
#3508 = CARTESIAN_POINT('',(-700.00000000,917.26767899,77.76127346));
#3509 = VERTEX_POINT('',#3508);
#3510 = CARTESIAN_POINT('',(-696.00000000,917.26767899,77.76127346));
#3511 = VERTEX_POINT('',#3510);
#3512 = DIRECTION('',(1.00000000,0.00000000,0.00000000));
#3513 = VECTOR('',#3512,1.0);
#3514 = LINE('',#3508,#3513);
#3515 = EDGE_CURVE('',#3509,#3511,#3514,.T.);
#3516 = ORIENTED_EDGE('',*,*,#3515,.T.);
#3517 = DIRECTION('',(0.00000000,-0.55557023,-0.83146961));
#3518 = VECTOR('',#3517,1.0);
#3519 = LINE('',#3482,#3518);
#3520 = EDGE_CURVE('',#3483,#3511,#3519,.T.);
#3521 = ORIENTED_EDGE('',*,*,#3520,.F.);
#3522 = ORIENTED_EDGE('',*,*,#3487,.F.);
#3523 = DIRECTION('',(0.00000000,-0.55557023,-0.83146961));
#3524 = VECTOR('',#3523,1.0);
#3525 = LINE('',#3480,#3524);
#3526 = EDGE_CURVE('',#3481,#3509,#3525,.T.);
#3527 = ORIENTED_EDGE('',*,*,#3526,.T.);
#3528 = EDGE_LOOP('',(#3516,#3521,#3522,#3527));
#3529 = FACE_OUTER_BOUND('',#3528,.T.);
#3530 = CARTESIAN_POINT('',(-700.00000000,917.26767899,77.76127346));
#3531 = DIRECTION('',(0.00000000,-0.83146961,0.55557023));
#3532 = DIRECTION('',(1.00000000,0.00000000,0.00000000));
#3533 = AXIS2_PLACEMENT_3D('',#3530,#3531,#3532);
#3534 = PLANE('',#3533);
#3535 = ADVANCED_FACE('',(#3529),#3534,.T.);
#3536 = CARTESIAN_POINT('',(-700.00000000,901.80000000,0.00000000));
#3537 = VERTEX_POINT('',#3536);
#3538 = CARTESIAN_POINT('',(-696.00000000,901.80000000,0.00000000));
#3539 = VERTEX_POINT('',#3538);
#3540 = DIRECTION('',(1.00000000,0.00000000,0.00000000));
#3541 = VECTOR('',#3540,1.0);
#3542 = LINE('',#3536,#3541);
#3543 = EDGE_CURVE('',#3537,#3539,#3542,.T.);
#3544 = ORIENTED_EDGE('',*,*,#3543,.T.);
#3545 = DIRECTION('',(0.00000000,-0.19509032,-0.98078528));
#3546 = VECTOR('',#3545,1.0);
#3547 = LINE('',#3510,#3546);
#3548 = EDGE_CURVE('',#3511,#3539,#3547,.T.);
#3549 = ORIENTED_EDGE('',*,*,#3548,.F.);
#3550 = ORIENTED_EDGE('',*,*,#3515,.F.);
#3551 = DIRECTION('',(0.00000000,-0.19509032,-0.98078528));
#3552 = VECTOR('',#3551,1.0);
#3553 = LINE('',#3508,#3552);
#3554 = EDGE_CURVE('',#3509,#3537,#3553,.T.);
#3555 = ORIENTED_EDGE('',*,*,#3554,.T.);
#3556 = EDGE_LOOP('',(#3544,#3549,#3550,#3555));
#3557 = FACE_OUTER_BOUND('',#3556,.T.);
#3558 = CARTESIAN_POINT('',(-700.00000000,901.80000000,0.00000000));
#3559 = DIRECTION('',(0.00000000,-0.98078528,0.19509032));
#3560 = DIRECTION('',(1.00000000,0.00000000,0.00000000));
#3561 = AXIS2_PLACEMENT_3D('',#3558,#3559,#3560);
#3562 = PLANE('',#3561);
#3563 = ADVANCED_FACE('',(#3557),#3562,.T.);
#3564 = CARTESIAN_POINT('',(-700.00000000,917.26767899,-77.76127346));
#3565 = VERTEX_POINT('',#3564);
#3566 = CARTESIAN_POINT('',(-696.00000000,917.26767899,-77.76127346));
#3567 = VERTEX_POINT('',#3566);
#3568 = DIRECTION('',(1.00000000,0.00000000,0.00000000));
#3569 = VECTOR('',#3568,1.0);
#3570 = LINE('',#3564,#3569);
#3571 = EDGE_CURVE('',#3565,#3567,#3570,.T.);
#3572 = ORIENTED_EDGE('',*,*,#3571,.T.);
#3573 = DIRECTION('',(0.00000000,0.19509032,-0.98078528));
#3574 = VECTOR('',#3573,1.0);
#3575 = LINE('',#3538,#3574);
#3576 = EDGE_CURVE('',#3539,#3567,#3575,.T.);
#3577 = ORIENTED_EDGE('',*,*,#3576,.F.);
#3578 = ORIENTED_EDGE('',*,*,#3543,.F.);
#3579 = DIRECTION('',(0.00000000,0.19509032,-0.98078528));
#3580 = VECTOR('',#3579,1.0);
#3581 = LINE('',#3536,#3580);
#3582 = EDGE_CURVE('',#3537,#3565,#3581,.T.);
#3583 = ORIENTED_EDGE('',*,*,#3582,.T.);
#3584 = EDGE_LOOP('',(#3572,#3577,#3578,#3583));
#3585 = FACE_OUTER_BOUND('',#3584,.T.);
#3586 = CARTESIAN_POINT('',(-700.00000000,917.26767899,-77.76127346));
#3587 = DIRECTION('',(0.00000000,-0.98078528,-0.19509032));
#3588 = DIRECTION('',(1.00000000,0.00000000,0.00000000));
#3589 = AXIS2_PLACEMENT_3D('',#3586,#3587,#3588);
#3590 = PLANE('',#3589);
#3591 = ADVANCED_FACE('',(#3585),#3590,.T.);
#3592 = CARTESIAN_POINT('',(-700.00000000,961.31590206,-143.68409794));
#3593 = VERTEX_POINT('',#3592);
#3594 = CARTESIAN_POINT('',(-696.00000000,961.31590206,-143.68409794));
#3595 = VERTEX_POINT('',#3594);
#3596 = DIRECTION('',(1.00000000,0.00000000,0.00000000));
#3597 = VECTOR('',#3596,1.0);
#3598 = LINE('',#3592,#3597);
#3599 = EDGE_CURVE('',#3593,#3595,#3598,.T.);
#3600 = ORIENTED_EDGE('',*,*,#3599,.T.);
#3601 = DIRECTION('',(0.00000000,0.55557023,-0.83146961));
#3602 = VECTOR('',#3601,1.0);
#3603 = LINE('',#3566,#3602);
#3604 = EDGE_CURVE('',#3567,#3595,#3603,.T.);
#3605 = ORIENTED_EDGE('',*,*,#3604,.F.);
#3606 = ORIENTED_EDGE('',*,*,#3571,.F.);
#3607 = DIRECTION('',(0.00000000,0.55557023,-0.83146961));
#3608 = VECTOR('',#3607,1.0);
#3609 = LINE('',#3564,#3608);
#3610 = EDGE_CURVE('',#3565,#3593,#3609,.T.);
#3611 = ORIENTED_EDGE('',*,*,#3610,.T.);
#3612 = EDGE_LOOP('',(#3600,#3605,#3606,#3611));
#3613 = FACE_OUTER_BOUND('',#3612,.T.);
#3614 = CARTESIAN_POINT('',(-700.00000000,961.31590206,-143.68409794));
#3615 = DIRECTION('',(0.00000000,-0.83146961,-0.55557023));
#3616 = DIRECTION('',(1.00000000,0.00000000,0.00000000));
#3617 = AXIS2_PLACEMENT_3D('',#3614,#3615,#3616);
#3618 = PLANE('',#3617);
#3619 = ADVANCED_FACE('',(#3613),#3618,.T.);
#3620 = CARTESIAN_POINT('',(-700.00000000,1027.23872654,-187.73232101));
#3621 = VERTEX_POINT('',#3620);
#3622 = CARTESIAN_POINT('',(-696.00000000,1027.23872654,-187.73232101));
#3623 = VERTEX_POINT('',#3622);
#3624 = DIRECTION('',(1.00000000,0.00000000,0.00000000));
#3625 = VECTOR('',#3624,1.0);
#3626 = LINE('',#3620,#3625);
#3627 = EDGE_CURVE('',#3621,#3623,#3626,.T.);
#3628 = ORIENTED_EDGE('',*,*,#3627,.T.);
#3629 = DIRECTION('',(0.00000000,0.83146961,-0.55557023));
#3630 = VECTOR('',#3629,1.0);
#3631 = LINE('',#3594,#3630);
#3632 = EDGE_CURVE('',#3595,#3623,#3631,.T.);
#3633 = ORIENTED_EDGE('',*,*,#3632,.F.);
#3634 = ORIENTED_EDGE('',*,*,#3599,.F.);
#3635 = DIRECTION('',(0.00000000,0.83146961,-0.55557023));
#3636 = VECTOR('',#3635,1.0);
#3637 = LINE('',#3592,#3636);
#3638 = EDGE_CURVE('',#3593,#3621,#3637,.T.);
#3639 = ORIENTED_EDGE('',*,*,#3638,.T.);
#3640 = EDGE_LOOP('',(#3628,#3633,#3634,#3639));
#3641 = FACE_OUTER_BOUND('',#3640,.T.);
#3642 = CARTESIAN_POINT('',(-700.00000000,1027.23872654,-187.73232101));
#3643 = DIRECTION('',(0.00000000,-0.55557023,-0.83146961));
#3644 = DIRECTION('',(1.00000000,0.00000000,0.00000000));
#3645 = AXIS2_PLACEMENT_3D('',#3642,#3643,#3644);
#3646 = PLANE('',#3645);
#3647 = ADVANCED_FACE('',(#3641),#3646,.T.);
#3648 = CARTESIAN_POINT('',(-700.00000000,1105.00000000,-203.20000000));
#3649 = VERTEX_POINT('',#3648);
#3650 = CARTESIAN_POINT('',(-696.00000000,1105.00000000,-203.20000000));
#3651 = VERTEX_POINT('',#3650);
#3652 = DIRECTION('',(1.00000000,0.00000000,0.00000000));
#3653 = VECTOR('',#3652,1.0);
#3654 = LINE('',#3648,#3653);
#3655 = EDGE_CURVE('',#3649,#3651,#3654,.T.);
#3656 = ORIENTED_EDGE('',*,*,#3655,.T.);
#3657 = DIRECTION('',(0.00000000,0.98078528,-0.19509032));
#3658 = VECTOR('',#3657,1.0);
#3659 = LINE('',#3622,#3658);
#3660 = EDGE_CURVE('',#3623,#3651,#3659,.T.);
#3661 = ORIENTED_EDGE('',*,*,#3660,.F.);
#3662 = ORIENTED_EDGE('',*,*,#3627,.F.);
#3663 = DIRECTION('',(0.00000000,0.98078528,-0.19509032));
#3664 = VECTOR('',#3663,1.0);
#3665 = LINE('',#3620,#3664);
#3666 = EDGE_CURVE('',#3621,#3649,#3665,.T.);
#3667 = ORIENTED_EDGE('',*,*,#3666,.T.);
#3668 = EDGE_LOOP('',(#3656,#3661,#3662,#3667));
#3669 = FACE_OUTER_BOUND('',#3668,.T.);
#3670 = CARTESIAN_POINT('',(-700.00000000,1105.00000000,-203.20000000));
#3671 = DIRECTION('',(0.00000000,-0.19509032,-0.98078528));
#3672 = DIRECTION('',(1.00000000,0.00000000,0.00000000));
#3673 = AXIS2_PLACEMENT_3D('',#3670,#3671,#3672);
#3674 = PLANE('',#3673);
#3675 = ADVANCED_FACE('',(#3669),#3674,.T.);
#3676 = CARTESIAN_POINT('',(-700.00000000,1182.76127346,-187.73232101));
#3677 = VERTEX_POINT('',#3676);
#3678 = CARTESIAN_POINT('',(-696.00000000,1182.76127346,-187.73232101));
#3679 = VERTEX_POINT('',#3678);
#3680 = DIRECTION('',(1.00000000,0.00000000,0.00000000));
#3681 = VECTOR('',#3680,1.0);
#3682 = LINE('',#3676,#3681);
#3683 = EDGE_CURVE('',#3677,#3679,#3682,.T.);
#3684 = ORIENTED_EDGE('',*,*,#3683,.T.);
#3685 = DIRECTION('',(0.00000000,0.98078528,0.19509032));
#3686 = VECTOR('',#3685,1.0);
#3687 = LINE('',#3650,#3686);
#3688 = EDGE_CURVE('',#3651,#3679,#3687,.T.);
#3689 = ORIENTED_EDGE('',*,*,#3688,.F.);
#3690 = ORIENTED_EDGE('',*,*,#3655,.F.);
#3691 = DIRECTION('',(0.00000000,0.98078528,0.19509032));
#3692 = VECTOR('',#3691,1.0);
#3693 = LINE('',#3648,#3692);
#3694 = EDGE_CURVE('',#3649,#3677,#3693,.T.);
#3695 = ORIENTED_EDGE('',*,*,#3694,.T.);
#3696 = EDGE_LOOP('',(#3684,#3689,#3690,#3695));
#3697 = FACE_OUTER_BOUND('',#3696,.T.);
#3698 = CARTESIAN_POINT('',(-700.00000000,1182.76127346,-187.73232101));
#3699 = DIRECTION('',(0.00000000,0.19509032,-0.98078528));
#3700 = DIRECTION('',(1.00000000,0.00000000,0.00000000));
#3701 = AXIS2_PLACEMENT_3D('',#3698,#3699,#3700);
#3702 = PLANE('',#3701);
#3703 = ADVANCED_FACE('',(#3697),#3702,.T.);
#3704 = CARTESIAN_POINT('',(-700.00000000,1248.68409794,-143.68409794));
#3705 = VERTEX_POINT('',#3704);
#3706 = CARTESIAN_POINT('',(-696.00000000,1248.68409794,-143.68409794));
#3707 = VERTEX_POINT('',#3706);
#3708 = DIRECTION('',(1.00000000,0.00000000,0.00000000));
#3709 = VECTOR('',#3708,1.0);
#3710 = LINE('',#3704,#3709);
#3711 = EDGE_CURVE('',#3705,#3707,#3710,.T.);
#3712 = ORIENTED_EDGE('',*,*,#3711,.T.);
#3713 = DIRECTION('',(0.00000000,0.83146961,0.55557023));
#3714 = VECTOR('',#3713,1.0);
#3715 = LINE('',#3678,#3714);
#3716 = EDGE_CURVE('',#3679,#3707,#3715,.T.);
#3717 = ORIENTED_EDGE('',*,*,#3716,.F.);
#3718 = ORIENTED_EDGE('',*,*,#3683,.F.);
#3719 = DIRECTION('',(0.00000000,0.83146961,0.55557023));
#3720 = VECTOR('',#3719,1.0);
#3721 = LINE('',#3676,#3720);
#3722 = EDGE_CURVE('',#3677,#3705,#3721,.T.);
#3723 = ORIENTED_EDGE('',*,*,#3722,.T.);
#3724 = EDGE_LOOP('',(#3712,#3717,#3718,#3723));
#3725 = FACE_OUTER_BOUND('',#3724,.T.);
#3726 = CARTESIAN_POINT('',(-700.00000000,1248.68409794,-143.68409794));
#3727 = DIRECTION('',(0.00000000,0.55557023,-0.83146961));
#3728 = DIRECTION('',(1.00000000,0.00000000,0.00000000));
#3729 = AXIS2_PLACEMENT_3D('',#3726,#3727,#3728);
#3730 = PLANE('',#3729);
#3731 = ADVANCED_FACE('',(#3725),#3730,.T.);
#3732 = CARTESIAN_POINT('',(-700.00000000,1292.73232101,-77.76127346));
#3733 = VERTEX_POINT('',#3732);
#3734 = CARTESIAN_POINT('',(-696.00000000,1292.73232101,-77.76127346));
#3735 = VERTEX_POINT('',#3734);
#3736 = DIRECTION('',(1.00000000,0.00000000,0.00000000));
#3737 = VECTOR('',#3736,1.0);
#3738 = LINE('',#3732,#3737);
#3739 = EDGE_CURVE('',#3733,#3735,#3738,.T.);
#3740 = ORIENTED_EDGE('',*,*,#3739,.T.);
#3741 = DIRECTION('',(0.00000000,0.55557023,0.83146961));
#3742 = VECTOR('',#3741,1.0);
#3743 = LINE('',#3706,#3742);
#3744 = EDGE_CURVE('',#3707,#3735,#3743,.T.);
#3745 = ORIENTED_EDGE('',*,*,#3744,.F.);
#3746 = ORIENTED_EDGE('',*,*,#3711,.F.);
#3747 = DIRECTION('',(0.00000000,0.55557023,0.83146961));
#3748 = VECTOR('',#3747,1.0);
#3749 = LINE('',#3704,#3748);
#3750 = EDGE_CURVE('',#3705,#3733,#3749,.T.);
#3751 = ORIENTED_EDGE('',*,*,#3750,.T.);
#3752 = EDGE_LOOP('',(#3740,#3745,#3746,#3751));
#3753 = FACE_OUTER_BOUND('',#3752,.T.);
#3754 = CARTESIAN_POINT('',(-700.00000000,1292.73232101,-77.76127346));
#3755 = DIRECTION('',(0.00000000,0.83146961,-0.55557023));
#3756 = DIRECTION('',(1.00000000,0.00000000,0.00000000));
#3757 = AXIS2_PLACEMENT_3D('',#3754,#3755,#3756);
#3758 = PLANE('',#3757);
#3759 = ADVANCED_FACE('',(#3753),#3758,.T.);
#3760 = ORIENTED_EDGE('',*,*,#3353,.F.);
#3761 = DIRECTION('',(0.00000000,-0.19509032,-0.98078528));
#3762 = VECTOR('',#3761,1.0);
#3763 = LINE('',#3336,#3762);
#3764 = EDGE_CURVE('',#3337,#3735,#3763,.T.);
#3765 = ORIENTED_EDGE('',*,*,#3764,.T.);
#3766 = ORIENTED_EDGE('',*,*,#3739,.F.);
#3767 = DIRECTION('',(0.00000000,-0.19509032,-0.98078528));
#3768 = VECTOR('',#3767,1.0);
#3769 = LINE('',#3338,#3768);
#3770 = EDGE_CURVE('',#3339,#3733,#3769,.T.);
#3771 = ORIENTED_EDGE('',*,*,#3770,.F.);
#3772 = EDGE_LOOP('',(#3760,#3765,#3766,#3771));
#3773 = FACE_OUTER_BOUND('',#3772,.T.);
#3774 = CARTESIAN_POINT('',(-700.00000000,1308.20000000,0.00000000));
#3775 = DIRECTION('',(0.00000000,0.98078528,-0.19509032));
#3776 = DIRECTION('',(1.00000000,0.00000000,0.00000000));
#3777 = AXIS2_PLACEMENT_3D('',#3774,#3775,#3776);
#3778 = PLANE('',#3777);
#3779 = ADVANCED_FACE('',(#3773),#3778,.T.);
#3780 = ORIENTED_EDGE('',*,*,#3750,.F.);
#3781 = ORIENTED_EDGE('',*,*,#3722,.F.);
#3782 = ORIENTED_EDGE('',*,*,#3694,.F.);
#3783 = ORIENTED_EDGE('',*,*,#3666,.F.);
#3784 = ORIENTED_EDGE('',*,*,#3638,.F.);
#3785 = ORIENTED_EDGE('',*,*,#3610,.F.);
#3786 = ORIENTED_EDGE('',*,*,#3582,.F.);
#3787 = ORIENTED_EDGE('',*,*,#3554,.F.);
#3788 = ORIENTED_EDGE('',*,*,#3526,.F.);
#3789 = ORIENTED_EDGE('',*,*,#3498,.F.);
#3790 = ORIENTED_EDGE('',*,*,#3470,.F.);
#3791 = ORIENTED_EDGE('',*,*,#3442,.F.);
#3792 = ORIENTED_EDGE('',*,*,#3414,.F.);
#3793 = ORIENTED_EDGE('',*,*,#3386,.F.);
#3794 = ORIENTED_EDGE('',*,*,#3358,.T.);
#3795 = ORIENTED_EDGE('',*,*,#3770,.T.);
#3796 = EDGE_LOOP('',(#3780,#3781,#3782,#3783,#3784,#3785,#3786,#3787,#3788,#3789,#3790,#3791,#3792,#3793,#3794,#3795));
#3797 = FACE_OUTER_BOUND('',#3796,.T.);
#3798 = CARTESIAN_POINT('',(-700.00000000,1292.73232101,-77.76127346));
#3799 = DIRECTION('',(-1.00000000,0.00000000,0.00000000));
#3800 = DIRECTION('',(0.00000000,-0.55557023,-0.83146961));
#3801 = AXIS2_PLACEMENT_3D('',#3798,#3799,#3800);
#3802 = PLANE('',#3801);
#3803 = ADVANCED_FACE('',(#3797),#3802,.T.);
#3804 = ORIENTED_EDGE('',*,*,#3348,.F.);
#3805 = ORIENTED_EDGE('',*,*,#3380,.T.);
#3806 = ORIENTED_EDGE('',*,*,#3408,.T.);
#3807 = ORIENTED_EDGE('',*,*,#3436,.T.);
#3808 = ORIENTED_EDGE('',*,*,#3464,.T.);
#3809 = ORIENTED_EDGE('',*,*,#3492,.T.);
#3810 = ORIENTED_EDGE('',*,*,#3520,.T.);
#3811 = ORIENTED_EDGE('',*,*,#3548,.T.);
#3812 = ORIENTED_EDGE('',*,*,#3576,.T.);
#3813 = ORIENTED_EDGE('',*,*,#3604,.T.);
#3814 = ORIENTED_EDGE('',*,*,#3632,.T.);
#3815 = ORIENTED_EDGE('',*,*,#3660,.T.);
#3816 = ORIENTED_EDGE('',*,*,#3688,.T.);
#3817 = ORIENTED_EDGE('',*,*,#3716,.T.);
#3818 = ORIENTED_EDGE('',*,*,#3744,.T.);
#3819 = ORIENTED_EDGE('',*,*,#3764,.F.);
#3820 = EDGE_LOOP('',(#3804,#3805,#3806,#3807,#3808,#3809,#3810,#3811,#3812,#3813,#3814,#3815,#3816,#3817,#3818,#3819));
#3821 = FACE_OUTER_BOUND('',#3820,.T.);
#3822 = CARTESIAN_POINT('',(-696.00000000,1308.20000000,0.00000000));
#3823 = DIRECTION('',(1.00000000,0.00000000,0.00000000));
#3824 = DIRECTION('',(0.00000000,-0.19509032,0.98078528));
#3825 = AXIS2_PLACEMENT_3D('',#3822,#3823,#3824);
#3826 = PLANE('',#3825);
#3827 = ADVANCED_FACE('',(#3821),#3826,.T.);
#3828 = CLOSED_SHELL('',(#3367,#3395,#3423,#3451,#3479,#3507,#3535,#3563,#3591,#3619,#3647,#3675,#3703,#3731,#3759,#3779,#3803,#3827));
#3829 = MANIFOLD_SOLID_BREP('',#3828);
#3830 = ADVANCED_BREP_SHAPE_REPRESENTATION('',(#151,#289,#427,#565,#703,#841,#1339,#1837,#2335,#2833,#3331,#3829),#13);
#3831 = SHAPE_DEFINITION_REPRESENTATION(#8,#3830);
ENDSEC;
END-ISO-10303-21;
