span_m,chord_m,tail_arm_m,vstab_arm_m,elevator_frac,taper_ratio,taper_start_frac,washout_tip_deg,washout_start_frac,y_washout_m,tip_chord_m,y_taper_m,boom_spacing_m,boom_spacing_set_m,hstab_chord_m,tail_volume_h,tail_volume_v,aileron_y_inner_m,aileron_span_each_m,roll_rate_deg_s,roll_aileron_deg_s,roll_elevon_deg_s,cn_beta,cn_r,cn_r_control,izz_kgm2,yaw_rate_deg_s,yaw_rate_max_deg_s,yaw_rate_level_deg_s,yaw_correct_s,incidence_wing_deg,incidence_hstab_deg,n_packs,cells_per_string,one_string_per_bay,string_plan,n_strings,n_cells,inboard_cells,outboard_cells,hstab_cells,motor,prop,mass_kg,wing_area_m2,aspect_ratio,static_margin,rudder_span_m,rudder_installed_fraction,rudder_required_fraction,rudder_installed_chord_m,rudder_required_chord_m,rudder_installed_area_m2,rudder_required_area_m2,rudder_available_moment_nm,rudder_required_moment_nm,rudder_sideslip_margin,rudder_rate_margin,rudder_sizing_ok,v_stall,v_night,v_day,p_night_w,p_day_w,climb_ms,soc_min,morning_soc,next_morning_soc,morning_soc_change,morning_charge_hour,objective_soc,soc_end,soc_start,cycle_wh,margin_wh,unmet_wh,spilled_wh,solar_wh,propulsion_wh,battery_night_h,closed,reason,boom_length_m,aft_boom_length_m,fuselage_length_m,packing_ok,optimizer_score
6.0,0.3906037407627227,2.0,2.2573777698151645,0.4,1.0,1.0,0.0,0.0,3.0,0.3906037407627227,3.0,2.21,2.21,0.22551517487583275,0.5,0.03,1.3399999999999994,1.6200000000000006,36.30635006275187,36.30635006275187,0.0,0.07270542998307808,-0.0547078737962178,-0.07209957298499874,18.142440559445873,39.725830847326115,39.725830847326115,16.810329397141654,0.5608972260189188,4.052833858077481,-0.3081177667322679,2,one_per_bay,True,51+42+42,3,135,51,42,0,A40-12L-V4-kv410-direct,MJ-20x11EWL,11.18997586177155,2.343622444576336,15.360835992722297,0.3010841837581474,0.5294483319807256,0.3,0.0998237790382175,0.10588966639614512,0.035234355535864514,0.056063107247434525,0.018654770766879315,11.924894535949447,6.8787721289469115,0.7335789458365236,6.945166169465225,True,8.299006673059957,10.788708674977944,10.967549114653528,89.36520814279771,90.7957145511687,8.970475314393022,0.28067720889238146,0.28067720889238146,0.28067720889238146,0.0,7.416666666666667,0.28067720889238146,0.28067720889238146,0.28067720889238146,0.0,118.48102265377776,0.0,874.7354714332002,3048.3154552181413,2040.5005659192325,13.0,True,ok,2.522101935805527,0.0,1.0906037407627227,True,-28.067720889238146
6.0,0.3906037407627227,2.0,2.2573777698151645,0.4,1.0,1.0,0.0,0.0,3.0,0.3906037407627227,3.0,2.21,2.21,0.22551517487583275,0.5,0.03,1.3399999999999994,1.6200000000000006,36.39274669714813,36.39274669714813,0.0,0.07270542998307808,-0.0547078737962178,-0.07204118780777119,18.176365224260554,39.85263675169368,39.85263675169368,16.882296459952457,0.5600024933689803,4.052985648201302,-0.3078947409821009,2,one_per_bay,True,51+42+42,3,135,51,42,0,A40-12L-V4-kv410-direct,MJ-20x11EW,11.243295820916831,2.343622444576336,15.360835992722297,0.3010841837581474,0.5294483319807256,0.3,0.09966484402099678,0.10588966639614512,0.03517825694935729,0.056063107247434525,0.018625069463826586,11.981716364461233,6.906044984817784,0.734960659943829,6.9705273503387355,True,8.318755456513683,10.814382093467788,10.993648111921058,89.69431885681433,91.07997913788553,9.030327162074581,0.277742310988368,0.2777423109883687,0.277742310988368,-7.216449660063518e-16,7.416666666666667,0.277742310988368,0.277742310988368,0.2777423109883687,-1.059794144334328e-12,114.17088711703906,0.0,867.2505715451063,3048.3154552181413,2047.9059156553135,13.0,True,ok,2.522101935805527,0.0,1.0906037407627227,True,-27.7742310988368
6.0,0.3904866584643516,2.0,2.257315070953897,0.4,1.0,1.0,0.0,0.0,3.0,0.3904866584643516,3.0,2.21,2.21,0.22544757737935084,0.5,0.029999999999999995,1.3399999999999994,1.6200000000000006,36.379605656750414,36.379605656750414,0.0,0.07270542998307807,-0.05470635428032849,-0.07205179026150949,18.165664764883314,39.83238416507431,39.83238416507431,16.869890272398408,0.560138197890196,4.052639943487925,-0.30850305087397767,2,one_per_bay,True,51+42+42,3,135,51,42,0,A40-12L-V4-kv410-direct,MJ-20x13E,11.231809902952776,2.3429199507861096,15.365441737743144,0.3010976932541132,0.5293763275472645,0.3,0.09969807171860304,0.1058752655094529,0.03518519937995858,0.056047859233485736,0.018626211631780763,11.969476091375581,6.9001398587567895,0.7346715191845608,6.9664768330148625,True,8.315751640879142,10.810477133142886,10.989678420510863,89.8475001731387,91.0642033507708,8.989557947465677,0.27637625551514056,0.27637625551514056,0.27637625551514056,0.0,7.416666666666667,0.27637625551514056,0.27637625551514056,0.27637625551514056,0.0,112.16472389334999,0.0,865.3907879286154,3048.3154552181413,2049.723739109289,13.0,True,ok,2.5220032347275287,0.0,1.0904866584643516,True,-27.637625551514056
6.0,0.3906037407627227,2.0,2.2573777698151645,0.4,1.0,1.0,0.0,0.0,3.0,0.3906037407627227,3.0,2.21,2.21,0.22551517487583275,0.5,0.03,1.3399999999999994,1.6200000000000006,36.37604083586086,36.37604083586086,0.0,0.07270542998307808,-0.0547078737962178,-0.07205248842863192,18.169799181065528,39.82809508189907,39.82809508189907,16.86835798113331,0.5601751215874757,4.052956325819728,-0.3079378244580384,2,one_per_bay,True,51+42+42,3,135,51,42,0,A40-12L-V4-kv410-direct,MJ-20x13E,11.232975861771552,2.343622444576336,15.360835992722297,0.3010841837581474,0.5294483319807256,0.3,0.09969560334270398,0.10588966639614512,0.03518911393040445,0.056063107247434525,0.01863081767433235,11.970718626312111,6.900770724841326,0.7346929935260762,6.965619016379814,True,8.314936784186044,10.809417819441856,10.988601546957796,89.86082656149831,91.0775262738562,8.987796825538592,0.2762574110407632,0.27625741104076385,0.2762574110407632,-6.661338147750939e-16,7.416666666666667,0.2762574110407632,0.2762574110407632,0.27625741104076385,-9.78271517847072e-13,111.99019114668833,0.0,865.0674833975738,3048.3154552181413,2050.0435343119084,13.0,True,ok,2.522101935805527,0.0,1.0906037407627227,True,-27.62574110407632
6.0,0.3922245449922309,2.0,2.258245497172508,0.3912836096227177,1.0,1.0,0.0,0.0,3.0,0.3922245449922309,3.0,2.207924316557003,2.207924316557003,0.226450946634043,0.5,0.029999999999999995,1.3399999999999994,1.6200000000000006,36.28810794038455,36.28810794038455,0.0,0.07270542998307807,-0.05472890329309237,-0.07208843313910376,18.149115126491278,39.712006366520164,39.712006366520164,16.81490596494028,0.5602071641087482,4.057267580246696,-0.30021390489899047,2,one_per_bay,True,48+42+42,3,132,48,42,0,A40-12L-V4-kv410-direct,MJ-20x13E,11.225119866724613,2.3533472699533853,15.297359832793857,0.30089716788551185,0.5304437232131808,0.3,0.09973292877533771,0.10608874464263614,0.03526847071103007,0.056274108699252305,0.01870793891599381,11.962346676848865,6.897235318969738,0.7343683553826781,6.942401273304034,True,8.294836837893504,10.783287889261556,10.962038470574095,89.83118036755569,91.03748337746389,8.975427638932379,0.2748411973481885,0.2748411973481885,0.2748411973481885,0.0,7.416666666666667,0.2748411973481885,0.2748411973481885,0.2748411973481885,0.0,109.91036651100521,0.0,798.3295867821746,2980.575111768847,2049.217661930321,13.0,True,ok,2.5234673587790986,0.0,1.0922245449922308,True,-27.48411973481885
6.0,0.3922245449922309,2.0,2.258245497172508,0.3912836096227177,1.0,1.0,0.0,0.0,3.0,0.3922245449922309,3.0,2.202924316557003,2.202924316557003,0.226450946634043,0.5,0.029999999999999995,1.3399999999999994,1.6200000000000006,36.28810794038455,36.28810794038455,0.0,0.07270542998307807,-0.05472890329309237,-0.07208843313910376,18.149115126491278,39.712006366520164,39.712006366520164,16.81490596494028,0.5602071641087482,4.057267580246696,-0.30021390489899047,2,one_per_bay,True,48+42+42,3,132,48,42,0,A40-12L-V4-kv410-direct,MJ-20x13E,11.225119866724613,2.3533472699533853,15.297359832793857,0.30089716788551185,0.5304437232131808,0.3,0.09973292877533771,0.10608874464263614,0.03526847071103007,0.056274108699252305,0.01870793891599381,11.962346676848865,6.897235318969738,0.7343683553826781,6.942401273304034,True,8.294836837893504,10.783287889261556,10.962038470574095,89.83118036755569,91.03748337746389,8.975427638932379,0.2748411973481885,0.2748411973481885,0.2748411973481885,0.0,7.416666666666667,0.2748411973481885,0.2748411973481885,0.2748411973481885,0.0,109.91036651100521,0.0,798.3295867821746,2980.575111768847,2049.217661930321,13.0,True,ok,2.5234673587790986,0.0,1.0922245449922308,True,-27.48411973481885
6.0,0.3921150385117938,2.0,2.258186884418725,0.4,1.0,1.0,0.0,0.0,3.0,0.3921150385117938,3.0,2.21,2.21,0.2263877230380846,0.5,0.030000000000000002,1.3399999999999994,1.6200000000000006,36.33019074243715,36.33019074243715,0.0,0.0727054299830781,-0.054727482804603614,-0.07206150310523309,18.22318431041558,39.77291776048467,39.77291776048467,16.848654689434944,0.5606510309001024,4.0570399078627855,-0.3006422953747676,2,one_per_bay,True,51+42+42,3,135,51,42,0,A40-12L-V4-kv410-direct,MJ-20x13E,11.248028934626987,2.352690231070763,15.301631946512389,0.3009098032486392,0.5303765528722725,0.3,0.09966372554431599,0.10607531057445449,0.03523953546706837,0.056259857567334884,0.01869022334584391,11.986760332608931,6.908913469440218,0.7349703952190525,6.954583552096933,True,8.304456242059773,10.795793114677705,10.974750990494067,90.03342271807816,91.25010843787055,8.965126257907826,0.27471818585843616,0.27471818585843616,0.27471818585843616,0.0,7.416666666666667,0.27471818585843616,0.27471818585843616,0.27471818585843616,0.0,109.7297141643993,0.0,860.878417381445,3048.3154552181413,2054.1856881515955,13.0,True,ok,2.5233751608548616,0.0,1.0921150385117937,True,-27.471818585843614
6.0,0.3922245449922309,2.0,2.258245497172508,0.3912836096227177,1.0,1.0,0.0,0.0,3.0,0.3922245449922309,3.0,2.21,2.21,0.226450946634043,0.5,0.029999999999999995,1.3399999999999994,1.6200000000000006,36.32688033571697,36.32688033571697,0.0,0.07270542998307807,-0.05472890329309237,-0.0720621564899122,18.227053827144115,39.768933065914695,39.768933065914695,16.84723244250505,0.5606854641108504,4.05733577828823,-0.30011370128238,2,one_per_bay,True,51+42+42,3,135,51,42,0,A40-12L-V4-kv410-direct,MJ-20x13E,11.249119866724614,2.3533472699533853,15.297359832793857,0.30089716788551185,0.5304437232131808,0.3,0.09966141457922822,0.10608874464263614,0.03524318120673213,0.056274108699252305,0.01869452425717579,11.987922913330348,6.909503447337477,0.7349905104902725,6.953786613182938,True,8.30369954006649,10.794809402086436,10.973750971262437,90.04597047319808,91.26265738858487,8.963488036747458,0.27460628290024897,0.27460628290024897,0.27460628290024897,0.0,7.416666666666667,0.27460628290024897,0.27460628290024897,0.27460628290024897,0.0,109.56537559708858,0.0,860.5737419739006,3048.3154552181413,2054.4868474260247,13.0,True,ok,2.5234673587790986,0.0,1.0922245449922308,True,-27.460628290024896
6.0,0.39248242932081256,2.0,2.258383520628479,0.39054836813021376,1.0,1.0,0.0,0.0,3.0,0.39248242932081256,3.0,2.203979978334109,2.203979978334109,0.2265998362205694,0.5,0.029999999999999995,1.3399999999999994,1.6200000000000006,36.28033549307416,36.28033549307416,0.0,0.07270542998307807,-0.0547322483113304,-0.07208997138305075,18.158228179707766,39.70265337731801,39.70265337731801,16.811570806620292,0.560288577787905,4.057964350711231,-0.2989690752005125,2,one_per_bay,True,48+42+42,3,132,48,42,0,A40-12L-V4-kv410-direct,MJ-20x13E,11.22768908861835,2.3548945759248756,15.287308556418557,0.3008674120014446,0.5306018608096933,0.3,0.09972748210640946,0.10612037216193869,0.03527705838635084,0.05630766693894183,0.018718072823689952,11.96508463629585,6.898625584840875,0.7344157164563438,6.940530675463603,True,8.293060190227642,10.780978247295936,10.959690542526507,89.86073994984427,91.06704870371803,8.971564226197103,0.2745759011336752,0.27457590113367575,0.2745759011336752,-5.551115123125783e-16,7.416666666666667,0.2745759011336752,0.2745759011336752,0.27457590113367575,-8.1522626487256e-13,109.52075750948852,0.0,797.6131500656628,2980.575111768847,2049.927155088881,13.0,True,ok,2.523684451033325,0.0,1.0924824293208126,True,-27.45759011336752
6.0,0.39248242932081256,2.0,2.258383520628479,0.39054836813021376,1.0,1.0,0.0,0.0,3.0,0.39248242932081256,3.0,2.1989799783341093,2.1989799783341093,0.2265998362205694,0.5,0.029999999999999995,1.3399999999999994,1.6200000000000006,36.28033549307416,36.28033549307416,0.0,0.07270542998307807,-0.0547322483113304,-0.07208997138305075,18.158228179707766,39.70265337731801,39.70265337731801,16.811570806620292,0.560288577787905,4.057964350711231,-0.2989690752005125,2,one_per_bay,True,48+42+42,3,132,48,42,0,A40-12L-V4-kv410-direct,MJ-20x13E,11.22768908861835,2.3548945759248756,15.287308556418557,0.3008674120014446,0.5306018608096933,0.3,0.09972748210640946,0.10612037216193869,0.03527705838635084,0.05630766693894183,0.018718072823689952,11.96508463629585,6.898625584840875,0.7344157164563438,6.940530675463603,True,8.293060190227642,10.780978247295936,10.959690542526507,89.86073994984427,91.06704870371803,8.971564226197103,0.2745759011336752,0.27457590113367575,0.2745759011336752,-5.551115123125783e-16,7.416666666666667,0.2745759011336752,0.2745759011336752,0.27457590113367575,-8.1522626487256e-13,109.52075750948852,0.0,797.6131500656628,2980.575111768847,2049.927155088881,13.0,True,ok,2.523684451033325,0.0,1.0924824293208126,True,-27.45759011336752
6.0,0.39248242932081256,2.0,2.258383520628479,0.39054836813021376,1.0,1.0,0.0,0.0,3.0,0.39248242932081256,3.0,2.208979978334109,2.208979978334109,0.2265998362205694,0.5,0.029999999999999995,1.3399999999999994,1.6200000000000006,36.28033549307416,36.28033549307416,0.0,0.07270542998307807,-0.0547322483113304,-0.07208997138305075,18.158228179707766,39.70265337731801,39.70265337731801,16.811570806620292,0.560288577787905,4.057964350711231,-0.2989690752005125,2,one_per_bay,True,48+42+42,3,132,48,42,0,A40-12L-V4-kv410-direct,MJ-20x13E,11.22768908861835,2.3548945759248756,15.287308556418557,0.3008674120014446,0.5306018608096933,0.3,0.09972748210640946,0.10612037216193869,0.03527705838635084,0.05630766693894183,0.018718072823689952,11.96508463629585,6.898625584840875,0.7344157164563438,6.940530675463603,True,8.293060190227642,10.780978247295936,10.959690542526507,89.86073994984427,91.06704870371803,8.971564226197103,0.2745759011336752,0.27457590113367575,0.2745759011336752,-5.551115123125783e-16,7.416666666666667,0.2745759011336752,0.2745759011336752,0.27457590113367575,-8.1522626487256e-13,109.52075750948852,0.0,797.6131500656628,2980.575111768847,2049.927155088881,13.0,True,ok,2.523684451033325,0.0,1.0924824293208126,True,-27.45759011336752
6.0,0.3926403890565663,1.9999884092096616,2.2584571726419553,0.3936245619231019,1.0,1.0,0.0,0.0,3.0,0.3926403890565663,3.0,2.21,2.21,0.2266916912014457,0.5,0.03,1.3399999999999994,1.6200000000000006,36.31432223579977,36.31432223579977,0.0,0.07270542998307808,-0.054734033278433396,-0.07206424639254458,18.24172671913022,39.754032135941465,39.754032135941465,16.841947514299957,0.5608155931613945,4.058459300515601,-0.29810643820807115,2,one_per_bay,True,51+42+42,3,135,51,42,0,A40-12L-V4-kv410-direct,MJ-20x13E,11.253261923533557,2.355842334339398,15.281158452437253,0.30084918587808857,0.5306999702186737,0.3,0.09965247628639932,0.10613999404373475,0.035257044131606144,0.05632849167802023,0.018710912270641845,11.992337006016404,6.91173764093914,0.73506831841883,6.950806427188293,True,8.300828974591479,10.791077666968922,10.969957376549928,90.09369852718659,91.31039344524844,8.957272747118099,0.2741806347761899,0.2741806347761899,0.2741806347761899,0.0,7.416666666666667,0.2741806347761899,0.2741806347761899,0.2741806347761899,0.0,108.94027681489781,0.0,859.414674811492,3048.3154552181413,2055.6324087511666,13.0,True,ok,2.5238071577512926,0.0,1.0926403890565664,True,-27.418063477618993
6.0,0.3929157720311511,2.0,2.2586154275192203,0.3917316162896523,1.0,1.0,0.0,0.0,3.0,0.3929157720311511,3.0,2.2034927738880086,2.2034927738880086,0.22685002675103472,0.5,0.03,1.3399999999999994,1.6200000000000006,36.26729465966119,36.26729465966119,0.0,0.07270542998307808,-0.054737868608066204,-0.07209255652859463,18.17354374412268,39.68695923040328,39.68695923040328,16.80597556694878,0.5604252977487919,4.059135153473392,-0.29687734256223286,2,one_per_bay,True,48+42+42,3,132,48,42,0,A40-12L-V4-kv410-direct,MJ-20x13E,11.232006699137225,2.3574946321869064,15.270448343123038,0.30081741091948255,0.530867444767138,0.3,0.09971832771007569,0.1061734889534276,0.03529147588526665,0.05636404878271806,0.018735095625272574,11.969685812448587,6.900961697299987,0.7344953265182947,6.937391846080656,True,8.290079280184923,10.7771030642404,10.955751121992483,89.91048094134985,91.11680303817955,8.965079740081876,0.2741294752891626,0.2741294752891628,0.2741294752891626,-2.220446049250313e-16,7.416666666666667,0.2741294752891626,0.2741294752891626,0.2741294752891628,-3.26090505949024e-13,108.86514496013167,0.0,796.4073509156586,2980.575111768847,2051.1210856575294,13.0,True,ok,2.524049149902789,0.0,1.092915772031151,True,-27.41294752891626
6.0,0.3929157720311511,2.0,2.2586154275192203,0.3917316162896523,1.0,1.0,0.0,0.0,3.0,0.3929157720311511,3.0,2.1984927738880087,2.1984927738880087,0.22685002675103472,0.5,0.03,1.3399999999999994,1.6200000000000006,36.26729465966119,36.26729465966119,0.0,0.07270542998307808,-0.054737868608066204,-0.07209255652859463,18.17354374412268,39.68695923040328,39.68695923040328,16.80597556694878,0.5604252977487919,4.059135153473392,-0.29687734256223286,2,one_per_bay,True,48+42+42,3,132,48,42,0,A40-12L-V4-kv410-direct,MJ-20x13E,11.232006699137225,2.3574946321869064,15.270448343123038,0.30081741091948255,0.530867444767138,0.3,0.09971832771007569,0.1061734889534276,0.03529147588526665,0.05636404878271806,0.018735095625272574,11.969685812448587,6.900961697299987,0.7344953265182947,6.937391846080656,True,8.290079280184923,10.7771030642404,10.955751121992483,89.91048094134985,91.11680303817955,8.965079740081876,0.2741294752891626,0.2741294752891628,0.2741294752891626,-2.220446049250313e-16,7.416666666666667,0.2741294752891626,0.2741294752891626,0.2741294752891628,-3.26090505949024e-13,108.86514496013167,0.0,796.4073509156586,2980.575111768847,2051.1210856575294,13.0,True,ok,2.524049149902789,0.0,1.092915772031151,True,-27.41294752891626
6.0,0.3906037407627227,2.0,2.2573777698151645,0.4,1.0,1.0,0.0,0.0,3.0,0.3906037407627227,3.0,2.21,2.21,0.22551517487583275,0.5,0.03,1.3399999999999994,1.6200000000000006,36.30310537545966,36.30310537545966,0.0,0.07270542998307808,-0.0547078737962178,-0.0721017628801586,18.14116806541705,39.72107410573853,39.72107410573853,16.8076323121525,0.5609309233213673,4.052828150455925,-0.3081261529602217,2,one_per_bay,True,51+42+42,3,135,51,42,0,A40-12L-V4-kv410-direct,MJ-20x13EL,11.187975861771552,2.343622444576336,15.360835992722297,0.3010841837581474,0.5294483319807256,0.3,0.09982974107076104,0.10588966639614512,0.03523645992798811,0.056063107247434525,0.018655884933778982,11.922763182909323,6.877748055932735,0.7335271786562123,6.944214821147707,True,8.298264993396659,10.787744491415657,10.966568948176382,90.10073725018236,91.4324172669666,9.02230673012908,0.27411786187507414,0.27411786187507414,0.27411786187507414,0.0,7.416666666666667,0.27411786187507414,0.27411786187507414,0.27411786187507414,0.0,108.84808971991461,0.0,857.9835146360416,3048.3154552181413,2057.0661741889962,13.0,True,ok,2.522101935805527,0.0,1.0906037407627227,True,-27.411786187507413
6.0,0.3927231171242862,2.0,2.2585123304551757,0.3963325586085483,1.0,1.0,0.0,0.0,3.0,0.3927231171242862,3.0,2.21,2.21,0.22673879738869554,0.5,0.029999999999999995,1.3399999999999994,1.6200000000000006,36.31182848830937,36.31182848830937,0.0,0.07270542998307807,-0.054735370035942414,-0.07206513160992696,18.24467358525681,39.75081389143596,39.75081389143596,16.840766319003812,0.5608421490500972,4.058682812727017,-0.2977071151604016,2,one_per_bay,True,51+42+42,3,135,51,42,0,A40-12L-V4-kv410-direct,MJ-20x13E,11.254087127448406,2.356338702745717,15.277939439712593,0.30083964033181315,0.5307493945133569,0.3,0.09965089103581658,0.10614987890267134,0.03525976671998409,0.05633898395525898,0.018714099837313772,11.993216406452722,6.91218950054006,0.7350821191339842,6.950162778287191,True,8.300258946840739,10.790336630892961,10.969204056592579,90.10317017319498,91.31986629088263,8.956036959189301,0.2740961645032371,0.2740961645032371,0.2740961645032371,0.0,7.416666666666667,0.2740961645032371,0.2740961645032371,0.2740961645032371,0.0,108.81622537012554,0.0,859.1851818213263,3048.3154552181413,2055.8597414512374,13.0,True,ok,2.5238870277118544,0.0,1.0927231171242862,True,-27.40961645032371
6.0,0.3929591742650853,2.0,2.2586386528916425,0.3440954533802492,1.0,1.0,0.0,0.0,3.0,0.3929591742650853,3.0,2.21,2.21,0.22687508504248005,0.5,0.03,1.3399999999999994,1.6200000000000006,36.30471342385942,36.30471342385942,0.0,0.07270542998307808,-0.05473843147829571,-0.07206654041321278,18.25301722566284,39.742248058043316,39.742248058043316,16.837710096510936,0.5609162849270672,4.059320568688649,-0.2965677062789569,2,one_per_bay,True,51+42+42,3,135,51,42,0,A40-12L-V4-kv410-direct,MJ-20x13E,11.256439161584703,2.357755045590512,15.268761726256264,0.3008124029694132,0.5308940346901774,0.3,0.09964590736123607,0.10617880693803548,0.03526761186624685,0.05636969521392306,0.018723364757558966,11.99572291400616,6.913461222893021,0.7351255076522156,6.948449611608663,True,8.298632565581062,10.788222335255382,10.967054713056983,90.13029288826648,91.34699550959412,8.952513453792486,0.2738542774499635,0.2738542774499635,0.2738542774499635,0.0,7.416666666666667,0.2738542774499635,0.2738542774499635,0.2738542774499635,0.0,108.46099461992947,0.0,858.5291998169422,3048.3154552181413,2056.5107581530137,13.0,True,ok,2.524085670236731,0.0,1.0929591742650853,True,-27.38542774499635
6.0,0.3929157720311511,2.0,2.2586154275192203,0.3917316162896523,1.0,1.0,0.0,0.0,3.0,0.3929157720311511,3.0,2.2084927738880085,2.2084927738880085,0.22685002675103472,0.5,0.03,1.3399999999999994,1.6200000000000006,36.283952015614496,36.283952015614496,0.0,0.07270542998307808,-0.054737868608066204,-0.07208125832688042,18.1801193067684,39.71141071136503,39.71141071136503,16.819859908667716,0.5602526297260976,4.05916447838391,-0.296834255370509,2,one_per_bay,True,48+42+42,3,132,48,42,0,A40-12L-V4-kv410-direct,MJ-20x13E,11.242326658282504,2.3574946321869064,15.270448343123038,0.30081741091948255,0.530867444767138,0.3,0.09968758032425144,0.1061734889534276,0.03528059402783612,0.05636404878271806,0.018729318801424113,11.980683550597709,6.9062373065245435,0.7347627975770792,6.942282142273008,True,8.293886865028156,10.782052924536604,10.960783034294943,90.00278891079896,91.21357076827968,8.95995013821937,0.273300751921983,0.2733007519219839,0.273300751921983,-8.881784197001252e-16,7.416666666666667,0.273300751921983,0.273300751921983,0.2733007519219839,-1.304362023796096e-12,107.6480975016419,0.0,794.1203425899049,2980.575111768847,2053.385534291471,13.0,True,ok,2.524049149902789,0.0,1.092915772031151,True,-27.3300751921983
6.0,0.3922245449922309,2.0,2.258245497172508,0.3912836096227177,1.0,1.0,0.0,0.0,3.0,0.3922245449922309,3.0,2.207924316557003,2.207924316557003,0.226450946634043,0.5,0.029999999999999995,1.3399999999999994,1.6200000000000006,36.21529781676607,36.21529781676607,0.0,0.07270542998307807,-0.05472890329309237,-0.07213769934824653,18.120454914644135,39.605259606616606,39.605259606616606,16.75435966071286,0.5609631524030212,4.0571393149978725,-0.30040236546954513,2,one_per_bay,True,48+42+42,3,132,48,42,0,A40-12L-V4-kv410-direct,MJ-20x13EL,11.180119866724613,2.3533472699533853,15.297359832793857,0.30089716788551185,0.5304437232131808,0.3,0.09986703209077151,0.10608874464263614,0.03531589355231936,0.056274108699252305,0.018733094064492646,11.914391233446077,6.874202181630066,0.7332034930955202,6.921051921323322,True,8.278193696935196,10.761651806015754,10.940043733966055,90.05429062990856,91.37653351343344,9.00986987336596,0.2728321850265597,0.27283218502656004,0.2728321850265597,-3.3306690738754696e-16,7.416666666666667,0.2728321850265597,0.2728321850265597,0.27283218502656004,-4.89135758923536e-13,106.95996902380236,0.0,791.6467760960359,2980.575111768847,2055.8476468365725,13.0,True,ok,2.5234673587790986,0.0,1.0922245449922308,True,-27.28321850265597
6.0,0.39248242932081256,2.0,2.258383520628479,0.39054836813021376,1.0,1.0,0.0,0.0,3.0,0.39248242932081256,3.0,2.203979978334109,2.203979978334109,0.2265998362205694,0.5,0.029999999999999995,1.3399999999999994,1.6200000000000006,36.207557638697125,36.207557638697125,0.0,0.07270542998307807,-0.0547322483113304,-0.07213923662052911,18.129563337034735,39.59595110346771,39.59595110346771,16.751045629953907,0.5610445616378525,4.057836114872246,-0.29915749255909363,2,one_per_bay,True,48+42+42,3,132,48,42,0,A40-12L-V4-kv410-direct,MJ-20x13EL,11.18268908861835,2.3548945759248756,15.287308556418557,0.3008674120014446,0.5306018608096933,0.3,0.09986157857847737,0.10612037216193869,0.035324492944755675,0.05630766693894183,0.01874324168864624,11.917129192893055,6.8755941539550784,0.7332508181911686,6.919190220693544,True,8.276424425462471,10.759351753101212,10.937705553923704,90.0825735932648,91.40490623250174,9.005984172924775,0.27257833542062315,0.2725783354206239,0.27257833542062315,-7.216449660063518e-16,7.416666666666667,0.27257833542062315,0.27257833542062315,0.2725783354206239,-1.059794144334328e-12,106.58717029508405,0.0,790.9596872780459,2980.575111768847,2056.527425269965,13.0,True,ok,2.523684451033325,0.0,1.0924824293208126,True,-27.257833542062315
6.0,0.3906037407627227,2.0,2.2573777698151645,0.4,1.0,1.0,0.0,0.0,3.0,0.3906037407627227,3.0,2.21,2.21,0.22551517487583275,0.5,0.03,1.3399999999999994,1.6200000000000006,36.39274669714813,36.39274669714813,0.0,0.07270542998307808,-0.0547078737962178,-0.07204118780777119,18.176365224260554,39.85263675169368,39.85263675169368,16.882296459952457,0.5600024933689803,4.052985648201302,-0.3078947409821009,2,one_per_bay,True,51+42+42,3,135,51,42,0,A40-12L-V4-kv410-direct,20x13E,11.243295820916831,2.343622444576336,15.360835992722297,0.3010841837581474,0.5294483319807256,0.3,0.09966484402099678,0.10588966639614512,0.03517825694935729,0.056063107247434525,0.018625069463826586,11.981716364461233,6.906044984817784,0.734960659943829,6.9705273503387355,True,8.318755456513683,10.814382093467788,10.993648111921058,90.30411206423271,91.57786013686886,8.933470554310423,0.27230409887769874,0.2723040988776992,0.27230409887769874,-4.440892098500626e-16,7.416666666666667,0.27230409887769874,0.27230409887769874,0.2723040988776992,-6.52181011898048e-13,106.18443169640418,0.0,853.6984618246505,3048.3154552181413,2061.3099183405757,13.0,True,ok,2.522101935805527,0.0,1.0906037407627227,True,-27.230409887769873
6.0,0.3940234812888461,1.9766571838363232,2.237302390340252,0.3835252312435285,1.0,1.0,0.0,0.0,3.0,0.3940234812888461,3.0,2.21,2.21,0.22882885983075518,0.5,0.03,1.3399999999999994,1.6200000000000006,36.269775901452526,36.269775901452526,0.0,0.07270542998307808,-0.05422134409728547,-0.07128472108973086,18.244558157358544,40.13945840989583,40.13945840989583,17.046709967878904,0.5601095836741296,4.0621906604807645,-0.29143832999878216,2,one_per_bay,True,51+42+42,3,135,51,42,0,A40-12L-V4-kv410-direct,MJ-20x13E,11.265213274416997,2.3641408877330767,15.22751887875837,0.30068959831282543,0.534141369819981,0.3,0.09929548176205663,0.10682827396399618,0.035358549763546576,0.057061400590633124,0.01888646420554873,12.005073280035907,6.906673589185772,0.7381845435453951,7.027891681979167,True,8.290646449348118,10.777840384152555,10.956500664184546,90.31017277177182,91.52850704564442,8.937201541053495,0.2722500468941018,0.27225004689410287,0.2722500468941018,-1.0547118733938987e-15,7.416666666666667,0.2722500468941018,0.2722500468941018,0.27225004689410287,-1.548929903257864e-12,106.10505197589883,0.0,854.1595515809696,3048.3154552181413,2060.845823535113,13.0,True,ok,2.504373075250242,0.0,1.094023481288846,True,-27.22500468941018
6.0,0.3929157720311511,2.0,2.2586154275192203,0.3917316162896523,1.0,1.0,0.0,0.0,3.0,0.3929157720311511,3.0,2.2034927738880086,2.2034927738880086,0.22685002675103472,0.5,0.03,1.3399999999999994,1.6200000000000006,36.19457095903919,36.19457095903919,0.0,0.07270542998307808,-0.054737868608066204,-0.0721418201288908,18.14487111907719,39.580331615298256,39.580331615298256,16.74548585317258,0.5611812738692393,4.059006967027645,-0.29706568734715266,2,one_per_bay,True,48+42+42,3,132,48,42,0,A40-12L-V4-kv410-direct,MJ-20x13EL,11.187006699137225,2.3574946321869064,15.270448343123038,0.30081741091948255,0.530867444767138,0.3,0.09985241261811828,0.1061734889534276,0.03533893009360958,0.05636404878271806,0.018760287519599038,11.921730369045802,6.877933132060727,0.7333303683157328,6.916066323059651,True,8.273455894035987,10.755492662246784,10.933782492345257,90.13017291189105,91.4526598874924,8.999462291844502,0.2721511126872759,0.2721511126872759,0.2721511126872759,0.0,7.416666666666667,0.2721511126872759,0.2721511126872759,0.2721511126872759,0.0,105.9597590714825,0.0,789.8031333160573,2980.575111768847,2057.6715066170023,13.0,True,ok,2.524049149902789,0.0,1.092915772031151,True,-27.215111268727586
6.0,0.3938516867690302,2.0,2.259116185535324,0.3460929427305551,1.0,1.0,0.0,0.0,3.0,0.3938516867690302,3.0,2.21,2.21,0.22739037737688775,0.5,0.029999999999999992,1.3399999999999994,1.6200000000000006,36.294491328826176,36.294491328826176,0.0,0.07270542998307807,-0.054750004550358965,-0.07206057053663814,18.291150680020465,39.73434960727624,39.73434960727624,16.840062409904235,0.5610236866800065,4.061760996094092,-0.29221690229515085,2,one_per_bay,True,51+42+42,3,135,51,42,0,A40-12L-V4-kv410-direct,MJ-20x13E,11.275653147558549,2.363110120614181,15.234160983849312,0.3007094207574196,0.5314404150476176,0.3,0.09959631967007478,0.10628808300952353,0.03528633964178649,0.05648578294919682,0.018752586984742216,12.016198807715286,6.923538682364025,0.7355574019285158,6.946869921455249,True,8.296295970612222,10.78518476179589,10.963966786863958,90.32563481830792,91.54684306739412,8.934115084913175,0.2721121495797489,0.2721121495797501,0.2721121495797489,-1.2212453270876722e-15,7.416666666666667,0.2721121495797489,0.2721121495797489,0.2721121495797501,-1.793497782719632e-12,105.90253858890823,0.0,853.7538242726638,3048.3154552181413,2061.2485263793246,13.0,True,ok,2.524836393059133,0.0,1.0938516867690302,True,-27.21121495797489
6.0,0.395002059956787,2.0,2.2597314939088102,0.4,1.0,1.0,0.0,0.0,3.0,0.395002059956787,3.0,2.21,2.21,0.22805454564650765,0.5,0.030000000000000002,1.3399999999999994,1.6200000000000006,36.24344454449214,36.24344454449214,0.0,0.0727054299830781,-0.054764916636981145,-0.07207873727976807,18.32525907662006,39.66846422636139,39.66846422636139,16.811401534816763,0.5615565556585954,4.064839313675123,-0.2867078018922802,2,one_per_bay,True,51+42+42,3,135,51,42,0,A40-12L-V4-kv410-direct,MJ-20x13E,11.27679959237812,2.370012359740722,15.189794201722382,0.30057668538960153,0.5321435080754898,0.3,0.09960274778530305,0.10642870161509795,0.03533530374695292,0.05663534263737777,0.018803452494816526,12.01742054704105,6.924466076300359,0.7355013967317727,6.933692845272279,True,8.284627554395936,10.770015820714717,10.948546395848036,90.36610412642975,91.58292036270865,8.922135955997192,0.27175122540549085,0.2717512254054919,0.27175122540549085,-1.0547118733938987e-15,7.416666666666667,0.27175122540549085,0.27175122540549085,0.2717512254054919,-1.548929903257864e-12,105.37249217488807,0.0,852.8224744356838,3048.3154552181413,2062.171477633377,13.0,True,ok,2.525803247946555,0.0,1.095002059956787,True,-27.175122540549086
6.0,0.3906037407627227,2.0,2.2573777698151645,0.4,1.0,1.0,0.0,0.0,3.0,0.3906037407627227,3.0,2.21,2.21,0.22551517487583275,0.5,0.03,1.3399999999999994,1.6200000000000006,36.3177041854221,36.3177041854221,0.0,0.07270542998307808,-0.0547078737962178,-0.07209190828215126,18.146894288546747,39.74247925899094,39.74247925899094,16.81977054197091,0.560779363404436,4.05285382672251,-0.30808842673355463,2,one_per_bay,True,51+42+42,3,135,51,42,0,A40-12L-V4-kv410-direct,MJ-20p5x12ELW,11.19697586177155,2.343622444576336,15.360835992722297,0.3010841837581474,0.5294483319807256,0.3,0.09980291215379801,0.10588966639614512,0.035226990244431496,0.056063107247434525,0.018650871225615547,11.932354271589883,6.882355765816139,0.7337601655027046,6.948495851798188,True,8.301602030060703,10.792082639078915,10.970979007711472,90.46747082829005,91.67321305743334,9.524477303975782,0.2708471826762124,0.2708471826762124,0.2708471826762124,0.0,7.416666666666667,0.2708471826762124,0.2708471826762124,0.2708471826762124,0.0,104.04483212618081,0.0,850.4898440646211,3048.3154552181413,2064.4824643995476,13.0,True,ok,2.522101935805527,0.0,1.0906037407627227,True,-27.084718267621238
6.0,0.3960831236108902,2.0,2.260309535047983,0.3712445694943113,1.0,1.0,0.0,0.0,3.0,0.3960831236108902,3.0,2.21,2.21,0.2286786980382153,0.5,0.03,1.3399999999999994,1.6200000000000006,36.211242569318266,36.211242569318266,0.0,0.07270542998307808,-0.054778925546838296,-0.07208519503553175,18.363513268858984,39.62966860804293,39.62966860804293,16.79758072836536,0.5618944261167548,4.0677593714739535,-0.2814906463423894,2,one_per_bay,True,51+42+42,3,135,51,42,0,A40-12L-V4-kv410-direct,MJ-20x13E,11.287577979100448,2.3764987416653414,15.148335393088763,0.30045194727566643,0.5328030691480746,0.3,0.09957988675755661,0.10656061382961492,0.03537097952656258,0.0567758220987216,0.018845766450526255,12.028906820695179,6.930289030245016,0.7357005989503302,6.925933721608585,True,8.277266737172727,10.760446758324546,10.938818710644263,90.49167635350211,91.70859404150087,8.906143997322804,0.2706313032739383,0.27063130327393925,0.2706313032739383,-9.43689570931383e-16,7.416666666666667,0.2706313032739383,0.2706313032739383,0.27063130327393925,-1.385884650283352e-12,103.727795720206,0.0,849.7810629660361,3048.3154552181413,2065.186327052048,13.0,True,ok,2.5267110696220207,0.0,1.09608312361089,True,-27.063130327393832
6.0,0.3906037407627227,2.0,2.2573777698151645,0.4,1.0,1.0,0.0,0.0,3.0,0.3906037407627227,3.0,2.21,2.21,0.22551517487583275,0.5,0.03,1.3399999999999994,1.6200000000000006,36.37829826776125,36.37829826776125,0.0,0.07270542998307808,-0.0547078737962178,-0.07205096170586262,18.170686262077897,39.83141073129399,39.83141073129399,16.870240824820407,0.5601517840484039,4.052960288885311,-0.3079320015121707,2,one_per_bay,True,51+42+42,3,135,51,42,0,A40-12L-V4-kv410-direct,19x12E,11.234370101732251,2.343622444576336,15.360835992722297,0.3010841837581474,0.5294483319807256,0.3,0.09969144764890137,0.10588966639614512,0.035187647113636436,0.056063107247434525,0.018630041070641205,11.972204435101558,6.901483405744114,0.7347291489735492,6.966282146258798,True,8.31545279426067,10.810088632538871,10.989283479875803,90.5273343707472,92.27049717243086,7.954269717735112,0.27031328260701465,0.2703132826070149,0.27031328260701465,-2.7755575615628914e-16,7.416666666666667,0.27031328260701465,0.27031328260701465,0.2703132826070149,-4.0761313243628e-13,103.26075658536912,0.0,843.1415248794392,3048.3154552181413,2071.8308157164615,13.0,True,ok,2.522101935805527,0.0,1.0906037407627227,True,-27.031328260701464
6.0,0.3968192448589934,2.0,2.2607030288142758,0.3791984191123939,1.0,1.0,0.0,0.0,3.0,0.3968192448589934,3.0,2.21,2.21,0.22910369783896384,0.5,0.029999999999999992,1.3399999999999994,1.6200000000000006,36.18940213304718,36.18940213304718,0.0,0.07270542998307807,-0.054788461924662954,-0.07208959354785413,18.389571312677997,39.60334985644652,39.60334985644652,16.788209612180538,0.5621241149167854,4.069747557931912,-0.27793838255554526,2,one_per_bay,True,51+42+42,3,135,51,42,0,A40-12L-V4-kv410-direct,MJ-20x13E,11.294918801276053,2.3809154691539605,15.12023440831871,0.30036701020857764,0.5332515326426184,0.3,0.09956431162714383,0.10665030652852367,0.03539521451445447,0.056871439413140296,0.0188745523880471,12.03672976252567,6.934253759083253,0.735836353949209,6.920669971289303,True,8.272274389386654,10.75395670620265,10.932221075324975,90.5774907462775,91.79449376836162,8.895287477114126,0.2698659543000443,0.2698659543000445,0.2698659543000443,-2.220446049250313e-16,7.416666666666667,0.2698659543000443,0.2698659543000443,0.2698659543000445,-3.26090505949024e-13,102.60381869672042,0.0,847.7015973816466,3048.3154552181413,2067.2468111535813,13.0,True,ok,2.5273287951355843,0.0,1.0968192448589933,True,-26.986595430004428
6.0,0.3922245449922309,2.0,2.258245497172508,0.3912836096227177,1.0,1.0,0.0,0.0,3.0,0.3922245449922309,3.0,2.207924316557003,2.207924316557003,0.226450946634043,0.5,0.029999999999999995,1.3399999999999994,1.6200000000000006,36.2298715474434,36.2298715474434,0.0,0.07270542998307807,-0.05472890329309237,-0.07212784645925366,18.126186957013566,39.62660990222874,39.62660990222874,16.766462013659762,0.5608115548126693,4.057165009299284,-0.30036461274424897,2,one_per_bay,True,48+42+42,3,132,48,42,0,A40-12L-V4-kv410-direct,MJ-20p5x12ELW,11.189119866724614,2.3533472699533853,15.297359832793857,0.30089716788551185,0.5304437232131808,0.3,0.09984021023529896,0.10608874464263614,0.03530640856239913,0.056274108699252305,0.01872806281112472,11.923982322126635,6.878811989646532,0.7334362881372123,6.925321980445749,True,8.281525000906361,10.76598250117827,10.94444621746305,90.41622426025857,91.61347745483654,9.511920032655974,0.2695908080353098,0.2695908080353109,0.2695908080353098,-1.0547118733938987e-15,7.416666666666667,0.2695908080353098,0.2695908080353098,0.2695908080353109,-1.548929903257864e-12,102.19974409780127,0.0,784.2436180751776,2980.575111768847,2063.1591673865546,13.0,True,ok,2.5234673587790986,0.0,1.0922245449922308,True,-26.959080803530984
6.0,0.39748242932081257,2.0,2.261057459637579,0.39054836813021376,1.0,1.0,0.0,0.0,3.0,0.39748242932081257,3.0,2.203979978334109,2.203979978334109,0.22948658756651752,0.5,0.03,1.3399999999999994,1.6200000000000006,36.131359890033664,36.131359890033664,0.0,0.07270542998307808,-0.054797051606465474,-0.07211982218535438,18.335110792987976,39.52325925655838,39.52325925655838,16.747696449278966,0.5618595914312919,4.07147076576669,-0.27483797531864385,2,one_per_bay,True,48+42+42,3,132,48,42,0,A40-12L-V4-kv410-direct,MJ-20x13E,11.277533364958547,2.3848945759248754,15.095006866724496,0.30029048892452165,0.5336551138085878,0.3,0.09962170898106072,0.10673102276171753,0.03544242296272931,0.05695755609881134,0.01891403025982741,12.018202511251078,6.925575756513085,0.7353362281754965,6.904651851311677,True,8.25900693173101,10.736709011250314,10.914687471702601,90.43994765308639,91.64668897214527,8.897311031619111,0.26937733891649496,0.26937733891649496,0.26937733891649496,0.0,7.416666666666667,0.26937733891649496,0.26937733891649496,0.26937733891649496,0.0,101.8862473885147,0.0,783.5657914702393,2980.575111768847,2063.832898183728,13.0,True,ok,2.5278850165418727,0.0,1.0974824293208125,True,-26.937733891649497
6.0,0.39248242932081256,2.0,2.258383520628479,0.39054836813021376,1.0,1.0,0.0,0.0,3.0,0.39248242932081256,3.0,2.203979978334109,2.203979978334109,0.2265998362205694,0.5,0.029999999999999995,1.3399999999999994,1.6200000000000006,36.22212490765366,36.22212490765366,0.0,0.07270542998307807,-0.0547322483113304,-0.07212938391806366,18.13529630556934,39.61729250266303,39.61729250266303,16.76314376458331,0.5608929650312032,4.057861803272764,-0.2991197485039967,2,one_per_bay,True,48+42+42,3,132,48,42,0,A40-12L-V4-kv410-direct,MJ-20p5x12ELW,11.191689088618348,2.3548945759248756,15.287308556418557,0.3008674120014446,0.5306018608096933,0.3,0.09983475805894594,0.10612037216193869,0.03531500559970817,0.05630766693894183,0.01873820768570989,11.926720281573619,6.880203619523805,0.7334836207070126,6.923458500532605,True,8.279754252395486,10.763680528114133,10.942106085441493,90.44304175861762,91.64038031481965,9.507878456586504,0.26935010183292707,0.26935010183292707,0.26935010183292707,0.0,7.416666666666667,0.26935010183292707,0.26935010183292707,0.26935010183292707,0.0,101.84624752288308,0.0,783.5940511529892,2980.575111768847,2063.8037263250317,13.0,True,ok,2.523684451033325,0.0,1.0924824293208126,True,-26.935010183292707
6.0,0.3929157720311511,2.0,2.2586154275192203,0.3917316162896523,1.0,1.0,0.0,0.0,3.0,0.3929157720311511,3.0,2.2034927738880086,2.2034927738880086,0.22685002675103472,0.5,0.03,1.3399999999999994,1.6200000000000006,36.20912738403504,36.20912738403504,0.0,0.07270542998307808,-0.054737868608066204,-0.07213196774059204,18.150605644086287,39.60165808416924,39.60165808416924,16.757576904391154,0.5610296789677739,4.059032645517746,-0.2970279578534669,2,one_per_bay,True,48+42+42,3,132,48,42,0,A40-12L-V4-kv410-direct,MJ-20p5x12ELW,11.196006699137223,2.3574946321869064,15.270448343123038,0.30081741091948255,0.530867444767138,0.3,0.09982559438221499,0.1061734889534276,0.03532943880803149,0.05636404878271806,0.018755248905076637,11.93132145772636,6.882542023443332,0.7335631830631566,6.920331616833847,True,8.276783242226253,10.75981821489413,10.938179748081506,90.48817799066931,91.685663165359,9.501094830696427,0.26894497027357994,0.26894497027357994,0.26894497027357994,0.0,7.416666666666667,0.26894497027357994,0.26894497027357994,0.26894497027357994,0.0,101.25127897947701,0.0,782.5005872931317,2980.575111768847,2064.8886086976486,13.0,True,ok,2.524049149902789,0.0,1.092915772031151,True,-26.894497027357993
6.0,0.3972245449922309,2.0,2.260919644899621,0.3912836096227177,1.0,1.0,0.0,0.0,3.0,0.3972245449922309,3.0,2.207924316557003,2.207924316557003,0.2293376979799911,0.5,0.03,1.3399999999999994,1.6200000000000006,36.15549960123949,36.15549960123949,0.0,0.07270542998307808,-0.054793711646538394,-0.07210698723258338,18.33257203514973,39.556704919060856,39.556704919060856,16.76475849662391,0.561606260244771,4.070803496373594,-0.2760394589915538,2,one_per_bay,True,48+42+42,3,132,48,42,0,A40-12L-V4-kv410-direct,MJ-20x13E,11.285281077965193,2.3833472699533855,15.104806779040683,0.3003202448085887,0.5334982285201549,0.3,0.0995964526043016,0.106699645704031,0.035423020687524315,0.05692407196682869,0.018898118785627027,12.026459067086437,6.929455101721169,0.7355562436791387,6.911340983812171,True,8.264524854189107,10.743882310445839,10.921979680029953,90.50219979176771,91.71335181466179,8.896036737367336,0.26881833980877695,0.26881833980877695,0.26881833980877695,0.0,7.416666666666667,0.26881833980877695,0.26881833980877695,0.26881833980877695,0.0,101.06531187457884,0.0,782.0114779257158,2980.575111768847,2065.3754672542555,13.0,True,ok,2.527668759159699,0.0,1.0972245449922309,True,-26.881833980877694
6.0,0.3946481343761483,1.9896283456346284,2.249806986601415,0.3956217298457757,1.0,1.0,0.0,0.0,3.0,0.3946481343761483,3.0,2.165880530039507,2.165880530039507,0.2284433103142185,0.5,0.029999999999999995,1.3399999999999994,1.6200000000000006,36.23069415746636,36.23069415746636,0.0,0.07270542998307807,-0.05452439477992968,-0.07174136523138001,18.220813469159893,39.84098882680263,39.84098882680263,16.895647946158142,0.5602894580049872,4.063842167320337,-0.28847630297460536,2,one_per_bay,True,48+42+42,3,132,48,42,0,A40-12L-V4-kv410-direct,20x13E,11.25876965606367,2.36788880625689,15.203416606756996,0.30061752295659816,0.5330769494199219,0.3,0.09950618253458979,0.10661538988398438,0.03536296815597403,0.05683420680057,0.018851183187020476,11.998206467252526,6.910042783934498,0.7363432966215135,6.968197765360525,True,8.281713035397795,10.766226946017134,10.944694714373737,90.5279971429543,91.79917742513994,8.885640387363479,0.26858338222140776,0.2685833822214084,0.26858338222140776,-6.106226635438361e-16,7.416666666666667,0.26858338222140776,0.26858338222140776,0.2685833822214084,-8.96748891359816e-13,100.72025760691199,0.0,780.7289287832865,2980.575111768847,2066.654914534959,13.0,True,ok,2.516345461311376,0.0,1.0946481343761483,True,-26.858338222140777
6.0,0.3946481343761483,1.9896283456346284,2.249806986601415,0.3956217298457757,1.0,1.0,0.0,0.0,3.0,0.3946481343761483,3.0,2.160880530039507,2.160880530039507,0.2284433103142185,0.5,0.029999999999999995,1.3399999999999994,1.6200000000000006,36.23069415746636,36.23069415746636,0.0,0.07270542998307807,-0.05452439477992968,-0.07174136523138001,18.220813469159893,39.84098882680263,39.84098882680263,16.895647946158142,0.5602894580049872,4.063842167320337,-0.28847630297460536,2,one_per_bay,True,48+42+42,3,132,48,42,0,A40-12L-V4-kv410-direct,20x13E,11.25876965606367,2.36788880625689,15.203416606756996,0.30061752295659816,0.5330769494199219,0.3,0.09950618253458979,0.10661538988398438,0.03536296815597403,0.05683420680057,0.018851183187020476,11.998206467252526,6.910042783934498,0.7363432966215135,6.968197765360525,True,8.281713035397795,10.766226946017134,10.944694714373737,90.5279971429543,91.79917742513994,8.885640387363479,0.26858338222140776,0.2685833822214084,0.26858338222140776,-6.106226635438361e-16,7.416666666666667,0.26858338222140776,0.26858338222140776,0.2685833822214084,-8.96748891359816e-13,100.72025760691199,0.0,780.7289287832865,2980.575111768847,2066.654914534959,13.0,True,ok,2.516345461311376,0.0,1.0946481343761483,True,-26.858338222140777
6.0,0.3946481343761483,1.9896283456346284,2.249806986601415,0.3956217298457757,1.0,1.0,0.0,0.0,3.0,0.3946481343761483,3.0,2.170880530039507,2.170880530039507,0.2284433103142185,0.5,0.029999999999999995,1.3399999999999994,1.6200000000000006,36.23069415746636,36.23069415746636,0.0,0.07270542998307807,-0.05452439477992968,-0.07174136523138001,18.220813469159893,39.84098882680263,39.84098882680263,16.895647946158142,0.5602894580049872,4.063842167320337,-0.28847630297460536,2,one_per_bay,True,48+42+42,3,132,48,42,0,A40-12L-V4-kv410-direct,20x13E,11.25876965606367,2.36788880625689,15.203416606756996,0.30061752295659816,0.5330769494199219,0.3,0.09950618253458979,0.10661538988398438,0.03536296815597403,0.05683420680057,0.018851183187020476,11.998206467252526,6.910042783934498,0.7363432966215135,6.968197765360525,True,8.281713035397795,10.766226946017134,10.944694714373737,90.5279971429543,91.79917742513994,8.885640387363479,0.26858338222140776,0.2685833822214084,0.26858338222140776,-6.106226635438361e-16,7.416666666666667,0.26858338222140776,0.26858338222140776,0.2685833822214084,-8.96748891359816e-13,100.72025760691199,0.0,780.7289287832865,2980.575111768847,2066.654914534959,13.0,True,ok,2.516345461311376,0.0,1.0946481343761483,True,-26.858338222140777
6.0,0.3979157720311511,2.0,2.2612890162519648,0.3917316162896523,1.0,1.0,0.0,0.0,3.0,0.3979157720311511,3.0,2.2034927738880086,2.2034927738880086,0.22973677809698284,0.5,0.030000000000000006,1.3399999999999994,1.6200000000000006,36.13511638330753,36.13511638330753,0.0,0.0727054299830781,-0.054802663414203576,-0.07211111802515766,18.35705451071967,39.532139541961456,39.532139541961456,16.756021584558486,0.5618224380305551,4.072670281061039,-0.27270405525822383,2,one_per_bay,True,48+42+42,3,132,48,42,0,A40-12L-V4-kv410-direct,MJ-20x13E,11.292176017133214,2.3874946321869066,15.07856793253796,0.3002404878425594,0.5339185961079016,0.3,0.09958181144625153,0.10678371922158032,0.03544572064350959,0.057013813453966514,0.018925129404015507,12.033806841865053,6.933179111542775,0.7356838253075626,6.90642790839229,True,8.259865601431853,10.73782528186141,10.915822246319404,90.58311381788344,91.79436708600005,8.885868326360953,0.2680920780860826,0.2680920780860828,0.2680920780860826,-2.220446049250313e-16,7.416666666666667,0.2680920780860826,0.2680920780860826,0.2680920780860828,-3.26090505949024e-13,99.99873764871656,0.0,780.0524188499676,2980.575111768847,2067.3185175784756,13.0,True,ok,2.5282483143059156,0.0,1.097915772031151,True,-26.80920780860826
6.0,0.3954277974230934,1.9878465497625868,2.2666917221012794,0.39448841381196165,1.0,1.0,0.0,0.0,3.0,0.3954277974230934,3.0,2.1559195043075983,2.1559195043075983,0.22899718198563615,0.5,0.03,1.3399999999999994,1.6200000000000006,36.21298786073526,36.21298786073526,0.0,0.07270542998307808,-0.05493359876481907,-0.07233291099218467,18.275481476590688,39.49585379624216,39.49585379624216,16.72424980857291,0.5612318353597633,4.0659579957177625,-0.28469916973978693,2,one_per_bay,True,48+42+42,3,132,48,42,0,A40-12L-V4-kv410-direct,20x13E,11.269988783610003,2.3725667845385603,15.173440104870062,0.3005275618357968,0.5316121226180237,0.3,0.09972533105517635,0.10632242452360473,0.03534346328068494,0.056522289782888126,0.0187890135353171,12.010162428054231,6.924541093608576,0.7344344218189041,6.899170759248431,True,8.27766568074847,10.76096538497301,10.939345934375163,90.63091336943124,91.90601397836333,8.872507149375842,0.26765941551772743,0.26765941551772937,0.26765941551772743,-1.942890293094024e-15,7.416666666666667,0.26765941551772743,0.26765941551772743,0.26765941551772937,-2.85329192705396e-12,99.3633375863382,0.0,778.195031352169,2980.575111768847,2069.1680275646036,13.0,True,ok,2.532497783410291,0.0,1.0954277974230933,True,-26.76594155177274
6.0,0.3946481343761483,1.9896283456346284,2.249806986601415,0.3956217298457757,1.0,1.0,0.0,0.0,3.0,0.3946481343761483,3.0,2.165880530039507,2.165880530039507,0.2284433103142185,0.5,0.029999999999999995,1.3399999999999994,1.6200000000000006,36.21632983834257,36.21632983834257,0.0,0.07270542998307807,-0.05452439477992968,-0.0717511419370969,18.21512010060322,39.819766617945376,39.819766617945376,16.883571601025558,0.5604385380789164,4.063816842871524,-0.28851351227421085,2,one_per_bay,True,48+42+42,3,132,48,42,0,A40-12L-V4-kv410-direct,19x12E,11.24984393687909,2.36788880625689,15.203416606756996,0.30061752295659816,0.5330769494199219,0.3,0.09953288197403379,0.10661538988398438,0.03537245672646071,0.05683420680057,0.018856241325229874,11.988694537892853,6.905490897464735,0.7361103961912907,6.963953323589076,True,8.278429599303111,10.761958479094044,10.940355490650713,90.72511879988181,92.47079388514737,7.911640782751102,0.26688628779611745,0.26688628779611745,0.26688628779611745,0.0,7.416666666666667,0.26688628779611745,0.26688628779611745,0.26688628779611745,0.0,98.22793684112247,0.0,770.8964580669597,2980.575111768847,2076.4598042113025,13.083333333333332,True,ok,2.516345461311376,0.0,1.0946481343761483,True,-26.688628779611744
6.0,0.3962808480476603,1.9768609627292661,2.2706298204748037,0.39174816398831924,1.0,1.0,0.0,0.0,3.0,0.3962808480476603,3.0,2.129345581532178,2.129345581532178,0.2301279620405767,0.5,0.03,1.3399999999999994,1.6200000000000006,36.1906572964025,36.1906572964025,0.0,0.07270542998307808,-0.055029039143339994,-0.07245902848891916,18.307149659923088,39.4027973314209,39.4027973314209,16.681815760043698,0.5615566634552537,4.068267460609901,-0.28057461676400175,2,one_per_bay,True,48+42+42,3,132,48,42,0,A40-12L-V4-kv410-direct,20x13E,11.280376507896023,2.3776850882859617,15.140777127029834,0.3004291329175776,0.5317235315332035,0.3,0.09975193382917134,0.10634470630664071,0.03536030035527562,0.05654598279722834,0.01880190378098194,12.021232381922722,6.931847937534733,0.7342031288409936,6.88055946628418,True,8.272561298124204,10.754329687561466,10.93260023945804,90.75923888560543,92.03936842838861,8.858941022797184,0.26658003137404807,0.26658003137404807,0.26658003137404807,0.0,7.416666666666667,0.26658003137404807,0.26658003137404807,0.26658003137404807,0.0,97.77817445371178,0.0,775.1405685528522,2980.575111768847,2072.196480763247,13.083333333333332,True,ok,2.5364915862414055,0.0,1.0962808480476602,True,-26.658003137404805
6.0,0.3906037407627227,2.0,2.2573777698151645,0.4,1.0,1.0,0.0,0.0,3.0,0.3906037407627227,3.0,2.21,2.21,0.22551517487583275,0.5,0.03,1.3399999999999994,1.6200000000000006,36.400235216363306,36.400235216363306,0.0,0.07270542998307808,-0.0547078737962178,-0.07203612051298536,18.179309477654876,39.86364117388246,39.86364117388246,16.888548017116204,0.5599251704630723,4.052998787795142,-0.30787543493175384,2,one_per_bay,True,51+42+42,3,135,51,42,0,A40-12L-V4-kv410-direct,205x14E,11.247923352877907,2.343622444576336,15.360835992722297,0.3010841837581474,0.5294483319807256,0.3,0.0996510517619377,0.10588966639614512,0.035173388756988576,0.056063107247434525,0.01862249200749721,11.986647816617987,6.9084093202348456,0.7350807198856757,6.972728234776493,True,8.320467203104313,10.816607364035606,10.995910269977337,90.95110815566505,91.98780465211074,9.382545196408202,0.26653370458236236,0.2665337045823636,0.26653370458236236,-1.2212453270876722e-15,7.416666666666667,0.26653370458236236,0.26653370458236236,0.2665337045823636,-1.793497782719632e-12,97.71013980389498,0.0,840.6248920083226,3048.3154552181413,2074.230257196873,13.0,True,ok,2.522101935805527,0.0,1.0906037407627227,True,-26.653370458236235
6.0,0.3906037407627227,2.0,2.2573777698151645,0.4,1.0,1.0,0.0,0.0,3.0,0.3906037407627227,3.0,2.21,2.21,0.22551517487583275,0.5,0.03,1.3399999999999994,1.6200000000000006,36.39274669714813,36.39274669714813,0.0,0.07270542998307808,-0.0547078737962178,-0.07204118780777119,18.176365224260554,39.85263675169368,39.85263675169368,16.882296459952457,0.5600024933689803,4.052985648201302,-0.3078947409821009,2,one_per_bay,True,51+42+42,3,135,51,42,0,A40-12L-V4-kv410-direct,20x15E,11.243295820916831,2.343622444576336,15.360835992722297,0.3010841837581474,0.5294483319807256,0.3,0.09966484402099678,0.10588966639614512,0.03517825694935729,0.056063107247434525,0.018625069463826586,11.981716364461233,6.906044984817784,0.734960659943829,6.9705273503387355,True,8.318755456513683,10.814382093467788,10.993648111921058,91.10575327257726,92.0838339818431,9.134791964372797,0.26515440289000536,0.26515440289000536,0.26515440289000536,0.0,7.416666666666667,0.26515440289000536,0.26515440289000536,0.26515440289000536,0.0,95.68452343339636,0.0,837.5170555121562,3048.3154552181413,2077.296966343781,13.0,True,ok,2.522101935805527,0.0,1.0906037407627227,True,-26.515440289000537
6.0,0.3906037407627227,2.0,2.2573777698151645,0.4,1.0,1.0,0.0,0.0,3.0,0.3906037407627227,3.0,2.21,2.21,0.22551517487583275,0.5,0.03,1.3399999999999994,1.6200000000000006,36.36455657167855,36.36455657167855,0.0,0.07270542998307808,-0.0547078737962178,-0.07206025384632633,18.16528717407846,39.8112303374928,39.8112303374928,16.85878244693947,0.5602938983424761,4.052936160653073,-0.30796745320664853,2,one_per_bay,True,51+42+42,3,135,51,42,0,A40-12L-V4-kv410-direct,18x12E,11.22588426544988,2.343622444576336,15.360835992722297,0.3010841837581474,0.5294483319807256,0.3,0.09971674099322342,0.10588966639614512,0.03519657479294412,0.056063107247434525,0.018634767815559117,11.963161278622348,6.897145190593909,0.7345091263175523,6.96224606749856,True,8.312311679075794,10.806005182798533,10.985132340297044,91.18816794823235,93.2036229641373,7.069103001990565,0.2643903856738883,0.2643903856738892,0.2643903856738883,-9.43689570931383e-16,7.416666666666667,0.2643903856738883,0.2643903856738883,0.2643903856738892,-1.385884650283352e-12,94.56250220418659,0.0,824.1311662542055,3048.3154552181413,2090.6860359325365,13.0,True,ok,2.522101935805527,0.0,1.0906037407627227,True,-26.439038567388828
6.0,0.3996481343761483,1.9896283456346284,2.2524855575682183,0.3956217298457757,1.0,1.0,0.0,0.0,3.0,0.3996481343761483,3.0,2.165880530039507,2.165880530039507,0.23133757599566324,0.5,0.030000000000000002,1.3399999999999994,1.6200000000000006,36.08304819686864,36.08304819686864,0.0,0.0727054299830781,-0.054589310331223564,-0.07177136965898963,18.39770073079642,39.66204245315587,39.66204245315587,16.831956611010703,0.5618520218910217,4.077346166325392,-0.26434875300389016,2,one_per_bay,True,48+42+42,3,132,48,42,0,A40-12L-V4-kv410-direct,20x13E,11.30867692048445,2.3978888062568897,15.013206578246674,0.3000405998796752,0.5361241796553488,0.3,0.09939995631445987,0.10722483593106974,0.03552714669124486,0.05748582720222412,0.01904696237533889,12.05139146712628,6.936967556240831,0.7372708419667129,6.932408490631175,True,8.24796371027607,10.722352823358891,10.900093306585923,91.04430817800113,92.3383742450448,8.812505822054087,0.2640212499828292,0.2640212499828292,0.2640212499828292,0.0,7.416666666666667,0.2640212499828292,0.2640212499828292,0.2640212499828292,0.0,94.02039651194546,0.0,768.080571882901,2980.575111768847,2079.190284170577,13.083333333333332,True,ok,2.520547647395893,0.0,1.0996481343761482,True,-26.402124998282922
6.0,0.4004277974230934,1.9878465497625868,2.2666917221012794,0.39448841381196165,1.0,1.0,0.0,0.0,3.0,0.4004277974230934,3.0,2.1559195043075983,2.1559195043075983,0.23189274450650538,0.5,0.03,1.3399999999999994,1.6200000000000006,36.06493899982024,36.06493899982024,0.0,0.07270542998307808,-0.054933598764819076,-0.07226747746048864,18.4479864125271,39.3699984007801,39.3699984007801,16.687353905632985,0.5626771012748646,4.079459578145464,-0.260575170454475,2,one_per_bay,True,48+42+42,3,132,48,42,0,A40-12L-V4-kv410-direct,20x13E,11.319368335379217,2.4025667845385605,14.983974735551085,0.2999506387588738,0.5349625583396644,0.3,0.09958130943842719,0.10699251166793287,0.03551484803999652,0.05723698776506377,0.018999113966520955,12.062785056945867,6.949857154747927,0.7356882002538636,6.87399968015602,True,8.243824259549447,10.716971537414281,10.894622817051397,91.14627594616432,92.44424919198138,8.799831455930484,0.2631059670097563,0.2631059670097563,0.2631059670097563,0.0,7.416666666666667,0.2631059670097563,0.2631059670097563,0.2631059670097563,0.0,92.67622925385493,0.0,765.5650996361644,2980.575111768847,2081.6801639747973,13.083333333333332,True,ok,2.5341730012711117,0.0,1.1004277974230934,True,-26.31059670097563
6.0,0.4004277974230934,1.9878465497625868,2.2666917221012794,0.39448841381196165,1.0,1.0,0.0,0.0,3.0,0.4004277974230934,3.0,2.1509195043075984,2.1509195043075984,0.23189274450650538,0.5,0.03,1.3399999999999994,1.6200000000000006,36.06493899982024,36.06493899982024,0.0,0.07270542998307808,-0.054933598764819076,-0.07226747746048864,18.4479864125271,39.3699984007801,39.3699984007801,16.687353905632985,0.5626771012748646,4.079459578145464,-0.260575170454475,2,one_per_bay,True,48+42+42,3,132,48,42,0,A40-12L-V4-kv410-direct,20x13E,11.319368335379217,2.4025667845385605,14.983974735551085,0.2999506387588738,0.5349625583396644,0.3,0.09958130943842719,0.10699251166793287,0.03551484803999652,0.05723698776506377,0.018999113966520955,12.062785056945867,6.949857154747927,0.7356882002538636,6.87399968015602,True,8.243824259549447,10.716971537414281,10.894622817051397,91.14627594616432,92.44424919198138,8.799831455930484,0.2631059670097563,0.2631059670097563,0.2631059670097563,0.0,7.416666666666667,0.2631059670097563,0.2631059670097563,0.2631059670097563,0.0,92.67622925385493,0.0,765.5650996361644,2980.575111768847,2081.6801639747973,13.083333333333332,True,ok,2.5341730012711117,0.0,1.1004277974230934,True,-26.31059670097563
6.0,0.4004277974230934,1.9878465497625868,2.2666917221012794,0.39448841381196165,1.0,1.0,0.0,0.0,3.0,0.4004277974230934,3.0,2.160919504307598,2.160919504307598,0.23189274450650538,0.5,0.03,1.3399999999999994,1.6200000000000006,36.06493899982024,36.06493899982024,0.0,0.07270542998307808,-0.054933598764819076,-0.07226747746048864,18.4479864125271,39.3699984007801,39.3699984007801,16.687353905632985,0.5626771012748646,4.079459578145464,-0.260575170454475,2,one_per_bay,True,48+42+42,3,132,48,42,0,A40-12L-V4-kv410-direct,20x13E,11.319368335379217,2.4025667845385605,14.983974735551085,0.2999506387588738,0.5349625583396644,0.3,0.09958130943842719,0.10699251166793287,0.03551484803999652,0.05723698776506377,0.018999113966520955,12.062785056945867,6.949857154747927,0.7356882002538636,6.87399968015602,True,8.243824259549447,10.716971537414281,10.894622817051397,91.14627594616432,92.44424919198138,8.799831455930484,0.2631059670097563,0.2631059670097563,0.2631059670097563,0.0,7.416666666666667,0.2631059670097563,0.2631059670097563,0.2631059670097563,0.0,92.67622925385493,0.0,765.5650996361644,2980.575111768847,2081.6801639747973,13.083333333333332,True,ok,2.5341730012711117,0.0,1.1004277974230934,True,-26.31059670097563
6.0,0.3946481343761483,1.9896283456346284,2.249806986601415,0.3956217298457757,1.0,1.0,0.0,0.0,3.0,0.3946481343761483,3.0,2.165880530039507,2.165880530039507,0.2284433103142185,0.5,0.029999999999999995,1.3399999999999994,1.6200000000000006,36.23813908600891,36.23813908600891,0.0,0.07270542998307807,-0.05452439477992968,-0.07173629652710373,18.22376519152729,39.85199126456499,39.85199126456499,16.901910226886383,0.5602122441091231,4.0638552888590835,-0.28845702345267,2,one_per_bay,True,48+42+42,3,132,48,42,0,A40-12L-V4-kv410-direct,205x14E,11.263397188024745,2.36788880625689,15.203416606756996,0.30061752295659816,0.5330769494199219,0.3,0.09949234074779562,0.10661538988398438,0.03535804899765485,0.05683420680057,0.018848560897109977,12.003137919409276,6.912402096249,0.7364640760587051,6.9703982529129975,True,8.283414817911,10.7684392632843,10.946943704407284,91.18314328937838,92.2129756994437,9.332266872572005,0.2627750357196647,0.2627750357196648,0.2627750357196647,-1.1102230246251565e-16,7.416666666666667,0.2627750357196647,0.2627750357196647,0.2627750357196648,-1.63045252974512e-13,92.19022982208865,0.0,767.5938277754027,2980.575111768847,2079.637776088308,13.083333333333332,True,ok,2.516345461311376,0.0,1.0946481343761483,True,-26.27750357196647
6.0,0.4012808480476603,1.9768609627292661,2.2706298204748037,0.39174816398831924,1.0,1.0,0.0,0.0,3.0,0.4012808480476603,3.0,2.129345581532178,2.129345581532178,0.23303155886053833,0.5,0.03,1.3399999999999994,1.6200000000000006,36.04317077386229,36.04317077386229,0.0,0.07270542998307808,-0.055029039143339994,-0.07239359959797073,18.479629067583378,39.277687364705585,39.277687364705585,16.645195570709124,0.5629979526732366,4.081768161056209,-0.25645191337698336,2,one_per_bay,True,48+42+42,3,132,48,42,0,A40-12L-V4-kv410-direct,20x13E,11.329793170781564,2.4076850882859615,14.952121510886007,0.29985220984065464,0.535067478141915,0.3,0.09960799077336407,0.10701349562838303,0.035531330950591376,0.05725944123302975,0.0190116596467587,12.073894559259664,6.957189637890259,0.7354557210145309,6.855537472941117,True,8.238848417797977,10.71050294313737,10.888046995275866,91.27740854950446,92.58044749004418,8.78646615410799,0.2619288788763402,0.2619288788763403,0.2619288788763402,-1.1102230246251565e-16,7.416666666666667,0.2619288788763402,0.2619288788763402,0.2619288788763403,-1.63045252974512e-13,90.947579890355,0.0,762.3282759463074,2980.575111768847,2084.8826469556707,13.083333333333332,True,ok,2.5381635595457612,0.0,1.1012808480476601,True,-26.19288788763402
6.0,0.4012808480476603,1.9768609627292661,2.2706298204748037,0.39174816398831924,1.0,1.0,0.0,0.0,3.0,0.4012808480476603,3.0,2.124345581532178,2.124345581532178,0.23303155886053833,0.5,0.03,1.3399999999999994,1.6200000000000006,36.04317077386229,36.04317077386229,0.0,0.07270542998307808,-0.055029039143339994,-0.07239359959797073,18.479629067583378,39.277687364705585,39.277687364705585,16.645195570709124,0.5629979526732366,4.081768161056209,-0.25645191337698336,2,one_per_bay,True,48+42+42,3,132,48,42,0,A40-12L-V4-kv410-direct,20x13E,11.329793170781564,2.4076850882859615,14.952121510886007,0.29985220984065464,0.535067478141915,0.3,0.09960799077336407,0.10701349562838303,0.035531330950591376,0.05725944123302975,0.0190116596467587,12.073894559259664,6.957189637890259,0.7354557210145309,6.855537472941117,True,8.238848417797977,10.71050294313737,10.888046995275866,91.27740854950446,92.58044749004418,8.78646615410799,0.2619288788763402,0.2619288788763403,0.2619288788763402,-1.1102230246251565e-16,7.416666666666667,0.2619288788763402,0.2619288788763402,0.2619288788763403,-1.63045252974512e-13,90.947579890355,0.0,762.3282759463074,2980.575111768847,2084.8826469556707,13.083333333333332,True,ok,2.5381635595457612,0.0,1.1012808480476601,True,-26.19288788763402
6.0,0.4012808480476603,1.9768609627292661,2.2706298204748037,0.39174816398831924,1.0,1.0,0.0,0.0,3.0,0.4012808480476603,3.0,2.1343455815321777,2.1343455815321777,0.23303155886053833,0.5,0.03,1.3399999999999994,1.6200000000000006,36.04317077386229,36.04317077386229,0.0,0.07270542998307808,-0.055029039143339994,-0.07239359959797073,18.479629067583378,39.277687364705585,39.277687364705585,16.645195570709124,0.5629979526732366,4.081768161056209,-0.25645191337698336,2,one_per_bay,True,48+42+42,3,132,48,42,0,A40-12L-V4-kv410-direct,20x13E,11.329793170781564,2.4076850882859615,14.952121510886007,0.29985220984065464,0.535067478141915,0.3,0.09960799077336407,0.10701349562838303,0.035531330950591376,0.05725944123302975,0.0190116596467587,12.073894559259664,6.957189637890259,0.7354557210145309,6.855537472941117,True,8.238848417797977,10.71050294313737,10.888046995275866,91.27740854950446,92.58044749004418,8.78646615410799,0.2619288788763402,0.2619288788763403,0.2619288788763402,-1.1102230246251565e-16,7.416666666666667,0.2619288788763402,0.2619288788763402,0.2619288788763403,-1.63045252974512e-13,90.947579890355,0.0,762.3282759463074,2980.575111768847,2084.8826469556707,13.083333333333332,True,ok,2.5381635595457612,0.0,1.1012808480476601,True,-26.19288788763402
6.0,0.3946481343761483,1.9896283456346284,2.249806986601415,0.3956217298457757,1.0,1.0,0.0,0.0,3.0,0.3946481343761483,3.0,2.165880530039507,2.165880530039507,0.2284433103142185,0.5,0.029999999999999995,1.3399999999999994,1.6200000000000006,36.23069415746636,36.23069415746636,0.0,0.07270542998307807,-0.05452439477992968,-0.07174136523138001,18.220813469159893,39.84098882680263,39.84098882680263,16.895647946158142,0.5602894580049872,4.063842167320337,-0.28847630297460536,2,one_per_bay,True,48+42+42,3,132,48,42,0,A40-12L-V4-kv410-direct,20x15E,11.25876965606367,2.36788880625689,15.203416606756996,0.30061752295659816,0.5330769494199219,0.3,0.09950618253458979,0.10661538988398438,0.03536296815597403,0.05683420680057,0.018851183187020476,11.998206467252526,6.910042783934498,0.7363432966215135,6.968197765360525,True,8.281713035397795,10.766226946017134,10.944694714373737,91.3505214825124,92.32338023075803,9.08495641804696,0.2612725865583072,0.2612725865583072,0.2612725865583072,0.0,7.416666666666667,0.2612725865583072,0.2612725865583072,0.2612725865583072,0.0,89.9837614084329,0.0,764.1545098042633,2980.575111768847,2083.032890248661,13.083333333333332,True,ok,2.516345461311376,0.0,1.0946481343761483,True,-26.127258655830722
6.0,0.4004277974230934,1.9878465497625868,2.2666917221012794,0.39448841381196165,1.0,1.0,0.0,0.0,3.0,0.4004277974230934,3.0,2.1559195043075983,2.1559195043075983,0.23189274450650538,0.5,0.03,1.3399999999999994,1.6200000000000006,36.050716960574626,36.050716960574626,0.0,0.07270542998307808,-0.054933598764819076,-0.07227724009544977,18.44227242478701,39.34915733755459,39.34915733755459,16.675503607926878,0.56282639379785,4.079434389325559,-0.2606121804740551,2,one_per_bay,True,48+42+42,3,132,48,42,0,A40-12L-V4-kv410-direct,19x12E,11.310442616194637,2.4025667845385605,14.983974735551085,0.2999506387588738,0.5349625583396644,0.3,0.09960781227934322,0.10699251166793287,0.03552430005838299,0.05723698776506377,0.019004170442458456,12.053273127586198,6.94530098469703,0.7354572759544689,6.8698314675109176,True,8.240573346185808,10.712745350041551,10.890326573731228,91.36279677216167,93.12555851859626,7.834957995505659,0.261162397920998,0.2611623979209985,0.261162397920998,-4.996003610813204e-16,7.416666666666667,0.261162397920998,0.261162397920998,0.2611623979209985,-7.337036383853041e-13,89.82194046033048,0.0,755.250994049445,2980.575111768847,2091.950604930457,13.083333333333332,True,ok,2.5341730012711117,0.0,1.1004277974230934,True,-26.116239792099798
6.0,0.3946481343761483,1.9896283456346284,2.249806986601415,0.3956217298457757,1.0,1.0,0.0,0.0,3.0,0.3946481343761483,3.0,2.165880530039507,2.165880530039507,0.2284433103142185,0.5,0.029999999999999995,1.3399999999999994,1.6200000000000006,36.20266814561776,36.20266814561776,0.0,0.07270542998307807,-0.05452439477992968,-0.0717604368552319,18.20970731621374,39.79958982848348,39.79958982848348,16.87209349840059,0.5605804517254936,4.063792747839498,-0.2885489151875056,2,one_per_bay,True,48+42+42,3,132,48,42,0,A40-12L-V4-kv410-direct,18x12E,11.241358100596718,2.36788880625689,15.203416606756996,0.30061752295659816,0.5330769494199219,0.3,0.09955826678358808,0.10661538988398438,0.03538147809768658,0.05683420680057,0.018861050410282545,11.97965138141364,6.901161903092391,0.7358890502258166,6.959917965696695,True,8.27530677150873,10.757898802961348,10.936228518765914,91.40770143933462,93.42154374031988,7.030421963109239,0.26075931170589645,0.2607593117058971,0.26075931170589645,-6.661338147750939e-16,7.416666666666667,0.26075931170589645,0.26075931170589645,0.2607593117058971,-9.78271517847072e-13,89.22997567078777,0.0,751.4323535127514,2980.575111768847,2095.7692796631154,13.083333333333332,True,ok,2.516345461311376,0.0,1.0946481343761483,True,-26.075931170589644
6.0,0.3906037407627227,2.0,2.2573777698151645,0.4,1.0,1.0,0.0,0.0,3.0,0.3906037407627227,3.0,2.21,2.21,0.22551517487583275,0.5,0.03,1.3399999999999994,1.6200000000000006,36.301482923057705,36.301482923057705,0.0,0.07270542998307808,-0.0547078737962178,-0.07210285782437022,18.140531818402643,39.718695726159915,39.718695726159915,16.806283833938807,0.5609477756870599,4.052825296262514,-0.30813034663639827,2,one_per_bay,True,51+42+42,3,135,51,42,0,A40-12L-V4-kv410-direct,MJ-21x14EL,11.18697586177155,2.343622444576336,15.360835992722297,0.3010841837581474,0.5294483319807256,0.3,0.09983272209677135,0.10588966639614512,0.03523751212748728,0.056063107247434525,0.01865644201904873,11.921697506389265,6.877235989925726,0.7335012967205186,6.943739145231984,True,8.297894128705297,10.787262367316886,10.966078832084463,91.6476822321314,92.42955546727387,10.0532216545288,0.2603206704306489,0.2603206704306491,0.2603206704306489,-2.220446049250313e-16,7.416666666666667,0.2603206704306489,0.2603206704306489,0.2603206704306491,-3.26090505949024e-13,88.58579539257792,0.0,826.5391111337875,3048.3154552181413,2088.1449791577293,13.0,True,ok,2.522101935805527,0.0,1.0906037407627227,True,-26.032067043064888
6.0,0.4012808480476603,1.9768609627292661,2.2706298204748037,0.39174816398831924,1.0,1.0,0.0,0.0,3.0,0.4012808480476603,3.0,2.129345581532178,2.129345581532178,0.23303155886053833,0.5,0.03,1.3399999999999994,1.6200000000000006,36.028970399558794,36.028970399558794,0.0,0.07270542998307808,-0.055029039143339994,-0.07240335889765503,18.473912033394043,39.256920466583324,39.256920466583324,16.633391026561096,0.5631472360982462,4.081742995422326,-0.2564888893292656,2,one_per_bay,True,48+42+42,3,132,48,42,0,A40-12L-V4-kv410-direct,19x12E,11.320867451596985,2.4076850882859615,14.952121510886007,0.29985220984065464,0.535067478141915,0.3,0.09963444745114389,0.10701349562838303,0.03554076835583115,0.05725944123302975,0.01901670929538055,12.06438262989999,6.952631850875034,0.7352252914673756,6.851384093316664,True,8.235602456667184,10.706283193667339,10.88375729657713,91.4999645704224,93.26683259003069,7.82299331939621,0.25993110662594426,0.259931106625946,0.25993110662594426,-1.7208456881689926e-15,7.416666666666667,0.25993110662594426,0.25993110662594426,0.259931106625946,-2.527201421104936e-12,88.01368935911475,0.0,751.8875348178814,2980.575111768847,2095.287458904204,13.083333333333332,True,ok,2.5381635595457612,0.0,1.1012808480476601,True,-25.993110662594425
6.0,0.3906037407627227,2.0,2.2573777698151645,0.4,1.0,1.0,0.0,0.0,3.0,0.3906037407627227,3.0,2.21,2.21,0.22551517487583275,0.5,0.03,1.3399999999999994,1.6200000000000006,36.40789955922055,36.40789955922055,0.0,0.07270542998307808,-0.0547078737962178,-0.07203093314901163,18.18232348672656,39.874906178631576,39.874906178631576,16.894948622567053,0.5598460698089227,4.053012233095903,-0.3078556797051688,2,one_per_bay,True,51+42+42,3,135,51,42,0,A40-12L-V4-kv410-direct,21x13E,11.252660520995667,2.343622444576336,15.360835992722297,0.3010841837581474,0.5294483319807256,0.3,0.09963693299651358,0.10588966639614512,0.03516840531911962,0.056063107247434525,0.01861985353462996,11.991696105452673,6.910829239171984,0.7352036478460939,6.974981235726316,True,8.322219139953015,10.81888488193892,10.998225541453895,91.8051628106022,92.87645364861451,9.731151842943598,0.2589056165603602,0.2589056165603602,0.2589056165603602,0.0,7.416666666666667,0.2589056165603602,0.2589056165603602,0.2589056165603602,0.0,86.50767404996141,0.0,819.549571967593,3048.3154552181413,2095.108106672577,13.0,True,ok,2.522101935805527,0.0,1.0906037407627227,True,-25.89056165603602
6.0,0.3922245449922309,2.0,2.258245497172508,0.3912836096227177,1.0,1.0,0.0,0.0,3.0,0.3922245449922309,3.0,2.207924316557003,2.207924316557003,0.226450946634043,0.5,0.029999999999999995,1.3399999999999994,1.6200000000000006,36.213678151319755,36.213678151319755,0.0,0.07270542998307807,-0.05472890329309237,-0.07213879410061004,18.119818021047532,39.602887322818006,39.602887322818006,16.75301516856451,0.5609800089658112,4.0571364587988,-0.3004065620926464,2,one_per_bay,True,48+42+42,3,132,48,42,0,A40-12L-V4-kv410-direct,MJ-21x14EL,11.179119866724614,2.3533472699533853,15.297359832793857,0.30089716788551185,0.5304437232131808,0.3,0.09987001233004077,0.10608874464263614,0.035316947451795394,0.056274108699252305,0.018733653098854608,11.91332555692602,6.873689882477749,0.7331776324816739,6.920577464563602,True,8.27782346929392,10.761170510082097,10.939554459767432,91.6373279730099,92.41032465340092,10.039543489843837,0.25869804144107983,0.25869804144107983,0.25869804144107983,0.0,7.416666666666667,0.25869804144107983,0.25869804144107983,0.25869804144107983,0.0,86.20283315688309,0.0,759.3788899665682,2980.575111768847,2087.7344184464905,13.083333333333332,True,ok,2.5234673587790986,0.0,1.0922245449922308,True,-25.869804144107984
6.0,0.39248242932081256,2.0,2.258383520628479,0.39054836813021376,1.0,1.0,0.0,0.0,3.0,0.39248242932081256,3.0,2.203979978334109,2.203979978334109,0.2265998362205694,0.5,0.029999999999999995,1.3399999999999994,1.6200000000000006,36.205938691463444,36.205938691463444,0.0,0.07270542998307807,-0.0547322483113304,-0.07214033135242146,18.12892634053089,39.593579808128965,39.593579808128965,16.749701606901464,0.5610614180884024,4.057833259329415,-0.29916168821797795,2,one_per_bay,True,48+42+42,3,132,48,42,0,A40-12L-V4-kv410-direct,MJ-21x14EL,11.181689088618349,2.3548945759248756,15.287308556418557,0.3008674120014446,0.5306018608096933,0.3,0.09986455866491227,0.10612037216193869,0.03532554710436083,0.05630766693894183,0.018743801027694327,11.916063516372997,6.8750818927019095,0.7332249567852027,6.918715961625792,True,8.276054361992237,10.758870670589909,10.937216496685263,91.66731776861296,92.44031169224432,10.035247717693858,0.25842883061279376,0.25842883061279376,0.25842883061279376,0.0,7.416666666666667,0.25842883061279376,0.25842883061279376,0.25842883061279376,0.0,85.80747522764,0.0,758.6535503861743,2980.575111768847,2088.4541434463517,13.083333333333332,True,ok,2.523684451033325,0.0,1.0924824293208126,True,-25.842883061279377
6.0,0.40542779742309343,1.9878465497625868,2.2666917221012794,0.39448841381196165,1.0,1.0,0.0,0.0,3.0,0.40542779742309343,3.0,2.1559195043075983,2.1559195043075983,0.2347883070273746,0.5,0.030000000000000002,1.3399999999999994,1.6200000000000006,35.92005674923995,35.92005674923995,0.0,0.0727054299830781,-0.054933598764819076,-0.07220219144312598,18.62082763008799,39.247294642933305,39.247294642933305,16.65176420418694,0.5641081896759051,4.092955756590219,-0.23645911125986685,2,one_per_bay,True,48+42+42,3,132,48,42,0,A40-12L-V4-kv410-direct,20x13E,11.368812927014423,2.432566784538561,14.799182587222955,0.29937371568195076,0.5382921406970356,0.3,0.09943674174091575,0.1076584281394071,0.035684011050437205,0.05795168574723942,0.019208422696996515,12.115476997295557,6.975146484946687,0.7369494710171896,6.849458928586661,True,8.2107066709652,10.67391867225476,10.850856280444592,91.6737258978134,92.99469681542234,8.728330813795745,0.25837130628943905,0.2583713062894394,0.25837130628943905,-3.3306690738754696e-16,7.416666666666667,0.25837130628943905,0.25837130628943905,0.2583713062894394,-4.89135758923536e-13,85.7229960946593,0.0,752.5352726949916,2980.575111768847,2094.5900207314353,13.083333333333332,True,ok,2.5358377924497972,0.0,1.1054277974230935,True,-25.837130628943903
6.0,0.3929157720311511,2.0,2.2586154275192203,0.3917316162896523,1.0,1.0,0.0,0.0,3.0,0.3929157720311511,3.0,2.2034927738880086,2.2034927738880086,0.22685002675103472,0.5,0.03,1.3399999999999994,1.6200000000000006,36.192953217098854,36.192953217098854,0.0,0.07270542998307808,-0.054737868608066204,-0.07214291482627812,18.144233949631737,39.577961978845785,39.577961978845785,16.74414261677797,0.5611981301253677,4.059004112586958,-0.2970698813866546,2,one_per_bay,True,48+42+42,3,132,48,42,0,A40-12L-V4-kv410-direct,MJ-21x14EL,11.186006699137224,2.3574946321869064,15.270448343123038,0.30081741091948255,0.530867444767138,0.3,0.09985539245265485,0.1061734889534276,0.03533998469170709,0.05636404878271806,0.018760847371396317,11.920664692525738,6.877420934670634,0.7333045055350578,6.915592395769158,True,8.273086106075066,10.755011937897587,10.933293799206044,91.7177753440105,92.49076769044828,10.028037555160765,0.2579758832679766,0.2579758832679766,0.2579758832679766,0.0,7.416666666666667,0.2579758832679766,0.2579758832679766,0.2579758832679766,0.0,85.14228532631562,0.0,757.4329464273835,2980.575111768847,2089.66510803819,13.083333333333332,True,ok,2.524049149902789,0.0,1.092915772031151,True,-25.79758832679766
6.0,0.4062808480476603,1.9768609627292661,2.2706298204748037,0.39174816398831924,1.0,1.0,0.0,0.0,3.0,0.4062808480476603,3.0,2.129345581532178,2.129345581532178,0.23593515568049991,0.49999999999999994,0.029999999999999995,1.3399999999999994,1.6200000000000006,35.89883387979333,35.89883387979333,0.0,0.07270542998307807,-0.05502903914333999,-0.07232831554842672,18.652443946647473,39.15570801579331,39.15570801579331,16.60987322415253,0.5644250963828109,4.095263479801056,-0.23233711734240226,2,one_per_bay,True,48+42+42,3,132,48,42,0,A40-12L-V4-kv410-direct,20x13E,11.379275264020707,2.4376850882859618,14.768109372697154,0.29927528676373144,0.5383906558848842,0.3,0.09946349891372337,0.10767813117697685,0.03570014561117667,0.057972899668831165,0.019220624810787276,12.126626464188128,6.982504740592294,0.7367158225745052,6.831141603158661,True,8.205855488324849,10.667612134822305,10.84444520186998,91.80764684927671,93.1337193666578,8.715160703536663,0.25716911872979115,0.25716911872979115,0.25716911872979115,0.0,7.416666666666667,0.25716911872979115,0.25716911872979115,0.25716911872979115,0.0,83.95748618864934,0.0,749.237309397411,2980.575111768847,2097.8598160307015,13.083333333333332,True,ok,2.539825148417246,0.0,1.1062808480476602,True,-25.716911872979114
6.0,0.4004277974230934,1.9878465497625868,2.2666917221012794,0.39448841381196165,1.0,1.0,0.0,0.0,3.0,0.4004277974230934,3.0,2.1559195043075983,2.1559195043075983,0.23189274450650538,0.5,0.03,1.3399999999999994,1.6200000000000006,36.072310197552646,36.072310197552646,0.0,0.07270542998307808,-0.054933598764819076,-0.07226241602353808,18.45094882489362,39.380803243964266,39.380803243964266,16.693498967233985,0.562599776879179,4.079472629451892,-0.2605559941251203,2,one_per_bay,True,48+42+42,3,132,48,42,0,A40-12L-V4-kv410-direct,205x14E,11.323995867340294,2.4025667845385605,14.983974735551085,0.2999506387588738,0.5349625583396644,0.3,0.09956756951310793,0.10699251166793287,0.03550994780959639,0.05723698776506377,0.01899649252672965,12.067716509102622,6.952218690696571,0.7358079551282799,6.876160648792852,True,8.245509188468603,10.719161945009184,10.896849534224133,91.8134187892902,92.84681873656704,9.242211705595961,0.2571173045125693,0.2571173045125705,0.2571173045125693,-1.1657341758564144e-15,7.416666666666667,0.2571173045125693,0.2571173045125693,0.2571173045125705,-1.7119751562323761e-12,83.88139280950634,0.0,752.2840278593803,2980.575111768847,2094.8033337007364,13.083333333333332,True,ok,2.5341730012711117,0.0,1.1004277974230934,True,-25.71173045125693
6.0,0.4012808480476603,1.9768609627292661,2.2706298204748037,0.39174816398831924,1.0,1.0,0.0,0.0,3.0,0.4012808480476603,3.0,2.129345581532178,2.129345581532178,0.23303155886053833,0.5,0.03,1.3399999999999994,1.6200000000000006,36.050530744812725,36.050530744812725,0.0,0.07270542998307808,-0.055029039143339994,-0.07238853988110068,18.482593059379067,39.28845375955351,39.28845375955351,16.651316907743162,0.5629206329089655,4.081781200356245,-0.25643275468866356,2,one_per_bay,True,48+42+42,3,132,48,42,0,A40-12L-V4-kv410-direct,205x14E,11.33442070274264,2.4076850882859615,14.952121510886007,0.29985220984065464,0.535067478141915,0.3,0.0995942747554549,0.10701349562838303,0.03552643828718284,0.05725944123302975,0.019009041741687296,12.07882601141642,6.95955201248285,0.73557521946118,6.857690751910703,True,8.240530780468022,10.71269001460843,10.890270321023063,91.94444479868912,92.97970155816076,9.22819629497902,0.25594108601285886,0.25594108601285886,0.25594108601285886,0.0,7.416666666666667,0.25594108601285886,0.25594108601285886,0.25594108601285886,0.0,82.15402057361399,0.0,749.0908544363451,2980.575111768847,2097.968228126113,13.083333333333332,True,ok,2.5381635595457612,0.0,1.1012808480476601,True,-25.594108601285885
6.0,0.4004277974230934,1.9878465497625868,2.2666917221012794,0.39448841381196165,1.0,1.0,0.0,0.0,3.0,0.4004277974230934,3.0,2.1559195043075983,2.1559195043075983,0.23189274450650538,0.5,0.03,1.3399999999999994,1.6200000000000006,36.06493899982024,36.06493899982024,0.0,0.07270542998307808,-0.054933598764819076,-0.07226747746048864,18.4479864125271,39.3699984007801,39.3699984007801,16.687353905632985,0.5626771012748646,4.079459578145464,-0.260575170454475,2,one_per_bay,True,48+42+42,3,132,48,42,0,A40-12L-V4-kv410-direct,20x15E,11.319368335379217,2.4025667845385605,14.983974735551085,0.2999506387588738,0.5349625583396644,0.3,0.09958130943842719,0.10699251166793287,0.03551484803999652,0.05723698776506377,0.018999113966520955,12.062785056945867,6.949857154747927,0.7356882002538636,6.87399968015602,True,8.243824259549447,10.716971537414281,10.894622817051397,91.99483134981651,92.97267086398334,8.996329931594497,0.2554887621914202,0.25548876219142164,0.2554887621914202,-1.4432899320127035e-15,7.416666666666667,0.2554887621914202,0.2554887621914202,0.25548876219142164,-2.119588288668656e-12,81.48974636692687,0.0,748.4955926903777,2980.575111768847,2098.550700425235,13.083333333333332,True,ok,2.5341730012711117,0.0,1.1004277974230934,True,-25.54887621914202
6.0,0.3946481343761483,1.9896283456346284,2.249806986601415,0.3956217298457757,1.0,1.0,0.0,0.0,3.0,0.3946481343761483,3.0,2.165880530039507,2.165880530039507,0.2284433103142185,0.5,0.029999999999999995,1.3399999999999994,1.6200000000000006,36.24575881690288,36.24575881690288,0.0,0.07270542998307807,-0.05452439477992968,-0.07173110775270235,18.226786846528032,39.86325423203294,39.86325423203294,16.908321798559232,0.560133254921834,4.0638687156923625,-0.2884372953604244,2,one_per_bay,True,48+42+42,3,132,48,42,0,A40-12L-V4-kv410-direct,21x13E,11.268134356142506,2.36788880625689,15.203416606756996,0.30061752295659816,0.5330769494199219,0.3,0.09947817140031827,0.10661538988398438,0.03535301342930252,0.05683420680057,0.018845876551694122,12.008186208243961,6.914816875068595,0.7365877398054506,6.972650846406589,True,8.285156557232819,10.770703524402665,10.949245499346064,92.0046212878522,93.09441889819895,9.67993798348997,0.255400876889416,0.25540087688941615,0.255400876889416,-1.6653345369377348e-16,7.416666666666667,0.255400876889416,0.255400876889416,0.25540087688941615,-2.44567879461768e-13,81.36067967509838,0.0,747.0389970618158,2980.575111768847,2100.007868154753,13.083333333333332,True,ok,2.516345461311376,0.0,1.0946481343761483,True,-25.540087688941597
6.0,0.3906037407627227,2.0,2.2573777698151645,0.4,1.0,1.0,0.0,0.0,3.0,0.3906037407627227,3.0,2.21,2.21,0.22551517487583275,0.5,0.03,1.3399999999999994,1.6200000000000006,36.30310537545966,36.30310537545966,0.0,0.07270542998307808,-0.0547078737962178,-0.0721017628801586,18.14116806541705,39.72107410573853,39.72107410573853,16.8076323121525,0.5609309233213673,4.052828150455925,-0.3081261529602217,2,one_per_bay,True,51+42+42,3,135,51,42,0,A40-12L-V4-kv410-direct,MJ-21x13EL,11.187975861771552,2.343622444576336,15.360835992722297,0.3010841837581474,0.5294483319807256,0.3,0.09982974107076104,0.10588966639614512,0.03523645992798811,0.056063107247434525,0.018655884933778982,11.922763182909323,6.877748055932735,0.7335271786562123,6.944214821147707,True,8.298264993396659,10.787744491415657,10.966568948176382,92.26037500870181,93.18529562384063,9.925859107561863,0.25482750859609377,0.25482750859609377,0.25482750859609377,0.0,7.416666666666667,0.25482750859609377,0.25482750859609377,0.25482750859609377,0.0,80.51864184703363,0.0,810.1182675190695,3048.3154552181413,2104.4231269753636,13.0,True,ok,2.522101935805527,0.0,1.0906037407627227,True,-25.482750859609375
6.0,0.4004277974230934,1.9878465497625868,2.2666917221012794,0.39448841381196165,1.0,1.0,0.0,0.0,3.0,0.4004277974230934,3.0,2.1559195043075983,2.1559195043075983,0.23189274450650538,0.5,0.03,1.3399999999999994,1.6200000000000006,36.03719061619035,36.03719061619035,0.0,0.07270542998307808,-0.054933598764819076,-0.0722865215721808,18.43684003738167,39.32934293296255,39.32934293296255,16.66424035676824,0.5629685085828375,4.0794104234374835,-0.2606473936357043,2,one_per_bay,True,48+42+42,3,132,48,42,0,A40-12L-V4-kv410-direct,18x12E,11.301956779912265,2.4025667845385605,14.983974735551085,0.2999506387588738,0.5349625583396644,0.3,0.09963300999553681,0.10699251166793287,0.035533286614862485,0.05723698776506377,0.01900897791370339,12.044229971106981,6.940967923408188,0.7352378089067677,6.865868586592509,True,8.237481456692286,10.708725893699972,10.886240488346171,92.08806531885985,94.11640644530051,6.961235883645012,0.2546517871057289,0.2546517871057291,0.2546517871057289,-2.220446049250313e-16,7.416666666666667,0.2546517871057289,0.2546517871057289,0.2546517871057291,-3.26090505949024e-13,80.2605805907444,0.0,734.7875680845616,2980.575111768847,2112.256291616287,13.083333333333332,True,ok,2.5341730012711117,0.0,1.1004277974230934,True,-25.46517871057289
6.0,0.4012808480476603,1.9768609627292661,2.2706298204748037,0.39174816398831924,1.0,1.0,0.0,0.0,3.0,0.4012808480476603,3.0,2.129345581532178,2.129345581532178,0.23303155886053833,0.5,0.03,1.3399999999999994,1.6200000000000006,36.04317077386229,36.04317077386229,0.0,0.07270542998307808,-0.055029039143339994,-0.07239359959797073,18.479629067583378,39.277687364705585,39.277687364705585,16.645195570709124,0.5629979526732366,4.081768161056209,-0.25645191337698336,2,one_per_bay,True,48+42+42,3,132,48,42,0,A40-12L-V4-kv410-direct,20x15E,11.329793170781564,2.4076850882859615,14.952121510886007,0.29985220984065464,0.535067478141915,0.3,0.09960799077336407,0.10701349562838303,0.035531330950591376,0.05725944123302975,0.0190116596467587,12.073894559259664,6.957189637890259,0.7354557210145309,6.855537472941117,True,8.238848417797977,10.71050294313737,10.888046995275866,92.12784111887505,93.10769235424439,8.982554763670427,0.2542947111959508,0.2542947111959508,0.2542947111959508,0.0,7.416666666666667,0.2542947111959508,0.2542947111959508,0.2542947111959508,0.0,79.73618566513451,0.0,745.2506000703016,2980.575111768847,2101.7648961724403,13.083333333333332,True,ok,2.5381635595457612,0.0,1.1012808480476601,True,-25.42947111959508
6.0,0.3922245449922309,2.0,2.258245497172508,0.3912836096227177,1.0,1.0,0.0,0.0,3.0,0.3922245449922309,3.0,2.207924316557003,2.207924316557003,0.226450946634043,0.5,0.029999999999999995,1.3399999999999994,1.6200000000000006,36.21529781676607,36.21529781676607,0.0,0.07270542998307807,-0.05472890329309237,-0.07213769934824653,18.120454914644135,39.605259606616606,39.605259606616606,16.75435966071286,0.5609631524030212,4.0571393149978725,-0.30040236546954513,2,one_per_bay,True,48+42+42,3,132,48,42,0,A40-12L-V4-kv410-direct,MJ-21x13EL,11.180119866724613,2.3533472699533853,15.297359832793857,0.30089716788551185,0.5304437232131808,0.3,0.09986703209077151,0.10608874464263614,0.03531589355231936,0.056274108699252305,0.018733094064492646,11.914391233446077,6.874202181630066,0.7332034930955202,6.921051921323322,True,8.278193696935196,10.761651806015754,10.940043733966055,92.23093748461065,93.14713213158178,9.91247741950501,0.2533691858233689,0.2533691858233689,0.2533691858233689,0.0,7.416666666666667,0.2533691858233689,0.2533691858233689,0.2533691858233689,0.0,78.37697661290022,0.0,743.4449211122618,2980.575111768847,2103.5442911934124,13.083333333333332,True,ok,2.5234673587790986,0.0,1.0922245449922308,True,-25.336918582336892
6.0,0.4012808480476603,1.9768609627292661,2.2706298204748037,0.39174816398831924,1.0,1.0,0.0,0.0,3.0,0.4012808480476603,3.0,2.129345581532178,2.129345581532178,0.23303155886053833,0.5,0.03,1.3399999999999994,1.6200000000000006,36.01546466512596,36.01546466512596,0.0,0.07270542998307808,-0.055029039143339994,-0.07241263718136755,18.46847674967649,39.23717657829434,39.23717657829434,16.622171265822125,0.5632893420312759,4.081719051611546,-0.25652407005266853,2,one_per_bay,True,48+42+42,3,132,48,42,0,A40-12L-V4-kv410-direct,18x12E,11.312381615314612,2.4076850882859615,14.952121510886007,0.29985220984065464,0.535067478141915,0.3,0.09965960121626855,0.10701349562838303,0.03554974099694517,0.05725944123302975,0.019021510263833696,12.05533947342077,6.94829725301601,0.7350062949865843,6.847435315658867,True,8.232515278253794,10.702269861729933,10.879677437118232,92.23355267754596,94.2664152008232,6.950440064074182,0.2533457083838752,0.2533457083838752,0.2533457083838752,0.0,7.416666666666667,0.2533457083838752,0.2533457083838752,0.2533457083838752,0.0,78.34249808942754,0.0,731.2070685378642,2980.575111768847,2115.797346806873,13.083333333333332,True,ok,2.5381635595457612,0.0,1.1012808480476601,True,-25.33457083838752
6.0,0.39248242932081256,2.0,2.258383520628479,0.39054836813021376,1.0,1.0,0.0,0.0,3.0,0.39248242932081256,3.0,2.203979978334109,2.203979978334109,0.2265998362205694,0.5,0.029999999999999995,1.3399999999999994,1.6200000000000006,36.207557638697125,36.207557638697125,0.0,0.07270542998307807,-0.0547322483113304,-0.07213923662052911,18.129563337034735,39.59595110346771,39.59595110346771,16.751045629953907,0.5610445616378525,4.057836114872246,-0.29915749255909363,2,one_per_bay,True,48+42+42,3,132,48,42,0,A40-12L-V4-kv410-direct,MJ-21x13EL,11.18268908861835,2.3548945759248756,15.287308556418557,0.3008674120014446,0.5306018608096933,0.3,0.09986157857847737,0.10612037216193869,0.035324492944755675,0.05630766693894183,0.01874324168864624,11.917129192893055,6.8755941539550784,0.7332508181911686,6.919190220693544,True,8.276424425462471,10.759351753101212,10.937705553923704,92.25946939852199,93.17568810068686,9.908244985769157,0.2531130451552981,0.2531130451552981,0.2531130451552981,0.0,7.416666666666667,0.2531130451552981,0.2531130451552981,0.2531130451552981,0.0,78.00081327367593,0.0,742.7528298952872,2980.575111768847,2104.2293197298163,13.083333333333332,True,ok,2.523684451033325,0.0,1.0924824293208126,True,-25.31130451552981
6.0,0.3929157720311511,2.0,2.2586154275192203,0.3917316162896523,1.0,1.0,0.0,0.0,3.0,0.3929157720311511,3.0,2.2034927738880086,2.2034927738880086,0.22685002675103472,0.5,0.03,1.3399999999999994,1.6200000000000006,36.19457095903919,36.19457095903919,0.0,0.07270542998307808,-0.054737868608066204,-0.0721418201288908,18.14487111907719,39.580331615298256,39.580331615298256,16.74548585317258,0.5611812738692393,4.059006967027645,-0.29706568734715266,2,one_per_bay,True,48+42+42,3,132,48,42,0,A40-12L-V4-kv410-direct,MJ-21x13EL,11.187006699137225,2.3574946321869064,15.270448343123038,0.30081741091948255,0.530867444767138,0.3,0.09985241261811828,0.1061734889534276,0.03533893009360958,0.05636404878271806,0.018760287519599038,11.921730369045802,6.877933132060727,0.7333303683157328,6.916066323059651,True,8.273455894035987,10.755492662246784,10.933782492345257,92.30748167467523,93.2237438777417,9.901141097337295,0.2526820204902662,0.2526820204902662,0.2526820204902662,0.0,7.416666666666667,0.2526820204902662,0.2526820204902662,0.2526820204902662,0.0,77.36781860513082,0.0,741.588000096758,2980.575111768847,2105.3820892423287,13.083333333333332,True,ok,2.524049149902789,0.0,1.092915772031151,True,-25.268202049026623
6.0,0.3906037407627227,2.0,2.2573777698151645,0.4,1.0,1.0,0.0,0.0,3.0,0.3906037407627227,3.0,2.21,2.21,0.22551517487583275,0.5,0.03,1.3399999999999994,1.6200000000000006,36.37118302208748,36.37118302208748,0.0,0.07270542998307808,-0.0547078737962178,-0.07205577348635088,18.167890440022298,39.82096072615949,39.82096072615949,16.864306925864334,0.5602253533639983,4.0529477967838945,-0.30795035619967526,2,one_per_bay,True,51+42+42,3,135,51,42,0,A40-12L-V4-kv410-direct,MJ-20p5x12EW,11.229975861771551,2.343622444576336,15.360835992722297,0.3010841837581474,0.5294483319807256,0.3,0.09970454526706303,0.10588966639614512,0.03519227012169551,0.056063107247434525,0.018632488714546817,11.967521596751926,6.899237113676892,0.7346152044880123,6.964192145231899,True,8.313826371576345,10.80797428304925,10.987134081595471,92.70274406289548,93.89954713230506,9.614303761261613,0.2509087287144024,0.25090872871440295,0.2509087287144024,-5.551115123125783e-16,7.416666666666667,0.2509087287144024,0.2509087287144024,0.25090872871440295,-8.1522626487256e-13,74.76359585186053,0.0,796.5165334982446,3048.3154552181413,2117.930957683885,13.083333333333332,True,ok,2.522101935805527,0.0,1.0906037407627227,True,-25.09087287144024
6.0,0.4004277974230934,1.9878465497625868,2.2666917221012794,0.39448841381196165,1.0,1.0,0.0,0.0,3.0,0.4004277974230934,3.0,2.1559195043075983,2.1559195043075983,0.23189274450650538,0.5,0.03,1.3399999999999994,1.6200000000000006,36.07985447487387,36.07985447487387,0.0,0.07270542998307808,-0.054933598764819076,-0.07225723466947334,18.453981423162496,39.39186394233791,39.39186394233791,16.69979052573668,0.5625206743234965,4.079485984448497,-0.2605363715827511,2,one_per_bay,True,48+42+42,3,132,48,42,0,A40-12L-V4-kv410-direct,21x13E,11.328733035458052,2.4025667845385605,14.983974735551085,0.2999506387588738,0.5349625583396644,0.3,0.09955350438677132,0.10699251166793287,0.035504931598950795,0.05723698776506377,0.01899380904184951,12.072764797937303,6.954635747553633,0.7359305700782426,6.8783727884675825,True,8.247233680402493,10.721403784523241,10.899128535883955,92.60197665591491,93.72157631438974,9.587557316255271,0.2500381736079818,0.25003817360798225,0.2500381736079818,-4.440892098500626e-16,7.416666666666667,0.2500381736079818,0.2500381736079818,0.25003817360798225,-6.52181011898048e-13,73.48511509253272,0.0,732.2299474241765,2980.575111768847,2114.6697360136286,13.083333333333332,True,ok,2.5341730012711117,0.0,1.1004277974230934,True,-25.00381736079818
6.0,0.3922245449922309,2.0,2.258245497172508,0.3912836096227177,1.0,1.0,0.0,0.0,3.0,0.3922245449922309,3.0,2.207924316557003,2.207924316557003,0.226450946634043,0.5,0.029999999999999995,1.3399999999999994,1.6200000000000006,36.28325847775992,36.28325847775992,0.0,0.07270542998307807,-0.05472890329309237,-0.07209171767063872,18.14720444570147,39.70489028633901,39.70489028633901,16.810866867003035,0.5602574081825782,4.05725904524095,-0.3002264454122441,2,one_per_bay,True,48+42+42,3,132,48,42,0,A40-12L-V4-kv410-direct,MJ-20p5x12EW,11.222119866724613,2.3533472699533853,15.297359832793857,0.30089716788551185,0.5304437232131808,0.3,0.09974186846452299,0.10608874464263614,0.035271632045707275,0.056274108699252305,0.01870961582613031,11.95914964728868,6.895701011282549,0.7342906294402063,6.9409780572678015,True,8.293728334212663,10.781846834476461,10.960573527955978,92.64816256808342,93.83577503124015,9.601765727863624,0.24962352871382196,0.24962352871382218,0.24962352871382196,-2.220446049250313e-16,7.416666666666667,0.24962352871382196,0.24962352871382196,0.24962352871382218,-3.26090505949024e-13,72.8761754456027,0.0,730.3728590688767,2980.575111768847,2116.5206710234543,13.083333333333332,True,ok,2.5234673587790986,0.0,1.0922245449922308,True,-24.962352871382194
6.0,0.39248242932081256,2.0,2.258383520628479,0.39054836813021376,1.0,1.0,0.0,0.0,3.0,0.39248242932081256,3.0,2.203979978334109,2.203979978334109,0.2265998362205694,0.5,0.029999999999999995,1.3399999999999994,1.6200000000000006,36.275488178676795,36.275488178676795,0.0,0.07270542998307807,-0.0547322483113304,-0.07209325584690998,18.15631719019623,39.6955402631143,39.6955402631143,16.80753311817345,0.56033882160223,4.057955817658804,-0.2989816128437486,2,one_per_bay,True,48+42+42,3,132,48,42,0,A40-12L-V4-kv410-direct,MJ-20p5x12EW,11.22468908861835,2.3548945759248756,15.287308556418557,0.3008674120014446,0.5306018608096933,0.3,0.09973642134219902,0.10612037216193869,0.035280220503113614,0.05630766693894183,0.018719750648728377,11.961887606735658,6.8970913910031655,0.7343379880886036,6.939108052622861,True,8.291952177594574,10.779537830872947,10.958226248852391,92.67498890568855,93.86262776119584,9.597704646622732,0.2493826879572315,0.2493826879572315,0.2493826879572315,0.0,7.416666666666667,0.2493826879572315,0.2493826879572315,0.2493826879572315,0.0,72.5224812669207,0.0,729.7235511584635,2980.575111768847,2117.1647912424687,13.083333333333332,True,ok,2.523684451033325,0.0,1.0924824293208126,True,-24.93826879572315
6.0,0.3929157720311511,2.0,2.2586154275192203,0.3917316162896523,1.0,1.0,0.0,0.0,3.0,0.3929157720311511,3.0,2.2034927738880086,2.2034927738880086,0.22685002675103472,0.5,0.03,1.3399999999999994,1.6200000000000006,36.2624509503872,36.2624509503872,0.0,0.07270542998307808,-0.054737868608066204,-0.07209584087818416,18.171632235786316,39.679851093996085,39.679851093996085,16.801940248136237,0.5604755411094607,4.059126623701525,-0.2968898753853251,2,one_per_bay,True,48+42+42,3,132,48,42,0,A40-12L-V4-kv410-direct,MJ-20p5x12EW,11.229006699137225,2.3574946321869064,15.270448343123038,0.30081741091948255,0.530867444767138,0.3,0.09972726614721204,0.1061734889534276,0.03529463930212184,0.05636404878271806,0.018736774980295225,11.966488782888405,6.899427693525957,0.7344175943922275,6.935970218799216,True,8.288972091621003,10.775663719107305,10.954287917366635,92.72014177677849,93.9078283393378,9.590888245241809,0.2489773140948184,0.24897731409481869,0.2489773140948184,-2.7755575615628914e-16,7.416666666666667,0.2489773140948184,0.2489773140948184,0.24897731409481869,-4.0761313243628e-13,71.92715688181607,0.0,728.6304742833254,2980.575111768847,2118.2489809506224,13.083333333333332,True,ok,2.524049149902789,0.0,1.092915772031151,True,-24.897731409481842
6.0,0.4012808480476603,1.9768609627292661,2.2706298204748037,0.39174816398831924,1.0,1.0,0.0,0.0,3.0,0.4012808480476603,3.0,2.129345581532178,2.129345581532178,0.23303155886053833,0.5,0.03,1.3399999999999994,1.6200000000000006,36.05806353317361,36.05806353317361,0.0,0.07270542998307808,-0.055029039143339994,-0.07238336028104875,18.485627274497173,39.299475100654824,39.299475100654824,16.657584175808715,0.5628415350338888,4.0817945430721565,-0.2564131501903606,2,one_per_bay,True,48+42+42,3,132,48,42,0,A40-12L-V4-kv410-direct,21x13E,11.339157870860399,2.4076850882859615,14.952121510886007,0.29985220984065464,0.535067478141915,0.3,0.099580234095971,0.10701349562838303,0.035521429820341836,0.05725944123302975,0.019006361873965323,12.083874300251095,6.9619699284807375,0.7356975718635537,6.859895020130965,True,8.242252646223342,10.714928440090345,10.892545852057596,92.7287072083992,93.85362851207354,9.573163001205655,0.24890041504919808,0.24890041504919808,0.24890041504919808,0.0,7.416666666666667,0.24890041504919808,0.24890041504919808,0.24890041504919808,0.0,71.81422439826486,0.0,729.1062028998552,2980.575111768847,2117.769363900025,13.083333333333332,True,ok,2.5381635595457612,0.0,1.1012808480476601,True,-24.890041504919807
6.0,0.3906037407627227,2.0,2.2573777698151645,0.4,1.0,1.0,0.0,0.0,3.0,0.3906037407627227,3.0,2.21,2.21,0.22551517487583275,0.5,0.03,1.3399999999999994,1.6200000000000006,36.39274669714813,36.39274669714813,0.0,0.07270542998307808,-0.0547078737962178,-0.07204118780777119,18.176365224260554,39.85263675169368,39.85263675169368,16.882296459952457,0.5600024933689803,4.052985648201302,-0.3078947409821009,2,one_per_bay,True,51+42+42,3,135,51,42,0,A40-12L-V4-kv410-direct,20x11E,11.243295820916831,2.343622444576336,15.360835992722297,0.3010841837581474,0.5294483319807256,0.3,0.09966484402099678,0.10588966639614512,0.03517825694935729,0.056063107247434525,0.018625069463826586,11.981716364461233,6.906044984817784,0.734960659943829,6.9705273503387355,True,8.318755456513683,10.814382093467788,10.993648111921058,93.31594312190423,95.22769288114519,8.493086314073711,0.24540346352647013,0.24540346352647013,0.24540346352647013,0.0,7.416666666666667,0.24540346352647013,0.24540346352647013,0.24540346352647013,0.0,66.67866755052893,0.0,773.8578244684251,3048.3154552181413,2140.452569797414,13.083333333333332,True,ok,2.522101935805527,0.0,1.0906037407627227,True,-24.540346352647013
6.0,0.3906037407627227,2.0,2.2573777698151645,0.4,1.0,1.0,0.0,0.0,3.0,0.3906037407627227,3.0,2.21,2.21,0.22551517487583275,0.5,0.03,1.3399999999999994,1.6200000000000006,36.35152395423278,36.35152395423278,0.0,0.07270542998307808,-0.0547078737962178,-0.07206906318130919,18.160168566505963,39.79209790701473,39.79209790701473,16.847922144932376,0.5604287931303844,4.052913269024475,-0.30800108795515757,2,one_per_bay,True,51+42+42,3,135,51,42,0,A40-12L-V4-kv410-direct,17x12E,11.217839264913035,2.343622444576336,15.360835992722297,0.3010841837581474,0.5294483319807256,0.3,0.0997407210450932,0.10588966639614512,0.035205038925252966,0.056063107247434525,0.0186392491362917,11.954587910446346,6.893031044040355,0.7343006050701253,6.958419581402945,True,8.309332647061753,10.80213244118028,10.981195401671103,93.36260587798299,95.68593658492337,6.080929233852439,0.24498451263540333,0.24498451263540333,0.24498451263540333,0.0,7.416666666666667,0.24498451263540333,0.24498451263540333,0.24498451263540333,0.0,66.06340419800615,0.0,768.2509277959069,3048.3154552181413,2146.065567955682,13.083333333333332,True,ok,2.522101935805527,0.0,1.0906037407627227,True,-24.498451263540332
6.0,0.3906037407627227,2.0,2.2573777698151645,0.4,1.0,1.0,0.0,0.0,3.0,0.3906037407627227,3.0,2.21,2.21,0.22551517487583275,0.5,0.03,1.3399999999999994,1.6200000000000006,36.36794411908418,36.36794411908418,0.0,0.07270542998307808,-0.0547078737962178,-0.07205796351911375,18.166617945993476,39.81620445887835,39.81620445887835,16.861606434250465,0.5602588534802685,4.052942109494099,-0.30795871255410234,2,one_per_bay,True,51+42+42,3,135,51,42,0,A40-12L-V4-kv410-direct,MJ-20x11E,11.22797586177155,2.343622444576336,15.360835992722297,0.3010841837581474,0.5294483319807256,0.3,0.09971050660137845,0.10588966639614512,0.035194374267368635,0.056063107247434525,0.018633602750963693,11.9653902437118,6.898214608473659,0.7345633504956053,6.963240891775672,True,8.313086014101927,10.807011818332505,10.986155662456536,93.72841816451357,95.31925737059254,8.786277412852879,0.2417000729680869,0.2417000729680869,0.2417000729680869,0.0,7.416666666666667,0.2417000729680869,0.2417000729680869,0.2417000729680869,0.0,61.239938240633016,0.0,767.3670206898536,3048.3154552181413,2146.8486972813575,13.083333333333332,True,ok,2.522101935805527,0.0,1.0906037407627227,True,-24.17000729680869
6.0,0.3946481343761483,1.9896283456346284,2.249806986601415,0.3956217298457757,1.0,1.0,0.0,0.0,3.0,0.3946481343761483,3.0,2.165880530039507,2.165880530039507,0.2284433103142185,0.5,0.029999999999999995,1.3399999999999994,1.6200000000000006,36.1897114098808,36.1897114098808,0.0,0.07270542998307807,-0.05452439477992968,-0.07176924892186623,18.204575723773097,39.78046079743781,39.78046079743781,16.861214466855355,0.5607151559095683,4.0637698877327235,-0.28858250362089,2,one_per_bay,True,48+42+42,3,132,48,42,0,A40-12L-V4-kv410-direct,17x12E,11.233313100059874,2.36788880625689,15.203416606756996,0.30061752295659816,0.5330769494199219,0.3,0.0995823338663629,0.10661538988398438,0.035390031169064605,0.05683420680057,0.018865609855480914,11.971078013237642,6.897056502816697,0.7356792725054173,6.956092159487562,True,8.272345084747151,10.754048610171298,10.932314502751773,93.60268603259445,95.9420855221559,6.04684572569705,0.2409690643890025,0.2409690643890025,0.2409690643890025,0.0,7.5,0.2409690643890025,0.2409690643890025,0.2409690643890025,0.0,60.16639287128171,0.0,694.7068855479341,2980.575111768847,2152.0029092099767,13.083333333333332,True,ok,2.516345461311376,0.0,1.0946481343761483,True,-24.096906438900252
6.0,0.3906037407627227,2.0,2.2573777698151645,0.4,1.0,1.0,0.0,0.0,3.0,0.3906037407627227,3.0,2.21,2.21,0.22551517487583275,0.5,0.03,1.3399999999999994,1.6200000000000006,36.380898000987415,36.380898000987415,0.0,0.07270542998307808,-0.0547078737962178,-0.07204920336159346,18.17170792210876,39.83522938313287,39.83522938313287,16.87240941539331,0.5601249118754497,4.052964852578009,-0.3079252960628167,2,one_per_bay,True,51+42+42,3,135,51,42,0,A40-12L-V4-kv410-direct,MJ-21x13E,11.23597586177155,2.343622444576336,15.360835992722297,0.3010841837581474,0.5294483319807256,0.3,0.09968666153104792,0.10588966639614512,0.03518595777889366,0.056063107247434525,0.018629146655179483,11.973915655872291,6.902304160726527,0.734770792049815,6.967045876626575,True,8.316047048526238,10.81086116308411,10.990068816374613,93.96641394091002,94.93128746579589,9.952876271404584,0.23956315672090656,0.23956315672090683,0.23956315672090656,-2.7755575615628914e-16,7.416666666666667,0.23956315672090656,0.23956315672090656,0.23956315672090683,-4.0761313243628e-13,58.10170346816917,0.0,768.4175611555835,3048.3154552181413,2145.7271372285086,13.083333333333332,True,"FLAG MJ-21x13E: thrust table 4.61 N vs similarity 0.00 N (100%) at 2097 rpm, 10.81 m/s; FLAG MJ-21x13E: thrust table 4.63 N vs similarity 0.00 N (100%) at 2129 rpm, 10.99 m/s",2.522101935805527,0.0,1.0906037407627227,True,-23.956315672090657
6.0,0.3922245449922309,2.0,2.258245497172508,0.3912836096227177,1.0,1.0,0.0,0.0,3.0,0.3922245449922309,3.0,2.207924316557003,2.207924316557003,0.226450946634043,0.5,0.029999999999999995,1.3399999999999994,1.6200000000000006,36.29295675502428,36.29295675502428,0.0,0.07270542998307807,-0.05472890329309237,-0.07208514859465698,18.151025807281087,39.71912239314196,39.71912239314196,16.818945445160484,0.5601569421191104,4.057276112971704,-0.3002013677368367,2,one_per_bay,True,48+42+42,3,132,48,42,0,A40-12L-V4-kv410-direct,MJ-21x13E,11.228119866724613,2.3533472699533853,15.297359832793857,0.30089716788551185,0.5304437232131808,0.3,0.09972398916284844,0.10608874464263614,0.03526530940347481,0.056274108699252305,0.018706262020243974,11.96554370640905,6.898769450225451,0.734446091109483,6.943824478628391,True,8.295945193456154,10.784728751493,10.963503217446673,93.93005422447624,94.88613047031691,9.939263361514898,0.2380895822401463,0.2380895822401472,0.2380895822401463,-8.881784197001252e-16,7.5,0.2380895822401463,0.2380895822401463,0.2380895822401472,-1.304362023796096e-12,55.9376398641608,0.0,701.8384407156868,2980.575111768847,2144.7584670712026,13.083333333333332,True,"FLAG MJ-21x13E: thrust table 4.61 N vs similarity 0.00 N (100%) at 2095 rpm, 10.78 m/s; FLAG MJ-21x13E: thrust table 4.63 N vs similarity 0.00 N (100%) at 2127 rpm, 10.96 m/s",2.5234673587790986,0.0,1.0922245449922308,True,-23.80895822401463
6.0,0.39248242932081256,2.0,2.258383520628479,0.39054836813021376,1.0,1.0,0.0,0.0,3.0,0.39248242932081256,3.0,2.203979978334109,2.203979978334109,0.2265998362205694,0.5,0.029999999999999995,1.3399999999999994,1.6200000000000006,36.28518215992187,36.28518215992187,0.0,0.07270542998307807,-0.0547322483113304,-0.07208668690693962,18.160139169219303,39.70976643779099,39.70976643779099,16.815608874661862,0.560238356052727,4.057972881483963,-0.2989565409068442,2,one_per_bay,True,48+42+42,3,132,48,42,0,A40-12L-V4-kv410-direct,MJ-21x13E,11.23068908861835,2.3548945759248756,15.287308556418557,0.3008674120014446,0.5306018608096933,0.3,0.09971854296859785,0.10612037216193869,0.03527389630424626,0.05630766693894183,0.018716395017041226,11.968281665856036,6.900159602985068,0.7344934544236421,6.9419532875581975,True,8.294168054842007,10.78241847129461,10.961154640586567,93.95829176559077,94.9143953592172,9.935010165541104,0.23783443114019295,0.23783443114019295,0.23783443114019295,0.0,7.5,0.23783443114019295,0.23783443114019295,0.23783443114019295,0.0,55.56292978595227,0.0,701.1545675288645,2980.575111768847,2145.4364666046126,13.083333333333332,True,"FLAG MJ-21x13E: thrust table 4.62 N vs similarity 0.00 N (100%) at 2095 rpm, 10.78 m/s; FLAG MJ-21x13E: thrust table 4.63 N vs similarity 0.00 N (100%) at 2127 rpm, 10.96 m/s",2.523684451033325,0.0,1.0924824293208126,True,-23.783443114019295
6.0,0.3929157720311511,2.0,2.2586154275192203,0.3917316162896523,1.0,1.0,0.0,0.0,3.0,0.3929157720311511,3.0,2.2034927738880086,2.2034927738880086,0.22685002675103472,0.5,0.03,1.3399999999999994,1.6200000000000006,36.272137722115836,36.272137722115836,0.0,0.07270542998307808,-0.054737868608066204,-0.07208927216752146,18.175455252459045,39.69406731297907,39.69406731297907,16.81001126485838,0.5603750764585547,4.059143680967315,-0.2968648130861322,2,one_per_bay,True,48+42+42,3,132,48,42,0,A40-12L-V4-kv410-direct,MJ-21x13E,11.235006699137225,2.3574946321869064,15.270448343123038,0.30081741091948255,0.530867444767138,0.3,0.09970938937234876,0.1061734889534276,0.03528831250359361,0.05636404878271806,0.018733416288926986,11.972882842008767,6.9024955254339275,0.7345730682318825,6.9388134625958156,True,8.29118632089708,10.778542217166203,10.95721413122489,94.00581160182142,94.96196427359351,9.92787146491055,0.23740504551889183,0.23740504551889335,0.23740504551889183,-1.5265566588595902e-15,7.5,0.23740504551889183,0.23740504551889183,0.23740504551889335,-2.24187222839954e-12,54.93234218602119,0.0,700.0034973191448,2980.575111768847,2146.57747844391,13.083333333333332,True,"FLAG MJ-21x13E: thrust table 4.62 N vs similarity 0.00 N (100%) at 2095 rpm, 10.78 m/s; FLAG MJ-21x13E: thrust table 4.64 N vs similarity 0.00 N (100%) at 2127 rpm, 10.96 m/s",2.524049149902789,0.0,1.092915772031151,True,-23.74050455188918
6.0,0.3906037407627227,2.0,2.2573777698151645,0.4,1.0,1.0,0.0,0.0,3.0,0.3906037407627227,3.0,2.21,2.21,0.22551517487583275,0.5,0.03,1.3399999999999994,1.6200000000000006,36.4237545902434,36.4237545902434,0.0,0.07270542998307808,-0.0547078737962178,-0.07202019868220574,18.18856050469838,39.89821689636351,39.89821689636351,16.90819666420549,0.5596825573240984,4.053040038065873,-0.3078148257673139,2,one_per_bay,True,51+42+42,3,135,51,42,0,A40-12L-V4-kv410-direct,22x12E,11.262463345732844,2.343622444576336,15.360835992722297,0.3010841837581474,0.5294483319807256,0.3,0.09960771735999084,0.10588966639614512,0.03515809320576981,0.056063107247434525,0.018614393803417707,12.002142745605363,6.915835493787825,0.7354581028404061,6.9796433792727015,True,8.325843327127787,10.823596325266124,11.003015084637305,94.33771372761514,95.43285636755004,10.29455022914203,0.23622921778270214,0.23622921778270295,0.23622921778270214,-8.049116928532385e-16,7.416666666666667,0.23622921778270214,0.23622921778270214,0.23622921778270295,-1.1820780840652121e-12,53.20554381804263,0.0,757.9979095210857,3048.3154552181413,2156.0604366153884,13.083333333333332,True,"FLAG 22x12E: shaft power table 76.4 W vs similarity 64.5 W (16%) at 2274 rpm, 11.00 m/s",2.522101935805527,0.0,1.0906037407627227,True,-23.622921778270214
6.0,0.4004277974230934,1.9878465497625868,2.2666917221012794,0.39448841381196165,1.0,1.0,0.0,0.0,3.0,0.4004277974230934,3.0,2.1559195043075983,2.1559195043075983,0.23189274450650538,0.5,0.03,1.3399999999999994,1.6200000000000006,36.02436226997065,36.02436226997065,0.0,0.07270542998307808,-0.054933598764819076,-0.07229532083753883,18.431689860293872,39.31055748202642,39.31055748202642,16.653564962365657,0.5631034026960177,4.079387685945369,-0.26068080191094456,2,one_per_bay,True,48+42+42,3,132,48,42,0,A40-12L-V4-kv410-direct,17x12E,11.293911779375422,2.4025667845385605,14.983974735551085,0.2999506387588738,0.5349625583396644,0.3,0.09965689956245087,0.10699251166793287,0.0355418066307518,0.05723698776506377,0.019013535803200633,12.035656602930988,6.936858673309155,0.7350298124481618,6.862111496405284,True,8.234549117564347,10.704913852833652,10.882365256686109,94.34817927508321,96.71966658837731,5.9862250639575585,0.23423106584410255,0.23423106584410272,0.23423106584410255,-1.6653345369377348e-16,7.5,0.23423106584410255,0.23423106584410255,0.23423106584410272,-2.44567879461768e-13,50.27109568388978,0.0,676.2868710691383,2980.575111768847,2170.245039105472,13.083333333333332,True,ok,2.5341730012711117,0.0,1.1004277974230934,True,-23.423106584410256
6.0,0.3906037407627227,2.0,2.2573777698151645,0.4,1.0,1.0,0.0,0.0,3.0,0.3906037407627227,3.0,2.21,2.21,0.22551517487583275,0.5,0.03,1.3399999999999994,1.6200000000000006,36.30797229766157,36.30797229766157,0.0,0.07270542998307808,-0.0547078737962178,-0.07209847803399749,18.143076806460286,39.728209209385454,39.728209209385454,16.811678002411515,0.5608803810809755,4.052836711505723,-0.3081135741803547,2,one_per_bay,True,51+42+42,3,135,51,42,0,A40-12L-V4-kv410-direct,MJ-21x13p5EL,11.19097586177155,2.343622444576336,15.360835992722297,0.3010841837581474,0.5294483319807256,0.3,0.09982079804500076,0.10588966639614512,0.03523330334794035,0.056063107247434525,0.018654213687737932,11.925960212469509,6.879284136412116,0.7336048309656653,6.945641841877092,True,8.299377488036335,10.789190734447235,10.968039165044628,94.60836943822262,95.39237901986242,9.858113218319588,0.23379888211010888,0.23379888211010888,0.23379888211010888,0.0,7.416666666666667,0.23379888211010888,0.23379888211010888,0.23379888211010888,0.0,49.636398828595695,0.0,754.8213031124026,3048.3154552181413,2159.1596377835863,13.083333333333332,True,ok,2.522101935805527,0.0,1.0906037407627227,True,-23.379888211010886
6.0,0.4012808480476603,1.9768609627292661,2.2706298204748037,0.39174816398831924,1.0,1.0,0.0,0.0,3.0,0.4012808480476603,3.0,2.129345581532178,2.129345581532178,0.23303155886053833,0.5,0.03,1.3399999999999994,1.6200000000000006,36.00265586964119,36.00265586964119,0.0,0.07270542998307808,-0.055029039143339994,-0.07242143339992205,18.46332382673872,39.21845798583939,39.21845798583939,16.611537096984293,0.5634242275697269,4.08169633508044,-0.25655744752982534,2,one_per_bay,True,48+42+42,3,132,48,42,0,A40-12L-V4-kv410-direct,17x12E,11.30433661477777,2.4076850882859615,14.952121510886007,0.29985220984065464,0.535067478141915,0.3,0.09968344904105672,0.10701349562838303,0.03555824779392422,0.05725944123302975,0.019026061974240345,12.046766105244776,6.9441865461957635,0.7347987449796205,6.8436915971678784,True,8.22958740808733,10.69846363051353,10.875808111412509,94.50746187256104,96.88316571834908,5.976759814470785,0.2329263190264339,0.23292631902643463,0.2329263190264339,-7.216449660063518e-16,7.5,0.2329263190264339,0.2329263190264339,0.23292631902643463,-1.059794144334328e-12,48.35496919186085,0.0,672.5868510481488,2980.575111768847,2173.915876604177,13.166666666666668,True,ok,2.5381635595457612,0.0,1.1012808480476601,True,-23.29263190264339
6.0,0.3922245449922309,2.0,2.258245497172508,0.3912836096227177,1.0,1.0,0.0,0.0,3.0,0.3922245449922309,3.0,2.207924316557003,2.207924316557003,0.226450946634043,0.5,0.029999999999999995,1.3399999999999994,1.6200000000000006,36.2201563785432,36.2201563785432,0.0,0.07270542998307807,-0.05472890329309237,-0.07213441507499899,18.122365595433944,39.612376423661374,39.612376423661374,16.758393391792506,0.5609125975845493,4.057147882062503,-0.30038977785206344,2,one_per_bay,True,48+42+42,3,132,48,42,0,A40-12L-V4-kv410-direct,MJ-21x13p5EL,11.183119866724613,2.3533472699533853,15.297359832793857,0.30089716788551185,0.5304437232131808,0.3,0.09985809142920919,0.10608874464263614,0.03531273187378129,0.056274108699252305,0.01873141697195731,11.917588263006262,6.875738961746696,0.7332810813950312,6.922475284732276,True,8.279304280525675,10.763095564683379,10.941511425287962,94.58430485796424,95.35982237732165,9.84456704460258,0.2322319320139537,0.23223193201395473,0.2322319320139537,-1.0269562977782698e-15,7.5,0.2322319320139537,0.2322319320139537,0.23223193201395473,-1.508168590014236e-12,47.33520556238402,0.0,688.0144623307159,2980.575111768847,2158.424756384191,13.166666666666668,True,ok,2.5234673587790986,0.0,1.0922245449922308,True,-23.22319320139537
6.0,0.39248242932081256,2.0,2.258383520628479,0.39054836813021376,1.0,1.0,0.0,0.0,3.0,0.39248242932081256,3.0,2.203979978334109,2.203979978334109,0.2265998362205694,0.5,0.029999999999999995,1.3399999999999994,1.6200000000000006,36.21241404612888,36.21241404612888,0.0,0.07270542998307807,-0.0547322483113304,-0.07213595240914647,18.13147432654627,39.603064955015554,39.603064955015554,16.75507795683771,0.5609940071526697,4.057844679968853,-0.29914490783323044,2,one_per_bay,True,48+42+42,3,132,48,42,0,A40-12L-V4-kv410-direct,MJ-21x13p5EL,11.18568908861835,2.3548945759248756,15.287308556418557,0.3008674120014446,0.5306018608096933,0.3,0.09985263834695371,0.10612037216193869,0.035321330475767326,0.05630766693894183,0.018741563676716273,11.920326222453252,6.877130819395274,0.7333284091142882,6.920612991003113,True,8.277534516606677,10.760794871588681,10.939172594453424,94.61332904902825,95.38886370928506,9.84034044204732,0.2319696551627046,0.2319696551627046,0.2319696551627046,0.0,7.5,0.2319696551627046,0.2319696551627046,0.2319696551627046,0.0,46.95003074063406,0.0,687.3099853970066,2980.575111768847,2159.1215226627905,13.166666666666668,True,ok,2.523684451033325,0.0,1.0924824293208126,True,-23.19696551627046
6.0,0.3929157720311511,2.0,2.2586154275192203,0.3917316162896523,1.0,1.0,0.0,0.0,3.0,0.3929157720311511,3.0,2.2034927738880086,2.2034927738880086,0.22685002675103472,0.5,0.03,1.3399999999999994,1.6200000000000006,36.19942375108165,36.19942375108165,0.0,0.07270542998307808,-0.054737868608066204,-0.07213853602142578,18.146782627413558,39.58744049018515,39.58744049018515,16.749515818924486,0.5611307199613129,4.0590155288190095,-0.29705310747769564,2,one_per_bay,True,48+42+42,3,132,48,42,0,A40-12L-V4-kv410-direct,MJ-21x13p5EL,11.190006699137225,2.3574946321869064,15.270448343123038,0.30081741091948255,0.530867444767138,0.3,0.09984347315071741,0.1061734889534276,0.0353357663121318,0.05636404878271806,0.018758607971010123,11.924927398605991,6.879469606203437,0.7334079632902082,6.917488098037031,True,8.274565158764437,10.75693470639377,10.935248440725552,94.66216735489915,95.43773377266861,9.833246399085384,0.23152832626453992,0.23152832626453992,0.23152832626453992,0.0,7.5,0.23152832626453992,0.23152832626453992,0.23152832626453992,0.0,46.30190347025507,0.0,686.1243637733436,2980.575111768847,2160.2939860434017,13.166666666666668,True,ok,2.524049149902789,0.0,1.092915772031151,True,-23.152832626453993
6.0,0.3906037407627227,2.0,2.2573777698151645,0.4,1.0,1.0,0.0,0.0,3.0,0.3906037407627227,3.0,2.21,2.21,0.22551517487583275,0.5,0.03,1.3399999999999994,1.6200000000000006,36.33920281473679,36.33920281473679,0.0,0.07270542998307808,-0.0547078737962178,-0.07207738860508091,18.155331081731465,39.77401590740629,39.77401590740629,16.837660837236808,0.5605564255931786,4.0528916195494915,-0.30803289760309105,2,one_per_bay,True,51+42+42,3,135,51,42,0,A40-12L-V4-kv410-direct,16x10E,11.210236109746988,2.343622444576336,15.360835992722297,0.3010841837581474,0.5294483319807256,0.3,0.09976338463132535,0.10588966639614512,0.03521303839053784,0.056063107247434525,0.018643484439843514,11.94648540650751,6.8891416889394685,0.734103600407525,6.9548031814812585,True,8.306516246660165,10.798471120658215,10.977473388790786,95.41056862279014,96.93901689787911,4.8589153072533104,0.22657587292525608,0.22657587292525652,0.22657587292525608,-4.440892098500626e-16,7.5,0.22657587292525608,0.22657587292525608,0.22657587292525652,-6.52181011898048e-13,39.02882419124599,0.0,727.2727370031859,3048.3154552181413,2186.539207283356,13.083333333333332,True,ok,2.522101935805527,0.0,1.0906037407627227,True,-22.65758729252561
6.0,0.3906037407627227,2.0,2.2573777698151645,0.4,1.0,1.0,0.0,0.0,3.0,0.3906037407627227,3.0,2.21,2.21,0.22551517487583275,0.5,0.03,1.3399999999999994,1.6200000000000006,36.33920281473679,36.33920281473679,0.0,0.07270542998307808,-0.0547078737962178,-0.07207738860508091,18.155331081731465,39.77401590740629,39.77401590740629,16.837660837236808,0.5605564255931786,4.0528916195494915,-0.30803289760309105,2,one_per_bay,True,51+42+42,3,135,51,42,0,A40-12L-V4-kv410-direct,16x12E,11.210236109746988,2.343622444576336,15.360835992722297,0.3010841837581474,0.5294483319807256,0.3,0.09976338463132535,0.10588966639614512,0.03521303839053784,0.056063107247434525,0.018643484439843514,11.94648540650751,6.8891416889394685,0.734103600407525,6.9548031814812585,True,8.306516246660165,10.798471120658215,10.977473388790786,95.44764376707658,96.63387668556969,5.213731628528003,0.22626023786973476,0.22626023786973476,0.22626023786973476,0.0,7.5,0.22626023786973476,0.22626023786973476,0.22626023786973476,0.0,38.565288520181404,0.0,730.1033771150271,3048.3154552181413,2183.6931597700473,13.083333333333332,True,ok,2.522101935805527,0.0,1.0906037407627227,True,-22.626023786973477
6.0,0.3906037407627227,2.0,2.2573777698151645,0.4,1.0,1.0,0.0,0.0,3.0,0.3906037407627227,3.0,2.21,2.21,0.22551517487583275,0.5,0.03,1.3399999999999994,1.6200000000000006,36.37829826776125,36.37829826776125,0.0,0.07270542998307808,-0.0547078737962178,-0.07205096170586262,18.170686262077897,39.83141073129399,39.83141073129399,16.870240824820407,0.5601517840484039,4.052960288885311,-0.3079320015121707,2,one_per_bay,True,51+42+42,3,135,51,42,0,A40-12L-V4-kv410-direct,19x10E,11.234370101732251,2.343622444576336,15.360835992722297,0.3010841837581474,0.5294483319807256,0.3,0.09969144764890137,0.10588966639614512,0.035187647113636436,0.056063107247434525,0.018630041070641205,11.972204435101558,6.901483405744114,0.7347291489735492,6.966282146258798,True,8.31545279426067,10.810088632538871,10.989283479875803,95.9934476286901,97.7390083320839,7.439881064071187,0.22129581606315338,0.2212958160631535,0.22129581606315338,-1.1102230246251565e-16,7.5,0.22129581606315338,0.22129581606315338,0.2212958160631535,-1.63045252974512e-13,31.274632576529623,0.0,710.78733753405,3048.3154552181413,2202.8984474339522,13.083333333333332,True,"FLAG 19x10E: (10.81 m/s, 2857 rpm) not on the map; used C_T(J) similarity; FLAG 19x10E: (10.99 m/s, 2907 rpm) not on the map; used C_T(J) similarity",2.522101935805527,0.0,1.0906037407627227,True,-22.129581606315337
6.0,0.3906037407627227,2.0,2.2573777698151645,0.4,1.0,1.0,0.0,0.0,3.0,0.3906037407627227,3.0,2.21,2.21,0.22551517487583275,0.5,0.03,1.3399999999999994,1.6200000000000006,36.426200310233035,36.426200310233035,0.0,0.07270542998307808,-0.0547078737962178,-0.07201854241679129,18.189522838512257,39.90181354497911,39.90181354497911,16.910241115552225,0.5596573491996404,4.053044326047812,-0.307808525420729,2,one_per_bay,True,51+42+42,3,135,51,42,0,A40-12L-V4-kv410-direct,MJ-22x12EW,11.26397586177155,2.343622444576336,15.360835992722297,0.3010841837581474,0.5294483319807256,0.3,0.0996032096787081,0.10588966639614512,0.035156502149545646,0.056063107247434525,0.018613551421353736,12.003754598434027,6.916607761796569,0.7354973726768173,6.9803627089958225,True,8.32640237661856,10.824323089604128,11.003753896279363,96.13690225466232,97.43400109132293,10.470458690748712,0.22002474892577295,0.22002474892577295,0.22002474892577295,0.0,7.5,0.22002474892577295,0.22002474892577295,0.22002474892577295,0.0,29.40796742578884,0.0,712.1943161887663,3048.3154552181413,2201.4456497454426,13.083333333333332,True,ok,2.522101935805527,0.0,1.0906037407627227,True,-22.002474892577297
6.0,0.3906037407627227,2.0,2.2573777698151645,0.4,1.0,1.0,0.0,0.0,3.0,0.3906037407627227,3.0,2.21,2.21,0.22551517487583275,0.5,0.03,1.3399999999999994,1.6200000000000006,36.35152395423278,36.35152395423278,0.0,0.07270542998307808,-0.0547078737962178,-0.07206906318130919,18.160168566505963,39.79209790701473,39.79209790701473,16.847922144932376,0.5604287931303844,4.052913269024475,-0.30800108795515757,2,one_per_bay,True,51+42+42,3,135,51,42,0,A40-12L-V4-kv410-direct,17x10E,11.217839264913035,2.343622444576336,15.360835992722297,0.3010841837581474,0.5294483319807256,0.3,0.0997407210450932,0.10588966639614512,0.035205038925252966,0.056063107247434525,0.0186392491362917,11.954587910446346,6.893031044040355,0.7343006050701253,6.958419581402945,True,8.309332647061753,10.80213244118028,10.981195401671103,96.25411545570638,97.587518031333,5.665748269120643,0.21896332146080275,0.21896332146080275,0.21896332146080275,0.0,7.5,0.21896332146080275,0.21896332146080275,0.21896332146080275,0.0,27.849175131793746,0.0,708.9580041270692,3048.3154552181413,2204.655082387532,13.083333333333332,True,ok,2.522101935805527,0.0,1.0906037407627227,True,-21.896332146080276
6.0,0.3922245449922309,2.0,2.258245497172508,0.3912836096227177,1.0,1.0,0.0,0.0,3.0,0.3922245449922309,3.0,2.207924316557003,2.207924316557003,0.226450946634043,0.5,0.029999999999999995,1.3399999999999994,1.6200000000000006,36.338181158298404,36.338181158298404,0.0,0.07270542998307807,-0.05472890329309237,-0.07205449236876166,18.16885882798598,39.78553602993116,39.78553602993116,16.856665565763286,0.5596892658076502,4.057355641977637,-0.30008451549532267,2,one_per_bay,True,48+42+42,3,132,48,42,0,A40-12L-V4-kv410-direct,MJ-22x12EW,11.256119866724614,2.3533472699533853,15.297359832793857,0.30089716788551185,0.5304437232131808,0.3,0.0996405575285054,0.10608874464263614,0.03523580554563835,0.056274108699252305,0.018690611884044053,11.995382648970784,6.913079535222587,0.7351720876135641,6.957107205986232,True,8.306282713584407,10.79816752765973,10.97716476324328,96.05360350712482,97.34034979952284,10.456779654660554,0.21895353056906955,0.2189535305690699,0.21895353056906955,-3.608224830031759e-16,7.5,0.21895353056906955,0.21895353056906955,0.2189535305690699,-5.29897072167164e-13,27.83479641342746,0.0,646.8933752102673,2980.575111768847,2199.22623567198,13.166666666666668,True,ok,2.5234673587790986,0.0,1.0922245449922308,True,-21.895353056906956
6.0,0.39248242932081256,2.0,2.258383520628479,0.39054836813021376,1.0,1.0,0.0,0.0,3.0,0.39248242932081256,3.0,2.203979978334109,2.203979978334109,0.2265998362205694,0.5,0.029999999999999995,1.3399999999999994,1.6200000000000006,36.33038653808327,36.33038653808327,0.0,0.07270542998307807,-0.0547322483113304,-0.07205603133855376,18.177975071326966,39.77615238888,39.77615238888,16.853315802225715,0.5597706818659305,4.05805239231884,-0.2988397153641249,2,one_per_bay,True,48+42+42,3,132,48,42,0,A40-12L-V4-kv410-direct,MJ-22x12EW,11.258689088618349,2.3548945759248756,15.287308556418557,0.3008674120014446,0.5306018608096933,0.3,0.0996351157963362,0.10612037216193869,0.03524438522901684,0.05630766693894183,0.018700736385610005,11.998120608417768,6.914468633487497,0.7352194715743752,6.955230477775999,True,8.30450099757419,10.795851296846447,10.974810137127134,96.07829376115556,97.36496317747577,10.452374608672233,0.21873037976056295,0.21873037976056306,0.21873037976056295,-1.1102230246251565e-16,7.5,0.21873037976056295,0.21873037976056295,0.21873037976056306,-1.63045252974512e-13,27.507081357826717,0.0,646.2961440859457,2980.575111768847,2199.8179689445474,13.166666666666668,True,ok,2.523684451033325,0.0,1.0924824293208126,True,-21.873037976056295
6.0,0.3929157720311511,2.0,2.2586154275192203,0.3917316162896523,1.0,1.0,0.0,0.0,3.0,0.3929157720311511,3.0,2.2034927738880086,2.2034927738880086,0.22685002675103472,0.5,0.03,1.3399999999999994,1.6200000000000006,36.31730849442199,36.31730849442199,0.0,0.07270542998307808,-0.054737868608066204,-0.07205861770651388,18.193295996931795,39.760406800599974,39.760406800599974,16.847696053102464,0.5599074060042721,4.059223161284191,-0.2967480323836138,2,one_per_bay,True,48+42+42,3,132,48,42,0,A40-12L-V4-kv410-direct,MJ-22x12EW,11.263006699137224,2.3574946321869064,15.270448343123038,0.30081741091948255,0.530867444767138,0.3,0.09962596969145998,0.1061734889534276,0.03525878930836913,0.05636404878271806,0.018717743385716804,12.002721784570504,6.916802783526883,0.735299120159431,6.952081360119995,True,8.301511581909217,10.791965056481983,10.970859475991253,96.11986594683866,97.40640994764492,10.444980894241493,0.21835464843352062,0.2183546484335208,0.21835464843352062,-1.6653345369377348e-16,7.5,0.21835464843352062,0.21835464843352062,0.2183546484335208,-2.44567879461768e-13,26.95528943936287,0.0,645.29037820417,2980.575111768847,2200.81434273286,13.166666666666668,True,ok,2.524049149902789,0.0,1.092915772031151,True,-21.835464843352064
6.0,0.3906037407627227,2.0,2.2573777698151645,0.4,1.0,1.0,0.0,0.0,3.0,0.3906037407627227,3.0,2.21,2.21,0.22551517487583275,0.5,0.03,1.3399999999999994,1.6200000000000006,36.30310537545966,36.30310537545966,0.0,0.07270542998307808,-0.0547078737962178,-0.0721017628801586,18.14116806541705,39.72107410573853,39.72107410573853,16.8076323121525,0.5609309233213673,4.052828150455925,-0.3081261529602217,2,one_per_bay,True,51+42+42,3,135,51,42,0,A40-12L-V4-kv410-direct,MJ-20x10EL,11.187975861771552,2.343622444576336,15.360835992722297,0.3010841837581474,0.5294483319807256,0.3,0.09982974107076104,0.10588966639614512,0.03523645992798811,0.056063107247434525,0.018655884933778982,11.922763182909323,6.877748055932735,0.7335271786562123,6.944214821147707,True,8.298264993396659,10.787744491415657,10.966568948176382,96.32710144232846,98.1280386443485,8.602019652768263,0.21827713753399414,0.21827713753399414,0.21827713753399414,0.0,7.5,0.21827713753399414,0.21827713753399414,0.21827713753399414,0.0,26.841458398740695,0.0,702.0937148886154,3048.3154552181413,2211.5106657379242,13.083333333333332,True,ok,2.522101935805527,0.0,1.0906037407627227,True,-21.827713753399415
5.713143521037779,0.41896010033944037,1.592109956870714,2.35733849557473,0.35921942331456247,1.0,1.0,0.0,0.0,2.8565717605188894,0.41896010033944037,2.8565717605188894,1.2461505760210472,1.2461505760210472,0.2645467607024943,0.5,0.03,1.3882858802594447,1.4282858802594447,36.06894569966323,36.06894569966323,0.0,0.07270542998307808,-0.05999895094716273,-0.0796282570646091,16.875720749422875,37.57977079878883,37.57977079878883,15.633203995995878,0.5551072556449852,4.185009427016295,-0.07157188983032681,2,one_per_bay,True,51+51+27,3,129,27,51,0,A40-12L-V4-kv410-direct,MJ-20p5x12ELW,11.310150351042497,2.3935791828276116,13.636485947967369,0.2953850707560402,0.5109245244416323,0.3,0.10231661963622309,0.10218490488832646,0.03485071348674177,0.05220877393518162,0.01780608421466512,11.476716643309466,6.702396612201654,0.712330276369531,6.515954159757767,True,8.25592336096536,10.73270036925497,10.910612379929203,96.20927929335065,97.5557267776162,9.356572208829336,0.2155995802393384,0.21559958023933862,0.2155995802393384,-2.220446049250313e-16,7.5,0.2155995802393384,0.2155995802393384,0.21559958023933862,-3.26090505949024e-13,22.909248412298634,0.0,575.0534023811599,2912.834768319556,2203.497013496266,13.25,True,ok,2.6128007577955463,0.0,1.1189601003394403,True,-21.559958023933838
6.0,0.3906037407627227,2.0,2.2573777698151645,0.4,1.0,1.0,0.0,0.0,3.0,0.3906037407627227,3.0,2.21,2.21,0.22551517487583275,0.5,0.03,1.3399999999999994,1.6200000000000006,36.363085223655006,36.363085223655006,0.0,0.07270542998307808,-0.0547078737962178,-0.07206124855945095,18.164709204950245,39.809070012695294,39.809070012695294,16.857556014420524,0.5603091220637639,4.0529335766596395,-0.30797124987707325,2,one_per_bay,True,51+42+42,3,135,51,42,0,A40-12L-V4-kv410-direct,MJ-20x10E,11.22497586177155,2.343622444576336,15.360835992722297,0.3010841837581474,0.5294483319807256,0.3,0.09971944868178372,0.10588966639614512,0.03519753051373864,0.056063107247434525,0.018635273820339613,11.962193214151617,6.896680704098662,0.7344855775391408,6.961814002539059,True,8.311975354244334,10.805567960517635,10.984687870343853,96.93947466325747,98.89256740972144,8.632665292970202,0.21284446232042603,0.2128444623204263,0.21284446232042603,-2.7755575615628914e-16,7.5,0.21284446232042603,0.21284446232042603,0.2128444623204263,-4.0761313243628e-13,18.863134360436455,0.0,685.7629315817107,3048.3154552181413,2227.705896671538,13.166666666666668,True,ok,2.522101935805527,0.0,1.0906037407627227,True,-21.284446232042605
6.0,0.3906037407627227,2.0,2.2573777698151645,0.4,1.0,1.0,0.0,0.0,3.0,0.3906037407627227,3.0,2.21,2.21,0.22551517487583275,0.5,0.03,1.3399999999999994,1.6200000000000006,36.39274669714813,36.39274669714813,0.0,0.07270542998307808,-0.0547078737962178,-0.07204118780777119,18.176365224260554,39.85263675169368,39.85263675169368,16.882296459952457,0.5600024933689803,4.052985648201302,-0.3078947409821009,2,one_per_bay,True,51+42+42,3,135,51,42,0,A40-12L-V4-kv410-direct,20x10E,11.243295820916831,2.343622444576336,15.360835992722297,0.3010841837581474,0.5294483319807256,0.3,0.09966484402099678,0.10588966639614512,0.03517825694935729,0.056063107247434525,0.018625069463826586,11.981716364461233,6.906044984817784,0.734960659943829,6.9705273503387355,True,8.318755456513683,10.814382093467788,10.993648111921058,97.55084353038465,99.7062645314293,8.178081728234163,0.2073182762192221,0.20731827621922333,0.2073182762192221,-1.2212453270876722e-15,7.5,0.2073182762192221,0.2073182762192221,0.20731827621922333,-1.793497782719632e-12,10.747482001675154,0.0,668.7481052564785,3048.3154552181413,2244.5706389072234,13.166666666666668,True,"FLAG 20x10E: (10.99 m/s, 2797 rpm) not on the map; used C_T(J) similarity",2.522101935805527,0.0,1.0906037407627227,True,-20.73182762192221
6.0,0.3906037407627227,2.0,2.2573777698151645,0.4,1.0,1.0,0.0,0.0,3.0,0.3906037407627227,3.0,2.21,2.21,0.22551517487583275,0.5,0.03,1.3399999999999994,1.6200000000000006,36.34364314592948,36.34364314592948,0.0,0.07270542998307808,-0.0547078737962178,-0.07207438859842064,18.157074240777316,39.780531688738215,39.780531688738215,16.84135815616831,0.5605104175856862,4.052899422501606,-0.3080214326987549,2,one_per_bay,True,51+42+42,3,135,51,42,0,A40-12L-V4-kv410-direct,MJ-18x10E,11.21297586177155,2.343622444576336,15.360835992722297,0.3010841837581474,0.5294483319807256,0.3,0.09975521787501711,0.10588966639614512,0.03521015580686778,0.056063107247434525,0.018641958260727606,11.949405095910874,6.890543325334048,0.7341745827179131,6.956106337747644,True,8.30753122993816,10.799790598919609,10.978814739556066,97.61826722405627,99.43427677292992,7.273407169103872,0.20670880686940996,0.20670880686940996,0.20670880686940996,0.0,7.5,0.20670880686940996,0.20670880686940996,0.20670880686940996,0.0,9.852426845042238,0.0,670.780192798599,3048.3154552181413,2242.511850156813,13.166666666666668,True,ok,2.522101935805527,0.0,1.0906037407627227,True,-20.670880686940997
6.0,0.3906037407627227,2.0,2.2573777698151645,0.4,1.0,1.0,0.0,0.0,3.0,0.3906037407627227,3.0,2.21,2.21,0.22551517487583275,0.5,0.03,1.3399999999999994,1.6200000000000006,36.49415207233859,36.49415207233859,0.0,0.07270542998307808,-0.0547078737962178,-0.07197248051343208,18.21628611048537,40.00183346853819,40.00183346853819,16.96713723358364,0.5589585158270594,4.0531633481430775,-0.3076336458474389,2,one_per_bay,True,51+42+42,3,135,51,42,0,A40-12L-V4-kv410-direct,26x15E,11.306040140843898,2.343622444576336,15.360835992722297,0.3010841837581474,0.5294483319807256,0.3,0.0994778610589397,0.10588966639614512,0.035112258404444,0.056063107247434525,0.01859012664430909,12.048581512974764,6.938067362130962,0.7365904486223027,7.000366693707637,True,8.341934979763343,10.844515473692345,11.024281002062011,98.06931546468648,99.737275146068,12.831696894216686,0.20263148005268683,0.20263148005268683,0.20263148005268683,0.0,7.5,0.20263148005268683,0.20263148005268683,0.20263148005268683,0.0,3.864541820618108,0.0,661.4598019863156,3048.3154552181413,2251.73313436744,13.166666666666668,True,"FLAG 26x15E: (10.84 m/s, 1735 rpm) not on the map; used C_T(J) similarity; FLAG 26x15E: (11.02 m/s, 1765 rpm) not on the map; used C_T(J) similarity",2.522101935805527,0.0,1.0906037407627227,True,-20.263148005268683
6.0,0.3906037407627227,2.0,2.2573777698151645,0.4,1.0,1.0,0.0,0.0,3.0,0.3906037407627227,3.0,2.21,2.21,0.22551517487583275,0.5,0.03,1.3399999999999994,1.6200000000000006,36.36455657167855,36.36455657167855,0.0,0.07270542998307808,-0.0547078737962178,-0.07206025384632633,18.16528717407846,39.8112303374928,39.8112303374928,16.85878244693947,0.5602938983424761,4.052936160653073,-0.30796745320664853,2,one_per_bay,True,51+42+42,3,135,51,42,0,A40-12L-V4-kv410-direct,18x10E,11.22588426544988,2.343622444576336,15.360835992722297,0.3010841837581474,0.5294483319807256,0.3,0.09971674099322342,0.10588966639614512,0.03519657479294412,0.056063107247434525,0.018634767815559117,11.963161278622348,6.897145190593909,0.7345091263175523,6.96224606749856,True,8.312311679075794,10.806005182798533,10.985132340297044,98.30732424742665,99.40696679974069,6.577194893913737,0.20047987462683975,0.20047987462684014,0.20047987462683975,-3.885780586188048e-16,7.5,0.20047987462683975,0.20047987462683975,0.20047987462684014,-5.70658385410792e-13,0.7047347982676828,0.0,661.8318760746542,3048.3154552181413,2251.2885762549827,13.166666666666668,True,ok,2.522101935805527,0.0,1.0906037407627227,True,-20.047987462683974
6.0,0.3906037407627227,2.0,2.2573777698151645,0.4,1.0,1.0,0.0,0.0,3.0,0.3906037407627227,3.0,2.21,2.21,0.22551517487583275,0.5,0.03,1.3399999999999994,1.6200000000000006,36.37604083586086,36.37604083586086,0.0,0.07270542998307808,-0.0547078737962178,-0.07205248842863192,18.169799181065528,39.82809508189907,39.82809508189907,16.86835798113331,0.5601751215874757,4.052956325819728,-0.3079378244580384,2,one_per_bay,True,51+42+42,3,135,51,42,0,A40-12L-V4-kv410-direct,MJ-26x15EL,11.232975861771552,2.343622444576336,15.360835992722297,0.3010841837581474,0.5294483319807256,0.3,0.09969560334270398,0.10588966639614512,0.03518911393040445,0.056063107247434525,0.01863081767433235,11.970718626312111,6.900770724841326,0.7346929935260762,6.965619016379814,True,8.314936784186044,10.809417819441856,10.988601546957796,98.40295214528432,100.45171358662127,12.458172697807006,0.1995772829501456,0.1995772829501459,0.1995772829501456,-3.0531133177191805e-16,7.5,0.1995772829501456,0.1995772829501456,0.1995772829501459,-4.48374445679908e-13,-0.6207942620666024,0.0,649.2540319955557,3048.3154552181413,2263.865767101309,13.166666666666668,False,"SOC floor violated (min 0.200, unmet 0 Wh); FLAG MJ-26x15EL: thrust table 4.62 N vs similarity 5.55 N (17%) at 1706 rpm, 10.99 m/s",2.522101935805527,0.0,1.0906037407627227,True,1000.4227170498544
6.0,0.3906037407627227,2.0,2.2573777698151645,0.4,1.0,1.0,0.0,0.0,3.0,0.3906037407627227,3.0,2.21,2.21,0.22551517487583275,0.5,0.03,1.3399999999999994,1.6200000000000006,36.311216550056756,36.311216550056756,0.0,0.07270542998307808,-0.0547078737962178,-0.07209628812521518,18.144349300489107,39.7329659160536,39.7329659160536,16.81437534559224,0.5608466986288181,4.052842417597355,-0.3081051902003218,2,one_per_bay,True,51+42+42,3,135,51,42,0,A40-12L-V4-kv410-direct,MJ-21x10EL,11.19297586177155,2.343622444576336,15.360835992722297,0.3010841837581474,0.5294483319807256,0.3,0.09981483604301081,0.10588966639614512,0.035231198966601124,0.056063107247434525,0.018653099526548027,11.928091565509638,6.880308091131831,0.7336566048377975,6.9465931832107195,True,8.300119068289655,10.790154788776553,10.969019200146558,98.43549562904887,100.23956593255146,9.46733874099638,0.19929513593335943,0.1992951359333605,0.19929513593335943,-1.0824674490095276e-15,7.5,0.19929513593335943,0.19929513593335943,0.1992951359333605,-1.589691216501492e-12,-1.0351500330022323,0.0,651.1105577964263,3048.3154552181413,2261.995990051781,13.166666666666668,False,"SOC floor violated (min 0.199, unmet 0 Wh)",2.522101935805527,0.0,1.0906037407627227,True,1000.7048640666405
6.0,0.3906037407627227,2.0,2.2573777698151645,0.4,1.0,1.0,0.0,0.0,3.0,0.3906037407627227,3.0,2.21,2.21,0.22551517487583275,0.5,0.03,1.3399999999999994,1.6200000000000006,36.4237545902434,36.4237545902434,0.0,0.07270542998307808,-0.0547078737962178,-0.07202019868220574,18.18856050469838,39.89821689636351,39.89821689636351,16.90819666420549,0.5596825573240984,4.053040038065873,-0.3078148257673139,2,one_per_bay,True,51+42+42,3,135,51,42,0,A40-12L-V4-kv410-direct,22x10E,11.262463345732844,2.343622444576336,15.360835992722297,0.3010841837581474,0.5294483319807256,0.3,0.09960771735999084,0.10588966639614512,0.03515809320576981,0.056063107247434525,0.018614393803417707,12.002142745605363,6.915835493787825,0.7354581028404061,6.9796433792727015,True,8.325843327127787,10.823596325266124,11.003015084637305,99.3147820108224,104.63282778453141,9.726435766176966,0.1910562470798154,0.19105624707981575,0.1910562470798154,-3.608224830031759e-16,7.583333333333333,0.1910562470798154,0.1910562470798154,0.19105624707981575,-5.29897072167164e-13,-13.134626332446809,0.0,591.8333336432988,3048.315455218141,2321.1669308082483,13.166666666666668,False,"SOC floor violated (min 0.191, unmet 0 Wh); FLAG 22x10E: shaft power table 80.1 W vs similarity 66.9 W (16%) at 2510 rpm, 10.82 m/s; FLAG 22x10E: (11.00 m/s, 2603 rpm) not on the map; used C_T(J) similarity",2.522101935805527,0.0,1.0906037407627227,True,1008.9437529201846
6.0,0.3906037407627227,2.0,2.2573777698151645,0.4,1.0,1.0,0.0,0.0,3.0,0.3906037407627227,3.0,2.21,2.21,0.22551517487583275,0.5,0.03,1.3399999999999994,1.6200000000000006,36.45756224958517,36.45756224958517,0.0,0.07270542998307808,-0.0547078737962178,-0.07199729394364371,18.20186875744269,39.9479542023853,39.9479542023853,16.936478172463293,0.5593344439760042,4.053099286165485,-0.3077277723310996,2,one_per_bay,True,51+42+42,3,135,51,42,0,A40-12L-V4-kv410-direct,24x12E,11.283380147608353,2.343622444576336,15.360835992722297,0.3010841837581474,0.5294483319807256,0.3,0.09954538286603652,0.10588966639614512,0.03513609127653716,0.056063107247434525,0.018602744918685122,12.02443329023888,6.926511355998461,0.7360013825467195,6.989590840477058,True,8.33357117611269,10.833642528946497,11.013227820526247,100.92520305530094,101.60637020750731,11.591056447432111,0.17674514601864322,0.17674514601864486,0.17674514601864322,-1.6375789613221059e-15,7.5,0.17674514601864322,0.17674514601864322,0.17674514601864486,-2.4049174813740522e-12,-34.15163860032364,0.0,602.9506140937461,3048.3154552181413,2309.527420213424,13.25,False,"SOC floor violated (min 0.177, unmet 0 Wh)",2.522101935805527,0.0,1.0906037407627227,True,1023.2548539813567
6.0,0.3906037407627227,2.0,2.2573777698151645,0.4,1.0,1.0,0.0,0.0,3.0,0.3906037407627227,3.0,2.21,2.21,0.22551517487583275,0.5,0.03,1.3399999999999994,1.6200000000000006,36.33920281473679,36.33920281473679,0.0,0.07270542998307808,-0.0547078737962178,-0.07207738860508091,18.155331081731465,39.77401590740629,39.77401590740629,16.837660837236808,0.5605564255931786,4.0528916195494915,-0.30803289760309105,2,one_per_bay,True,51+42+42,3,135,51,42,0,A40-12L-V4-kv410-direct,16x8E,11.210236109746988,2.343622444576336,15.360835992722297,0.3010841837581474,0.5294483319807256,0.3,0.09976338463132535,0.10588966639614512,0.03521303839053784,0.056063107247434525,0.018643484439843514,11.94648540650751,6.8891416889394685,0.734103600407525,6.9548031814812585,True,8.306516246660165,10.798471120658215,10.977473388790786,101.32449900800779,103.61516185028529,4.209566786299686,0.17311152723916193,0.17311152723916332,0.17311152723916193,-1.3877787807814457e-15,7.5,0.17311152723916193,0.17311152723916193,0.17311152723916332,-2.0380656621814e-12,-39.48790239573079,0.0,576.0239638696264,3048.3154552181413,2336.412601746668,13.25,False,"SOC floor violated (min 0.173, unmet 0 Wh)",2.522101935805527,0.0,1.0906037407627227,True,1026.888472760838
6.0,0.3906037407627227,2.0,2.2573777698151645,0.4,1.0,1.0,0.0,0.0,3.0,0.3906037407627227,3.0,2.21,2.21,0.22551517487583275,0.5,0.03,1.3399999999999994,1.6200000000000006,36.35152395423278,36.35152395423278,0.0,0.07270542998307808,-0.0547078737962178,-0.07206906318130919,18.160168566505963,39.79209790701473,39.79209790701473,16.847922144932376,0.5604287931303844,4.052913269024475,-0.30800108795515757,2,one_per_bay,True,51+42+42,3,135,51,42,0,A40-12L-V4-kv410-direct,17x8E,11.217839264913035,2.343622444576336,15.360835992722297,0.3010841837581474,0.5294483319807256,0.3,0.0997407210450932,0.10588966639614512,0.035205038925252966,0.056063107247434525,0.0186392491362917,11.954587910446346,6.893031044040355,0.7343006050701253,6.958419581402945,True,8.309332647061753,10.80213244118028,10.981195401671103,101.39131770780274,103.41474634131191,4.918338172303514,0.17250345561871766,0.17250345561871894,0.17250345561871766,-1.27675647831893e-15,7.5,0.17250345561871766,0.17250345561871766,0.17250345561871894,-1.8750204092068882e-12,-40.38090487345756,0.0,577.26918732361,3048.3154552181413,2335.1434827974936,13.25,False,"SOC floor violated (min 0.173, unmet 0 Wh)",2.522101935805527,0.0,1.0906037407627227,True,1027.4965443812823
4.731790061955219,0.4018654549661881,1.2478064030698617,1.529207922433475,0.3777402080295102,1.0,1.0,0.0,0.0,2.3658950309776094,0.4018654549661881,2.3658950309776094,1.837144592218894,1.837144592218894,0.2608546298681798,0.49999999999999994,0.029999999999999995,1.4268549192061177,0.8990401117714917,38.01668489417838,38.01668489417838,0.0,0.07270542998307807,-0.046993513270161436,-0.06137483103766199,9.185413644021105,62.74949467541768,62.74949467541768,27.04621925413499,0.46053483919224975,4.366780745998062,0.2551478247640784,2,one_per_bay,True,42+33+33,3,108,42,33,0,A40-12L-V4-kv410-direct,MJ-21x14EL,10.209061034621369,1.9015429660521213,11.774562862969496,0.28735695489217805,0.514563281767351,0.3,0.09712184175194222,0.10291265635347019,0.03331688908211248,0.05295507418863724,0.017143647784370622,8.579962995158487,4.881836634782717,0.7575276759625464,11.549898935083537,True,8.800253687908661,11.44032979428126,11.62997191662239,99.97600237436501,101.17152863100802,11.533907652629612,0.16374954267131558,0.16376074647640257,0.16374954267131558,-1.1203805086984486e-05,7.833333333333333,0.16374954267131558,0.16374954267131558,0.16376074647640257,-0.01645369618686539,-53.23673581344297,0.0,14.131793092522203,2438.6523641745102,2291.678201115333,13.75,False,"SOC floor violated (min 0.164, unmet 0 Wh); morning depletion (0.163761 -> 0.163750, -0.016 Wh)",1.7864895633171503,0.0,1.101865454966188,True,1036.2616601337713
6.0,0.3906037407627227,2.0,2.2573777698151645,0.4,1.0,1.0,0.0,0.0,3.0,0.3906037407627227,3.0,2.21,2.21,0.22551517487583275,0.5,0.03,1.3399999999999994,1.6200000000000006,36.36455657167855,36.36455657167855,0.0,0.07270542998307808,-0.0547078737962178,-0.07206025384632633,18.16528717407846,39.8112303374928,39.8112303374928,16.85878244693947,0.5602938983424761,4.052936160653073,-0.30796745320664853,2,one_per_bay,True,51+42+42,3,135,51,42,0,A40-12L-V4-kv410-direct,18x8E,11.22588426544988,2.343622444576336,15.360835992722297,0.3010841837581474,0.5294483319807256,0.3,0.09971674099322342,0.10588966639614512,0.03519657479294412,0.056063107247434525,0.018634767815559117,11.963161278622348,6.897145190593909,0.7345091263175523,6.96224606749856,True,8.312311679075794,10.806005182798533,10.985132340297044,102.51492389774467,104.24478360185127,5.733669615157289,0.16225974802590035,0.16225974802590126,0.16225974802590035,-9.159339953157541e-16,7.583333333333333,0.16225974802590035,0.16225974802590035,0.16225974802590126,-1.345123337039724e-12,-55.42462004439569,0.0,553.1804829670375,3048.315455218141,2358.9541653650153,13.25,False,"SOC floor violated (min 0.162, unmet 0 Wh)",2.522101935805527,0.0,1.0906037407627227,True,1037.7402519740997
6.0,0.3906037407627227,2.0,2.2573777698151645,0.4,1.0,1.0,0.0,0.0,3.0,0.3906037407627227,3.0,2.21,2.21,0.22551517487583275,0.5,0.03,1.3399999999999994,1.6200000000000006,36.49415207233859,36.49415207233859,0.0,0.07270542998307808,-0.0547078737962178,-0.07197248051343208,18.21628611048537,40.00183346853819,40.00183346853819,16.96713723358364,0.5589585158270594,4.0531633481430775,-0.3076336458474389,2,one_per_bay,True,51+42+42,3,135,51,42,0,A40-12L-V4-kv410-direct,26x13E,11.306040140843898,2.343622444576336,15.360835992722297,0.3010841837581474,0.5294483319807256,0.3,0.0994778610589397,0.10588966639614512,0.035112258404444,0.056063107247434525,0.01859012664430909,12.048581512974764,6.938067362130962,0.7365904486223027,7.000366693707637,True,8.341934979763343,10.844515473692345,11.024281002062011,102.83926199203181,104.5947364136476,12.703516568514452,0.15928782047928805,0.15928782047929052,0.15928782047928805,-2.4702462297909733e-15,7.583333333333333,0.15928782047928805,0.15928782047928805,0.15928782047929052,-3.627756878682892e-12,-59.78913661369422,0.0,545.0442218955069,3048.315455218141,2367.013637841143,13.25,False,"SOC floor violated (min 0.159, unmet 0 Wh); FLAG 26x13E: (10.84 m/s, 1916 rpm) not on the map; used C_T(J) similarity; FLAG 26x13E: (11.02 m/s, 1949 rpm) not on the map; used C_T(J) similarity",2.522101935805527,0.0,1.0906037407627227,True,1040.712179520712
5.774502385645791,0.3158781556415462,1.3445471965344558,2.000159664827244,0.30276763060452305,1.0,1.0,0.0,0.0,2.8872511928228954,0.3158781556415462,2.8872511928228954,1.513406807451949,1.513406807451949,0.21820645594489643,0.5,0.03,1.5191156441243638,1.3281355486985316,36.35972256495128,36.35972256495128,0.0,0.07270542998307808,-0.05036709962318626,-0.06706534653893668,12.59405885018334,47.58750738767407,47.58750738767407,20.043244371458016,0.5004233947598086,3.882010975550031,-0.6125904051978319,2,one_per_bay,True,32+32+22,3,86,22,32,0,A40-12L-V4-kv410-direct,20x13E,10.015512712555575,1.8240391633255009,18.28079049631596,0.30828307177747494,0.4867974406530956,0.3,0.1005073109503279,0.09735948813061912,0.032617801158362984,0.04739434964528083,0.01587826212362268,10.272162909011044,5.945660372715908,0.7276740118135676,8.517501477534815,True,8.899689956347814,11.569596943252158,11.761381879386303,82.75151330978548,83.92077083258002,10.670290926085324,0.26138335610727176,0.30495173540356035,0.26138335610727176,-0.043568379296288595,7.833333333333333,0.26138335610727176,0.26138335610727176,0.30495173540356035,-63.9836975678941,90.14643547240212,0.0,0.0,1941.8898455463702,1877.8263327897096,13.916666666666668,False,"morning depletion (0.304952 -> 0.261383, -63.984 Wh); FLAG 20x13E: shaft power table 66.0 W vs similarity 55.8 W (15%) at 2294 rpm, 11.57 m/s; FLAG 20x13E: shaft power table 67.2 W vs similarity 56.7 W (16%) at 2331 rpm, 11.76 m/s",2.2435583851537917,0.0,1.0158781556415462,True,1043.5683782962885
6.0,0.3906037407627227,2.0,2.2573777698151645,0.4,1.0,1.0,0.0,0.0,3.0,0.3906037407627227,3.0,2.21,2.21,0.22551517487583275,0.5,0.03,1.3399999999999994,1.6200000000000006,36.29012372522733,36.29012372522733,0.0,0.07270542998307808,-0.0547078737962178,-0.07211052236615839,18.13607808930177,39.70204690678971,39.70204690678971,16.79684568635467,0.5610658116341012,4.052805309761993,-0.30815971287024735,2,one_per_bay,True,51+42+42,3,135,51,42,0,A40-12L-V4-kv410-direct,MJ-18x8EL,11.17997586177155,2.343622444576336,15.360835992722297,0.3010841837581474,0.5294483319807256,0.3,0.09985358946607752,0.10588966639614512,0.0352448775900686,0.056063107247434525,0.018660341650926674,11.91423777074883,6.8736509774371175,0.7333201539993126,6.940409381357942,True,8.295297611610298,10.783886895093389,10.962647405904402,103.81349090636859,106.38501629051466,6.584555777708211,0.15031822211908874,0.15031822211909326,0.15031822211908874,-4.524158825347513e-15,7.583333333333333,0.15031822211908874,0.15031822211908874,0.15031822211909326,-6.644094058711364e-12,-72.96171907037882,0.0,512.6927823503811,3048.315455218141,2399.167679632413,13.25,False,"SOC floor violated (min 0.150, unmet 0 Wh)",2.522101935805527,0.0,1.0906037407627227,True,1049.6817778809113
6.0,0.3906037407627227,2.0,2.2573777698151645,0.4,1.0,1.0,0.0,0.0,3.0,0.3906037407627227,3.0,2.21,2.21,0.22551517487583275,0.5,0.03,1.3399999999999994,1.6200000000000006,36.526312616239125,36.526312616239125,0.0,0.07270542998307808,-0.0547078737962178,-0.07195065064106083,18.22897015340571,40.04923244028715,40.04923244028715,16.99412794630841,0.5586288075187775,4.053219602261322,-0.307550991478329,2,one_per_bay,True,51+42+42,3,135,51,42,0,A40-12L-V4-kv410-direct,MJ-26x15E,11.325975861771552,2.343622444576336,15.360835992722297,0.3010841837581474,0.5294483319807256,0.3,0.09941846431630001,0.10588966639614512,0.03509129340023356,0.056063107247434525,0.018579026757799898,12.06982654267787,6.948225851282788,0.7371091269938392,7.0098464880574305,True,8.349286326510631,10.85407222446382,11.033996171561931,103.9602201165303,104.14787238115203,12.326098987951235,0.1491201253737507,0.149120125373753,0.1491201253737507,-2.3037127760972e-15,7.583333333333333,0.1491201253737507,0.1491201253737507,0.149120125373753,-3.383188999221124e-12,-74.72122128388709,0.0,534.6920713024464,3048.315455218141,2377.0469069526744,13.333333333333334,False,"SOC floor violated (min 0.149, unmet 0 Wh); FLAG MJ-26x15E: thrust table 4.64 N vs similarity 5.91 N (22%) at 1721 rpm, 10.85 m/s; FLAG MJ-26x15E: thrust table 4.66 N vs similarity 5.84 N (20%) at 1745 rpm, 11.03 m/s",2.522101935805527,0.0,1.0906037407627227,True,1050.8798746262494
6.0,0.3906037407627227,2.0,2.2573777698151645,0.4,1.0,1.0,0.0,0.0,3.0,0.3906037407627227,3.0,2.21,2.21,0.22551517487583275,0.5,0.03,1.3399999999999994,1.6200000000000006,36.36455657167855,36.36455657167855,0.0,0.07270542998307808,-0.0547078737962178,-0.07206025384632633,18.16528717407846,39.8112303374928,39.8112303374928,16.85878244693947,0.5602938983424761,4.052936160653073,-0.30796745320664853,2,one_per_bay,True,51+42+42,3,135,51,42,0,A40-12L-V4-kv410-direct,MJ-18x8E,11.22588426544988,2.343622444576336,15.360835992722297,0.3010841837581474,0.5294483319807256,0.3,0.09971674099322342,0.10588966639614512,0.03519657479294412,0.056063107247434525,0.018634767815559117,11.963161278622348,6.897145190593909,0.7345091263175523,6.96224606749856,True,8.312311679075794,10.806005182798533,10.985132340297044,104.79633766450674,107.39396078994838,6.541779696669868,0.14143172030328663,0.14143172030330067,0.14143172030328663,-1.404432126150823e-14,7.583333333333333,0.14143172030328663,0.14143172030328663,0.14143172030330067,-2.0625224501275768e-11,-86.01226751405846,0.0,488.81127826876167,3048.315455218141,2422.82008395288,13.333333333333334,False,"SOC floor violated (min 0.141, unmet 0 Wh)",2.522101935805527,0.0,1.0906037407627227,True,1058.5682796967135
6.0,0.3906037407627227,2.0,2.2573777698151645,0.4,1.0,1.0,0.0,0.0,3.0,0.3906037407627227,3.0,2.21,2.21,0.22551517487583275,0.5,0.03,1.3399999999999994,1.6200000000000006,36.37118302208748,36.37118302208748,0.0,0.07270542998307808,-0.0547078737962178,-0.07205577348635088,18.167890440022298,39.82096072615949,39.82096072615949,16.864306925864334,0.5602253533639983,4.0529477967838945,-0.30795035619967526,2,one_per_bay,True,51+42+42,3,135,51,42,0,A40-12L-V4-kv410-direct,MJ-24x10EL,11.229975861771551,2.343622444576336,15.360835992722297,0.3010841837581474,0.5294483319807256,0.3,0.09970454526706303,0.10588966639614512,0.03519227012169551,0.056063107247434525,0.018632488714546817,11.967521596751926,6.899237113676892,0.7346152044880123,6.964192145231899,True,8.313826371576345,10.80797428304925,10.987134081595471,104.90710452832275,106.40609851876555,11.300967147194212,0.14044608657403299,0.14044608657404037,0.14044608657403299,-7.382983113757291e-15,7.583333333333333,0.14044608657403299,0.14044608657403299,0.14044608657404037,-1.0842509322805049e-11,-87.45975056171577,0.0,497.8026195248318,3048.315455218141,2413.7597779111493,13.333333333333334,False,"SOC floor violated (min 0.140, unmet 0 Wh)",2.522101935805527,0.0,1.0906037407627227,True,1059.553913425967
6.0,0.3906037407627227,2.0,2.2573777698151645,0.4,1.0,1.0,0.0,0.0,3.0,0.3906037407627227,3.0,2.21,2.21,0.22551517487583275,0.5,0.03,1.3399999999999994,1.6200000000000006,36.37829826776125,36.37829826776125,0.0,0.07270542998307808,-0.0547078737962178,-0.07205096170586262,18.170686262077897,39.83141073129399,39.83141073129399,16.870240824820407,0.5601517840484039,4.052960288885311,-0.3079320015121707,2,one_per_bay,True,51+42+42,3,135,51,42,0,A40-12L-V4-kv410-direct,19x8E,11.234370101732251,2.343622444576336,15.360835992722297,0.3010841837581474,0.5294483319807256,0.3,0.09969144764890137,0.10588966639614512,0.035187647113636436,0.056063107247434525,0.018630041070641205,11.972204435101558,6.901483405744114,0.7347291489735492,6.966282146258798,True,8.31545279426067,10.810088632538871,10.989283479875803,104.98146061852948,106.43029839407873,6.5422827265108765,0.13976489355104146,0.13976489355104818,0.13976489355104146,-6.716849298982197e-15,7.583333333333333,0.13976489355104146,0.13976489355104146,0.13976489355104818,-9.864237804957976e-12,-88.46013774784554,0.0,496.53478863175224,3048.315455218141,2415.0093244505724,13.333333333333334,False,"SOC floor violated (min 0.140, unmet 0 Wh)",2.522101935805527,0.0,1.0906037407627227,True,1060.2351064489585
5.618069136266431,0.41183860245653525,1.9299514707964416,2.876228487200014,0.30021133900719027,1.0,1.0,0.0,0.0,2.8090345681332156,0.41183860245653525,2.8090345681332156,1.8165402418316505,1.8165402418316505,0.23422116785773425,0.5,0.029999999999999995,1.476878666791936,1.2921559013412796,35.12485653341373,35.12485653341373,0.0,0.07270542998307807,-0.0744445907728459,-0.10076791908332468,17.099201567553056,30.61148915841048,30.61148915841048,12.255083123257728,0.5766691209863783,4.18436805528,-0.07265106950978462,2,one_per_bay,True,42+42+39,3,123,39,42,0,A40-12L-V4-kv410-direct,MJ-26x15EL,11.233870718111854,2.3137377415841613,13.641434053912787,0.2954034859225392,0.45096742285339103,0.3,0.1078766996389903,0.0901934845706782,0.032432584814749865,0.040674323295005844,0.014626039190381772,11.209613733004145,6.721927839427368,0.6676188737484392,5.122297831682096,True,8.368796522109653,10.879435478742549,11.059779863140756,104.14557288730757,104.28510523603434,12.502072085206153,0.13823612812525374,0.13823612813597405,0.13823612812525374,-1.0720313525780512e-11,7.666666666666667,0.13823612812525374,0.13823612812525374,0.13823612813597405,-1.574364962721888e-08,-90.70525372956826,0.0,260.9040277549512,2777.354081420971,2380.9472112612884,13.583333333333332,False,"SOC floor violated (min 0.138, unmet 0 Wh); FLAG MJ-26x15EL: thrust table 4.81 N vs similarity 5.78 N (17%) at 1699 rpm, 10.88 m/s; FLAG MJ-26x15EL: thrust table 4.83 N vs similarity 5.71 N (15%) at 1723 rpm, 11.06 m/s",3.1017121986267098,0.0,1.1118386024565352,True,1061.7638718747462
6.0,0.3906037407627227,2.0,2.2573777698151645,0.4,1.0,1.0,0.0,0.0,3.0,0.3906037407627227,3.0,2.21,2.21,0.22551517487583275,0.5,0.03,1.3399999999999994,1.6200000000000006,36.475510479487426,36.475510479487426,0.0,0.07270542998307808,-0.0547078737962178,-0.07198512540028479,18.208939025189324,39.97437699402503,39.97437699402503,16.951510703108003,0.5591499337221723,4.053130718209401,-0.3076815891210385,2,one_per_bay,True,51+42+42,3,135,51,42,0,A40-12L-V4-kv410-direct,25x125E,11.294492604856085,2.343622444576336,15.360835992722297,0.3010841837581474,0.5294483319807256,0.3,0.09951226913658572,0.10588966639614512,0.0351244032706549,0.056063107247434525,0.01859655672346658,12.036275575007979,6.9321796621235325,0.7362901946659746,6.994875398805005,True,8.33767383252048,10.838975982276624,11.018649684542703,105.76702171832959,106.09644227051112,12.227735009834594,0.13256779941205546,0.13256779941206484,0.13256779941205546,-9.381384558082573e-15,7.583333333333333,0.13256779941205546,0.13256779941205546,0.13256779941206484,-1.3777323876346264e-11,-99.02965403911992,0.0,489.3918487650485,3048.315455218141,2421.922340463178,13.333333333333334,False,"SOC floor violated (min 0.133, unmet 0 Wh)",2.522101935805527,0.0,1.0906037407627227,True,1067.4322005879446
6.0,0.3872245449922309,2.0,2.25556726287966,0.3912836096227177,1.0,1.0,0.0,0.0,3.0,0.3872245449922309,3.0,2.207924316557003,2.207924316557003,0.22356419528809487,0.5,0.030000000000000002,1.3399999999999994,1.6200000000000006,35.86207135459687,35.86207135459687,0.0,0.0727054299830781,-0.05466399590114006,-0.07244381379101993,16.829585117017775,39.0532476638904,39.0532476638904,16.405953649957837,0.5511770646983988,4.0427332779311165,-0.3258552830618555,2,one_per_bay,True,32+28+28,3,88,32,28,0,A40-12L-V4-kv410-direct,MJ-20x13E,10.82333719345735,2.3233472699533855,15.494885532425071,0.3014740909624348,0.5273646985118168,0.3,0.10088801565242042,0.10547293970236338,0.035469851971996105,0.05562270504729189,0.018705547791470496,11.534176315780241,6.68876208401846,0.7244112095628259,6.810649532778081,True,8.19745220786849,10.656687870229039,10.833339849776642,86.17885364004465,87.23564163812325,9.232884941431482,0.20595386319162223,0.274361439234221,0.20595386319162223,-0.06840757604259878,7.916666666666667,0.20595386319162223,0.20595386319162223,0.274361439234221,-100.46207197877598,8.743730842561417,0.0,0.0,1987.0500745125655,1958.9484330083733,13.916666666666668,False,"morning depletion (0.274361 -> 0.205954, -100.462 Wh)",2.5192496121355687,0.0,1.0872245449922309,True,1068.4075750425989
6.0,0.38748242932081256,2.0,2.255705498980063,0.39054836813021376,1.0,1.0,0.0,0.0,3.0,0.38748242932081256,3.0,2.203979978334109,2.203979978334109,0.22371308487462127,0.5,0.03,1.3399999999999994,1.6200000000000006,35.85438534564195,35.85438534564195,0.0,0.07270542998307808,-0.05466734607284639,-0.07244534460205805,16.83867581567359,39.04405267728239,39.04405267728239,16.402704817656158,0.5512648149432035,4.043430581643147,-0.3246096698610008,2,one_per_bay,True,32+28+28,3,88,32,28,0,A40-12L-V4-kv410-direct,MJ-20x13E,10.825903396708046,2.3248945759248754,15.48457309539668,0.3014443350783677,0.527524111974918,0.3,0.10088254483283927,0.10550482239498361,0.035478649917808934,0.05565633774298517,0.018715843291961153,11.536911058330215,6.690166583276015,0.7244579659899688,6.8088105354564785,True,8.195695318522807,10.65440391407965,10.831018033329576,86.20764620044807,87.26443448416349,9.228834667298402,0.2052056068540156,0.27408505315349,0.2052056068540156,-0.06887944629947443,7.916666666666667,0.2052056068540156,0.2052056068540156,0.27408505315349,-101.15505171074842,7.644855741353289,0.0,0.0,1987.0500745125655,1959.6394573382051,13.916666666666668,False,"morning depletion (0.274085 -> 0.205206, -101.155 Wh)",2.519467554967522,0.0,1.0874824293208125,True,1068.8794452994744
6.0,0.3879157720311511,2.0,2.2559377627307504,0.3917316162896523,1.0,1.0,0.0,0.0,3.0,0.3879157720311511,3.0,2.2034927738880086,2.2034927738880086,0.22396327540508662,0.5,0.03,1.3399999999999994,1.6200000000000006,35.84148985097478,35.84148985097478,0.0,0.07270542998307808,-0.054672975018134125,-0.07244791726906041,16.85395380215212,39.028623999403976,39.028623999403976,16.397254589775656,0.5514121698499205,4.044602279415691,-0.32251662218089394,2,one_per_bay,True,32+28+28,3,88,32,28,0,A40-12L-V4-kv410-direct,MJ-20x13E,10.83021593411172,2.3274946321869066,15.46727519890111,0.30139433399640553,0.5277918370920396,0.3,0.10087334954584609,0.10555836741840792,0.03549342031361971,0.055712844660198005,0.01873313751200526,11.541506828183193,6.692526607557325,0.7245365621931648,6.805724799880795,True,8.192747630415619,10.650571919540305,10.827122517231825,86.2560944722948,87.31288675359453,9.22203670002349,0.20394651248449827,0.2736199853949563,0.20394651248449827,-0.06967347291045803,7.916666666666667,0.20394651248449827,0.20394651248449827,0.2736199853949563,-102.32114416951387,5.795773570984438,0.0,0.0,1987.0500745125655,1960.8022561715118,13.916666666666668,False,"morning depletion (0.273620 -> 0.203947, -102.321 Wh)",2.5198336812767703,0.0,1.087915772031151,True,1069.673471910458
6.0,0.3906037407627227,2.0,2.2573777698151645,0.4,1.0,1.0,0.0,0.0,3.0,0.3906037407627227,3.0,2.21,2.21,0.22551517487583275,0.5,0.03,1.3399999999999994,1.6200000000000006,36.33920281473679,36.33920281473679,0.0,0.07270542998307808,-0.0547078737962178,-0.07207738860508091,18.155331081731465,39.77401590740629,39.77401590740629,16.837660837236808,0.5605564255931786,4.0528916195494915,-0.30803289760309105,2,one_per_bay,True,51+42+42,3,135,51,42,0,A40-12L-V4-kv410-direct,16x7E(3D),11.210236109746988,2.343622444576336,15.360835992722297,0.3010841837581474,0.5294483319807256,0.3,0.09976338463132535,0.10588966639614512,0.03521303839053784,0.056063107247434525,0.018643484439843514,11.94648540650751,6.8891416889394685,0.734103600407525,6.9548031814812585,True,8.306516246660165,10.798471120658215,10.977473388790786,106.30904858922419,107.78039302475356,3.7873596244140995,0.12755039004064206,0.12755039004067056,0.12755039004064206,-2.8504976157250894e-14,7.583333333333333,0.12755039004064206,0.12755039004064206,0.12755039004067056,-4.186186870120596e-11,-106.39812651801655,0.0,464.11648026431527,3048.315455218141,2447.1115067870337,13.333333333333334,False,"SOC floor violated (min 0.128, unmet 0 Wh)",2.522101935805527,0.0,1.0906037407627227,True,1072.449609959358
6.0,0.3906037407627227,2.0,2.2573777698151645,0.4,1.0,1.0,0.0,0.0,3.0,0.3906037407627227,3.0,2.21,2.21,0.22551517487583275,0.5,0.03,1.3399999999999994,1.6200000000000006,36.51348486571783,36.51348486571783,0.0,0.07270542998307808,-0.0547078737962178,-0.07195936008374737,18.223909579276306,40.03032190000571,40.03032190000571,16.98335744631367,0.5587602371415095,4.053197170341178,-0.3075839507756257,2,one_per_bay,True,51+42+42,3,135,51,42,0,A40-12L-V4-kv410-direct,27x13E,11.318022073361096,2.343622444576336,15.360835992722297,0.3010841837581474,0.5294483319807256,0.3,0.09944216106806733,0.10588966639614512,0.0350996575373646,0.056063107247434525,0.01858345513625239,12.061350377123308,6.944173821521189,0.736902140862763,7.006064380001144,True,8.346354123549094,10.850260360613824,11.030121119852529,107.60954385171144,109.42772079306187,13.130319479968731,0.11564285346766762,0.11564285346774306,0.11564285346766762,-7.543965452327939e-14,7.583333333333333,0.11564285346766762,0.11564285346766762,0.11564285346774306,-1.107892493961809e-10,-123.88530945136787,0.0,429.067358646373,3048.315455218141,2481.8714250703647,13.416666666666668,False,"SOC floor violated (min 0.116, unmet 0 Wh); FLAG 27x13E: (10.85 m/s, 1868 rpm) not on the map; used C_T(J) similarity; FLAG 27x13E: (11.03 m/s, 1900 rpm) not on the map; used C_T(J) similarity",2.522101935805527,0.0,1.0906037407627227,True,1084.3571465323323
6.0,0.3906037407627227,2.0,2.2573777698151645,0.4,1.0,1.0,0.0,0.0,3.0,0.3906037407627227,3.0,2.21,2.21,0.22551517487583275,0.5,0.03,1.3399999999999994,1.6200000000000006,36.299860398138904,36.299860398138904,0.0,0.07270542998307808,-0.0547078737962178,-0.0721039527661155,18.13989557138823,39.71631734083223,39.71631734083223,16.80493539905326,0.5609646305296806,4.05282244181396,-0.3081345406874616,2,one_per_bay,True,51+42+42,3,135,51,42,0,A40-12L-V4-kv410-direct,MJ-20x8EL,11.185975861771551,2.343622444576336,15.360835992722297,0.3010841837581474,0.5294483319807256,0.3,0.09983570312552803,0.10588966639614512,0.03523856432795582,0.056063107247434525,0.018656999104831706,11.920631829869203,6.876723904123629,0.7334754159202164,6.943263468166444,True,8.29752324743783,10.78678022166918,10.965588694086398,107.88641189849918,108.72547486895698,7.983087944061091,0.11308973385017243,0.11308973385024353,0.11308973385017243,-7.109590693943346e-14,7.583333333333333,0.11308973385017243,0.11308973385017243,0.11308973385024353,-1.0441010387355313e-10,-127.63477261935827,0.0,432.6788664389096,3048.315455218141,2478.153968667981,13.416666666666668,False,"SOC floor violated (min 0.113, unmet 0 Wh)",2.522101935805527,0.0,1.0906037407627227,True,1086.9102661498275
6.0,0.3896481343761483,1.9896283456346284,2.2471243543176196,0.3956217298457757,1.0,1.0,0.0,0.0,3.0,0.3896481343761483,3.0,2.165880530039507,2.165880530039507,0.22554904463277373,0.5,0.03,1.3399999999999994,1.6200000000000006,35.805789950327544,35.805789950327544,0.0,0.07270542998307808,-0.054459380802036404,-0.07209692510933943,16.901227615391843,39.179564812633124,39.179564812633124,16.48399835137885,0.5513016499366753,4.049313746348421,-0.31410903965903136,2,one_per_bay,True,32+28+28,3,88,32,28,0,A40-12L-V4-kv410-direct,20x13E,10.856921317721833,2.33788880625689,15.398508219746477,0.30119444603352136,0.5300053512825526,0.3,0.10066629686644236,0.10600107025651051,0.03556911735534167,0.05618113447762839,0.018851822538728198,11.569966128455736,6.702140171249656,0.7263091837571107,6.835912962526626,True,8.184587247639966,10.639963421931956,10.816338166476104,86.77562487300729,87.95950306326574,9.140272009852067,0.1895703635231452,0.2686255099229758,0.1895703635231452,-0.07905514639983058,7.916666666666667,0.1895703635231452,0.1895703635231452,0.2686255099229758,-116.09889236488632,-15.316766812462097,0.0,0.0,1987.0500745125655,1974.5524353706082,13.916666666666668,False,"SOC floor violated (min 0.190, unmet 0 Wh); morning depletion (0.268626 -> 0.189570, -116.099 Wh)",2.512127029958896,0.0,1.0896481343761484,True,1089.4847818766855
6.0,0.3906037407627227,2.0,2.2573777698151645,0.4,1.0,1.0,0.0,0.0,3.0,0.3906037407627227,3.0,2.21,2.21,0.22551517487583275,0.5,0.03,1.3399999999999994,1.6200000000000006,36.39274669714813,36.39274669714813,0.0,0.07270542998307808,-0.0547078737962178,-0.07204118780777119,18.176365224260554,39.85263675169368,39.85263675169368,16.882296459952457,0.5600024933689803,4.052985648201302,-0.3078947409821009,2,one_per_bay,True,51+42+42,3,135,51,42,0,A40-12L-V4-kv410-direct,20x8E,11.243295820916831,2.343622444576336,15.360835992722297,0.3010841837581474,0.5294483319807256,0.3,0.09966484402099678,0.10588966639614512,0.03517825694935729,0.056063107247434525,0.018625069463826586,11.981716364461233,6.906044984817784,0.734960659943829,6.9705273503387355,True,8.318755456513683,10.814382093467788,10.993648111921058,108.54351035756092,109.79394862648918,7.290251253295507,0.10702998103388066,0.10702998103400588,0.10702998103388066,-1.2521927938990984e-13,7.583333333333333,0.10702998103388066,0.10702998103388066,0.10702998103400588,-1.8389466469862773e-10,-136.53401096139217,0.0,412.4153238904411,3048.315455218141,2498.278053594275,13.416666666666668,False,"SOC floor violated (min 0.107, unmet 0 Wh)",2.522101935805527,0.0,1.0906037407627227,True,1092.9700189661194
6.0,0.3906037407627227,2.0,2.2573777698151645,0.4,1.0,1.0,0.0,0.0,3.0,0.3906037407627227,3.0,2.21,2.21,0.22551517487583275,0.5,0.03,1.3399999999999994,1.6200000000000006,36.35152395423278,36.35152395423278,0.0,0.07270542998307808,-0.0547078737962178,-0.07206906318130919,18.160168566505963,39.79209790701473,39.79209790701473,16.847922144932376,0.5604287931303844,4.052913269024475,-0.30800108795515757,2,one_per_bay,True,51+42+42,3,135,51,42,0,A40-12L-V4-kv410-direct,17x7E,11.217839264913035,2.343622444576336,15.360835992722297,0.3010841837581474,0.5294483319807256,0.3,0.0997407210450932,0.10588966639614512,0.035205038925252966,0.056063107247434525,0.0186392491362917,11.954587910446346,6.893031044040355,0.7343006050701253,6.958419581402945,True,8.309332647061753,10.80213244118028,10.981195401671103,108.83900984975485,110.5509079567633,4.411613163081388,0.10430471043789528,0.10430471043806483,0.10430471043789528,-1.6954493364806922e-13,7.583333333333333,0.10430471043789528,0.10430471043789528,0.10430471043806483,-2.4899048194870166e-10,-140.53629179948285,0.0,400.388955218668,3048.315455218141,2510.2538246932904,13.416666666666668,False,"SOC floor violated (min 0.104, unmet 0 Wh)",2.522101935805527,0.0,1.0906037407627227,True,1095.6952895621048
6.0,0.3906037407627227,2.0,2.2573777698151645,0.4,1.0,1.0,0.0,0.0,3.0,0.3906037407627227,3.0,2.21,2.21,0.22551517487583275,0.5,0.03,1.3399999999999994,1.6200000000000006,36.356605686286045,36.356605686286045,0.0,0.07270542998307808,-0.0547078737962178,-0.07206562859509133,18.162164216892602,39.79955733380043,39.79955733380043,16.852156048373516,0.5603761812281183,4.05292219599891,-0.3079879715209677,2,one_per_bay,True,51+42+42,3,135,51,42,0,A40-12L-V4-kv410-direct,MJ-20x8E,11.220975861771551,2.343622444576336,15.360835992722297,0.3010841837581474,0.5294483319807256,0.3,0.09973137159685215,0.10588966639614512,0.03520173889206886,0.056063107247434525,0.01863750193922689,11.957930508071366,6.894635224470724,0.7343818953074972,6.959911466760086,True,8.310494243535866,10.803642516596625,10.982730509049988,110.61729880943794,111.53130349697784,7.985787298566023,0.08788731091256397,0.08788731091307228,0.08788731091256397,-5.083156118246279e-13,7.666666666666667,0.08788731091256397,0.08788731091256397,0.08788731091307228,-7.465026907438032e-10,-164.64657414293396,0.0,365.7060674590266,3048.315455218141,2544.4883877029843,13.416666666666668,False,"SOC floor violated (min 0.088, unmet 0 Wh)",2.522101935805527,0.0,1.0906037407627227,True,1112.1126890874361
5.585748814704241,0.4080396420118202,1.1071717620921033,1.441373377549821,0.3944012769682954,1.0,1.0,0.0,0.0,2.7928744073521203,0.4080396420118202,2.7928744073521203,1.0658219766649466,1.0658219766649466,0.30550217307637123,0.5,0.029999999999999995,1.4681521799701451,1.2847222273819752,35.483398907256344,35.483398907256344,0.0,0.07270542998307807,-0.037522514762945026,-0.04647060262644136,14.323007993219342,67.06353591017691,67.06353591017691,31.34096114117838,0.5012432232192688,4.180082515924438,0.20283263022004955,2,one_per_bay,True,51+51+24,3,126,24,51,0,A40-12L-V4-kv410-direct,26x13E,11.166156372419897,2.2792069467198672,13.68923075013979,0.2815790039568185,0.6304499138436498,0.3,0.08512044138796018,0.12608998276872993,0.03577611662624862,0.07949341877309307,0.02255504964467881,11.07794626582871,5.9008633886833515,0.8773432862509483,12.412707182035383,True,8.406502297425574,10.928452986653246,11.109609916179014,111.55559481086436,119.01086216164542,12.900492438789787,0.07115623219041177,0.07115631845765369,0.07115623219041177,-8.626724191940216e-08,7.833333333333333,0.07115623219041177,0.07115623219041177,0.07115631845765369,-0.00012669043939987878,-189.21751982036486,0.0,73.8908796580968,2845.0944248702635,2634.372038085493,13.666666666666666,False,"SOC floor violated (min 0.071, unmet 0 Wh); morning depletion (0.071156 -> 0.071156, -0.000 Wh); FLAG 26x13E: (10.93 m/s, 1953 rpm) not on the map; used C_T(J) similarity",1.7565983344716458,0.0,1.1080396420118201,True,1128.84385307683
5.738582733994457,0.4230727659989677,1.0936423188433602,1.44568024336246,0.3765314192567234,1.0,1.0,0.0,0.0,2.8692913669972286,0.4230727659989677,2.8692913669972286,1.7725587206225375,1.7725587206225375,0.3230416242823647,0.5,0.030000000000000002,1.3946456834986143,1.4346456834986143,35.93501665615356,35.93501665615356,0.0,0.0727054299830781,-0.03663232145772185,-0.044850560816262014,15.839644502195421,66.46625879410645,66.46625879410645,31.503861709708914,0.5123546514513706,4.191764320111161,0.27433413632036113,2,one_per_bay,True,45+45+39,3,129,39,45,0,A40-12L-V4-kv410-direct,MJ-26x15E,11.486689272693914,2.4278380701849533,13.56405610378726,0.2785963111404952,0.6585402377617835,0.3,0.08300823666649026,0.1317080475523567,0.0364428426070246,0.08673504895026928,0.023999078235145233,11.707756117625657,6.1584813976021175,0.901078425305339,12.29325175882129,True,8.261196286986877,10.739555173082941,10.917580813308904,113.59927001138571,113.95392661665083,12.00046192391798,0.05510192135348708,0.05510192213513916,0.05510192135348708,-7.816520833370255e-10,7.75,0.05510192135348708,0.05510192135348708,0.05510192213513916,-1.1479194615763683e-06,-212.79457698526747,0.0,164.68712342703355,2912.8347683195557,2610.0472651943287,13.666666666666666,False,"SOC floor violated (min 0.055, unmet 0 Wh); FLAG MJ-26x15E: thrust table 5.21 N vs similarity 6.31 N (17%) at 1740 rpm, 10.74 m/s; FLAG MJ-26x15E: thrust table 5.23 N vs similarity 6.24 N (16%) at 1765 rpm, 10.92 m/s",1.7749503622433518,0.0,1.1230727659989677,True,1144.8980786465129
5.85342332752555,0.43592672860472637,0.9588965662445785,2.1775309847079964,0.2512147058835012,1.0,1.0,0.0,0.0,2.926711663762775,0.43592672860472637,2.9267116637627755,1.4035250733645213,1.4035250733645213,0.3590139540385626,0.5,0.03,1.306287365330876,1.580424298431899,36.54156541863945,36.54156541863945,0.0,0.07270542998307808,-0.05409426849419316,-0.07028640636562847,17.93575103184928,41.0337565488444,41.0337565488444,17.646164044180445,0.5501589250532043,4.204487673976494,0.6087361720486341,2,one_per_bay,True,51+51+30,3,132,30,51,0,A40-12L-V4-kv410-direct,MJ-18x8EL,11.756990591922346,2.5516636823068053,13.427539408424531,0.2626534947518829,0.5555725354297175,0.3,0.09745625899234174,0.11111450708594352,0.03609601393458034,0.061732168424760946,0.020053953980541214,12.223068663228473,6.966658017572261,0.7545096418394259,7.20675130976888,True,8.152517361775597,10.598272570308277,10.77395622100056,118.7997546128457,119.93078679671547,6.107539519755425,0.009613245288602006,0.009613283114277418,0.009613245288602006,-3.782567541132931e-08,7.75,0.009613245288602006,0.009613245288602006,0.009613283114277418,-5.555007128819206e-05,-279.59838605758347,1.0687824305714422,99.30507035958593,2980.575111768847,2742.78719059297,13.75,False,"SOC floor violated (min 0.010, unmet 1 Wh); morning depletion (0.009613 -> 0.009613, -0.000 Wh)",2.455317252422855,0.0,1.1359267286047263,True,1201.0746158427878
5.5371862962575396,0.4764662484700599,0.9445024619452931,1.349251584624295,0.34061816965908254,1.0,1.0,0.0,0.0,2.7685931481287698,0.4764662484700599,2.7685931481287698,1.7049251137700834,1.7049251137700834,0.3845509669318743,0.5,0.03,1.3442965740643855,1.3842965740643842,36.223507224013765,36.223507224013765,0.0,0.07270542998307808,-0.035432406051340924,-0.04258579014363647,15.567391938031811,70.61164404244782,70.61164404244782,34.13786596883188,0.5081501514731487,4.389304522222593,1.1196306128424909,2,one_per_bay,True,42+42+39,3,123,39,42,0,A40-12L-V4-kv410-direct,MJ-21x13E,11.825220591593606,2.6382823816576555,11.621361038767228,0.24574703741870588,0.6980153846656196,0.3,0.08004424467503186,0.1396030769331239,0.037248076158074225,0.09744509544597858,0.025999730207532476,11.629807684382117,6.0072673603802675,0.935956398592177,13.122328808489565,True,8.040801667749522,10.45304216807438,10.626318388019179,115.8655815632482,117.29165673868927,9.08624564963004,0.00994279269024765,0.0279135500871924,0.00994279269024765,-0.017970757396944752,7.833333333333333,0.00994279269024765,0.00994279269024765,0.0279135500871924,-26.391514325850956,-279.11441897820725,8.912695057284626,0.0,2777.354081420971,2675.2723884682714,13.833333333333332,False,"SOC floor violated (min 0.010, unmet 9 Wh); morning depletion (0.027914 -> 0.009943, -26.392 Wh); FLAG MJ-21x13E: thrust table 5.88 N vs similarity 0.00 N (100%) at 2180 rpm, 10.45 m/s; FLAG MJ-21x13E: thrust table 5.90 N vs similarity 0.00 N (100%) at 2216 rpm, 10.63 m/s",1.6982592769571048,0.0,1.1764662484700599,True,1297.1549142795434
5.458036016881571,0.3103019218259641,0.9701162723650327,1.3037693349693216,0.27193394129325715,1.0,1.0,0.0,0.0,2.7290180084407853,0.3103019218259641,2.7290180084407853,1.873204946916045,1.873204946916045,0.24534065170309685,0.5,0.03,1.5428304448956554,1.14618756354513,36.689513382528496,36.689513382528496,0.0,0.07270542998307808,-0.03473451248929458,-0.04420021306407382,9.94209363786429,77.82312119358227,77.82312119358227,35.73539107732475,0.45317837709535946,3.9154991995573263,-0.28920221348722797,2,one_per_bay,True,28+26+26,3,80,28,26,0,A40-12L-V4-kv410-direct,MJ-20p5x12ELW,9.651333197783137,1.6936390654336817,17.589436716227507,0.2937806503843179,0.564851785258694,0.3,0.08774350385946962,0.1129703570517388,0.03304138319991635,0.06381150786198675,0.018663484287889366,9.356164590724108,5.059932372002506,0.8490690987281586,14.564624238716455,True,9.066477467602965,11.786420707883854,11.981799851496117,85.81837337556162,87.18148184593521,11.928165612115714,0.0817712874900766,0.268332568746585,0.0817712874900766,-0.1865612812565084,8.0,0.0817712874900766,0.0817712874900766,0.268332568746585,-273.9803681155547,-173.62845043264764,0.0,0.0,1806.409158647785,1952.9312685996165,14.25,False,"SOC floor violated (min 0.082, unmet 0 Wh); morning depletion (0.268333 -> 0.081771, -273.980 Wh)",1.5861952275986686,0.0,1.0103019218259641,True,1304.7899927664319
5.758866776077962,0.3548787359435975,0.9866389265818021,1.3070738009220346,0.30737322588508487,1.0,1.0,0.0,0.0,2.879433388038981,0.3548787359435975,2.879433388038981,1.919872352590695,1.919872352590695,0.28579071549437596,0.5,0.03,1.3997166940194903,1.4397166940194908,36.98900417287755,36.98900417287755,0.0,0.07270542998307808,-0.03300349405907709,-0.04089457618463839,12.72536618793955,75.02901041644985,75.02901041644985,35.55676490046274,0.48212153051992884,3.9943970327949403,-0.03804022848860544,2,one_per_bay,True,28+28+28,3,84,28,28,0,A40-12L-V4-kv410-direct,MJ-20p5x12ELW,10.31593436631636,2.0436993619621275,16.22770313573605,0.2850027446186592,0.6365510261890738,0.3,0.0830321884777055,0.12731020523781475,0.03523614985480535,0.08103944178847258,0.02242960734902833,10.551634735310053,5.5511423455461255,0.9008042090248318,14.005802083289971,True,8.532988173439078,11.092884625470802,11.276767277552311,89.21609668315331,90.49674605612722,10.58756995328891,0.059752088253127444,0.2403254626568494,0.059752088253127444,-0.18057337440372195,8.0,0.059752088253127444,0.059752088253127444,0.2403254626568494,-265.1866413962768,-205.96542985258617,0.0,0.0,1896.729616580175,2033.6726517821653,14.25,False,"SOC floor violated (min 0.060, unmet 0 Wh); morning depletion (0.240325 -> 0.059752, -265.187 Wh)",1.6253493140165716,0.0,1.0548787359435974,True,1320.8212851505946
4.603641731858296,0.3935849894449397,1.4328274950935982,1.6877992966922035,0.3108555981749037,1.0,1.0,0.0,0.0,2.301820865929148,0.3935849894449397,2.301820865929148,1.6255338411747928,1.6255338411747928,0.2351641295784389,0.5,0.030000000000000002,1.4792017715132377,0.7826190944159104,36.376497371443776,36.376497371443776,0.0,0.0727054299830781,-0.05331091372377915,-0.07096326118659772,8.593678112937654,56.64396353214866,56.64396353214866,23.633718760251057,0.45919170260544784,4.375224888701299,0.27046299021847675,2,one_per_bay,True,36+33+33,3,102,36,33,0,A40-12L-V4-kv410-direct,17x10E,10.031020531990473,1.8119242824417314,11.696690309126538,0.28696550534879744,0.4715922265682913,0.3,0.10188528743219968,0.09431844531365825,0.03203220636980093,0.044479845631927716,0.015106139523829422,8.202019252316282,4.779867902236584,0.7159510304622461,10.328792706429732,True,8.936303297486623,11.61719428673261,11.809768226452993,104.10603304326392,105.69235996409283,6.69679094157572,0.005771648155811824,0.11777863364320942,0.005771648155811824,-0.1120069854873976,7.916666666666667,0.005771648155811824,0.005771648155811824,0.11777863364320942,-164.4913398357153,-285.24008292793445,58.71608276665117,0.0,2303.1716772759255,2394.2758683365423,14.083333333333334,False,"SOC floor violated (min 0.006, unmet 59 Wh); morning depletion (0.117779 -> 0.005772, -164.491 Wh)",1.9235954099763493,0.0,1.0935849894449396,True,1893.3961639980976
5.700634660195787,0.34276636759372975,1.7694992045033042,2.6286136891897893,0.3452991696150479,1.0,1.0,0.0,0.0,2.8503173300978935,0.34276636759372975,2.8503173300978935,1.5719015113008385,1.5719015113008385,0.2050753049734051,0.5,0.030000000000000002,1.499171358252862,1.3111459718450313,35.995636072978485,35.995636072978485,0.0,0.0727054299830781,-0.06705024963847973,-0.09113810266125243,14.04017890492962,34.675565894487015,34.675565894487015,13.912513215930613,0.5390602810449258,3.970161022211416,-0.45516616699018075,2,one_per_bay,True,30+30+24,3,84,24,30,0,A40-12L-V4-kv410-direct,MJ-21x10EL,10.252801451285498,1.9539858354542257,16.6312544028607,0.30452693843312667,0.4366818930598152,0.3,0.10756142609680558,0.08733637861196303,0.031313418112110976,0.03813821514526077,0.013674002699370127,10.381017017091418,6.215950558347715,0.6700610662274693,5.935113178897402,True,8.69993346461201,11.309913503995615,11.497393763652505,93.38233288674984,95.13084486896612,10.780068853234269,0.006852151730055208,0.19946924347712439,0.006852151730055208,-0.19261709174706917,8.083333333333334,0.006852151730055208,0.006852151730055208,0.19946924347712439,-282.87381683260463,-283.65327582076014,86.69846478050012,0.0,1896.729616580175,2137.932562444904,14.416666666666666,False,"SOC floor violated (min 0.007, unmet 87 Wh); morning depletion (0.199469 -> 0.006852, -282.874 Wh)",2.846954635719697,0.0,1.0427663675937298,True,2252.749586822015
5.137930841161404,0.4153387444293813,1.0757248325006357,2.7660286582056166,0.24154853809124865,1.0,1.0,0.0,0.0,2.568965420580702,0.4153387444293813,2.568965420580702,1.2658571417723619,1.2658571417723619,0.302569202782133,0.5,0.03,1.449999943936807,1.0789654766438952,37.089692061440765,37.089692061440765,0.0,0.07270542998307808,-0.07828260409005312,-0.10612706523785669,13.423856508054518,32.80423646144512,32.80423646144512,13.063869917911061,0.5388966060965669,4.304069877066673,0.41699231256668434,2,one_per_bay,True,42+42+27,3,111,27,42,0,A40-12L-V4-kv410-direct,24x12E,11.03842274008181,2.1339817445329725,12.370458836485914,0.27658667764242106,0.42234503803563767,0.3,0.10863551116711831,0.08446900760712753,0.03058777939726501,0.03567506623066485,0.012918596852963586,10.073245609261264,6.061703671828201,0.661784566618907,5.560847292289025,True,8.638006458447679,11.229408395981983,11.415554152192072,112.86141999008363,113.92232875425017,12.12554370300082,0.005073373115522517,0.04364961481274405,0.005073373115522517,-0.038576241697221535,7.916666666666667,0.005073373115522517,0.005073373115522517,0.04364961481274405,-56.652338735750675,-286.2655564414945,170.15516776590286,0.0,2506.392707623804,2599.194758339995,14.083333333333334,False,"SOC floor violated (min 0.005, unmet 170 Wh); morning depletion (0.043650 -> 0.005073, -56.652 Wh); FLAG 24x12E: shaft power table 91.4 W vs similarity 76.8 W (16%) at 2229 rpm, 11.42 m/s",2.9772011772234355,0.0,1.1153387444293812,True,2935.0545452407277
5.480971773718103,0.45949377712278605,1.2853718105558412,2.2201212619924253,0.3873833694051153,1.0,1.0,0.0,0.0,2.7404858868590516,0.45949377712278605,2.7404858868590516,1.675120924179613,1.675120924179613,0.31628076211179734,0.5,0.03,1.330242943429526,1.3702429434295256,36.912041780430776,36.912041780430776,0.0,0.07270542998307808,-0.0589000920390564,-0.07764798052383898,15.832495544742324,39.47080093007858,39.47080093007858,16.558286530061643,0.5431142564331743,4.353116494427378,0.36736656879679597,2,one_per_bay,True,42+42+36,3,120,36,42,0,A40-12L-V4-kv410-direct,MJ-18x8EL,11.48926313473265,2.5184724226091073,11.928282920474627,0.2812930485134611,0.5289508160121035,0.3,0.10109155534184948,0.10579016320242071,0.03564830712666934,0.055957793151974036,0.01885620114410183,11.184688372676646,6.492630688002244,0.7226743534550446,6.894160186015718,True,8.112091701351405,10.545719211756827,10.720531704831187,119.09590902031141,120.2155417967348,6.222406075581005,0.007439357629447755,0.007439357629447755,0.008103559687786942,0.0006642020583391868,7.916666666666667,0.007439357629447755,0.008103559687786942,0.007439357629447755,0.9754345768920422,-282.79091634621307,177.14651325176195,0.0,2709.61373797168,2749.4981442516955,14.0,False,"SOC floor violated (min 0.007, unmet 177 Wh)",2.4845966699984774,0.0,1.159493777122786,True,2964.025774888172
4.833758401448994,0.336845137685718,1.812822213628315,2.0201182307115952,0.33373380995952967,1.0,1.0,0.0,0.0,2.416879200724497,0.336845137685718,2.416879200724497,1.5078729629092447,1.5078729629092447,0.1833470348836747,0.5,0.03,1.5551402724781678,0.821738928246329,35.64826621925147,35.64826621925147,0.0,0.07270542998307808,-0.060769923683613926,-0.08262506696431204,8.536045500899432,47.62675658303557,47.62675658303557,19.2154535781007,0.4648995082997874,4.121176686173335,-0.1841176375839575,2,one_per_bay,True,24+24+22,3,70,22,24,0,A40-12L-V4-kv410-direct,205x14E,9.524417012382898,1.6282280142755823,14.350091067542644,0.29790971383098097,0.4187144455347532,0.3,0.10675827429841352,0.08374288910695063,0.029800821086071537,0.035064357379895154,0.012478034277534824,8.177065729400251,4.877953251429492,0.6763313028889624,8.525351316607114,True,9.185799312917172,11.941539106792325,12.139489590821526,86.53384805043908,87.49170773702066,12.090671150385706,0.00746784889581696,0.24628068076920073,0.00746784889581696,-0.23881283187338379,8.333333333333334,0.00746784889581696,0.00746784889581696,0.24628068076920073,-350.7160068086484,-282.7490746114472,160.30309962726685,0.0,1580.608013816814,1965.6725553114154,14.75,False,"SOC floor violated (min 0.007, unmet 160 Wh); morning depletion (0.246281 -> 0.007468, -350.716 Wh)",2.2294754534789716,0.0,1.036845137685718,True,3034.375978250235
4.828405196324875,0.42080119500136864,1.2519857162188461,2.8239706812826793,0.38059732556867676,1.0,1.0,0.0,0.0,2.4142025981624373,0.42080119500136864,2.4142025981624373,1.1565290673696218,1.1565290673696218,0.27545957749855415,0.5,0.029999999999999995,1.4568056108607115,0.9173969873017258,37.01627335960354,37.01627335960354,0.0,0.07270542998307807,-0.0850458875317839,-0.1156497623532574,11.943489207222058,32.41074652314111,32.41074652314111,12.808952405448737,0.5327900312434072,4.403845471558755,0.32103726856866643,2,one_per_bay,True,42+42+24,3,108,24,42,0,A40-12L-V4-kv410-direct,MJ-26x15EL,10.759281877913937,2.0317986765643252,11.474314364314413,0.2858184160508679,0.39538333108660745,0.3,0.10973238860104192,0.0790766662173215,0.028924238222113357,0.03126559570022837,0.01143616165740175,9.22701317938355,5.58043340761599,0.6534581645201301,5.482149304628222,True,8.7399041432227,11.361875386189512,11.550216998779167,112.17206905010934,112.68695996727205,13.472571895908517,0.003646029489266479,0.04676271401295163,0.003646029489266479,-0.04311668452368515,8.0,0.003646029489266479,0.003646029489266479,0.04676271401295163,-63.32034717042546,-288.36172628721573,208.4853919347963,0.0,2438.6523641745102,2577.235658797827,14.083333333333334,False,"SOC floor violated (min 0.004, unmet 208 Wh); morning depletion (0.046763 -> 0.003646, -63.320 Wh)",3.021662346825983,0.0,1.1208011950013685,True,3324.3245733823815
5.664649839399241,0.30083317429329887,1.1370587745989127,2.577546015003546,0.35657316801293437,1.0,1.0,0.0,0.0,2.8323249196996203,0.30083317429329887,2.8323249196996203,2.0852942339054277,2.0852942339054277,0.22382033895805722,0.5,0.030000000000000006,1.6027484534257799,1.1895764662738404,35.77974946153971,35.77974946153971,0.0,0.0727054299830781,-0.06616528704689607,-0.09016995523545134,12.412514997110597,37.176384049152716,37.176384049152716,14.896947331883842,0.5150549756528854,3.855996773208744,-0.5469052578119948,2,one_per_bay,True,32+26+26,3,84,32,26,0,A40-12L-V4-kv410-direct,17x8E,9.934146738823845,1.704114592446499,18.829870916684413,0.3038424388252691,0.41052440048045774,0.3,0.10774456593597777,0.08210488009609154,0.02948784889059628,0.03370605667796785,0.01210548148727037,9.994884655416328,5.989834833918574,0.6686411115742958,6.435276809830545,True,9.17004043970674,11.921052571618763,12.118663457919615,96.47671884455363,98.49740490142491,6.0304468001463665,0.009492759496827985,0.16875175105626442,0.009492759496827985,-0.15925899155943643,8.166666666666666,0.009492759496827985,0.009492759496827985,0.16875175105626442,-233.8847419962399,-279.77532921192187,212.03558760064962,0.0,1896.729616580175,2214.637769809564,14.5,False,"SOC floor violated (min 0.009, unmet 212 Wh); morning depletion (0.168752 -> 0.009493, -233.885 Wh)",2.7828082152437745,0.0,1.0008331742932988,True,3470.1221070691045
4.876654751145909,0.32712300123415183,1.0151365014474731,2.0225928127769115,0.3320579811021578,1.0,1.0,0.0,0.0,2.4383273755729546,0.32712300123415183,2.4383273755729546,2.0781027071170994,2.0781027071170994,0.23899488732108817,0.5,0.03,1.5692960678781498,0.8290313076948048,35.700563767319835,35.700563767319835,0.0,0.07270542998307808,-0.060309161766710785,-0.08183021105482442,8.324046268483258,48.151309716576606,48.151309716576606,19.468209699046984,0.45735589362728524,4.079412810392101,-0.0324060668720105,2,one_per_bay,True,30+20+20,3,70,30,20,0,A40-12L-V4-kv410-direct,MJ-20p5x12ELW,9.522441240266067,1.5952659381776357,14.907709738378323,0.28851271622193586,0.4160347222510546,0.3,0.10645283220095805,0.08320694445021092,0.02952538298504247,0.03461697802370243,0.012283584509538157,8.247920352487654,4.913177352797482,0.6787345052364993,8.63026194331532,True,9.27925197027839,12.063027561361906,12.262991914639533,89.96581463393166,91.49619850113122,12.298872320340504,0.006736082068265813,0.21124477845067213,0.006736082068265813,-0.20450869638240632,8.416666666666666,0.006736082068265813,0.006736082068265813,0.21124477845067213,-300.33760242375683,-297.7285062353429,297.7285062353429,0.0,1580.6080138168143,2053.080538008077,14.916666666666668,False,"SOC floor violated (min 0.007, unmet 298 Wh); morning depletion (0.211245 -> 0.006736, -300.338 Wh)",2.2306101739024387,0.0,1.027123001234152,True,4375.057675667569
5.07475737187694,0.3644026790728186,1.0321880774646357,2.6813056514419094,0.3601226545110454,1.0,1.0,0.0,0.0,2.53737868593847,0.3644026790728186,2.53737868593847,1.2753078841769847,1.2753078841769847,0.2693323552410536,0.5,0.03,1.5331747852818514,0.9642039006566185,35.96696761049735,35.96696761049735,0.0,0.07270542998307808,-0.07682947814785443,-0.10468870722767953,11.072701009741973,34.754019645013344,34.754019645013344,13.769573030068651,0.5120600374752052,4.15728450366578,0.1812449294316073,2,one_per_bay,True,28+28+18,3,74,18,28,0,A40-12L-V4-kv410-direct,MJ-20x11EW,10.192126516178844,1.8492551819564929,13.92623507815334,0.28153440495553617,0.3968616729946877,0.3,0.10937201462008851,0.07937233459893756,0.028937040467285183,0.03149983749842849,0.011484002291361779,9.186587920838374,5.546853738571471,0.6561799452105752,5.950803929002669,True,8.91639591091501,11.591314684189514,11.783459627295299,93.29916077495238,94.99617487329756,10.539560934100198,0.007783891916429008,0.18452509173296985,0.007783891916429008,-0.17674119981654085,8.333333333333334,0.007783891916429008,0.007783891916429008,0.18452509173296985,-259.55878229814294,-330.1873492680183,330.1873492680183,0.0,1670.9284717492023,2134.5944033254837,14.916666666666668,False,"SOC floor violated (min 0.008, unmet 330 Wh); morning depletion (0.184525 -> 0.007784, -259.559 Wh)",2.8797364879392533,0.0,1.0644026790728185,True,4670.830799580295
5.2217622129786765,0.3595249768468178,1.1539125436120246,1.4374436463245905,0.37016645151923144,1.0,1.0,0.0,0.0,2.6108811064893382,0.3595249768468178,2.6108811064893382,1.947545237981252,1.947545237981252,0.2549352623073087,0.5,0.029999999999999995,1.474311041763816,1.096570064725522,36.93891452961601,36.93891452961601,0.0,0.07270542998307807,-0.040028616440141114,-0.051514467807153755,10.025450734700113,67.28490024055839,67.28490024055839,29.97253279759086,0.4618504814527257,4.1091821629798835,-0.06679466605600665,2,one_per_bay,True,28+24+24,3,76,28,24,0,A40-12L-V4-kv410-direct,17x10E,9.942638247216832,1.8773539387207467,14.52405965998714,0.29160093096599754,0.5539779358713649,0.3,0.09225536686346317,0.110795587174273,0.0340716251387179,0.06137831068645963,0.01887492856612985,9.221315392199962,5.113615491605607,0.8032868148450856,12.45698004811168,True,8.740436124368777,11.362566961679411,11.550920038260578,95.38408038488129,96.73335116690511,6.6806318572664845,0.009732695140077439,0.16685418013668077,0.009732695140077439,-0.15712148499660333,8.333333333333334,0.009732695140077439,0.009732695140077439,0.16685418013668077,-230.74564029737658,-360.9559048480205,360.9559048480205,0.0,1716.088700715397,2181.473805507206,14.916666666666668,False,"SOC floor violated (min 0.010, unmet 361 Wh); morning depletion (0.166854 -> 0.009733, -230.746 Wh)",1.714432614260273,0.0,1.0595249768468178,True,4956.947837336731
4.942743092439627,0.5111493183226803,1.464570974707764,2.7499250768290797,0.39088869594244136,1.0,1.0,0.0,0.0,2.4713715462198134,0.5111493183226803,2.4713715462198134,1.0920075242149427,1.0920075242149427,0.31300792872919775,0.5,0.03,1.3933954968074915,1.0379760494123218,36.256280535244095,36.256280535244095,0.0,0.07270542998307808,-0.08090021325928318,-0.10934727416173873,14.407173456636782,31.147493372941984,31.147493372941984,12.432698653629824,0.5572105671220436,4.663017016634319,0.7854838852175612,2,one_per_bay,True,42+42+24,3,108,24,42,0,A40-12L-V4-kv410-direct,22x12E,11.575550751571514,2.526479762344652,9.66986145782034,0.27455947064727676,0.45205133589771807,0.3,0.1083041718863103,0.09041026717954362,0.03263936372300177,0.04087008205738231,0.014754667973834467,10.162108979107439,6.105845538905761,0.6643246073546445,5.229498674588396,True,8.12958325505462,10.568458231571006,10.743647660979812,118.2514922263078,119.7288918900933,9.706138953946123,0.006562154406727183,0.009156396846003103,0.006562154406727183,-0.0025942424392759204,8.083333333333334,0.006562154406727183,0.006562154406727183,0.009156396846003103,-3.809855366058252,-422.26232646713385,422.26232646713385,0.0,2438.6523641745102,2732.3173435146614,14.333333333333332,False,"SOC floor violated (min 0.007, unmet 422 Wh); morning depletion (0.009156 -> 0.006562, -3.810 Wh)",2.975950744777939,0.0,1.2111493183226802,True,5418.655351703887
4.8722774115456815,0.5044739207160345,1.351560127243329,2.80843975750998,0.39541801422499484,1.0,1.0,0.0,0.0,2.4361387057728408,0.5044739207160345,2.4361387057728408,1.6687708280878886,1.6687708280878886,0.31927563949349497,0.5,0.029999999999999995,1.372960449348248,1.0231782564245928,37.1215351739604,37.1215351739604,0.0,0.07270542998307807,-0.0838165822280459,-0.11349171103136885,13.882109106382005,30.73555042731371,30.73555042731371,12.221244039272785,0.5546057885677984,4.664969788968264,0.7889988754186592,2,one_per_bay,True,36+36+36,3,108,36,36,0,A40-12L-V4-kv410-direct,MJ-21x13E,11.478170121892164,2.457936888618622,9.658135359366295,0.27447254675723914,0.4380513955181685,0.3,0.10885644758940671,0.0876102791036337,0.031789812518459984,0.038377805023082974,0.01392557173697234,9.93296286087642,5.9833617810816815,0.6600973205870102,5.147110085462743,True,8.207413761166984,10.66963788951708,10.846504536752269,120.04415663626611,121.31751908902112,9.511890293943782,0.005785666898714847,0.005785666898714847,0.00816216690626826,0.002376500007553413,8.083333333333334,0.005785666898714847,0.00816216690626826,0.005785666898714847,3.4900829502819883,-470.34403519070145,470.34403519070145,0.0,2438.6523641745102,2773.2628161092816,14.416666666666666,False,"SOC floor violated (min 0.006, unmet 470 Wh); FLAG MJ-21x13E: thrust table 6.02 N vs similarity 0.00 N (100%) at 2213 rpm, 10.67 m/s; FLAG MJ-21x13E: thrust table 6.03 N vs similarity 0.00 N (100%) at 2248 rpm, 10.85 m/s",3.027465455269064,0.0,1.2044739207160344,True,5897.6546850083
4.931111260606482,0.4712292057521942,1.2089026660823146,1.850252473879128,0.3095402765087258,1.0,1.0,0.0,0.0,2.465555630303241,0.4712292057521942,2.465555630303241,2.0046775745116294,2.0046775745116294,0.3172398074741122,0.5,0.03,1.3900222655758798,1.035533364727361,37.202606432948144,37.202606432948144,0.0,0.07270542998307808,-0.05456108961292867,-0.07145551180296951,11.962151124671909,48.91103765208881,48.91103765208881,20.778076096357363,0.49895437652724833,4.5387690690270635,0.6473061219372455,2,one_per_bay,True,45+33+33,3,111,45,33,0,A40-12L-V4-kv410-direct,25x125E,11.15782286985811,2.3236836428112935,10.464358321626632,0.2758029000063022,0.5278999992079443,0.3,0.09925180352396278,0.10557999984158882,0.03493001800112465,0.0557356818327495,0.018439556475127183,9.772336456050702,5.620914603843132,0.7385669672635056,8.782207530417763,True,8.32255347172933,10.81931951324813,10.998667377485821,123.20987564648534,123.938788863984,12.264707739956677,0.007646839579502369,0.007646839579502369,0.00881892041854435,0.0011720808390419807,8.083333333333334,0.007646839579502369,0.00881892041854435,0.007646839579502369,1.7212957457146925,-472.3255933097971,472.3255933097971,0.0,2506.3927076238047,2844.0224338500097,14.416666666666666,False,"SOC floor violated (min 0.008, unmet 472 Wh)",2.1142024734831,0.0,1.1712292057521942,True,5915.609093518469
5.549477177779069,0.3797585133859263,1.3704052384959136,1.6554296400516448,0.28031611638650933,1.0,1.0,0.0,0.0,2.7747385888895346,0.3797585133859263,2.7747385888895346,2.1401222978701924,2.1401222978701924,0.2547345152619166,0.5,0.029999999999999995,1.4583588380003485,1.276379750889186,35.85222059711756,35.85222059711756,0.0,0.07270542998307807,-0.04337659924744666,-0.05601873223871168,12.665588564846955,56.218094913723405,56.218094913723405,24.781467932079153,0.4958684660418765,4.103913061232822,-0.19387914187260755,2,one_per_bay,True,32+26+26,3,84,32,26,0,A40-12L-V4-kv410-direct,MJ-24x10EL,10.406631245273399,2.1074612031025053,14.61317385171945,0.29768736251935446,0.5638410906467829,0.3,0.09380821877793621,0.11276821812935658,0.035261952258255715,0.06358335510035074,0.019882137619629696,10.257378519527093,5.735829056868102,0.7882992010099867,10.243618982744682,True,8.439770787576478,10.971702023849423,11.153575876693887,104.55991848874976,106.09694445555495,12.351615651932317,0.007580147898740294,0.08738423476350371,0.007580147898740294,-0.07980408686476341,8.333333333333334,0.007580147898740294,0.007580147898740294,0.08738423476350371,-117.19877216254275,-516.8870618372579,516.8870618372579,0.0,1896.7296165801752,2403.65553392295,14.75,False,"SOC floor violated (min 0.008, unmet 517 Wh); morning depletion (0.087384 -> 0.007580, -117.199 Wh)",1.9373501853750361,0.0,1.0797585133859262,True,6441.094556338602
4.536127815048024,0.3564454696665137,1.445284118868961,2.55645063038161,0.3511594798011468,1.0,1.0,0.0,0.0,2.268063907524012,0.3564454696665137,2.268063907524012,1.4685363291503264,1.4685363291503264,0.210493103276412,0.5,0.03,1.456922178965848,0.7711417285581641,38.27142607378837,38.27142607378837,0.0,0.07270542998307808,-0.08195000224456335,-0.11188374927110861,8.354143001784264,37.81048111834412,37.81048111834412,14.922053376792265,0.4825392159970301,4.263666070138102,0.07098319890066085,2,one_per_bay,True,22+22+22,3,66,22,22,0,A40-12L-V4-kv410-direct,19x12E,9.625759706430076,1.6168822095021296,12.726007765765612,0.29175283485082953,0.3593100665377554,0.3,0.10993317462972044,0.07186201330755107,0.026333397527274354,0.025820744783073238,0.00946185481769011,7.755225776795847,4.694595772427077,0.6519475057564847,6.562096223668824,True,9.266883001769294,12.046947902300083,12.2466457090073,94.52644868052703,96.61734666092866,10.166429948842781,0.007901735517221592,0.15527502958050107,0.007901735517221592,-0.14737329406327948,8.666666666666666,0.007901735517221592,0.007901735517221592,0.15527502958050107,-216.42963151793103,-584.1252853529669,584.1252853529669,0.0,1490.2875558844237,2166.5816426644406,15.416666666666668,False,"SOC floor violated (min 0.008, unmet 584 Wh); morning depletion (0.155275 -> 0.007902, -216.430 Wh)",2.7361056636504872,0.0,1.0564454696665138,True,7180.7244110757265
5.035793282944839,0.3617167325296239,0.8382859672401818,1.544220843978557,0.3439162716547619,1.0,1.0,0.0,0.0,2.5178966414724195,0.3617167325296239,2.5178966414724195,1.8533033542577608,1.8533033542577608,0.2955188536246127,0.5,0.030000000000000002,1.5210959177129002,0.9568007237595193,36.28843923509526,36.28843923509526,0.0,0.0727054299830781,-0.044590091031154244,-0.05804581878978936,9.298287354258088,63.2506663692053,63.2506663692053,27.520939459288417,0.4526227025558093,4.1572436233166075,0.3930170331868572,2,one_per_bay,True,28+24+24,3,76,28,24,0,A40-12L-V4-kv410-direct,MJ-26x15E,10.06634968646537,1.821530692001435,13.921925169807889,0.27104766994923346,0.5170157168693276,0.3,0.09573052434568231,0.10340314337386551,0.03299612378057304,0.05346105029798094,0.01705951459032204,9.003555662766287,5.086026812288223,0.7702532831744064,11.65013327384106,True,8.928389396376373,11.606906215289285,11.799309613448507,107.01460824541194,107.69156677242998,14.620718807780376,0.004416927649057184,0.046182333255118495,0.004416927649057184,-0.04176540560606131,8.583333333333334,0.004416927649057184,0.004416927649057184,0.046182333255118495,-61.33588451673936,-801.7578447935027,801.7578447935027,0.0,1716.0887007153967,2454.1611585801293,15.416666666666668,False,"SOC floor violated (min 0.004, unmet 802 Wh); morning depletion (0.046182 -> 0.004417, -61.336 Wh); FLAG MJ-26x15E: thrust table 4.61 N vs similarity 5.81 N (21%) at 1784 rpm, 11.61 m/s; FLAG MJ-26x15E: thrust table 4.63 N vs similarity 5.74 N (19%) at 1809 rpm, 11.80 m/s",1.8027287024132208,0.0,1.0617167325296237,True,9254.926924892032
5.005072396267588,0.3361599415962624,1.8180090691413338,2.09565813552523,0.38765839210836917,1.0,1.0,0.0,0.0,2.502536198133794,0.3361599415962624,2.502536198133794,2.042146695665833,2.042146695665833,0.18592246301346008,0.5,0.030000000000000002,1.5115724428429522,0.9509637552908417,37.15481545018083,37.15481545018083,0.0,0.0727054299830781,-0.06088452424964748,-0.08274052454547307,9.384318315329441,45.43786598815782,45.43786598815782,18.34806282732971,0.47734841611725404,4.081129086824153,-0.2559317002508914,2,one_per_bay,True,30+22+22,3,74,30,22,0,A40-12L-V4-kv410-direct,17x7E,9.631126348913794,1.6825048444143773,14.88896140480302,0.2996557947797348,0.4252353707168722,0.3,0.1066343438199891,0.08504707414337442,0.03022979648362898,0.03616502410174314,0.012854778714411567,8.561731239341169,5.1044565792353245,0.6773051364899185,8.087573197631563,True,9.086899852832651,11.812969808682448,12.008789046934659,106.19697345538943,107.39627728983437,5.508916387532515,0.009849400896163055,0.05019647461445374,0.009849400896163055,-0.04034707371829069,8.666666666666666,0.009849400896163055,0.009849400896163055,0.05019647461445374,-59.25294913966541,-833.4059558384843,833.4059558384843,0.0,1670.9284717492026,2439.0213875083323,15.416666666666668,False,"SOC floor violated (min 0.010, unmet 833 Wh); morning depletion (0.050196 -> 0.009849, -59.253 Wh)",2.308275820883666,0.0,1.0361599415962623,True,9564.55723020697
4.674894661378545,0.38360612155870233,1.3220591626031202,2.2620592549698557,0.3269010900954262,1.0,1.0,0.0,0.0,2.3374473306892725,0.38360612155870233,2.3374473306892725,1.7478449061581918,1.7478449061581918,0.2404499791687012,0.5,0.030000000000000002,1.5027152382549198,0.7947320924343526,35.799354833734604,35.799354833734604,0.0,0.0727054299830781,-0.07036051192275938,-0.0957484219067398,8.921040007899395,41.301741818198906,41.301741818198906,16.45942759376668,0.47940231174061854,4.320058316211265,0.17172578636674052,2,one_per_bay,True,26+22+22,3,70,26,22,0,A40-12L-V4-kv410-direct,20x8E,9.90897286490601,1.7933182097469067,12.18670505669487,0.28934540703211914,0.40838413506967153,0.3,0.10853470275174915,0.0816768270139343,0.02954923380554465,0.033355520355320745,0.01206743828964885,8.22762739012549,4.948781720798521,0.6625561308446444,7.26034836363978,True,8.927729097012612,11.606047826116397,11.798436995075281,115.45092775624099,116.97348034024334,8.688954585421872,0.005246436678955857,0.005246436678955857,0.005658929460529704,0.00041249278157384685,9.0,0.005246436678955857,0.005658929460529704,0.005246436678955857,0.6057790951018622,-1205.4728703978383,1205.4728703978383,0.0,1580.6080138168143,2662.622048675807,16.25,False,"SOC floor violated (min 0.005, unmet 1205 Wh)",2.4662513225046916,0.0,1.0836061215587023,True,13249.482267299425
