ISO-10303-21;
HEADER;
FILE_DESCRIPTION(('solar UAV simple OML'),'2;1');
FILE_NAME('aircraft.step','2026-08-27T23:21:14',('solar_uav'),('solar_uav'),'solar_uav.step_export','','');
FILE_SCHEMA(('AUTOMOTIVE_DESIGN { 1 0 10303 214 1 1 1 1 }'));
ENDSEC;
DATA;
#1 = APPLICATION_CONTEXT('automotive design');
#2 = APPLICATION_PROTOCOL_DEFINITION('international standard','automotive_design',2010,#1);
#3 = PRODUCT_CONTEXT('',#1,'mechanical');
#4 = PRODUCT_DEFINITION_CONTEXT('part definition',#1,'design');
#5 = PRODUCT('aircraft','solar UAV simple OML','twin-boom envelope',(#3));
#6 = PRODUCT_DEFINITION_FORMATION('','',#5);
#7 = PRODUCT_DEFINITION('design','',#6,#4);
#8 = PRODUCT_DEFINITION_SHAPE('','',#7);
#9 = ( LENGTH_UNIT() NAMED_UNIT(*) SI_UNIT(.MILLI.,.METRE.) );
#10 = ( NAMED_UNIT(*) PLANE_ANGLE_UNIT() SI_UNIT($,.RADIAN.) );
#11 = ( NAMED_UNIT(*) SI_UNIT($,.STERADIAN.) SOLID_ANGLE_UNIT() );
#12 = UNCERTAINTY_MEASURE_WITH_UNIT(LENGTH_MEASURE(1.E-3),#9,'distance_accuracy_value','');
#13 = ( GEOMETRIC_REPRESENTATION_CONTEXT(3) GLOBAL_UNCERTAINTY_ASSIGNED_CONTEXT((#12)) GLOBAL_UNIT_ASSIGNED_CONTEXT((#9,#10,#11)) REPRESENTATION_CONTEXT('Context #1','3D') );
#14 = CARTESIAN_POINT('',(-1.17891827,-3000.00000000,-17.58868455));
#15 = VERTEX_POINT('',#14);
#16 = CARTESIAN_POINT('',(-1.17891827,3000.00000000,-17.58868455));
#17 = VERTEX_POINT('',#16);
#18 = CARTESIAN_POINT('',(308.12706165,3000.00000000,-38.32056302));
#19 = VERTEX_POINT('',#18);
#20 = CARTESIAN_POINT('',(308.12706165,-3000.00000000,-38.32056302));
#21 = VERTEX_POINT('',#20);
#22 = DIRECTION('',(0.00000000,1.00000000,0.00000000));
#23 = VECTOR('',#22,1.0);
#24 = LINE('',#14,#23);
#25 = EDGE_CURVE('',#15,#17,#24,.T.);
#26 = ORIENTED_EDGE('',*,*,#25,.T.);
#27 = DIRECTION('',(0.99776123,0.00000000,-0.06687703));
#28 = VECTOR('',#27,1.0);
#29 = LINE('',#16,#28);
#30 = EDGE_CURVE('',#17,#19,#29,.T.);
#31 = ORIENTED_EDGE('',*,*,#30,.T.);
#32 = DIRECTION('',(0.00000000,-1.00000000,0.00000000));
#33 = VECTOR('',#32,1.0);
#34 = LINE('',#18,#33);
#35 = EDGE_CURVE('',#19,#21,#34,.T.);
#36 = ORIENTED_EDGE('',*,*,#35,.T.);
#37 = DIRECTION('',(0.99776123,0.00000000,-0.06687703));
#38 = VECTOR('',#37,1.0);
#39 = LINE('',#14,#38);
#40 = EDGE_CURVE('',#15,#21,#39,.T.);
#41 = ORIENTED_EDGE('',*,*,#40,.F.);
#42 = EDGE_LOOP('',(#26,#31,#36,#41));
#43 = FACE_OUTER_BOUND('',#42,.T.);
#44 = CARTESIAN_POINT('',(-1.17891827,-3000.00000000,-17.58868455));
#45 = DIRECTION('',(-0.06687703,0.00000000,-0.99776123));
#46 = DIRECTION('',(0.00000000,1.00000000,0.00000000));
#47 = AXIS2_PLACEMENT_3D('',#44,#45,#46);
#48 = PLANE('',#47);
#49 = ADVANCED_FACE('',(#43),#48,.T.);
#50 = CARTESIAN_POINT('',(1.17891827,-3000.00000000,17.58868455));
#51 = VERTEX_POINT('',#50);
#52 = CARTESIAN_POINT('',(310.48489819,-3000.00000000,-3.14319392));
#53 = VERTEX_POINT('',#52);
#54 = CARTESIAN_POINT('',(310.48489819,3000.00000000,-3.14319392));
#55 = VERTEX_POINT('',#54);
#56 = CARTESIAN_POINT('',(1.17891827,3000.00000000,17.58868455));
#57 = VERTEX_POINT('',#56);
#58 = DIRECTION('',(0.99776123,0.00000000,-0.06687703));
#59 = VECTOR('',#58,1.0);
#60 = LINE('',#50,#59);
#61 = EDGE_CURVE('',#51,#53,#60,.T.);
#62 = ORIENTED_EDGE('',*,*,#61,.T.);
#63 = DIRECTION('',(0.00000000,1.00000000,0.00000000));
#64 = VECTOR('',#63,1.0);
#65 = LINE('',#52,#64);
#66 = EDGE_CURVE('',#53,#55,#65,.T.);
#67 = ORIENTED_EDGE('',*,*,#66,.T.);
#68 = DIRECTION('',(-0.99776123,0.00000000,0.06687703));
#69 = VECTOR('',#68,1.0);
#70 = LINE('',#54,#69);
#71 = EDGE_CURVE('',#55,#57,#70,.T.);
#72 = ORIENTED_EDGE('',*,*,#71,.T.);
#73 = DIRECTION('',(0.00000000,1.00000000,0.00000000));
#74 = VECTOR('',#73,1.0);
#75 = LINE('',#50,#74);
#76 = EDGE_CURVE('',#51,#57,#75,.T.);
#77 = ORIENTED_EDGE('',*,*,#76,.F.);
#78 = EDGE_LOOP('',(#62,#67,#72,#77));
#79 = FACE_OUTER_BOUND('',#78,.T.);
#80 = CARTESIAN_POINT('',(1.17891827,-3000.00000000,17.58868455));
#81 = DIRECTION('',(0.06687703,0.00000000,0.99776123));
#82 = DIRECTION('',(0.99776123,0.00000000,-0.06687703));
#83 = AXIS2_PLACEMENT_3D('',#80,#81,#82);
#84 = PLANE('',#83);
#85 = ADVANCED_FACE('',(#79),#84,.T.);
#86 = DIRECTION('',(0.06687703,0.00000000,0.99776123));
#87 = VECTOR('',#86,1.0);
#88 = LINE('',#14,#87);
#89 = EDGE_CURVE('',#15,#51,#88,.T.);
#90 = ORIENTED_EDGE('',*,*,#89,.T.);
#91 = ORIENTED_EDGE('',*,*,#76,.T.);
#92 = DIRECTION('',(0.06687703,0.00000000,0.99776123));
#93 = VECTOR('',#92,1.0);
#94 = LINE('',#16,#93);
#95 = EDGE_CURVE('',#17,#57,#94,.T.);
#96 = ORIENTED_EDGE('',*,*,#95,.F.);
#97 = ORIENTED_EDGE('',*,*,#25,.F.);
#98 = EDGE_LOOP('',(#90,#91,#96,#97));
#99 = FACE_OUTER_BOUND('',#98,.T.);
#100 = CARTESIAN_POINT('',(-1.17891827,-3000.00000000,-17.58868455));
#101 = DIRECTION('',(-0.99776123,0.00000000,0.06687703));
#102 = DIRECTION('',(0.06687703,0.00000000,0.99776123));
#103 = AXIS2_PLACEMENT_3D('',#100,#101,#102);
#104 = PLANE('',#103);
#105 = ADVANCED_FACE('',(#99),#104,.T.);
#106 = ORIENTED_EDGE('',*,*,#35,.F.);
#107 = DIRECTION('',(0.06687703,0.00000000,0.99776123));
#108 = VECTOR('',#107,1.0);
#109 = LINE('',#18,#108);
#110 = EDGE_CURVE('',#19,#55,#109,.T.);
#111 = ORIENTED_EDGE('',*,*,#110,.T.);
#112 = ORIENTED_EDGE('',*,*,#66,.F.);
#113 = DIRECTION('',(0.06687703,0.00000000,0.99776123));
#114 = VECTOR('',#113,1.0);
#115 = LINE('',#20,#114);
#116 = EDGE_CURVE('',#21,#53,#115,.T.);
#117 = ORIENTED_EDGE('',*,*,#116,.F.);
#118 = EDGE_LOOP('',(#106,#111,#112,#117));
#119 = FACE_OUTER_BOUND('',#118,.T.);
#120 = CARTESIAN_POINT('',(308.12706165,-3000.00000000,-38.32056302));
#121 = DIRECTION('',(0.99776123,0.00000000,-0.06687703));
#122 = DIRECTION('',(0.00000000,1.00000000,0.00000000));
#123 = AXIS2_PLACEMENT_3D('',#120,#121,#122);
#124 = PLANE('',#123);
#125 = ADVANCED_FACE('',(#119),#124,.T.);
#126 = ORIENTED_EDGE('',*,*,#40,.T.);
#127 = ORIENTED_EDGE('',*,*,#116,.T.);
#128 = ORIENTED_EDGE('',*,*,#61,.F.);
#129 = ORIENTED_EDGE('',*,*,#89,.F.);
#130 = EDGE_LOOP('',(#126,#127,#128,#129));
#131 = FACE_OUTER_BOUND('',#130,.T.);
#132 = CARTESIAN_POINT('',(-1.17891827,-3000.00000000,-17.58868455));
#133 = DIRECTION('',(0.00000000,-1.00000000,0.00000000));
#134 = DIRECTION('',(0.99776123,0.00000000,-0.06687703));
#135 = AXIS2_PLACEMENT_3D('',#132,#133,#134);
#136 = PLANE('',#135);
#137 = ADVANCED_FACE('',(#131),#136,.T.);
#138 = ORIENTED_EDGE('',*,*,#95,.T.);
#139 = ORIENTED_EDGE('',*,*,#71,.F.);
#140 = ORIENTED_EDGE('',*,*,#110,.F.);
#141 = ORIENTED_EDGE('',*,*,#30,.F.);
#142 = EDGE_LOOP('',(#138,#139,#140,#141));
#143 = FACE_OUTER_BOUND('',#142,.T.);
#144 = CARTESIAN_POINT('',(-1.17891827,3000.00000000,-17.58868455));
#145 = DIRECTION('',(0.00000000,1.00000000,0.00000000));
#146 = DIRECTION('',(0.06687703,0.00000000,0.99776123));
#147 = AXIS2_PLACEMENT_3D('',#144,#145,#146);
#148 = PLANE('',#147);
#149 = ADVANCED_FACE('',(#143),#148,.T.);
#150 = CLOSED_SHELL('',(#49,#85,#105,#125,#137,#149));
#151 = MANIFOLD_SOLID_BREP('',#150);
#152 = CARTESIAN_POINT('',(915.92880366,-650.00000000,-12.32361260));
#153 = VERTEX_POINT('',#152);
#154 = CARTESIAN_POINT('',(915.92880366,650.00000000,-12.32361260));
#155 = VERTEX_POINT('',#154);
#156 = CARTESIAN_POINT('',(1162.33826186,650.00000000,-11.69641715));
#157 = VERTEX_POINT('',#156);
#158 = CARTESIAN_POINT('',(1162.33826186,-650.00000000,-11.69641715));
#159 = VERTEX_POINT('',#158);
#160 = DIRECTION('',(0.00000000,1.00000000,0.00000000));
#161 = VECTOR('',#160,1.0);
#162 = LINE('',#152,#161);
#163 = EDGE_CURVE('',#153,#155,#162,.T.);
#164 = ORIENTED_EDGE('',*,*,#163,.T.);
#165 = DIRECTION('',(0.99999676,0.00000000,0.00254533));
#166 = VECTOR('',#165,1.0);
#167 = LINE('',#154,#166);
#168 = EDGE_CURVE('',#155,#157,#167,.T.);
#169 = ORIENTED_EDGE('',*,*,#168,.T.);
#170 = DIRECTION('',(0.00000000,-1.00000000,0.00000000));
#171 = VECTOR('',#170,1.0);
#172 = LINE('',#156,#171);
#173 = EDGE_CURVE('',#157,#159,#172,.T.);
#174 = ORIENTED_EDGE('',*,*,#173,.T.);
#175 = DIRECTION('',(0.99999676,0.00000000,0.00254533));
#176 = VECTOR('',#175,1.0);
#177 = LINE('',#152,#176);
#178 = EDGE_CURVE('',#153,#159,#177,.T.);
#179 = ORIENTED_EDGE('',*,*,#178,.F.);
#180 = EDGE_LOOP('',(#164,#169,#174,#179));
#181 = FACE_OUTER_BOUND('',#180,.T.);
#182 = CARTESIAN_POINT('',(915.92880366,-650.00000000,-12.32361260));
#183 = DIRECTION('',(0.00254533,0.00000000,-0.99999676));
#184 = DIRECTION('',(0.00000000,1.00000000,0.00000000));
#185 = AXIS2_PLACEMENT_3D('',#182,#183,#184);
#186 = PLANE('',#185);
#187 = ADVANCED_FACE('',(#181),#186,.T.);
#188 = CARTESIAN_POINT('',(915.86606813,-650.00000000,12.32361260));
#189 = VERTEX_POINT('',#188);
#190 = CARTESIAN_POINT('',(1162.27552633,-650.00000000,12.95080805));
#191 = VERTEX_POINT('',#190);
#192 = CARTESIAN_POINT('',(1162.27552633,650.00000000,12.95080805));
#193 = VERTEX_POINT('',#192);
#194 = CARTESIAN_POINT('',(915.86606813,650.00000000,12.32361260));
#195 = VERTEX_POINT('',#194);
#196 = DIRECTION('',(0.99999676,0.00000000,0.00254533));
#197 = VECTOR('',#196,1.0);
#198 = LINE('',#188,#197);
#199 = EDGE_CURVE('',#189,#191,#198,.T.);
#200 = ORIENTED_EDGE('',*,*,#199,.T.);
#201 = DIRECTION('',(0.00000000,1.00000000,0.00000000));
#202 = VECTOR('',#201,1.0);
#203 = LINE('',#190,#202);
#204 = EDGE_CURVE('',#191,#193,#203,.T.);
#205 = ORIENTED_EDGE('',*,*,#204,.T.);
#206 = DIRECTION('',(-0.99999676,0.00000000,-0.00254533));
#207 = VECTOR('',#206,1.0);
#208 = LINE('',#192,#207);
#209 = EDGE_CURVE('',#193,#195,#208,.T.);
#210 = ORIENTED_EDGE('',*,*,#209,.T.);
#211 = DIRECTION('',(0.00000000,1.00000000,0.00000000));
#212 = VECTOR('',#211,1.0);
#213 = LINE('',#188,#212);
#214 = EDGE_CURVE('',#189,#195,#213,.T.);
#215 = ORIENTED_EDGE('',*,*,#214,.F.);
#216 = EDGE_LOOP('',(#200,#205,#210,#215));
#217 = FACE_OUTER_BOUND('',#216,.T.);
#218 = CARTESIAN_POINT('',(915.86606813,-650.00000000,12.32361260));
#219 = DIRECTION('',(-0.00254533,0.00000000,0.99999676));
#220 = DIRECTION('',(0.99999676,0.00000000,0.00254533));
#221 = AXIS2_PLACEMENT_3D('',#218,#219,#220);
#222 = PLANE('',#221);
#223 = ADVANCED_FACE('',(#217),#222,.T.);
#224 = DIRECTION('',(-0.00254533,0.00000000,0.99999676));
#225 = VECTOR('',#224,1.0);
#226 = LINE('',#152,#225);
#227 = EDGE_CURVE('',#153,#189,#226,.T.);
#228 = ORIENTED_EDGE('',*,*,#227,.T.);
#229 = ORIENTED_EDGE('',*,*,#214,.T.);
#230 = DIRECTION('',(-0.00254533,0.00000000,0.99999676));
#231 = VECTOR('',#230,1.0);
#232 = LINE('',#154,#231);
#233 = EDGE_CURVE('',#155,#195,#232,.T.);
#234 = ORIENTED_EDGE('',*,*,#233,.F.);
#235 = ORIENTED_EDGE('',*,*,#163,.F.);
#236 = EDGE_LOOP('',(#228,#229,#234,#235));
#237 = FACE_OUTER_BOUND('',#236,.T.);
#238 = CARTESIAN_POINT('',(915.92880366,-650.00000000,-12.32361260));
#239 = DIRECTION('',(-0.99999676,0.00000000,-0.00254533));
#240 = DIRECTION('',(-0.00254533,0.00000000,0.99999676));
#241 = AXIS2_PLACEMENT_3D('',#238,#239,#240);
#242 = PLANE('',#241);
#243 = ADVANCED_FACE('',(#237),#242,.T.);
#244 = ORIENTED_EDGE('',*,*,#173,.F.);
#245 = DIRECTION('',(-0.00254533,0.00000000,0.99999676));
#246 = VECTOR('',#245,1.0);
#247 = LINE('',#156,#246);
#248 = EDGE_CURVE('',#157,#193,#247,.T.);
#249 = ORIENTED_EDGE('',*,*,#248,.T.);
#250 = ORIENTED_EDGE('',*,*,#204,.F.);
#251 = DIRECTION('',(-0.00254533,0.00000000,0.99999676));
#252 = VECTOR('',#251,1.0);
#253 = LINE('',#158,#252);
#254 = EDGE_CURVE('',#159,#191,#253,.T.);
#255 = ORIENTED_EDGE('',*,*,#254,.F.);
#256 = EDGE_LOOP('',(#244,#249,#250,#255));
#257 = FACE_OUTER_BOUND('',#256,.T.);
#258 = CARTESIAN_POINT('',(1162.33826186,-650.00000000,-11.69641715));
#259 = DIRECTION('',(0.99999676,-0.00000000,0.00254533));
#260 = DIRECTION('',(0.00000000,1.00000000,0.00000000));
#261 = AXIS2_PLACEMENT_3D('',#258,#259,#260);
#262 = PLANE('',#261);
#263 = ADVANCED_FACE('',(#257),#262,.T.);
#264 = ORIENTED_EDGE('',*,*,#178,.T.);
#265 = ORIENTED_EDGE('',*,*,#254,.T.);
#266 = ORIENTED_EDGE('',*,*,#199,.F.);
#267 = ORIENTED_EDGE('',*,*,#227,.F.);
#268 = EDGE_LOOP('',(#264,#265,#266,#267));
#269 = FACE_OUTER_BOUND('',#268,.T.);
#270 = CARTESIAN_POINT('',(915.92880366,-650.00000000,-12.32361260));
#271 = DIRECTION('',(0.00000000,-1.00000000,0.00000000));
#272 = DIRECTION('',(0.99999676,0.00000000,0.00254533));
#273 = AXIS2_PLACEMENT_3D('',#270,#271,#272);
#274 = PLANE('',#273);
#275 = ADVANCED_FACE('',(#269),#274,.T.);
#276 = ORIENTED_EDGE('',*,*,#233,.T.);
#277 = ORIENTED_EDGE('',*,*,#209,.F.);
#278 = ORIENTED_EDGE('',*,*,#248,.F.);
#279 = ORIENTED_EDGE('',*,*,#168,.F.);
#280 = EDGE_LOOP('',(#276,#277,#278,#279));
#281 = FACE_OUTER_BOUND('',#280,.T.);
#282 = CARTESIAN_POINT('',(915.92880366,650.00000000,-12.32361260));
#283 = DIRECTION('',(0.00000000,1.00000000,-0.00000000));
#284 = DIRECTION('',(-0.00254533,0.00000000,0.99999676));
#285 = AXIS2_PLACEMENT_3D('',#282,#283,#284);
#286 = PLANE('',#285);
#287 = ADVANCED_FACE('',(#281),#286,.T.);
#288 = CLOSED_SHELL('',(#187,#223,#243,#263,#275,#287));
#289 = MANIFOLD_SOLID_BREP('',#288);
#290 = CARTESIAN_POINT('',(1201.26024659,-665.25183640,-228.71926023));
#291 = VERTEX_POINT('',#290);
#292 = CARTESIAN_POINT('',(1201.26024659,-634.74816360,-228.71926023));
#293 = VERTEX_POINT('',#292);
#294 = CARTESIAN_POINT('',(1506.21926023,-634.74816360,-228.71926023));
#295 = VERTEX_POINT('',#294);
#296 = CARTESIAN_POINT('',(1506.21926023,-665.25183640,-228.71926023));
#297 = VERTEX_POINT('',#296);
#298 = DIRECTION('',(0.00000000,1.00000000,0.00000000));
#299 = VECTOR('',#298,1.0);
#300 = LINE('',#290,#299);
#301 = EDGE_CURVE('',#291,#293,#300,.T.);
#302 = ORIENTED_EDGE('',*,*,#301,.T.);
#303 = DIRECTION('',(1.00000000,0.00000000,0.00000000));
#304 = VECTOR('',#303,1.0);
#305 = LINE('',#292,#304);
#306 = EDGE_CURVE('',#293,#295,#305,.T.);
#307 = ORIENTED_EDGE('',*,*,#306,.T.);
#308 = DIRECTION('',(0.00000000,-1.00000000,0.00000000));
#309 = VECTOR('',#308,1.0);
#310 = LINE('',#294,#309);
#311 = EDGE_CURVE('',#295,#297,#310,.T.);
#312 = ORIENTED_EDGE('',*,*,#311,.T.);
#313 = DIRECTION('',(1.00000000,0.00000000,0.00000000));
#314 = VECTOR('',#313,1.0);
#315 = LINE('',#290,#314);
#316 = EDGE_CURVE('',#291,#297,#315,.T.);
#317 = ORIENTED_EDGE('',*,*,#316,.F.);
#318 = EDGE_LOOP('',(#302,#307,#312,#317));
#319 = FACE_OUTER_BOUND('',#318,.T.);
#320 = CARTESIAN_POINT('',(1201.26024659,-665.25183640,-228.71926023));
#321 = DIRECTION('',(0.00000000,0.00000000,-1.00000000));
#322 = DIRECTION('',(0.00000000,1.00000000,0.00000000));
#323 = AXIS2_PLACEMENT_3D('',#320,#321,#322);
#324 = PLANE('',#323);
#325 = ADVANCED_FACE('',(#319),#324,.T.);
#326 = CARTESIAN_POINT('',(1201.26024659,-665.25183640,228.71926023));
#327 = VERTEX_POINT('',#326);
#328 = CARTESIAN_POINT('',(1506.21926023,-665.25183640,228.71926023));
#329 = VERTEX_POINT('',#328);
#330 = CARTESIAN_POINT('',(1506.21926023,-634.74816360,228.71926023));
#331 = VERTEX_POINT('',#330);
#332 = CARTESIAN_POINT('',(1201.26024659,-634.74816360,228.71926023));
#333 = VERTEX_POINT('',#332);
#334 = DIRECTION('',(1.00000000,0.00000000,0.00000000));
#335 = VECTOR('',#334,1.0);
#336 = LINE('',#326,#335);
#337 = EDGE_CURVE('',#327,#329,#336,.T.);
#338 = ORIENTED_EDGE('',*,*,#337,.T.);
#339 = DIRECTION('',(0.00000000,1.00000000,0.00000000));
#340 = VECTOR('',#339,1.0);
#341 = LINE('',#328,#340);
#342 = EDGE_CURVE('',#329,#331,#341,.T.);
#343 = ORIENTED_EDGE('',*,*,#342,.T.);
#344 = DIRECTION('',(-1.00000000,0.00000000,0.00000000));
#345 = VECTOR('',#344,1.0);
#346 = LINE('',#330,#345);
#347 = EDGE_CURVE('',#331,#333,#346,.T.);
#348 = ORIENTED_EDGE('',*,*,#347,.T.);
#349 = DIRECTION('',(0.00000000,1.00000000,0.00000000));
#350 = VECTOR('',#349,1.0);
#351 = LINE('',#326,#350);
#352 = EDGE_CURVE('',#327,#333,#351,.T.);
#353 = ORIENTED_EDGE('',*,*,#352,.F.);
#354 = EDGE_LOOP('',(#338,#343,#348,#353));
#355 = FACE_OUTER_BOUND('',#354,.T.);
#356 = CARTESIAN_POINT('',(1201.26024659,-665.25183640,228.71926023));
#357 = DIRECTION('',(0.00000000,0.00000000,1.00000000));
#358 = DIRECTION('',(1.00000000,0.00000000,0.00000000));
#359 = AXIS2_PLACEMENT_3D('',#356,#357,#358);
#360 = PLANE('',#359);
#361 = ADVANCED_FACE('',(#355),#360,.T.);
#362 = DIRECTION('',(0.00000000,0.00000000,1.00000000));
#363 = VECTOR('',#362,1.0);
#364 = LINE('',#290,#363);
#365 = EDGE_CURVE('',#291,#327,#364,.T.);
#366 = ORIENTED_EDGE('',*,*,#365,.T.);
#367 = ORIENTED_EDGE('',*,*,#352,.T.);
#368 = DIRECTION('',(0.00000000,0.00000000,1.00000000));
#369 = VECTOR('',#368,1.0);
#370 = LINE('',#292,#369);
#371 = EDGE_CURVE('',#293,#333,#370,.T.);
#372 = ORIENTED_EDGE('',*,*,#371,.F.);
#373 = ORIENTED_EDGE('',*,*,#301,.F.);
#374 = EDGE_LOOP('',(#366,#367,#372,#373));
#375 = FACE_OUTER_BOUND('',#374,.T.);
#376 = CARTESIAN_POINT('',(1201.26024659,-665.25183640,-228.71926023));
#377 = DIRECTION('',(-1.00000000,0.00000000,0.00000000));
#378 = DIRECTION('',(0.00000000,0.00000000,1.00000000));
#379 = AXIS2_PLACEMENT_3D('',#376,#377,#378);
#380 = PLANE('',#379);
#381 = ADVANCED_FACE('',(#375),#380,.T.);
#382 = ORIENTED_EDGE('',*,*,#311,.F.);
#383 = DIRECTION('',(0.00000000,0.00000000,1.00000000));
#384 = VECTOR('',#383,1.0);
#385 = LINE('',#294,#384);
#386 = EDGE_CURVE('',#295,#331,#385,.T.);
#387 = ORIENTED_EDGE('',*,*,#386,.T.);
#388 = ORIENTED_EDGE('',*,*,#342,.F.);
#389 = DIRECTION('',(0.00000000,0.00000000,1.00000000));
#390 = VECTOR('',#389,1.0);
#391 = LINE('',#296,#390);
#392 = EDGE_CURVE('',#297,#329,#391,.T.);
#393 = ORIENTED_EDGE('',*,*,#392,.F.);
#394 = EDGE_LOOP('',(#382,#387,#388,#393));
#395 = FACE_OUTER_BOUND('',#394,.T.);
#396 = CARTESIAN_POINT('',(1506.21926023,-665.25183640,-228.71926023));
#397 = DIRECTION('',(1.00000000,0.00000000,0.00000000));
#398 = DIRECTION('',(0.00000000,1.00000000,0.00000000));
#399 = AXIS2_PLACEMENT_3D('',#396,#397,#398);
#400 = PLANE('',#399);
#401 = ADVANCED_FACE('',(#395),#400,.T.);
#402 = ORIENTED_EDGE('',*,*,#316,.T.);
#403 = ORIENTED_EDGE('',*,*,#392,.T.);
#404 = ORIENTED_EDGE('',*,*,#337,.F.);
#405 = ORIENTED_EDGE('',*,*,#365,.F.);
#406 = EDGE_LOOP('',(#402,#403,#404,#405));
#407 = FACE_OUTER_BOUND('',#406,.T.);
#408 = CARTESIAN_POINT('',(1201.26024659,-665.25183640,-228.71926023));
#409 = DIRECTION('',(0.00000000,-1.00000000,0.00000000));
#410 = DIRECTION('',(1.00000000,0.00000000,0.00000000));
#411 = AXIS2_PLACEMENT_3D('',#408,#409,#410);
#412 = PLANE('',#411);
#413 = ADVANCED_FACE('',(#407),#412,.T.);
#414 = ORIENTED_EDGE('',*,*,#371,.T.);
#415 = ORIENTED_EDGE('',*,*,#347,.F.);
#416 = ORIENTED_EDGE('',*,*,#386,.F.);
#417 = ORIENTED_EDGE('',*,*,#306,.F.);
#418 = EDGE_LOOP('',(#414,#415,#416,#417));
#419 = FACE_OUTER_BOUND('',#418,.T.);
#420 = CARTESIAN_POINT('',(1201.26024659,-634.74816360,-228.71926023));
#421 = DIRECTION('',(0.00000000,1.00000000,0.00000000));
#422 = DIRECTION('',(0.00000000,0.00000000,1.00000000));
#423 = AXIS2_PLACEMENT_3D('',#420,#421,#422);
#424 = PLANE('',#423);
#425 = ADVANCED_FACE('',(#419),#424,.T.);
#426 = CLOSED_SHELL('',(#325,#361,#381,#401,#413,#425));
#427 = MANIFOLD_SOLID_BREP('',#426);
#428 = CARTESIAN_POINT('',(1201.26024659,634.74816360,-228.71926023));
#429 = VERTEX_POINT('',#428);
#430 = CARTESIAN_POINT('',(1201.26024659,665.25183640,-228.71926023));
#431 = VERTEX_POINT('',#430);
#432 = CARTESIAN_POINT('',(1506.21926023,665.25183640,-228.71926023));
#433 = VERTEX_POINT('',#432);
#434 = CARTESIAN_POINT('',(1506.21926023,634.74816360,-228.71926023));
#435 = VERTEX_POINT('',#434);
#436 = DIRECTION('',(0.00000000,1.00000000,0.00000000));
#437 = VECTOR('',#436,1.0);
#438 = LINE('',#428,#437);
#439 = EDGE_CURVE('',#429,#431,#438,.T.);
#440 = ORIENTED_EDGE('',*,*,#439,.T.);
#441 = DIRECTION('',(1.00000000,0.00000000,0.00000000));
#442 = VECTOR('',#441,1.0);
#443 = LINE('',#430,#442);
#444 = EDGE_CURVE('',#431,#433,#443,.T.);
#445 = ORIENTED_EDGE('',*,*,#444,.T.);
#446 = DIRECTION('',(0.00000000,-1.00000000,0.00000000));
#447 = VECTOR('',#446,1.0);
#448 = LINE('',#432,#447);
#449 = EDGE_CURVE('',#433,#435,#448,.T.);
#450 = ORIENTED_EDGE('',*,*,#449,.T.);
#451 = DIRECTION('',(1.00000000,0.00000000,0.00000000));
#452 = VECTOR('',#451,1.0);
#453 = LINE('',#428,#452);
#454 = EDGE_CURVE('',#429,#435,#453,.T.);
#455 = ORIENTED_EDGE('',*,*,#454,.F.);
#456 = EDGE_LOOP('',(#440,#445,#450,#455));
#457 = FACE_OUTER_BOUND('',#456,.T.);
#458 = CARTESIAN_POINT('',(1201.26024659,634.74816360,-228.71926023));
#459 = DIRECTION('',(0.00000000,0.00000000,-1.00000000));
#460 = DIRECTION('',(0.00000000,1.00000000,0.00000000));
#461 = AXIS2_PLACEMENT_3D('',#458,#459,#460);
#462 = PLANE('',#461);
#463 = ADVANCED_FACE('',(#457),#462,.T.);
#464 = CARTESIAN_POINT('',(1201.26024659,634.74816360,228.71926023));
#465 = VERTEX_POINT('',#464);
#466 = CARTESIAN_POINT('',(1506.21926023,634.74816360,228.71926023));
#467 = VERTEX_POINT('',#466);
#468 = CARTESIAN_POINT('',(1506.21926023,665.25183640,228.71926023));
#469 = VERTEX_POINT('',#468);
#470 = CARTESIAN_POINT('',(1201.26024659,665.25183640,228.71926023));
#471 = VERTEX_POINT('',#470);
#472 = DIRECTION('',(1.00000000,0.00000000,0.00000000));
#473 = VECTOR('',#472,1.0);
#474 = LINE('',#464,#473);
#475 = EDGE_CURVE('',#465,#467,#474,.T.);
#476 = ORIENTED_EDGE('',*,*,#475,.T.);
#477 = DIRECTION('',(0.00000000,1.00000000,0.00000000));
#478 = VECTOR('',#477,1.0);
#479 = LINE('',#466,#478);
#480 = EDGE_CURVE('',#467,#469,#479,.T.);
#481 = ORIENTED_EDGE('',*,*,#480,.T.);
#482 = DIRECTION('',(-1.00000000,0.00000000,0.00000000));
#483 = VECTOR('',#482,1.0);
#484 = LINE('',#468,#483);
#485 = EDGE_CURVE('',#469,#471,#484,.T.);
#486 = ORIENTED_EDGE('',*,*,#485,.T.);
#487 = DIRECTION('',(0.00000000,1.00000000,0.00000000));
#488 = VECTOR('',#487,1.0);
#489 = LINE('',#464,#488);
#490 = EDGE_CURVE('',#465,#471,#489,.T.);
#491 = ORIENTED_EDGE('',*,*,#490,.F.);
#492 = EDGE_LOOP('',(#476,#481,#486,#491));
#493 = FACE_OUTER_BOUND('',#492,.T.);
#494 = CARTESIAN_POINT('',(1201.26024659,634.74816360,228.71926023));
#495 = DIRECTION('',(0.00000000,0.00000000,1.00000000));
#496 = DIRECTION('',(1.00000000,0.00000000,0.00000000));
#497 = AXIS2_PLACEMENT_3D('',#494,#495,#496);
#498 = PLANE('',#497);
#499 = ADVANCED_FACE('',(#493),#498,.T.);
#500 = DIRECTION('',(0.00000000,0.00000000,1.00000000));
#501 = VECTOR('',#500,1.0);
#502 = LINE('',#428,#501);
#503 = EDGE_CURVE('',#429,#465,#502,.T.);
#504 = ORIENTED_EDGE('',*,*,#503,.T.);
#505 = ORIENTED_EDGE('',*,*,#490,.T.);
#506 = DIRECTION('',(0.00000000,0.00000000,1.00000000));
#507 = VECTOR('',#506,1.0);
#508 = LINE('',#430,#507);
#509 = EDGE_CURVE('',#431,#471,#508,.T.);
#510 = ORIENTED_EDGE('',*,*,#509,.F.);
#511 = ORIENTED_EDGE('',*,*,#439,.F.);
#512 = EDGE_LOOP('',(#504,#505,#510,#511));
#513 = FACE_OUTER_BOUND('',#512,.T.);
#514 = CARTESIAN_POINT('',(1201.26024659,634.74816360,-228.71926023));
#515 = DIRECTION('',(-1.00000000,0.00000000,0.00000000));
#516 = DIRECTION('',(0.00000000,0.00000000,1.00000000));
#517 = AXIS2_PLACEMENT_3D('',#514,#515,#516);
#518 = PLANE('',#517);
#519 = ADVANCED_FACE('',(#513),#518,.T.);
#520 = ORIENTED_EDGE('',*,*,#449,.F.);
#521 = DIRECTION('',(0.00000000,0.00000000,1.00000000));
#522 = VECTOR('',#521,1.0);
#523 = LINE('',#432,#522);
#524 = EDGE_CURVE('',#433,#469,#523,.T.);
#525 = ORIENTED_EDGE('',*,*,#524,.T.);
#526 = ORIENTED_EDGE('',*,*,#480,.F.);
#527 = DIRECTION('',(0.00000000,0.00000000,1.00000000));
#528 = VECTOR('',#527,1.0);
#529 = LINE('',#434,#528);
#530 = EDGE_CURVE('',#435,#467,#529,.T.);
#531 = ORIENTED_EDGE('',*,*,#530,.F.);
#532 = EDGE_LOOP('',(#520,#525,#526,#531));
#533 = FACE_OUTER_BOUND('',#532,.T.);
#534 = CARTESIAN_POINT('',(1506.21926023,634.74816360,-228.71926023));
#535 = DIRECTION('',(1.00000000,0.00000000,0.00000000));
#536 = DIRECTION('',(0.00000000,1.00000000,0.00000000));
#537 = AXIS2_PLACEMENT_3D('',#534,#535,#536);
#538 = PLANE('',#537);
#539 = ADVANCED_FACE('',(#533),#538,.T.);
#540 = ORIENTED_EDGE('',*,*,#454,.T.);
#541 = ORIENTED_EDGE('',*,*,#530,.T.);
#542 = ORIENTED_EDGE('',*,*,#475,.F.);
#543 = ORIENTED_EDGE('',*,*,#503,.F.);
#544 = EDGE_LOOP('',(#540,#541,#542,#543));
#545 = FACE_OUTER_BOUND('',#544,.T.);
#546 = CARTESIAN_POINT('',(1201.26024659,634.74816360,-228.71926023));
#547 = DIRECTION('',(0.00000000,-1.00000000,0.00000000));
#548 = DIRECTION('',(1.00000000,0.00000000,0.00000000));
#549 = AXIS2_PLACEMENT_3D('',#546,#547,#548);
#550 = PLANE('',#549);
#551 = ADVANCED_FACE('',(#545),#550,.T.);
#552 = ORIENTED_EDGE('',*,*,#509,.T.);
#553 = ORIENTED_EDGE('',*,*,#485,.F.);
#554 = ORIENTED_EDGE('',*,*,#524,.F.);
#555 = ORIENTED_EDGE('',*,*,#444,.F.);
#556 = EDGE_LOOP('',(#552,#553,#554,#555));
#557 = FACE_OUTER_BOUND('',#556,.T.);
#558 = CARTESIAN_POINT('',(1201.26024659,665.25183640,-228.71926023));
#559 = DIRECTION('',(0.00000000,1.00000000,0.00000000));
#560 = DIRECTION('',(0.00000000,0.00000000,1.00000000));
#561 = AXIS2_PLACEMENT_3D('',#558,#559,#560);
#562 = PLANE('',#561);
#563 = ADVANCED_FACE('',(#557),#562,.T.);
#564 = CLOSED_SHELL('',(#463,#499,#519,#539,#551,#563));
#565 = MANIFOLD_SOLID_BREP('',#564);
#566 = CARTESIAN_POINT('',(77.50000000,-638.26672994,4.86007959));
#567 = VERTEX_POINT('',#566);
#568 = CARTESIAN_POINT('',(1506.21926023,-638.26672994,4.86007959));
#569 = VERTEX_POINT('',#568);
#570 = CARTESIAN_POINT('',(1506.21926023,-637.30000000,0.00000000));
#571 = VERTEX_POINT('',#570);
#572 = CARTESIAN_POINT('',(77.50000000,-637.30000000,0.00000000));
#573 = VERTEX_POINT('',#572);
#574 = DIRECTION('',(1.00000000,0.00000000,0.00000000));
#575 = VECTOR('',#574,1.0);
#576 = LINE('',#566,#575);
#577 = EDGE_CURVE('',#567,#569,#576,.T.);
#578 = ORIENTED_EDGE('',*,*,#577,.T.);
#579 = DIRECTION('',(0.00000000,0.19509032,-0.98078528));
#580 = VECTOR('',#579,1.0);
#581 = LINE('',#568,#580);
#582 = EDGE_CURVE('',#569,#571,#581,.T.);
#583 = ORIENTED_EDGE('',*,*,#582,.T.);
#584 = DIRECTION('',(-1.00000000,0.00000000,0.00000000));
#585 = VECTOR('',#584,1.0);
#586 = LINE('',#570,#585);
#587 = EDGE_CURVE('',#571,#573,#586,.T.);
#588 = ORIENTED_EDGE('',*,*,#587,.T.);
#589 = DIRECTION('',(0.00000000,0.19509032,-0.98078528));
#590 = VECTOR('',#589,1.0);
#591 = LINE('',#566,#590);
#592 = EDGE_CURVE('',#567,#573,#591,.T.);
#593 = ORIENTED_EDGE('',*,*,#592,.F.);
#594 = EDGE_LOOP('',(#578,#583,#588,#593));
#595 = FACE_OUTER_BOUND('',#594,.T.);
#596 = CARTESIAN_POINT('',(77.50000000,-638.26672994,4.86007959));
#597 = DIRECTION('',(-0.00000000,0.98078528,0.19509032));
#598 = DIRECTION('',(1.00000000,0.00000000,0.00000000));
#599 = AXIS2_PLACEMENT_3D('',#596,#597,#598);
#600 = PLANE('',#599);
#601 = ADVANCED_FACE('',(#595),#600,.T.);
#602 = CARTESIAN_POINT('',(77.50000000,-641.01974388,8.98025612));
#603 = VERTEX_POINT('',#602);
#604 = CARTESIAN_POINT('',(1506.21926023,-641.01974388,8.98025612));
#605 = VERTEX_POINT('',#604);
#606 = DIRECTION('',(1.00000000,0.00000000,0.00000000));
#607 = VECTOR('',#606,1.0);
#608 = LINE('',#602,#607);
#609 = EDGE_CURVE('',#603,#605,#608,.T.);
#610 = ORIENTED_EDGE('',*,*,#609,.T.);
#611 = DIRECTION('',(0.00000000,-0.55557023,0.83146961));
#612 = VECTOR('',#611,1.0);
#613 = LINE('',#568,#612);
#614 = EDGE_CURVE('',#569,#605,#613,.T.);
#615 = ORIENTED_EDGE('',*,*,#614,.F.);
#616 = ORIENTED_EDGE('',*,*,#577,.F.);
#617 = DIRECTION('',(0.00000000,-0.55557023,0.83146961));
#618 = VECTOR('',#617,1.0);
#619 = LINE('',#566,#618);
#620 = EDGE_CURVE('',#567,#603,#619,.T.);
#621 = ORIENTED_EDGE('',*,*,#620,.T.);
#622 = EDGE_LOOP('',(#610,#615,#616,#621));
#623 = FACE_OUTER_BOUND('',#622,.T.);
#624 = CARTESIAN_POINT('',(77.50000000,-641.01974388,8.98025612));
#625 = DIRECTION('',(-0.00000000,0.83146961,0.55557023));
#626 = DIRECTION('',(1.00000000,0.00000000,0.00000000));
#627 = AXIS2_PLACEMENT_3D('',#624,#625,#626);
#628 = PLANE('',#627);
#629 = ADVANCED_FACE('',(#623),#628,.T.);
#630 = CARTESIAN_POINT('',(77.50000000,-645.13992041,11.73327006));
#631 = VERTEX_POINT('',#630);
#632 = CARTESIAN_POINT('',(1506.21926023,-645.13992041,11.73327006));
#633 = VERTEX_POINT('',#632);
#634 = DIRECTION('',(1.00000000,0.00000000,0.00000000));
#635 = VECTOR('',#634,1.0);
#636 = LINE('',#630,#635);
#637 = EDGE_CURVE('',#631,#633,#636,.T.);
#638 = ORIENTED_EDGE('',*,*,#637,.T.);
#639 = DIRECTION('',(0.00000000,-0.83146961,0.55557023));
#640 = VECTOR('',#639,1.0);
#641 = LINE('',#604,#640);
#642 = EDGE_CURVE('',#605,#633,#641,.T.);
#643 = ORIENTED_EDGE('',*,*,#642,.F.);
#644 = ORIENTED_EDGE('',*,*,#609,.F.);
#645 = DIRECTION('',(0.00000000,-0.83146961,0.55557023));
#646 = VECTOR('',#645,1.0);
#647 = LINE('',#602,#646);
#648 = EDGE_CURVE('',#603,#631,#647,.T.);
#649 = ORIENTED_EDGE('',*,*,#648,.T.);
#650 = EDGE_LOOP('',(#638,#643,#644,#649));
#651 = FACE_OUTER_BOUND('',#650,.T.);
#652 = CARTESIAN_POINT('',(77.50000000,-645.13992041,11.73327006));
#653 = DIRECTION('',(-0.00000000,0.55557023,0.83146961));
#654 = DIRECTION('',(1.00000000,0.00000000,0.00000000));
#655 = AXIS2_PLACEMENT_3D('',#652,#653,#654);
#656 = PLANE('',#655);
#657 = ADVANCED_FACE('',(#651),#656,.T.);
#658 = CARTESIAN_POINT('',(77.50000000,-650.00000000,12.70000000));
#659 = VERTEX_POINT('',#658);
#660 = CARTESIAN_POINT('',(1506.21926023,-650.00000000,12.70000000));
#661 = VERTEX_POINT('',#660);
#662 = DIRECTION('',(1.00000000,0.00000000,0.00000000));
#663 = VECTOR('',#662,1.0);
#664 = LINE('',#658,#663);
#665 = EDGE_CURVE('',#659,#661,#664,.T.);
#666 = ORIENTED_EDGE('',*,*,#665,.T.);
#667 = DIRECTION('',(0.00000000,-0.98078528,0.19509032));
#668 = VECTOR('',#667,1.0);
#669 = LINE('',#632,#668);
#670 = EDGE_CURVE('',#633,#661,#669,.T.);
#671 = ORIENTED_EDGE('',*,*,#670,.F.);
#672 = ORIENTED_EDGE('',*,*,#637,.F.);
#673 = DIRECTION('',(0.00000000,-0.98078528,0.19509032));
#674 = VECTOR('',#673,1.0);
#675 = LINE('',#630,#674);
#676 = EDGE_CURVE('',#631,#659,#675,.T.);
#677 = ORIENTED_EDGE('',*,*,#676,.T.);
#678 = EDGE_LOOP('',(#666,#671,#672,#677));
#679 = FACE_OUTER_BOUND('',#678,.T.);
#680 = CARTESIAN_POINT('',(77.50000000,-650.00000000,12.70000000));
#681 = DIRECTION('',(-0.00000000,0.19509032,0.98078528));
#682 = DIRECTION('',(1.00000000,0.00000000,0.00000000));
#683 = AXIS2_PLACEMENT_3D('',#680,#681,#682);
#684 = PLANE('',#683);
#685 = ADVANCED_FACE('',(#679),#684,.T.);
#686 = CARTESIAN_POINT('',(77.50000000,-654.86007959,11.73327006));
#687 = VERTEX_POINT('',#686);
#688 = CARTESIAN_POINT('',(1506.21926023,-654.86007959,11.73327006));
#689 = VERTEX_POINT('',#688);
#690 = DIRECTION('',(1.00000000,0.00000000,0.00000000));
#691 = VECTOR('',#690,1.0);
#692 = LINE('',#686,#691);
#693 = EDGE_CURVE('',#687,#689,#692,.T.);
#694 = ORIENTED_EDGE('',*,*,#693,.T.);
#695 = DIRECTION('',(0.00000000,-0.98078528,-0.19509032));
#696 = VECTOR('',#695,1.0);
#697 = LINE('',#660,#696);
#698 = EDGE_CURVE('',#661,#689,#697,.T.);
#699 = ORIENTED_EDGE('',*,*,#698,.F.);
#700 = ORIENTED_EDGE('',*,*,#665,.F.);
#701 = DIRECTION('',(0.00000000,-0.98078528,-0.19509032));
#702 = VECTOR('',#701,1.0);
#703 = LINE('',#658,#702);
#704 = EDGE_CURVE('',#659,#687,#703,.T.);
#705 = ORIENTED_EDGE('',*,*,#704,.T.);
#706 = EDGE_LOOP('',(#694,#699,#700,#705));
#707 = FACE_OUTER_BOUND('',#706,.T.);
#708 = CARTESIAN_POINT('',(77.50000000,-654.86007959,11.73327006));
#709 = DIRECTION('',(0.00000000,-0.19509032,0.98078528));
#710 = DIRECTION('',(1.00000000,0.00000000,0.00000000));
#711 = AXIS2_PLACEMENT_3D('',#708,#709,#710);
#712 = PLANE('',#711);
#713 = ADVANCED_FACE('',(#707),#712,.T.);
#714 = CARTESIAN_POINT('',(77.50000000,-658.98025612,8.98025612));
#715 = VERTEX_POINT('',#714);
#716 = CARTESIAN_POINT('',(1506.21926023,-658.98025612,8.98025612));
#717 = VERTEX_POINT('',#716);
#718 = DIRECTION('',(1.00000000,0.00000000,0.00000000));
#719 = VECTOR('',#718,1.0);
#720 = LINE('',#714,#719);
#721 = EDGE_CURVE('',#715,#717,#720,.T.);
#722 = ORIENTED_EDGE('',*,*,#721,.T.);
#723 = DIRECTION('',(0.00000000,-0.83146961,-0.55557023));
#724 = VECTOR('',#723,1.0);
#725 = LINE('',#688,#724);
#726 = EDGE_CURVE('',#689,#717,#725,.T.);
#727 = ORIENTED_EDGE('',*,*,#726,.F.);
#728 = ORIENTED_EDGE('',*,*,#693,.F.);
#729 = DIRECTION('',(0.00000000,-0.83146961,-0.55557023));
#730 = VECTOR('',#729,1.0);
#731 = LINE('',#686,#730);
#732 = EDGE_CURVE('',#687,#715,#731,.T.);
#733 = ORIENTED_EDGE('',*,*,#732,.T.);
#734 = EDGE_LOOP('',(#722,#727,#728,#733));
#735 = FACE_OUTER_BOUND('',#734,.T.);
#736 = CARTESIAN_POINT('',(77.50000000,-658.98025612,8.98025612));
#737 = DIRECTION('',(0.00000000,-0.55557023,0.83146961));
#738 = DIRECTION('',(1.00000000,0.00000000,0.00000000));
#739 = AXIS2_PLACEMENT_3D('',#736,#737,#738);
#740 = PLANE('',#739);
#741 = ADVANCED_FACE('',(#735),#740,.T.);
#742 = CARTESIAN_POINT('',(77.50000000,-661.73327006,4.86007959));
#743 = VERTEX_POINT('',#742);
#744 = CARTESIAN_POINT('',(1506.21926023,-661.73327006,4.86007959));
#745 = VERTEX_POINT('',#744);
#746 = DIRECTION('',(1.00000000,0.00000000,0.00000000));
#747 = VECTOR('',#746,1.0);
#748 = LINE('',#742,#747);
#749 = EDGE_CURVE('',#743,#745,#748,.T.);
#750 = ORIENTED_EDGE('',*,*,#749,.T.);
#751 = DIRECTION('',(0.00000000,-0.55557023,-0.83146961));
#752 = VECTOR('',#751,1.0);
#753 = LINE('',#716,#752);
#754 = EDGE_CURVE('',#717,#745,#753,.T.);
#755 = ORIENTED_EDGE('',*,*,#754,.F.);
#756 = ORIENTED_EDGE('',*,*,#721,.F.);
#757 = DIRECTION('',(0.00000000,-0.55557023,-0.83146961));
#758 = VECTOR('',#757,1.0);
#759 = LINE('',#714,#758);
#760 = EDGE_CURVE('',#715,#743,#759,.T.);
#761 = ORIENTED_EDGE('',*,*,#760,.T.);
#762 = EDGE_LOOP('',(#750,#755,#756,#761));
#763 = FACE_OUTER_BOUND('',#762,.T.);
#764 = CARTESIAN_POINT('',(77.50000000,-661.73327006,4.86007959));
#765 = DIRECTION('',(0.00000000,-0.83146961,0.55557023));
#766 = DIRECTION('',(1.00000000,0.00000000,0.00000000));
#767 = AXIS2_PLACEMENT_3D('',#764,#765,#766);
#768 = PLANE('',#767);
#769 = ADVANCED_FACE('',(#763),#768,.T.);
#770 = CARTESIAN_POINT('',(77.50000000,-662.70000000,0.00000000));
#771 = VERTEX_POINT('',#770);
#772 = CARTESIAN_POINT('',(1506.21926023,-662.70000000,0.00000000));
#773 = VERTEX_POINT('',#772);
#774 = DIRECTION('',(1.00000000,0.00000000,0.00000000));
#775 = VECTOR('',#774,1.0);
#776 = LINE('',#770,#775);
#777 = EDGE_CURVE('',#771,#773,#776,.T.);
#778 = ORIENTED_EDGE('',*,*,#777,.T.);
#779 = DIRECTION('',(0.00000000,-0.19509032,-0.98078528));
#780 = VECTOR('',#779,1.0);
#781 = LINE('',#744,#780);
#782 = EDGE_CURVE('',#745,#773,#781,.T.);
#783 = ORIENTED_EDGE('',*,*,#782,.F.);
#784 = ORIENTED_EDGE('',*,*,#749,.F.);
#785 = DIRECTION('',(0.00000000,-0.19509032,-0.98078528));
#786 = VECTOR('',#785,1.0);
#787 = LINE('',#742,#786);
#788 = EDGE_CURVE('',#743,#771,#787,.T.);
#789 = ORIENTED_EDGE('',*,*,#788,.T.);
#790 = EDGE_LOOP('',(#778,#783,#784,#789));
#791 = FACE_OUTER_BOUND('',#790,.T.);
#792 = CARTESIAN_POINT('',(77.50000000,-662.70000000,0.00000000));
#793 = DIRECTION('',(0.00000000,-0.98078528,0.19509032));
#794 = DIRECTION('',(1.00000000,0.00000000,0.00000000));
#795 = AXIS2_PLACEMENT_3D('',#792,#793,#794);
#796 = PLANE('',#795);
#797 = ADVANCED_FACE('',(#791),#796,.T.);
#798 = CARTESIAN_POINT('',(77.50000000,-661.73327006,-4.86007959));
#799 = VERTEX_POINT('',#798);
#800 = CARTESIAN_POINT('',(1506.21926023,-661.73327006,-4.86007959));
#801 = VERTEX_POINT('',#800);
#802 = DIRECTION('',(1.00000000,0.00000000,0.00000000));
#803 = VECTOR('',#802,1.0);
#804 = LINE('',#798,#803);
#805 = EDGE_CURVE('',#799,#801,#804,.T.);
#806 = ORIENTED_EDGE('',*,*,#805,.T.);
#807 = DIRECTION('',(0.00000000,0.19509032,-0.98078528));
#808 = VECTOR('',#807,1.0);
#809 = LINE('',#772,#808);
#810 = EDGE_CURVE('',#773,#801,#809,.T.);
#811 = ORIENTED_EDGE('',*,*,#810,.F.);
#812 = ORIENTED_EDGE('',*,*,#777,.F.);
#813 = DIRECTION('',(0.00000000,0.19509032,-0.98078528));
#814 = VECTOR('',#813,1.0);
#815 = LINE('',#770,#814);
#816 = EDGE_CURVE('',#771,#799,#815,.T.);
#817 = ORIENTED_EDGE('',*,*,#816,.T.);
#818 = EDGE_LOOP('',(#806,#811,#812,#817));
#819 = FACE_OUTER_BOUND('',#818,.T.);
#820 = CARTESIAN_POINT('',(77.50000000,-661.73327006,-4.86007959));
#821 = DIRECTION('',(0.00000000,-0.98078528,-0.19509032));
#822 = DIRECTION('',(1.00000000,0.00000000,0.00000000));
#823 = AXIS2_PLACEMENT_3D('',#820,#821,#822);
#824 = PLANE('',#823);
#825 = ADVANCED_FACE('',(#819),#824,.T.);
#826 = CARTESIAN_POINT('',(77.50000000,-658.98025612,-8.98025612));
#827 = VERTEX_POINT('',#826);
#828 = CARTESIAN_POINT('',(1506.21926023,-658.98025612,-8.98025612));
#829 = VERTEX_POINT('',#828);
#830 = DIRECTION('',(1.00000000,0.00000000,0.00000000));
#831 = VECTOR('',#830,1.0);
#832 = LINE('',#826,#831);
#833 = EDGE_CURVE('',#827,#829,#832,.T.);
#834 = ORIENTED_EDGE('',*,*,#833,.T.);
#835 = DIRECTION('',(0.00000000,0.55557023,-0.83146961));
#836 = VECTOR('',#835,1.0);
#837 = LINE('',#800,#836);
#838 = EDGE_CURVE('',#801,#829,#837,.T.);
#839 = ORIENTED_EDGE('',*,*,#838,.F.);
#840 = ORIENTED_EDGE('',*,*,#805,.F.);
#841 = DIRECTION('',(0.00000000,0.55557023,-0.83146961));
#842 = VECTOR('',#841,1.0);
#843 = LINE('',#798,#842);
#844 = EDGE_CURVE('',#799,#827,#843,.T.);
#845 = ORIENTED_EDGE('',*,*,#844,.T.);
#846 = EDGE_LOOP('',(#834,#839,#840,#845));
#847 = FACE_OUTER_BOUND('',#846,.T.);
#848 = CARTESIAN_POINT('',(77.50000000,-658.98025612,-8.98025612));
#849 = DIRECTION('',(0.00000000,-0.83146961,-0.55557023));
#850 = DIRECTION('',(1.00000000,0.00000000,0.00000000));
#851 = AXIS2_PLACEMENT_3D('',#848,#849,#850);
#852 = PLANE('',#851);
#853 = ADVANCED_FACE('',(#847),#852,.T.);
#854 = CARTESIAN_POINT('',(77.50000000,-654.86007959,-11.73327006));
#855 = VERTEX_POINT('',#854);
#856 = CARTESIAN_POINT('',(1506.21926023,-654.86007959,-11.73327006));
#857 = VERTEX_POINT('',#856);
#858 = DIRECTION('',(1.00000000,0.00000000,0.00000000));
#859 = VECTOR('',#858,1.0);
#860 = LINE('',#854,#859);
#861 = EDGE_CURVE('',#855,#857,#860,.T.);
#862 = ORIENTED_EDGE('',*,*,#861,.T.);
#863 = DIRECTION('',(0.00000000,0.83146961,-0.55557023));
#864 = VECTOR('',#863,1.0);
#865 = LINE('',#828,#864);
#866 = EDGE_CURVE('',#829,#857,#865,.T.);
#867 = ORIENTED_EDGE('',*,*,#866,.F.);
#868 = ORIENTED_EDGE('',*,*,#833,.F.);
#869 = DIRECTION('',(0.00000000,0.83146961,-0.55557023));
#870 = VECTOR('',#869,1.0);
#871 = LINE('',#826,#870);
#872 = EDGE_CURVE('',#827,#855,#871,.T.);
#873 = ORIENTED_EDGE('',*,*,#872,.T.);
#874 = EDGE_LOOP('',(#862,#867,#868,#873));
#875 = FACE_OUTER_BOUND('',#874,.T.);
#876 = CARTESIAN_POINT('',(77.50000000,-654.86007959,-11.73327006));
#877 = DIRECTION('',(0.00000000,-0.55557023,-0.83146961));
#878 = DIRECTION('',(1.00000000,0.00000000,0.00000000));
#879 = AXIS2_PLACEMENT_3D('',#876,#877,#878);
#880 = PLANE('',#879);
#881 = ADVANCED_FACE('',(#875),#880,.T.);
#882 = CARTESIAN_POINT('',(77.50000000,-650.00000000,-12.70000000));
#883 = VERTEX_POINT('',#882);
#884 = CARTESIAN_POINT('',(1506.21926023,-650.00000000,-12.70000000));
#885 = VERTEX_POINT('',#884);
#886 = DIRECTION('',(1.00000000,0.00000000,0.00000000));
#887 = VECTOR('',#886,1.0);
#888 = LINE('',#882,#887);
#889 = EDGE_CURVE('',#883,#885,#888,.T.);
#890 = ORIENTED_EDGE('',*,*,#889,.T.);
#891 = DIRECTION('',(0.00000000,0.98078528,-0.19509032));
#892 = VECTOR('',#891,1.0);
#893 = LINE('',#856,#892);
#894 = EDGE_CURVE('',#857,#885,#893,.T.);
#895 = ORIENTED_EDGE('',*,*,#894,.F.);
#896 = ORIENTED_EDGE('',*,*,#861,.F.);
#897 = DIRECTION('',(0.00000000,0.98078528,-0.19509032));
#898 = VECTOR('',#897,1.0);
#899 = LINE('',#854,#898);
#900 = EDGE_CURVE('',#855,#883,#899,.T.);
#901 = ORIENTED_EDGE('',*,*,#900,.T.);
#902 = EDGE_LOOP('',(#890,#895,#896,#901));
#903 = FACE_OUTER_BOUND('',#902,.T.);
#904 = CARTESIAN_POINT('',(77.50000000,-650.00000000,-12.70000000));
#905 = DIRECTION('',(0.00000000,-0.19509032,-0.98078528));
#906 = DIRECTION('',(1.00000000,0.00000000,0.00000000));
#907 = AXIS2_PLACEMENT_3D('',#904,#905,#906);
#908 = PLANE('',#907);
#909 = ADVANCED_FACE('',(#903),#908,.T.);
#910 = CARTESIAN_POINT('',(77.50000000,-645.13992041,-11.73327006));
#911 = VERTEX_POINT('',#910);
#912 = CARTESIAN_POINT('',(1506.21926023,-645.13992041,-11.73327006));
#913 = VERTEX_POINT('',#912);
#914 = DIRECTION('',(1.00000000,0.00000000,0.00000000));
#915 = VECTOR('',#914,1.0);
#916 = LINE('',#910,#915);
#917 = EDGE_CURVE('',#911,#913,#916,.T.);
#918 = ORIENTED_EDGE('',*,*,#917,.T.);
#919 = DIRECTION('',(0.00000000,0.98078528,0.19509032));
#920 = VECTOR('',#919,1.0);
#921 = LINE('',#884,#920);
#922 = EDGE_CURVE('',#885,#913,#921,.T.);
#923 = ORIENTED_EDGE('',*,*,#922,.F.);
#924 = ORIENTED_EDGE('',*,*,#889,.F.);
#925 = DIRECTION('',(0.00000000,0.98078528,0.19509032));
#926 = VECTOR('',#925,1.0);
#927 = LINE('',#882,#926);
#928 = EDGE_CURVE('',#883,#911,#927,.T.);
#929 = ORIENTED_EDGE('',*,*,#928,.T.);
#930 = EDGE_LOOP('',(#918,#923,#924,#929));
#931 = FACE_OUTER_BOUND('',#930,.T.);
#932 = CARTESIAN_POINT('',(77.50000000,-645.13992041,-11.73327006));
#933 = DIRECTION('',(0.00000000,0.19509032,-0.98078528));
#934 = DIRECTION('',(1.00000000,0.00000000,0.00000000));
#935 = AXIS2_PLACEMENT_3D('',#932,#933,#934);
#936 = PLANE('',#935);
#937 = ADVANCED_FACE('',(#931),#936,.T.);
#938 = CARTESIAN_POINT('',(77.50000000,-641.01974388,-8.98025612));
#939 = VERTEX_POINT('',#938);
#940 = CARTESIAN_POINT('',(1506.21926023,-641.01974388,-8.98025612));
#941 = VERTEX_POINT('',#940);
#942 = DIRECTION('',(1.00000000,0.00000000,0.00000000));
#943 = VECTOR('',#942,1.0);
#944 = LINE('',#938,#943);
#945 = EDGE_CURVE('',#939,#941,#944,.T.);
#946 = ORIENTED_EDGE('',*,*,#945,.T.);
#947 = DIRECTION('',(0.00000000,0.83146961,0.55557023));
#948 = VECTOR('',#947,1.0);
#949 = LINE('',#912,#948);
#950 = EDGE_CURVE('',#913,#941,#949,.T.);
#951 = ORIENTED_EDGE('',*,*,#950,.F.);
#952 = ORIENTED_EDGE('',*,*,#917,.F.);
#953 = DIRECTION('',(0.00000000,0.83146961,0.55557023));
#954 = VECTOR('',#953,1.0);
#955 = LINE('',#910,#954);
#956 = EDGE_CURVE('',#911,#939,#955,.T.);
#957 = ORIENTED_EDGE('',*,*,#956,.T.);
#958 = EDGE_LOOP('',(#946,#951,#952,#957));
#959 = FACE_OUTER_BOUND('',#958,.T.);
#960 = CARTESIAN_POINT('',(77.50000000,-641.01974388,-8.98025612));
#961 = DIRECTION('',(0.00000000,0.55557023,-0.83146961));
#962 = DIRECTION('',(1.00000000,0.00000000,0.00000000));
#963 = AXIS2_PLACEMENT_3D('',#960,#961,#962);
#964 = PLANE('',#963);
#965 = ADVANCED_FACE('',(#959),#964,.T.);
#966 = CARTESIAN_POINT('',(77.50000000,-638.26672994,-4.86007959));
#967 = VERTEX_POINT('',#966);
#968 = CARTESIAN_POINT('',(1506.21926023,-638.26672994,-4.86007959));
#969 = VERTEX_POINT('',#968);
#970 = DIRECTION('',(1.00000000,0.00000000,0.00000000));
#971 = VECTOR('',#970,1.0);
#972 = LINE('',#966,#971);
#973 = EDGE_CURVE('',#967,#969,#972,.T.);
#974 = ORIENTED_EDGE('',*,*,#973,.T.);
#975 = DIRECTION('',(0.00000000,0.55557023,0.83146961));
#976 = VECTOR('',#975,1.0);
#977 = LINE('',#940,#976);
#978 = EDGE_CURVE('',#941,#969,#977,.T.);
#979 = ORIENTED_EDGE('',*,*,#978,.F.);
#980 = ORIENTED_EDGE('',*,*,#945,.F.);
#981 = DIRECTION('',(0.00000000,0.55557023,0.83146961));
#982 = VECTOR('',#981,1.0);
#983 = LINE('',#938,#982);
#984 = EDGE_CURVE('',#939,#967,#983,.T.);
#985 = ORIENTED_EDGE('',*,*,#984,.T.);
#986 = EDGE_LOOP('',(#974,#979,#980,#985));
#987 = FACE_OUTER_BOUND('',#986,.T.);
#988 = CARTESIAN_POINT('',(77.50000000,-638.26672994,-4.86007959));
#989 = DIRECTION('',(0.00000000,0.83146961,-0.55557023));
#990 = DIRECTION('',(1.00000000,0.00000000,0.00000000));
#991 = AXIS2_PLACEMENT_3D('',#988,#989,#990);
#992 = PLANE('',#991);
#993 = ADVANCED_FACE('',(#987),#992,.T.);
#994 = ORIENTED_EDGE('',*,*,#587,.F.);
#995 = DIRECTION('',(0.00000000,-0.19509032,-0.98078528));
#996 = VECTOR('',#995,1.0);
#997 = LINE('',#570,#996);
#998 = EDGE_CURVE('',#571,#969,#997,.T.);
#999 = ORIENTED_EDGE('',*,*,#998,.T.);
#1000 = ORIENTED_EDGE('',*,*,#973,.F.);
#1001 = DIRECTION('',(0.00000000,-0.19509032,-0.98078528));
#1002 = VECTOR('',#1001,1.0);
#1003 = LINE('',#572,#1002);
#1004 = EDGE_CURVE('',#573,#967,#1003,.T.);
#1005 = ORIENTED_EDGE('',*,*,#1004,.F.);
#1006 = EDGE_LOOP('',(#994,#999,#1000,#1005));
#1007 = FACE_OUTER_BOUND('',#1006,.T.);
#1008 = CARTESIAN_POINT('',(77.50000000,-637.30000000,0.00000000));
#1009 = DIRECTION('',(0.00000000,0.98078528,-0.19509032));
#1010 = DIRECTION('',(1.00000000,0.00000000,0.00000000));
#1011 = AXIS2_PLACEMENT_3D('',#1008,#1009,#1010);
#1012 = PLANE('',#1011);
#1013 = ADVANCED_FACE('',(#1007),#1012,.T.);
#1014 = ORIENTED_EDGE('',*,*,#984,.F.);
#1015 = ORIENTED_EDGE('',*,*,#956,.F.);
#1016 = ORIENTED_EDGE('',*,*,#928,.F.);
#1017 = ORIENTED_EDGE('',*,*,#900,.F.);
#1018 = ORIENTED_EDGE('',*,*,#872,.F.);
#1019 = ORIENTED_EDGE('',*,*,#844,.F.);
#1020 = ORIENTED_EDGE('',*,*,#816,.F.);
#1021 = ORIENTED_EDGE('',*,*,#788,.F.);
#1022 = ORIENTED_EDGE('',*,*,#760,.F.);
#1023 = ORIENTED_EDGE('',*,*,#732,.F.);
#1024 = ORIENTED_EDGE('',*,*,#704,.F.);
#1025 = ORIENTED_EDGE('',*,*,#676,.F.);
#1026 = ORIENTED_EDGE('',*,*,#648,.F.);
#1027 = ORIENTED_EDGE('',*,*,#620,.F.);
#1028 = ORIENTED_EDGE('',*,*,#592,.T.);
#1029 = ORIENTED_EDGE('',*,*,#1004,.T.);
#1030 = EDGE_LOOP('',(#1014,#1015,#1016,#1017,#1018,#1019,#1020,#1021,#1022,#1023,#1024,#1025,#1026,#1027,#1028,#1029));
#1031 = FACE_OUTER_BOUND('',#1030,.T.);
#1032 = CARTESIAN_POINT('',(77.50000000,-638.26672994,-4.86007959));
#1033 = DIRECTION('',(-1.00000000,0.00000000,0.00000000));
#1034 = DIRECTION('',(0.00000000,-0.55557023,-0.83146961));
#1035 = AXIS2_PLACEMENT_3D('',#1032,#1033,#1034);
#1036 = PLANE('',#1035);
#1037 = ADVANCED_FACE('',(#1031),#1036,.T.);
#1038 = ORIENTED_EDGE('',*,*,#582,.F.);
#1039 = ORIENTED_EDGE('',*,*,#614,.T.);
#1040 = ORIENTED_EDGE('',*,*,#642,.T.);
#1041 = ORIENTED_EDGE('',*,*,#670,.T.);
#1042 = ORIENTED_EDGE('',*,*,#698,.T.);
#1043 = ORIENTED_EDGE('',*,*,#726,.T.);
#1044 = ORIENTED_EDGE('',*,*,#754,.T.);
#1045 = ORIENTED_EDGE('',*,*,#782,.T.);
#1046 = ORIENTED_EDGE('',*,*,#810,.T.);
#1047 = ORIENTED_EDGE('',*,*,#838,.T.);
#1048 = ORIENTED_EDGE('',*,*,#866,.T.);
#1049 = ORIENTED_EDGE('',*,*,#894,.T.);
#1050 = ORIENTED_EDGE('',*,*,#922,.T.);
#1051 = ORIENTED_EDGE('',*,*,#950,.T.);
#1052 = ORIENTED_EDGE('',*,*,#978,.T.);
#1053 = ORIENTED_EDGE('',*,*,#998,.F.);
#1054 = EDGE_LOOP('',(#1038,#1039,#1040,#1041,#1042,#1043,#1044,#1045,#1046,#1047,#1048,#1049,#1050,#1051,#1052,#1053));
#1055 = FACE_OUTER_BOUND('',#1054,.T.);
#1056 = CARTESIAN_POINT('',(1506.21926023,-637.30000000,0.00000000));
#1057 = DIRECTION('',(1.00000000,0.00000000,0.00000000));
#1058 = DIRECTION('',(0.00000000,-0.19509032,0.98078528));
#1059 = AXIS2_PLACEMENT_3D('',#1056,#1057,#1058);
#1060 = PLANE('',#1059);
#1061 = ADVANCED_FACE('',(#1055),#1060,.T.);
#1062 = CLOSED_SHELL('',(#601,#629,#657,#685,#713,#741,#769,#797,#825,#853,#881,#909,#937,#965,#993,#1013,#1037,#1061));
#1063 = MANIFOLD_SOLID_BREP('',#1062);
#1064 = CARTESIAN_POINT('',(77.50000000,661.73327006,4.86007959));
#1065 = VERTEX_POINT('',#1064);
#1066 = CARTESIAN_POINT('',(1506.21926023,661.73327006,4.86007959));
#1067 = VERTEX_POINT('',#1066);
#1068 = CARTESIAN_POINT('',(1506.21926023,662.70000000,0.00000000));
#1069 = VERTEX_POINT('',#1068);
#1070 = CARTESIAN_POINT('',(77.50000000,662.70000000,0.00000000));
#1071 = VERTEX_POINT('',#1070);
#1072 = DIRECTION('',(1.00000000,0.00000000,0.00000000));
#1073 = VECTOR('',#1072,1.0);
#1074 = LINE('',#1064,#1073);
#1075 = EDGE_CURVE('',#1065,#1067,#1074,.T.);
#1076 = ORIENTED_EDGE('',*,*,#1075,.T.);
#1077 = DIRECTION('',(0.00000000,0.19509032,-0.98078528));
#1078 = VECTOR('',#1077,1.0);
#1079 = LINE('',#1066,#1078);
#1080 = EDGE_CURVE('',#1067,#1069,#1079,.T.);
#1081 = ORIENTED_EDGE('',*,*,#1080,.T.);
#1082 = DIRECTION('',(-1.00000000,0.00000000,0.00000000));
#1083 = VECTOR('',#1082,1.0);
#1084 = LINE('',#1068,#1083);
#1085 = EDGE_CURVE('',#1069,#1071,#1084,.T.);
#1086 = ORIENTED_EDGE('',*,*,#1085,.T.);
#1087 = DIRECTION('',(0.00000000,0.19509032,-0.98078528));
#1088 = VECTOR('',#1087,1.0);
#1089 = LINE('',#1064,#1088);
#1090 = EDGE_CURVE('',#1065,#1071,#1089,.T.);
#1091 = ORIENTED_EDGE('',*,*,#1090,.F.);
#1092 = EDGE_LOOP('',(#1076,#1081,#1086,#1091));
#1093 = FACE_OUTER_BOUND('',#1092,.T.);
#1094 = CARTESIAN_POINT('',(77.50000000,661.73327006,4.86007959));
#1095 = DIRECTION('',(-0.00000000,0.98078528,0.19509032));
#1096 = DIRECTION('',(1.00000000,0.00000000,0.00000000));
#1097 = AXIS2_PLACEMENT_3D('',#1094,#1095,#1096);
#1098 = PLANE('',#1097);
#1099 = ADVANCED_FACE('',(#1093),#1098,.T.);
#1100 = CARTESIAN_POINT('',(77.50000000,658.98025612,8.98025612));
#1101 = VERTEX_POINT('',#1100);
#1102 = CARTESIAN_POINT('',(1506.21926023,658.98025612,8.98025612));
#1103 = VERTEX_POINT('',#1102);
#1104 = DIRECTION('',(1.00000000,0.00000000,0.00000000));
#1105 = VECTOR('',#1104,1.0);
#1106 = LINE('',#1100,#1105);
#1107 = EDGE_CURVE('',#1101,#1103,#1106,.T.);
#1108 = ORIENTED_EDGE('',*,*,#1107,.T.);
#1109 = DIRECTION('',(0.00000000,-0.55557023,0.83146961));
#1110 = VECTOR('',#1109,1.0);
#1111 = LINE('',#1066,#1110);
#1112 = EDGE_CURVE('',#1067,#1103,#1111,.T.);
#1113 = ORIENTED_EDGE('',*,*,#1112,.F.);
#1114 = ORIENTED_EDGE('',*,*,#1075,.F.);
#1115 = DIRECTION('',(0.00000000,-0.55557023,0.83146961));
#1116 = VECTOR('',#1115,1.0);
#1117 = LINE('',#1064,#1116);
#1118 = EDGE_CURVE('',#1065,#1101,#1117,.T.);
#1119 = ORIENTED_EDGE('',*,*,#1118,.T.);
#1120 = EDGE_LOOP('',(#1108,#1113,#1114,#1119));
#1121 = FACE_OUTER_BOUND('',#1120,.T.);
#1122 = CARTESIAN_POINT('',(77.50000000,658.98025612,8.98025612));
#1123 = DIRECTION('',(-0.00000000,0.83146961,0.55557023));
#1124 = DIRECTION('',(1.00000000,0.00000000,0.00000000));
#1125 = AXIS2_PLACEMENT_3D('',#1122,#1123,#1124);
#1126 = PLANE('',#1125);
#1127 = ADVANCED_FACE('',(#1121),#1126,.T.);
#1128 = CARTESIAN_POINT('',(77.50000000,654.86007959,11.73327006));
#1129 = VERTEX_POINT('',#1128);
#1130 = CARTESIAN_POINT('',(1506.21926023,654.86007959,11.73327006));
#1131 = VERTEX_POINT('',#1130);
#1132 = DIRECTION('',(1.00000000,0.00000000,0.00000000));
#1133 = VECTOR('',#1132,1.0);
#1134 = LINE('',#1128,#1133);
#1135 = EDGE_CURVE('',#1129,#1131,#1134,.T.);
#1136 = ORIENTED_EDGE('',*,*,#1135,.T.);
#1137 = DIRECTION('',(0.00000000,-0.83146961,0.55557023));
#1138 = VECTOR('',#1137,1.0);
#1139 = LINE('',#1102,#1138);
#1140 = EDGE_CURVE('',#1103,#1131,#1139,.T.);
#1141 = ORIENTED_EDGE('',*,*,#1140,.F.);
#1142 = ORIENTED_EDGE('',*,*,#1107,.F.);
#1143 = DIRECTION('',(0.00000000,-0.83146961,0.55557023));
#1144 = VECTOR('',#1143,1.0);
#1145 = LINE('',#1100,#1144);
#1146 = EDGE_CURVE('',#1101,#1129,#1145,.T.);
#1147 = ORIENTED_EDGE('',*,*,#1146,.T.);
#1148 = EDGE_LOOP('',(#1136,#1141,#1142,#1147));
#1149 = FACE_OUTER_BOUND('',#1148,.T.);
#1150 = CARTESIAN_POINT('',(77.50000000,654.86007959,11.73327006));
#1151 = DIRECTION('',(-0.00000000,0.55557023,0.83146961));
#1152 = DIRECTION('',(1.00000000,0.00000000,0.00000000));
#1153 = AXIS2_PLACEMENT_3D('',#1150,#1151,#1152);
#1154 = PLANE('',#1153);
#1155 = ADVANCED_FACE('',(#1149),#1154,.T.);
#1156 = CARTESIAN_POINT('',(77.50000000,650.00000000,12.70000000));
#1157 = VERTEX_POINT('',#1156);
#1158 = CARTESIAN_POINT('',(1506.21926023,650.00000000,12.70000000));
#1159 = VERTEX_POINT('',#1158);
#1160 = DIRECTION('',(1.00000000,0.00000000,0.00000000));
#1161 = VECTOR('',#1160,1.0);
#1162 = LINE('',#1156,#1161);
#1163 = EDGE_CURVE('',#1157,#1159,#1162,.T.);
#1164 = ORIENTED_EDGE('',*,*,#1163,.T.);
#1165 = DIRECTION('',(0.00000000,-0.98078528,0.19509032));
#1166 = VECTOR('',#1165,1.0);
#1167 = LINE('',#1130,#1166);
#1168 = EDGE_CURVE('',#1131,#1159,#1167,.T.);
#1169 = ORIENTED_EDGE('',*,*,#1168,.F.);
#1170 = ORIENTED_EDGE('',*,*,#1135,.F.);
#1171 = DIRECTION('',(0.00000000,-0.98078528,0.19509032));
#1172 = VECTOR('',#1171,1.0);
#1173 = LINE('',#1128,#1172);
#1174 = EDGE_CURVE('',#1129,#1157,#1173,.T.);
#1175 = ORIENTED_EDGE('',*,*,#1174,.T.);
#1176 = EDGE_LOOP('',(#1164,#1169,#1170,#1175));
#1177 = FACE_OUTER_BOUND('',#1176,.T.);
#1178 = CARTESIAN_POINT('',(77.50000000,650.00000000,12.70000000));
#1179 = DIRECTION('',(-0.00000000,0.19509032,0.98078528));
#1180 = DIRECTION('',(1.00000000,0.00000000,0.00000000));
#1181 = AXIS2_PLACEMENT_3D('',#1178,#1179,#1180);
#1182 = PLANE('',#1181);
#1183 = ADVANCED_FACE('',(#1177),#1182,.T.);
#1184 = CARTESIAN_POINT('',(77.50000000,645.13992041,11.73327006));
#1185 = VERTEX_POINT('',#1184);
#1186 = CARTESIAN_POINT('',(1506.21926023,645.13992041,11.73327006));
#1187 = VERTEX_POINT('',#1186);
#1188 = DIRECTION('',(1.00000000,0.00000000,0.00000000));
#1189 = VECTOR('',#1188,1.0);
#1190 = LINE('',#1184,#1189);
#1191 = EDGE_CURVE('',#1185,#1187,#1190,.T.);
#1192 = ORIENTED_EDGE('',*,*,#1191,.T.);
#1193 = DIRECTION('',(0.00000000,-0.98078528,-0.19509032));
#1194 = VECTOR('',#1193,1.0);
#1195 = LINE('',#1158,#1194);
#1196 = EDGE_CURVE('',#1159,#1187,#1195,.T.);
#1197 = ORIENTED_EDGE('',*,*,#1196,.F.);
#1198 = ORIENTED_EDGE('',*,*,#1163,.F.);
#1199 = DIRECTION('',(0.00000000,-0.98078528,-0.19509032));
#1200 = VECTOR('',#1199,1.0);
#1201 = LINE('',#1156,#1200);
#1202 = EDGE_CURVE('',#1157,#1185,#1201,.T.);
#1203 = ORIENTED_EDGE('',*,*,#1202,.T.);
#1204 = EDGE_LOOP('',(#1192,#1197,#1198,#1203));
#1205 = FACE_OUTER_BOUND('',#1204,.T.);
#1206 = CARTESIAN_POINT('',(77.50000000,645.13992041,11.73327006));
#1207 = DIRECTION('',(0.00000000,-0.19509032,0.98078528));
#1208 = DIRECTION('',(1.00000000,0.00000000,0.00000000));
#1209 = AXIS2_PLACEMENT_3D('',#1206,#1207,#1208);
#1210 = PLANE('',#1209);
#1211 = ADVANCED_FACE('',(#1205),#1210,.T.);
#1212 = CARTESIAN_POINT('',(77.50000000,641.01974388,8.98025612));
#1213 = VERTEX_POINT('',#1212);
#1214 = CARTESIAN_POINT('',(1506.21926023,641.01974388,8.98025612));
#1215 = VERTEX_POINT('',#1214);
#1216 = DIRECTION('',(1.00000000,0.00000000,0.00000000));
#1217 = VECTOR('',#1216,1.0);
#1218 = LINE('',#1212,#1217);
#1219 = EDGE_CURVE('',#1213,#1215,#1218,.T.);
#1220 = ORIENTED_EDGE('',*,*,#1219,.T.);
#1221 = DIRECTION('',(0.00000000,-0.83146961,-0.55557023));
#1222 = VECTOR('',#1221,1.0);
#1223 = LINE('',#1186,#1222);
#1224 = EDGE_CURVE('',#1187,#1215,#1223,.T.);
#1225 = ORIENTED_EDGE('',*,*,#1224,.F.);
#1226 = ORIENTED_EDGE('',*,*,#1191,.F.);
#1227 = DIRECTION('',(0.00000000,-0.83146961,-0.55557023));
#1228 = VECTOR('',#1227,1.0);
#1229 = LINE('',#1184,#1228);
#1230 = EDGE_CURVE('',#1185,#1213,#1229,.T.);
#1231 = ORIENTED_EDGE('',*,*,#1230,.T.);
#1232 = EDGE_LOOP('',(#1220,#1225,#1226,#1231));
#1233 = FACE_OUTER_BOUND('',#1232,.T.);
#1234 = CARTESIAN_POINT('',(77.50000000,641.01974388,8.98025612));
#1235 = DIRECTION('',(0.00000000,-0.55557023,0.83146961));
#1236 = DIRECTION('',(1.00000000,0.00000000,0.00000000));
#1237 = AXIS2_PLACEMENT_3D('',#1234,#1235,#1236);
#1238 = PLANE('',#1237);
#1239 = ADVANCED_FACE('',(#1233),#1238,.T.);
#1240 = CARTESIAN_POINT('',(77.50000000,638.26672994,4.86007959));
#1241 = VERTEX_POINT('',#1240);
#1242 = CARTESIAN_POINT('',(1506.21926023,638.26672994,4.86007959));
#1243 = VERTEX_POINT('',#1242);
#1244 = DIRECTION('',(1.00000000,0.00000000,0.00000000));
#1245 = VECTOR('',#1244,1.0);
#1246 = LINE('',#1240,#1245);
#1247 = EDGE_CURVE('',#1241,#1243,#1246,.T.);
#1248 = ORIENTED_EDGE('',*,*,#1247,.T.);
#1249 = DIRECTION('',(0.00000000,-0.55557023,-0.83146961));
#1250 = VECTOR('',#1249,1.0);
#1251 = LINE('',#1214,#1250);
#1252 = EDGE_CURVE('',#1215,#1243,#1251,.T.);
#1253 = ORIENTED_EDGE('',*,*,#1252,.F.);
#1254 = ORIENTED_EDGE('',*,*,#1219,.F.);
#1255 = DIRECTION('',(0.00000000,-0.55557023,-0.83146961));
#1256 = VECTOR('',#1255,1.0);
#1257 = LINE('',#1212,#1256);
#1258 = EDGE_CURVE('',#1213,#1241,#1257,.T.);
#1259 = ORIENTED_EDGE('',*,*,#1258,.T.);
#1260 = EDGE_LOOP('',(#1248,#1253,#1254,#1259));
#1261 = FACE_OUTER_BOUND('',#1260,.T.);
#1262 = CARTESIAN_POINT('',(77.50000000,638.26672994,4.86007959));
#1263 = DIRECTION('',(0.00000000,-0.83146961,0.55557023));
#1264 = DIRECTION('',(1.00000000,0.00000000,0.00000000));
#1265 = AXIS2_PLACEMENT_3D('',#1262,#1263,#1264);
#1266 = PLANE('',#1265);
#1267 = ADVANCED_FACE('',(#1261),#1266,.T.);
#1268 = CARTESIAN_POINT('',(77.50000000,637.30000000,0.00000000));
#1269 = VERTEX_POINT('',#1268);
#1270 = CARTESIAN_POINT('',(1506.21926023,637.30000000,0.00000000));
#1271 = VERTEX_POINT('',#1270);
#1272 = DIRECTION('',(1.00000000,0.00000000,0.00000000));
#1273 = VECTOR('',#1272,1.0);
#1274 = LINE('',#1268,#1273);
#1275 = EDGE_CURVE('',#1269,#1271,#1274,.T.);
#1276 = ORIENTED_EDGE('',*,*,#1275,.T.);
#1277 = DIRECTION('',(0.00000000,-0.19509032,-0.98078528));
#1278 = VECTOR('',#1277,1.0);
#1279 = LINE('',#1242,#1278);
#1280 = EDGE_CURVE('',#1243,#1271,#1279,.T.);
#1281 = ORIENTED_EDGE('',*,*,#1280,.F.);
#1282 = ORIENTED_EDGE('',*,*,#1247,.F.);
#1283 = DIRECTION('',(0.00000000,-0.19509032,-0.98078528));
#1284 = VECTOR('',#1283,1.0);
#1285 = LINE('',#1240,#1284);
#1286 = EDGE_CURVE('',#1241,#1269,#1285,.T.);
#1287 = ORIENTED_EDGE('',*,*,#1286,.T.);
#1288 = EDGE_LOOP('',(#1276,#1281,#1282,#1287));
#1289 = FACE_OUTER_BOUND('',#1288,.T.);
#1290 = CARTESIAN_POINT('',(77.50000000,637.30000000,0.00000000));
#1291 = DIRECTION('',(0.00000000,-0.98078528,0.19509032));
#1292 = DIRECTION('',(1.00000000,0.00000000,0.00000000));
#1293 = AXIS2_PLACEMENT_3D('',#1290,#1291,#1292);
#1294 = PLANE('',#1293);
#1295 = ADVANCED_FACE('',(#1289),#1294,.T.);
#1296 = CARTESIAN_POINT('',(77.50000000,638.26672994,-4.86007959));
#1297 = VERTEX_POINT('',#1296);
#1298 = CARTESIAN_POINT('',(1506.21926023,638.26672994,-4.86007959));
#1299 = VERTEX_POINT('',#1298);
#1300 = DIRECTION('',(1.00000000,0.00000000,0.00000000));
#1301 = VECTOR('',#1300,1.0);
#1302 = LINE('',#1296,#1301);
#1303 = EDGE_CURVE('',#1297,#1299,#1302,.T.);
#1304 = ORIENTED_EDGE('',*,*,#1303,.T.);
#1305 = DIRECTION('',(0.00000000,0.19509032,-0.98078528));
#1306 = VECTOR('',#1305,1.0);
#1307 = LINE('',#1270,#1306);
#1308 = EDGE_CURVE('',#1271,#1299,#1307,.T.);
#1309 = ORIENTED_EDGE('',*,*,#1308,.F.);
#1310 = ORIENTED_EDGE('',*,*,#1275,.F.);
#1311 = DIRECTION('',(0.00000000,0.19509032,-0.98078528));
#1312 = VECTOR('',#1311,1.0);
#1313 = LINE('',#1268,#1312);
#1314 = EDGE_CURVE('',#1269,#1297,#1313,.T.);
#1315 = ORIENTED_EDGE('',*,*,#1314,.T.);
#1316 = EDGE_LOOP('',(#1304,#1309,#1310,#1315));
#1317 = FACE_OUTER_BOUND('',#1316,.T.);
#1318 = CARTESIAN_POINT('',(77.50000000,638.26672994,-4.86007959));
#1319 = DIRECTION('',(0.00000000,-0.98078528,-0.19509032));
#1320 = DIRECTION('',(1.00000000,0.00000000,0.00000000));
#1321 = AXIS2_PLACEMENT_3D('',#1318,#1319,#1320);
#1322 = PLANE('',#1321);
#1323 = ADVANCED_FACE('',(#1317),#1322,.T.);
#1324 = CARTESIAN_POINT('',(77.50000000,641.01974388,-8.98025612));
#1325 = VERTEX_POINT('',#1324);
#1326 = CARTESIAN_POINT('',(1506.21926023,641.01974388,-8.98025612));
#1327 = VERTEX_POINT('',#1326);
#1328 = DIRECTION('',(1.00000000,0.00000000,0.00000000));
#1329 = VECTOR('',#1328,1.0);
#1330 = LINE('',#1324,#1329);
#1331 = EDGE_CURVE('',#1325,#1327,#1330,.T.);
#1332 = ORIENTED_EDGE('',*,*,#1331,.T.);
#1333 = DIRECTION('',(0.00000000,0.55557023,-0.83146961));
#1334 = VECTOR('',#1333,1.0);
#1335 = LINE('',#1298,#1334);
#1336 = EDGE_CURVE('',#1299,#1327,#1335,.T.);
#1337 = ORIENTED_EDGE('',*,*,#1336,.F.);
#1338 = ORIENTED_EDGE('',*,*,#1303,.F.);
#1339 = DIRECTION('',(0.00000000,0.55557023,-0.83146961));
#1340 = VECTOR('',#1339,1.0);
#1341 = LINE('',#1296,#1340);
#1342 = EDGE_CURVE('',#1297,#1325,#1341,.T.);
#1343 = ORIENTED_EDGE('',*,*,#1342,.T.);
#1344 = EDGE_LOOP('',(#1332,#1337,#1338,#1343));
#1345 = FACE_OUTER_BOUND('',#1344,.T.);
#1346 = CARTESIAN_POINT('',(77.50000000,641.01974388,-8.98025612));
#1347 = DIRECTION('',(0.00000000,-0.83146961,-0.55557023));
#1348 = DIRECTION('',(1.00000000,0.00000000,0.00000000));
#1349 = AXIS2_PLACEMENT_3D('',#1346,#1347,#1348);
#1350 = PLANE('',#1349);
#1351 = ADVANCED_FACE('',(#1345),#1350,.T.);
#1352 = CARTESIAN_POINT('',(77.50000000,645.13992041,-11.73327006));
#1353 = VERTEX_POINT('',#1352);
#1354 = CARTESIAN_POINT('',(1506.21926023,645.13992041,-11.73327006));
#1355 = VERTEX_POINT('',#1354);
#1356 = DIRECTION('',(1.00000000,0.00000000,0.00000000));
#1357 = VECTOR('',#1356,1.0);
#1358 = LINE('',#1352,#1357);
#1359 = EDGE_CURVE('',#1353,#1355,#1358,.T.);
#1360 = ORIENTED_EDGE('',*,*,#1359,.T.);
#1361 = DIRECTION('',(0.00000000,0.83146961,-0.55557023));
#1362 = VECTOR('',#1361,1.0);
#1363 = LINE('',#1326,#1362);
#1364 = EDGE_CURVE('',#1327,#1355,#1363,.T.);
#1365 = ORIENTED_EDGE('',*,*,#1364,.F.);
#1366 = ORIENTED_EDGE('',*,*,#1331,.F.);
#1367 = DIRECTION('',(0.00000000,0.83146961,-0.55557023));
#1368 = VECTOR('',#1367,1.0);
#1369 = LINE('',#1324,#1368);
#1370 = EDGE_CURVE('',#1325,#1353,#1369,.T.);
#1371 = ORIENTED_EDGE('',*,*,#1370,.T.);
#1372 = EDGE_LOOP('',(#1360,#1365,#1366,#1371));
#1373 = FACE_OUTER_BOUND('',#1372,.T.);
#1374 = CARTESIAN_POINT('',(77.50000000,645.13992041,-11.73327006));
#1375 = DIRECTION('',(0.00000000,-0.55557023,-0.83146961));
#1376 = DIRECTION('',(1.00000000,0.00000000,0.00000000));
#1377 = AXIS2_PLACEMENT_3D('',#1374,#1375,#1376);
#1378 = PLANE('',#1377);
#1379 = ADVANCED_FACE('',(#1373),#1378,.T.);
#1380 = CARTESIAN_POINT('',(77.50000000,650.00000000,-12.70000000));
#1381 = VERTEX_POINT('',#1380);
#1382 = CARTESIAN_POINT('',(1506.21926023,650.00000000,-12.70000000));
#1383 = VERTEX_POINT('',#1382);
#1384 = DIRECTION('',(1.00000000,0.00000000,0.00000000));
#1385 = VECTOR('',#1384,1.0);
#1386 = LINE('',#1380,#1385);
#1387 = EDGE_CURVE('',#1381,#1383,#1386,.T.);
#1388 = ORIENTED_EDGE('',*,*,#1387,.T.);
#1389 = DIRECTION('',(0.00000000,0.98078528,-0.19509032));
#1390 = VECTOR('',#1389,1.0);
#1391 = LINE('',#1354,#1390);
#1392 = EDGE_CURVE('',#1355,#1383,#1391,.T.);
#1393 = ORIENTED_EDGE('',*,*,#1392,.F.);
#1394 = ORIENTED_EDGE('',*,*,#1359,.F.);
#1395 = DIRECTION('',(0.00000000,0.98078528,-0.19509032));
#1396 = VECTOR('',#1395,1.0);
#1397 = LINE('',#1352,#1396);
#1398 = EDGE_CURVE('',#1353,#1381,#1397,.T.);
#1399 = ORIENTED_EDGE('',*,*,#1398,.T.);
#1400 = EDGE_LOOP('',(#1388,#1393,#1394,#1399));
#1401 = FACE_OUTER_BOUND('',#1400,.T.);
#1402 = CARTESIAN_POINT('',(77.50000000,650.00000000,-12.70000000));
#1403 = DIRECTION('',(0.00000000,-0.19509032,-0.98078528));
#1404 = DIRECTION('',(1.00000000,0.00000000,0.00000000));
#1405 = AXIS2_PLACEMENT_3D('',#1402,#1403,#1404);
#1406 = PLANE('',#1405);
#1407 = ADVANCED_FACE('',(#1401),#1406,.T.);
#1408 = CARTESIAN_POINT('',(77.50000000,654.86007959,-11.73327006));
#1409 = VERTEX_POINT('',#1408);
#1410 = CARTESIAN_POINT('',(1506.21926023,654.86007959,-11.73327006));
#1411 = VERTEX_POINT('',#1410);
#1412 = DIRECTION('',(1.00000000,0.00000000,0.00000000));
#1413 = VECTOR('',#1412,1.0);
#1414 = LINE('',#1408,#1413);
#1415 = EDGE_CURVE('',#1409,#1411,#1414,.T.);
#1416 = ORIENTED_EDGE('',*,*,#1415,.T.);
#1417 = DIRECTION('',(0.00000000,0.98078528,0.19509032));
#1418 = VECTOR('',#1417,1.0);
#1419 = LINE('',#1382,#1418);
#1420 = EDGE_CURVE('',#1383,#1411,#1419,.T.);
#1421 = ORIENTED_EDGE('',*,*,#1420,.F.);
#1422 = ORIENTED_EDGE('',*,*,#1387,.F.);
#1423 = DIRECTION('',(0.00000000,0.98078528,0.19509032));
#1424 = VECTOR('',#1423,1.0);
#1425 = LINE('',#1380,#1424);
#1426 = EDGE_CURVE('',#1381,#1409,#1425,.T.);
#1427 = ORIENTED_EDGE('',*,*,#1426,.T.);
#1428 = EDGE_LOOP('',(#1416,#1421,#1422,#1427));
#1429 = FACE_OUTER_BOUND('',#1428,.T.);
#1430 = CARTESIAN_POINT('',(77.50000000,654.86007959,-11.73327006));
#1431 = DIRECTION('',(0.00000000,0.19509032,-0.98078528));
#1432 = DIRECTION('',(1.00000000,0.00000000,0.00000000));
#1433 = AXIS2_PLACEMENT_3D('',#1430,#1431,#1432);
#1434 = PLANE('',#1433);
#1435 = ADVANCED_FACE('',(#1429),#1434,.T.);
#1436 = CARTESIAN_POINT('',(77.50000000,658.98025612,-8.98025612));
#1437 = VERTEX_POINT('',#1436);
#1438 = CARTESIAN_POINT('',(1506.21926023,658.98025612,-8.98025612));
#1439 = VERTEX_POINT('',#1438);
#1440 = DIRECTION('',(1.00000000,0.00000000,0.00000000));
#1441 = VECTOR('',#1440,1.0);
#1442 = LINE('',#1436,#1441);
#1443 = EDGE_CURVE('',#1437,#1439,#1442,.T.);
#1444 = ORIENTED_EDGE('',*,*,#1443,.T.);
#1445 = DIRECTION('',(0.00000000,0.83146961,0.55557023));
#1446 = VECTOR('',#1445,1.0);
#1447 = LINE('',#1410,#1446);
#1448 = EDGE_CURVE('',#1411,#1439,#1447,.T.);
#1449 = ORIENTED_EDGE('',*,*,#1448,.F.);
#1450 = ORIENTED_EDGE('',*,*,#1415,.F.);
#1451 = DIRECTION('',(0.00000000,0.83146961,0.55557023));
#1452 = VECTOR('',#1451,1.0);
#1453 = LINE('',#1408,#1452);
#1454 = EDGE_CURVE('',#1409,#1437,#1453,.T.);
#1455 = ORIENTED_EDGE('',*,*,#1454,.T.);
#1456 = EDGE_LOOP('',(#1444,#1449,#1450,#1455));
#1457 = FACE_OUTER_BOUND('',#1456,.T.);
#1458 = CARTESIAN_POINT('',(77.50000000,658.98025612,-8.98025612));
#1459 = DIRECTION('',(0.00000000,0.55557023,-0.83146961));
#1460 = DIRECTION('',(1.00000000,0.00000000,0.00000000));
#1461 = AXIS2_PLACEMENT_3D('',#1458,#1459,#1460);
#1462 = PLANE('',#1461);
#1463 = ADVANCED_FACE('',(#1457),#1462,.T.);
#1464 = CARTESIAN_POINT('',(77.50000000,661.73327006,-4.86007959));
#1465 = VERTEX_POINT('',#1464);
#1466 = CARTESIAN_POINT('',(1506.21926023,661.73327006,-4.86007959));
#1467 = VERTEX_POINT('',#1466);
#1468 = DIRECTION('',(1.00000000,0.00000000,0.00000000));
#1469 = VECTOR('',#1468,1.0);
#1470 = LINE('',#1464,#1469);
#1471 = EDGE_CURVE('',#1465,#1467,#1470,.T.);
#1472 = ORIENTED_EDGE('',*,*,#1471,.T.);
#1473 = DIRECTION('',(0.00000000,0.55557023,0.83146961));
#1474 = VECTOR('',#1473,1.0);
#1475 = LINE('',#1438,#1474);
#1476 = EDGE_CURVE('',#1439,#1467,#1475,.T.);
#1477 = ORIENTED_EDGE('',*,*,#1476,.F.);
#1478 = ORIENTED_EDGE('',*,*,#1443,.F.);
#1479 = DIRECTION('',(0.00000000,0.55557023,0.83146961));
#1480 = VECTOR('',#1479,1.0);
#1481 = LINE('',#1436,#1480);
#1482 = EDGE_CURVE('',#1437,#1465,#1481,.T.);
#1483 = ORIENTED_EDGE('',*,*,#1482,.T.);
#1484 = EDGE_LOOP('',(#1472,#1477,#1478,#1483));
#1485 = FACE_OUTER_BOUND('',#1484,.T.);
#1486 = CARTESIAN_POINT('',(77.50000000,661.73327006,-4.86007959));
#1487 = DIRECTION('',(0.00000000,0.83146961,-0.55557023));
#1488 = DIRECTION('',(1.00000000,0.00000000,0.00000000));
#1489 = AXIS2_PLACEMENT_3D('',#1486,#1487,#1488);
#1490 = PLANE('',#1489);
#1491 = ADVANCED_FACE('',(#1485),#1490,.T.);
#1492 = ORIENTED_EDGE('',*,*,#1085,.F.);
#1493 = DIRECTION('',(0.00000000,-0.19509032,-0.98078528));
#1494 = VECTOR('',#1493,1.0);
#1495 = LINE('',#1068,#1494);
#1496 = EDGE_CURVE('',#1069,#1467,#1495,.T.);
#1497 = ORIENTED_EDGE('',*,*,#1496,.T.);
#1498 = ORIENTED_EDGE('',*,*,#1471,.F.);
#1499 = DIRECTION('',(0.00000000,-0.19509032,-0.98078528));
#1500 = VECTOR('',#1499,1.0);
#1501 = LINE('',#1070,#1500);
#1502 = EDGE_CURVE('',#1071,#1465,#1501,.T.);
#1503 = ORIENTED_EDGE('',*,*,#1502,.F.);
#1504 = EDGE_LOOP('',(#1492,#1497,#1498,#1503));
#1505 = FACE_OUTER_BOUND('',#1504,.T.);
#1506 = CARTESIAN_POINT('',(77.50000000,662.70000000,0.00000000));
#1507 = DIRECTION('',(0.00000000,0.98078528,-0.19509032));
#1508 = DIRECTION('',(1.00000000,0.00000000,0.00000000));
#1509 = AXIS2_PLACEMENT_3D('',#1506,#1507,#1508);
#1510 = PLANE('',#1509);
#1511 = ADVANCED_FACE('',(#1505),#1510,.T.);
#1512 = ORIENTED_EDGE('',*,*,#1482,.F.);
#1513 = ORIENTED_EDGE('',*,*,#1454,.F.);
#1514 = ORIENTED_EDGE('',*,*,#1426,.F.);
#1515 = ORIENTED_EDGE('',*,*,#1398,.F.);
#1516 = ORIENTED_EDGE('',*,*,#1370,.F.);
#1517 = ORIENTED_EDGE('',*,*,#1342,.F.);
#1518 = ORIENTED_EDGE('',*,*,#1314,.F.);
#1519 = ORIENTED_EDGE('',*,*,#1286,.F.);
#1520 = ORIENTED_EDGE('',*,*,#1258,.F.);
#1521 = ORIENTED_EDGE('',*,*,#1230,.F.);
#1522 = ORIENTED_EDGE('',*,*,#1202,.F.);
#1523 = ORIENTED_EDGE('',*,*,#1174,.F.);
#1524 = ORIENTED_EDGE('',*,*,#1146,.F.);
#1525 = ORIENTED_EDGE('',*,*,#1118,.F.);
#1526 = ORIENTED_EDGE('',*,*,#1090,.T.);
#1527 = ORIENTED_EDGE('',*,*,#1502,.T.);
#1528 = EDGE_LOOP('',(#1512,#1513,#1514,#1515,#1516,#1517,#1518,#1519,#1520,#1521,#1522,#1523,#1524,#1525,#1526,#1527));
#1529 = FACE_OUTER_BOUND('',#1528,.T.);
#1530 = CARTESIAN_POINT('',(77.50000000,661.73327006,-4.86007959));
#1531 = DIRECTION('',(-1.00000000,0.00000000,0.00000000));
#1532 = DIRECTION('',(0.00000000,-0.55557023,-0.83146961));
#1533 = AXIS2_PLACEMENT_3D('',#1530,#1531,#1532);
#1534 = PLANE('',#1533);
#1535 = ADVANCED_FACE('',(#1529),#1534,.T.);
#1536 = ORIENTED_EDGE('',*,*,#1080,.F.);
#1537 = ORIENTED_EDGE('',*,*,#1112,.T.);
#1538 = ORIENTED_EDGE('',*,*,#1140,.T.);
#1539 = ORIENTED_EDGE('',*,*,#1168,.T.);
#1540 = ORIENTED_EDGE('',*,*,#1196,.T.);
#1541 = ORIENTED_EDGE('',*,*,#1224,.T.);
#1542 = ORIENTED_EDGE('',*,*,#1252,.T.);
#1543 = ORIENTED_EDGE('',*,*,#1280,.T.);
#1544 = ORIENTED_EDGE('',*,*,#1308,.T.);
#1545 = ORIENTED_EDGE('',*,*,#1336,.T.);
#1546 = ORIENTED_EDGE('',*,*,#1364,.T.);
#1547 = ORIENTED_EDGE('',*,*,#1392,.T.);
#1548 = ORIENTED_EDGE('',*,*,#1420,.T.);
#1549 = ORIENTED_EDGE('',*,*,#1448,.T.);
#1550 = ORIENTED_EDGE('',*,*,#1476,.T.);
#1551 = ORIENTED_EDGE('',*,*,#1496,.F.);
#1552 = EDGE_LOOP('',(#1536,#1537,#1538,#1539,#1540,#1541,#1542,#1543,#1544,#1545,#1546,#1547,#1548,#1549,#1550,#1551));
#1553 = FACE_OUTER_BOUND('',#1552,.T.);
#1554 = CARTESIAN_POINT('',(1506.21926023,662.70000000,0.00000000));
#1555 = DIRECTION('',(1.00000000,0.00000000,0.00000000));
#1556 = DIRECTION('',(0.00000000,-0.19509032,0.98078528));
#1557 = AXIS2_PLACEMENT_3D('',#1554,#1555,#1556);
#1558 = PLANE('',#1557);
#1559 = ADVANCED_FACE('',(#1553),#1558,.T.);
#1560 = CLOSED_SHELL('',(#1099,#1127,#1155,#1183,#1211,#1239,#1267,#1295,#1323,#1351,#1379,#1407,#1435,#1463,#1491,#1511,#1535,#1559));
#1561 = MANIFOLD_SOLID_BREP('',#1560);
#1562 = CARTESIAN_POINT('',(-700.00000000,-624.02367137,10.75974762));
#1563 = VERTEX_POINT('',#1562);
#1564 = CARTESIAN_POINT('',(310.00000000,-624.02367137,10.75974762));
#1565 = VERTEX_POINT('',#1564);
#1566 = CARTESIAN_POINT('',(310.00000000,-621.88342450,0.00000000));
#1567 = VERTEX_POINT('',#1566);
#1568 = CARTESIAN_POINT('',(-700.00000000,-621.88342450,0.00000000));
#1569 = VERTEX_POINT('',#1568);
#1570 = DIRECTION('',(1.00000000,0.00000000,0.00000000));
#1571 = VECTOR('',#1570,1.0);
#1572 = LINE('',#1562,#1571);
#1573 = EDGE_CURVE('',#1563,#1565,#1572,.T.);
#1574 = ORIENTED_EDGE('',*,*,#1573,.T.);
#1575 = DIRECTION('',(0.00000000,0.19509032,-0.98078528));
#1576 = VECTOR('',#1575,1.0);
#1577 = LINE('',#1564,#1576);
#1578 = EDGE_CURVE('',#1565,#1567,#1577,.T.);
#1579 = ORIENTED_EDGE('',*,*,#1578,.T.);
#1580 = DIRECTION('',(-1.00000000,0.00000000,0.00000000));
#1581 = VECTOR('',#1580,1.0);
#1582 = LINE('',#1566,#1581);
#1583 = EDGE_CURVE('',#1567,#1569,#1582,.T.);
#1584 = ORIENTED_EDGE('',*,*,#1583,.T.);
#1585 = DIRECTION('',(0.00000000,0.19509032,-0.98078528));
#1586 = VECTOR('',#1585,1.0);
#1587 = LINE('',#1562,#1586);
#1588 = EDGE_CURVE('',#1563,#1569,#1587,.T.);
#1589 = ORIENTED_EDGE('',*,*,#1588,.F.);
#1590 = EDGE_LOOP('',(#1574,#1579,#1584,#1589));
#1591 = FACE_OUTER_BOUND('',#1590,.T.);
#1592 = CARTESIAN_POINT('',(-700.00000000,-624.02367137,10.75974762));
#1593 = DIRECTION('',(-0.00000000,0.98078528,0.19509032));
#1594 = DIRECTION('',(1.00000000,0.00000000,0.00000000));
#1595 = AXIS2_PLACEMENT_3D('',#1592,#1593,#1594);
#1596 = PLANE('',#1595);
#1597 = ADVANCED_FACE('',(#1591),#1596,.T.);
#1598 = CARTESIAN_POINT('',(-700.00000000,-630.11857880,19.88142120));
#1599 = VERTEX_POINT('',#1598);
#1600 = CARTESIAN_POINT('',(310.00000000,-630.11857880,19.88142120));
#1601 = VERTEX_POINT('',#1600);
#1602 = DIRECTION('',(1.00000000,0.00000000,0.00000000));
#1603 = VECTOR('',#1602,1.0);
#1604 = LINE('',#1598,#1603);
#1605 = EDGE_CURVE('',#1599,#1601,#1604,.T.);
#1606 = ORIENTED_EDGE('',*,*,#1605,.T.);
#1607 = DIRECTION('',(0.00000000,-0.55557023,0.83146961));
#1608 = VECTOR('',#1607,1.0);
#1609 = LINE('',#1564,#1608);
#1610 = EDGE_CURVE('',#1565,#1601,#1609,.T.);
#1611 = ORIENTED_EDGE('',*,*,#1610,.F.);
#1612 = ORIENTED_EDGE('',*,*,#1573,.F.);
#1613 = DIRECTION('',(0.00000000,-0.55557023,0.83146961));
#1614 = VECTOR('',#1613,1.0);
#1615 = LINE('',#1562,#1614);
#1616 = EDGE_CURVE('',#1563,#1599,#1615,.T.);
#1617 = ORIENTED_EDGE('',*,*,#1616,.T.);
#1618 = EDGE_LOOP('',(#1606,#1611,#1612,#1617));
#1619 = FACE_OUTER_BOUND('',#1618,.T.);
#1620 = CARTESIAN_POINT('',(-700.00000000,-630.11857880,19.88142120));
#1621 = DIRECTION('',(-0.00000000,0.83146961,0.55557023));
#1622 = DIRECTION('',(1.00000000,0.00000000,0.00000000));
#1623 = AXIS2_PLACEMENT_3D('',#1620,#1621,#1622);
#1624 = PLANE('',#1623);
#1625 = ADVANCED_FACE('',(#1619),#1624,.T.);
#1626 = CARTESIAN_POINT('',(-700.00000000,-639.24025238,25.97632863));
#1627 = VERTEX_POINT('',#1626);
#1628 = CARTESIAN_POINT('',(310.00000000,-639.24025238,25.97632863));
#1629 = VERTEX_POINT('',#1628);
#1630 = DIRECTION('',(1.00000000,0.00000000,0.00000000));
#1631 = VECTOR('',#1630,1.0);
#1632 = LINE('',#1626,#1631);
#1633 = EDGE_CURVE('',#1627,#1629,#1632,.T.);
#1634 = ORIENTED_EDGE('',*,*,#1633,.T.);
#1635 = DIRECTION('',(0.00000000,-0.83146961,0.55557023));
#1636 = VECTOR('',#1635,1.0);
#1637 = LINE('',#1600,#1636);
#1638 = EDGE_CURVE('',#1601,#1629,#1637,.T.);
#1639 = ORIENTED_EDGE('',*,*,#1638,.F.);
#1640 = ORIENTED_EDGE('',*,*,#1605,.F.);
#1641 = DIRECTION('',(0.00000000,-0.83146961,0.55557023));
#1642 = VECTOR('',#1641,1.0);
#1643 = LINE('',#1598,#1642);
#1644 = EDGE_CURVE('',#1599,#1627,#1643,.T.);
#1645 = ORIENTED_EDGE('',*,*,#1644,.T.);
#1646 = EDGE_LOOP('',(#1634,#1639,#1640,#1645));
#1647 = FACE_OUTER_BOUND('',#1646,.T.);
#1648 = CARTESIAN_POINT('',(-700.00000000,-639.24025238,25.97632863));
#1649 = DIRECTION('',(-0.00000000,0.55557023,0.83146961));
#1650 = DIRECTION('',(1.00000000,0.00000000,0.00000000));
#1651 = AXIS2_PLACEMENT_3D('',#1648,#1649,#1650);
#1652 = PLANE('',#1651);
#1653 = ADVANCED_FACE('',(#1647),#1652,.T.);
#1654 = CARTESIAN_POINT('',(-700.00000000,-650.00000000,28.11657550));
#1655 = VERTEX_POINT('',#1654);
#1656 = CARTESIAN_POINT('',(310.00000000,-650.00000000,28.11657550));
#1657 = VERTEX_POINT('',#1656);
#1658 = DIRECTION('',(1.00000000,0.00000000,0.00000000));
#1659 = VECTOR('',#1658,1.0);
#1660 = LINE('',#1654,#1659);
#1661 = EDGE_CURVE('',#1655,#1657,#1660,.T.);
#1662 = ORIENTED_EDGE('',*,*,#1661,.T.);
#1663 = DIRECTION('',(0.00000000,-0.98078528,0.19509032));
#1664 = VECTOR('',#1663,1.0);
#1665 = LINE('',#1628,#1664);
#1666 = EDGE_CURVE('',#1629,#1657,#1665,.T.);
#1667 = ORIENTED_EDGE('',*,*,#1666,.F.);
#1668 = ORIENTED_EDGE('',*,*,#1633,.F.);
#1669 = DIRECTION('',(0.00000000,-0.98078528,0.19509032));
#1670 = VECTOR('',#1669,1.0);
#1671 = LINE('',#1626,#1670);
#1672 = EDGE_CURVE('',#1627,#1655,#1671,.T.);
#1673 = ORIENTED_EDGE('',*,*,#1672,.T.);
#1674 = EDGE_LOOP('',(#1662,#1667,#1668,#1673));
#1675 = FACE_OUTER_BOUND('',#1674,.T.);
#1676 = CARTESIAN_POINT('',(-700.00000000,-650.00000000,28.11657550));
#1677 = DIRECTION('',(-0.00000000,0.19509032,0.98078528));
#1678 = DIRECTION('',(1.00000000,0.00000000,0.00000000));
#1679 = AXIS2_PLACEMENT_3D('',#1676,#1677,#1678);
#1680 = PLANE('',#1679);
#1681 = ADVANCED_FACE('',(#1675),#1680,.T.);
#1682 = CARTESIAN_POINT('',(-700.00000000,-660.75974762,25.97632863));
#1683 = VERTEX_POINT('',#1682);
#1684 = CARTESIAN_POINT('',(310.00000000,-660.75974762,25.97632863));
#1685 = VERTEX_POINT('',#1684);
#1686 = DIRECTION('',(1.00000000,0.00000000,0.00000000));
#1687 = VECTOR('',#1686,1.0);
#1688 = LINE('',#1682,#1687);
#1689 = EDGE_CURVE('',#1683,#1685,#1688,.T.);
#1690 = ORIENTED_EDGE('',*,*,#1689,.T.);
#1691 = DIRECTION('',(0.00000000,-0.98078528,-0.19509032));
#1692 = VECTOR('',#1691,1.0);
#1693 = LINE('',#1656,#1692);
#1694 = EDGE_CURVE('',#1657,#1685,#1693,.T.);
#1695 = ORIENTED_EDGE('',*,*,#1694,.F.);
#1696 = ORIENTED_EDGE('',*,*,#1661,.F.);
#1697 = DIRECTION('',(0.00000000,-0.98078528,-0.19509032));
#1698 = VECTOR('',#1697,1.0);
#1699 = LINE('',#1654,#1698);
#1700 = EDGE_CURVE('',#1655,#1683,#1699,.T.);
#1701 = ORIENTED_EDGE('',*,*,#1700,.T.);
#1702 = EDGE_LOOP('',(#1690,#1695,#1696,#1701));
#1703 = FACE_OUTER_BOUND('',#1702,.T.);
#1704 = CARTESIAN_POINT('',(-700.00000000,-660.75974762,25.97632863));
#1705 = DIRECTION('',(0.00000000,-0.19509032,0.98078528));
#1706 = DIRECTION('',(1.00000000,0.00000000,0.00000000));
#1707 = AXIS2_PLACEMENT_3D('',#1704,#1705,#1706);
#1708 = PLANE('',#1707);
#1709 = ADVANCED_FACE('',(#1703),#1708,.T.);
#1710 = CARTESIAN_POINT('',(-700.00000000,-669.88142120,19.88142120));
#1711 = VERTEX_POINT('',#1710);
#1712 = CARTESIAN_POINT('',(310.00000000,-669.88142120,19.88142120));
#1713 = VERTEX_POINT('',#1712);
#1714 = DIRECTION('',(1.00000000,0.00000000,0.00000000));
#1715 = VECTOR('',#1714,1.0);
#1716 = LINE('',#1710,#1715);
#1717 = EDGE_CURVE('',#1711,#1713,#1716,.T.);
#1718 = ORIENTED_EDGE('',*,*,#1717,.T.);
#1719 = DIRECTION('',(0.00000000,-0.83146961,-0.55557023));
#1720 = VECTOR('',#1719,1.0);
#1721 = LINE('',#1684,#1720);
#1722 = EDGE_CURVE('',#1685,#1713,#1721,.T.);
#1723 = ORIENTED_EDGE('',*,*,#1722,.F.);
#1724 = ORIENTED_EDGE('',*,*,#1689,.F.);
#1725 = DIRECTION('',(0.00000000,-0.83146961,-0.55557023));
#1726 = VECTOR('',#1725,1.0);
#1727 = LINE('',#1682,#1726);
#1728 = EDGE_CURVE('',#1683,#1711,#1727,.T.);
#1729 = ORIENTED_EDGE('',*,*,#1728,.T.);
#1730 = EDGE_LOOP('',(#1718,#1723,#1724,#1729));
#1731 = FACE_OUTER_BOUND('',#1730,.T.);
#1732 = CARTESIAN_POINT('',(-700.00000000,-669.88142120,19.88142120));
#1733 = DIRECTION('',(0.00000000,-0.55557023,0.83146961));
#1734 = DIRECTION('',(1.00000000,0.00000000,0.00000000));
#1735 = AXIS2_PLACEMENT_3D('',#1732,#1733,#1734);
#1736 = PLANE('',#1735);
#1737 = ADVANCED_FACE('',(#1731),#1736,.T.);
#1738 = CARTESIAN_POINT('',(-700.00000000,-675.97632863,10.75974762));
#1739 = VERTEX_POINT('',#1738);
#1740 = CARTESIAN_POINT('',(310.00000000,-675.97632863,10.75974762));
#1741 = VERTEX_POINT('',#1740);
#1742 = DIRECTION('',(1.00000000,0.00000000,0.00000000));
#1743 = VECTOR('',#1742,1.0);
#1744 = LINE('',#1738,#1743);
#1745 = EDGE_CURVE('',#1739,#1741,#1744,.T.);
#1746 = ORIENTED_EDGE('',*,*,#1745,.T.);
#1747 = DIRECTION('',(0.00000000,-0.55557023,-0.83146961));
#1748 = VECTOR('',#1747,1.0);
#1749 = LINE('',#1712,#1748);
#1750 = EDGE_CURVE('',#1713,#1741,#1749,.T.);
#1751 = ORIENTED_EDGE('',*,*,#1750,.F.);
#1752 = ORIENTED_EDGE('',*,*,#1717,.F.);
#1753 = DIRECTION('',(0.00000000,-0.55557023,-0.83146961));
#1754 = VECTOR('',#1753,1.0);
#1755 = LINE('',#1710,#1754);
#1756 = EDGE_CURVE('',#1711,#1739,#1755,.T.);
#1757 = ORIENTED_EDGE('',*,*,#1756,.T.);
#1758 = EDGE_LOOP('',(#1746,#1751,#1752,#1757));
#1759 = FACE_OUTER_BOUND('',#1758,.T.);
#1760 = CARTESIAN_POINT('',(-700.00000000,-675.97632863,10.75974762));
#1761 = DIRECTION('',(0.00000000,-0.83146961,0.55557023));
#1762 = DIRECTION('',(1.00000000,0.00000000,0.00000000));
#1763 = AXIS2_PLACEMENT_3D('',#1760,#1761,#1762);
#1764 = PLANE('',#1763);
#1765 = ADVANCED_FACE('',(#1759),#1764,.T.);
#1766 = CARTESIAN_POINT('',(-700.00000000,-678.11657550,0.00000000));
#1767 = VERTEX_POINT('',#1766);
#1768 = CARTESIAN_POINT('',(310.00000000,-678.11657550,0.00000000));
#1769 = VERTEX_POINT('',#1768);
#1770 = DIRECTION('',(1.00000000,0.00000000,0.00000000));
#1771 = VECTOR('',#1770,1.0);
#1772 = LINE('',#1766,#1771);
#1773 = EDGE_CURVE('',#1767,#1769,#1772,.T.);
#1774 = ORIENTED_EDGE('',*,*,#1773,.T.);
#1775 = DIRECTION('',(0.00000000,-0.19509032,-0.98078528));
#1776 = VECTOR('',#1775,1.0);
#1777 = LINE('',#1740,#1776);
#1778 = EDGE_CURVE('',#1741,#1769,#1777,.T.);
#1779 = ORIENTED_EDGE('',*,*,#1778,.F.);
#1780 = ORIENTED_EDGE('',*,*,#1745,.F.);
#1781 = DIRECTION('',(0.00000000,-0.19509032,-0.98078528));
#1782 = VECTOR('',#1781,1.0);
#1783 = LINE('',#1738,#1782);
#1784 = EDGE_CURVE('',#1739,#1767,#1783,.T.);
#1785 = ORIENTED_EDGE('',*,*,#1784,.T.);
#1786 = EDGE_LOOP('',(#1774,#1779,#1780,#1785));
#1787 = FACE_OUTER_BOUND('',#1786,.T.);
#1788 = CARTESIAN_POINT('',(-700.00000000,-678.11657550,0.00000000));
#1789 = DIRECTION('',(0.00000000,-0.98078528,0.19509032));
#1790 = DIRECTION('',(1.00000000,0.00000000,0.00000000));
#1791 = AXIS2_PLACEMENT_3D('',#1788,#1789,#1790);
#1792 = PLANE('',#1791);
#1793 = ADVANCED_FACE('',(#1787),#1792,.T.);
#1794 = CARTESIAN_POINT('',(-700.00000000,-675.97632863,-10.75974762));
#1795 = VERTEX_POINT('',#1794);
#1796 = CARTESIAN_POINT('',(310.00000000,-675.97632863,-10.75974762));
#1797 = VERTEX_POINT('',#1796);
#1798 = DIRECTION('',(1.00000000,0.00000000,0.00000000));
#1799 = VECTOR('',#1798,1.0);
#1800 = LINE('',#1794,#1799);
#1801 = EDGE_CURVE('',#1795,#1797,#1800,.T.);
#1802 = ORIENTED_EDGE('',*,*,#1801,.T.);
#1803 = DIRECTION('',(0.00000000,0.19509032,-0.98078528));
#1804 = VECTOR('',#1803,1.0);
#1805 = LINE('',#1768,#1804);
#1806 = EDGE_CURVE('',#1769,#1797,#1805,.T.);
#1807 = ORIENTED_EDGE('',*,*,#1806,.F.);
#1808 = ORIENTED_EDGE('',*,*,#1773,.F.);
#1809 = DIRECTION('',(0.00000000,0.19509032,-0.98078528));
#1810 = VECTOR('',#1809,1.0);
#1811 = LINE('',#1766,#1810);
#1812 = EDGE_CURVE('',#1767,#1795,#1811,.T.);
#1813 = ORIENTED_EDGE('',*,*,#1812,.T.);
#1814 = EDGE_LOOP('',(#1802,#1807,#1808,#1813));
#1815 = FACE_OUTER_BOUND('',#1814,.T.);
#1816 = CARTESIAN_POINT('',(-700.00000000,-675.97632863,-10.75974762));
#1817 = DIRECTION('',(0.00000000,-0.98078528,-0.19509032));
#1818 = DIRECTION('',(1.00000000,0.00000000,0.00000000));
#1819 = AXIS2_PLACEMENT_3D('',#1816,#1817,#1818);
#1820 = PLANE('',#1819);
#1821 = ADVANCED_FACE('',(#1815),#1820,.T.);
#1822 = CARTESIAN_POINT('',(-700.00000000,-669.88142120,-19.88142120));
#1823 = VERTEX_POINT('',#1822);
#1824 = CARTESIAN_POINT('',(310.00000000,-669.88142120,-19.88142120));
#1825 = VERTEX_POINT('',#1824);
#1826 = DIRECTION('',(1.00000000,0.00000000,0.00000000));
#1827 = VECTOR('',#1826,1.0);
#1828 = LINE('',#1822,#1827);
#1829 = EDGE_CURVE('',#1823,#1825,#1828,.T.);
#1830 = ORIENTED_EDGE('',*,*,#1829,.T.);
#1831 = DIRECTION('',(0.00000000,0.55557023,-0.83146961));
#1832 = VECTOR('',#1831,1.0);
#1833 = LINE('',#1796,#1832);
#1834 = EDGE_CURVE('',#1797,#1825,#1833,.T.);
#1835 = ORIENTED_EDGE('',*,*,#1834,.F.);
#1836 = ORIENTED_EDGE('',*,*,#1801,.F.);
#1837 = DIRECTION('',(0.00000000,0.55557023,-0.83146961));
#1838 = VECTOR('',#1837,1.0);
#1839 = LINE('',#1794,#1838);
#1840 = EDGE_CURVE('',#1795,#1823,#1839,.T.);
#1841 = ORIENTED_EDGE('',*,*,#1840,.T.);
#1842 = EDGE_LOOP('',(#1830,#1835,#1836,#1841));
#1843 = FACE_OUTER_BOUND('',#1842,.T.);
#1844 = CARTESIAN_POINT('',(-700.00000000,-669.88142120,-19.88142120));
#1845 = DIRECTION('',(0.00000000,-0.83146961,-0.55557023));
#1846 = DIRECTION('',(1.00000000,0.00000000,0.00000000));
#1847 = AXIS2_PLACEMENT_3D('',#1844,#1845,#1846);
#1848 = PLANE('',#1847);
#1849 = ADVANCED_FACE('',(#1843),#1848,.T.);
#1850 = CARTESIAN_POINT('',(-700.00000000,-660.75974762,-25.97632863));
#1851 = VERTEX_POINT('',#1850);
#1852 = CARTESIAN_POINT('',(310.00000000,-660.75974762,-25.97632863));
#1853 = VERTEX_POINT('',#1852);
#1854 = DIRECTION('',(1.00000000,0.00000000,0.00000000));
#1855 = VECTOR('',#1854,1.0);
#1856 = LINE('',#1850,#1855);
#1857 = EDGE_CURVE('',#1851,#1853,#1856,.T.);
#1858 = ORIENTED_EDGE('',*,*,#1857,.T.);
#1859 = DIRECTION('',(0.00000000,0.83146961,-0.55557023));
#1860 = VECTOR('',#1859,1.0);
#1861 = LINE('',#1824,#1860);
#1862 = EDGE_CURVE('',#1825,#1853,#1861,.T.);
#1863 = ORIENTED_EDGE('',*,*,#1862,.F.);
#1864 = ORIENTED_EDGE('',*,*,#1829,.F.);
#1865 = DIRECTION('',(0.00000000,0.83146961,-0.55557023));
#1866 = VECTOR('',#1865,1.0);
#1867 = LINE('',#1822,#1866);
#1868 = EDGE_CURVE('',#1823,#1851,#1867,.T.);
#1869 = ORIENTED_EDGE('',*,*,#1868,.T.);
#1870 = EDGE_LOOP('',(#1858,#1863,#1864,#1869));
#1871 = FACE_OUTER_BOUND('',#1870,.T.);
#1872 = CARTESIAN_POINT('',(-700.00000000,-660.75974762,-25.97632863));
#1873 = DIRECTION('',(0.00000000,-0.55557023,-0.83146961));
#1874 = DIRECTION('',(1.00000000,0.00000000,0.00000000));
#1875 = AXIS2_PLACEMENT_3D('',#1872,#1873,#1874);
#1876 = PLANE('',#1875);
#1877 = ADVANCED_FACE('',(#1871),#1876,.T.);
#1878 = CARTESIAN_POINT('',(-700.00000000,-650.00000000,-28.11657550));
#1879 = VERTEX_POINT('',#1878);
#1880 = CARTESIAN_POINT('',(310.00000000,-650.00000000,-28.11657550));
#1881 = VERTEX_POINT('',#1880);
#1882 = DIRECTION('',(1.00000000,0.00000000,0.00000000));
#1883 = VECTOR('',#1882,1.0);
#1884 = LINE('',#1878,#1883);
#1885 = EDGE_CURVE('',#1879,#1881,#1884,.T.);
#1886 = ORIENTED_EDGE('',*,*,#1885,.T.);
#1887 = DIRECTION('',(0.00000000,0.98078528,-0.19509032));
#1888 = VECTOR('',#1887,1.0);
#1889 = LINE('',#1852,#1888);
#1890 = EDGE_CURVE('',#1853,#1881,#1889,.T.);
#1891 = ORIENTED_EDGE('',*,*,#1890,.F.);
#1892 = ORIENTED_EDGE('',*,*,#1857,.F.);
#1893 = DIRECTION('',(0.00000000,0.98078528,-0.19509032));
#1894 = VECTOR('',#1893,1.0);
#1895 = LINE('',#1850,#1894);
#1896 = EDGE_CURVE('',#1851,#1879,#1895,.T.);
#1897 = ORIENTED_EDGE('',*,*,#1896,.T.);
#1898 = EDGE_LOOP('',(#1886,#1891,#1892,#1897));
#1899 = FACE_OUTER_BOUND('',#1898,.T.);
#1900 = CARTESIAN_POINT('',(-700.00000000,-650.00000000,-28.11657550));
#1901 = DIRECTION('',(0.00000000,-0.19509032,-0.98078528));
#1902 = DIRECTION('',(1.00000000,0.00000000,0.00000000));
#1903 = AXIS2_PLACEMENT_3D('',#1900,#1901,#1902);
#1904 = PLANE('',#1903);
#1905 = ADVANCED_FACE('',(#1899),#1904,.T.);
#1906 = CARTESIAN_POINT('',(-700.00000000,-639.24025238,-25.97632863));
#1907 = VERTEX_POINT('',#1906);
#1908 = CARTESIAN_POINT('',(310.00000000,-639.24025238,-25.97632863));
#1909 = VERTEX_POINT('',#1908);
#1910 = DIRECTION('',(1.00000000,0.00000000,0.00000000));
#1911 = VECTOR('',#1910,1.0);
#1912 = LINE('',#1906,#1911);
#1913 = EDGE_CURVE('',#1907,#1909,#1912,.T.);
#1914 = ORIENTED_EDGE('',*,*,#1913,.T.);
#1915 = DIRECTION('',(0.00000000,0.98078528,0.19509032));
#1916 = VECTOR('',#1915,1.0);
#1917 = LINE('',#1880,#1916);
#1918 = EDGE_CURVE('',#1881,#1909,#1917,.T.);
#1919 = ORIENTED_EDGE('',*,*,#1918,.F.);
#1920 = ORIENTED_EDGE('',*,*,#1885,.F.);
#1921 = DIRECTION('',(0.00000000,0.98078528,0.19509032));
#1922 = VECTOR('',#1921,1.0);
#1923 = LINE('',#1878,#1922);
#1924 = EDGE_CURVE('',#1879,#1907,#1923,.T.);
#1925 = ORIENTED_EDGE('',*,*,#1924,.T.);
#1926 = EDGE_LOOP('',(#1914,#1919,#1920,#1925));
#1927 = FACE_OUTER_BOUND('',#1926,.T.);
#1928 = CARTESIAN_POINT('',(-700.00000000,-639.24025238,-25.97632863));
#1929 = DIRECTION('',(0.00000000,0.19509032,-0.98078528));
#1930 = DIRECTION('',(1.00000000,0.00000000,0.00000000));
#1931 = AXIS2_PLACEMENT_3D('',#1928,#1929,#1930);
#1932 = PLANE('',#1931);
#1933 = ADVANCED_FACE('',(#1927),#1932,.T.);
#1934 = CARTESIAN_POINT('',(-700.00000000,-630.11857880,-19.88142120));
#1935 = VERTEX_POINT('',#1934);
#1936 = CARTESIAN_POINT('',(310.00000000,-630.11857880,-19.88142120));
#1937 = VERTEX_POINT('',#1936);
#1938 = DIRECTION('',(1.00000000,0.00000000,0.00000000));
#1939 = VECTOR('',#1938,1.0);
#1940 = LINE('',#1934,#1939);
#1941 = EDGE_CURVE('',#1935,#1937,#1940,.T.);
#1942 = ORIENTED_EDGE('',*,*,#1941,.T.);
#1943 = DIRECTION('',(0.00000000,0.83146961,0.55557023));
#1944 = VECTOR('',#1943,1.0);
#1945 = LINE('',#1908,#1944);
#1946 = EDGE_CURVE('',#1909,#1937,#1945,.T.);
#1947 = ORIENTED_EDGE('',*,*,#1946,.F.);
#1948 = ORIENTED_EDGE('',*,*,#1913,.F.);
#1949 = DIRECTION('',(0.00000000,0.83146961,0.55557023));
#1950 = VECTOR('',#1949,1.0);
#1951 = LINE('',#1906,#1950);
#1952 = EDGE_CURVE('',#1907,#1935,#1951,.T.);
#1953 = ORIENTED_EDGE('',*,*,#1952,.T.);
#1954 = EDGE_LOOP('',(#1942,#1947,#1948,#1953));
#1955 = FACE_OUTER_BOUND('',#1954,.T.);
#1956 = CARTESIAN_POINT('',(-700.00000000,-630.11857880,-19.88142120));
#1957 = DIRECTION('',(0.00000000,0.55557023,-0.83146961));
#1958 = DIRECTION('',(1.00000000,0.00000000,0.00000000));
#1959 = AXIS2_PLACEMENT_3D('',#1956,#1957,#1958);
#1960 = PLANE('',#1959);
#1961 = ADVANCED_FACE('',(#1955),#1960,.T.);
#1962 = CARTESIAN_POINT('',(-700.00000000,-624.02367137,-10.75974762));
#1963 = VERTEX_POINT('',#1962);
#1964 = CARTESIAN_POINT('',(310.00000000,-624.02367137,-10.75974762));
#1965 = VERTEX_POINT('',#1964);
#1966 = DIRECTION('',(1.00000000,0.00000000,0.00000000));
#1967 = VECTOR('',#1966,1.0);
#1968 = LINE('',#1962,#1967);
#1969 = EDGE_CURVE('',#1963,#1965,#1968,.T.);
#1970 = ORIENTED_EDGE('',*,*,#1969,.T.);
#1971 = DIRECTION('',(0.00000000,0.55557023,0.83146961));
#1972 = VECTOR('',#1971,1.0);
#1973 = LINE('',#1936,#1972);
#1974 = EDGE_CURVE('',#1937,#1965,#1973,.T.);
#1975 = ORIENTED_EDGE('',*,*,#1974,.F.);
#1976 = ORIENTED_EDGE('',*,*,#1941,.F.);
#1977 = DIRECTION('',(0.00000000,0.55557023,0.83146961));
#1978 = VECTOR('',#1977,1.0);
#1979 = LINE('',#1934,#1978);
#1980 = EDGE_CURVE('',#1935,#1963,#1979,.T.);
#1981 = ORIENTED_EDGE('',*,*,#1980,.T.);
#1982 = EDGE_LOOP('',(#1970,#1975,#1976,#1981));
#1983 = FACE_OUTER_BOUND('',#1982,.T.);
#1984 = CARTESIAN_POINT('',(-700.00000000,-624.02367137,-10.75974762));
#1985 = DIRECTION('',(0.00000000,0.83146961,-0.55557023));
#1986 = DIRECTION('',(1.00000000,0.00000000,0.00000000));
#1987 = AXIS2_PLACEMENT_3D('',#1984,#1985,#1986);
#1988 = PLANE('',#1987);
#1989 = ADVANCED_FACE('',(#1983),#1988,.T.);
#1990 = ORIENTED_EDGE('',*,*,#1583,.F.);
#1991 = DIRECTION('',(0.00000000,-0.19509032,-0.98078528));
#1992 = VECTOR('',#1991,1.0);
#1993 = LINE('',#1566,#1992);
#1994 = EDGE_CURVE('',#1567,#1965,#1993,.T.);
#1995 = ORIENTED_EDGE('',*,*,#1994,.T.);
#1996 = ORIENTED_EDGE('',*,*,#1969,.F.);
#1997 = DIRECTION('',(0.00000000,-0.19509032,-0.98078528));
#1998 = VECTOR('',#1997,1.0);
#1999 = LINE('',#1568,#1998);
#2000 = EDGE_CURVE('',#1569,#1963,#1999,.T.);
#2001 = ORIENTED_EDGE('',*,*,#2000,.F.);
#2002 = EDGE_LOOP('',(#1990,#1995,#1996,#2001));
#2003 = FACE_OUTER_BOUND('',#2002,.T.);
#2004 = CARTESIAN_POINT('',(-700.00000000,-621.88342450,0.00000000));
#2005 = DIRECTION('',(0.00000000,0.98078528,-0.19509032));
#2006 = DIRECTION('',(1.00000000,0.00000000,0.00000000));
#2007 = AXIS2_PLACEMENT_3D('',#2004,#2005,#2006);
#2008 = PLANE('',#2007);
#2009 = ADVANCED_FACE('',(#2003),#2008,.T.);
#2010 = ORIENTED_EDGE('',*,*,#1980,.F.);
#2011 = ORIENTED_EDGE('',*,*,#1952,.F.);
#2012 = ORIENTED_EDGE('',*,*,#1924,.F.);
#2013 = ORIENTED_EDGE('',*,*,#1896,.F.);
#2014 = ORIENTED_EDGE('',*,*,#1868,.F.);
#2015 = ORIENTED_EDGE('',*,*,#1840,.F.);
#2016 = ORIENTED_EDGE('',*,*,#1812,.F.);
#2017 = ORIENTED_EDGE('',*,*,#1784,.F.);
#2018 = ORIENTED_EDGE('',*,*,#1756,.F.);
#2019 = ORIENTED_EDGE('',*,*,#1728,.F.);
#2020 = ORIENTED_EDGE('',*,*,#1700,.F.);
#2021 = ORIENTED_EDGE('',*,*,#1672,.F.);
#2022 = ORIENTED_EDGE('',*,*,#1644,.F.);
#2023 = ORIENTED_EDGE('',*,*,#1616,.F.);
#2024 = ORIENTED_EDGE('',*,*,#1588,.T.);
#2025 = ORIENTED_EDGE('',*,*,#2000,.T.);
#2026 = EDGE_LOOP('',(#2010,#2011,#2012,#2013,#2014,#2015,#2016,#2017,#2018,#2019,#2020,#2021,#2022,#2023,#2024,#2025));
#2027 = FACE_OUTER_BOUND('',#2026,.T.);
#2028 = CARTESIAN_POINT('',(-700.00000000,-624.02367137,-10.75974762));
#2029 = DIRECTION('',(-1.00000000,0.00000000,0.00000000));
#2030 = DIRECTION('',(0.00000000,-0.55557023,-0.83146961));
#2031 = AXIS2_PLACEMENT_3D('',#2028,#2029,#2030);
#2032 = PLANE('',#2031);
#2033 = ADVANCED_FACE('',(#2027),#2032,.T.);
#2034 = ORIENTED_EDGE('',*,*,#1578,.F.);
#2035 = ORIENTED_EDGE('',*,*,#1610,.T.);
#2036 = ORIENTED_EDGE('',*,*,#1638,.T.);
#2037 = ORIENTED_EDGE('',*,*,#1666,.T.);
#2038 = ORIENTED_EDGE('',*,*,#1694,.T.);
#2039 = ORIENTED_EDGE('',*,*,#1722,.T.);
#2040 = ORIENTED_EDGE('',*,*,#1750,.T.);
#2041 = ORIENTED_EDGE('',*,*,#1778,.T.);
#2042 = ORIENTED_EDGE('',*,*,#1806,.T.);
#2043 = ORIENTED_EDGE('',*,*,#1834,.T.);
#2044 = ORIENTED_EDGE('',*,*,#1862,.T.);
#2045 = ORIENTED_EDGE('',*,*,#1890,.T.);
#2046 = ORIENTED_EDGE('',*,*,#1918,.T.);
#2047 = ORIENTED_EDGE('',*,*,#1946,.T.);
#2048 = ORIENTED_EDGE('',*,*,#1974,.T.);
#2049 = ORIENTED_EDGE('',*,*,#1994,.F.);
#2050 = EDGE_LOOP('',(#2034,#2035,#2036,#2037,#2038,#2039,#2040,#2041,#2042,#2043,#2044,#2045,#2046,#2047,#2048,#2049));
#2051 = FACE_OUTER_BOUND('',#2050,.T.);
#2052 = CARTESIAN_POINT('',(310.00000000,-621.88342450,0.00000000));
#2053 = DIRECTION('',(1.00000000,0.00000000,0.00000000));
#2054 = DIRECTION('',(0.00000000,-0.19509032,0.98078528));
#2055 = AXIS2_PLACEMENT_3D('',#2052,#2053,#2054);
#2056 = PLANE('',#2055);
#2057 = ADVANCED_FACE('',(#2051),#2056,.T.);
#2058 = CLOSED_SHELL('',(#1597,#1625,#1653,#1681,#1709,#1737,#1765,#1793,#1821,#1849,#1877,#1905,#1933,#1961,#1989,#2009,#2033,#2057));
#2059 = MANIFOLD_SOLID_BREP('',#2058);
#2060 = CARTESIAN_POINT('',(-700.00000000,675.97632863,10.75974762));
#2061 = VERTEX_POINT('',#2060);
#2062 = CARTESIAN_POINT('',(310.00000000,675.97632863,10.75974762));
#2063 = VERTEX_POINT('',#2062);
#2064 = CARTESIAN_POINT('',(310.00000000,678.11657550,0.00000000));
#2065 = VERTEX_POINT('',#2064);
#2066 = CARTESIAN_POINT('',(-700.00000000,678.11657550,0.00000000));
#2067 = VERTEX_POINT('',#2066);
#2068 = DIRECTION('',(1.00000000,0.00000000,0.00000000));
#2069 = VECTOR('',#2068,1.0);
#2070 = LINE('',#2060,#2069);
#2071 = EDGE_CURVE('',#2061,#2063,#2070,.T.);
#2072 = ORIENTED_EDGE('',*,*,#2071,.T.);
#2073 = DIRECTION('',(0.00000000,0.19509032,-0.98078528));
#2074 = VECTOR('',#2073,1.0);
#2075 = LINE('',#2062,#2074);
#2076 = EDGE_CURVE('',#2063,#2065,#2075,.T.);
#2077 = ORIENTED_EDGE('',*,*,#2076,.T.);
#2078 = DIRECTION('',(-1.00000000,0.00000000,0.00000000));
#2079 = VECTOR('',#2078,1.0);
#2080 = LINE('',#2064,#2079);
#2081 = EDGE_CURVE('',#2065,#2067,#2080,.T.);
#2082 = ORIENTED_EDGE('',*,*,#2081,.T.);
#2083 = DIRECTION('',(0.00000000,0.19509032,-0.98078528));
#2084 = VECTOR('',#2083,1.0);
#2085 = LINE('',#2060,#2084);
#2086 = EDGE_CURVE('',#2061,#2067,#2085,.T.);
#2087 = ORIENTED_EDGE('',*,*,#2086,.F.);
#2088 = EDGE_LOOP('',(#2072,#2077,#2082,#2087));
#2089 = FACE_OUTER_BOUND('',#2088,.T.);
#2090 = CARTESIAN_POINT('',(-700.00000000,675.97632863,10.75974762));
#2091 = DIRECTION('',(-0.00000000,0.98078528,0.19509032));
#2092 = DIRECTION('',(1.00000000,0.00000000,0.00000000));
#2093 = AXIS2_PLACEMENT_3D('',#2090,#2091,#2092);
#2094 = PLANE('',#2093);
#2095 = ADVANCED_FACE('',(#2089),#2094,.T.);
#2096 = CARTESIAN_POINT('',(-700.00000000,669.88142120,19.88142120));
#2097 = VERTEX_POINT('',#2096);
#2098 = CARTESIAN_POINT('',(310.00000000,669.88142120,19.88142120));
#2099 = VERTEX_POINT('',#2098);
#2100 = DIRECTION('',(1.00000000,0.00000000,0.00000000));
#2101 = VECTOR('',#2100,1.0);
#2102 = LINE('',#2096,#2101);
#2103 = EDGE_CURVE('',#2097,#2099,#2102,.T.);
#2104 = ORIENTED_EDGE('',*,*,#2103,.T.);
#2105 = DIRECTION('',(0.00000000,-0.55557023,0.83146961));
#2106 = VECTOR('',#2105,1.0);
#2107 = LINE('',#2062,#2106);
#2108 = EDGE_CURVE('',#2063,#2099,#2107,.T.);
#2109 = ORIENTED_EDGE('',*,*,#2108,.F.);
#2110 = ORIENTED_EDGE('',*,*,#2071,.F.);
#2111 = DIRECTION('',(0.00000000,-0.55557023,0.83146961));
#2112 = VECTOR('',#2111,1.0);
#2113 = LINE('',#2060,#2112);
#2114 = EDGE_CURVE('',#2061,#2097,#2113,.T.);
#2115 = ORIENTED_EDGE('',*,*,#2114,.T.);
#2116 = EDGE_LOOP('',(#2104,#2109,#2110,#2115));
#2117 = FACE_OUTER_BOUND('',#2116,.T.);
#2118 = CARTESIAN_POINT('',(-700.00000000,669.88142120,19.88142120));
#2119 = DIRECTION('',(-0.00000000,0.83146961,0.55557023));
#2120 = DIRECTION('',(1.00000000,0.00000000,0.00000000));
#2121 = AXIS2_PLACEMENT_3D('',#2118,#2119,#2120);
#2122 = PLANE('',#2121);
#2123 = ADVANCED_FACE('',(#2117),#2122,.T.);
#2124 = CARTESIAN_POINT('',(-700.00000000,660.75974762,25.97632863));
#2125 = VERTEX_POINT('',#2124);
#2126 = CARTESIAN_POINT('',(310.00000000,660.75974762,25.97632863));
#2127 = VERTEX_POINT('',#2126);
#2128 = DIRECTION('',(1.00000000,0.00000000,0.00000000));
#2129 = VECTOR('',#2128,1.0);
#2130 = LINE('',#2124,#2129);
#2131 = EDGE_CURVE('',#2125,#2127,#2130,.T.);
#2132 = ORIENTED_EDGE('',*,*,#2131,.T.);
#2133 = DIRECTION('',(0.00000000,-0.83146961,0.55557023));
#2134 = VECTOR('',#2133,1.0);
#2135 = LINE('',#2098,#2134);
#2136 = EDGE_CURVE('',#2099,#2127,#2135,.T.);
#2137 = ORIENTED_EDGE('',*,*,#2136,.F.);
#2138 = ORIENTED_EDGE('',*,*,#2103,.F.);
#2139 = DIRECTION('',(0.00000000,-0.83146961,0.55557023));
#2140 = VECTOR('',#2139,1.0);
#2141 = LINE('',#2096,#2140);
#2142 = EDGE_CURVE('',#2097,#2125,#2141,.T.);
#2143 = ORIENTED_EDGE('',*,*,#2142,.T.);
#2144 = EDGE_LOOP('',(#2132,#2137,#2138,#2143));
#2145 = FACE_OUTER_BOUND('',#2144,.T.);
#2146 = CARTESIAN_POINT('',(-700.00000000,660.75974762,25.97632863));
#2147 = DIRECTION('',(-0.00000000,0.55557023,0.83146961));
#2148 = DIRECTION('',(1.00000000,0.00000000,0.00000000));
#2149 = AXIS2_PLACEMENT_3D('',#2146,#2147,#2148);
#2150 = PLANE('',#2149);
#2151 = ADVANCED_FACE('',(#2145),#2150,.T.);
#2152 = CARTESIAN_POINT('',(-700.00000000,650.00000000,28.11657550));
#2153 = VERTEX_POINT('',#2152);
#2154 = CARTESIAN_POINT('',(310.00000000,650.00000000,28.11657550));
#2155 = VERTEX_POINT('',#2154);
#2156 = DIRECTION('',(1.00000000,0.00000000,0.00000000));
#2157 = VECTOR('',#2156,1.0);
#2158 = LINE('',#2152,#2157);
#2159 = EDGE_CURVE('',#2153,#2155,#2158,.T.);
#2160 = ORIENTED_EDGE('',*,*,#2159,.T.);
#2161 = DIRECTION('',(0.00000000,-0.98078528,0.19509032));
#2162 = VECTOR('',#2161,1.0);
#2163 = LINE('',#2126,#2162);
#2164 = EDGE_CURVE('',#2127,#2155,#2163,.T.);
#2165 = ORIENTED_EDGE('',*,*,#2164,.F.);
#2166 = ORIENTED_EDGE('',*,*,#2131,.F.);
#2167 = DIRECTION('',(0.00000000,-0.98078528,0.19509032));
#2168 = VECTOR('',#2167,1.0);
#2169 = LINE('',#2124,#2168);
#2170 = EDGE_CURVE('',#2125,#2153,#2169,.T.);
#2171 = ORIENTED_EDGE('',*,*,#2170,.T.);
#2172 = EDGE_LOOP('',(#2160,#2165,#2166,#2171));
#2173 = FACE_OUTER_BOUND('',#2172,.T.);
#2174 = CARTESIAN_POINT('',(-700.00000000,650.00000000,28.11657550));
#2175 = DIRECTION('',(-0.00000000,0.19509032,0.98078528));
#2176 = DIRECTION('',(1.00000000,0.00000000,0.00000000));
#2177 = AXIS2_PLACEMENT_3D('',#2174,#2175,#2176);
#2178 = PLANE('',#2177);
#2179 = ADVANCED_FACE('',(#2173),#2178,.T.);
#2180 = CARTESIAN_POINT('',(-700.00000000,639.24025238,25.97632863));
#2181 = VERTEX_POINT('',#2180);
#2182 = CARTESIAN_POINT('',(310.00000000,639.24025238,25.97632863));
#2183 = VERTEX_POINT('',#2182);
#2184 = DIRECTION('',(1.00000000,0.00000000,0.00000000));
#2185 = VECTOR('',#2184,1.0);
#2186 = LINE('',#2180,#2185);
#2187 = EDGE_CURVE('',#2181,#2183,#2186,.T.);
#2188 = ORIENTED_EDGE('',*,*,#2187,.T.);
#2189 = DIRECTION('',(0.00000000,-0.98078528,-0.19509032));
#2190 = VECTOR('',#2189,1.0);
#2191 = LINE('',#2154,#2190);
#2192 = EDGE_CURVE('',#2155,#2183,#2191,.T.);
#2193 = ORIENTED_EDGE('',*,*,#2192,.F.);
#2194 = ORIENTED_EDGE('',*,*,#2159,.F.);
#2195 = DIRECTION('',(0.00000000,-0.98078528,-0.19509032));
#2196 = VECTOR('',#2195,1.0);
#2197 = LINE('',#2152,#2196);
#2198 = EDGE_CURVE('',#2153,#2181,#2197,.T.);
#2199 = ORIENTED_EDGE('',*,*,#2198,.T.);
#2200 = EDGE_LOOP('',(#2188,#2193,#2194,#2199));
#2201 = FACE_OUTER_BOUND('',#2200,.T.);
#2202 = CARTESIAN_POINT('',(-700.00000000,639.24025238,25.97632863));
#2203 = DIRECTION('',(0.00000000,-0.19509032,0.98078528));
#2204 = DIRECTION('',(1.00000000,0.00000000,0.00000000));
#2205 = AXIS2_PLACEMENT_3D('',#2202,#2203,#2204);
#2206 = PLANE('',#2205);
#2207 = ADVANCED_FACE('',(#2201),#2206,.T.);
#2208 = CARTESIAN_POINT('',(-700.00000000,630.11857880,19.88142120));
#2209 = VERTEX_POINT('',#2208);
#2210 = CARTESIAN_POINT('',(310.00000000,630.11857880,19.88142120));
#2211 = VERTEX_POINT('',#2210);
#2212 = DIRECTION('',(1.00000000,0.00000000,0.00000000));
#2213 = VECTOR('',#2212,1.0);
#2214 = LINE('',#2208,#2213);
#2215 = EDGE_CURVE('',#2209,#2211,#2214,.T.);
#2216 = ORIENTED_EDGE('',*,*,#2215,.T.);
#2217 = DIRECTION('',(0.00000000,-0.83146961,-0.55557023));
#2218 = VECTOR('',#2217,1.0);
#2219 = LINE('',#2182,#2218);
#2220 = EDGE_CURVE('',#2183,#2211,#2219,.T.);
#2221 = ORIENTED_EDGE('',*,*,#2220,.F.);
#2222 = ORIENTED_EDGE('',*,*,#2187,.F.);
#2223 = DIRECTION('',(0.00000000,-0.83146961,-0.55557023));
#2224 = VECTOR('',#2223,1.0);
#2225 = LINE('',#2180,#2224);
#2226 = EDGE_CURVE('',#2181,#2209,#2225,.T.);
#2227 = ORIENTED_EDGE('',*,*,#2226,.T.);
#2228 = EDGE_LOOP('',(#2216,#2221,#2222,#2227));
#2229 = FACE_OUTER_BOUND('',#2228,.T.);
#2230 = CARTESIAN_POINT('',(-700.00000000,630.11857880,19.88142120));
#2231 = DIRECTION('',(0.00000000,-0.55557023,0.83146961));
#2232 = DIRECTION('',(1.00000000,0.00000000,0.00000000));
#2233 = AXIS2_PLACEMENT_3D('',#2230,#2231,#2232);
#2234 = PLANE('',#2233);
#2235 = ADVANCED_FACE('',(#2229),#2234,.T.);
#2236 = CARTESIAN_POINT('',(-700.00000000,624.02367137,10.75974762));
#2237 = VERTEX_POINT('',#2236);
#2238 = CARTESIAN_POINT('',(310.00000000,624.02367137,10.75974762));
#2239 = VERTEX_POINT('',#2238);
#2240 = DIRECTION('',(1.00000000,0.00000000,0.00000000));
#2241 = VECTOR('',#2240,1.0);
#2242 = LINE('',#2236,#2241);
#2243 = EDGE_CURVE('',#2237,#2239,#2242,.T.);
#2244 = ORIENTED_EDGE('',*,*,#2243,.T.);
#2245 = DIRECTION('',(0.00000000,-0.55557023,-0.83146961));
#2246 = VECTOR('',#2245,1.0);
#2247 = LINE('',#2210,#2246);
#2248 = EDGE_CURVE('',#2211,#2239,#2247,.T.);
#2249 = ORIENTED_EDGE('',*,*,#2248,.F.);
#2250 = ORIENTED_EDGE('',*,*,#2215,.F.);
#2251 = DIRECTION('',(0.00000000,-0.55557023,-0.83146961));
#2252 = VECTOR('',#2251,1.0);
#2253 = LINE('',#2208,#2252);
#2254 = EDGE_CURVE('',#2209,#2237,#2253,.T.);
#2255 = ORIENTED_EDGE('',*,*,#2254,.T.);
#2256 = EDGE_LOOP('',(#2244,#2249,#2250,#2255));
#2257 = FACE_OUTER_BOUND('',#2256,.T.);
#2258 = CARTESIAN_POINT('',(-700.00000000,624.02367137,10.75974762));
#2259 = DIRECTION('',(0.00000000,-0.83146961,0.55557023));
#2260 = DIRECTION('',(1.00000000,0.00000000,0.00000000));
#2261 = AXIS2_PLACEMENT_3D('',#2258,#2259,#2260);
#2262 = PLANE('',#2261);
#2263 = ADVANCED_FACE('',(#2257),#2262,.T.);
#2264 = CARTESIAN_POINT('',(-700.00000000,621.88342450,0.00000000));
#2265 = VERTEX_POINT('',#2264);
#2266 = CARTESIAN_POINT('',(310.00000000,621.88342450,0.00000000));
#2267 = VERTEX_POINT('',#2266);
#2268 = DIRECTION('',(1.00000000,0.00000000,0.00000000));
#2269 = VECTOR('',#2268,1.0);
#2270 = LINE('',#2264,#2269);
#2271 = EDGE_CURVE('',#2265,#2267,#2270,.T.);
#2272 = ORIENTED_EDGE('',*,*,#2271,.T.);
#2273 = DIRECTION('',(0.00000000,-0.19509032,-0.98078528));
#2274 = VECTOR('',#2273,1.0);
#2275 = LINE('',#2238,#2274);
#2276 = EDGE_CURVE('',#2239,#2267,#2275,.T.);
#2277 = ORIENTED_EDGE('',*,*,#2276,.F.);
#2278 = ORIENTED_EDGE('',*,*,#2243,.F.);
#2279 = DIRECTION('',(0.00000000,-0.19509032,-0.98078528));
#2280 = VECTOR('',#2279,1.0);
#2281 = LINE('',#2236,#2280);
#2282 = EDGE_CURVE('',#2237,#2265,#2281,.T.);
#2283 = ORIENTED_EDGE('',*,*,#2282,.T.);
#2284 = EDGE_LOOP('',(#2272,#2277,#2278,#2283));
#2285 = FACE_OUTER_BOUND('',#2284,.T.);
#2286 = CARTESIAN_POINT('',(-700.00000000,621.88342450,0.00000000));
#2287 = DIRECTION('',(0.00000000,-0.98078528,0.19509032));
#2288 = DIRECTION('',(1.00000000,0.00000000,0.00000000));
#2289 = AXIS2_PLACEMENT_3D('',#2286,#2287,#2288);
#2290 = PLANE('',#2289);
#2291 = ADVANCED_FACE('',(#2285),#2290,.T.);
#2292 = CARTESIAN_POINT('',(-700.00000000,624.02367137,-10.75974762));
#2293 = VERTEX_POINT('',#2292);
#2294 = CARTESIAN_POINT('',(310.00000000,624.02367137,-10.75974762));
#2295 = VERTEX_POINT('',#2294);
#2296 = DIRECTION('',(1.00000000,0.00000000,0.00000000));
#2297 = VECTOR('',#2296,1.0);
#2298 = LINE('',#2292,#2297);
#2299 = EDGE_CURVE('',#2293,#2295,#2298,.T.);
#2300 = ORIENTED_EDGE('',*,*,#2299,.T.);
#2301 = DIRECTION('',(0.00000000,0.19509032,-0.98078528));
#2302 = VECTOR('',#2301,1.0);
#2303 = LINE('',#2266,#2302);
#2304 = EDGE_CURVE('',#2267,#2295,#2303,.T.);
#2305 = ORIENTED_EDGE('',*,*,#2304,.F.);
#2306 = ORIENTED_EDGE('',*,*,#2271,.F.);
#2307 = DIRECTION('',(0.00000000,0.19509032,-0.98078528));
#2308 = VECTOR('',#2307,1.0);
#2309 = LINE('',#2264,#2308);
#2310 = EDGE_CURVE('',#2265,#2293,#2309,.T.);
#2311 = ORIENTED_EDGE('',*,*,#2310,.T.);
#2312 = EDGE_LOOP('',(#2300,#2305,#2306,#2311));
#2313 = FACE_OUTER_BOUND('',#2312,.T.);
#2314 = CARTESIAN_POINT('',(-700.00000000,624.02367137,-10.75974762));
#2315 = DIRECTION('',(0.00000000,-0.98078528,-0.19509032));
#2316 = DIRECTION('',(1.00000000,0.00000000,0.00000000));
#2317 = AXIS2_PLACEMENT_3D('',#2314,#2315,#2316);
#2318 = PLANE('',#2317);
#2319 = ADVANCED_FACE('',(#2313),#2318,.T.);
#2320 = CARTESIAN_POINT('',(-700.00000000,630.11857880,-19.88142120));
#2321 = VERTEX_POINT('',#2320);
#2322 = CARTESIAN_POINT('',(310.00000000,630.11857880,-19.88142120));
#2323 = VERTEX_POINT('',#2322);
#2324 = DIRECTION('',(1.00000000,0.00000000,0.00000000));
#2325 = VECTOR('',#2324,1.0);
#2326 = LINE('',#2320,#2325);
#2327 = EDGE_CURVE('',#2321,#2323,#2326,.T.);
#2328 = ORIENTED_EDGE('',*,*,#2327,.T.);
#2329 = DIRECTION('',(0.00000000,0.55557023,-0.83146961));
#2330 = VECTOR('',#2329,1.0);
#2331 = LINE('',#2294,#2330);
#2332 = EDGE_CURVE('',#2295,#2323,#2331,.T.);
#2333 = ORIENTED_EDGE('',*,*,#2332,.F.);
#2334 = ORIENTED_EDGE('',*,*,#2299,.F.);
#2335 = DIRECTION('',(0.00000000,0.55557023,-0.83146961));
#2336 = VECTOR('',#2335,1.0);
#2337 = LINE('',#2292,#2336);
#2338 = EDGE_CURVE('',#2293,#2321,#2337,.T.);
#2339 = ORIENTED_EDGE('',*,*,#2338,.T.);
#2340 = EDGE_LOOP('',(#2328,#2333,#2334,#2339));
#2341 = FACE_OUTER_BOUND('',#2340,.T.);
#2342 = CARTESIAN_POINT('',(-700.00000000,630.11857880,-19.88142120));
#2343 = DIRECTION('',(0.00000000,-0.83146961,-0.55557023));
#2344 = DIRECTION('',(1.00000000,0.00000000,0.00000000));
#2345 = AXIS2_PLACEMENT_3D('',#2342,#2343,#2344);
#2346 = PLANE('',#2345);
#2347 = ADVANCED_FACE('',(#2341),#2346,.T.);
#2348 = CARTESIAN_POINT('',(-700.00000000,639.24025238,-25.97632863));
#2349 = VERTEX_POINT('',#2348);
#2350 = CARTESIAN_POINT('',(310.00000000,639.24025238,-25.97632863));
#2351 = VERTEX_POINT('',#2350);
#2352 = DIRECTION('',(1.00000000,0.00000000,0.00000000));
#2353 = VECTOR('',#2352,1.0);
#2354 = LINE('',#2348,#2353);
#2355 = EDGE_CURVE('',#2349,#2351,#2354,.T.);
#2356 = ORIENTED_EDGE('',*,*,#2355,.T.);
#2357 = DIRECTION('',(0.00000000,0.83146961,-0.55557023));
#2358 = VECTOR('',#2357,1.0);
#2359 = LINE('',#2322,#2358);
#2360 = EDGE_CURVE('',#2323,#2351,#2359,.T.);
#2361 = ORIENTED_EDGE('',*,*,#2360,.F.);
#2362 = ORIENTED_EDGE('',*,*,#2327,.F.);
#2363 = DIRECTION('',(0.00000000,0.83146961,-0.55557023));
#2364 = VECTOR('',#2363,1.0);
#2365 = LINE('',#2320,#2364);
#2366 = EDGE_CURVE('',#2321,#2349,#2365,.T.);
#2367 = ORIENTED_EDGE('',*,*,#2366,.T.);
#2368 = EDGE_LOOP('',(#2356,#2361,#2362,#2367));
#2369 = FACE_OUTER_BOUND('',#2368,.T.);
#2370 = CARTESIAN_POINT('',(-700.00000000,639.24025238,-25.97632863));
#2371 = DIRECTION('',(0.00000000,-0.55557023,-0.83146961));
#2372 = DIRECTION('',(1.00000000,0.00000000,0.00000000));
#2373 = AXIS2_PLACEMENT_3D('',#2370,#2371,#2372);
#2374 = PLANE('',#2373);
#2375 = ADVANCED_FACE('',(#2369),#2374,.T.);
#2376 = CARTESIAN_POINT('',(-700.00000000,650.00000000,-28.11657550));
#2377 = VERTEX_POINT('',#2376);
#2378 = CARTESIAN_POINT('',(310.00000000,650.00000000,-28.11657550));
#2379 = VERTEX_POINT('',#2378);
#2380 = DIRECTION('',(1.00000000,0.00000000,0.00000000));
#2381 = VECTOR('',#2380,1.0);
#2382 = LINE('',#2376,#2381);
#2383 = EDGE_CURVE('',#2377,#2379,#2382,.T.);
#2384 = ORIENTED_EDGE('',*,*,#2383,.T.);
#2385 = DIRECTION('',(0.00000000,0.98078528,-0.19509032));
#2386 = VECTOR('',#2385,1.0);
#2387 = LINE('',#2350,#2386);
#2388 = EDGE_CURVE('',#2351,#2379,#2387,.T.);
#2389 = ORIENTED_EDGE('',*,*,#2388,.F.);
#2390 = ORIENTED_EDGE('',*,*,#2355,.F.);
#2391 = DIRECTION('',(0.00000000,0.98078528,-0.19509032));
#2392 = VECTOR('',#2391,1.0);
#2393 = LINE('',#2348,#2392);
#2394 = EDGE_CURVE('',#2349,#2377,#2393,.T.);
#2395 = ORIENTED_EDGE('',*,*,#2394,.T.);
#2396 = EDGE_LOOP('',(#2384,#2389,#2390,#2395));
#2397 = FACE_OUTER_BOUND('',#2396,.T.);
#2398 = CARTESIAN_POINT('',(-700.00000000,650.00000000,-28.11657550));
#2399 = DIRECTION('',(0.00000000,-0.19509032,-0.98078528));
#2400 = DIRECTION('',(1.00000000,0.00000000,0.00000000));
#2401 = AXIS2_PLACEMENT_3D('',#2398,#2399,#2400);
#2402 = PLANE('',#2401);
#2403 = ADVANCED_FACE('',(#2397),#2402,.T.);
#2404 = CARTESIAN_POINT('',(-700.00000000,660.75974762,-25.97632863));
#2405 = VERTEX_POINT('',#2404);
#2406 = CARTESIAN_POINT('',(310.00000000,660.75974762,-25.97632863));
#2407 = VERTEX_POINT('',#2406);
#2408 = DIRECTION('',(1.00000000,0.00000000,0.00000000));
#2409 = VECTOR('',#2408,1.0);
#2410 = LINE('',#2404,#2409);
#2411 = EDGE_CURVE('',#2405,#2407,#2410,.T.);
#2412 = ORIENTED_EDGE('',*,*,#2411,.T.);
#2413 = DIRECTION('',(0.00000000,0.98078528,0.19509032));
#2414 = VECTOR('',#2413,1.0);
#2415 = LINE('',#2378,#2414);
#2416 = EDGE_CURVE('',#2379,#2407,#2415,.T.);
#2417 = ORIENTED_EDGE('',*,*,#2416,.F.);
#2418 = ORIENTED_EDGE('',*,*,#2383,.F.);
#2419 = DIRECTION('',(0.00000000,0.98078528,0.19509032));
#2420 = VECTOR('',#2419,1.0);
#2421 = LINE('',#2376,#2420);
#2422 = EDGE_CURVE('',#2377,#2405,#2421,.T.);
#2423 = ORIENTED_EDGE('',*,*,#2422,.T.);
#2424 = EDGE_LOOP('',(#2412,#2417,#2418,#2423));
#2425 = FACE_OUTER_BOUND('',#2424,.T.);
#2426 = CARTESIAN_POINT('',(-700.00000000,660.75974762,-25.97632863));
#2427 = DIRECTION('',(0.00000000,0.19509032,-0.98078528));
#2428 = DIRECTION('',(1.00000000,0.00000000,0.00000000));
#2429 = AXIS2_PLACEMENT_3D('',#2426,#2427,#2428);
#2430 = PLANE('',#2429);
#2431 = ADVANCED_FACE('',(#2425),#2430,.T.);
#2432 = CARTESIAN_POINT('',(-700.00000000,669.88142120,-19.88142120));
#2433 = VERTEX_POINT('',#2432);
#2434 = CARTESIAN_POINT('',(310.00000000,669.88142120,-19.88142120));
#2435 = VERTEX_POINT('',#2434);
#2436 = DIRECTION('',(1.00000000,0.00000000,0.00000000));
#2437 = VECTOR('',#2436,1.0);
#2438 = LINE('',#2432,#2437);
#2439 = EDGE_CURVE('',#2433,#2435,#2438,.T.);
#2440 = ORIENTED_EDGE('',*,*,#2439,.T.);
#2441 = DIRECTION('',(0.00000000,0.83146961,0.55557023));
#2442 = VECTOR('',#2441,1.0);
#2443 = LINE('',#2406,#2442);
#2444 = EDGE_CURVE('',#2407,#2435,#2443,.T.);
#2445 = ORIENTED_EDGE('',*,*,#2444,.F.);
#2446 = ORIENTED_EDGE('',*,*,#2411,.F.);
#2447 = DIRECTION('',(0.00000000,0.83146961,0.55557023));
#2448 = VECTOR('',#2447,1.0);
#2449 = LINE('',#2404,#2448);
#2450 = EDGE_CURVE('',#2405,#2433,#2449,.T.);
#2451 = ORIENTED_EDGE('',*,*,#2450,.T.);
#2452 = EDGE_LOOP('',(#2440,#2445,#2446,#2451));
#2453 = FACE_OUTER_BOUND('',#2452,.T.);
#2454 = CARTESIAN_POINT('',(-700.00000000,669.88142120,-19.88142120));
#2455 = DIRECTION('',(0.00000000,0.55557023,-0.83146961));
#2456 = DIRECTION('',(1.00000000,0.00000000,0.00000000));
#2457 = AXIS2_PLACEMENT_3D('',#2454,#2455,#2456);
#2458 = PLANE('',#2457);
#2459 = ADVANCED_FACE('',(#2453),#2458,.T.);
#2460 = CARTESIAN_POINT('',(-700.00000000,675.97632863,-10.75974762));
#2461 = VERTEX_POINT('',#2460);
#2462 = CARTESIAN_POINT('',(310.00000000,675.97632863,-10.75974762));
#2463 = VERTEX_POINT('',#2462);
#2464 = DIRECTION('',(1.00000000,0.00000000,0.00000000));
#2465 = VECTOR('',#2464,1.0);
#2466 = LINE('',#2460,#2465);
#2467 = EDGE_CURVE('',#2461,#2463,#2466,.T.);
#2468 = ORIENTED_EDGE('',*,*,#2467,.T.);
#2469 = DIRECTION('',(0.00000000,0.55557023,0.83146961));
#2470 = VECTOR('',#2469,1.0);
#2471 = LINE('',#2434,#2470);
#2472 = EDGE_CURVE('',#2435,#2463,#2471,.T.);
#2473 = ORIENTED_EDGE('',*,*,#2472,.F.);
#2474 = ORIENTED_EDGE('',*,*,#2439,.F.);
#2475 = DIRECTION('',(0.00000000,0.55557023,0.83146961));
#2476 = VECTOR('',#2475,1.0);
#2477 = LINE('',#2432,#2476);
#2478 = EDGE_CURVE('',#2433,#2461,#2477,.T.);
#2479 = ORIENTED_EDGE('',*,*,#2478,.T.);
#2480 = EDGE_LOOP('',(#2468,#2473,#2474,#2479));
#2481 = FACE_OUTER_BOUND('',#2480,.T.);
#2482 = CARTESIAN_POINT('',(-700.00000000,675.97632863,-10.75974762));
#2483 = DIRECTION('',(0.00000000,0.83146961,-0.55557023));
#2484 = DIRECTION('',(1.00000000,0.00000000,0.00000000));
#2485 = AXIS2_PLACEMENT_3D('',#2482,#2483,#2484);
#2486 = PLANE('',#2485);
#2487 = ADVANCED_FACE('',(#2481),#2486,.T.);
#2488 = ORIENTED_EDGE('',*,*,#2081,.F.);
#2489 = DIRECTION('',(0.00000000,-0.19509032,-0.98078528));
#2490 = VECTOR('',#2489,1.0);
#2491 = LINE('',#2064,#2490);
#2492 = EDGE_CURVE('',#2065,#2463,#2491,.T.);
#2493 = ORIENTED_EDGE('',*,*,#2492,.T.);
#2494 = ORIENTED_EDGE('',*,*,#2467,.F.);
#2495 = DIRECTION('',(0.00000000,-0.19509032,-0.98078528));
#2496 = VECTOR('',#2495,1.0);
#2497 = LINE('',#2066,#2496);
#2498 = EDGE_CURVE('',#2067,#2461,#2497,.T.);
#2499 = ORIENTED_EDGE('',*,*,#2498,.F.);
#2500 = EDGE_LOOP('',(#2488,#2493,#2494,#2499));
#2501 = FACE_OUTER_BOUND('',#2500,.T.);
#2502 = CARTESIAN_POINT('',(-700.00000000,678.11657550,0.00000000));
#2503 = DIRECTION('',(0.00000000,0.98078528,-0.19509032));
#2504 = DIRECTION('',(1.00000000,0.00000000,0.00000000));
#2505 = AXIS2_PLACEMENT_3D('',#2502,#2503,#2504);
#2506 = PLANE('',#2505);
#2507 = ADVANCED_FACE('',(#2501),#2506,.T.);
#2508 = ORIENTED_EDGE('',*,*,#2478,.F.);
#2509 = ORIENTED_EDGE('',*,*,#2450,.F.);
#2510 = ORIENTED_EDGE('',*,*,#2422,.F.);
#2511 = ORIENTED_EDGE('',*,*,#2394,.F.);
#2512 = ORIENTED_EDGE('',*,*,#2366,.F.);
#2513 = ORIENTED_EDGE('',*,*,#2338,.F.);
#2514 = ORIENTED_EDGE('',*,*,#2310,.F.);
#2515 = ORIENTED_EDGE('',*,*,#2282,.F.);
#2516 = ORIENTED_EDGE('',*,*,#2254,.F.);
#2517 = ORIENTED_EDGE('',*,*,#2226,.F.);
#2518 = ORIENTED_EDGE('',*,*,#2198,.F.);
#2519 = ORIENTED_EDGE('',*,*,#2170,.F.);
#2520 = ORIENTED_EDGE('',*,*,#2142,.F.);
#2521 = ORIENTED_EDGE('',*,*,#2114,.F.);
#2522 = ORIENTED_EDGE('',*,*,#2086,.T.);
#2523 = ORIENTED_EDGE('',*,*,#2498,.T.);
#2524 = EDGE_LOOP('',(#2508,#2509,#2510,#2511,#2512,#2513,#2514,#2515,#2516,#2517,#2518,#2519,#2520,#2521,#2522,#2523));
#2525 = FACE_OUTER_BOUND('',#2524,.T.);
#2526 = CARTESIAN_POINT('',(-700.00000000,675.97632863,-10.75974762));
#2527 = DIRECTION('',(-1.00000000,0.00000000,0.00000000));
#2528 = DIRECTION('',(0.00000000,-0.55557023,-0.83146961));
#2529 = AXIS2_PLACEMENT_3D('',#2526,#2527,#2528);
#2530 = PLANE('',#2529);
#2531 = ADVANCED_FACE('',(#2525),#2530,.T.);
#2532 = ORIENTED_EDGE('',*,*,#2076,.F.);
#2533 = ORIENTED_EDGE('',*,*,#2108,.T.);
#2534 = ORIENTED_EDGE('',*,*,#2136,.T.);
#2535 = ORIENTED_EDGE('',*,*,#2164,.T.);
#2536 = ORIENTED_EDGE('',*,*,#2192,.T.);
#2537 = ORIENTED_EDGE('',*,*,#2220,.T.);
#2538 = ORIENTED_EDGE('',*,*,#2248,.T.);
#2539 = ORIENTED_EDGE('',*,*,#2276,.T.);
#2540 = ORIENTED_EDGE('',*,*,#2304,.T.);
#2541 = ORIENTED_EDGE('',*,*,#2332,.T.);
#2542 = ORIENTED_EDGE('',*,*,#2360,.T.);
#2543 = ORIENTED_EDGE('',*,*,#2388,.T.);
#2544 = ORIENTED_EDGE('',*,*,#2416,.T.);
#2545 = ORIENTED_EDGE('',*,*,#2444,.T.);
#2546 = ORIENTED_EDGE('',*,*,#2472,.T.);
#2547 = ORIENTED_EDGE('',*,*,#2492,.F.);
#2548 = EDGE_LOOP('',(#2532,#2533,#2534,#2535,#2536,#2537,#2538,#2539,#2540,#2541,#2542,#2543,#2544,#2545,#2546,#2547));
#2549 = FACE_OUTER_BOUND('',#2548,.T.);
#2550 = CARTESIAN_POINT('',(310.00000000,678.11657550,0.00000000));
#2551 = DIRECTION('',(1.00000000,0.00000000,0.00000000));
#2552 = DIRECTION('',(0.00000000,-0.19509032,0.98078528));
#2553 = AXIS2_PLACEMENT_3D('',#2550,#2551,#2552);
#2554 = PLANE('',#2553);
#2555 = ADVANCED_FACE('',(#2549),#2554,.T.);
#2556 = CLOSED_SHELL('',(#2095,#2123,#2151,#2179,#2207,#2235,#2263,#2291,#2319,#2347,#2375,#2403,#2431,#2459,#2487,#2507,#2531,#2555));
#2557 = MANIFOLD_SOLID_BREP('',#2556);
#2558 = CARTESIAN_POINT('',(-700.00000000,-462.26767899,77.76127346));
#2559 = VERTEX_POINT('',#2558);
#2560 = CARTESIAN_POINT('',(-696.00000000,-462.26767899,77.76127346));
#2561 = VERTEX_POINT('',#2560);
#2562 = CARTESIAN_POINT('',(-696.00000000,-446.80000000,0.00000000));
#2563 = VERTEX_POINT('',#2562);
#2564 = CARTESIAN_POINT('',(-700.00000000,-446.80000000,0.00000000));
#2565 = VERTEX_POINT('',#2564);
#2566 = DIRECTION('',(1.00000000,0.00000000,0.00000000));
#2567 = VECTOR('',#2566,1.0);
#2568 = LINE('',#2558,#2567);
#2569 = EDGE_CURVE('',#2559,#2561,#2568,.T.);
#2570 = ORIENTED_EDGE('',*,*,#2569,.T.);
#2571 = DIRECTION('',(0.00000000,0.19509032,-0.98078528));
#2572 = VECTOR('',#2571,1.0);
#2573 = LINE('',#2560,#2572);
#2574 = EDGE_CURVE('',#2561,#2563,#2573,.T.);
#2575 = ORIENTED_EDGE('',*,*,#2574,.T.);
#2576 = DIRECTION('',(-1.00000000,0.00000000,0.00000000));
#2577 = VECTOR('',#2576,1.0);
#2578 = LINE('',#2562,#2577);
#2579 = EDGE_CURVE('',#2563,#2565,#2578,.T.);
#2580 = ORIENTED_EDGE('',*,*,#2579,.T.);
#2581 = DIRECTION('',(0.00000000,0.19509032,-0.98078528));
#2582 = VECTOR('',#2581,1.0);
#2583 = LINE('',#2558,#2582);
#2584 = EDGE_CURVE('',#2559,#2565,#2583,.T.);
#2585 = ORIENTED_EDGE('',*,*,#2584,.F.);
#2586 = EDGE_LOOP('',(#2570,#2575,#2580,#2585));
#2587 = FACE_OUTER_BOUND('',#2586,.T.);
#2588 = CARTESIAN_POINT('',(-700.00000000,-462.26767899,77.76127346));
#2589 = DIRECTION('',(-0.00000000,0.98078528,0.19509032));
#2590 = DIRECTION('',(1.00000000,0.00000000,0.00000000));
#2591 = AXIS2_PLACEMENT_3D('',#2588,#2589,#2590);
#2592 = PLANE('',#2591);
#2593 = ADVANCED_FACE('',(#2587),#2592,.T.);
#2594 = CARTESIAN_POINT('',(-700.00000000,-506.31590206,143.68409794));
#2595 = VERTEX_POINT('',#2594);
#2596 = CARTESIAN_POINT('',(-696.00000000,-506.31590206,143.68409794));
#2597 = VERTEX_POINT('',#2596);
#2598 = DIRECTION('',(1.00000000,0.00000000,0.00000000));
#2599 = VECTOR('',#2598,1.0);
#2600 = LINE('',#2594,#2599);
#2601 = EDGE_CURVE('',#2595,#2597,#2600,.T.);
#2602 = ORIENTED_EDGE('',*,*,#2601,.T.);
#2603 = DIRECTION('',(0.00000000,-0.55557023,0.83146961));
#2604 = VECTOR('',#2603,1.0);
#2605 = LINE('',#2560,#2604);
#2606 = EDGE_CURVE('',#2561,#2597,#2605,.T.);
#2607 = ORIENTED_EDGE('',*,*,#2606,.F.);
#2608 = ORIENTED_EDGE('',*,*,#2569,.F.);
#2609 = DIRECTION('',(0.00000000,-0.55557023,0.83146961));
#2610 = VECTOR('',#2609,1.0);
#2611 = LINE('',#2558,#2610);
#2612 = EDGE_CURVE('',#2559,#2595,#2611,.T.);
#2613 = ORIENTED_EDGE('',*,*,#2612,.T.);
#2614 = EDGE_LOOP('',(#2602,#2607,#2608,#2613));
#2615 = FACE_OUTER_BOUND('',#2614,.T.);
#2616 = CARTESIAN_POINT('',(-700.00000000,-506.31590206,143.68409794));
#2617 = DIRECTION('',(-0.00000000,0.83146961,0.55557023));
#2618 = DIRECTION('',(1.00000000,0.00000000,0.00000000));
#2619 = AXIS2_PLACEMENT_3D('',#2616,#2617,#2618);
#2620 = PLANE('',#2619);
#2621 = ADVANCED_FACE('',(#2615),#2620,.T.);
#2622 = CARTESIAN_POINT('',(-700.00000000,-572.23872654,187.73232101));
#2623 = VERTEX_POINT('',#2622);
#2624 = CARTESIAN_POINT('',(-696.00000000,-572.23872654,187.73232101));
#2625 = VERTEX_POINT('',#2624);
#2626 = DIRECTION('',(1.00000000,0.00000000,0.00000000));
#2627 = VECTOR('',#2626,1.0);
#2628 = LINE('',#2622,#2627);
#2629 = EDGE_CURVE('',#2623,#2625,#2628,.T.);
#2630 = ORIENTED_EDGE('',*,*,#2629,.T.);
#2631 = DIRECTION('',(0.00000000,-0.83146961,0.55557023));
#2632 = VECTOR('',#2631,1.0);
#2633 = LINE('',#2596,#2632);
#2634 = EDGE_CURVE('',#2597,#2625,#2633,.T.);
#2635 = ORIENTED_EDGE('',*,*,#2634,.F.);
#2636 = ORIENTED_EDGE('',*,*,#2601,.F.);
#2637 = DIRECTION('',(0.00000000,-0.83146961,0.55557023));
#2638 = VECTOR('',#2637,1.0);
#2639 = LINE('',#2594,#2638);
#2640 = EDGE_CURVE('',#2595,#2623,#2639,.T.);
#2641 = ORIENTED_EDGE('',*,*,#2640,.T.);
#2642 = EDGE_LOOP('',(#2630,#2635,#2636,#2641));
#2643 = FACE_OUTER_BOUND('',#2642,.T.);
#2644 = CARTESIAN_POINT('',(-700.00000000,-572.23872654,187.73232101));
#2645 = DIRECTION('',(-0.00000000,0.55557023,0.83146961));
#2646 = DIRECTION('',(1.00000000,0.00000000,0.00000000));
#2647 = AXIS2_PLACEMENT_3D('',#2644,#2645,#2646);
#2648 = PLANE('',#2647);
#2649 = ADVANCED_FACE('',(#2643),#2648,.T.);
#2650 = CARTESIAN_POINT('',(-700.00000000,-650.00000000,203.20000000));
#2651 = VERTEX_POINT('',#2650);
#2652 = CARTESIAN_POINT('',(-696.00000000,-650.00000000,203.20000000));
#2653 = VERTEX_POINT('',#2652);
#2654 = DIRECTION('',(1.00000000,0.00000000,0.00000000));
#2655 = VECTOR('',#2654,1.0);
#2656 = LINE('',#2650,#2655);
#2657 = EDGE_CURVE('',#2651,#2653,#2656,.T.);
#2658 = ORIENTED_EDGE('',*,*,#2657,.T.);
#2659 = DIRECTION('',(0.00000000,-0.98078528,0.19509032));
#2660 = VECTOR('',#2659,1.0);
#2661 = LINE('',#2624,#2660);
#2662 = EDGE_CURVE('',#2625,#2653,#2661,.T.);
#2663 = ORIENTED_EDGE('',*,*,#2662,.F.);
#2664 = ORIENTED_EDGE('',*,*,#2629,.F.);
#2665 = DIRECTION('',(0.00000000,-0.98078528,0.19509032));
#2666 = VECTOR('',#2665,1.0);
#2667 = LINE('',#2622,#2666);
#2668 = EDGE_CURVE('',#2623,#2651,#2667,.T.);
#2669 = ORIENTED_EDGE('',*,*,#2668,.T.);
#2670 = EDGE_LOOP('',(#2658,#2663,#2664,#2669));
#2671 = FACE_OUTER_BOUND('',#2670,.T.);
#2672 = CARTESIAN_POINT('',(-700.00000000,-650.00000000,203.20000000));
#2673 = DIRECTION('',(-0.00000000,0.19509032,0.98078528));
#2674 = DIRECTION('',(1.00000000,0.00000000,0.00000000));
#2675 = AXIS2_PLACEMENT_3D('',#2672,#2673,#2674);
#2676 = PLANE('',#2675);
#2677 = ADVANCED_FACE('',(#2671),#2676,.T.);
#2678 = CARTESIAN_POINT('',(-700.00000000,-727.76127346,187.73232101));
#2679 = VERTEX_POINT('',#2678);
#2680 = CARTESIAN_POINT('',(-696.00000000,-727.76127346,187.73232101));
#2681 = VERTEX_POINT('',#2680);
#2682 = DIRECTION('',(1.00000000,0.00000000,0.00000000));
#2683 = VECTOR('',#2682,1.0);
#2684 = LINE('',#2678,#2683);
#2685 = EDGE_CURVE('',#2679,#2681,#2684,.T.);
#2686 = ORIENTED_EDGE('',*,*,#2685,.T.);
#2687 = DIRECTION('',(0.00000000,-0.98078528,-0.19509032));
#2688 = VECTOR('',#2687,1.0);
#2689 = LINE('',#2652,#2688);
#2690 = EDGE_CURVE('',#2653,#2681,#2689,.T.);
#2691 = ORIENTED_EDGE('',*,*,#2690,.F.);
#2692 = ORIENTED_EDGE('',*,*,#2657,.F.);
#2693 = DIRECTION('',(0.00000000,-0.98078528,-0.19509032));
#2694 = VECTOR('',#2693,1.0);
#2695 = LINE('',#2650,#2694);
#2696 = EDGE_CURVE('',#2651,#2679,#2695,.T.);
#2697 = ORIENTED_EDGE('',*,*,#2696,.T.);
#2698 = EDGE_LOOP('',(#2686,#2691,#2692,#2697));
#2699 = FACE_OUTER_BOUND('',#2698,.T.);
#2700 = CARTESIAN_POINT('',(-700.00000000,-727.76127346,187.73232101));
#2701 = DIRECTION('',(0.00000000,-0.19509032,0.98078528));
#2702 = DIRECTION('',(1.00000000,0.00000000,0.00000000));
#2703 = AXIS2_PLACEMENT_3D('',#2700,#2701,#2702);
#2704 = PLANE('',#2703);
#2705 = ADVANCED_FACE('',(#2699),#2704,.T.);
#2706 = CARTESIAN_POINT('',(-700.00000000,-793.68409794,143.68409794));
#2707 = VERTEX_POINT('',#2706);
#2708 = CARTESIAN_POINT('',(-696.00000000,-793.68409794,143.68409794));
#2709 = VERTEX_POINT('',#2708);
#2710 = DIRECTION('',(1.00000000,0.00000000,0.00000000));
#2711 = VECTOR('',#2710,1.0);
#2712 = LINE('',#2706,#2711);
#2713 = EDGE_CURVE('',#2707,#2709,#2712,.T.);
#2714 = ORIENTED_EDGE('',*,*,#2713,.T.);
#2715 = DIRECTION('',(0.00000000,-0.83146961,-0.55557023));
#2716 = VECTOR('',#2715,1.0);
#2717 = LINE('',#2680,#2716);
#2718 = EDGE_CURVE('',#2681,#2709,#2717,.T.);
#2719 = ORIENTED_EDGE('',*,*,#2718,.F.);
#2720 = ORIENTED_EDGE('',*,*,#2685,.F.);
#2721 = DIRECTION('',(0.00000000,-0.83146961,-0.55557023));
#2722 = VECTOR('',#2721,1.0);
#2723 = LINE('',#2678,#2722);
#2724 = EDGE_CURVE('',#2679,#2707,#2723,.T.);
#2725 = ORIENTED_EDGE('',*,*,#2724,.T.);
#2726 = EDGE_LOOP('',(#2714,#2719,#2720,#2725));
#2727 = FACE_OUTER_BOUND('',#2726,.T.);
#2728 = CARTESIAN_POINT('',(-700.00000000,-793.68409794,143.68409794));
#2729 = DIRECTION('',(0.00000000,-0.55557023,0.83146961));
#2730 = DIRECTION('',(1.00000000,0.00000000,0.00000000));
#2731 = AXIS2_PLACEMENT_3D('',#2728,#2729,#2730);
#2732 = PLANE('',#2731);
#2733 = ADVANCED_FACE('',(#2727),#2732,.T.);
#2734 = CARTESIAN_POINT('',(-700.00000000,-837.73232101,77.76127346));
#2735 = VERTEX_POINT('',#2734);
#2736 = CARTESIAN_POINT('',(-696.00000000,-837.73232101,77.76127346));
#2737 = VERTEX_POINT('',#2736);
#2738 = DIRECTION('',(1.00000000,0.00000000,0.00000000));
#2739 = VECTOR('',#2738,1.0);
#2740 = LINE('',#2734,#2739);
#2741 = EDGE_CURVE('',#2735,#2737,#2740,.T.);
#2742 = ORIENTED_EDGE('',*,*,#2741,.T.);
#2743 = DIRECTION('',(0.00000000,-0.55557023,-0.83146961));
#2744 = VECTOR('',#2743,1.0);
#2745 = LINE('',#2708,#2744);
#2746 = EDGE_CURVE('',#2709,#2737,#2745,.T.);
#2747 = ORIENTED_EDGE('',*,*,#2746,.F.);
#2748 = ORIENTED_EDGE('',*,*,#2713,.F.);
#2749 = DIRECTION('',(0.00000000,-0.55557023,-0.83146961));
#2750 = VECTOR('',#2749,1.0);
#2751 = LINE('',#2706,#2750);
#2752 = EDGE_CURVE('',#2707,#2735,#2751,.T.);
#2753 = ORIENTED_EDGE('',*,*,#2752,.T.);
#2754 = EDGE_LOOP('',(#2742,#2747,#2748,#2753));
#2755 = FACE_OUTER_BOUND('',#2754,.T.);
#2756 = CARTESIAN_POINT('',(-700.00000000,-837.73232101,77.76127346));
#2757 = DIRECTION('',(0.00000000,-0.83146961,0.55557023));
#2758 = DIRECTION('',(1.00000000,0.00000000,0.00000000));
#2759 = AXIS2_PLACEMENT_3D('',#2756,#2757,#2758);
#2760 = PLANE('',#2759);
#2761 = ADVANCED_FACE('',(#2755),#2760,.T.);
#2762 = CARTESIAN_POINT('',(-700.00000000,-853.20000000,0.00000000));
#2763 = VERTEX_POINT('',#2762);
#2764 = CARTESIAN_POINT('',(-696.00000000,-853.20000000,0.00000000));
#2765 = VERTEX_POINT('',#2764);
#2766 = DIRECTION('',(1.00000000,0.00000000,0.00000000));
#2767 = VECTOR('',#2766,1.0);
#2768 = LINE('',#2762,#2767);
#2769 = EDGE_CURVE('',#2763,#2765,#2768,.T.);
#2770 = ORIENTED_EDGE('',*,*,#2769,.T.);
#2771 = DIRECTION('',(0.00000000,-0.19509032,-0.98078528));
#2772 = VECTOR('',#2771,1.0);
#2773 = LINE('',#2736,#2772);
#2774 = EDGE_CURVE('',#2737,#2765,#2773,.T.);
#2775 = ORIENTED_EDGE('',*,*,#2774,.F.);
#2776 = ORIENTED_EDGE('',*,*,#2741,.F.);
#2777 = DIRECTION('',(0.00000000,-0.19509032,-0.98078528));
#2778 = VECTOR('',#2777,1.0);
#2779 = LINE('',#2734,#2778);
#2780 = EDGE_CURVE('',#2735,#2763,#2779,.T.);
#2781 = ORIENTED_EDGE('',*,*,#2780,.T.);
#2782 = EDGE_LOOP('',(#2770,#2775,#2776,#2781));
#2783 = FACE_OUTER_BOUND('',#2782,.T.);
#2784 = CARTESIAN_POINT('',(-700.00000000,-853.20000000,0.00000000));
#2785 = DIRECTION('',(0.00000000,-0.98078528,0.19509032));
#2786 = DIRECTION('',(1.00000000,0.00000000,0.00000000));
#2787 = AXIS2_PLACEMENT_3D('',#2784,#2785,#2786);
#2788 = PLANE('',#2787);
#2789 = ADVANCED_FACE('',(#2783),#2788,.T.);
#2790 = CARTESIAN_POINT('',(-700.00000000,-837.73232101,-77.76127346));
#2791 = VERTEX_POINT('',#2790);
#2792 = CARTESIAN_POINT('',(-696.00000000,-837.73232101,-77.76127346));
#2793 = VERTEX_POINT('',#2792);
#2794 = DIRECTION('',(1.00000000,0.00000000,0.00000000));
#2795 = VECTOR('',#2794,1.0);
#2796 = LINE('',#2790,#2795);
#2797 = EDGE_CURVE('',#2791,#2793,#2796,.T.);
#2798 = ORIENTED_EDGE('',*,*,#2797,.T.);
#2799 = DIRECTION('',(0.00000000,0.19509032,-0.98078528));
#2800 = VECTOR('',#2799,1.0);
#2801 = LINE('',#2764,#2800);
#2802 = EDGE_CURVE('',#2765,#2793,#2801,.T.);
#2803 = ORIENTED_EDGE('',*,*,#2802,.F.);
#2804 = ORIENTED_EDGE('',*,*,#2769,.F.);
#2805 = DIRECTION('',(0.00000000,0.19509032,-0.98078528));
#2806 = VECTOR('',#2805,1.0);
#2807 = LINE('',#2762,#2806);
#2808 = EDGE_CURVE('',#2763,#2791,#2807,.T.);
#2809 = ORIENTED_EDGE('',*,*,#2808,.T.);
#2810 = EDGE_LOOP('',(#2798,#2803,#2804,#2809));
#2811 = FACE_OUTER_BOUND('',#2810,.T.);
#2812 = CARTESIAN_POINT('',(-700.00000000,-837.73232101,-77.76127346));
#2813 = DIRECTION('',(0.00000000,-0.98078528,-0.19509032));
#2814 = DIRECTION('',(1.00000000,0.00000000,0.00000000));
#2815 = AXIS2_PLACEMENT_3D('',#2812,#2813,#2814);
#2816 = PLANE('',#2815);
#2817 = ADVANCED_FACE('',(#2811),#2816,.T.);
#2818 = CARTESIAN_POINT('',(-700.00000000,-793.68409794,-143.68409794));
#2819 = VERTEX_POINT('',#2818);
#2820 = CARTESIAN_POINT('',(-696.00000000,-793.68409794,-143.68409794));
#2821 = VERTEX_POINT('',#2820);
#2822 = DIRECTION('',(1.00000000,0.00000000,0.00000000));
#2823 = VECTOR('',#2822,1.0);
#2824 = LINE('',#2818,#2823);
#2825 = EDGE_CURVE('',#2819,#2821,#2824,.T.);
#2826 = ORIENTED_EDGE('',*,*,#2825,.T.);
#2827 = DIRECTION('',(0.00000000,0.55557023,-0.83146961));
#2828 = VECTOR('',#2827,1.0);
#2829 = LINE('',#2792,#2828);
#2830 = EDGE_CURVE('',#2793,#2821,#2829,.T.);
#2831 = ORIENTED_EDGE('',*,*,#2830,.F.);
#2832 = ORIENTED_EDGE('',*,*,#2797,.F.);
#2833 = DIRECTION('',(0.00000000,0.55557023,-0.83146961));
#2834 = VECTOR('',#2833,1.0);
#2835 = LINE('',#2790,#2834);
#2836 = EDGE_CURVE('',#2791,#2819,#2835,.T.);
#2837 = ORIENTED_EDGE('',*,*,#2836,.T.);
#2838 = EDGE_LOOP('',(#2826,#2831,#2832,#2837));
#2839 = FACE_OUTER_BOUND('',#2838,.T.);
#2840 = CARTESIAN_POINT('',(-700.00000000,-793.68409794,-143.68409794));
#2841 = DIRECTION('',(0.00000000,-0.83146961,-0.55557023));
#2842 = DIRECTION('',(1.00000000,0.00000000,0.00000000));
#2843 = AXIS2_PLACEMENT_3D('',#2840,#2841,#2842);
#2844 = PLANE('',#2843);
#2845 = ADVANCED_FACE('',(#2839),#2844,.T.);
#2846 = CARTESIAN_POINT('',(-700.00000000,-727.76127346,-187.73232101));
#2847 = VERTEX_POINT('',#2846);
#2848 = CARTESIAN_POINT('',(-696.00000000,-727.76127346,-187.73232101));
#2849 = VERTEX_POINT('',#2848);
#2850 = DIRECTION('',(1.00000000,0.00000000,0.00000000));
#2851 = VECTOR('',#2850,1.0);
#2852 = LINE('',#2846,#2851);
#2853 = EDGE_CURVE('',#2847,#2849,#2852,.T.);
#2854 = ORIENTED_EDGE('',*,*,#2853,.T.);
#2855 = DIRECTION('',(0.00000000,0.83146961,-0.55557023));
#2856 = VECTOR('',#2855,1.0);
#2857 = LINE('',#2820,#2856);
#2858 = EDGE_CURVE('',#2821,#2849,#2857,.T.);
#2859 = ORIENTED_EDGE('',*,*,#2858,.F.);
#2860 = ORIENTED_EDGE('',*,*,#2825,.F.);
#2861 = DIRECTION('',(0.00000000,0.83146961,-0.55557023));
#2862 = VECTOR('',#2861,1.0);
#2863 = LINE('',#2818,#2862);
#2864 = EDGE_CURVE('',#2819,#2847,#2863,.T.);
#2865 = ORIENTED_EDGE('',*,*,#2864,.T.);
#2866 = EDGE_LOOP('',(#2854,#2859,#2860,#2865));
#2867 = FACE_OUTER_BOUND('',#2866,.T.);
#2868 = CARTESIAN_POINT('',(-700.00000000,-727.76127346,-187.73232101));
#2869 = DIRECTION('',(0.00000000,-0.55557023,-0.83146961));
#2870 = DIRECTION('',(1.00000000,0.00000000,0.00000000));
#2871 = AXIS2_PLACEMENT_3D('',#2868,#2869,#2870);
#2872 = PLANE('',#2871);
#2873 = ADVANCED_FACE('',(#2867),#2872,.T.);
#2874 = CARTESIAN_POINT('',(-700.00000000,-650.00000000,-203.20000000));
#2875 = VERTEX_POINT('',#2874);
#2876 = CARTESIAN_POINT('',(-696.00000000,-650.00000000,-203.20000000));
#2877 = VERTEX_POINT('',#2876);
#2878 = DIRECTION('',(1.00000000,0.00000000,0.00000000));
#2879 = VECTOR('',#2878,1.0);
#2880 = LINE('',#2874,#2879);
#2881 = EDGE_CURVE('',#2875,#2877,#2880,.T.);
#2882 = ORIENTED_EDGE('',*,*,#2881,.T.);
#2883 = DIRECTION('',(0.00000000,0.98078528,-0.19509032));
#2884 = VECTOR('',#2883,1.0);
#2885 = LINE('',#2848,#2884);
#2886 = EDGE_CURVE('',#2849,#2877,#2885,.T.);
#2887 = ORIENTED_EDGE('',*,*,#2886,.F.);
#2888 = ORIENTED_EDGE('',*,*,#2853,.F.);
#2889 = DIRECTION('',(0.00000000,0.98078528,-0.19509032));
#2890 = VECTOR('',#2889,1.0);
#2891 = LINE('',#2846,#2890);
#2892 = EDGE_CURVE('',#2847,#2875,#2891,.T.);
#2893 = ORIENTED_EDGE('',*,*,#2892,.T.);
#2894 = EDGE_LOOP('',(#2882,#2887,#2888,#2893));
#2895 = FACE_OUTER_BOUND('',#2894,.T.);
#2896 = CARTESIAN_POINT('',(-700.00000000,-650.00000000,-203.20000000));
#2897 = DIRECTION('',(0.00000000,-0.19509032,-0.98078528));
#2898 = DIRECTION('',(1.00000000,0.00000000,0.00000000));
#2899 = AXIS2_PLACEMENT_3D('',#2896,#2897,#2898);
#2900 = PLANE('',#2899);
#2901 = ADVANCED_FACE('',(#2895),#2900,.T.);
#2902 = CARTESIAN_POINT('',(-700.00000000,-572.23872654,-187.73232101));
#2903 = VERTEX_POINT('',#2902);
#2904 = CARTESIAN_POINT('',(-696.00000000,-572.23872654,-187.73232101));
#2905 = VERTEX_POINT('',#2904);
#2906 = DIRECTION('',(1.00000000,0.00000000,0.00000000));
#2907 = VECTOR('',#2906,1.0);
#2908 = LINE('',#2902,#2907);
#2909 = EDGE_CURVE('',#2903,#2905,#2908,.T.);
#2910 = ORIENTED_EDGE('',*,*,#2909,.T.);
#2911 = DIRECTION('',(0.00000000,0.98078528,0.19509032));
#2912 = VECTOR('',#2911,1.0);
#2913 = LINE('',#2876,#2912);
#2914 = EDGE_CURVE('',#2877,#2905,#2913,.T.);
#2915 = ORIENTED_EDGE('',*,*,#2914,.F.);
#2916 = ORIENTED_EDGE('',*,*,#2881,.F.);
#2917 = DIRECTION('',(0.00000000,0.98078528,0.19509032));
#2918 = VECTOR('',#2917,1.0);
#2919 = LINE('',#2874,#2918);
#2920 = EDGE_CURVE('',#2875,#2903,#2919,.T.);
#2921 = ORIENTED_EDGE('',*,*,#2920,.T.);
#2922 = EDGE_LOOP('',(#2910,#2915,#2916,#2921));
#2923 = FACE_OUTER_BOUND('',#2922,.T.);
#2924 = CARTESIAN_POINT('',(-700.00000000,-572.23872654,-187.73232101));
#2925 = DIRECTION('',(0.00000000,0.19509032,-0.98078528));
#2926 = DIRECTION('',(1.00000000,0.00000000,0.00000000));
#2927 = AXIS2_PLACEMENT_3D('',#2924,#2925,#2926);
#2928 = PLANE('',#2927);
#2929 = ADVANCED_FACE('',(#2923),#2928,.T.);
#2930 = CARTESIAN_POINT('',(-700.00000000,-506.31590206,-143.68409794));
#2931 = VERTEX_POINT('',#2930);
#2932 = CARTESIAN_POINT('',(-696.00000000,-506.31590206,-143.68409794));
#2933 = VERTEX_POINT('',#2932);
#2934 = DIRECTION('',(1.00000000,0.00000000,0.00000000));
#2935 = VECTOR('',#2934,1.0);
#2936 = LINE('',#2930,#2935);
#2937 = EDGE_CURVE('',#2931,#2933,#2936,.T.);
#2938 = ORIENTED_EDGE('',*,*,#2937,.T.);
#2939 = DIRECTION('',(0.00000000,0.83146961,0.55557023));
#2940 = VECTOR('',#2939,1.0);
#2941 = LINE('',#2904,#2940);
#2942 = EDGE_CURVE('',#2905,#2933,#2941,.T.);
#2943 = ORIENTED_EDGE('',*,*,#2942,.F.);
#2944 = ORIENTED_EDGE('',*,*,#2909,.F.);
#2945 = DIRECTION('',(0.00000000,0.83146961,0.55557023));
#2946 = VECTOR('',#2945,1.0);
#2947 = LINE('',#2902,#2946);
#2948 = EDGE_CURVE('',#2903,#2931,#2947,.T.);
#2949 = ORIENTED_EDGE('',*,*,#2948,.T.);
#2950 = EDGE_LOOP('',(#2938,#2943,#2944,#2949));
#2951 = FACE_OUTER_BOUND('',#2950,.T.);
#2952 = CARTESIAN_POINT('',(-700.00000000,-506.31590206,-143.68409794));
#2953 = DIRECTION('',(0.00000000,0.55557023,-0.83146961));
#2954 = DIRECTION('',(1.00000000,0.00000000,0.00000000));
#2955 = AXIS2_PLACEMENT_3D('',#2952,#2953,#2954);
#2956 = PLANE('',#2955);
#2957 = ADVANCED_FACE('',(#2951),#2956,.T.);
#2958 = CARTESIAN_POINT('',(-700.00000000,-462.26767899,-77.76127346));
#2959 = VERTEX_POINT('',#2958);
#2960 = CARTESIAN_POINT('',(-696.00000000,-462.26767899,-77.76127346));
#2961 = VERTEX_POINT('',#2960);
#2962 = DIRECTION('',(1.00000000,0.00000000,0.00000000));
#2963 = VECTOR('',#2962,1.0);
#2964 = LINE('',#2958,#2963);
#2965 = EDGE_CURVE('',#2959,#2961,#2964,.T.);
#2966 = ORIENTED_EDGE('',*,*,#2965,.T.);
#2967 = DIRECTION('',(0.00000000,0.55557023,0.83146961));
#2968 = VECTOR('',#2967,1.0);
#2969 = LINE('',#2932,#2968);
#2970 = EDGE_CURVE('',#2933,#2961,#2969,.T.);
#2971 = ORIENTED_EDGE('',*,*,#2970,.F.);
#2972 = ORIENTED_EDGE('',*,*,#2937,.F.);
#2973 = DIRECTION('',(0.00000000,0.55557023,0.83146961));
#2974 = VECTOR('',#2973,1.0);
#2975 = LINE('',#2930,#2974);
#2976 = EDGE_CURVE('',#2931,#2959,#2975,.T.);
#2977 = ORIENTED_EDGE('',*,*,#2976,.T.);
#2978 = EDGE_LOOP('',(#2966,#2971,#2972,#2977));
#2979 = FACE_OUTER_BOUND('',#2978,.T.);
#2980 = CARTESIAN_POINT('',(-700.00000000,-462.26767899,-77.76127346));
#2981 = DIRECTION('',(0.00000000,0.83146961,-0.55557023));
#2982 = DIRECTION('',(1.00000000,0.00000000,0.00000000));
#2983 = AXIS2_PLACEMENT_3D('',#2980,#2981,#2982);
#2984 = PLANE('',#2983);
#2985 = ADVANCED_FACE('',(#2979),#2984,.T.);
#2986 = ORIENTED_EDGE('',*,*,#2579,.F.);
#2987 = DIRECTION('',(0.00000000,-0.19509032,-0.98078528));
#2988 = VECTOR('',#2987,1.0);
#2989 = LINE('',#2562,#2988);
#2990 = EDGE_CURVE('',#2563,#2961,#2989,.T.);
#2991 = ORIENTED_EDGE('',*,*,#2990,.T.);
#2992 = ORIENTED_EDGE('',*,*,#2965,.F.);
#2993 = DIRECTION('',(0.00000000,-0.19509032,-0.98078528));
#2994 = VECTOR('',#2993,1.0);
#2995 = LINE('',#2564,#2994);
#2996 = EDGE_CURVE('',#2565,#2959,#2995,.T.);
#2997 = ORIENTED_EDGE('',*,*,#2996,.F.);
#2998 = EDGE_LOOP('',(#2986,#2991,#2992,#2997));
#2999 = FACE_OUTER_BOUND('',#2998,.T.);
#3000 = CARTESIAN_POINT('',(-700.00000000,-446.80000000,0.00000000));
#3001 = DIRECTION('',(0.00000000,0.98078528,-0.19509032));
#3002 = DIRECTION('',(1.00000000,0.00000000,0.00000000));
#3003 = AXIS2_PLACEMENT_3D('',#3000,#3001,#3002);
#3004 = PLANE('',#3003);
#3005 = ADVANCED_FACE('',(#2999),#3004,.T.);
#3006 = ORIENTED_EDGE('',*,*,#2976,.F.);
#3007 = ORIENTED_EDGE('',*,*,#2948,.F.);
#3008 = ORIENTED_EDGE('',*,*,#2920,.F.);
#3009 = ORIENTED_EDGE('',*,*,#2892,.F.);
#3010 = ORIENTED_EDGE('',*,*,#2864,.F.);
#3011 = ORIENTED_EDGE('',*,*,#2836,.F.);
#3012 = ORIENTED_EDGE('',*,*,#2808,.F.);
#3013 = ORIENTED_EDGE('',*,*,#2780,.F.);
#3014 = ORIENTED_EDGE('',*,*,#2752,.F.);
#3015 = ORIENTED_EDGE('',*,*,#2724,.F.);
#3016 = ORIENTED_EDGE('',*,*,#2696,.F.);
#3017 = ORIENTED_EDGE('',*,*,#2668,.F.);
#3018 = ORIENTED_EDGE('',*,*,#2640,.F.);
#3019 = ORIENTED_EDGE('',*,*,#2612,.F.);
#3020 = ORIENTED_EDGE('',*,*,#2584,.T.);
#3021 = ORIENTED_EDGE('',*,*,#2996,.T.);
#3022 = EDGE_LOOP('',(#3006,#3007,#3008,#3009,#3010,#3011,#3012,#3013,#3014,#3015,#3016,#3017,#3018,#3019,#3020,#3021));
#3023 = FACE_OUTER_BOUND('',#3022,.T.);
#3024 = CARTESIAN_POINT('',(-700.00000000,-462.26767899,-77.76127346));
#3025 = DIRECTION('',(-1.00000000,0.00000000,0.00000000));
#3026 = DIRECTION('',(0.00000000,-0.55557023,-0.83146961));
#3027 = AXIS2_PLACEMENT_3D('',#3024,#3025,#3026);
#3028 = PLANE('',#3027);
#3029 = ADVANCED_FACE('',(#3023),#3028,.T.);
#3030 = ORIENTED_EDGE('',*,*,#2574,.F.);
#3031 = ORIENTED_EDGE('',*,*,#2606,.T.);
#3032 = ORIENTED_EDGE('',*,*,#2634,.T.);
#3033 = ORIENTED_EDGE('',*,*,#2662,.T.);
#3034 = ORIENTED_EDGE('',*,*,#2690,.T.);
#3035 = ORIENTED_EDGE('',*,*,#2718,.T.);
#3036 = ORIENTED_EDGE('',*,*,#2746,.T.);
#3037 = ORIENTED_EDGE('',*,*,#2774,.T.);
#3038 = ORIENTED_EDGE('',*,*,#2802,.T.);
#3039 = ORIENTED_EDGE('',*,*,#2830,.T.);
#3040 = ORIENTED_EDGE('',*,*,#2858,.T.);
#3041 = ORIENTED_EDGE('',*,*,#2886,.T.);
#3042 = ORIENTED_EDGE('',*,*,#2914,.T.);
#3043 = ORIENTED_EDGE('',*,*,#2942,.T.);
#3044 = ORIENTED_EDGE('',*,*,#2970,.T.);
#3045 = ORIENTED_EDGE('',*,*,#2990,.F.);
#3046 = EDGE_LOOP('',(#3030,#3031,#3032,#3033,#3034,#3035,#3036,#3037,#3038,#3039,#3040,#3041,#3042,#3043,#3044,#3045));
#3047 = FACE_OUTER_BOUND('',#3046,.T.);
#3048 = CARTESIAN_POINT('',(-696.00000000,-446.80000000,0.00000000));
#3049 = DIRECTION('',(1.00000000,0.00000000,0.00000000));
#3050 = DIRECTION('',(0.00000000,-0.19509032,0.98078528));
#3051 = AXIS2_PLACEMENT_3D('',#3048,#3049,#3050);
#3052 = PLANE('',#3051);
#3053 = ADVANCED_FACE('',(#3047),#3052,.T.);
#3054 = CLOSED_SHELL('',(#2593,#2621,#2649,#2677,#2705,#2733,#2761,#2789,#2817,#2845,#2873,#2901,#2929,#2957,#2985,#3005,#3029,#3053));
#3055 = MANIFOLD_SOLID_BREP('',#3054);
#3056 = CARTESIAN_POINT('',(-700.00000000,837.73232101,77.76127346));
#3057 = VERTEX_POINT('',#3056);
#3058 = CARTESIAN_POINT('',(-696.00000000,837.73232101,77.76127346));
#3059 = VERTEX_POINT('',#3058);
#3060 = CARTESIAN_POINT('',(-696.00000000,853.20000000,0.00000000));
#3061 = VERTEX_POINT('',#3060);
#3062 = CARTESIAN_POINT('',(-700.00000000,853.20000000,0.00000000));
#3063 = VERTEX_POINT('',#3062);
#3064 = DIRECTION('',(1.00000000,0.00000000,0.00000000));
#3065 = VECTOR('',#3064,1.0);
#3066 = LINE('',#3056,#3065);
#3067 = EDGE_CURVE('',#3057,#3059,#3066,.T.);
#3068 = ORIENTED_EDGE('',*,*,#3067,.T.);
#3069 = DIRECTION('',(0.00000000,0.19509032,-0.98078528));
#3070 = VECTOR('',#3069,1.0);
#3071 = LINE('',#3058,#3070);
#3072 = EDGE_CURVE('',#3059,#3061,#3071,.T.);
#3073 = ORIENTED_EDGE('',*,*,#3072,.T.);
#3074 = DIRECTION('',(-1.00000000,0.00000000,0.00000000));
#3075 = VECTOR('',#3074,1.0);
#3076 = LINE('',#3060,#3075);
#3077 = EDGE_CURVE('',#3061,#3063,#3076,.T.);
#3078 = ORIENTED_EDGE('',*,*,#3077,.T.);
#3079 = DIRECTION('',(0.00000000,0.19509032,-0.98078528));
#3080 = VECTOR('',#3079,1.0);
#3081 = LINE('',#3056,#3080);
#3082 = EDGE_CURVE('',#3057,#3063,#3081,.T.);
#3083 = ORIENTED_EDGE('',*,*,#3082,.F.);
#3084 = EDGE_LOOP('',(#3068,#3073,#3078,#3083));
#3085 = FACE_OUTER_BOUND('',#3084,.T.);
#3086 = CARTESIAN_POINT('',(-700.00000000,837.73232101,77.76127346));
#3087 = DIRECTION('',(-0.00000000,0.98078528,0.19509032));
#3088 = DIRECTION('',(1.00000000,0.00000000,0.00000000));
#3089 = AXIS2_PLACEMENT_3D('',#3086,#3087,#3088);
#3090 = PLANE('',#3089);
#3091 = ADVANCED_FACE('',(#3085),#3090,.T.);
#3092 = CARTESIAN_POINT('',(-700.00000000,793.68409794,143.68409794));
#3093 = VERTEX_POINT('',#3092);
#3094 = CARTESIAN_POINT('',(-696.00000000,793.68409794,143.68409794));
#3095 = VERTEX_POINT('',#3094);
#3096 = DIRECTION('',(1.00000000,0.00000000,0.00000000));
#3097 = VECTOR('',#3096,1.0);
#3098 = LINE('',#3092,#3097);
#3099 = EDGE_CURVE('',#3093,#3095,#3098,.T.);
#3100 = ORIENTED_EDGE('',*,*,#3099,.T.);
#3101 = DIRECTION('',(0.00000000,-0.55557023,0.83146961));
#3102 = VECTOR('',#3101,1.0);
#3103 = LINE('',#3058,#3102);
#3104 = EDGE_CURVE('',#3059,#3095,#3103,.T.);
#3105 = ORIENTED_EDGE('',*,*,#3104,.F.);
#3106 = ORIENTED_EDGE('',*,*,#3067,.F.);
#3107 = DIRECTION('',(0.00000000,-0.55557023,0.83146961));
#3108 = VECTOR('',#3107,1.0);
#3109 = LINE('',#3056,#3108);
#3110 = EDGE_CURVE('',#3057,#3093,#3109,.T.);
#3111 = ORIENTED_EDGE('',*,*,#3110,.T.);
#3112 = EDGE_LOOP('',(#3100,#3105,#3106,#3111));
#3113 = FACE_OUTER_BOUND('',#3112,.T.);
#3114 = CARTESIAN_POINT('',(-700.00000000,793.68409794,143.68409794));
#3115 = DIRECTION('',(-0.00000000,0.83146961,0.55557023));
#3116 = DIRECTION('',(1.00000000,0.00000000,0.00000000));
#3117 = AXIS2_PLACEMENT_3D('',#3114,#3115,#3116);
#3118 = PLANE('',#3117);
#3119 = ADVANCED_FACE('',(#3113),#3118,.T.);
#3120 = CARTESIAN_POINT('',(-700.00000000,727.76127346,187.73232101));
#3121 = VERTEX_POINT('',#3120);
#3122 = CARTESIAN_POINT('',(-696.00000000,727.76127346,187.73232101));
#3123 = VERTEX_POINT('',#3122);
#3124 = DIRECTION('',(1.00000000,0.00000000,0.00000000));
#3125 = VECTOR('',#3124,1.0);
#3126 = LINE('',#3120,#3125);
#3127 = EDGE_CURVE('',#3121,#3123,#3126,.T.);
#3128 = ORIENTED_EDGE('',*,*,#3127,.T.);
#3129 = DIRECTION('',(0.00000000,-0.83146961,0.55557023));
#3130 = VECTOR('',#3129,1.0);
#3131 = LINE('',#3094,#3130);
#3132 = EDGE_CURVE('',#3095,#3123,#3131,.T.);
#3133 = ORIENTED_EDGE('',*,*,#3132,.F.);
#3134 = ORIENTED_EDGE('',*,*,#3099,.F.);
#3135 = DIRECTION('',(0.00000000,-0.83146961,0.55557023));
#3136 = VECTOR('',#3135,1.0);
#3137 = LINE('',#3092,#3136);
#3138 = EDGE_CURVE('',#3093,#3121,#3137,.T.);
#3139 = ORIENTED_EDGE('',*,*,#3138,.T.);
#3140 = EDGE_LOOP('',(#3128,#3133,#3134,#3139));
#3141 = FACE_OUTER_BOUND('',#3140,.T.);
#3142 = CARTESIAN_POINT('',(-700.00000000,727.76127346,187.73232101));
#3143 = DIRECTION('',(-0.00000000,0.55557023,0.83146961));
#3144 = DIRECTION('',(1.00000000,0.00000000,0.00000000));
#3145 = AXIS2_PLACEMENT_3D('',#3142,#3143,#3144);
#3146 = PLANE('',#3145);
#3147 = ADVANCED_FACE('',(#3141),#3146,.T.);
#3148 = CARTESIAN_POINT('',(-700.00000000,650.00000000,203.20000000));
#3149 = VERTEX_POINT('',#3148);
#3150 = CARTESIAN_POINT('',(-696.00000000,650.00000000,203.20000000));
#3151 = VERTEX_POINT('',#3150);
#3152 = DIRECTION('',(1.00000000,0.00000000,0.00000000));
#3153 = VECTOR('',#3152,1.0);
#3154 = LINE('',#3148,#3153);
#3155 = EDGE_CURVE('',#3149,#3151,#3154,.T.);
#3156 = ORIENTED_EDGE('',*,*,#3155,.T.);
#3157 = DIRECTION('',(0.00000000,-0.98078528,0.19509032));
#3158 = VECTOR('',#3157,1.0);
#3159 = LINE('',#3122,#3158);
#3160 = EDGE_CURVE('',#3123,#3151,#3159,.T.);
#3161 = ORIENTED_EDGE('',*,*,#3160,.F.);
#3162 = ORIENTED_EDGE('',*,*,#3127,.F.);
#3163 = DIRECTION('',(0.00000000,-0.98078528,0.19509032));
#3164 = VECTOR('',#3163,1.0);
#3165 = LINE('',#3120,#3164);
#3166 = EDGE_CURVE('',#3121,#3149,#3165,.T.);
#3167 = ORIENTED_EDGE('',*,*,#3166,.T.);
#3168 = EDGE_LOOP('',(#3156,#3161,#3162,#3167));
#3169 = FACE_OUTER_BOUND('',#3168,.T.);
#3170 = CARTESIAN_POINT('',(-700.00000000,650.00000000,203.20000000));
#3171 = DIRECTION('',(-0.00000000,0.19509032,0.98078528));
#3172 = DIRECTION('',(1.00000000,0.00000000,0.00000000));
#3173 = AXIS2_PLACEMENT_3D('',#3170,#3171,#3172);
#3174 = PLANE('',#3173);
#3175 = ADVANCED_FACE('',(#3169),#3174,.T.);
#3176 = CARTESIAN_POINT('',(-700.00000000,572.23872654,187.73232101));
#3177 = VERTEX_POINT('',#3176);
#3178 = CARTESIAN_POINT('',(-696.00000000,572.23872654,187.73232101));
#3179 = VERTEX_POINT('',#3178);
#3180 = DIRECTION('',(1.00000000,0.00000000,0.00000000));
#3181 = VECTOR('',#3180,1.0);
#3182 = LINE('',#3176,#3181);
#3183 = EDGE_CURVE('',#3177,#3179,#3182,.T.);
#3184 = ORIENTED_EDGE('',*,*,#3183,.T.);
#3185 = DIRECTION('',(0.00000000,-0.98078528,-0.19509032));
#3186 = VECTOR('',#3185,1.0);
#3187 = LINE('',#3150,#3186);
#3188 = EDGE_CURVE('',#3151,#3179,#3187,.T.);
#3189 = ORIENTED_EDGE('',*,*,#3188,.F.);
#3190 = ORIENTED_EDGE('',*,*,#3155,.F.);
#3191 = DIRECTION('',(0.00000000,-0.98078528,-0.19509032));
#3192 = VECTOR('',#3191,1.0);
#3193 = LINE('',#3148,#3192);
#3194 = EDGE_CURVE('',#3149,#3177,#3193,.T.);
#3195 = ORIENTED_EDGE('',*,*,#3194,.T.);
#3196 = EDGE_LOOP('',(#3184,#3189,#3190,#3195));
#3197 = FACE_OUTER_BOUND('',#3196,.T.);
#3198 = CARTESIAN_POINT('',(-700.00000000,572.23872654,187.73232101));
#3199 = DIRECTION('',(0.00000000,-0.19509032,0.98078528));
#3200 = DIRECTION('',(1.00000000,0.00000000,0.00000000));
#3201 = AXIS2_PLACEMENT_3D('',#3198,#3199,#3200);
#3202 = PLANE('',#3201);
#3203 = ADVANCED_FACE('',(#3197),#3202,.T.);
#3204 = CARTESIAN_POINT('',(-700.00000000,506.31590206,143.68409794));
#3205 = VERTEX_POINT('',#3204);
#3206 = CARTESIAN_POINT('',(-696.00000000,506.31590206,143.68409794));
#3207 = VERTEX_POINT('',#3206);
#3208 = DIRECTION('',(1.00000000,0.00000000,0.00000000));
#3209 = VECTOR('',#3208,1.0);
#3210 = LINE('',#3204,#3209);
#3211 = EDGE_CURVE('',#3205,#3207,#3210,.T.);
#3212 = ORIENTED_EDGE('',*,*,#3211,.T.);
#3213 = DIRECTION('',(0.00000000,-0.83146961,-0.55557023));
#3214 = VECTOR('',#3213,1.0);
#3215 = LINE('',#3178,#3214);
#3216 = EDGE_CURVE('',#3179,#3207,#3215,.T.);
#3217 = ORIENTED_EDGE('',*,*,#3216,.F.);
#3218 = ORIENTED_EDGE('',*,*,#3183,.F.);
#3219 = DIRECTION('',(0.00000000,-0.83146961,-0.55557023));
#3220 = VECTOR('',#3219,1.0);
#3221 = LINE('',#3176,#3220);
#3222 = EDGE_CURVE('',#3177,#3205,#3221,.T.);
#3223 = ORIENTED_EDGE('',*,*,#3222,.T.);
#3224 = EDGE_LOOP('',(#3212,#3217,#3218,#3223));
#3225 = FACE_OUTER_BOUND('',#3224,.T.);
#3226 = CARTESIAN_POINT('',(-700.00000000,506.31590206,143.68409794));
#3227 = DIRECTION('',(0.00000000,-0.55557023,0.83146961));
#3228 = DIRECTION('',(1.00000000,0.00000000,0.00000000));
#3229 = AXIS2_PLACEMENT_3D('',#3226,#3227,#3228);
#3230 = PLANE('',#3229);
#3231 = ADVANCED_FACE('',(#3225),#3230,.T.);
#3232 = CARTESIAN_POINT('',(-700.00000000,462.26767899,77.76127346));
#3233 = VERTEX_POINT('',#3232);
#3234 = CARTESIAN_POINT('',(-696.00000000,462.26767899,77.76127346));
#3235 = VERTEX_POINT('',#3234);
#3236 = DIRECTION('',(1.00000000,0.00000000,0.00000000));
#3237 = VECTOR('',#3236,1.0);
#3238 = LINE('',#3232,#3237);
#3239 = EDGE_CURVE('',#3233,#3235,#3238,.T.);
#3240 = ORIENTED_EDGE('',*,*,#3239,.T.);
#3241 = DIRECTION('',(0.00000000,-0.55557023,-0.83146961));
#3242 = VECTOR('',#3241,1.0);
#3243 = LINE('',#3206,#3242);
#3244 = EDGE_CURVE('',#3207,#3235,#3243,.T.);
#3245 = ORIENTED_EDGE('',*,*,#3244,.F.);
#3246 = ORIENTED_EDGE('',*,*,#3211,.F.);
#3247 = DIRECTION('',(0.00000000,-0.55557023,-0.83146961));
#3248 = VECTOR('',#3247,1.0);
#3249 = LINE('',#3204,#3248);
#3250 = EDGE_CURVE('',#3205,#3233,#3249,.T.);
#3251 = ORIENTED_EDGE('',*,*,#3250,.T.);
#3252 = EDGE_LOOP('',(#3240,#3245,#3246,#3251));
#3253 = FACE_OUTER_BOUND('',#3252,.T.);
#3254 = CARTESIAN_POINT('',(-700.00000000,462.26767899,77.76127346));
#3255 = DIRECTION('',(0.00000000,-0.83146961,0.55557023));
#3256 = DIRECTION('',(1.00000000,0.00000000,0.00000000));
#3257 = AXIS2_PLACEMENT_3D('',#3254,#3255,#3256);
#3258 = PLANE('',#3257);
#3259 = ADVANCED_FACE('',(#3253),#3258,.T.);
#3260 = CARTESIAN_POINT('',(-700.00000000,446.80000000,0.00000000));
#3261 = VERTEX_POINT('',#3260);
#3262 = CARTESIAN_POINT('',(-696.00000000,446.80000000,0.00000000));
#3263 = VERTEX_POINT('',#3262);
#3264 = DIRECTION('',(1.00000000,0.00000000,0.00000000));
#3265 = VECTOR('',#3264,1.0);
#3266 = LINE('',#3260,#3265);
#3267 = EDGE_CURVE('',#3261,#3263,#3266,.T.);
#3268 = ORIENTED_EDGE('',*,*,#3267,.T.);
#3269 = DIRECTION('',(0.00000000,-0.19509032,-0.98078528));
#3270 = VECTOR('',#3269,1.0);
#3271 = LINE('',#3234,#3270);
#3272 = EDGE_CURVE('',#3235,#3263,#3271,.T.);
#3273 = ORIENTED_EDGE('',*,*,#3272,.F.);
#3274 = ORIENTED_EDGE('',*,*,#3239,.F.);
#3275 = DIRECTION('',(0.00000000,-0.19509032,-0.98078528));
#3276 = VECTOR('',#3275,1.0);
#3277 = LINE('',#3232,#3276);
#3278 = EDGE_CURVE('',#3233,#3261,#3277,.T.);
#3279 = ORIENTED_EDGE('',*,*,#3278,.T.);
#3280 = EDGE_LOOP('',(#3268,#3273,#3274,#3279));
#3281 = FACE_OUTER_BOUND('',#3280,.T.);
#3282 = CARTESIAN_POINT('',(-700.00000000,446.80000000,0.00000000));
#3283 = DIRECTION('',(0.00000000,-0.98078528,0.19509032));
#3284 = DIRECTION('',(1.00000000,0.00000000,0.00000000));
#3285 = AXIS2_PLACEMENT_3D('',#3282,#3283,#3284);
#3286 = PLANE('',#3285);
#3287 = ADVANCED_FACE('',(#3281),#3286,.T.);
#3288 = CARTESIAN_POINT('',(-700.00000000,462.26767899,-77.76127346));
#3289 = VERTEX_POINT('',#3288);
#3290 = CARTESIAN_POINT('',(-696.00000000,462.26767899,-77.76127346));
#3291 = VERTEX_POINT('',#3290);
#3292 = DIRECTION('',(1.00000000,0.00000000,0.00000000));
#3293 = VECTOR('',#3292,1.0);
#3294 = LINE('',#3288,#3293);
#3295 = EDGE_CURVE('',#3289,#3291,#3294,.T.);
#3296 = ORIENTED_EDGE('',*,*,#3295,.T.);
#3297 = DIRECTION('',(0.00000000,0.19509032,-0.98078528));
#3298 = VECTOR('',#3297,1.0);
#3299 = LINE('',#3262,#3298);
#3300 = EDGE_CURVE('',#3263,#3291,#3299,.T.);
#3301 = ORIENTED_EDGE('',*,*,#3300,.F.);
#3302 = ORIENTED_EDGE('',*,*,#3267,.F.);
#3303 = DIRECTION('',(0.00000000,0.19509032,-0.98078528));
#3304 = VECTOR('',#3303,1.0);
#3305 = LINE('',#3260,#3304);
#3306 = EDGE_CURVE('',#3261,#3289,#3305,.T.);
#3307 = ORIENTED_EDGE('',*,*,#3306,.T.);
#3308 = EDGE_LOOP('',(#3296,#3301,#3302,#3307));
#3309 = FACE_OUTER_BOUND('',#3308,.T.);
#3310 = CARTESIAN_POINT('',(-700.00000000,462.26767899,-77.76127346));
#3311 = DIRECTION('',(0.00000000,-0.98078528,-0.19509032));
#3312 = DIRECTION('',(1.00000000,0.00000000,0.00000000));
#3313 = AXIS2_PLACEMENT_3D('',#3310,#3311,#3312);
#3314 = PLANE('',#3313);
#3315 = ADVANCED_FACE('',(#3309),#3314,.T.);
#3316 = CARTESIAN_POINT('',(-700.00000000,506.31590206,-143.68409794));
#3317 = VERTEX_POINT('',#3316);
#3318 = CARTESIAN_POINT('',(-696.00000000,506.31590206,-143.68409794));
#3319 = VERTEX_POINT('',#3318);
#3320 = DIRECTION('',(1.00000000,0.00000000,0.00000000));
#3321 = VECTOR('',#3320,1.0);
#3322 = LINE('',#3316,#3321);
#3323 = EDGE_CURVE('',#3317,#3319,#3322,.T.);
#3324 = ORIENTED_EDGE('',*,*,#3323,.T.);
#3325 = DIRECTION('',(0.00000000,0.55557023,-0.83146961));
#3326 = VECTOR('',#3325,1.0);
#3327 = LINE('',#3290,#3326);
#3328 = EDGE_CURVE('',#3291,#3319,#3327,.T.);
#3329 = ORIENTED_EDGE('',*,*,#3328,.F.);
#3330 = ORIENTED_EDGE('',*,*,#3295,.F.);
#3331 = DIRECTION('',(0.00000000,0.55557023,-0.83146961));
#3332 = VECTOR('',#3331,1.0);
#3333 = LINE('',#3288,#3332);
#3334 = EDGE_CURVE('',#3289,#3317,#3333,.T.);
#3335 = ORIENTED_EDGE('',*,*,#3334,.T.);
#3336 = EDGE_LOOP('',(#3324,#3329,#3330,#3335));
#3337 = FACE_OUTER_BOUND('',#3336,.T.);
#3338 = CARTESIAN_POINT('',(-700.00000000,506.31590206,-143.68409794));
#3339 = DIRECTION('',(0.00000000,-0.83146961,-0.55557023));
#3340 = DIRECTION('',(1.00000000,0.00000000,0.00000000));
#3341 = AXIS2_PLACEMENT_3D('',#3338,#3339,#3340);
#3342 = PLANE('',#3341);
#3343 = ADVANCED_FACE('',(#3337),#3342,.T.);
#3344 = CARTESIAN_POINT('',(-700.00000000,572.23872654,-187.73232101));
#3345 = VERTEX_POINT('',#3344);
#3346 = CARTESIAN_POINT('',(-696.00000000,572.23872654,-187.73232101));
#3347 = VERTEX_POINT('',#3346);
#3348 = DIRECTION('',(1.00000000,0.00000000,0.00000000));
#3349 = VECTOR('',#3348,1.0);
#3350 = LINE('',#3344,#3349);
#3351 = EDGE_CURVE('',#3345,#3347,#3350,.T.);
#3352 = ORIENTED_EDGE('',*,*,#3351,.T.);
#3353 = DIRECTION('',(0.00000000,0.83146961,-0.55557023));
#3354 = VECTOR('',#3353,1.0);
#3355 = LINE('',#3318,#3354);
#3356 = EDGE_CURVE('',#3319,#3347,#3355,.T.);
#3357 = ORIENTED_EDGE('',*,*,#3356,.F.);
#3358 = ORIENTED_EDGE('',*,*,#3323,.F.);
#3359 = DIRECTION('',(0.00000000,0.83146961,-0.55557023));
#3360 = VECTOR('',#3359,1.0);
#3361 = LINE('',#3316,#3360);
#3362 = EDGE_CURVE('',#3317,#3345,#3361,.T.);
#3363 = ORIENTED_EDGE('',*,*,#3362,.T.);
#3364 = EDGE_LOOP('',(#3352,#3357,#3358,#3363));
#3365 = FACE_OUTER_BOUND('',#3364,.T.);
#3366 = CARTESIAN_POINT('',(-700.00000000,572.23872654,-187.73232101));
#3367 = DIRECTION('',(0.00000000,-0.55557023,-0.83146961));
#3368 = DIRECTION('',(1.00000000,0.00000000,0.00000000));
#3369 = AXIS2_PLACEMENT_3D('',#3366,#3367,#3368);
#3370 = PLANE('',#3369);
#3371 = ADVANCED_FACE('',(#3365),#3370,.T.);
#3372 = CARTESIAN_POINT('',(-700.00000000,650.00000000,-203.20000000));
#3373 = VERTEX_POINT('',#3372);
#3374 = CARTESIAN_POINT('',(-696.00000000,650.00000000,-203.20000000));
#3375 = VERTEX_POINT('',#3374);
#3376 = DIRECTION('',(1.00000000,0.00000000,0.00000000));
#3377 = VECTOR('',#3376,1.0);
#3378 = LINE('',#3372,#3377);
#3379 = EDGE_CURVE('',#3373,#3375,#3378,.T.);
#3380 = ORIENTED_EDGE('',*,*,#3379,.T.);
#3381 = DIRECTION('',(0.00000000,0.98078528,-0.19509032));
#3382 = VECTOR('',#3381,1.0);
#3383 = LINE('',#3346,#3382);
#3384 = EDGE_CURVE('',#3347,#3375,#3383,.T.);
#3385 = ORIENTED_EDGE('',*,*,#3384,.F.);
#3386 = ORIENTED_EDGE('',*,*,#3351,.F.);
#3387 = DIRECTION('',(0.00000000,0.98078528,-0.19509032));
#3388 = VECTOR('',#3387,1.0);
#3389 = LINE('',#3344,#3388);
#3390 = EDGE_CURVE('',#3345,#3373,#3389,.T.);
#3391 = ORIENTED_EDGE('',*,*,#3390,.T.);
#3392 = EDGE_LOOP('',(#3380,#3385,#3386,#3391));
#3393 = FACE_OUTER_BOUND('',#3392,.T.);
#3394 = CARTESIAN_POINT('',(-700.00000000,650.00000000,-203.20000000));
#3395 = DIRECTION('',(0.00000000,-0.19509032,-0.98078528));
#3396 = DIRECTION('',(1.00000000,0.00000000,0.00000000));
#3397 = AXIS2_PLACEMENT_3D('',#3394,#3395,#3396);
#3398 = PLANE('',#3397);
#3399 = ADVANCED_FACE('',(#3393),#3398,.T.);
#3400 = CARTESIAN_POINT('',(-700.00000000,727.76127346,-187.73232101));
#3401 = VERTEX_POINT('',#3400);
#3402 = CARTESIAN_POINT('',(-696.00000000,727.76127346,-187.73232101));
#3403 = VERTEX_POINT('',#3402);
#3404 = DIRECTION('',(1.00000000,0.00000000,0.00000000));
#3405 = VECTOR('',#3404,1.0);
#3406 = LINE('',#3400,#3405);
#3407 = EDGE_CURVE('',#3401,#3403,#3406,.T.);
#3408 = ORIENTED_EDGE('',*,*,#3407,.T.);
#3409 = DIRECTION('',(0.00000000,0.98078528,0.19509032));
#3410 = VECTOR('',#3409,1.0);
#3411 = LINE('',#3374,#3410);
#3412 = EDGE_CURVE('',#3375,#3403,#3411,.T.);
#3413 = ORIENTED_EDGE('',*,*,#3412,.F.);
#3414 = ORIENTED_EDGE('',*,*,#3379,.F.);
#3415 = DIRECTION('',(0.00000000,0.98078528,0.19509032));
#3416 = VECTOR('',#3415,1.0);
#3417 = LINE('',#3372,#3416);
#3418 = EDGE_CURVE('',#3373,#3401,#3417,.T.);
#3419 = ORIENTED_EDGE('',*,*,#3418,.T.);
#3420 = EDGE_LOOP('',(#3408,#3413,#3414,#3419));
#3421 = FACE_OUTER_BOUND('',#3420,.T.);
#3422 = CARTESIAN_POINT('',(-700.00000000,727.76127346,-187.73232101));
#3423 = DIRECTION('',(0.00000000,0.19509032,-0.98078528));
#3424 = DIRECTION('',(1.00000000,0.00000000,0.00000000));
#3425 = AXIS2_PLACEMENT_3D('',#3422,#3423,#3424);
#3426 = PLANE('',#3425);
#3427 = ADVANCED_FACE('',(#3421),#3426,.T.);
#3428 = CARTESIAN_POINT('',(-700.00000000,793.68409794,-143.68409794));
#3429 = VERTEX_POINT('',#3428);
#3430 = CARTESIAN_POINT('',(-696.00000000,793.68409794,-143.68409794));
#3431 = VERTEX_POINT('',#3430);
#3432 = DIRECTION('',(1.00000000,0.00000000,0.00000000));
#3433 = VECTOR('',#3432,1.0);
#3434 = LINE('',#3428,#3433);
#3435 = EDGE_CURVE('',#3429,#3431,#3434,.T.);
#3436 = ORIENTED_EDGE('',*,*,#3435,.T.);
#3437 = DIRECTION('',(0.00000000,0.83146961,0.55557023));
#3438 = VECTOR('',#3437,1.0);
#3439 = LINE('',#3402,#3438);
#3440 = EDGE_CURVE('',#3403,#3431,#3439,.T.);
#3441 = ORIENTED_EDGE('',*,*,#3440,.F.);
#3442 = ORIENTED_EDGE('',*,*,#3407,.F.);
#3443 = DIRECTION('',(0.00000000,0.83146961,0.55557023));
#3444 = VECTOR('',#3443,1.0);
#3445 = LINE('',#3400,#3444);
#3446 = EDGE_CURVE('',#3401,#3429,#3445,.T.);
#3447 = ORIENTED_EDGE('',*,*,#3446,.T.);
#3448 = EDGE_LOOP('',(#3436,#3441,#3442,#3447));
#3449 = FACE_OUTER_BOUND('',#3448,.T.);
#3450 = CARTESIAN_POINT('',(-700.00000000,793.68409794,-143.68409794));
#3451 = DIRECTION('',(0.00000000,0.55557023,-0.83146961));
#3452 = DIRECTION('',(1.00000000,0.00000000,0.00000000));
#3453 = AXIS2_PLACEMENT_3D('',#3450,#3451,#3452);
#3454 = PLANE('',#3453);
#3455 = ADVANCED_FACE('',(#3449),#3454,.T.);
#3456 = CARTESIAN_POINT('',(-700.00000000,837.73232101,-77.76127346));
#3457 = VERTEX_POINT('',#3456);
#3458 = CARTESIAN_POINT('',(-696.00000000,837.73232101,-77.76127346));
#3459 = VERTEX_POINT('',#3458);
#3460 = DIRECTION('',(1.00000000,0.00000000,0.00000000));
#3461 = VECTOR('',#3460,1.0);
#3462 = LINE('',#3456,#3461);
#3463 = EDGE_CURVE('',#3457,#3459,#3462,.T.);
#3464 = ORIENTED_EDGE('',*,*,#3463,.T.);
#3465 = DIRECTION('',(0.00000000,0.55557023,0.83146961));
#3466 = VECTOR('',#3465,1.0);
#3467 = LINE('',#3430,#3466);
#3468 = EDGE_CURVE('',#3431,#3459,#3467,.T.);
#3469 = ORIENTED_EDGE('',*,*,#3468,.F.);
#3470 = ORIENTED_EDGE('',*,*,#3435,.F.);
#3471 = DIRECTION('',(0.00000000,0.55557023,0.83146961));
#3472 = VECTOR('',#3471,1.0);
#3473 = LINE('',#3428,#3472);
#3474 = EDGE_CURVE('',#3429,#3457,#3473,.T.);
#3475 = ORIENTED_EDGE('',*,*,#3474,.T.);
#3476 = EDGE_LOOP('',(#3464,#3469,#3470,#3475));
#3477 = FACE_OUTER_BOUND('',#3476,.T.);
#3478 = CARTESIAN_POINT('',(-700.00000000,837.73232101,-77.76127346));
#3479 = DIRECTION('',(0.00000000,0.83146961,-0.55557023));
#3480 = DIRECTION('',(1.00000000,0.00000000,0.00000000));
#3481 = AXIS2_PLACEMENT_3D('',#3478,#3479,#3480);
#3482 = PLANE('',#3481);
#3483 = ADVANCED_FACE('',(#3477),#3482,.T.);
#3484 = ORIENTED_EDGE('',*,*,#3077,.F.);
#3485 = DIRECTION('',(0.00000000,-0.19509032,-0.98078528));
#3486 = VECTOR('',#3485,1.0);
#3487 = LINE('',#3060,#3486);
#3488 = EDGE_CURVE('',#3061,#3459,#3487,.T.);
#3489 = ORIENTED_EDGE('',*,*,#3488,.T.);
#3490 = ORIENTED_EDGE('',*,*,#3463,.F.);
#3491 = DIRECTION('',(0.00000000,-0.19509032,-0.98078528));
#3492 = VECTOR('',#3491,1.0);
#3493 = LINE('',#3062,#3492);
#3494 = EDGE_CURVE('',#3063,#3457,#3493,.T.);
#3495 = ORIENTED_EDGE('',*,*,#3494,.F.);
#3496 = EDGE_LOOP('',(#3484,#3489,#3490,#3495));
#3497 = FACE_OUTER_BOUND('',#3496,.T.);
#3498 = CARTESIAN_POINT('',(-700.00000000,853.20000000,0.00000000));
#3499 = DIRECTION('',(0.00000000,0.98078528,-0.19509032));
#3500 = DIRECTION('',(1.00000000,0.00000000,0.00000000));
#3501 = AXIS2_PLACEMENT_3D('',#3498,#3499,#3500);
#3502 = PLANE('',#3501);
#3503 = ADVANCED_FACE('',(#3497),#3502,.T.);
#3504 = ORIENTED_EDGE('',*,*,#3474,.F.);
#3505 = ORIENTED_EDGE('',*,*,#3446,.F.);
#3506 = ORIENTED_EDGE('',*,*,#3418,.F.);
#3507 = ORIENTED_EDGE('',*,*,#3390,.F.);
#3508 = ORIENTED_EDGE('',*,*,#3362,.F.);
#3509 = ORIENTED_EDGE('',*,*,#3334,.F.);
#3510 = ORIENTED_EDGE('',*,*,#3306,.F.);
#3511 = ORIENTED_EDGE('',*,*,#3278,.F.);
#3512 = ORIENTED_EDGE('',*,*,#3250,.F.);
#3513 = ORIENTED_EDGE('',*,*,#3222,.F.);
#3514 = ORIENTED_EDGE('',*,*,#3194,.F.);
#3515 = ORIENTED_EDGE('',*,*,#3166,.F.);
#3516 = ORIENTED_EDGE('',*,*,#3138,.F.);
#3517 = ORIENTED_EDGE('',*,*,#3110,.F.);
#3518 = ORIENTED_EDGE('',*,*,#3082,.T.);
#3519 = ORIENTED_EDGE('',*,*,#3494,.T.);
#3520 = EDGE_LOOP('',(#3504,#3505,#3506,#3507,#3508,#3509,#3510,#3511,#3512,#3513,#3514,#3515,#3516,#3517,#3518,#3519));
#3521 = FACE_OUTER_BOUND('',#3520,.T.);
#3522 = CARTESIAN_POINT('',(-700.00000000,837.73232101,-77.76127346));
#3523 = DIRECTION('',(-1.00000000,0.00000000,0.00000000));
#3524 = DIRECTION('',(0.00000000,-0.55557023,-0.83146961));
#3525 = AXIS2_PLACEMENT_3D('',#3522,#3523,#3524);
#3526 = PLANE('',#3525);
#3527 = ADVANCED_FACE('',(#3521),#3526,.T.);
#3528 = ORIENTED_EDGE('',*,*,#3072,.F.);
#3529 = ORIENTED_EDGE('',*,*,#3104,.T.);
#3530 = ORIENTED_EDGE('',*,*,#3132,.T.);
#3531 = ORIENTED_EDGE('',*,*,#3160,.T.);
#3532 = ORIENTED_EDGE('',*,*,#3188,.T.);
#3533 = ORIENTED_EDGE('',*,*,#3216,.T.);
#3534 = ORIENTED_EDGE('',*,*,#3244,.T.);
#3535 = ORIENTED_EDGE('',*,*,#3272,.T.);
#3536 = ORIENTED_EDGE('',*,*,#3300,.T.);
#3537 = ORIENTED_EDGE('',*,*,#3328,.T.);
#3538 = ORIENTED_EDGE('',*,*,#3356,.T.);
#3539 = ORIENTED_EDGE('',*,*,#3384,.T.);
#3540 = ORIENTED_EDGE('',*,*,#3412,.T.);
#3541 = ORIENTED_EDGE('',*,*,#3440,.T.);
#3542 = ORIENTED_EDGE('',*,*,#3468,.T.);
#3543 = ORIENTED_EDGE('',*,*,#3488,.F.);
#3544 = EDGE_LOOP('',(#3528,#3529,#3530,#3531,#3532,#3533,#3534,#3535,#3536,#3537,#3538,#3539,#3540,#3541,#3542,#3543));
#3545 = FACE_OUTER_BOUND('',#3544,.T.);
#3546 = CARTESIAN_POINT('',(-696.00000000,853.20000000,0.00000000));
#3547 = DIRECTION('',(1.00000000,0.00000000,0.00000000));
#3548 = DIRECTION('',(0.00000000,-0.19509032,0.98078528));
#3549 = AXIS2_PLACEMENT_3D('',#3546,#3547,#3548);
#3550 = PLANE('',#3549);
#3551 = ADVANCED_FACE('',(#3545),#3550,.T.);
#3552 = CLOSED_SHELL('',(#3091,#3119,#3147,#3175,#3203,#3231,#3259,#3287,#3315,#3343,#3371,#3399,#3427,#3455,#3483,#3503,#3527,#3551));
#3553 = MANIFOLD_SOLID_BREP('',#3552);
#3554 = ADVANCED_BREP_SHAPE_REPRESENTATION('',(#151,#289,#427,#565,#1063,#1561,#2059,#2557,#3055,#3553),#13);
#3555 = SHAPE_DEFINITION_REPRESENTATION(#8,#3554);
ENDSEC;
END-ISO-10303-21;
