prop,diameter_in,pitch_in,kv,r_ohm,i0_a,prop_rpm,motor_rpm,voltage_v,p_bus_w,p_shaft_w,idle_w,efficiency,climb_ms,climb_ok,duty
20x15E,20.0,15.0,540.0,0.02248251028806584,1.3697560975609757,1488.1796645299112,1488.1796645299112,3.0002739359628934,68.6591199417149,52.06388263696762,8.219287036276883,0.7626577948099382,30.518095293309592,True,0.13514747459292312
20x15E,20.0,15.0,700.0,0.013379387755102041,1.775609756097561,1488.1796645299112,1488.1796645299112,2.3144970363142323,68.65911994171493,52.06388263696762,8.219287036276883,0.7626577948099379,43.058822759543105,True,0.10425662325739786
20x15E,20.0,15.0,820.0,0.00975,2.08,1488.1796645299112,1488.1796645299112,1.9757901529511739,68.65911994171493,52.06388263696762,8.219287036276883,0.7626577948099379,50.567740004397095,True,0.08899955643924207
20x15E,20.0,15.0,720.0,0.012646412037037036,1.8263414634146342,1488.1796645299112,1488.1796645299112,2.25020545197217,68.65911994171493,52.06388263696762,8.219287036276883,0.7626577948099379,44.3805299367041,True,0.10136060594469236
20x15E,20.0,15.0,660.0,0.015050275482093664,1.6741463414634148,1488.1796645299112,1488.1796645299112,2.4547695839696404,68.65911994171493,52.06388263696762,8.219287036276885,0.7626577948099379,40.415408405221115,True,0.11057520648511894
20x15E,20.0,15.0,600.0,0.018210833333333332,1.5219512195121951,1488.1796645299112,1488.1796645299112,2.700246542366604,68.65911994171493,52.06388263696762,8.219287036276883,0.7626577948099379,35.5705344757853,True,0.12163272713363081
20x15E,20.0,15.0,580.0,0.019488406658739597,1.471219512195122,1488.1796645299112,1488.1796645299112,2.793358492103384,68.65911994171493,52.06388263696762,8.219287036276883,0.7626577948099379,33.907521349545306,True,0.12582695910375602
20x15E,20.0,15.0,560.0,0.020905293367346936,1.420487804878049,1488.1796645299112,1488.1796645299112,2.8931212953927905,68.65911994171493,52.06388263696762,8.219287036276885,0.7626577948099379,32.244508223305324,True,0.13032077907174733
20x15E,20.0,15.0,500.0,0.0262236,1.2682926829268293,1488.1796645299112,1488.1796645299112,3.2402958508399253,68.65911994171493,52.06388263696762,8.219287036276883,0.7626577948099379,26.997702034692473,True,0.145959272560357
20x15E,20.0,15.0,480.0,0.028454427083333338,1.217560975609756,1488.1796645299112,1488.1796645299112,3.3753081779582557,68.65911994171493,52.06388263696762,8.219287036276883,0.7626577948099379,25.237505405383928,True,0.15204090891703856
20x15E,20.0,15.0,460.0,0.030982514177693755,1.166829268292683,1488.1796645299112,1488.1796645299112,3.5220607074347012,68.65911994171493,52.06388263696762,8.219287036276885,0.7626577948099379,23.534778704841266,True,0.15865138321777933
20x15E,20.0,15.0,520.0,0.024245192307692308,1.3190243902439025,1488.1796645299112,1488.1796645299112,3.115669087346082,68.65911994171493,52.06388263696762,8.219287036276883,0.7626577948099379,28.757898664001033,True,0.14034545438495866
20x15E,20.0,15.0,180.0,0.20234259259259257,0.45658536585365855,1488.1796645299112,1488.1796645299112,9.00082180788868,68.65911994171493,52.06388263696762,8.219287036276883,0.7626577948099379,4.050497031729306,True,0.40544242377876943
20x15E,20.0,15.0,360.0,0.050585648148148143,0.9131707317073171,1488.1796645299112,1488.1796645299112,4.50041090394434,68.65911994171493,52.06388263696762,8.219287036276883,0.7626577948099379,15.504403515146738,True,0.20272121188938472
20x15E,20.0,15.0,300.0,0.07284333333333333,0.7609756097560976,1488.1796645299112,1488.1796645299112,5.400493084733208,68.65911994171493,52.06388263696762,8.219287036276883,0.7626577948099379,11.182003524885193,True,0.24326545426726162
20x15E,20.0,15.0,280.0,0.08362117346938774,0.7102439024390245,1488.1796645299112,1488.1796645299112,5.786242590785581,68.65911994171493,52.06388263696762,8.219287036276885,0.7626577948099379,9.833414141661049,True,0.26064155814349466
20x15E,20.0,15.0,260.0,0.09698076923076923,0.6595121951219513,1488.1796645299112,1488.1796645299112,6.231338174692164,68.65911994171493,52.06388263696762,8.219287036276883,0.7626577948099379,8.49530397200413,True,0.2806909087699173
20x15E,20.0,15.0,240.0,0.11381770833333335,0.608780487804878,1488.1796645299112,1488.1796645299112,6.750616355916511,68.65911994171493,52.06388263696762,8.219287036276883,0.7626577948099379,7.331823216119393,True,0.3040818178340771
20x15E,20.0,15.0,400.0,0.040974375,1.0146341463414634,1488.1796645299112,1488.1796645299112,4.050369813549906,68.65911994171495,52.06388263696762,8.219287036276883,0.7626577948099378,18.557715039700447,True,0.18244909070044624
20x15E,20.0,15.0,860.0,0.008864115738236884,2.1814634146341465,1488.1796645299112,1488.1796645299112,1.8838929365348402,68.65911994171495,52.06388263696762,8.219287036276883,0.7626577948099378,52.686931440817816,True,0.08486004218625406
20x15E,20.0,15.0,800.0,0.01024359375,2.029268292682927,1488.1796645299112,1488.1796645299112,2.025184906774953,68.65911994171495,52.06388263696762,8.219287036276883,0.7626577948099378,49.508144286186734,True,0.09122454535022312
20x15E,20.0,15.0,780.0,0.010775641025641026,1.9785365853658536,1488.1796645299112,1488.1796645299112,2.077112724897388,68.65911994171495,52.06388263696762,8.219287036276883,0.7626577948099378,48.34565146818708,True,0.0935636362566391
20x15E,20.0,15.0,200.0,0.1638975,0.5073170731707317,1488.1796645299112,1488.1796645299112,8.100739627099813,68.65911994171495,52.06388263696762,8.219287036276883,0.7626577948099378,5.005513020543786,True,0.3648981814008925
20x15E,20.0,15.0,640.0,0.016005615234375,1.6234146341463416,1488.1796645299112,1488.1796645299112,2.531481133468692,68.65911994171495,52.06388263696762,8.219287036276885,0.7626577948099378,38.89656072826531,True,0.11403068168777893
20x15E,20.0,15.0,320.0,0.0640224609375,0.8117073170731708,1488.1796645299112,1488.1796645299112,5.062962266937384,68.65911994171495,52.06388263696762,8.219287036276885,0.7626577948099378,12.530592908109334,True,0.22806136337555785
20x15E,20.0,15.0,620.0,0.017054890738813736,1.5726829268292684,1488.1796645299112,1488.1796645299112,2.613141815193488,68.65911994171495,52.06388263696762,8.219287036276883,0.7626577948099378,37.23354760202531,True,0.11770909077448144
20x15E,20.0,15.0,900.0,0.008093703703703702,2.282926829268293,1488.1796645299112,1488.1796645299112,1.8001643615777363,68.65911994171495,52.06388263696762,8.219287036276885,0.7626577948099378,54.80612287723855,True,0.08108848475575389
20x15E,20.0,15.0,380.0,0.04540096952908587,0.9639024390243903,1488.1796645299112,1488.1796645299112,4.263547172157796,68.65911994171496,52.06388263696762,8.219287036276885,0.7626577948099376,17.017649839170485,True,0.19205167442152238
20x15E,20.0,15.0,220.0,0.13545247933884294,0.5580487804878049,1488.1796645299112,1488.1796645299112,7.364308751908921,68.65911994171496,52.06388263696762,8.219287036276885,0.7626577948099376,6.168342460234656,True,0.33172561945535683
20x15E,20.0,15.0,680.0,0.014177984429065746,1.7248780487804878,1488.1796645299112,1488.1796645299112,2.382570478558769,68.65911994171496,52.06388263696762,8.219287036276885,0.7626577948099376,41.7371155823821,True,0.10732299452967428
20x15E,20.0,15.0,880.0,0.008465779958677684,2.2321951219512197,1488.1796645299112,1488.1796645299112,1.8410771879772303,68.65911994171496,52.06388263696762,8.219287036276885,0.7626577948099376,53.74652715902817,True,0.08293140486383921
20x15E,20.0,15.0,740.0,0.011972059897735574,1.8770731707317074,1488.1796645299112,1488.1796645299112,2.1893890884053553,68.65911994171496,52.06388263696762,8.219287036276885,0.7626577948099376,45.70223711386508,True,0.09862113010834934
20x15E,20.0,15.0,760.0,0.011350242382271468,1.9278048780487806,1488.1796645299112,1488.1796645299112,2.131773586078898,68.65911994171496,52.06388263696762,8.219287036276885,0.7626577948099376,47.0239442910261,True,0.09602583721076119
20x15E,20.0,15.0,340.0,0.05671193771626298,0.8624390243902439,1488.1796645299112,1488.1796645299112,4.765140957117538,68.65911994171496,52.06388263696762,8.219287036276885,0.7626577948099376,13.99115719112298,True,0.21464598905934856
20x15E,20.0,15.0,440.0,0.033863119834710735,1.1160975609756099,1488.1796645299112,1488.1796645299112,3.6821543759544606,68.65911994171496,52.06388263696762,8.219287036276885,0.7626577948099376,21.875757483127657,True,0.16586280972767842
20x15E,20.0,15.0,840.0,0.00929124149659864,2.1307317073170733,1488.1796645299112,1488.1796645299112,1.9287475302618602,68.65911994171496,52.06388263696762,8.219287036276883,0.7626577948099376,51.627335722607455,True,0.08688051938116488
20x15E,20.0,15.0,420.0,0.03716496598639456,1.0653658536585366,1488.1796645299112,1488.1796645299112,3.8574950605237204,68.65911994171496,52.06388263696762,8.219287036276883,0.7626577948099376,20.21673626141405,True,0.17376103876232976
205x14E,20.5,14.0,700.0,0.013379387755102041,1.775609756097561,1579.2261365782808,1579.2261365782808,2.4475807295410217,73.76907675786208,56.646197263208464,8.691896444418848,0.7670497515293626,44.28624401103634,True,0.11025138421355954
205x14E,20.5,14.0,560.0,0.020905293367346936,1.420487804878049,1579.2261365782808,1579.2261365782808,3.0594759119262775,73.7690767578621,56.646197263208464,8.69189644441885,0.7670497515293624,33.25010583995685,True,0.13781423026694944
205x14E,20.5,14.0,280.0,0.08362117346938774,0.7102439024390245,1579.2261365782808,1579.2261365782808,6.118951823852555,73.7690767578621,56.646197263208464,8.69189644441885,0.7670497515293624,10.011958121080605,True,0.2756284605338989
205x14E,20.5,14.0,420.0,0.03716496598639456,1.0653658536585366,1579.2261365782808,1579.2261365782808,4.079301215901703,73.7690767578621,56.646197263208464,8.691896444418848,0.7670497515293624,20.756470069000212,True,0.18375230702259923
205x14E,20.5,14.0,260.0,0.09698076923076923,0.6595121951219513,1579.2261365782808,1579.2261365782808,6.589640425687367,73.7690767578621,56.646197263208464,8.69189644441885,0.7670497515293624,8.625416482529603,True,0.29683064980573726
205x14E,20.5,14.0,240.0,0.11381770833333335,0.608780487804878,1579.2261365782808,1579.2261365782808,7.138777127827981,73.7690767578621,56.646197263208464,8.69189644441885,0.7670497515293624,7.429905720454343,True,0.3215665372895487
205x14E,20.5,14.0,460.0,0.030982514177693755,1.166829268292683,1579.2261365782808,1579.2261365782808,3.7245793710406856,73.7690767578621,56.646197263208464,8.69189644441885,0.7670497515293624,24.200146972712524,True,0.16777384554237323
205x14E,20.5,14.0,480.0,0.028454427083333338,1.217560975609756,1579.2261365782808,1579.2261365782808,3.5693885639139906,73.7690767578621,56.646197263208464,8.69189644441885,0.7670497515293624,25.960863036856193,True,0.16078326864477435
205x14E,20.5,14.0,500.0,0.0262236,1.2682926829268293,1579.2261365782808,1579.2261365782808,3.426613021357431,73.7690767578621,56.646197263208464,8.69189644441885,0.7670497515293624,27.790066923661364,True,0.15435193789898338
205x14E,20.5,14.0,520.0,0.024245192307692308,1.3190243902439025,1579.2261365782808,1579.2261365782808,3.2948202128436836,73.7690767578621,56.646197263208464,8.69189644441885,0.7670497515293624,29.619270810466546,True,0.14841532490286863
205x14E,20.5,14.0,540.0,0.02248251028806584,1.3697560975609757,1579.2261365782808,1579.2261365782808,3.1727898345902137,73.7690767578621,56.646197263208464,8.69189644441885,0.7670497515293624,31.448474697271717,True,0.1429184610175772
205x14E,20.5,14.0,580.0,0.019488406658739597,1.471219512195122,1579.2261365782808,1579.2261365782808,2.953976742549509,73.7690767578621,56.646197263208464,8.691896444418848,0.7670497515293624,34.93883584762823,True,0.13306201543015805
205x14E,20.5,14.0,900.0,0.008093703703703702,2.282926829268293,1579.2261365782808,1579.2261365782808,1.9036739007541281,73.7690767578621,56.646197263208464,8.69189644441885,0.7670497515293624,51.259706890070085,True,0.08575107661054632
205x14E,20.5,14.0,840.0,0.00929124149659864,2.1307317073170733,1579.2261365782808,1579.2261365782808,2.0396506079508514,73.7690767578621,56.646197263208464,8.691896444418848,0.7670497515293624,51.259706890070085,True,0.09187615351129962
205x14E,20.5,14.0,820.0,0.00975,2.08,1579.2261365782808,1579.2261365782808,2.0893981837545312,73.7690767578621,56.646197263208464,8.69189644441885,0.7670497515293624,51.259706890070085,True,0.09411703530425816
205x14E,20.5,14.0,780.0,0.010775641025641026,1.9785365853658536,1579.2261365782808,1579.2261365782808,2.1965468085624553,73.7690767578621,56.646197263208464,8.691896444418848,0.7670497515293624,49.48154232701354,True,0.09894354993524573
205x14E,20.5,14.0,660.0,0.015050275482093664,1.6741463414634148,1579.2261365782808,1579.2261365782808,2.5959189555738114,73.7690767578621,56.646197263208464,8.69189644441885,0.7670497515293624,41.68859485304774,True,0.11693328628710863
205x14E,20.5,14.0,640.0,0.016005615234375,1.6234146341463416,1579.2261365782808,1579.2261365782808,2.677041422935493,73.76907675786211,56.646197263208464,8.69189644441885,0.7670497515293623,40.00502587064234,True,0.12058745148358076
205x14E,20.5,14.0,340.0,0.05671193771626298,0.8624390243902439,1579.2261365782808,1579.2261365782808,5.039136796113869,73.76907675786211,56.646197263208464,8.69189644441885,0.7670497515293623,14.30857013169985,True,0.2269881439690932
205x14E,20.5,14.0,360.0,0.050585648148148143,0.9131707317073171,1579.2261365782808,1579.2261365782808,4.7591847518853205,73.76907675786211,56.646197263208464,8.69189644441885,0.7670497515293623,15.87575202080533,True,0.2143776915263658
205x14E,20.5,14.0,400.0,0.040974375,1.0146341463414634,1579.2261365782808,1579.2261365782808,4.283266276696788,73.76907675786211,56.646197263208464,8.691896444418848,0.7670497515293623,19.034631617144058,True,0.1929399223737292
205x14E,20.5,14.0,800.0,0.01024359375,2.029268292682927,1579.2261365782808,1579.2261365782808,2.141633138348394,73.76907675786211,56.646197263208464,8.691896444418848,0.7670497515293623,50.78036690600783,True,0.0964699611868646
205x14E,20.5,14.0,320.0,0.0640224609375,0.8117073170731708,1579.2261365782808,1579.2261365782808,5.354082845870986,73.76907675786211,56.646197263208464,8.69189644441885,0.7670497515293623,12.79645226280563,True,0.24117490296716151
205x14E,20.5,14.0,740.0,0.011972059897735574,1.8770731707317074,1579.2261365782808,1579.2261365782808,2.3152790684847506,73.76907675786211,56.646197263208464,8.69189644441885,0.7670497515293623,46.88389316902494,True,0.10429184993174553
205x14E,20.5,14.0,720.0,0.012646412037037036,1.8263414634146342,1579.2261365782808,1579.2261365782808,2.3795923759426603,73.76907675786211,56.646197263208464,8.69189644441885,0.7670497515293623,45.585068590030644,True,0.1071888457631829
205x14E,20.5,14.0,200.0,0.1638975,0.5073170731707317,1579.2261365782808,1579.2261365782808,8.566532553393577,73.76907675786211,56.646197263208464,8.691896444418848,0.7670497515293623,5.038884196303822,True,0.3858798447474584
205x14E,20.5,14.0,300.0,0.07284333333333333,0.7609756097560976,1579.2261365782808,1579.2261365782808,5.711021702262385,73.76907675786211,56.646197263208464,8.69189644441885,0.7670497515293623,11.404205191943117,True,0.25725322983163895
205x14E,20.5,14.0,680.0,0.014177984429065746,1.7248780487804878,1579.2261365782808,1579.2261365782808,2.5195683980569346,73.76907675786211,56.646197263208464,8.69189644441885,0.7670497515293623,42.987419432042046,True,0.1134940719845466
205x14E,20.5,14.0,600.0,0.018210833333333332,1.5219512195121951,1579.2261365782808,1579.2261365782808,2.8555108511311924,73.76907675786211,56.646197263208464,8.69189644441885,0.7670497515293623,36.6275658552996,True,0.12862661491581948
205x14E,20.5,14.0,620.0,0.017054890738813736,1.5726829268292684,1579.2261365782808,1579.2261365782808,2.7633975978688956,73.76907675786211,56.646197263208464,8.691896444418848,0.7670497515293623,38.31629586297096,True,0.12447736927337368
205x14E,20.5,14.0,180.0,0.20234259259259257,0.45658536585365855,1579.2261365782808,1579.2261365782808,9.518369503770641,73.76907675786211,56.646197263208464,8.69189644441885,0.7670497515293623,4.056148666706866,True,0.4287553830527316
205x14E,20.5,14.0,760.0,0.011350242382271468,1.9278048780487806,1579.2261365782808,1579.2261365782808,2.2543506719456783,73.76907675786212,56.646197263208464,8.69189644441885,0.7670497515293622,48.18271774801922,True,0.10154732756512065
205x14E,20.5,14.0,380.0,0.04540096952908587,0.9639024390243903,1579.2261365782808,1579.2261365782808,4.508701343891357,73.76907675786212,56.646197263208464,8.69189644441885,0.7670497515293622,17.442933909910806,True,0.2030946551302413
205x14E,20.5,14.0,860.0,0.008864115738236884,2.1814634146341465,1579.2261365782808,1579.2261365782808,1.9922168728822274,73.76907675786212,56.646197263208464,8.69189644441885,0.7670497515293622,51.259706890070085,True,0.08973949877847871
205x14E,20.5,14.0,440.0,0.033863119834710735,1.1160975609756099,1579.2261365782808,1579.2261365782808,3.893878433360717,73.76907675786212,56.646197263208464,8.69189644441885,0.7670497515293622,22.478308520856366,True,0.17539992943066293
205x14E,20.5,14.0,880.0,0.008465779958677684,2.2321951219512197,1579.2261365782808,1579.2261365782808,1.9469392166803585,73.76907675786212,56.646197263208464,8.69189644441885,0.7670497515293622,51.259706890070085,True,0.08769996471533147
205x14E,20.5,14.0,220.0,0.13545247933884294,0.5580487804878049,1579.2261365782808,1579.2261365782808,7.787756866721434,73.76907675786212,56.646197263208464,8.69189644441885,0.7670497515293622,6.234394958379084,True,0.35079985886132586
16x10E,16.0,10.0,360.0,0.050585648148148143,0.9131707317073171,2391.416296875295,2391.416296875295,6.9147669982650095,78.25931201658015,59.28834572063265,12.628725678782535,0.7576145083124357,8.420624605281082,True,0.3114759909128383
16x10E,16.0,10.0,180.0,0.20234259259259257,0.45658536585365855,2391.416296875295,2391.416296875295,13.829533996530019,78.25931201658015,59.28834572063265,12.628725678782535,0.7576145083124357,1.516070171116919,True,0.6229519818256766
16x10E,16.0,10.0,660.0,0.015050275482093664,1.6741463414634148,2391.416296875295,2391.416296875295,3.771691089962733,78.25931201658015,59.28834572063265,12.628725678782537,0.7576145083124357,27.117052439185024,True,0.16989599504336636
16x10E,16.0,10.0,240.0,0.11381770833333335,0.608780487804878,2391.416296875295,2391.416296875295,10.372150497397515,78.25931201658015,59.28834572063265,12.628725678782535,0.7576145083124357,3.3796326246452524,True,0.46721398636925743
16x10E,16.0,10.0,480.0,0.028454427083333338,1.217560975609756,2391.416296875295,2391.416296875295,5.186075248698757,78.25931201658015,59.28834572063265,12.628725678782535,0.7576145083124357,15.18718430544849,True,0.23360699318462871
16x10E,16.0,10.0,320.0,0.0640224609375,0.8117073170731708,2391.416296875295,2391.416296875295,7.779112873048136,78.25931201658015,59.28834572063265,12.628725678782535,0.7576145083124357,6.550396947124704,True,0.35041048977694306
16x10E,16.0,10.0,720.0,0.012646412037037036,1.8263414634146342,2391.416296875295,2391.416296875295,3.4573834991325048,78.25931201658015,59.28834572063265,12.628725678782535,0.7576145083124357,30.73760629872522,True,0.15573799545641914
16x10E,16.0,10.0,640.0,0.016005615234375,1.6234146341463416,2391.416296875295,2391.416296875295,3.889556436524068,78.25931201658015,59.28834572063265,12.628725678782535,0.7576145083124357,25.88658704575649,True,0.17520524488847153
16x10E,16.0,10.0,780.0,0.010775641025641026,1.9785365853658536,2391.416296875295,2391.416296875295,3.191430922276158,78.25931201658015,59.28834572063265,12.628725678782533,0.7576145083124357,33.83920012141904,True,0.1437581496520792
16x10E,16.0,10.0,680.0,0.014177984429065746,1.7248780487804878,2391.416296875295,2391.416296875295,3.6607589990814757,78.25931201658017,59.28834572063265,12.628725678782535,0.7576145083124356,28.32390372569841,True,0.1648990540126791
16x10E,16.0,10.0,700.0,0.013379387755102041,1.775609756097561,2391.416296875295,2391.416296875295,3.5561658848220055,78.25931201658017,59.28834572063265,12.628725678782537,0.7576145083124356,29.53075501221182,True,0.1601876524694597
16x10E,16.0,10.0,740.0,0.011972059897735574,1.8770731707317074,2391.416296875295,2391.416296875295,3.363940701858654,78.25931201658017,59.28834572063265,12.628725678782537,0.7576145083124356,31.7847778794397,True,0.1515288604440835
16x10E,16.0,10.0,800.0,0.01024359375,2.029268292682927,2391.416296875295,2391.416296875295,3.1116451492192545,78.25931201658017,59.28834572063265,12.628725678782535,0.7576145083124356,34.86641124240873,True,0.14016419591077722
16x10E,16.0,10.0,820.0,0.00975,2.08,2391.416296875295,2391.416296875295,3.0357513650919556,78.25931201658017,59.28834572063265,12.628725678782535,0.7576145083124356,35.37754892841722,True,0.13674555698612414
16x10E,16.0,10.0,840.0,0.00929124149659864,2.1307317073170733,2391.416296875295,2391.416296875295,2.9634715706850043,78.25931201658017,59.28834572063265,12.628725678782537,0.7576145083124356,35.37754892841722,True,0.1334897103912164
16x10E,16.0,10.0,860.0,0.008864115738236884,2.1814634146341465,2391.416296875295,2391.416296875295,2.8945536271807017,78.25931201658017,59.28834572063265,12.628725678782535,0.7576145083124356,35.37754892841722,True,0.13038529852165323
16x10E,16.0,10.0,880.0,0.008465779958677684,2.2321951219512197,2391.416296875295,2391.416296875295,2.8287683174720493,78.25931201658017,59.28834572063265,12.628725678782535,0.7576145083124356,35.37754892841722,True,0.12742199628252474
16x10E,16.0,10.0,900.0,0.008093703703703702,2.282926829268293,2391.416296875295,2391.416296875295,2.765906799306004,78.25931201658017,59.28834572063265,12.628725678782535,0.7576145083124356,35.37754892841722,True,0.12459039636513532
16x10E,16.0,10.0,760.0,0.011350242382271468,1.9278048780487806,2391.416296875295,2391.416296875295,3.2754159465465835,78.25931201658017,59.28834572063265,12.628725678782535,0.7576145083124356,32.811989000429364,True,0.1475412588534497
16x10E,16.0,10.0,600.0,0.018210833333333332,1.5219512195121951,2391.416296875295,2391.416296875295,4.148860198959006,78.25931201658017,59.28834572063265,12.628725678782535,0.7576145083124356,23.188923601002863,True,0.18688559454770295
16x10E,16.0,10.0,440.0,0.033863119834710735,1.1160975609756099,2391.416296875295,2391.416296875295,5.6575366349440985,78.25931201658017,59.28834572063265,12.628725678782535,0.7576145083124356,12.772811897822054,True,0.25484399256504947
16x10E,16.0,10.0,340.0,0.05671193771626298,0.8624390243902439,2391.416296875295,2391.416296875295,7.3215179981629515,78.25931201658017,59.28834572063265,12.628725678782535,0.7576145083124356,7.485510776202892,True,0.3297981080253582
16x10E,16.0,10.0,220.0,0.13545247933884294,0.5580487804878049,2391.416296875295,2391.416296875295,11.315073269888197,78.25931201658017,59.28834572063265,12.628725678782535,0.7576145083124356,2.6839038215905195,True,0.5096879851300989
16x10E,16.0,10.0,300.0,0.07284333333333333,0.7609756097560976,2391.416296875295,2391.416296875295,8.297720397918011,78.25931201658017,59.28834572063265,12.628725678782535,0.7576145083124356,5.686598346092233,True,0.3737711890954059
16x10E,16.0,10.0,380.0,0.04540096952908587,0.9639024390243903,2391.416296875295,2391.416296875295,6.550831893093167,78.25931201658017,59.28834572063265,12.628725678782535,0.7576145083124356,9.461835642288667,True,0.2950825177068994
16x10E,16.0,10.0,400.0,0.040974375,1.0146341463414634,2391.416296875295,2391.416296875295,6.223290298438509,78.25931201658017,59.28834572063265,12.628725678782535,0.7576145083124356,10.513505973834391,True,0.28032839182155445
16x10E,16.0,10.0,420.0,0.03716496598639456,1.0653658536585366,2391.416296875295,2391.416296875295,5.926943141370009,78.25931201658017,59.28834572063265,12.628725678782537,0.7576145083124356,11.605462177097897,True,0.2669794207824328
16x10E,16.0,10.0,200.0,0.1638975,0.5073170731707317,2391.416296875295,2391.416296875295,12.446580596877018,78.25931201658017,59.28834572063265,12.628725678782535,0.7576145083124356,2.088277597366171,True,0.5606567836431089
16x10E,16.0,10.0,460.0,0.030982514177693755,1.166829268292683,2391.416296875295,2391.416296875295,5.411556781250877,78.25931201658017,59.28834572063265,12.628725678782537,0.7576145083124356,13.940161618546215,True,0.24376381897526475
16x10E,16.0,10.0,540.0,0.02248251028806584,1.3697560975609757,2391.416296875295,2391.416296875295,4.609844665510007,78.25931201658017,59.28834572063265,12.628725678782537,0.7576145083124356,19.110716597627796,True,0.20765066060855888
16x10E,16.0,10.0,500.0,0.0262236,1.2682926829268293,2391.416296875295,2391.416296875295,4.978632238750808,78.25931201658018,59.28834572063265,12.628725678782537,0.7576145083124355,16.467240731028856,True,0.2242627134572436
16x10E,16.0,10.0,520.0,0.024245192307692308,1.3190243902439025,2391.416296875295,2391.416296875295,4.787146383414238,78.25931201658018,59.28834572063265,12.628725678782537,0.7576145083124355,17.74729715660923,True,0.21563722447811884
16x10E,16.0,10.0,580.0,0.019488406658739597,1.471219512195122,2391.416296875295,2391.416296875295,4.291924343750696,78.25931201658018,59.28834572063265,12.628725678782535,0.7576145083124355,21.84009187862604,True,0.1933299253941755
16x10E,16.0,10.0,280.0,0.08362117346938774,0.7102439024390245,2391.416296875295,2391.416296875295,8.890414712055014,78.25931201658018,59.28834572063265,12.628725678782539,0.7576145083124355,4.87045961729922,True,0.4004691311736493
16x10E,16.0,10.0,260.0,0.09698076923076923,0.6595121951219513,2391.416296875295,2391.416296875295,9.574292766828476,78.25931201658018,59.28834572063265,12.628725678782537,0.7576145083124355,4.075361427699983,True,0.4312744489562377
16x10E,16.0,10.0,620.0,0.017054890738813736,1.5726829268292684,2391.416296875295,2391.416296875295,4.015025998992587,78.25931201658018,59.28834572063265,12.628725678782537,0.7576145083124355,24.537755323379667,True,0.18085702698164807
16x10E,16.0,10.0,560.0,0.020905293367346936,1.420487804878049,2391.416296875295,2391.416296875295,4.445207356027507,78.25931201658018,59.28834572063265,12.628725678782539,0.7576145083124355,20.47617150148198,True,0.20023456558682465
21x13E,21.0,13.0,480.0,0.028454427083333338,1.217560975609756,1694.70561090922,1694.70561090922,3.820307603603113,81.87659389180983,62.98562637938714,9.302914905944752,0.7729612554111063,26.8775598813952,True,0.17208592809023032
21x13E,21.0,13.0,240.0,0.11381770833333335,0.608780487804878,1694.70561090922,1694.70561090922,7.640615207206226,81.87659389180983,62.98562637938714,9.302914905944752,0.7729612554111063,7.62469168958342,True,0.34417185618046064
21x13E,21.0,13.0,700.0,0.013379387755102041,1.775609756097561,1694.70561090922,1694.70561090922,2.6196394996135632,81.87659389180985,62.98562637938714,9.302914905944752,0.7729612554111062,46.212533161080415,True,0.11800177926187222
21x13E,21.0,13.0,560.0,0.020905293367346936,1.420487804878049,1694.70561090922,1694.70561090922,3.2745493745169543,81.87659389180985,62.98562637938714,9.302914905944753,0.7729612554111062,34.52311311086584,True,0.1475022240773403
21x13E,21.0,13.0,740.0,0.011972059897735574,1.8770731707317074,1694.70561090922,1694.70561090922,2.4780373644993166,81.87659389180985,62.98562637938714,9.302914905944752,0.7729612554111062,48.79527526381752,True,0.11162330470717642
21x13E,21.0,13.0,520.0,0.024245192307692308,1.3190243902439025,1694.70561090922,1694.70561090922,3.5264377879413353,81.87659389180985,62.98562637938714,9.302914905944752,0.7729612554111062,30.699118805151752,True,0.15884854900636647
21x13E,21.0,13.0,500.0,0.0262236,1.2682926829268293,1694.70561090922,1694.70561090922,3.667495299458989,81.87659389180985,62.98562637938714,9.302914905944752,0.7729612554111062,28.78712165229472,True,0.16520249096662112
21x13E,21.0,13.0,260.0,0.09698076923076923,0.6595121951219513,1694.70561090922,1694.70561090922,7.052875575882671,81.87659389180985,62.98562637938714,9.302914905944752,0.7729612554111062,8.871082598521182,True,0.31769709801273294
21x13E,21.0,13.0,900.0,0.008093703703703702,2.282926829268293,1694.70561090922,1694.70561090922,2.037497388588327,81.87659389180985,62.98562637938714,9.302914905944752,0.7729612554111062,55.39212406013872,True,0.09177916164812285
21x13E,21.0,13.0,320.0,0.0640224609375,0.8117073170731708,1694.70561090922,1694.70561090922,5.73046140540467,81.87659389180985,62.98562637938714,9.302914905944753,0.7729612554111062,13.210554620227544,True,0.2581288921353455
21x13E,21.0,13.0,280.0,0.08362117346938774,0.7102439024390245,1694.70561090922,1694.70561090922,6.5490987490339085,81.87659389180985,62.98562637938714,9.302914905944753,0.7729612554111062,10.302500395559417,True,0.2950044481546806
21x13E,21.0,13.0,660.0,0.015050275482093664,1.6741463414634148,1694.70561090922,1694.70561090922,2.778405529893173,81.87659389180985,62.98562637938714,9.302914905944752,0.7729612554111062,43.202917995411255,True,0.12515340224744023
21x13E,21.0,13.0,640.0,0.016005615234375,1.6234146341463416,1694.70561090922,1694.70561090922,2.865230702702335,81.87659389180985,62.98562637938714,9.302914905944753,0.7729612554111062,41.48151302255163,True,0.12906444606767276
21x13E,21.0,13.0,820.0,0.00975,2.08,1694.70561090922,1694.70561090922,2.2362776216213347,81.87659389180986,62.98562637938714,9.302914905944753,0.772961255411106,53.960759469291766,True,0.10073322619915923
21x13E,21.0,13.0,720.0,0.012646412037037036,1.8263414634146342,1694.70561090922,1694.70561090922,2.546871735735409,81.87659389180986,62.98562637938714,9.302914905944753,0.772961255411106,47.50390421244897,True,0.11472395206015355
21x13E,21.0,13.0,840.0,0.00929124149659864,2.1307317073170733,1694.70561090922,1694.70561090922,2.183032916344636,81.87659389180986,62.98562637938714,9.302914905944752,0.772961255411106,55.25213052066032,True,0.09833481605156018
21x13E,21.0,13.0,780.0,0.010775641025641026,1.9785365853658536,1694.70561090922,1694.70561090922,2.3509585252942236,81.87659389180986,62.98562637938714,9.302914905944752,0.772961255411106,51.378017366554644,True,0.10589903267091097
21x13E,21.0,13.0,420.0,0.03716496598639456,1.0653658536585366,1694.70561090922,1694.70561090922,4.366065832689272,81.87659389180986,62.98562637938714,9.302914905944752,0.772961255411106,21.468524199635016,True,0.19666963210312036
21x13E,21.0,13.0,600.0,0.018210833333333332,1.5219512195121951,1694.70561090922,1694.70561090922,3.0562460828824904,81.87659389180986,62.98562637938714,9.302914905944752,0.772961255411106,38.03870307683237,True,0.13766874247218425
21x13E,21.0,13.0,580.0,0.019488406658739597,1.471219512195122,1694.70561090922,1694.70561090922,3.161633878843956,81.87659389180986,62.98562637938714,9.302914905944752,0.772961255411106,36.31729810397273,True,0.14241594048846648
21x13E,21.0,13.0,540.0,0.02248251028806584,1.3697560975609757,1694.70561090922,1694.70561090922,3.395828980980545,81.87659389180986,62.98562637938714,9.302914905944753,0.772961255411106,32.6111159580088,True,0.15296526941353808
21x13E,21.0,13.0,460.0,0.030982514177693755,1.166829268292683,1694.70561090922,1694.70561090922,3.9864079341945526,81.87659389180986,62.98562637938714,9.302914905944752,0.772961255411106,25.074547987475142,True,0.1795679249637186
21x13E,21.0,13.0,360.0,0.050585648148148143,0.9131707317073171,1694.70561090922,1694.70561090922,5.093743471470818,81.87659389180986,62.98562637938714,9.302914905944753,0.772961255411106,16.402348579672687,True,0.2294479041203071
21x13E,21.0,13.0,300.0,0.07284333333333333,0.7609756097560976,1694.70561090922,1694.70561090922,6.112492165764981,81.87659389180986,62.98562637938714,9.302914905944752,0.772961255411106,11.756527507893482,True,0.2753374849443685
21x13E,21.0,13.0,180.0,0.20234259259259257,0.45658536585365855,1694.70561090922,1694.70561090922,10.187486942941636,81.87659389180986,62.98562637938714,9.302914905944753,0.772961255411106,4.116635034724036,True,0.4588958082406142
21x13E,21.0,13.0,620.0,0.017054890738813736,1.5726829268292684,1694.70561090922,1694.70561090922,2.957657499563701,81.87659389180986,62.98562637938714,9.302914905944753,0.772961255411106,39.760108049691986,True,0.13322781529566222
21x13E,21.0,13.0,880.0,0.008465779958677684,2.2321951219512197,1694.70561090922,1694.70561090922,2.08380414741988,81.87659389180988,62.98562637938714,9.302914905944753,0.7729612554111059,55.39212406013872,True,0.09386505168558018
21x13E,21.0,13.0,860.0,0.008864115738236884,2.1814634146341465,1694.70561090922,1694.70561090922,2.132264708987784,81.87659389180988,62.98562637938714,9.302914905944753,0.7729612554111059,55.39212406013872,True,0.09604795986431461
21x13E,21.0,13.0,760.0,0.011350242382271468,1.9278048780487806,1694.70561090922,1694.70561090922,2.4128258549072292,81.87659389180988,62.98562637938714,9.302914905944752,0.7729612554111059,50.08664631518608,True,0.10868584932014547
21x13E,21.0,13.0,680.0,0.014177984429065746,1.7248780487804878,1694.70561090922,1694.70561090922,2.696687720190433,81.87659389180988,62.98562637938714,9.302914905944752,0.7729612554111059,44.92116210971186,True,0.12147241982839788
21x13E,21.0,13.0,440.0,0.033863119834710735,1.1160975609756099,1694.70561090922,1694.70561090922,4.16760829483976,81.87659389180988,62.98562637938714,9.302914905944753,0.7729612554111059,23.27153609355508,True,0.18773010337116036
21x13E,21.0,13.0,380.0,0.04540096952908587,0.9639024390243903,1694.70561090922,1694.70561090922,4.8256517098144585,81.87659389180988,62.98562637938714,9.302914905944752,0.7729612554111059,18.041628348255497,True,0.21737169864029093
21x13E,21.0,13.0,340.0,0.05671193771626298,0.8624390243902439,1694.70561090922,1694.70561090922,5.393375440380866,81.87659389180988,62.98562637938714,9.302914905944752,0.7729612554111059,14.763068811089875,True,0.24294483965679575
21x13E,21.0,13.0,220.0,0.13545247933884294,0.5580487804878049,1694.70561090922,1694.70561090922,8.33521658967952,81.87659389180988,62.98562637938714,9.302914905944753,0.7729612554111059,6.378300780645658,True,0.3754602067423207
21x13E,21.0,13.0,800.0,0.01024359375,2.029268292682927,1694.70561090922,1694.70561090922,2.2921845621618684,81.87659389180989,62.98562637938714,9.302914905944753,0.7729612554111057,52.66938841792321,True,0.10325155685413821
21x13E,21.0,13.0,400.0,0.040974375,1.0146341463414634,1694.70561090922,1694.70561090922,4.584369124323737,81.87659389180989,62.98562637938714,9.302914905944753,0.7729612554111057,19.680908116838303,True,0.20650311370827643
21x13E,21.0,13.0,200.0,0.1638975,0.5073170731707317,1694.70561090922,1694.70561090922,9.168738248647474,81.87659389180989,62.98562637938714,9.302914905944753,0.7729612554111057,5.131909871707893,True,0.41300622741655285
20x8E,20.0,8.0,560.0,0.020905293367346936,1.420487804878049,2229.2553518920026,2229.2553518920026,4.183310495007369,85.30796927530201,66.11734090276191,11.884683084352643,0.7714429370592911,29.07843858957897,True,0.18843740968501663
20x8E,20.0,8.0,660.0,0.015050275482093664,1.6741463414634148,2229.2553518920026,2229.2553518920026,3.5494755715214037,85.30796927530201,66.11734090276191,11.884683084352643,0.7714429370592911,36.88933094215937,True,0.15988628700546864
20x8E,20.0,8.0,580.0,0.019488406658739597,1.471219512195122,2229.2553518920026,2229.2553518920026,4.039058408972632,85.30796927530201,66.11734090276191,11.884683084352641,0.7714429370592911,30.86057904614377,True,0.18193956797174016
20x8E,20.0,8.0,540.0,0.02248251028806584,1.3697560975609757,2229.2553518920026,2229.2553518920026,4.338247920748382,85.30796927530201,66.11734090276191,11.884683084352643,0.7714429370592911,27.29629813301415,True,0.19541657300668389
20x8E,20.0,8.0,520.0,0.024245192307692308,1.3190243902439025,2229.2553518920026,2229.2553518920026,4.505103610007935,85.30796927530201,66.11734090276191,11.884683084352641,0.7714429370592911,25.51362008749292,True,0.20293259504540248
20x8E,20.0,8.0,280.0,0.08362117346938774,0.7102439024390245,2229.2553518920026,2229.2553518920026,8.366620990014738,85.30796927530201,66.11734090276191,11.884683084352643,0.7714429370592911,7.001228661206434,True,0.37687481937003325
20x8E,20.0,8.0,260.0,0.09698076923076923,0.6595121951219513,2229.2553518920026,2229.2553518920026,9.01020722001587,85.30796927530201,66.11734090276191,11.884683084352641,0.7714429370592911,5.922172598905946,True,0.40586519009080496
20x8E,20.0,8.0,840.0,0.00929124149659864,2.1307317073170733,2229.2553518920026,2229.2553518920026,2.788873663338246,85.30796927530203,66.11734090276191,11.884683084352643,0.771442937059291,40.58605504903141,True,0.12562493979001108
20x8E,20.0,8.0,860.0,0.008864115738236884,2.1814634146341465,2229.2553518920026,2229.2553518920026,2.724016136283868,85.30796927530203,66.11734090276191,11.884683084352643,0.771442937059291,40.58605504903141,True,0.1227034295623364
20x8E,20.0,8.0,240.0,0.11381770833333335,0.608780487804878,2229.2553518920026,2229.2553518920026,9.761057821683861,85.30796927530203,66.11734090276191,11.884683084352643,0.771442937059291,4.854212666865518,True,0.4396872892650388
20x8E,20.0,8.0,740.0,0.011972059897735574,1.8770731707317074,2229.2553518920026,2229.2553518920026,3.165748482708279,85.30796927530203,66.11734090276191,11.884683084352641,0.771442937059291,40.58605504903141,True,0.14260128300487743
20x8E,20.0,8.0,700.0,0.013379387755102041,1.775609756097561,2229.2553518920026,2229.2553518920026,3.3466483960058953,85.30796927530203,66.11734090276191,11.884683084352643,0.771442937059291,39.7189209100579,True,0.1507499277480133
20x8E,20.0,8.0,640.0,0.016005615234375,1.6234146341463416,2229.2553518920026,2229.2553518920026,3.660396683131448,85.30796927530203,66.11734090276191,11.884683084352643,0.771442937059291,35.4745359582101,True,0.16488273347438956
20x8E,20.0,8.0,480.0,0.028454427083333338,1.217560975609756,2229.2553518920026,2229.2553518920026,4.880528910841931,85.30796927530203,66.11734090276191,11.884683084352643,0.771442937059291,21.928559655993453,True,0.2198436446325194
20x8E,20.0,8.0,320.0,0.0640224609375,0.8117073170731708,2229.2553518920026,2229.2553518920026,7.320793366262896,85.30796927530203,66.11734090276191,11.884683084352643,0.771442937059291,9.517436026684136,True,0.3297654669487791
20x8E,20.0,8.0,460.0,0.030982514177693755,1.166829268292683,2229.2553518920026,2229.2553518920026,5.092725820008971,85.30796927530203,66.11734090276191,11.884683084352643,0.771442937059291,20.136029440243725,True,0.22940206396436805
20x8E,20.0,8.0,420.0,0.03716496598639456,1.0653658536585366,2229.2553518920026,2229.2553518920026,5.577747326676492,85.30796927530203,66.11734090276191,11.884683084352643,0.771442937059291,16.84472024475213,True,0.25124987958002215
20x8E,20.0,8.0,500.0,0.0262236,1.2682926829268293,2229.2553518920026,2229.2553518920026,4.685307754408254,85.30796927530204,66.11734090276191,11.884683084352645,0.7714429370592909,23.721089871743185,True,0.21104989884721864
20x8E,20.0,8.0,200.0,0.1638975,0.5073170731707317,2229.2553518920026,2229.2553518920026,11.713269386020633,85.30796927530204,66.11734090276191,11.884683084352643,0.7714429370592909,2.977895801678447,True,0.5276247471180465
20x8E,20.0,8.0,220.0,0.13545247933884294,0.5580487804878049,2229.2553518920026,2229.2553518920026,10.648426714564211,85.30796927530204,66.11734090276191,11.884683084352643,0.7714429370592909,3.844958827186042,True,0.4796588610164059
20x8E,20.0,8.0,880.0,0.008465779958677684,2.2321951219512197,2229.2553518920026,2229.2553518920026,2.6621066786410528,85.30796927530204,66.11734090276191,11.884683084352643,0.7714429370592909,40.58605504903141,True,0.11991471525410148
20x8E,20.0,8.0,400.0,0.040974375,1.0146341463414634,2229.2553518920026,2229.2553518920026,5.856634693010316,85.30796927530204,66.11734090276191,11.884683084352643,0.7714429370592909,15.22170021299025,True,0.26381237355902326
20x8E,20.0,8.0,720.0,0.012646412037037036,1.8263414634146342,2229.2553518920026,2229.2553518920026,3.253685940561287,85.30796927530204,66.11734090276191,11.884683084352643,0.7714429370592909,40.58605504903141,True,0.14656242975501294
20x8E,20.0,8.0,360.0,0.050585648148148143,0.9131707317073171,2229.2553518920026,2229.2553518920026,6.507371881122574,85.30796927530204,66.11734090276191,11.884683084352643,0.7714429370592909,12.270798587142172,True,0.29312485951002587
20x8E,20.0,8.0,680.0,0.014177984429065746,1.7248780487804878,2229.2553518920026,2229.2553518920026,3.445079231182539,85.30796927530204,66.11734090276191,11.884683084352643,0.7714429370592909,38.30412592610863,True,0.15518374915236663
20x8E,20.0,8.0,300.0,0.07284333333333333,0.7609756097560976,2229.2553518920026,2229.2553518920026,7.8088462573470885,85.30796927530204,66.11734090276191,11.884683084352643,0.7714429370592909,8.259332343945285,True,0.35174983141203103
20x8E,20.0,8.0,440.0,0.033863119834710735,1.1160975609756099,2229.2553518920026,2229.2553518920026,5.3242133572821055,85.30796927530204,66.11734090276191,11.884683084352643,0.7714429370592909,18.467740276514007,True,0.23982943050820296
20x8E,20.0,8.0,620.0,0.017054890738813736,1.5726829268292684,2229.2553518920026,2229.2553518920026,3.778473995490527,85.30796927530204,66.11734090276191,11.884683084352643,0.7714429370592909,34.059740974260826,True,0.17020153132840213
20x8E,20.0,8.0,340.0,0.05671193771626298,0.8624390243902439,2229.2553518920026,2229.2553518920026,6.890158462365078,85.30796927530204,66.11734090276191,11.884683084352643,0.7714429370592909,10.827759756213839,True,0.31036749830473326
20x8E,20.0,8.0,600.0,0.018210833333333332,1.5219512195121951,2229.2553518920026,2229.2553518920026,3.9044231286735442,85.30796927530204,66.11734090276191,11.884683084352643,0.7714429370592909,32.642719502708594,True,0.17587491570601552
20x8E,20.0,8.0,820.0,0.00975,2.08,2229.2553518920026,2229.2553518920026,2.8568949722001546,85.30796927530204,66.11734090276191,11.884683084352643,0.7714429370592909,40.58605504903141,True,0.12868896271171867
20x8E,20.0,8.0,800.0,0.01024359375,2.029268292682927,2229.2553518920026,2229.2553518920026,2.928317346505158,85.30796927530204,66.11734090276191,11.884683084352643,0.7714429370592909,40.58605504903141,True,0.13190618677951163
20x8E,20.0,8.0,780.0,0.010775641025641026,1.9785365853658536,2229.2553518920026,2229.2553518920026,3.0034024066719573,85.30796927530204,66.11734090276191,11.884683084352643,0.7714429370592909,40.58605504903141,True,0.13528839669693501
20x8E,20.0,8.0,180.0,0.20234259259259257,0.45658536585365855,2229.2553518920026,2229.2553518920026,13.014743762245148,85.30796927530204,66.11734090276191,11.884683084352643,0.7714429370592909,2.1108327761708514,True,0.5862497190200517
20x8E,20.0,8.0,900.0,0.008093703703703702,2.282926829268293,2229.2553518920026,2229.2553518920026,2.60294875244903,85.30796927530204,66.11734090276191,11.884683084352645,0.7714429370592909,40.58605504903141,True,0.11724994380401035
20x8E,20.0,8.0,760.0,0.011350242382271468,1.9278048780487806,2229.2553518920026,2229.2553518920026,3.082439312110693,85.30796927530206,66.11734090276191,11.884683084352645,0.7714429370592908,40.58605504903141,True,0.13884861766264384
20x8E,20.0,8.0,380.0,0.04540096952908587,0.9639024390243903,2229.2553518920026,2229.2553518920026,6.164878624221386,85.30796927530206,66.11734090276191,11.884683084352645,0.7714429370592908,13.713837418070499,True,0.2776972353252877
16x12E,16.0,12.0,500.0,0.0262236,1.2682926829268293,2333.138163157762,2333.138163157762,4.885835403619265,86.12005682921203,75.54519116011625,12.393338584790332,0.769868230190165,17.166587699664188,True,0.22008267583870564
16x12E,16.0,12.0,320.0,0.0640224609375,0.8117073170731708,2333.138163157762,2333.138163157762,7.634117818155102,86.12005682921203,75.54519116011625,12.393338584790332,0.769868230190165,7.129210855505285,True,0.34387918099797754
16x12E,16.0,12.0,660.0,0.015050275482093664,1.6741463414634148,2333.138163157762,2333.138163157762,3.701390457287322,86.12005682921203,75.54519116011625,12.393338584790333,0.769868230190165,27.562125422988924,True,0.16672929987780732
16x12E,16.0,12.0,640.0,0.016005615234375,1.6234146341463416,2333.138163157762,2333.138163157762,3.817058909077551,86.12005682921203,75.54519116011625,12.393338584790332,0.769868230190165,26.29328736997035,True,0.17193959049898877
16x12E,16.0,12.0,700.0,0.013379387755102041,1.775609756097561,2333.138163157762,2333.138163157762,3.489882431156618,86.12005682921203,75.54519116011625,12.393338584790332,0.769868230190165,29.849653779769923,True,0.15720191131336117
16x12E,16.0,12.0,720.0,0.012646412037037036,1.8263414634146342,2333.138163157762,2333.138163157762,3.3929412525133786,86.12005682921205,75.54519116011625,12.393338584790332,0.7698682301901648,30.964489584410117,True,0.1528351915546567
16x12E,16.0,12.0,740.0,0.011972059897735574,1.8770731707317074,2333.138163157762,2333.138163157762,3.3012401375805847,86.12005682921205,75.54519116011625,12.393338584790332,0.7698682301901648,32.079325389050304,True,0.14870451070182814
16x12E,16.0,12.0,520.0,0.024245192307692308,1.3190243902439025,2333.138163157762,2333.138163157762,4.697918657326216,86.12005682921205,75.54519116011625,12.393338584790332,0.7698682301901648,18.4585485594308,True,0.21161795753721696
16x12E,16.0,12.0,620.0,0.017054890738813736,1.5726829268292684,2333.138163157762,2333.138163157762,3.94018984162844,86.12005682921205,75.54519116011625,12.393338584790333,0.7698682301901648,25.02444931695178,True,0.17748602890218199
16x12E,16.0,12.0,600.0,0.018210833333333332,1.5219512195121951,2333.138163157762,2333.138163157762,4.0715295030160545,86.12005682921205,75.54519116011625,12.393338584790332,0.7698682301901648,23.755611263933215,True,0.18340222986558805
16x12E,16.0,12.0,560.0,0.020905293367346936,1.420487804878049,2333.138163157762,2333.138163157762,4.3623530389457725,86.12005682921205,75.54519116011625,12.393338584790333,0.7698682301901648,21.096060190836365,True,0.19650238914170148
16x12E,16.0,12.0,180.0,0.20234259259259257,0.45658536585365855,2333.138163157762,2333.138163157762,13.571765010053515,86.12005682921205,75.54519116011625,12.393338584790332,0.7698682301901648,1.8677464020206922,True,0.6113407662186268
16x12E,16.0,12.0,480.0,0.028454427083333338,1.217560975609756,2333.138163157762,2333.138163157762,5.089411878770068,86.12005682921205,75.54519116011625,12.393338584790332,0.7698682301901648,15.874626839897587,True,0.22925278733198506
16x12E,16.0,12.0,460.0,0.030982514177693755,1.166829268292683,2333.138163157762,2333.138163157762,5.310690656107897,86.12005682921205,75.54519116011625,12.393338584790333,0.7698682301901648,14.669334163160135,True,0.23922029982468004
16x12E,16.0,12.0,860.0,0.008864115738236884,2.1814634146341465,2333.138163157762,2333.138163157762,2.84060197884841,86.12005682921205,75.54519116011625,12.393338584790332,0.7698682301901648,37.02761396228964,True,0.1279550440922707
16x12E,16.0,12.0,900.0,0.008093703703703702,2.282926829268293,2333.138163157762,2333.138163157762,2.714353002010703,86.12005682921205,75.54519116011625,12.393338584790333,0.7698682301901648,37.02761396228964,True,0.12226815324372538
16x12E,16.0,12.0,300.0,0.07284333333333333,0.7609756097560976,2333.138163157762,2333.138163157762,8.143059006032109,86.12005682921205,75.54519116011625,12.393338584790332,0.7698682301901648,6.260861819377621,True,0.3668044597311761
16x12E,16.0,12.0,280.0,0.08362117346938774,0.7102439024390245,2333.138163157762,2333.138163157762,8.724706077891545,86.12005682921205,75.54519116011625,12.393338584790333,0.7698682301901648,5.397968736462216,True,0.39300477828340297
16x12E,16.0,12.0,260.0,0.09698076923076923,0.6595121951219513,2333.138163157762,2333.138163157762,9.395837314652432,86.12005682921205,75.54519116011625,12.393338584790332,0.7698682301901648,4.589785434947752,True,0.4232359150744339
16x12E,16.0,12.0,240.0,0.11381770833333335,0.608780487804878,2333.138163157762,2333.138163157762,10.178823757540137,86.12005682921205,75.54519116011625,12.393338584790332,0.7698682301901648,3.846919427499139,True,0.45850557466397013
16x12E,16.0,12.0,820.0,0.00975,2.08,2333.138163157762,2333.138163157762,2.9791679290361373,86.12005682921205,75.54519116011625,12.393338584790332,0.7698682301901648,36.0348786419879,True,0.13419675356018637
16x12E,16.0,12.0,360.0,0.050585648148148143,0.9131707317073171,2333.138163157762,2333.138163157762,6.785882505026757,86.12005682921205,75.54519116011625,12.393338584790332,0.7698682301901648,9.084403710070308,True,0.3056703831093134
16x12E,16.0,12.0,760.0,0.011350242382271468,1.9278048780487806,2333.138163157762,2333.138163157762,3.214365397117938,86.12005682921206,75.54519116011625,12.393338584790333,0.7698682301901647,33.13489757976342,True,0.14479123410441164
16x12E,16.0,12.0,380.0,0.04540096952908587,0.9639024390243903,2333.138163157762,2333.138163157762,6.428730794235876,86.12005682921206,75.54519116011625,12.393338584790333,0.7698682301901647,10.115116889960731,True,0.2895824682088233
16x12E,16.0,12.0,840.0,0.00929124149659864,2.1307317073170733,2333.138163157762,2333.138163157762,2.9082353592971817,86.12005682921206,75.54519116011625,12.393338584790332,0.7698682301901647,37.00153899606273,True,0.13100159276113432
16x12E,16.0,12.0,680.0,0.014177984429065746,1.7248780487804878,2333.138163157762,2333.138163157762,3.592526032072989,86.12005682921206,75.54519116011625,12.393338584790332,0.7698682301901647,28.734817975129733,True,0.16182549694022474
16x12E,16.0,12.0,340.0,0.05671193771626298,0.8624390243902439,2333.138163157762,2333.138163157762,7.185052064145978,86.12005682921206,75.54519116011625,12.393338584790332,0.7698682301901647,8.106807282787793,True,0.3236509938804495
16x12E,16.0,12.0,540.0,0.02248251028806584,1.3697560975609757,2333.138163157762,2333.138163157762,4.523921670017839,86.12005682921206,75.54519116011625,12.393338584790335,0.7698682301901647,19.76071158561684,True,0.20378025540620898
16x12E,16.0,12.0,580.0,0.019488406658739597,1.471219512195122,2333.138163157762,2333.138163157762,4.211927072085574,86.12005682921206,75.54519116011625,12.393338584790333,0.7698682301901647,22.43140879605588,True,0.1897264446885394
16x12E,16.0,12.0,780.0,0.010775641025641026,1.9785365853658536,2333.138163157762,2333.138163157762,3.131945771550811,86.12005682921206,75.54519116011625,12.393338584790332,0.7698682301901647,34.101557933838244,True,0.14107863835814466
16x12E,16.0,12.0,420.0,0.03716496598639456,1.0653658536585366,2333.138163157762,2333.138163157762,5.816470718594363,86.12005682921206,75.54519116011625,12.393338584790332,0.7698682301901647,12.293503428074228,True,0.26200318552226864
16x12E,16.0,12.0,880.0,0.008465779958677684,2.2321951219512197,2333.138163157762,2333.138163157762,2.776042842965492,86.12005682921207,75.54519116011625,12.393338584790333,0.7698682301901646,37.02761396228964,True,0.1250469749083555
16x12E,16.0,12.0,200.0,0.1638975,0.5073170731707317,2333.138163157762,2333.138163157762,12.214588509048165,86.12005682921207,75.54519116011625,12.393338584790333,0.7698682301901646,2.4877125635894073,True,0.5502066895967642
16x12E,16.0,12.0,440.0,0.033863119834710735,1.1160975609756099,2333.138163157762,2333.138163157762,5.552085685930984,86.12005682921207,75.54519116011625,12.393338584790333,0.7698682301901646,13.4718665177434,True,0.250093949816711
16x12E,16.0,12.0,400.0,0.040974375,1.0146341463414634,2333.138163157762,2333.138163157762,6.107294254524082,86.12005682921207,75.54519116011625,12.393338584790333,0.7698682301901646,11.20431015901748,True,0.2751033447983821
16x12E,16.0,12.0,220.0,0.13545247933884294,0.5580487804878049,2333.138163157762,2333.138163157762,11.104171371861968,86.12005682921207,75.54519116011625,12.393338584790333,0.7698682301901646,3.1076787251581233,True,0.500187899633422
16x12E,16.0,12.0,800.0,0.01024359375,2.029268292682927,2333.138163157762,2333.138163157762,3.053647127262041,86.12005682921207,75.54519116011625,12.393338584790333,0.7698682301901646,35.06821828791307,True,0.13755167239919106
17x12E,17.0,12.0,240.0,0.11381770833333335,0.608780487804878,2240.458007699824,2240.458007699824,9.816803412364033,87.44170125336457,77.15274374662397,11.952556740127134,0.7734115709089466,4.501414335755829,True,0.44219835190828977
17x12E,17.0,12.0,540.0,0.02248251028806584,1.3697560975609757,2240.458007699824,2240.458007699824,4.363023738828459,87.44170125336457,77.15274374662397,11.952556740127136,0.7734115709089466,22.489735825324917,True,0.1965326008481288
17x12E,17.0,12.0,560.0,0.020905293367346936,1.420487804878049,2240.458007699824,2240.458007699824,4.207201462441728,87.44170125336457,77.15274374662397,11.952556740127134,0.7734115709089466,23.956036264397014,True,0.18951357938926702
17x12E,17.0,12.0,480.0,0.028454427083333338,1.217560975609756,2240.458007699824,2240.458007699824,4.908401706182016,87.44170125336457,77.15274374662397,11.952556740127134,0.7734115709089466,18.171603104464044,True,0.22109917595414488
17x12E,17.0,12.0,280.0,0.08362117346938774,0.7102439024390245,2240.458007699824,2240.458007699824,8.414402924883456,87.44170125336457,77.15274374662397,11.952556740127134,0.7734115709089466,6.266652677100134,True,0.37902715877853405
17x12E,17.0,12.0,660.0,0.015050275482093664,1.6741463414634148,2240.458007699824,2240.458007699824,3.569746695405103,87.44170125336458,77.15274374662397,11.952556740127136,0.7734115709089465,30.86511033478937,True,0.16079940069392357
17x12E,17.0,12.0,580.0,0.019488406658739597,1.471219512195122,2240.458007699824,2240.458007699824,4.062125549943738,87.44170125336458,77.15274374662397,11.952556740127134,0.7734115709089465,25.389348986455662,True,0.18297862837584405
17x12E,17.0,12.0,600.0,0.018210833333333332,1.5219512195121951,2240.458007699824,2240.458007699824,3.9267213649456134,87.44170125336458,77.15274374662397,11.952556740127136,0.7734115709089465,26.817498791375176,True,0.17687934076331593
17x12E,17.0,12.0,320.0,0.0640224609375,0.8117073170731708,2240.458007699824,2240.458007699824,7.362602559273025,87.44170125336458,77.15274374662397,11.952556740127136,0.7734115709089465,8.281846048640087,True,0.33164876393121734
17x12E,17.0,12.0,620.0,0.017054890738813736,1.5726829268292684,2240.458007699824,2240.458007699824,3.8000529338183355,87.44170125336458,77.15274374662397,11.952556740127136,0.7734115709089465,28.24564859629468,True,0.17117355557740252
17x12E,17.0,12.0,640.0,0.016005615234375,1.6234146341463416,2240.458007699824,2240.458007699824,3.6813012796365125,87.44170125336458,77.15274374662397,11.952556740127136,0.7734115709089465,29.626617571262027,True,0.16582438196560867
17x12E,17.0,12.0,460.0,0.030982514177693755,1.166829268292683,2240.458007699824,2240.458007699824,5.121810476016018,87.44170125336458,77.15274374662397,11.952556740127138,0.7734115709089465,16.787281486730016,True,0.23071218360432513
17x12E,17.0,12.0,300.0,0.07284333333333333,0.7609756097560976,2240.458007699824,2240.458007699824,7.853442729891227,87.44170125336458,77.15274374662397,11.952556740127136,0.7734115709089465,7.274249362870109,True,0.35375868152663187
17x12E,17.0,12.0,520.0,0.024245192307692308,1.3190243902439025,2240.458007699824,2240.458007699824,4.530832344168016,87.44170125336458,77.15274374662397,11.952556740127138,0.7734115709089465,21.023435386252803,True,0.2040915470345953
17x12E,17.0,12.0,700.0,0.013379387755102041,1.775609756097561,2240.458007699824,2240.458007699824,3.365761169953383,87.44170125336458,77.15274374662397,11.952556740127136,0.7734115709089465,33.34209586184405,True,0.15161086351141365
17x12E,17.0,12.0,740.0,0.011972059897735574,1.8770731707317074,2240.458007699824,2240.458007699824,3.1838281337396865,87.44170125336458,77.15274374662397,11.952556740127136,0.7734115709089465,35.67752063268558,True,0.1434156816999859
17x12E,17.0,12.0,260.0,0.09698076923076923,0.6595121951219513,2240.458007699824,2240.458007699824,9.061664688336032,87.44170125336458,77.15274374662397,11.952556740127138,0.7734115709089465,5.371745102602414,True,0.4081830940691906
17x12E,17.0,12.0,780.0,0.010775641025641026,1.9785365853658536,2240.458007699824,2240.458007699824,3.02055489611201,87.44170125336458,77.15274374662397,11.952556740127134,0.7734115709089465,37.765351448736666,True,0.13606103135639686
17x12E,17.0,12.0,180.0,0.20234259259259257,0.45658536585365855,2240.458007699824,2240.458007699824,13.089071216485378,87.44170125336458,77.15274374662397,11.952556740127136,0.7734115709089465,2.218319207854535,True,0.5895978025443864
17x12E,17.0,12.0,820.0,0.00975,2.08,2240.458007699824,2240.458007699824,2.8732107548382535,87.44170125336458,77.15274374662397,11.952556740127134,0.7734115709089465,39.85318226478778,True,0.12942390787559702
17x12E,17.0,12.0,500.0,0.0262236,1.2682926829268293,2240.458007699824,2240.458007699824,4.712065637934736,87.44170125336458,77.15274374662397,11.952556740127136,0.7734115709089465,19.557134947180696,True,0.2122552089159791
17x12E,17.0,12.0,720.0,0.012646412037037036,1.8263414634146342,2240.458007699824,2240.458007699824,3.2722678041213444,87.44170125336458,77.15274374662397,11.952556740127136,0.7734115709089465,34.580588625371384,True,0.1473994506360966
17x12E,17.0,12.0,360.0,0.050585648148148143,0.9131707317073171,2240.458007699824,2240.458007699824,6.544535608242689,87.44170125336458,77.15274374662397,11.952556740127136,0.7734115709089465,10.499388250745705,True,0.2947989012721932
17x12E,17.0,12.0,380.0,0.04540096952908587,0.9639024390243903,2240.458007699824,2240.458007699824,6.2000863657036,87.4417012533646,77.15274374662397,11.952556740127136,0.7734115709089464,11.637847386552675,True,0.2792831696262883
17x12E,17.0,12.0,900.0,0.008093703703703702,2.282926829268293,2240.458007699824,2240.458007699824,2.617814243297076,87.4417012533646,77.15274374662397,11.952556740127138,0.7734115709089464,40.212560259584286,True,0.1179195605088773
17x12E,17.0,12.0,200.0,0.1638975,0.5073170731707317,2240.458007699824,2240.458007699824,11.78016409483684,87.4417012533646,77.15274374662397,11.952556740127136,0.7734115709089464,2.9448374043142773,True,0.5306380222899477
17x12E,17.0,12.0,220.0,0.13545247933884294,0.5580487804878049,2240.458007699824,2240.458007699824,10.709240086215308,87.4417012533646,77.15274374662397,11.952556740127136,0.7734115709089464,3.6713556007740187,True,0.48239820208177064
17x12E,17.0,12.0,340.0,0.05671193771626298,0.8624390243902439,2240.458007699824,2240.458007699824,6.929508291080494,87.4417012533646,77.15274374662397,11.952556740127136,0.7734115709089464,9.360929114938726,True,0.312140013111734
17x12E,17.0,12.0,400.0,0.040974375,1.0146341463414634,2240.458007699824,2240.458007699824,5.89008204741842,87.4417012533646,77.15274374662397,11.952556740127136,0.7734115709089464,12.878414541699126,True,0.26531901114497386
17x12E,17.0,12.0,860.0,0.008864115738236884,2.1814634146341465,2240.458007699824,2240.458007699824,2.7395730453108933,87.4417012533646,77.15274374662397,11.952556740127138,0.7734115709089464,40.212560259584286,True,0.12340419123022042
17x12E,17.0,12.0,440.0,0.033863119834710735,1.1160975609756099,2240.458007699824,2240.458007699824,5.354620043107654,87.4417012533646,77.15274374662397,11.952556740127136,0.7734115709089464,15.405935069450939,True,0.24119910104088532
17x12E,17.0,12.0,880.0,0.008465779958677684,2.2321951219512197,2240.458007699824,2240.458007699824,2.677310021553827,87.4417012533646,77.15274374662397,11.952556740127136,0.7734115709089464,40.212560259584286,True,0.12059955052044266
17x12E,17.0,12.0,680.0,0.014177984429065746,1.7248780487804878,2240.458007699824,2240.458007699824,3.464754145540247,87.4417012533646,77.15274374662397,11.952556740127136,0.7734115709089464,32.1036030983167,True,0.156070006555867
17x12E,17.0,12.0,760.0,0.011350242382271468,1.9278048780487806,2240.458007699824,2240.458007699824,3.1000431828518,87.4417012533646,77.15274374662397,11.952556740127136,0.7734115709089464,36.72143604071113,True,0.13964158481314415
17x12E,17.0,12.0,800.0,0.01024359375,2.029268292682927,2240.458007699824,2240.458007699824,2.94504102370921,87.4417012533646,77.15274374662397,11.952556740127136,0.7734115709089464,38.80926685676222,True,0.13265950557248693
17x12E,17.0,12.0,840.0,0.00929124149659864,2.1307317073170733,2240.458007699824,2240.458007699824,2.8048009749611524,87.4417012533646,77.15274374662397,11.952556740127136,0.7734115709089464,40.212560259584286,True,0.12634238625951139
17x12E,17.0,12.0,420.0,0.03716496598639456,1.0653658536585366,2240.458007699824,2240.458007699824,5.609601949922305,87.4417012533646,77.15274374662397,11.952556740127136,0.7734115709089464,14.142174805575028,True,0.25268477251902277
20x13E,20.0,13.0,540.0,0.02248251028806584,1.3697560975609757,1848.5887504997836,1848.5887504997836,3.679677433539136,88.33441922559025,69.0901473440924,10.080521203295508,0.7776459652019039,30.460473633031633,True,0.16575123574500614
20x13E,20.0,13.0,660.0,0.015050275482093664,1.6741463414634148,1848.5887504997836,1848.5887504997836,3.0106451728956567,88.33441922559025,69.0901473440924,10.080521203295508,0.7776459652019039,40.41137743805005,True,0.1356146474277323
20x13E,20.0,13.0,700.0,0.013379387755102041,1.775609756097561,1848.5887504997836,1848.5887504997836,2.838608305873048,88.33441922559025,69.0901473440924,10.080521203295508,0.7776459652019039,43.29649795430974,True,0.12786523900329044
20x13E,20.0,13.0,720.0,0.012646412037037036,1.8263414634146342,1848.5887504997836,1848.5887504997836,2.759758075154352,88.33441922559025,69.0901473440924,10.080521203295506,0.7776459652019039,44.73905821243958,True,0.1243134268087546
20x13E,20.0,13.0,560.0,0.020905293367346936,1.420487804878049,1848.5887504997836,1848.5887504997836,3.5482603823413097,88.33441922559025,69.0901473440924,10.080521203295508,0.7776459652019039,32.22802391118989,True,0.15983154875411307
20x13E,20.0,13.0,620.0,0.017054890738813736,1.5726829268292684,1848.5887504997836,1848.5887504997836,3.2048803453405377,88.33441922559025,69.0901473440924,10.080521203295506,0.7776459652019039,37.52625692179036,True,0.14436397951984403
20x13E,20.0,13.0,500.0,0.0262236,1.2682926829268293,1848.5887504997836,1848.5887504997836,3.974051628222267,88.33441922559025,69.0901473440924,10.080521203295506,0.7776459652019039,26.88545801300902,True,0.1790113346046066
20x13E,20.0,13.0,520.0,0.024245192307692308,1.3190243902439025,1848.5887504997836,1848.5887504997836,3.8212034886752564,88.33441922559025,69.0901473440924,10.080521203295506,0.7776459652019039,28.680006719388853,True,0.1721262832736602
20x13E,20.0,13.0,480.0,0.028454427083333338,1.217560975609756,1848.5887504997836,1848.5887504997836,4.139637112731529,88.33441922559025,69.0901473440924,10.080521203295508,0.7776459652019039,25.09090930662918,True,0.18647014021313194
20x13E,20.0,13.0,360.0,0.050585648148148143,0.9131707317073171,1848.5887504997836,1848.5887504997836,5.519516150308704,88.33441922559025,69.0901473440924,10.080521203295506,0.7776459652019039,15.126621501564374,True,0.2486268536175092
20x13E,20.0,13.0,900.0,0.008093703703703702,2.282926829268293,1848.5887504997836,1848.5887504997836,2.2078064601234817,88.33441922559025,69.0901473440924,10.080521203295508,0.7776459652019039,55.14088367579139,True,0.09945074144700368
20x13E,20.0,13.0,280.0,0.08362117346938774,0.7102439024390245,1848.5887504997836,1848.5887504997836,7.096520764682619,88.33441922559025,69.0901473440924,10.080521203295508,0.7776459652019039,9.442913724346202,True,0.31966309750822614
20x13E,20.0,13.0,260.0,0.09698076923076923,0.6595121951219513,1848.5887504997836,1848.5887504997836,7.642406977350513,88.33441922559025,69.0901473440924,10.080521203295506,0.7776459652019039,8.122961779430721,True,0.3442525665473204
20x13E,20.0,13.0,240.0,0.11381770833333335,0.608780487804878,1848.5887504997836,1848.5887504997836,8.279274225463057,88.33441922559025,69.0901473440924,10.080521203295508,0.7776459652019039,6.920841780401348,True,0.37294028042626387
20x13E,20.0,13.0,180.0,0.20234259259259257,0.45658536585365855,1848.5887504997836,1848.5887504997836,11.039032300617407,88.33441922559025,69.0901473440924,10.080521203295506,0.7776459652019039,3.692532928829257,True,0.4972537072350184
20x13E,20.0,13.0,840.0,0.00929124149659864,2.1307317073170733,1848.5887504997836,1848.5887504997836,2.3655069215608733,88.33441922559027,69.0901473440924,10.080521203295508,0.7776459652019038,51.83865263328605,True,0.10655436583607537
20x13E,20.0,13.0,760.0,0.011350242382271468,1.9278048780487806,1848.5887504997836,1848.5887504997836,2.614507650146228,88.33441922559027,69.0901473440924,10.080521203295506,0.7776459652019038,47.36928754809855,True,0.11777061487145173
20x13E,20.0,13.0,740.0,0.011972059897735574,1.8770731707317074,1848.5887504997836,1848.5887504997836,2.6851700190690995,88.33441922559027,69.0901473440924,10.080521203295508,0.7776459652019038,46.18161847056942,True,0.12095360446257206
20x13E,20.0,13.0,640.0,0.016005615234375,1.6234146341463416,1848.5887504997836,1848.5887504997836,3.104727834548646,88.33441922559027,69.0901473440924,10.080521203295508,0.7776459652019038,38.9688171799202,True,0.13985260515984893
20x13E,20.0,13.0,600.0,0.018210833333333332,1.5219512195121951,1848.5887504997836,1848.5887504997836,3.3117096901852223,88.33441922559027,69.0901473440924,10.080521203295506,0.7776459652019038,35.76312446750639,True,0.14917611217050553
20x13E,20.0,13.0,580.0,0.019488406658739597,1.471219512195122,1848.5887504997836,1848.5887504997836,3.4259065760536784,88.33441922559027,69.0901473440924,10.080521203295506,0.7776459652019038,33.995574189348126,True,0.154320116038454
20x13E,20.0,13.0,460.0,0.030982514177693755,1.166829268292683,1848.5887504997836,1848.5887504997836,4.319621335024204,88.33441922559027,69.0901473440924,10.08052120329551,0.7776459652019038,23.296360600249358,True,0.19457753761370286
20x13E,20.0,13.0,380.0,0.04540096952908587,0.9639024390243903,1848.5887504997836,1848.5887504997836,5.229015300292456,88.33441922559027,69.0901473440924,10.080521203295506,0.7776459652019038,16.624007250602336,True,0.23554122974290345
20x13E,20.0,13.0,300.0,0.07284333333333333,0.7609756097560976,1848.5887504997836,1848.5887504997836,6.623419380370445,88.33441922559027,69.0901473440924,10.080521203295506,0.7776459652019038,10.762865669261675,True,0.29835222434101105
20x13E,20.0,13.0,320.0,0.0640224609375,0.8117073170731708,1848.5887504997836,1848.5887504997836,6.209455669097292,88.33441922559027,69.0901473440924,10.080521203295508,0.7776459652019038,12.13185000348843,True,0.27970521031969786
20x13E,20.0,13.0,420.0,0.03716496598639456,1.0653658536585366,1848.5887504997836,1848.5887504997836,4.7310138431217466,88.33441922559027,69.0901473440924,10.080521203295508,0.7776459652019038,19.92994227763114,True,0.21310873167215075
20x13E,20.0,13.0,820.0,0.00975,2.08,1848.5887504997836,1848.5887504997836,2.4232022123306507,88.33441922559028,69.0901473440924,10.080521203295508,0.7776459652019037,50.721311361989166,True,0.10915325280768697
20x13E,20.0,13.0,800.0,0.01024359375,2.029268292682927,1848.5887504997836,1848.5887504997836,2.483782267638917,88.33441922559028,69.0901473440924,10.080521203295508,0.7776459652019037,49.60397009069229,True,0.11188208412787914
20x13E,20.0,13.0,780.0,0.010775641025641026,1.9785365853658536,1848.5887504997836,1848.5887504997836,2.547468992450171,88.33441922559028,69.0901473440924,10.080521203295506,0.7776459652019037,48.48662881939541,True,0.11475085551577348
20x13E,20.0,13.0,400.0,0.040974375,1.0146341463414634,1848.5887504997836,1848.5887504997836,4.967564535277834,88.33441922559028,69.0901473440924,10.080521203295508,0.7776459652019037,18.272477870756443,True,0.2237641682557583
20x13E,20.0,13.0,860.0,0.008864115738236884,2.1814634146341465,1848.5887504997836,1848.5887504997836,2.3104951326873646,88.33441922559028,69.0901473440924,10.080521203295508,0.7776459652019037,52.955993904582925,True,0.10407635732825968
20x13E,20.0,13.0,680.0,0.014177984429065746,1.7248780487804878,1848.5887504997836,1848.5887504997836,2.9220967854575495,88.33441922559028,69.0901473440924,10.080521203295508,0.7776459652019037,41.85393769617989,True,0.13162598132691664
20x13E,20.0,13.0,340.0,0.05671193771626298,0.8624390243902439,1848.5887504997836,1848.5887504997836,5.844193570915099,88.33441922559028,69.0901473440924,10.080521203295508,0.7776459652019037,13.6292357525264,True,0.26325196265383327
20x13E,20.0,13.0,200.0,0.1638975,0.5073170731707317,1848.5887504997836,1848.5887504997836,9.935129070555668,88.33441922559028,69.0901473440924,10.080521203295508,0.7776459652019037,4.672131071223846,True,0.4475283365115166
20x13E,20.0,13.0,220.0,0.13545247933884294,0.5580487804878049,1848.5887504997836,1848.5887504997836,9.031935518686971,88.3344192255903,69.0901473440924,10.08052120329551,0.7776459652019035,5.7964864258125965,True,0.4068439422831969
20x13E,20.0,13.0,440.0,0.033863119834710735,1.1160975609756099,1848.5887504997836,1848.5887504997836,4.515967759343486,88.3344192255903,69.0901473440924,10.08052120329551,0.7776459652019035,21.587406684505833,True,0.20342197114159846
20x13E,20.0,13.0,880.0,0.008465779958677684,2.2321951219512197,1848.5887504997836,1848.5887504997836,2.257983879671743,88.3344192255903,69.0901473440924,10.08052120329551,0.7776459652019035,54.073335175879805,True,0.10171098557079923
18x12E,18.0,12.0,480.0,0.028454427083333338,1.217560975609756,2155.5587973518886,2155.5587973518886,4.746665073839703,89.87631397621244,77.9873140119358,11.558708316394048,0.7771075562751376,20.682285814219288,True,0.21381374206485151
18x12E,18.0,12.0,500.0,0.0262236,1.2682926829268293,2155.5587973518886,2155.5587973518886,4.556798470886115,89.87631397621244,77.9873140119358,11.558708316394046,0.7771075562751376,22.266756068448384,True,0.20526119238225743
18x12E,18.0,12.0,560.0,0.020905293367346936,1.420487804878049,2155.5587973518886,2155.5587973518886,4.068570063291173,89.87631397621244,77.9873140119358,11.558708316394046,0.7771075562751376,27.042084662852055,True,0.1832689217698727
18x12E,18.0,12.0,280.0,0.08362117346938774,0.7102439024390245,2155.5587973518886,2155.5587973518886,8.137140126582347,89.87631397621244,77.9873140119358,11.558708316394046,0.7771075562751376,7.307697082427228,True,0.3665378435397454
18x12E,18.0,12.0,900.0,0.008093703703703702,2.282926829268293,2155.5587973518886,2155.5587973518886,2.5315547060478414,89.87631397621244,77.9873140119358,11.558708316394048,0.7771075562751376,43.51795197384491,True,0.11403399576792078
18x12E,18.0,12.0,240.0,0.11381770833333335,0.608780487804878,2155.5587973518886,2155.5587973518886,9.493330147679407,89.87631397621244,77.9873140119358,11.558708316394048,0.7771075562751376,5.266463848997322,True,0.42762748412970303
18x12E,18.0,12.0,700.0,0.013379387755102041,1.775609756097561,2155.5587973518886,2155.5587973518886,3.2548560506329394,89.87631397621244,77.9873140119358,11.558708316394048,0.7771075562751376,37.22873636520708,True,0.14661513741589818
18x12E,18.0,12.0,860.0,0.008864115738236884,2.1814634146341465,2155.5587973518886,2155.5587973518886,2.6493014365616947,89.87631397621246,77.9873140119358,11.558708316394048,0.7771075562751375,43.51795197384491,True,0.11933790254782409
18x12E,18.0,12.0,820.0,0.00975,2.08,2155.5587973518886,2155.5587973518886,2.7785356529793384,89.87631397621246,77.9873140119358,11.558708316394048,0.7771075562751375,43.51795197384491,True,0.12515926364771796
18x12E,18.0,12.0,740.0,0.011972059897735574,1.8770731707317074,2155.5587973518886,2155.5587973518886,3.0789178857338615,89.87631397621246,77.9873140119358,11.558708316394048,0.7771075562751375,39.52700163386821,True,0.13868999485287664
18x12E,18.0,12.0,720.0,0.012646412037037036,1.8263414634146342,2155.5587973518886,2155.5587973518886,3.164443382559802,89.87631397621246,77.9873140119358,11.558708316394048,0.7771075562751375,38.377868999537654,True,0.142542494709901
18x12E,18.0,12.0,300.0,0.07284333333333333,0.7609756097560976,2155.5587973518886,2155.5587973518886,7.594664118143524,89.87631397621246,77.9873140119358,11.558708316394046,0.7771075562751375,8.437042778687623,True,0.34210198730376234
18x12E,18.0,12.0,640.0,0.016005615234375,1.6234146341463416,2155.5587973518886,2155.5587973518886,3.5599988053797773,89.87631397621246,77.9873140119358,11.558708316394048,0.7771075562751375,33.07086258688318,True,0.16036030654863861
18x12E,18.0,12.0,460.0,0.030982514177693755,1.166829268292683,2155.5587973518886,2155.5587973518886,4.953041816180559,89.87631397621246,77.9873140119358,11.558708316394048,0.7771075562751375,19.11539303349223,True,0.22310999171984502
18x12E,18.0,12.0,360.0,0.050585648148148143,0.9131707317073171,2155.5587973518886,2155.5587973518886,6.328886765119604,89.87631397621246,77.9873140119358,11.558708316394048,0.7771075562751375,12.095053635524348,True,0.285084989419802
18x12E,18.0,12.0,600.0,0.018210833333333332,1.5219512195121951,2155.5587973518886,2155.5587973518886,3.797332059071762,89.87631397621246,77.9873140119358,11.558708316394046,0.7771075562751375,30.2386282602304,True,0.17105099365188117
18x12E,18.0,12.0,180.0,0.20234259259259257,0.45658536585365855,2155.5587973518886,2155.5587973518886,12.657773530239208,89.87631397621246,77.9873140119358,11.558708316394048,0.7771075562751375,2.640686409557658,True,0.570169978839604
18x12E,18.0,12.0,260.0,0.09698076923076923,0.6595121951219513,2155.5587973518886,2155.5587973518886,8.763073982473298,89.87631397621246,77.9873140119358,11.558708316394048,0.7771075562751375,6.2870804657122745,True,0.39473306227357197
18x12E,18.0,12.0,320.0,0.0640224609375,0.8117073170731708,2155.5587973518886,2155.5587973518886,7.119997610759555,89.87631397621246,77.9873140119358,11.558708316394048,0.7771075562751375,9.612772813277317,True,0.32072061309727723
18x12E,18.0,12.0,660.0,0.015050275482093664,1.6741463414634148,2155.5587973518886,2155.5587973518886,3.452120053701602,89.87631397621246,77.9873140119358,11.558708316394048,0.7771075562751375,34.47880978035135,True,0.155500903319892
18x12E,18.0,12.0,540.0,0.02248251028806584,1.3697560975609757,2155.5587973518886,2155.5587973518886,4.21925784341307,89.87631397621246,77.9873140119358,11.55870831639405,0.7771075562751375,25.443812864162876,True,0.19005665961320134
18x12E,18.0,12.0,520.0,0.024245192307692308,1.3190243902439025,2155.5587973518886,2155.5587973518886,4.381536991236649,89.87631397621246,77.9873140119358,11.558708316394048,0.7771075562751375,23.851226322677494,True,0.19736653113678598
18x12E,18.0,12.0,880.0,0.008465779958677684,2.2321951219512197,2155.5587973518886,2155.5587973518886,2.5890900402762016,89.87631397621247,77.9873140119358,11.558708316394048,0.7771075562751374,43.51795197384491,True,0.11662567748991899
18x12E,18.0,12.0,840.0,0.00929124149659864,2.1307317073170733,2155.5587973518886,2155.5587973518886,2.712380042194116,89.87631397621247,77.9873140119358,11.55870831639405,0.7771075562751374,43.51795197384491,True,0.12217928117991515
18x12E,18.0,12.0,200.0,0.1638975,0.5073170731707317,2155.5587973518886,2155.5587973518886,11.391996177215287,89.87631397621247,77.9873140119358,11.558708316394046,0.7771075562751374,3.491088754321844,True,0.5131529809556435
18x12E,18.0,12.0,580.0,0.019488406658739597,1.471219512195122,2155.5587973518886,2155.5587973518886,3.9282745438673405,89.87631397621247,77.9873140119358,11.558708316394048,0.7771075562751374,28.640356461541227,True,0.17694930377780813
18x12E,18.0,12.0,620.0,0.017054890738813736,1.5726829268292684,2155.5587973518886,2155.5587973518886,3.6748374765210605,89.87631397621247,77.9873140119358,11.558708316394048,0.7771075562751374,31.66291539341503,True,0.16553321966311085
18x12E,18.0,12.0,340.0,0.05671193771626298,0.8624390243902439,2155.5587973518886,2155.5587973518886,6.701174221891345,89.87631397621247,77.9873140119358,11.558708316394046,0.7771075562751374,10.78850284786701,True,0.3018546946797903
18x12E,18.0,12.0,380.0,0.04540096952908587,0.9639024390243903,2155.5587973518886,2155.5587973518886,5.995787461692257,89.87631397621247,77.9873140119358,11.55870831639405,0.7771075562751374,13.417738938201914,True,0.270080516292444
18x12E,18.0,12.0,400.0,0.040974375,1.0146341463414634,2155.5587973518886,2155.5587973518886,5.695998088607643,89.87631397621247,77.9873140119358,11.558708316394046,0.7771075562751374,14.740424240879486,True,0.2565764904778218
18x12E,18.0,12.0,680.0,0.014177984429065746,1.7248780487804878,2155.5587973518886,2155.5587973518886,3.3505871109456726,89.87631397621247,77.9873140119358,11.558708316394046,0.7771075562751374,35.886756973819494,True,0.15092734733989516
18x12E,18.0,12.0,420.0,0.03716496598639456,1.0653658536585366,2155.5587973518886,2155.5587973518886,5.424760084388232,89.87631397621247,77.9873140119358,11.55870831639405,0.7771075562751374,16.193874549449944,True,0.2443585623598303
18x12E,18.0,12.0,760.0,0.011350242382271468,1.9278048780487806,2155.5587973518886,2155.5587973518886,2.9978937308461284,89.87631397621247,77.9873140119358,11.55870831639405,0.7771075562751374,40.67613426819879,True,0.135040258146222
18x12E,18.0,12.0,440.0,0.033863119834710735,1.1160975609756099,2155.5587973518886,2155.5587973518886,5.178180080552403,89.87631397621247,77.9873140119358,11.558708316394048,0.7771075562751374,17.65463379147109,True,0.23325135497983798
18x12E,18.0,12.0,780.0,0.010775641025641026,1.9785365853658536,2155.5587973518886,2155.5587973518886,2.921024660824433,89.87631397621247,77.9873140119358,11.55870831639405,0.7771075562751374,41.82526690252934,True,0.13157768742452403
18x12E,18.0,12.0,800.0,0.01024359375,2.029268292682927,2155.5587973518886,2155.5587973518886,2.8479990443038217,89.87631397621247,77.9873140119358,11.558708316394046,0.7771075562751374,42.97439953685992,True,0.1282882452389109
18x12E,18.0,12.0,220.0,0.13545247933884294,0.5580487804878049,2155.5587973518886,2155.5587973518886,10.356360161104806,89.87631397621247,77.9873140119358,11.558708316394048,0.7771075562751374,4.346460385591605,True,0.46650270995967597
17x10E,17.0,10.0,320.0,0.0640224609375,0.8117073170731708,2517.5383237266747,2517.5383237266747,8.209559201859937,92.39315222534773,81.6056920442668,13.327518548190183,0.7721607409657906,7.580881934408057,True,0.36979996404774496
17x10E,17.0,10.0,640.0,0.016005615234375,1.6234146341463416,2517.5383237266747,2517.5383237266747,4.104779600929969,92.39315222534773,81.6056920442668,13.327518548190183,0.7721607409657906,29.01050439681416,True,0.18489998202387248
17x10E,17.0,10.0,240.0,0.11381770833333335,0.608780487804878,2517.5383237266747,2517.5383237266747,10.94607893581325,92.39315222534773,81.6056920442668,13.327518548190183,0.7721607409657906,3.973479499263346,True,0.49306661873032664
17x10E,17.0,10.0,480.0,0.028454427083333338,1.217560975609756,2517.5383237266747,2517.5383237266747,5.473039467906625,92.39315222534773,81.6056920442668,13.327518548190183,0.7721607409657906,17.34517571748574,True,0.24653330936516332
17x10E,17.0,10.0,500.0,0.0262236,1.2682926829268293,2517.5383237266747,2517.5383237266747,5.25411788919036,92.39315222534775,81.6056920442668,13.327518548190183,0.7721607409657905,18.795351480207984,True,0.23667197699055678
17x10E,17.0,10.0,540.0,0.02248251028806584,1.3697560975609757,2517.5383237266747,2517.5383237266747,4.864923971472556,92.39315222534775,81.6056920442668,13.327518548190183,0.7721607409657905,21.73601498649463,True,0.2191407194357007
17x10E,17.0,10.0,580.0,0.019488406658739597,1.471219512195122,2517.5383237266747,2517.5383237266747,4.529411973439966,92.39315222534775,81.6056920442668,13.32751854819018,0.7721607409657905,24.733939851579066,True,0.20402756637116962
17x10E,17.0,10.0,660.0,0.015050275482093664,1.6741463414634148,2517.5383237266747,2517.5383237266747,3.9803923402957273,92.39315222534775,81.6056920442668,13.327518548190183,0.7721607409657905,30.367558514603687,True,0.1792969522655733
17x10E,17.0,10.0,700.0,0.013379387755102041,1.775609756097561,2517.5383237266747,2517.5383237266747,3.752941349421686,92.39315222534775,81.6056920442668,13.327518548190183,0.7721607409657905,32.962448616529336,True,0.169051412136112
17x10E,17.0,10.0,740.0,0.011972059897735574,1.8770731707317074,2517.5383237266747,2517.5383237266747,3.5500796548583513,92.39315222534775,81.6056920442668,13.327518548190183,0.7721607409657905,35.21743394393397,True,0.1599134979665924
17x10E,17.0,10.0,780.0,0.010775641025641026,1.9785365853658536,2517.5383237266747,2517.5383237266747,3.3680242879425384,92.39315222534775,81.6056920442668,13.32751854819018,0.7721607409657905,37.472419271338595,True,0.15171280576317742
17x10E,17.0,10.0,340.0,0.05671193771626298,0.8624390243902439,2517.5383237266747,2517.5383237266747,7.726643954691706,92.39315222534778,81.6056920442668,13.327518548190183,0.7721607409657902,8.669047324488329,True,0.3480470249861129
17x10E,17.0,10.0,360.0,0.050585648148148143,0.9131707317073171,2517.5383237266747,2517.5383237266747,7.297385957208833,92.39315222534778,81.6056920442668,13.327518548190183,0.7721607409657902,9.757266901593429,True,0.3287110791535511
17x10E,17.0,10.0,260.0,0.09698076923076923,0.6595121951219513,2517.5383237266747,2517.5383237266747,10.104072863827616,92.39315222534778,81.6056920442668,13.327518548190183,0.7721607409657902,4.7866005709171775,True,0.45513841728953225
17x10E,17.0,10.0,400.0,0.040974375,1.0146341463414634,2517.5383237266747,2517.5383237266747,6.567647361487951,92.39315222534778,81.6056920442668,13.327518548190183,0.7721607409657902,12.116098911656742,True,0.295839971238196
17x10E,17.0,10.0,420.0,0.03716496598639456,1.0653658536585366,2517.5383237266747,2517.5383237266747,6.254902249036143,92.39315222534778,81.6056920442668,13.327518548190183,0.7721607409657902,13.336836458407358,True,0.28175235356018663
17x10E,17.0,10.0,460.0,0.030982514177693755,1.166829268292683,2517.5383237266747,2517.5383237266747,5.710997705641696,92.39315222534778,81.6056920442668,13.327518548190184,0.7721607409657902,15.994213901046615,True,0.2572521489027791
17x10E,17.0,10.0,200.0,0.1638975,0.5073170731707317,2517.5383237266747,2517.5383237266747,13.135294722975901,92.39315222534778,81.6056920442668,13.327518548190183,0.7721607409657902,2.491595393112746,True,0.591679942476392
17x10E,17.0,10.0,180.0,0.20234259259259257,0.45658536585365855,2517.5383237266747,2517.5383237266747,14.594771914417667,92.39315222534778,81.6056920442668,13.327518548190183,0.7721607409657902,1.8220797684651133,True,0.6574221583071022
17x10E,17.0,10.0,280.0,0.08362117346938774,0.7102439024390245,2517.5383237266747,2517.5383237266747,9.382353373554215,92.39315222534778,81.6056920442668,13.327518548190184,0.7721607409657902,5.6748351060919875,True,0.42262853034028
17x10E,17.0,10.0,300.0,0.07284333333333333,0.7609756097560976,2517.5383237266747,2517.5383237266747,8.7568631486506,92.39315222534778,81.6056920442668,13.327518548190183,0.7721607409657902,6.627858520250024,True,0.3944532949842613
17x10E,17.0,10.0,900.0,0.008093703703703702,2.282926829268293,2517.5383237266747,2517.5383237266747,2.9189543828835336,92.39315222534778,81.6056920442668,13.327518548190184,0.7721607409657902,37.90929037072952,True,0.13148443166142043
17x10E,17.0,10.0,840.0,0.00929124149659864,2.1307317073170733,2517.5383237266747,2517.5383237266747,3.1274511245180716,92.39315222534778,81.6056920442668,13.327518548190183,0.7721607409657902,37.90929037072952,True,0.14087617678009332
17x10E,17.0,10.0,820.0,0.00975,2.08,2517.5383237266747,2517.5383237266747,3.2037304202380246,92.39315222534778,81.6056920442668,13.327518548190183,0.7721607409657902,37.90929037072952,True,0.1443121810918029
17x10E,17.0,10.0,800.0,0.01024359375,2.029268292682927,2517.5383237266747,2517.5383237266747,3.2838236807439753,92.39315222534778,81.6056920442668,13.327518548190183,0.7721607409657902,37.90929037072952,True,0.147919985619098
17x10E,17.0,10.0,720.0,0.012646412037037036,1.8263414634146342,2517.5383237266747,2517.5383237266747,3.6486929786044167,92.39315222534778,81.6056920442668,13.327518548190183,0.7721607409657902,34.08994128023165,True,0.16435553957677554
17x10E,17.0,10.0,680.0,0.014177984429065746,1.7248780487804878,2517.5383237266747,2517.5383237266747,3.863321977345853,92.39315222534778,81.6056920442668,13.327518548190183,0.7721607409657902,31.7246126323932,True,0.17402351249305645
17x10E,17.0,10.0,620.0,0.017054890738813736,1.5726829268292684,2517.5383237266747,2517.5383237266747,4.2371918461212585,92.39315222534778,81.6056920442668,13.327518548190184,0.7721607409657902,27.653450279024646,True,0.19086449757302967
17x10E,17.0,10.0,600.0,0.018210833333333332,1.5219512195121951,2517.5383237266747,2517.5383237266747,4.3784315743253,92.39315222534778,81.6056920442668,13.327518548190183,0.7721607409657902,26.234955671133687,True,0.19722664749213065
17x10E,17.0,10.0,560.0,0.020905293367346936,1.420487804878049,2517.5383237266747,2517.5383237266747,4.691176686777108,92.39315222534778,81.6056920442668,13.327518548190184,0.7721607409657902,23.232924032024453,True,0.21131426517014
17x10E,17.0,10.0,520.0,0.024245192307692308,1.3190243902439025,2517.5383237266747,2517.5383237266747,5.052036431913808,92.39315222534778,81.6056920442668,13.327518548190183,0.7721607409657902,20.26568323335131,True,0.22756920864476612
17x10E,17.0,10.0,880.0,0.008465779958677684,2.2321951219512197,2517.5383237266747,2517.5383237266747,2.985294255221796,92.39315222534779,81.6056920442668,13.327518548190184,0.7721607409657901,37.90929037072952,True,0.13447271419918
17x10E,17.0,10.0,760.0,0.011350242382271468,1.9278048780487806,2517.5383237266747,2517.5383237266747,3.4566565060462895,92.39315222534779,81.6056920442668,13.327518548190183,0.7721607409657901,36.34492660763628,True,0.15570524802010313
17x10E,17.0,10.0,220.0,0.13545247933884294,0.5580487804878049,2517.5383237266747,2517.5383237266747,11.941177020887183,92.39315222534779,81.6056920442668,13.327518548190184,0.7721607409657901,3.16111101776038,True,0.53789085679672
17x10E,17.0,10.0,860.0,0.008864115738236884,2.1814634146341465,2517.5383237266747,2517.5383237266747,3.0547197030176516,92.39315222534779,81.6056920442668,13.327518548190184,0.7721607409657901,37.90929037072952,True,0.13759998662241674
17x10E,17.0,10.0,440.0,0.033863119834710735,1.1160975609756099,2517.5383237266747,2517.5383237266747,5.970588510443592,92.39315222534779,81.6056920442668,13.327518548190184,0.7721607409657901,14.643252084607496,True,0.26894542839836
17x10E,17.0,10.0,380.0,0.04540096952908587,0.9639024390243903,2517.5383237266747,2517.5383237266747,6.913313012092579,92.39315222534779,81.6056920442668,13.327518548190183,0.7721607409657901,10.895361364906126,True,0.31141049604020626
19x8E,19.0,8.0,560.0,0.020905293367346936,1.420487804878049,2451.9976678441617,2451.9976678441617,4.5799820241851945,92.89774904173481,72.13565140358361,13.0116172238315,0.7743174218069581,26.848700954712818,True,0.20630549658491867
19x8E,19.0,8.0,240.0,0.11381770833333335,0.608780487804878,2451.9976678441617,2451.9976678441617,10.686624723098788,92.89774904173481,72.13565140358361,13.0116172238315,0.7743174218069581,4.319244873377512,True,0.48137949203147695
19x8E,19.0,8.0,280.0,0.08362117346938774,0.7102439024390245,2451.9976678441617,2451.9976678441617,9.159964048370389,92.89774904173481,72.13565140358361,13.0116172238315,0.7743174218069581,6.288276591876185,True,0.41261099316983735
19x8E,19.0,8.0,320.0,0.0640224609375,0.8117073170731708,2451.9976678441617,2451.9976678441617,8.014968542324091,92.89774904173481,72.13565140358361,13.0116172238315,0.7743174218069581,8.536769731941463,True,0.36103461902360773
19x8E,19.0,8.0,480.0,0.028454427083333338,1.217560975609756,2451.9976678441617,2451.9976678441617,5.343312361549394,92.89774904173481,72.13565140358361,13.0116172238315,0.7743174218069581,20.017468199848818,True,0.24068974601573848
19x8E,19.0,8.0,640.0,0.016005615234375,1.6234146341463416,2451.9976678441617,2451.9976678441617,4.0074842711620455,92.89774904173481,72.13565140358361,13.0116172238315,0.7743174218069581,33.202622432024874,True,0.18051730951180386
19x8E,19.0,8.0,700.0,0.013379387755102041,1.775609756097561,2451.9976678441617,2451.9976678441617,3.6639856193481557,92.89774904173481,72.13565140358361,13.0116172238315,0.7743174218069581,34.11756253584295,True,0.16504439726793493
19x8E,19.0,8.0,900.0,0.008093703703703702,2.282926829268293,2451.9976678441617,2451.9976678441617,2.8497665928263434,92.89774904173483,72.13565140358361,13.0116172238315,0.774317421806958,34.11756253584295,True,0.1283678645417272
19x8E,19.0,8.0,720.0,0.012646412037037036,1.8263414634146342,2451.9976678441617,2451.9976678441617,3.562208241032929,92.89774904173483,72.13565140358361,13.0116172238315,0.774317421806958,34.11756253584295,True,0.16045983067715897
19x8E,19.0,8.0,360.0,0.050585648148148143,0.9131707317073171,2451.9976678441617,2451.9976678441617,7.124416482065858,92.89774904173483,72.13565140358361,13.0116172238315,0.774317421806958,11.079419052679173,True,0.32091966135431793
19x8E,19.0,8.0,660.0,0.015050275482093664,1.6741463414634148,2451.9976678441617,2451.9976678441617,3.886045353854105,92.89774904173483,72.13565140358361,13.011617223831502,0.774317421806958,34.11756253584295,True,0.17504708801144617
19x8E,19.0,8.0,520.0,0.024245192307692308,1.3190243902439025,2451.9976678441617,2451.9976678441617,4.932288333737902,92.89774904173483,72.13565140358361,13.0116172238315,0.774317421806958,23.3809222673928,True,0.22217515016837397
19x8E,19.0,8.0,300.0,0.07284333333333333,0.7609756097560976,2451.9976678441617,2451.9976678441617,8.54929977847903,92.89774904173483,72.13565140358361,13.0116172238315,0.774317421806958,7.412523161908822,True,0.38510359362518154
19x8E,19.0,8.0,600.0,0.018210833333333332,1.5219512195121951,2451.9976678441617,2451.9976678441617,4.274649889239515,92.89774904173483,72.13565140358361,13.0116172238315,0.774317421806958,30.051029199164706,True,0.19255179681259077
19x8E,19.0,8.0,260.0,0.09698076923076923,0.6595121951219513,2451.9976678441617,2451.9976678441617,9.864576667475804,92.89774904173483,72.13565140358361,13.0116172238315,0.774317421806958,5.270815028259585,True,0.44435030033674794
19x8E,19.0,8.0,580.0,0.019488406658739597,1.471219512195122,2451.9976678441617,2451.9976678441617,4.422051609558119,92.89774904173483,72.13565140358361,13.0116172238315,0.774317421806958,28.475232582734627,True,0.19919151394405943
19x8E,19.0,8.0,180.0,0.20234259259259257,0.45658536585365855,2451.9976678441617,2451.9976678441617,14.248832964131717,92.89774904173483,72.13565140358361,13.0116172238315,0.774317421806958,1.8404649686746615,True,0.6418393227086359
19x8E,19.0,8.0,840.0,0.00929124149659864,2.1307317073170733,2451.9976678441617,2451.9976678441617,3.0533213494567963,92.89774904173483,72.13565140358361,13.0116172238315,0.774317421806958,34.11756253584295,True,0.13753699772327913
19x8E,19.0,8.0,420.0,0.03716496598639456,1.0653658536585366,2451.9976678441617,2451.9976678441617,6.106642698913593,92.89774904173483,72.13565140358361,13.0116172238315,0.774317421806958,15.290899592846367,True,0.27507399544655825
19x8E,19.0,8.0,540.0,0.02248251028806584,1.3697560975609757,2451.9976678441617,2451.9976678441617,4.749610988043906,92.89774904173483,72.13565140358361,13.011617223831502,0.774317421806958,25.11481161105282,True,0.21394644090287865
19x8E,19.0,8.0,880.0,0.008465779958677684,2.2321951219512197,2451.9976678441617,2451.9976678441617,2.9145340153905783,92.89774904173484,72.13565140358361,13.0116172238315,0.7743174218069578,34.11756253584295,True,0.13128531600858462
19x8E,19.0,8.0,400.0,0.040974375,1.0146341463414634,2451.9976678441617,2451.9976678441617,6.411974833859273,92.89774904173484,72.13565140358361,13.0116172238315,0.7743174218069578,13.830195712160531,True,0.2888276952188862
19x8E,19.0,8.0,380.0,0.04540096952908587,0.9639024390243903,2451.9976678441617,2451.9976678441617,6.749447193536077,92.89774904173484,72.13565140358361,13.011617223831502,0.7743174218069578,12.372879087420197,True,0.30402915286198545
19x8E,19.0,8.0,860.0,0.008864115738236884,2.1814634146341465,2451.9976678441617,2451.9976678441617,2.9823138762136154,92.89774904173484,72.13565140358361,13.011617223831502,0.7743174218069578,34.11756253584295,True,0.1343384628925052
19x8E,19.0,8.0,340.0,0.05671193771626298,0.8624390243902439,2451.9976678441617,2451.9976678441617,7.543499804540321,92.89774904173484,72.13565140358361,13.0116172238315,0.7743174218069578,9.785959017938147,True,0.33979728849280727
19x8E,19.0,8.0,500.0,0.0262236,1.2682926829268293,2451.9976678441617,2451.9976678441617,5.129579867087418,92.89774904173484,72.13565140358361,13.0116172238315,0.7743174218069578,21.64703292373279,True,0.23106215617510895
19x8E,19.0,8.0,220.0,0.13545247933884294,0.5580487804878049,2451.9976678441617,2451.9976678441617,11.658136061562313,92.89774904173484,72.13565140358361,13.0116172238315,0.7743174218069578,3.381625127303912,True,0.5251412640343385
19x8E,19.0,8.0,200.0,0.1638975,0.5073170731707317,2451.9976678441617,2451.9976678441617,12.823949667718546,92.89774904173484,72.13565140358361,13.0116172238315,0.7743174218069578,2.6110450479892866,True,0.5776553904377724
19x8E,19.0,8.0,460.0,0.030982514177693755,1.166829268292683,2451.9976678441617,2451.9976678441617,5.575630290312412,92.89774904173484,72.13565140358361,13.011617223831504,0.7743174218069578,18.391786548896853,True,0.2511545175816402
19x8E,19.0,8.0,680.0,0.014177984429065746,1.7248780487804878,2451.9976678441617,2451.9976678441617,3.7717499022701606,92.89774904173484,72.13565140358361,13.0116172238315,0.7743174218069578,34.11756253584295,True,0.16989864424640364
19x8E,19.0,8.0,620.0,0.017054890738813736,1.5726829268292684,2451.9976678441617,2451.9976678441617,4.136757957328563,92.89774904173484,72.13565140358361,13.011617223831502,0.7743174218069578,31.626825815594785,True,0.18634044852831366
19x8E,19.0,8.0,440.0,0.033863119834710735,1.1160975609756099,2451.9976678441617,2451.9976678441617,5.829068030781157,92.89774904173484,72.13565140358361,13.0116172238315,0.7743174218069578,16.766104897944892,True,0.26257063201716924
19x8E,19.0,8.0,820.0,0.00975,2.08,2451.9976678441617,2451.9976678441617,3.1277926018825726,92.89774904173484,72.13565140358361,13.011617223831502,0.7743174218069578,34.11756253584295,True,0.14089155864335912
19x8E,19.0,8.0,760.0,0.011350242382271468,1.9278048780487806,2451.9976678441617,2451.9976678441617,3.3747235967680385,92.89774904173484,72.13565140358361,13.011617223831502,0.7743174218069578,34.11756253584295,True,0.15201457643099273
19x8E,19.0,8.0,740.0,0.011972059897735574,1.8770731707317074,2451.9976678441617,2451.9976678441617,3.465932342626634,92.89774904173484,72.13565140358361,13.011617223831502,0.7743174218069578,34.11756253584295,True,0.15612307849669524
19x8E,19.0,8.0,800.0,0.01024359375,2.029268292682927,2451.9976678441617,2451.9976678441617,3.2059874169296365,92.89774904173484,72.13565140358361,13.0116172238315,0.7743174218069578,34.11756253584295,True,0.1444138476094431
19x8E,19.0,8.0,780.0,0.010775641025641026,1.9785365853658536,2451.9976678441617,2451.9976678441617,3.288192222491935,92.89774904173484,72.13565140358361,13.011617223831502,0.7743174218069578,34.11756253584295,True,0.148116766778916
19x12E,19.0,12.0,300.0,0.07284333333333333,0.7609756097560976,2091.5059674038635,2091.5059674038635,7.4081824299222045,93.45625817519218,78.79932894264594,11.274892283588917,0.7804901476707802,9.48436963340685,True,0.33370191125775694
19x12E,19.0,12.0,600.0,0.018210833333333332,1.5219512195121951,2091.5059674038635,2091.5059674038635,3.7040912149611023,93.45625817519218,78.79932894264594,11.274892283588917,0.7804901476707802,33.056216007459184,True,0.16685095562887847
19x12E,19.0,12.0,560.0,0.020905293367346936,1.420487804878049,2091.5059674038635,2091.5059674038635,3.9686691588868954,93.45625817519218,78.79932894264594,11.274892283588917,0.7804901476707802,29.81108683796942,True,0.17876888103094124
19x12E,19.0,12.0,280.0,0.08362117346938774,0.7102439024390245,2091.5059674038635,2091.5059674038635,7.937338317773791,93.45625817519218,78.79932894264594,11.274892283588917,0.7804901476707802,8.291997575226818,True,0.3575377620618825
19x12E,19.0,12.0,520.0,0.024245192307692308,1.3190243902439025,2091.5059674038635,2091.5059674038635,4.273951401878195,93.45625817519218,78.79932894264594,11.274892283588917,0.7804901476707802,26.334688136799798,True,0.19252033341793673
19x12E,19.0,12.0,260.0,0.09698076923076923,0.6595121951219513,2091.5059674038635,2091.5059674038635,8.54790280375639,93.45625817519218,78.79932894264594,11.274892283588917,0.7804901476707802,7.128427451223805,True,0.38504066683587346
19x12E,19.0,12.0,240.0,0.11381770833333335,0.608780487804878,2091.5059674038635,2091.5059674038635,9.260228037402756,93.45625817519218,78.79932894264594,11.274892283588917,0.7804901476707802,5.964857327220796,True,0.4171273890721962
19x12E,19.0,12.0,480.0,0.028454427083333338,1.217560975609756,2091.5059674038635,2091.5059674038635,4.630114018701378,93.45625817519218,78.79932894264594,11.274892283588917,0.7804901476707802,22.89921378649078,True,0.2085636945360981
19x12E,19.0,12.0,660.0,0.015050275482093664,1.6741463414634148,2091.5059674038635,2091.5059674038635,3.367355649964639,93.45625817519218,78.79932894264594,11.274892283588919,0.7804901476707802,37.781902641618004,True,0.1516826869353441
19x12E,19.0,12.0,580.0,0.019488406658739597,1.471219512195122,2091.5059674038635,2091.5059674038635,3.8318184982356236,93.45625817519219,78.79932894264594,11.274892283588917,0.7804901476707801,31.439479555353888,True,0.17260443685746052
19x12E,19.0,12.0,180.0,0.20234259259259257,0.45658536585365855,2091.5059674038635,2091.5059674038635,12.346970716537008,93.45625817519219,78.79932894264594,11.274892283588917,0.7804901476707801,3.0714184983245834,True,0.5561698520962617
19x12E,19.0,12.0,540.0,0.02248251028806584,1.3697560975609757,2091.5059674038635,2091.5059674038635,4.115656905512337,93.45625817519219,78.79932894264594,11.274892283588919,0.7804901476707801,28.07288748738461,True,0.1853899506987539
19x12E,19.0,12.0,500.0,0.0262236,1.2682926829268293,2091.5059674038635,2091.5059674038635,4.444909457953323,93.45625817519219,78.79932894264594,11.274892283588917,0.7804901476707801,24.596488786214987,True,0.20022114675465422
19x12E,19.0,12.0,640.0,0.016005615234375,1.6234146341463416,2091.5059674038635,2091.5059674038635,3.4725855140260338,93.45625817519219,78.79932894264594,11.274892283588919,0.7804901476707801,36.289688911669764,True,0.1564227709020736
19x12E,19.0,12.0,900.0,0.008093703703703702,2.282926829268293,2091.5059674038635,2091.5059674038635,2.469394143307402,93.45625817519219,78.79932894264594,11.274892283588919,0.7804901476707801,45.18096586973123,True,0.11123397041925234
19x12E,19.0,12.0,720.0,0.012646412037037036,1.8263414634146342,2091.5059674038635,2091.5059674038635,3.086742679134252,93.45625817519219,78.79932894264594,11.274892283588917,0.7804901476707801,41.674968555895546,True,0.13904246302406542
19x12E,19.0,12.0,780.0,0.010775641025641026,1.9785365853658536,2091.5059674038635,2091.5059674038635,2.8493009345854636,93.45625817519219,78.79932894264594,11.274892283588917,0.7804901476707801,45.18096586973123,True,0.12834688894529117
19x12E,19.0,12.0,320.0,0.0640224609375,0.8117073170731708,2091.5059674038635,2091.5059674038635,6.9451710280520675,93.45625817519219,78.79932894264594,11.274892283588919,0.7804901476707801,10.817620856911784,True,0.3128455418041472
19x12E,19.0,12.0,360.0,0.050585648148148143,0.9131707317073171,2091.5059674038635,2091.5059674038635,6.173485358268504,93.45625817519219,78.79932894264594,11.274892283588917,0.7804901476707801,13.509014107077931,True,0.27808492604813084
19x12E,19.0,12.0,700.0,0.013379387755102041,1.775609756097561,2091.5059674038635,2091.5059674038635,3.174935327109517,93.45625817519219,78.79932894264594,11.274892283588919,0.7804901476707801,40.377279917803044,True,0.14301510482475302
19x12E,19.0,12.0,460.0,0.030982514177693755,1.166829268292683,2091.5059674038635,2091.5059674038635,4.831423323862308,93.45625817519219,78.79932894264594,11.274892283588919,0.7804901476707801,21.260182989861264,True,0.2176316812550589
19x12E,19.0,12.0,420.0,0.03716496598639456,1.0653658536585366,2091.5059674038635,2091.5059674038635,5.291558878515861,93.4562581751922,78.79932894264594,11.274892283588919,0.78049014767078,17.9866853291815,True,0.23835850804125502
19x12E,19.0,12.0,400.0,0.040974375,1.0146341463414634,2091.5059674038635,2091.5059674038635,5.556136822441654,93.4562581751922,78.79932894264594,11.274892283588917,0.78049014767078,16.49412825514698,True,0.25027643344331774
19x12E,19.0,12.0,760.0,0.011350242382271468,1.9278048780487806,2091.5059674038635,2091.5059674038635,2.924282538127186,93.4562581751922,78.79932894264594,11.274892283588917,0.78049014767078,44.27034583208059,True,0.13172443865437777
19x12E,19.0,12.0,380.0,0.04540096952908587,0.9639024390243903,2091.5059674038635,2091.5059674038635,5.848565076254372,93.4562581751922,78.79932894264594,11.274892283588917,0.78049014767078,15.001571181112451,True,0.26344887730875555
19x12E,19.0,12.0,740.0,0.011972059897735574,1.8770731707317074,2091.5059674038635,2091.5059674038635,3.0033172013198133,93.4562581751922,78.79932894264594,11.274892283588919,0.78049014767078,42.97265719398808,True,0.13528455861800961
19x12E,19.0,12.0,680.0,0.014177984429065746,1.7248780487804878,2091.5059674038635,2091.5059674038635,3.2683157779068552,93.4562581751922,78.79932894264594,11.274892283588917,0.78049014767078,39.07959127971052,True,0.14722143143724573
19x12E,19.0,12.0,800.0,0.01024359375,2.029268292682927,2091.5059674038635,2091.5059674038635,2.778068411220827,93.4562581751922,78.79932894264594,11.274892283588917,0.78049014767078,45.18096586973123,True,0.12513821672165887
19x12E,19.0,12.0,820.0,0.00975,2.08,2091.5059674038635,2091.5059674038635,2.71031064509349,93.4562581751922,78.79932894264594,11.274892283588919,0.78049014767078,45.18096586973123,True,0.12208606509430135
19x12E,19.0,12.0,840.0,0.00929124149659864,2.1307317073170733,2091.5059674038635,2091.5059674038635,2.6457794392579306,93.4562581751922,78.79932894264594,11.274892283588919,0.78049014767078,45.18096586973123,True,0.11917925402062751
19x12E,19.0,12.0,200.0,0.1638975,0.5073170731707317,2091.5059674038635,2091.5059674038635,11.112273644883308,93.4562581751922,78.79932894264594,11.274892283588917,0.78049014767078,4.000505289361179,True,0.5005528668866355
19x12E,19.0,12.0,620.0,0.017054890738813736,1.5726829268292684,2091.5059674038635,2091.5059674038635,3.5846044015752607,93.4562581751922,78.79932894264594,11.274892283588919,0.78049014767078,34.67295245956446,True,0.16146866673762436
19x12E,19.0,12.0,340.0,0.05671193771626298,0.8624390243902439,2091.5059674038635,2091.5059674038635,6.5366315558137105,93.4562581751922,78.79932894264594,11.274892283588917,0.78049014767078,12.150872080416722,True,0.29444286287449145
19x12E,19.0,12.0,860.0,0.008864115738236884,2.1814634146341465,2091.5059674038635,2091.5059674038635,2.5842496848565837,93.45625817519222,78.79932894264594,11.27489228358892,0.7804901476707798,45.18096586973123,True,0.11640764346200828
19x12E,19.0,12.0,440.0,0.033863119834710735,1.1160975609756099,2091.5059674038635,2091.5059674038635,5.0510334749469585,93.45625817519222,78.79932894264594,11.274892283588919,0.7804901476707798,19.621152193231744,True,0.22752403040301616
19x12E,19.0,12.0,220.0,0.13545247933884294,0.5580487804878049,2091.5059674038635,2091.5059674038635,10.102066949893917,93.45625817519222,78.79932894264594,11.274892283588919,0.7804901476707798,4.980082670285259,True,0.45504806080603233
19x12E,19.0,12.0,880.0,0.008465779958677684,2.2321951219512197,2091.5059674038635,2091.5059674038635,2.5255167374734793,93.45625817519222,78.79932894264594,11.274892283588919,0.7804901476707798,45.18096586973123,True,0.11376201520150808
18x10E,18.0,10.0,240.0,0.11381770833333335,0.608780487804878,2412.7870101660924,2412.7870101660924,10.53582149204862,94.03733910163325,85.01899700315522,12.828005094708955,0.7763236785885399,4.649592939162386,True,0.4745865536958838
18x10E,18.0,10.0,640.0,0.016005615234375,1.6234146341463416,2412.7870101660924,2412.7870101660924,3.9509330595182326,94.03733910163325,85.01899700315522,12.828005094708955,0.7763236785885399,32.39010833695937,True,0.17796995763595644
18x10E,18.0,10.0,540.0,0.02248251028806584,1.3697560975609757,2412.7870101660924,2412.7870101660924,4.682587329799387,94.03733910163325,85.01899700315522,12.828005094708955,0.7763236785885399,24.55721373185681,True,0.21092735719817057
18x10E,18.0,10.0,500.0,0.0262236,1.2682926829268293,2412.7870101660924,2412.7870101660924,5.057194316183337,94.03733910163325,85.01899700315522,12.828005094708953,0.7763236785885399,21.298240718985475,True,0.2278015457740242
18x10E,18.0,10.0,480.0,0.028454427083333338,1.217560975609756,2412.7870101660924,2412.7870101660924,5.26791074602431,94.03733910163325,85.01899700315522,12.828005094708955,0.7763236785885399,19.746830581393898,True,0.2372932768479419
18x10E,18.0,10.0,320.0,0.0640224609375,0.8117073170731708,2412.7870101660924,2412.7870101660924,7.901866119036465,94.03733910163325,85.01899700315522,12.828005094708955,0.7763236785885399,8.790116301825476,True,0.3559399152719129
18x10E,18.0,10.0,360.0,0.050585648148148143,0.9131707317073171,2412.7870101660924,2412.7870101660924,7.023880994699081,94.03733910163326,85.01899700315522,12.828005094708955,0.7763236785885398,11.233640316022008,True,0.3163910357972559
18x10E,18.0,10.0,300.0,0.07284333333333333,0.7609756097560976,2412.7870101660924,2412.7870101660924,8.428657193638896,94.03733910163326,85.01899700315522,12.828005094708955,0.7763236785885398,7.682166562657949,True,0.37966924295670706
18x10E,18.0,10.0,560.0,0.020905293367346936,1.420487804878049,2412.7870101660924,2412.7870101660924,4.515352068020838,94.03733910163326,85.01899700315522,12.828005094708958,0.7763236785885398,26.199763254982653,True,0.20339423729823594
18x10E,18.0,10.0,900.0,0.008093703703703702,2.282926829268293,2412.7870101660924,2412.7870101660924,2.8095523978796324,94.03733910163326,85.01899700315522,12.828005094708956,0.7763236785885398,40.07967740951793,True,0.12655641431890235
18x10E,18.0,10.0,180.0,0.20234259259259257,0.45658536585365855,2412.7870101660924,2412.7870101660924,14.047761989398161,94.03733910163326,85.01899700315522,12.828005094708955,0.7763236785885398,2.1756796402581515,True,0.6327820715945118
18x10E,18.0,10.0,620.0,0.017054890738813736,1.5726829268292684,2412.7870101660924,2412.7870101660924,4.078382513051079,94.03733910163326,85.01899700315522,12.828005094708956,0.7763236785885398,30.860058076919714,True,0.1837109240113099
18x10E,18.0,10.0,280.0,0.08362117346938774,0.7102439024390245,2412.7870101660924,2412.7870101660924,9.030704136041676,94.03733910163326,85.01899700315522,12.828005094708958,0.7763236785885398,6.574216823490424,True,0.4067884745964719
18x10E,18.0,10.0,660.0,0.015050275482093664,1.6741463414634148,2412.7870101660924,2412.7870101660924,3.8312078152904077,94.03733910163326,85.01899700315522,12.828005094708956,0.7763236785885398,33.83647106755491,True,0.17257692861668503
18x10E,18.0,10.0,700.0,0.013379387755102041,1.775609756097561,2412.7870101660924,2412.7870101660924,3.61228165441667,94.03733910163326,85.01899700315522,12.828005094708955,0.7763236785885398,36.33722578058844,True,0.16271538983858874
18x10E,18.0,10.0,720.0,0.012646412037037036,1.8263414634146342,2412.7870101660924,2412.7870101660924,3.5119404973495403,94.03733910163326,85.01899700315522,12.828005094708955,0.7763236785885398,37.587603137105184,True,0.15819551789862796
18x10E,18.0,10.0,740.0,0.011972059897735574,1.8770731707317074,2412.7870101660924,2412.7870101660924,3.4170231866103635,94.03733910163326,85.01899700315522,12.828005094708956,0.7763236785885398,38.837980493621956,True,0.1539199633608272
18x10E,18.0,10.0,780.0,0.010775641025641026,1.9785365853658536,2412.7870101660924,2412.7870101660924,3.241791228322653,94.03733910163326,85.01899700315522,12.828005094708956,0.7763236785885398,40.07967740951793,True,0.1460266319064258
18x10E,18.0,10.0,820.0,0.00975,2.08,2412.7870101660924,2412.7870101660924,3.0836550708434984,94.03733910163326,85.01899700315522,12.828005094708955,0.7763236785885398,40.07967740951793,True,0.13890338156952697
18x10E,18.0,10.0,860.0,0.008864115738236884,2.1814634146341465,2412.7870101660924,2412.7870101660924,2.9402292535949637,94.03733910163326,85.01899700315522,12.828005094708955,0.7763236785885398,40.07967740951793,True,0.1324427591709443
18x10E,18.0,10.0,460.0,0.030982514177693755,1.166829268292683,2412.7870101660924,2412.7870101660924,5.4969503436775415,94.03733910163326,85.01899700315522,12.828005094708956,0.7763236785885398,18.195420443802334,True,0.24761037584133072
18x10E,18.0,10.0,600.0,0.018210833333333332,1.5219512195121951,2412.7870101660924,2412.7870101660924,4.214328596819448,94.03733910163326,85.01899700315522,12.828005094708955,0.7763236785885398,29.330007816880066,True,0.18983462147835353
18x10E,18.0,10.0,880.0,0.008465779958677684,2.2321951219512197,2412.7870101660924,2412.7870101660924,2.8734058614678055,94.03733910163328,85.01899700315522,12.828005094708955,0.7763236785885396,40.07967740951793,True,0.12943269646251376
18x10E,18.0,10.0,580.0,0.019488406658739597,1.471219512195122,2412.7870101660924,2412.7870101660924,4.359650272571844,94.03733910163328,85.01899700315522,12.828005094708956,0.7763236785885396,27.799957556840404,True,0.1963806429086416
18x10E,18.0,10.0,220.0,0.13545247933884294,0.5580487804878049,2412.7870101660924,2412.7870101660924,11.493623445871222,94.03733910163328,85.01899700315522,12.828005094708955,0.7763236785885396,3.7426172695036524,True,0.517730785850055
18x10E,18.0,10.0,200.0,0.1638975,0.5073170731707317,2412.7870101660924,2412.7870101660924,12.642985790458345,94.03733910163328,85.01899700315522,12.828005094708956,0.7763236785885396,2.959148454880902,True,0.5695038644350606
18x10E,18.0,10.0,380.0,0.04540096952908587,0.9639024390243903,2412.7870101660924,2412.7870101660924,6.654203047609655,94.03733910163328,85.01899700315522,12.828005094708955,0.7763236785885396,12.493892509608262,True,0.29973887601845295
18x10E,18.0,10.0,400.0,0.040974375,1.0146341463414634,2412.7870101660924,2412.7870101660924,6.321492895229173,94.03733910163328,85.01899700315522,12.828005094708956,0.7763236785885396,13.858237197333397,True,0.2847519322175303
18x10E,18.0,10.0,420.0,0.03716496598639456,1.0653658536585366,2412.7870101660924,2412.7870101660924,6.020469424027784,94.03733910163328,85.01899700315522,12.828005094708956,0.7763236785885396,15.266665296373729,True,0.2711923163976479
18x10E,18.0,10.0,440.0,0.033863119834710735,1.1160975609756099,2412.7870101660924,2412.7870101660924,5.746811722935611,94.03733910163328,85.01899700315522,12.828005094708955,0.7763236785885396,16.67509339541406,True,0.2588653929250275
18x10E,18.0,10.0,520.0,0.024245192307692308,1.3190243902439025,2412.7870101660924,2412.7870101660924,4.8626868424839795,94.03733910163328,85.01899700315522,12.828005094708958,0.7763236785885396,22.91466420873095,True,0.21903994785963873
18x10E,18.0,10.0,340.0,0.05671193771626298,0.8624390243902439,2412.7870101660924,2412.7870101660924,7.437050464975497,94.03733910163328,85.01899700315522,12.828005094708955,0.7763236785885396,9.973388122435741,True,0.33500227319709447
18x10E,18.0,10.0,680.0,0.014177984429065746,1.7248780487804878,2412.7870101660924,2412.7870101660924,3.7185252324877487,94.03733910163328,85.01899700315522,12.828005094708955,0.7763236785885396,35.086848424071675,True,0.16750113659854723
18x10E,18.0,10.0,760.0,0.011350242382271468,1.9278048780487806,2412.7870101660924,2412.7870101660924,3.3271015238048274,94.03733910163328,85.01899700315522,12.828005094708955,0.7763236785885396,40.07967740951793,True,0.14986943800922647
18x10E,18.0,10.0,800.0,0.01024359375,2.029268292682927,2412.7870101660924,2412.7870101660924,3.1607464476145863,94.03733910163328,85.01899700315522,12.828005094708956,0.7763236785885396,40.07967740951793,True,0.14237596610876516
18x10E,18.0,10.0,840.0,0.00929124149659864,2.1307317073170733,2412.7870101660924,2412.7870101660924,3.010234712013892,94.03733910163328,85.01899700315522,12.828005094708956,0.7763236785885396,40.07967740951793,True,0.13559615819882395
18x10E,18.0,10.0,260.0,0.09698076923076923,0.6595121951219513,2412.7870101660924,2412.7870101660924,9.725373684967959,94.03733910163328,85.01899700315522,12.828005094708958,0.7763236785885396,5.598071641025506,True,0.43807989571927747
22x12E,22.0,12.0,180.0,0.20234259259259257,0.45658536585365855,1819.8326092438438,1819.8326092438438,10.942547608558684,94.76589962374685,74.15481595302664,9.992414206449686,0.7803139764424606,4.28183385719668,True,0.49290754993507585
22x12E,22.0,12.0,320.0,0.0640224609375,0.8117073170731708,1819.8326092438438,1819.8326092438438,6.1551830298142605,94.76589962374685,74.15481595302664,9.992414206449688,0.7803139764424606,13.931636937705685,True,0.2772604968384802
22x12E,22.0,12.0,280.0,0.08362117346938774,0.7102439024390245,1819.8326092438438,1819.8326092438438,7.034494891216298,94.76589962374685,74.15481595302664,9.992414206449688,0.7803139764424606,10.818120361163999,True,0.31686913924397736
22x12E,22.0,12.0,360.0,0.050585648148148143,0.9131707317073171,1819.8326092438438,1819.8326092438438,5.471273804279342,94.76589962374685,74.15481595302664,9.992414206449686,0.7803139764424606,17.270528112682822,True,0.24645377496753793
22x12E,22.0,12.0,560.0,0.020905293367346936,1.420487804878049,1819.8326092438438,1819.8326092438438,3.517247445608149,94.76589962374685,74.15481595302664,9.992414206449688,0.7803139764424606,36.326138875437984,True,0.15843456962198868
22x12E,22.0,12.0,500.0,0.0262236,1.2682926829268293,1819.8326092438438,1819.8326092438438,3.9393171390811266,94.76589962374685,74.15481595302664,9.992414206449688,0.7803139764424606,30.306664019532874,True,0.17744671797662734
22x12E,22.0,12.0,520.0,0.024245192307692308,1.3190243902439025,1819.8326092438438,1819.8326092438438,3.7878049414241604,94.76589962374685,74.15481595302664,9.992414206449688,0.7803139764424606,32.31315563816791,True,0.17062184420829551
22x12E,22.0,12.0,540.0,0.02248251028806584,1.3697560975609757,1819.8326092438438,1819.8326092438438,3.6475158695195615,94.76589962374685,74.15481595302664,9.992414206449688,0.7803139764424606,34.319647256802945,True,0.1643025166450253
22x12E,22.0,12.0,260.0,0.09698076923076923,0.6595121951219513,1819.8326092438438,1819.8326092438438,7.575609882848321,94.76589962374685,74.15481595302664,9.992414206449688,0.7803139764424606,9.337524064209186,True,0.34124368841659103
22x12E,22.0,12.0,720.0,0.012646412037037036,1.8263414634146342,1819.8326092438438,1819.8326092438438,2.735636902139671,94.76589962374685,74.15481595302664,9.992414206449686,0.7803139764424606,50.25001071667258,True,0.12322688748376896
22x12E,22.0,12.0,700.0,0.013379387755102041,1.775609756097561,1819.8326092438438,1819.8326092438438,2.813797956486519,94.76589962374685,74.15481595302664,9.992414206449688,0.7803139764424606,48.579342294011155,True,0.12674765569759094
22x12E,22.0,12.0,640.0,0.016005615234375,1.6234146341463416,1819.8326092438438,1819.8326092438438,3.0775915149071302,94.76589962374685,74.15481595302664,9.992414206449688,0.7803139764424606,43.567337026026934,True,0.1386302484192401
22x12E,22.0,12.0,480.0,0.028454427083333338,1.217560975609756,1819.8326092438438,1819.8326092438438,4.103455353209507,94.76589962374685,74.15481595302664,9.992414206449688,0.7803139764424606,28.369243567246052,True,0.1848403312256535
22x12E,22.0,12.0,240.0,0.11381770833333335,0.608780487804878,1819.8326092438438,1819.8326092438438,8.206910706419015,94.76589962374685,74.15481595302664,9.992414206449688,0.7803139764424606,8.003681704143412,True,0.369680662451307
22x12E,22.0,12.0,880.0,0.008465779958677684,2.2321951219512197,1819.8326092438438,1819.8326092438438,2.2382483744779127,94.76589962374686,74.15481595302664,9.992414206449688,0.7803139764424605,59.968598634177845,True,0.10082199885035643
22x12E,22.0,12.0,200.0,0.1638975,0.5073170731707317,1819.8326092438438,1819.8326092438438,9.848292847702817,94.76589962374686,74.15481595302664,9.992414206449688,0.7803139764424605,5.361492823165032,True,0.44361679494156836
22x12E,22.0,12.0,620.0,0.017054890738813736,1.5726829268292684,1819.8326092438438,1819.8326092438438,3.1768686605492955,94.76589962374686,74.15481595302664,9.992414206449688,0.7803139764424605,41.89666860336552,True,0.14310219191663492
22x12E,22.0,12.0,300.0,0.07284333333333333,0.7609756097560976,1819.8326092438438,1819.8326092438438,6.565528565135211,94.76589962374686,74.15481595302664,9.992414206449688,0.7803139764424605,12.374878649434837,True,0.29574452996104555
22x12E,22.0,12.0,600.0,0.018210833333333332,1.5219512195121951,1819.8326092438438,1819.8326092438438,3.2827642825676056,94.76589962374686,74.15481595302664,9.992414206449688,0.7803139764424605,40.226000180704105,True,0.14787226498052278
22x12E,22.0,12.0,660.0,0.015050275482093664,1.6741463414634148,1819.8326092438438,1819.8326092438438,2.9843311659705507,94.76589962374686,74.15481595302664,9.99241420644969,0.7803139764424605,45.23800544868834,True,0.13442933180047525
22x12E,22.0,12.0,400.0,0.040974375,1.0146341463414634,1819.8326092438438,1819.8326092438438,4.9241464238514085,94.76589962374686,74.15481595302664,9.992414206449688,0.7803139764424605,20.778095358295772,True,0.22180839747078418
22x12E,22.0,12.0,440.0,0.033863119834710735,1.1160975609756099,1819.8326092438438,1819.8326092438438,4.476496748955825,94.76589962374686,74.15481595302664,9.992414206449688,0.7803139764424605,24.514591013350277,True,0.20164399770071287
22x12E,22.0,12.0,460.0,0.030982514177693755,1.166829268292683,1819.8326092438438,1819.8326092438438,4.281866455522963,94.76589962374686,74.15481595302664,9.992414206449688,0.7803139764424605,26.441917290298168,True,0.19287686736589926
22x12E,22.0,12.0,580.0,0.019488406658739597,1.471219512195122,1819.8326092438438,1819.8326092438438,3.395963050932006,94.76589962374686,74.15481595302664,9.992414206449688,0.7803139764424605,38.332630494073015,True,0.1529713086005408
22x12E,22.0,12.0,860.0,0.008864115738236884,2.1814634146341465,1819.8326092438438,1819.8326092438438,2.290300662256469,94.76589962374686,74.15481595302664,9.992414206449688,0.7803139764424605,58.77847674176457,True,0.10316669649803915
22x12E,22.0,12.0,220.0,0.13545247933884294,0.5580487804878049,1819.8326092438438,1819.8326092438438,8.95299349791165,94.76589962374686,74.15481595302664,9.992414206449688,0.7803139764424605,6.669839344077636,True,0.40328799540142574
22x12E,22.0,12.0,820.0,0.00975,2.08,1819.8326092438438,1819.8326092438438,2.402022645781175,94.76589962374686,74.15481595302664,9.992414206449688,0.7803139764424605,56.39823295693804,True,0.1081992182784313
22x12E,22.0,12.0,800.0,0.01024359375,2.029268292682927,1819.8326092438438,1819.8326092438438,2.4620732119257043,94.76589962374686,74.15481595302664,9.992414206449688,0.7803139764424605,55.208111064524765,True,0.11090419873539209
22x12E,22.0,12.0,780.0,0.010775641025641026,1.9785365853658536,1819.8326092438438,1819.8326092438438,2.5252032942827736,94.76589962374686,74.15481595302664,9.992414206449688,0.7803139764424605,54.017989172111506,True,0.11374789613886367
22x12E,22.0,12.0,680.0,0.014177984429065746,1.7248780487804878,1819.8326092438438,1819.8326092438438,2.896556719912593,94.76589962374688,74.15481595302664,9.992414206449686,0.7803139764424604,46.90867387134975,True,0.13047552792399067
22x12E,22.0,12.0,740.0,0.011972059897735574,1.8770731707317074,1819.8326092438438,1819.8326092438438,2.66170076964941,94.76589962374688,74.15481595302664,9.99241420644969,0.7803139764424604,51.63774538728495,True,0.11989643106528874
22x12E,22.0,12.0,840.0,0.00929124149659864,2.1307317073170733,1819.8326092438438,1819.8326092438438,2.344831630405433,94.76589962374688,74.15481595302664,9.99241420644969,0.7803139764424604,57.588354849351305,True,0.10562304641465914
22x12E,22.0,12.0,420.0,0.03716496598639456,1.0653658536585366,1819.8326092438438,1819.8326092438438,4.689663260810866,94.76589962374688,74.15481595302664,9.99241420644969,0.7803139764424604,22.587264736402396,True,0.21124609282931828
22x12E,22.0,12.0,380.0,0.04540096952908587,0.9639024390243903,1819.8326092438438,1819.8326092438438,5.183312025106745,94.76589962374688,74.15481595302664,9.992414206449688,0.7803139764424604,19.024311735489295,True,0.23348252365345698
22x12E,22.0,12.0,760.0,0.011350242382271468,1.9278048780487806,1819.8326092438438,1819.8326092438438,2.5916560125533725,94.76589962374688,74.15481595302664,9.992414206449688,0.7803139764424604,52.82786727969822,True,0.11674126182672849
22x12E,22.0,12.0,340.0,0.05671193771626298,0.8624390243902439,1819.8326092438438,1819.8326092438438,5.793113439825186,94.76589962374688,74.15481595302664,9.992414206449686,0.7803139764424604,15.516744489876347,True,0.26095105584798134
22x12E,22.0,12.0,900.0,0.008093703703703702,2.282926829268293,1819.8326092438438,1819.8326092438438,2.188509521711737,94.76589962374688,74.15481595302664,9.99241420644969,0.7803139764424604,61.15872052659111,True,0.09858150998701519
19x10E,19.0,10.0,540.0,0.02248251028806584,1.3697560975609757,2330.271310556018,2330.271310556018,4.543038206262885,96.87483889999947,88.24765942419207,12.445708568962129,0.7803486548029875,27.106580392087626,True,0.20464136064247232
19x10E,19.0,10.0,240.0,0.11381770833333335,0.608780487804878,2330.271310556018,2330.271310556018,10.221835964091493,96.87483889999947,88.24765942419207,12.44570856896213,0.7803486548029875,5.303011071166012,True,0.4604430614455628
19x10E,19.0,10.0,700.0,0.013379387755102041,1.775609756097561,2330.271310556018,2330.271310556018,3.5046294734027974,96.87483889999947,88.24765942419207,12.445708568962129,0.7803486548029875,39.618239138074266,True,0.1578661924956215
19x10E,19.0,10.0,480.0,0.028454427083333338,1.217560975609756,2330.271310556018,2330.271310556018,5.110917982045747,96.87483889999947,88.24765942419207,12.44570856896213,0.7803486548029875,21.91689630696034,True,0.2302215307227814
19x10E,19.0,10.0,320.0,0.0640224609375,0.8117073170731708,2330.271310556018,2330.271310556018,7.66637697306862,96.87483889999949,88.24765942419207,12.44570856896213,0.7803486548029874,9.945873419085345,True,0.3453322960841721
19x10E,19.0,10.0,500.0,0.0262236,1.2682926829268293,2330.271310556018,2330.271310556018,4.906481262763917,96.87483889999949,88.24765942419207,12.44570856896213,0.7803486548029874,23.6477641342645,True,0.22101266949387013
19x10E,19.0,10.0,520.0,0.024245192307692308,1.3190243902439025,2330.271310556018,2330.271310556018,4.717770444965304,96.87483889999949,88.24765942419207,12.44570856896213,0.7803486548029874,25.37863196156866,True,0.21251218220564436
19x10E,19.0,10.0,580.0,0.019488406658739597,1.471219512195122,2330.271310556018,2330.271310556018,4.2297252265206176,96.87483889999949,88.24765942419207,12.445708568962129,0.7803486548029874,30.553555321988494,True,0.19052816335678457
19x10E,19.0,10.0,600.0,0.018210833333333332,1.5219512195121951,2330.271310556018,2330.271310556018,4.088734385636597,96.87483889999949,88.24765942419207,12.445708568962129,0.7803486548029874,32.27704278693894,True,0.1841772245782251
19x10E,19.0,10.0,360.0,0.050585648148148143,0.9131707317073171,2330.271310556018,2330.271310556018,6.814557309394329,96.87483889999949,88.24765942419207,12.44570856896213,0.7803486548029874,12.618545901999623,True,0.3069620409637085
19x10E,19.0,10.0,640.0,0.016005615234375,1.6234146341463416,2330.271310556018,2330.271310556018,3.83318848653431,96.87483889999949,88.24765942419207,12.44570856896213,0.7803486548029874,35.30591488261758,True,0.17266614804208605
19x10E,19.0,10.0,460.0,0.030982514177693755,1.166829268292683,2330.271310556018,2330.271310556018,5.333131807352083,96.87483889999949,88.24765942419207,12.44570856896213,0.7803486548029874,20.219123127490747,True,0.24023116249333706
19x10E,19.0,10.0,720.0,0.012646412037037036,1.8263414634146342,2330.271310556018,2330.271310556018,3.4072786546971643,96.87483889999949,88.24765942419207,12.44570856896213,0.7803486548029874,40.79585706840693,True,0.15348102048185425
19x10E,19.0,10.0,740.0,0.011972059897735574,1.8770731707317074,2330.271310556018,2330.271310556018,3.3151900424080516,96.87483889999949,88.24765942419207,12.44570856896213,0.7803486548029874,40.79585706840693,True,0.14933288479315548
19x10E,19.0,10.0,300.0,0.07284333333333333,0.7609756097560976,2330.271310556018,2330.271310556018,8.177468771273194,96.87483889999949,88.24765942419207,12.445708568962129,0.7803486548029874,8.686245248592266,True,0.3683544491564502
19x10E,19.0,10.0,260.0,0.09698076923076923,0.6595121951219513,2330.271310556018,2330.271310556018,9.435540889930609,96.87483889999949,88.24765942419207,12.44570856896213,0.7803486548029874,6.385916362984116,True,0.4250243644112887
19x10E,19.0,10.0,180.0,0.20234259259259257,0.45658536585365855,2330.271310556018,2330.271310556018,13.629114618788657,96.87483889999949,88.24765942419207,12.44570856896213,0.7803486548029874,2.52183884528862,True,0.613924081927417
19x10E,19.0,10.0,660.0,0.015050275482093664,1.6741463414634148,2330.271310556018,2330.271310556018,3.7170312596696338,96.87483889999949,88.24765942419207,12.44570856896213,0.7803486548029874,36.743356301103134,True,0.16743384052565918
19x10E,19.0,10.0,420.0,0.03716496598639456,1.0653658536585366,2330.271310556018,2330.271310556018,5.841049122337996,96.8748388999995,88.24765942419207,12.44570856896213,0.7803486548029873,17.046662036778553,True,0.26311032082603586
19x10E,19.0,10.0,220.0,0.13545247933884294,0.5580487804878049,2330.271310556018,2330.271310556018,11.151093779008901,96.8748388999995,88.24765942419207,12.44570856896213,0.7803486548029873,4.318008077260767,True,0.5023015215769776
19x10E,19.0,10.0,900.0,0.008093703703703702,2.282926829268293,2330.271310556018,2330.271310556018,2.7258229237577316,96.8748388999995,88.24765942419207,12.445708568962132,0.7803486548029873,40.79585706840693,True,0.12278481638548341
19x10E,19.0,10.0,880.0,0.008465779958677684,2.2321951219512197,2330.271310556018,2330.271310556018,2.7877734447522253,96.8748388999995,88.24765942419207,12.44570856896213,0.7803486548029873,40.79585706840693,True,0.1255753803942444
19x10E,19.0,10.0,280.0,0.08362117346938774,0.7102439024390245,2330.271310556018,2330.271310556018,8.761573683506995,96.8748388999995,88.24765942419207,12.445708568962132,0.7803486548029873,7.468821654802216,True,0.3946654812390539
19x10E,19.0,10.0,560.0,0.020905293367346936,1.420487804878049,2330.271310556018,2330.271310556018,4.380786841753498,96.8748388999995,88.24765942419207,12.445708568962132,0.7803486548029873,28.830067857038067,True,0.19733274061952694
19x10E,19.0,10.0,440.0,0.033863119834710735,1.1160975609756099,2330.271310556018,2330.271310556018,5.575546889504451,96.8748388999995,88.24765942419207,12.44570856896213,0.7803486548029873,18.632892582134648,True,0.2511507607884888
19x10E,19.0,10.0,840.0,0.00929124149659864,2.1307317073170733,2330.271310556018,2330.271310556018,2.920524561168998,96.8748388999995,88.24765942419207,12.44570856896213,0.7803486548029873,40.79585706840693,True,0.13155516041301793
19x10E,19.0,10.0,620.0,0.017054890738813736,1.5726829268292684,2330.271310556018,2330.271310556018,3.956839728035417,96.8748388999995,88.24765942419207,12.44570856896213,0.7803486548029873,33.868473464132,True,0.17823602378537914
19x10E,19.0,10.0,820.0,0.00975,2.08,2330.271310556018,2330.271310556018,2.9917568675389736,96.8748388999995,88.24765942419207,12.44570856896213,0.7803486548029873,40.79585706840693,True,0.13476382286211594
19x10E,19.0,10.0,780.0,0.010775641025641026,1.9785365853658536,2330.271310556018,2330.271310556018,3.1451802966435363,96.8748388999995,88.24765942419207,12.44570856896213,0.7803486548029873,40.79585706840693,True,0.14167478813709622
19x10E,19.0,10.0,200.0,0.1638975,0.5073170731707317,2330.271310556018,2330.271310556018,12.266203156909793,96.87483889999952,88.24765942419207,12.44570856896213,0.7803486548029872,3.4199234612746925,True,0.5525316737346754
19x10E,19.0,10.0,800.0,0.01024359375,2.029268292682927,2330.271310556018,2330.271310556018,3.066550789227448,96.87483889999952,88.24765942419207,12.44570856896213,0.7803486548029872,40.79585706840693,True,0.13813291843366884
19x10E,19.0,10.0,860.0,0.008864115738236884,2.1814634146341465,2330.271310556018,2330.271310556018,2.8526053853278586,96.87483889999952,88.24765942419207,12.44570856896213,0.7803486548029872,40.79585706840693,True,0.12849573807783146
19x10E,19.0,10.0,760.0,0.011350242382271468,1.9278048780487806,2330.271310556018,2330.271310556018,3.2279481991867875,96.87483889999952,88.24765942419207,12.445708568962132,0.7803486548029872,40.79585706840693,True,0.1454030720354409
19x10E,19.0,10.0,680.0,0.014177984429065746,1.7248780487804878,2330.271310556018,2330.271310556018,3.607706810855821,96.87483889999952,88.24765942419207,12.44570856896213,0.7803486548029872,38.1807977195887,True,0.16250931580431627
19x10E,19.0,10.0,340.0,0.05671193771626298,0.8624390243902439,2330.271310556018,2330.271310556018,7.215413621711642,96.87483889999952,88.24765942419207,12.44570856896213,0.7803486548029872,11.20550158957842,True,0.32501863160863254
19x10E,19.0,10.0,380.0,0.04540096952908587,0.9639024390243903,2330.271310556018,2330.271310556018,6.455896398373575,96.87483889999952,88.24765942419207,12.445708568962132,0.7803486548029872,14.045132719774402,True,0.2908061440708818
19x10E,19.0,10.0,400.0,0.040974375,1.0146341463414634,2330.271310556018,2330.271310556018,6.133101578454896,96.87483889999952,88.24765942419207,12.44570856896213,0.7803486548029872,15.471719537549191,True,0.2762658368673377
20x11E,20.0,11.0,500.0,0.0262236,1.2682926829268293,2142.409273276489,2142.409273276489,4.553337920808145,98.1566182063189,86.04465099904733,11.549930335708465,0.7832473716141366,26.187097111032703,True,0.20510531174811467
20x11E,20.0,11.0,240.0,0.11381770833333335,0.608780487804878,2142.409273276489,2142.409273276489,9.486120668350305,98.15661820631891,86.04465099904733,11.549930335708469,0.7832473716141365,6.26892923936914,True,0.4273027328085723
20x11E,20.0,11.0,320.0,0.0640224609375,0.8117073170731708,2142.409273276489,2142.409273276489,7.114590501262728,98.15661820631891,86.04465099904733,11.549930335708469,0.7832473716141365,11.45371644473013,True,0.3204770496064292
20x11E,20.0,11.0,480.0,0.028454427083333338,1.217560975609756,2142.409273276489,2142.409273276489,4.743060334175152,98.15661820631891,86.04465099904733,11.549930335708469,0.7832473716141365,24.41034865675673,True,0.21365136640428614
20x11E,20.0,11.0,640.0,0.016005615234375,1.6234146341463416,2142.409273276489,2142.409273276489,3.557295250631364,98.15661820631891,86.04465099904733,11.549930335708469,0.7832473716141365,38.38625165607794,True,0.1602385248032146
20x11E,20.0,11.0,700.0,0.013379387755102041,1.775609756097561,2142.409273276489,2142.409273276489,3.2523842291486758,98.15661820631891,86.04465099904733,11.549930335708469,0.7832473716141365,42.970260641101206,True,0.1465037941057962
20x11E,20.0,11.0,280.0,0.08362117346938774,0.7102439024390245,2142.409273276489,2142.409273276489,8.13096057287169,98.15661820631892,86.04465099904733,11.549930335708469,0.7832473716141364,8.762205144345035,True,0.36625948526449054
20x11E,20.0,11.0,300.0,0.07284333333333333,0.7609756097560976,2142.409273276489,2142.409273276489,7.588896534680243,98.15661820631892,86.04465099904733,11.549930335708469,0.7832473716141364,10.017547544780566,True,0.3418421862468578
20x11E,20.0,11.0,340.0,0.05671193771626298,0.8624390243902439,2142.409273276489,2142.409273276489,6.696085177659038,98.15661820631892,86.04465099904733,11.549930335708467,0.7832473716141364,12.89623566607555,True,0.30162545845310984
20x11E,20.0,11.0,360.0,0.050585648148148143,0.9131707317073171,2142.409273276489,2142.409273276489,6.324080445566869,98.15661820631892,86.04465099904733,11.549930335708467,0.7832473716141364,14.338754887420988,True,0.28486848853904817
20x11E,20.0,11.0,380.0,0.04540096952908587,0.9639024390243903,2142.409273276489,2142.409273276489,5.991234106326507,98.15661820631892,86.04465099904733,11.549930335708467,0.7832473716141364,15.926867421058725,True,0.2698754101948877
20x11E,20.0,11.0,460.0,0.030982514177693755,1.166829268292683,2142.409273276489,2142.409273276489,4.949280348704507,98.15661820631892,86.04465099904733,11.54993033570847,0.7832473716141364,22.633600202480764,True,0.22294055624795078
20x11E,20.0,11.0,260.0,0.09698076923076923,0.6595121951219513,2142.409273276489,2142.409273276489,8.756419078477203,98.15661820631892,86.04465099904733,11.549930335708467,0.7832473716141364,7.506862743909499,True,0.39443329182329745
20x11E,20.0,11.0,660.0,0.015050275482093664,1.6741463414634148,2142.409273276489,2142.409273276489,3.449498424854656,98.15661820631892,86.04465099904733,11.549930335708469,0.7832473716141364,39.982448968788844,True,0.1553828119303899
20x11E,20.0,11.0,540.0,0.02248251028806584,1.3697560975609757,2142.409273276489,2142.409273276489,4.216053630377913,98.15661820631892,86.04465099904733,11.549930335708469,0.7832473716141364,29.87604674594737,True,0.18991232569269878
20x11E,20.0,11.0,560.0,0.020905293367346936,1.420487804878049,2142.409273276489,2142.409273276489,4.065480286435845,98.15661820631892,86.04465099904733,11.549930335708469,0.7832473716141364,31.72331278180029,True,0.18312974263224527
20x11E,20.0,11.0,580.0,0.019488406658739597,1.471219512195122,2142.409273276489,2142.409273276489,3.925291311041505,98.15661820631892,86.04465099904733,11.549930335708467,0.7832473716141364,33.57057881765323,True,0.1768149239207885
20x11E,20.0,11.0,600.0,0.018210833333333332,1.5219512195121951,2142.409273276489,2142.409273276489,3.7944482673401216,98.15661820631892,86.04465099904733,11.549930335708469,0.7832473716141364,35.19385703065613,True,0.1709210931234289
20x11E,20.0,11.0,620.0,0.017054890738813736,1.5726829268292684,2142.409273276489,2142.409273276489,3.67204671032915,98.15661820631892,86.04465099904733,11.549930335708469,0.7832473716141364,36.79005434336703,True,0.16540750947428604
20x11E,20.0,11.0,680.0,0.014177984429065746,1.7248780487804878,2142.409273276489,2142.409273276489,3.348042588829519,98.15661820631892,86.04465099904733,11.549930335708467,0.7832473716141364,41.57864628149974,True,0.15081272922655492
20x11E,20.0,11.0,720.0,0.012646412037037036,1.8263414634146342,2142.409273276489,2142.409273276489,3.1620402227834346,98.15661820631892,86.04465099904733,11.549930335708467,0.7832473716141364,44.175355954637205,True,0.14243424426952409
20x11E,20.0,11.0,740.0,0.011972059897735574,1.8770731707317074,2142.409273276489,2142.409273276489,3.07657967622172,98.15661820631892,86.04465099904733,11.549930335708469,0.7832473716141364,45.3804512681732,True,0.1385846701000775
20x11E,20.0,11.0,900.0,0.008093703703703702,2.282926829268293,2142.409273276489,2142.409273276489,2.5296321782267475,98.15661820631892,86.04465099904733,11.549930335708467,0.7832473716141364,51.1573440474337,True,0.11394739541561925
20x11E,20.0,11.0,520.0,0.024245192307692308,1.3190243902439025,2142.409273276489,2142.409273276489,4.378209539238601,98.15661820631892,86.04465099904733,11.549930335708467,0.7832473716141364,28.02878071009443,True,0.19721664591164872
20x11E,20.0,11.0,180.0,0.20234259259259257,0.45658536585365855,2142.409273276489,2142.409273276489,12.648160891133738,98.15661820631892,86.04465099904733,11.549930335708467,0.7832473716141364,3.1734994831170953,True,0.5697369770780963
20x11E,20.0,11.0,760.0,0.011350242382271468,1.9278048780487806,2142.409273276489,2142.409273276489,2.9956170531632536,98.15661820631892,86.04465099904733,11.549930335708467,0.7832473716141364,46.5855465817092,True,0.13493770509744385
20x11E,20.0,11.0,780.0,0.010775641025641026,1.9785365853658536,2142.409273276489,2142.409273276489,2.9188063594924016,98.15661820631894,86.04465099904733,11.549930335708469,0.7832473716141363,47.79064189524521,True,0.13147776394109917
20x11E,20.0,11.0,420.0,0.03716496598639456,1.0653658536585366,2142.409273276489,2142.409273276489,5.42064038191446,98.15661820631894,86.04465099904733,11.549930335708469,0.7832473716141363,19.16015240264427,True,0.24417299017632701
20x11E,20.0,11.0,860.0,0.008864115738236884,2.1814634146341465,2142.409273276489,2142.409273276489,2.6472894888419454,98.15661820631894,86.04465099904733,11.549930335708469,0.7832473716141363,51.1573440474337,True,0.11924727427215971
20x11E,20.0,11.0,840.0,0.00929124149659864,2.1307317073170733,2142.409273276489,2142.409273276489,2.71032019095723,98.15661820631894,86.04465099904733,11.549930335708469,0.7832473716141363,51.1573440474337,True,0.12208649508816351
20x11E,20.0,11.0,820.0,0.00975,2.08,2142.409273276489,2142.409273276489,2.7764255614683817,98.15661820631894,86.04465099904733,11.549930335708469,0.7832473716141363,50.2008325223172,True,0.12506421448055774
20x11E,20.0,11.0,400.0,0.040974375,1.0146341463414634,2142.409273276489,2142.409273276489,5.691672401010183,98.15661820631895,86.04465099904733,11.549930335708469,0.7832473716141362,17.543509911851494,True,0.2563816396851434
20x11E,20.0,11.0,880.0,0.008465779958677684,2.2321951219512197,2142.409273276489,2142.409273276489,2.587123818640992,98.15661820631895,86.04465099904733,11.549930335708469,0.7832473716141362,51.1573440474337,True,0.11653710894779243
20x11E,20.0,11.0,220.0,0.13545247933884294,0.5580487804878049,2142.409273276489,2142.409273276489,10.348495274563968,98.15661820631895,86.04465099904733,11.549930335708469,0.7832473716141362,5.215030752605017,True,0.4661484357911697
20x11E,20.0,11.0,800.0,0.01024359375,2.029268292682927,2142.409273276489,2142.409273276489,2.8458362005050915,98.15661820631895,86.04465099904733,11.549930335708469,0.7832473716141362,48.99573720878121,True,0.1281908198425717
20x11E,20.0,11.0,200.0,0.1638975,0.5073170731707317,2142.409273276489,2142.409273276489,11.383344802020366,98.15661820631895,86.04465099904733,11.549930335708469,0.7832473716141362,4.161132265840894,True,0.5127632793702868
20x11E,20.0,11.0,440.0,0.033863119834710735,1.1160975609756099,2142.409273276489,2142.409273276489,5.174247637281984,98.15661820631895,86.04465099904733,11.549930335708469,0.7832473716141362,20.856851748204793,True,0.23307421789558486
20x10E,20.0,10.0,240.0,0.11381770833333335,0.608780487804878,2265.5299570942993,2265.5299570942993,9.984553539973087,100.62328245528971,91.87186973282168,12.156802749157475,0.7839373380402888,5.864307090979069,True,0.44975466396275166
20x10E,20.0,10.0,480.0,0.028454427083333338,1.217560975609756,2265.5299570942993,2265.5299570942993,4.992276769986543,100.62328245528971,91.87186973282168,12.156802749157475,0.7839373380402888,23.761184420105536,True,0.22487733198137583
20x10E,20.0,10.0,520.0,0.024245192307692308,1.3190243902439025,2265.5299570942993,2265.5299570942993,4.608255479987578,100.62328245528973,91.87186973282168,12.156802749157476,0.7839373380402886,27.439800816187976,True,0.20757907567511616
20x10E,20.0,10.0,460.0,0.030982514177693755,1.166829268292683,2265.5299570942993,2265.5299570942993,5.209332281725088,100.62328245528973,91.87186973282168,12.156802749157476,0.7839373380402886,22.01759782192503,True,0.2346546072849139
20x10E,20.0,10.0,320.0,0.0640224609375,0.8117073170731708,2265.5299570942993,2265.5299570942993,7.488415154979815,100.62328245528973,91.87186973282168,12.156802749157475,0.7839373380402886,10.93978582673332,True,0.33731599797206374
20x10E,20.0,10.0,420.0,0.03716496598639456,1.0653658536585366,2265.5299570942993,2265.5299570942993,5.705459165698906,100.62328245528973,91.87186973282168,12.156802749157475,0.7839373380402886,18.53042462556401,True,0.2570026651215724
20x10E,20.0,10.0,500.0,0.0262236,1.2682926829268293,2265.5299570942993,2265.5299570942993,4.792585699187081,100.62328245528973,91.87186973282168,12.156802749157475,0.7839373380402886,25.582762712445646,True,0.21588223870212078
20x10E,20.0,10.0,540.0,0.02248251028806584,1.3697560975609757,2265.5299570942993,2265.5299570942993,4.437579351099149,100.62328245528973,91.87186973282168,12.156802749157475,0.7839373380402886,29.2968389199303,True,0.19989096176122295
20x10E,20.0,10.0,700.0,0.013379387755102041,1.775609756097561,2265.5299570942993,2265.5299570942993,3.423275499419344,100.62328245528973,91.87186973282168,12.156802749157475,0.7839373380402886,42.067125489721136,True,0.15420159907294342
20x10E,20.0,10.0,260.0,0.09698076923076923,0.6595121951219513,2265.5299570942993,2265.5299570942993,9.216510959975157,100.62328245528973,91.87186973282168,12.156802749157476,0.7839373380402886,7.069854038170533,True,0.4151581513502323
20x10E,20.0,10.0,640.0,0.016005615234375,1.6234146341463416,2265.5299570942993,2265.5299570942993,3.7442075774899073,100.62328245528973,91.87186973282168,12.156802749157475,0.7839373380402886,37.87062931199536,True,0.16865799898603187
20x10E,20.0,10.0,660.0,0.015050275482093664,1.6741463414634148,2265.5299570942993,2265.5299570942993,3.630746741808395,100.62328245528973,91.87186973282168,12.156802749157476,0.7839373380402886,39.537427543263405,True,0.16354715053190969
20x10E,20.0,10.0,840.0,0.00929124149659864,2.1307317073170733,2265.5299570942993,2265.5299570942993,2.852729582849453,100.62328245528973,91.87186973282168,12.156802749157475,0.7839373380402886,48.20507948920063,True,0.1285013325607862
20x10E,20.0,10.0,280.0,0.08362117346938774,0.7102439024390245,2265.5299570942993,2265.5299570942993,8.55818874854836,100.62328245528974,91.87186973282168,12.156802749157478,0.7839373380402885,8.275400985361998,True,0.3855039976823586
20x10E,20.0,10.0,340.0,0.05671193771626298,0.8624390243902439,2265.5299570942993,2265.5299570942993,7.047920145863355,100.62328245528974,91.87186973282168,12.156802749157475,0.7839373380402885,12.335399503619426,True,0.31747388044429525
20x10E,20.0,10.0,200.0,0.1638975,0.5073170731707317,2265.5299570942993,2265.5299570942993,11.981464247967704,100.62328245528974,91.87186973282168,12.156802749157475,0.7839373380402885,3.8208618565154198,True,0.539705596755302
20x10E,20.0,10.0,180.0,0.20234259259259257,0.45658536585365855,2265.5299570942993,2265.5299570942993,13.31273805329745,100.62328245528974,91.87186973282168,12.156802749157476,0.7839373380402885,2.8425243634200266,True,0.5996728852836689
20x10E,20.0,10.0,680.0,0.014177984429065746,1.7248780487804878,2265.5299570942993,2265.5299570942993,3.5239600729316773,100.62328245528974,91.87186973282168,12.156802749157475,0.7839373380402885,40.80227651649227,True,0.15873694022214763
20x10E,20.0,10.0,300.0,0.07284333333333333,0.7609756097560976,2265.5299570942993,2265.5299570942993,7.987642831978469,100.62328245528974,91.87186973282168,12.156802749157475,0.7839373380402885,9.544172149847213,True,0.3598037311702013
20x10E,20.0,10.0,360.0,0.050585648148148143,0.9131707317073171,2265.5299570942993,2265.5299570942993,6.656369026648725,100.62328245528974,91.87186973282168,12.156802749157476,0.7839373380402885,13.787618463926442,True,0.29983644264183446
20x10E,20.0,10.0,400.0,0.040974375,1.0146341463414634,2265.5299570942993,2265.5299570942993,5.990732123983852,100.62328245528974,91.87186973282168,12.156802749157475,0.7839373380402885,16.936856962040544,True,0.269852798377651
20x10E,20.0,10.0,780.0,0.010775641025641026,1.9785365853658536,2265.5299570942993,2265.5299570942993,3.072170319991719,100.62328245528974,91.87186973282168,12.156802749157476,0.7839373380402885,47.126521382636625,True,0.13838605045007746
20x10E,20.0,10.0,760.0,0.011350242382271468,1.9278048780487806,2265.5299570942993,2265.5299570942993,3.153016907359922,100.62328245528974,91.87186973282168,12.156802749157476,0.7839373380402885,45.86167240940776,True,0.1420277886198163
20x10E,20.0,10.0,380.0,0.04540096952908587,0.9639024390243903,2265.5299570942993,2265.5299570942993,6.306033814719844,100.62328245528974,91.87186973282168,12.156802749157476,0.7839373380402885,15.362237712983488,True,0.2840555772396326
20x10E,20.0,10.0,800.0,0.01024359375,2.029268292682927,2265.5299570942993,2265.5299570942993,2.995366061991926,100.62328245528974,91.87186973282168,12.156802749157475,0.7839373380402885,48.20507948920063,True,0.1349263991888255
20x10E,20.0,10.0,820.0,0.00975,2.08,2265.5299570942993,2265.5299570942993,2.9223083531628546,100.62328245528974,91.87186973282168,12.156802749157476,0.7839373380402885,48.20507948920063,True,0.1316355114037322
20x10E,20.0,10.0,860.0,0.008864115738236884,2.1814634146341465,2265.5299570942993,2265.5299570942993,2.786387034411094,100.62328245528974,91.87186973282168,12.156802749157476,0.7839373380402885,48.20507948920063,True,0.1255129294779772
20x10E,20.0,10.0,740.0,0.011972059897735574,1.8770731707317074,2265.5299570942993,2265.5299570942993,3.238233580531812,100.62328245528974,91.87186973282168,12.156802749157476,0.7839373380402885,44.59682343617889,True,0.14586637750143297
20x10E,20.0,10.0,720.0,0.012646412037037036,1.8263414634146342,2265.5299570942993,2265.5299570942993,3.3281845133243624,100.62328245528974,91.87186973282168,12.156802749157476,0.7839373380402885,43.33197446295,True,0.14991822132091723
20x10E,20.0,10.0,620.0,0.017054890738813736,1.5726829268292684,2265.5299570942993,2265.5299570942993,3.864988467086356,100.62328245528974,91.87186973282168,12.156802749157476,0.7839373380402885,36.195716239114674,True,0.17409857959848452
20x10E,20.0,10.0,600.0,0.018210833333333332,1.5219512195121951,2265.5299570942993,2265.5299570942993,3.9938214159892347,100.62328245528974,91.87186973282168,12.156802749157475,0.7839373380402885,34.52080316623399,True,0.17990186558510066
20x10E,20.0,10.0,580.0,0.019488406658739597,1.471219512195122,2265.5299570942993,2265.5299570942993,4.1315393958509326,100.62328245528974,91.87186973282168,12.156802749157475,0.7839373380402885,32.84589009335328,True,0.18610537819148346
20x10E,20.0,10.0,560.0,0.020905293367346936,1.420487804878049,2265.5299570942993,2265.5299570942993,4.27909437427418,100.62328245528974,91.87186973282168,12.156802749157478,0.7839373380402885,31.153877023672614,True,0.1927519988411793
20x10E,20.0,10.0,900.0,0.008093703703703702,2.282926829268293,2265.5299570942993,2265.5299570942993,2.6625476106594896,100.62328245528974,91.87186973282168,12.156802749157476,0.7839373380402885,48.20507948920063,True,0.11993457705673377
20x10E,20.0,10.0,220.0,0.13545247933884294,0.5580487804878049,2265.5299570942993,2265.5299570942993,10.892240225425185,100.62328245528975,91.87186973282168,12.156802749157476,0.7839373380402884,4.824050963662245,True,0.4906414515957291
20x10E,20.0,10.0,880.0,0.008465779958677684,2.2321951219512197,2265.5299570942993,2265.5299570942993,2.7230600563562963,100.62328245528975,91.87186973282168,12.156802749157476,0.7839373380402884,48.20507948920063,True,0.12266036289893227
20x10E,20.0,10.0,440.0,0.033863119834710735,1.1160975609756099,2265.5299570942993,2265.5299570942993,5.446120112712593,100.62328245528975,91.87186973282168,12.156802749157476,0.7839373380402884,20.274011223744512,True,0.24532072579786454
18x8E,18.0,8.0,560.0,0.020905293367346936,1.420487804878049,2723.2241212506697,2723.2241212506697,5.063457916282234,102.26727140524342,79.46501853109255,14.38516044118426,0.7772806699758524,24.193245611462313,True,0.22808368992262315
18x8E,18.0,8.0,660.0,0.015050275482093664,1.6741463414634148,2723.2241212506697,2723.2241212506697,4.296267322906138,102.26727140524342,79.46501853109255,14.38516044118426,0.7772806699758524,31.619127931621534,True,0.19352555508586206
18x8E,18.0,8.0,280.0,0.08362117346938774,0.7102439024390245,2723.2241212506697,2723.2241212506697,10.126915832564467,102.26727140524342,79.46501853109255,14.38516044118426,0.7772806699758524,5.506677226891676,True,0.4561673798452463
18x8E,18.0,8.0,300.0,0.07284333333333333,0.7609756097560976,2723.2241212506697,2723.2241212506697,9.451788110393503,102.26727140524343,79.46501853109255,14.385160441184258,0.7772806699758523,6.490465792137871,True,0.42575622118889656
18x8E,18.0,8.0,460.0,0.030982514177693755,1.166829268292683,2723.2241212506697,2723.2241212506697,6.164209637213154,102.26727140524343,79.46501853109255,14.38516044118426,0.7772806699758523,16.413559278342632,True,0.2776671007753673
18x8E,18.0,8.0,480.0,0.028454427083333338,1.217560975609756,2723.2241212506697,2723.2241212506697,5.90736756899594,102.26727140524343,79.46501853109255,14.38516044118426,0.7772806699758523,17.851815399048103,True,0.2660976382430604
18x8E,18.0,8.0,540.0,0.02248251028806584,1.3697560975609757,2723.2241212506697,2723.2241212506697,5.250993394663057,102.26727140524343,79.46501853109255,14.38516044118426,0.7772806699758523,22.59437159578947,True,0.2365312339938314
18x8E,18.0,8.0,580.0,0.019488406658739597,1.471219512195122,2723.2241212506697,2723.2241212506697,4.888855919169053,102.26727140524343,79.46501853109255,14.385160441184258,0.7772806699758523,25.792119627135136,True,0.22021873509770512
18x8E,18.0,8.0,600.0,0.018210833333333332,1.5219512195121951,2723.2241212506697,2723.2241212506697,4.725894055196751,102.26727140524343,79.46501853109255,14.385160441184258,0.7772806699758523,27.390993642807974,True,0.21287811059444828
18x8E,18.0,8.0,320.0,0.0640224609375,0.8117073170731708,2723.2241212506697,2723.2241212506697,8.86105135349391,102.26727140524343,79.46501853109255,14.38516044118426,0.7772806699758523,7.4983442657292105,True,0.39914645736459053
18x8E,18.0,8.0,640.0,0.016005615234375,1.6234146341463416,2723.2241212506697,2723.2241212506697,4.430525676746955,102.26727140524343,79.46501853109255,14.38516044118426,0.7772806699758523,30.24077416307455,True,0.19957322868229527
18x8E,18.0,8.0,240.0,0.11381770833333335,0.608780487804878,2723.2241212506697,2723.2241212506697,11.81473513799188,102.26727140524343,79.46501853109255,14.38516044118426,0.7772806699758523,3.742326661695027,True,0.5321952764861207
18x8E,18.0,8.0,700.0,0.013379387755102041,1.775609756097561,2723.2241212506697,2723.2241212506697,4.050766333025788,102.26727140524343,79.46501853109255,14.385160441184262,0.7772806699758523,34.16990518643214,True,0.18246695193809856
18x8E,18.0,8.0,860.0,0.008864115738236884,2.1814634146341465,2723.2241212506697,2723.2241212506697,3.2971353873465707,102.26727140524343,79.46501853109255,14.38516044118426,0.7772806699758523,34.16990518643214,True,0.14851961204263833
18x8E,18.0,8.0,780.0,0.010775641025641026,1.9785365853658536,2723.2241212506697,2723.2241212506697,3.6353031193821166,102.26727140524343,79.46501853109255,14.385160441184258,0.7772806699758523,34.16990518643214,True,0.1637523927649602
18x8E,18.0,8.0,820.0,0.00975,2.08,2723.2241212506697,2723.2241212506697,3.457971259900062,102.26727140524343,79.46501853109255,14.385160441184258,0.7772806699758523,34.16990518643214,True,0.15576447116666947
18x8E,18.0,8.0,260.0,0.09698076923076923,0.6595121951219513,2723.2241212506697,2723.2241212506697,10.905909358146351,102.26727140524345,79.46501853109255,14.385160441184262,0.7772806699758522,4.572125926961104,True,0.4912571782948807
18x8E,18.0,8.0,180.0,0.20234259259259257,0.45658536585365855,2723.2241212506697,2723.2241212506697,15.752980183989173,102.26727140524345,79.46501853109255,14.38516044118426,0.7772806699758522,1.5529100808237601,True,0.7095937019814943
18x8E,18.0,8.0,340.0,0.05671193771626298,0.8624390243902439,2723.2241212506697,2723.2241212506697,8.339813038582502,102.26727140524345,79.46501853109255,14.385160441184256,0.7772806699758522,8.634386834556965,True,0.3756672539902028
18x8E,18.0,8.0,360.0,0.050585648148148143,0.9131707317073171,2723.2241212506697,2723.2241212506697,7.876490091994587,102.26727140524345,79.46501853109255,14.38516044118426,0.7772806699758522,9.77042940338473,True,0.35479685099074715
18x8E,18.0,8.0,380.0,0.04540096952908587,0.9639024390243903,2723.2241212506697,2723.2241212506697,7.461937981889608,102.26727140524345,79.46501853109255,14.38516044118426,0.7772806699758522,10.988827953003414,True,0.3361233325175499
18x8E,18.0,8.0,840.0,0.00929124149659864,2.1307317073170733,2723.2241212506697,2723.2241212506697,3.3756386108548226,102.26727140524345,79.46501853109255,14.38516044118426,0.7772806699758522,34.16990518643214,True,0.15205579328174879
18x8E,18.0,8.0,420.0,0.03716496598639456,1.0653658536585366,2723.2241212506697,2723.2241212506697,6.751277221709645,102.26727140524345,79.46501853109255,14.38516044118426,0.7772806699758522,13.56248408238421,True,0.30411158656349757
18x8E,18.0,8.0,900.0,0.008093703703703702,2.282926829268293,2723.2241212506697,2723.2241212506697,3.1505960367978347,102.26727140524345,79.46501853109255,14.385160441184262,0.7772806699758522,34.16990518643214,True,0.14191874039629887
18x8E,18.0,8.0,500.0,0.0262236,1.2682926829268293,2723.2241212506697,2723.2241212506697,5.671072866236102,102.26727140524345,79.46501853109255,14.38516044118426,0.7772806699758522,19.432545101986786,True,0.25545373271333793
18x8E,18.0,8.0,520.0,0.024245192307692308,1.3190243902439025,2723.2241212506697,2723.2241212506697,5.4529546790731755,102.26727140524345,79.46501853109255,14.385160441184262,0.7772806699758522,21.013402791758303,True,0.24562858914744035
18x8E,18.0,8.0,760.0,0.011350242382271468,1.9278048780487806,2723.2241212506697,2723.2241212506697,3.730968990944804,102.26727140524345,79.46501853109255,14.38516044118426,0.7772806699758522,34.16990518643214,True,0.16806166625877494
18x8E,18.0,8.0,740.0,0.011972059897735574,1.8770731707317074,2723.2241212506697,2723.2241212506697,3.831805990700069,102.26727140524345,79.46501853109255,14.385160441184262,0.7772806699758522,34.16990518643214,True,0.1726038734549581
18x8E,18.0,8.0,720.0,0.012646412037037036,1.8263414634146342,2723.2241212506697,2723.2241212506697,3.9382450459972933,102.26727140524345,79.46501853109255,14.38516044118426,0.7772806699758522,34.16990518643214,True,0.17739842549537357
18x8E,18.0,8.0,620.0,0.017054890738813736,1.5726829268292684,2723.2241212506697,2723.2241212506697,4.5734458598678245,102.26727140524345,79.46501853109255,14.38516044118426,0.7772806699758522,28.86242039452755,True,0.20601107476882094
18x8E,18.0,8.0,680.0,0.014177984429065746,1.7248780487804878,2723.2241212506697,2723.2241212506697,4.169906519291251,102.26727140524345,79.46501853109255,14.385160441184256,0.7772806699758522,32.99748170016853,True,0.1878336269951014
18x8E,18.0,8.0,200.0,0.1638975,0.5073170731707317,2723.2241212506697,2723.2241212506697,14.177682165590255,102.26727140524346,79.46501853109255,14.38516044118426,0.7772806699758521,2.222987878908005,True,0.6386343317833448
18x8E,18.0,8.0,220.0,0.13545247933884294,0.5580487804878049,2723.2241212506697,2723.2241212506697,12.888801968718415,102.26727140524346,79.46501853109255,14.385160441184262,0.7772806699758521,2.912527396428947,True,0.5805766652575862
18x8E,18.0,8.0,400.0,0.040974375,1.0146341463414634,2723.2241212506697,2723.2241212506697,7.088841082795128,102.26727140524346,79.46501853109255,14.38516044118426,0.7772806699758521,12.275656017693816,True,0.3193171658916724
18x8E,18.0,8.0,800.0,0.01024359375,2.029268292682927,2723.2241212506697,2723.2241212506697,3.544420541397564,102.26727140524346,79.46501853109255,14.38516044118426,0.7772806699758521,34.16990518643214,True,0.1596585829458362
18x8E,18.0,8.0,880.0,0.008465779958677684,2.2321951219512197,2723.2241212506697,2723.2241212506697,3.2222004921796037,102.26727140524346,79.46501853109255,14.385160441184262,0.7772806699758521,34.16990518643214,True,0.14514416631439656
18x8E,18.0,8.0,440.0,0.033863119834710735,1.1160975609756099,2723.2241212506697,2723.2241212506697,6.444400984359207,102.26727140524346,79.46501853109255,14.385160441184262,0.7772806699758521,14.97530315763715,True,0.2902883326287931
16x8E,16.0,8.0,640.0,0.016005615234375,1.6234146341463416,3117.4078461641193,3117.4078461641193,5.03070230342262,105.70862370349906,84.09954674522123,16.33383147881998,0.7702215505117334,24.1446530201457,True,0.22660821186588379
16x8E,16.0,8.0,580.0,0.019488406658739597,1.471219512195122,3117.4078461641193,3117.4078461641193,5.551119783087029,105.70862370349906,84.09954674522123,16.33383147881998,0.7702215505117334,20.133479997354883,True,0.2500504406795959
16x8E,16.0,8.0,540.0,0.02248251028806584,1.3697560975609757,3117.4078461641193,3117.4078461641193,5.962313841093476,105.70862370349906,84.09954674522123,16.33383147881998,0.7702215505117334,17.44507395787419,True,0.26857269554475116
16x8E,16.0,8.0,700.0,0.013379387755102041,1.775609756097561,3117.4078461641193,3117.4078461641193,4.5994992488435384,105.70862370349906,84.09954674522123,16.33383147881998,0.7702215505117334,27.8672148965256,True,0.20718465084880805
16x8E,16.0,8.0,240.0,0.11381770833333335,0.608780487804878,3117.4078461641193,3117.4078461641193,13.41520614246032,105.70862370349906,84.09954674522123,16.33383147881998,0.7702215505117334,2.665919859891154,True,0.6042885649756902
16x8E,16.0,8.0,500.0,0.0262236,1.2682926829268293,3117.4078461641193,3117.4078461641193,6.439298948380953,105.70862370349906,84.09954674522123,16.33383147881998,0.7702215505117334,14.843390121115197,True,0.29005851118833126
16x8E,16.0,8.0,300.0,0.07284333333333333,0.7609756097560976,3117.4078461641193,3117.4078461641193,10.732164913968255,105.70862370349906,84.09954674522123,16.333831478819977,0.7702215505117334,4.738873544978614,True,0.483430851980552
16x8E,16.0,8.0,320.0,0.0640224609375,0.8117073170731708,3117.4078461641193,3117.4078461641193,10.06140460684524,105.70862370349906,84.09954674522123,16.33383147881998,0.7702215505117334,5.556751757595064,True,0.45321642373176757
16x8E,16.0,8.0,480.0,0.028454427083333338,1.217560975609756,3117.4078461641193,3117.4078461641193,6.70760307123016,105.70862370349906,84.09954674522123,16.33383147881998,0.7702215505117334,13.653947533821484,True,0.3021442824878451
16x8E,16.0,8.0,600.0,0.018210833333333332,1.5219512195121951,3117.4078461641193,3117.4078461641193,5.3660824569841274,105.70862370349906,84.09954674522123,16.333831478819977,0.7702215505117334,21.501621237201906,True,0.241715425990276
16x8E,16.0,8.0,520.0,0.024245192307692308,1.3190243902439025,3117.4078461641193,3117.4078461641193,6.191633604212456,105.70862370349907,84.09954674522123,16.33383147881998,0.7702215505117332,16.138161332502698,True,0.27890241460416465
16x8E,16.0,8.0,460.0,0.030982514177693755,1.166829268292683,3117.4078461641193,3117.4078461641193,6.999237987370602,105.70862370349907,84.09954674522123,16.333831478819985,0.7702215505117332,12.464504946527768,True,0.3152809904220992
16x8E,16.0,8.0,560.0,0.020905293367346936,1.420487804878049,3117.4078461641193,3117.4078461641193,5.749374061054423,105.70862370349907,84.09954674522123,16.333831478819985,0.7702215505117332,18.765338757507866,True,0.25898081356101005
16x8E,16.0,8.0,420.0,0.03716496598639456,1.0653658536585366,3117.4078461641193,3117.4078461641193,7.665832081405897,105.70862370349907,84.09954674522123,16.33383147881998,0.7702215505117332,10.26445647626085,True,0.34530775141468006
16x8E,16.0,8.0,360.0,0.050585648148148143,0.9131707317073171,3117.4078461641193,3117.4078461641193,8.943470761640214,105.70862370349907,84.09954674522123,16.33383147881998,0.7702215505117332,7.284461403190562,True,0.40285904331712674
16x8E,16.0,8.0,280.0,0.08362117346938774,0.7102439024390245,3117.4078461641193,3117.4078461641193,11.498748122108847,105.70862370349907,84.09954674522123,16.333831478819985,0.7702215505117332,4.0149073697732325,True,0.5179616271220201
16x8E,16.0,8.0,660.0,0.015050275482093664,1.6741463414634148,3117.4078461641193,3117.4078461641193,4.87825677907648,105.70862370349907,84.09954674522123,16.33383147881998,0.7702215505117332,25.441919919140595,True,0.21974129635479642
16x8E,16.0,8.0,260.0,0.09698076923076923,0.6595121951219513,3117.4078461641193,3117.4078461641193,12.383267208424911,105.70862370349907,84.09954674522123,16.33383147881998,0.7702215505117332,3.2909411945678495,True,0.5578048292083293
16x8E,16.0,8.0,720.0,0.012646412037037036,1.8263414634146342,3117.4078461641193,3117.4078461641193,4.471735380820107,105.70862370349907,84.09954674522123,16.33383147881998,0.7702215505117332,28.97630520302334,True,0.20142952165856337
16x8E,16.0,8.0,740.0,0.011972059897735574,1.8770731707317074,3117.4078461641193,3117.4078461641193,4.350877667824969,105.70862370349907,84.09954674522123,16.333831478819985,0.7702215505117332,30.08539550952106,True,0.19598548053265627
16x8E,16.0,8.0,760.0,0.011350242382271468,1.9278048780487806,3117.4078461641193,3117.4078461641193,4.236380887092732,105.70862370349907,84.09954674522123,16.33383147881998,0.7702215505117332,31.194485816018794,True,0.19082796788706002
16x8E,16.0,8.0,780.0,0.010775641025641026,1.9785365853658536,3117.4078461641193,3117.4078461641193,4.127755736141637,105.70862370349907,84.09954674522123,16.33383147881998,0.7702215505117332,31.415436758644994,True,0.1859349430694431
16x8E,16.0,8.0,820.0,0.00975,2.08,3117.4078461641193,3117.4078461641193,3.9264017977932646,105.70862370349907,84.09954674522123,16.33383147881998,0.7702215505117332,31.415436758644994,True,0.17686494584654344
16x8E,16.0,8.0,840.0,0.00929124149659864,2.1307317073170733,3117.4078461641193,3117.4078461641193,3.8329160407029486,105.70862370349907,84.09954674522123,16.33383147881998,0.7702215505117332,31.415436758644994,True,0.17265387570734003
16x8E,16.0,8.0,180.0,0.20234259259259257,0.45658536585365855,3117.4078461641193,3117.4078461641193,17.886941523280427,105.70862370349907,84.09954674522123,16.33383147881998,0.7702215505117332,1.0284519000663148,False,0.8057180866342535
16x8E,16.0,8.0,620.0,0.017054890738813736,1.5726829268292684,3117.4078461641193,3117.4078461641193,5.192983022887866,105.70862370349907,84.09954674522123,16.33383147881998,0.7702215505117332,22.847386121150816,True,0.2339181541841381
16x8E,16.0,8.0,380.0,0.04540096952908587,0.9639024390243903,3117.4078461641193,3117.4078461641193,8.472761774185464,105.70862370349907,84.09954674522123,16.33383147881998,0.7702215505117332,8.239197121198634,True,0.38165593577412005
16x8E,16.0,8.0,680.0,0.014177984429065746,1.7248780487804878,3117.4078461641193,3117.4078461641193,4.734778638515407,105.70862370349909,84.09954674522123,16.33383147881998,0.7702215505117331,26.739186818135472,True,0.21327831705024358
16x8E,16.0,8.0,440.0,0.033863119834710735,1.1160975609756099,3117.4078461641193,3117.4078461641193,7.31738516861472,105.70862370349909,84.09954674522123,16.33383147881998,0.7702215505117331,11.33630797786419,True,0.3296119445321946
16x8E,16.0,8.0,860.0,0.008864115738236884,2.1814634146341465,3117.4078461641193,3117.4078461641193,3.7437784583610196,105.70862370349909,84.09954674522123,16.33383147881998,0.7702215505117331,31.415436758644994,True,0.16863866929554144
16x8E,16.0,8.0,900.0,0.008093703703703702,2.282926829268293,3117.4078461641193,3117.4078461641193,3.5773883046560857,105.70862370349909,84.09954674522123,16.333831478819985,0.7702215505117331,31.415436758644994,True,0.1611436173268507
16x8E,16.0,8.0,220.0,0.13545247933884294,0.5580487804878049,3117.4078461641193,3117.4078461641193,14.63477033722944,105.70862370349909,84.09954674522123,16.33383147881998,0.7702215505117331,2.0585091998515104,True,0.6592238890643892
16x8E,16.0,8.0,340.0,0.05671193771626298,0.8624390243902439,3117.4078461641193,3117.4078461641193,9.469557277030814,105.70862370349909,84.09954674522123,16.33383147881998,0.7702215505117331,6.395510839925719,True,0.42655663410048716
16x8E,16.0,8.0,880.0,0.008465779958677684,2.2321951219512197,3117.4078461641193,3117.4078461641193,3.65869258430736,105.70862370349909,84.09954674522123,16.33383147881998,0.7702215505117331,31.415436758644994,True,0.1648059722660973
16x8E,16.0,8.0,400.0,0.040974375,1.0146341463414634,3117.4078461641193,3117.4078461641193,8.049123685476193,105.7086237034991,84.09954674522123,16.33383147881998,0.770221550511733,9.193932839206708,True,0.3625731389854141
16x8E,16.0,8.0,800.0,0.01024359375,2.029268292682927,3117.4078461641193,3117.4078461641193,4.0245618427380965,105.7086237034991,84.09954674522123,16.33383147881998,0.770221550511733,31.415436758644994,True,0.18128656949270705
16x8E,16.0,8.0,200.0,0.1638975,0.5073170731707317,3117.4078461641193,3117.4078461641193,16.098247370952386,105.7086237034991,84.09954674522123,16.33383147881998,0.770221550511733,1.5178082296216604,True,0.7251462779708282
17x8E,17.0,8.0,480.0,0.028454427083333338,1.217560975609756,3015.1224048578124,3015.1224048578124,6.511831605444074,110.96954206514982,87.22650574364943,15.857104085061863,0.778556342379531,15.655496853020916,True,0.29332574799297634
17x8E,17.0,8.0,240.0,0.11381770833333335,0.608780487804878,3015.1224048578124,3015.1224048578124,13.023663210888149,110.96954206514982,87.22650574364943,15.857104085061863,0.778556342379531,3.159414190315463,True,0.5866514959859527
17x8E,17.0,8.0,280.0,0.08362117346938774,0.7102439024390245,3015.1224048578124,3015.1224048578124,11.163139895046985,110.96954206514982,87.22650574364943,15.857104085061865,0.778556342379531,4.705065019439403,True,0.5028441394165308
17x8E,17.0,8.0,580.0,0.019488406658739597,1.471219512195122,3015.1224048578124,3015.1224048578124,5.389102018298544,110.96954206514982,87.22650574364943,15.857104085061863,0.778556342379531,22.8653419134164,True,0.2427523431666011
17x8E,17.0,8.0,660.0,0.015050275482093664,1.6741463414634148,3015.1224048578124,3015.1224048578124,4.735877531232054,110.96954206514982,87.22650574364943,15.857104085061865,0.778556342379531,28.495091623441766,True,0.2133278167221646
17x8E,17.0,8.0,560.0,0.020905293367346936,1.420487804878049,3015.1224048578124,3015.1224048578124,5.581569947523493,110.96954206514982,87.22650574364943,15.857104085061865,0.778556342379531,21.386894898665744,True,0.2514220697082654
17x8E,17.0,8.0,300.0,0.07284333333333333,0.7609756097560976,3015.1224048578124,3015.1224048578124,10.41893056871052,110.96954206514984,87.22650574364943,15.857104085061865,0.7785563423795309,5.549001032243774,True,0.46932119678876216
17x8E,17.0,8.0,840.0,0.00929124149659864,2.1307317073170733,3015.1224048578124,3015.1224048578124,3.721046631682328,110.96954206514984,87.22650574364943,15.857104085061863,0.7785563423795309,32.9511883298215,True,0.1676147131388436
17x8E,17.0,8.0,860.0,0.008864115738236884,2.1814634146341465,3015.1224048578124,3015.1224048578124,3.6345106635036695,110.96954206514984,87.22650574364943,15.857104085061865,0.7785563423795309,32.9511883298215,True,0.16371669655421936
17x8E,17.0,8.0,900.0,0.008093703703703702,2.282926829268293,3015.1224048578124,3015.1224048578124,3.47297685623684,110.96954206514984,87.22650574364943,15.857104085061867,0.7785563423795309,32.9511883298215,True,0.1564403989295874
17x8E,17.0,8.0,820.0,0.00975,2.08,3015.1224048578124,3015.1224048578124,3.8118038666014096,110.96954206514984,87.22650574364943,15.857104085061865,0.7785563423795309,32.9511883298215,True,0.17170287687393737
17x8E,17.0,8.0,740.0,0.011972059897735574,1.8770731707317074,3015.1224048578124,3015.1224048578124,4.223890771098859,110.96954206514984,87.22650574364943,15.857104085061865,0.7785563423795309,32.9511883298215,True,0.19026535004949818
17x8E,17.0,8.0,600.0,0.018210833333333332,1.5219512195121951,3015.1224048578124,3015.1224048578124,5.20946528435526,110.96954206514984,87.22650574364943,15.857104085061865,0.7785563423795309,24.310271459506755,True,0.23466059839438108
17x8E,17.0,8.0,700.0,0.013379387755102041,1.775609756097561,3015.1224048578124,3015.1224048578124,4.465255958018794,110.96954206514984,87.22650574364943,15.857104085061865,0.7785563423795309,30.9604543348291,True,0.20113765576661236
17x8E,17.0,8.0,640.0,0.016005615234375,1.6234146341463416,3015.1224048578124,3015.1224048578124,4.883873704083056,110.96954206514984,87.22650574364943,15.857104085061865,0.7785563423795309,27.20013055168746,True,0.21999431099473227
17x8E,17.0,8.0,540.0,0.02248251028806584,1.3697560975609757,3015.1224048578124,3015.1224048578124,5.7882947603947335,110.96954206514984,87.22650574364943,15.857104085061867,0.7785563423795309,19.902969398416722,True,0.260733998215979
17x8E,17.0,8.0,500.0,0.0262236,1.2682926829268293,3015.1224048578124,3015.1224048578124,6.251358341226312,110.96954206514984,87.22650574364943,15.857104085061865,0.7785563423795309,17.033219499599475,True,0.2815927180732573
17x8E,17.0,8.0,460.0,0.030982514177693755,1.166829268292683,3015.1224048578124,3015.1224048578124,6.794954718724251,110.96954206514984,87.22650574364943,15.857104085061865,0.7785563423795309,14.300738000787193,True,0.3060790413839753
17x8E,17.0,8.0,420.0,0.03716496598639456,1.0653658536585366,3015.1224048578124,3015.1224048578124,7.442093263364656,110.96954206514984,87.22650574364943,15.857104085061863,0.7785563423795309,11.813802744270156,True,0.3352294262776872
17x8E,17.0,8.0,180.0,0.20234259259259257,0.45658536585365855,3015.1224048578124,3015.1224048578124,17.3648842811842,110.96954206514984,87.22650574364943,15.857104085061865,0.7785563423795309,1.2666557187271958,False,0.7822019946479369
17x8E,17.0,8.0,360.0,0.050585648148148143,0.9131707317073171,3015.1224048578124,3015.1224048578124,8.6824421405921,110.96954206514984,87.22650574364943,15.857104085061865,0.7785563423795309,8.42110388653669,True,0.39110099732396847
17x8E,17.0,8.0,720.0,0.012646412037037036,1.8263414634146342,3015.1224048578124,3015.1224048578124,4.34122107029605,110.96954206514984,87.22650574364943,15.857104085061865,0.7785563423795309,32.193135690522766,True,0.19555049866198423
17x8E,17.0,8.0,320.0,0.0640224609375,0.8117073170731708,3015.1224048578124,3015.1224048578124,9.767747408166112,110.96954206514984,87.22650574364943,15.857104085061865,0.7785563423795309,6.462766350356155,True,0.43998862198946453
17x8E,17.0,8.0,520.0,0.024245192307692308,1.3190243902439025,3015.1224048578124,3015.1224048578124,6.010921481948377,110.96954206514985,87.22650574364943,15.857104085061865,0.7785563423795308,18.4190438981677,True,0.2707622289165936
17x8E,17.0,8.0,400.0,0.040974375,1.0146341463414634,3015.1224048578124,3015.1224048578124,7.8141979265328905,110.96954206514985,87.22650574364943,15.857104085061867,0.7785563423795308,10.640085608633495,True,0.35199089759157165
17x8E,17.0,8.0,880.0,0.008465779958677684,2.2321951219512197,3015.1224048578124,3015.1224048578124,3.5519081484240407,110.96954206514985,87.22650574364943,15.857104085061865,0.7785563423795308,32.9511883298215,True,0.15999586254162346
17x8E,17.0,8.0,800.0,0.01024359375,2.029268292682927,3015.1224048578124,3015.1224048578124,3.9070989632664452,110.96954206514985,87.22650574364943,15.857104085061867,0.7785563423795308,32.9511883298215,True,0.17599544879578582
17x8E,17.0,8.0,780.0,0.010775641025641026,1.9785365853658536,3015.1224048578124,3015.1224048578124,4.007280987965585,110.96954206514985,87.22650574364943,15.857104085061865,0.7785563423795308,32.9511883298215,True,0.18050815261106237
17x8E,17.0,8.0,680.0,0.014177984429065746,1.7248780487804878,3015.1224048578124,3015.1224048578124,4.596587015607582,110.96954206514985,87.22650574364943,15.857104085061865,0.7785563423795308,29.72777297913543,True,0.2070534691715127
17x8E,17.0,8.0,620.0,0.017054890738813736,1.5726829268292684,3015.1224048578124,3015.1224048578124,5.041418017117993,110.96954206514985,87.22650574364943,15.857104085061865,0.7785563423795308,25.7552010055971,True,0.2270909016719817
17x8E,17.0,8.0,440.0,0.033863119834710735,1.1160975609756099,3015.1224048578124,3015.1224048578124,7.103816296848081,110.96954206514985,87.22650574364943,15.857104085061865,0.7785563423795308,13.057270372528675,True,0.3199917250832469
17x8E,17.0,8.0,340.0,0.05671193771626298,0.8624390243902439,3015.1224048578124,3015.1224048578124,9.193174031215165,110.96954206514985,87.22650574364943,15.857104085061865,0.7785563423795308,7.43914466543656,True,0.4141069383430254
17x8E,17.0,8.0,260.0,0.09698076923076923,0.6595121951219513,3015.1224048578124,3015.1224048578124,12.021842963896754,110.96954206514985,87.22650574364943,15.857104085061865,0.7785563423795308,3.868667199789793,True,0.5415244578331871
17x8E,17.0,8.0,220.0,0.13545247933884294,0.5580487804878049,3015.1224048578124,3015.1224048578124,14.207632593696163,110.96954206514985,87.22650574364943,15.857104085061865,0.7785563423795308,2.4501611808411328,True,0.6399834501664938
17x8E,17.0,8.0,200.0,0.1638975,0.5073170731707317,3015.1224048578124,3015.1224048578124,15.628395853065781,110.96954206514985,87.22650574364943,15.857104085061867,0.7785563423795308,1.8378489781920262,True,0.7039817951831433
17x8E,17.0,8.0,760.0,0.011350242382271468,1.9278048780487806,3015.1224048578124,3015.1224048578124,4.1127357508067846,110.96954206514987,87.22650574364943,15.857104085061867,0.7785563423795306,32.9511883298215,True,0.18525836715345878
17x8E,17.0,8.0,380.0,0.04540096952908587,0.9639024390243903,3015.1224048578124,3015.1224048578124,8.225471501613569,110.96954206514987,87.22650574364943,15.857104085061867,0.7785563423795306,9.530594747585091,True,0.37051673430691756
22x10E,22.0,10.0,700.0,0.013379387755102041,1.775609756097561,2157.1095332513964,2157.1095332513964,3.2969182281973146,111.7092873030728,101.13108035284955,11.708080342086074,0.789989128410972,47.12537227415261,True,0.14850983009897814
22x10E,22.0,10.0,480.0,0.028454427083333338,1.217560975609756,2157.1095332513964,2157.1095332513964,4.808005749454417,111.7092873030728,101.13108035284955,11.708080342086074,0.789989128410972,27.401213034451988,True,0.2165768355610098
22x10E,22.0,10.0,240.0,0.11381770833333335,0.608780487804878,2157.1095332513964,2157.1095332513964,9.616011498908835,111.7092873030728,101.13108035284955,11.708080342086074,0.789989128410972,7.1519930578072755,True,0.4331536711220196
22x10E,22.0,10.0,820.0,0.00975,2.08,2157.1095332513964,2157.1095332513964,2.8144423899245368,111.7092873030728,101.13108035284955,11.708080342086074,0.789989128410972,55.029022499543714,True,0.126776684230835
22x10E,22.0,10.0,540.0,0.02248251028806584,1.3697560975609757,2157.1095332513964,2157.1095332513964,4.273782888403926,111.70928730307281,101.13108035284955,11.708080342086074,0.7899891284109719,33.47768406264617,True,0.19251274272089758
22x10E,22.0,10.0,840.0,0.00929124149659864,2.1307317073170733,2157.1095332513964,2157.1095332513964,2.7474318568310956,111.70928730307281,101.13108035284955,11.708080342086074,0.7899891284109719,55.35682217240702,True,0.12375819174914846
22x10E,22.0,10.0,420.0,0.03716496598639456,1.0653658536585366,2157.1095332513964,2157.1095332513964,5.494863713662191,111.70928730307281,101.13108035284955,11.708080342086074,0.7899891284109719,21.645199679813746,True,0.2475163834982969
22x10E,22.0,10.0,280.0,0.08362117346938774,0.7102439024390245,2157.1095332513964,2157.1095332513964,8.242295570493287,111.70928730307281,101.13108035284955,11.708080342086076,0.7899891284109719,9.951176709159705,True,0.37127457524744534
22x10E,22.0,10.0,260.0,0.09698076923076923,0.6595121951219513,2157.1095332513964,2157.1095332513964,8.876318306685079,111.70928730307281,101.13108035284955,11.708080342086076,0.7899891284109719,8.4844499244109,True,0.39983415795878735
22x10E,22.0,10.0,500.0,0.0262236,1.2682926829268293,2157.1095332513964,2157.1095332513964,4.615685519476241,111.70928730307281,101.13108035284955,11.708080342086074,0.7899891284109719,29.42670337718338,True,0.2079137621385694
22x10E,22.0,10.0,520.0,0.024245192307692308,1.3190243902439025,2157.1095332513964,2157.1095332513964,4.438159153342539,111.70928730307281,101.13108035284955,11.708080342086076,0.7899891284109719,31.452193719914767,True,0.19991707897939368
22x10E,22.0,10.0,560.0,0.020905293367346936,1.420487804878049,2157.1095332513964,2157.1095332513964,4.121147785246643,111.70928730307281,101.13108035284955,11.708080342086076,0.7899891284109719,35.37409653664748,True,0.18563728762372267
22x10E,22.0,10.0,320.0,0.0640224609375,0.8117073170731708,2157.1095332513964,2157.1095332513964,7.212008624181626,111.70928730307283,101.13108035284955,11.708080342086076,0.7899891284109718,12.926318981583405,True,0.3248652533415147
22x10E,22.0,10.0,300.0,0.07284333333333333,0.7609756097560976,2157.1095332513964,2157.1095332513964,7.692809199127068,111.70928730307283,101.13108035284955,11.708080342086074,0.7899891284109718,11.417903493908499,True,0.3465229368976157
22x10E,22.0,10.0,900.0,0.008093703703703702,2.282926829268293,2157.1095332513964,2157.1095332513964,2.564269733042356,111.70928730307283,101.13108035284955,11.708080342086076,0.7899891284109718,55.35682217240702,True,0.11550764563253857
22x10E,22.0,10.0,860.0,0.008864115738236884,2.1814634146341465,2157.1095332513964,2157.1095332513964,2.6835380927187447,111.70928730307283,101.13108035284955,11.708080342086076,0.7899891284109718,55.35682217240702,True,0.12088009426661013
22x10E,22.0,10.0,600.0,0.018210833333333332,1.5219512195121951,2157.1095332513964,2157.1095332513964,3.846404599563534,111.70928730307283,101.13108035284955,11.708080342086074,0.7899891284109718,39.07085203725176,True,0.17326146844880785
22x10E,22.0,10.0,620.0,0.017054890738813736,1.5726829268292684,2157.1095332513964,2157.1095332513964,3.722327031835678,111.70928730307283,101.13108035284955,11.708080342086074,0.7899891284109718,40.9192297875539,True,0.16767238882142693
22x10E,22.0,10.0,640.0,0.016005615234375,1.6234146341463416,2157.1095332513964,2157.1095332513964,3.606004312090813,111.70928730307283,101.13108035284955,11.708080342086076,0.7899891284109718,42.76760753785605,True,0.16243262667075736
22x10E,22.0,10.0,660.0,0.015050275482093664,1.6741463414634148,2157.1095332513964,2157.1095332513964,3.4967314541486676,111.70928730307283,101.13108035284955,11.708080342086076,0.7899891284109718,44.49082219902224,True,0.1575104258625526
22x10E,22.0,10.0,720.0,0.012646412037037036,1.8263414634146342,2157.1095332513964,2157.1095332513964,3.205337166302945,111.70928730307283,101.13108035284955,11.708080342086074,0.7899891284109718,48.442647311717785,True,0.14438455704067318
22x10E,22.0,10.0,180.0,0.20234259259259257,0.45658536585365855,2157.1095332513964,2157.1095332513964,12.82134866521178,111.70928730307283,101.13108035284955,11.708080342086074,0.7899891284109718,3.60193870550405,True,0.5775382281626927
22x10E,22.0,10.0,780.0,0.010775641025641026,1.9785365853658536,2157.1095332513964,2157.1095332513964,2.958772768895026,111.70928730307283,101.13108035284955,11.708080342086074,0.7899891284109718,52.39447242441332,True,0.1332780526529291
22x10E,22.0,10.0,580.0,0.019488406658739597,1.471219512195122,2157.1095332513964,2157.1095332513964,3.9790392409277935,111.70928730307283,101.13108035284955,11.708080342086074,0.7899891284109718,37.22247428694961,True,0.1792360018435943
22x10E,22.0,10.0,360.0,0.050585648148148143,0.9131707317073171,2157.1095332513964,2157.1095332513964,6.41067433260589,111.70928730307283,101.13108035284955,11.708080342086074,0.7899891284109718,16.281261993011313,True,0.28876911408134637
22x10E,22.0,10.0,380.0,0.04540096952908587,0.9639024390243903,2157.1095332513964,2157.1095332513964,6.073270420363475,111.70928730307284,101.13108035284955,11.708080342086076,0.7899891284109717,17.958733498725255,True,0.27357073965601236
22x10E,22.0,10.0,680.0,0.014177984429065746,1.7248780487804878,2157.1095332513964,2157.1095332513964,3.393886411379589,111.70928730307284,101.13108035284955,11.708080342086074,0.7899891284109717,45.80809723658741,True,0.15287776627835986
22x10E,22.0,10.0,460.0,0.030982514177693755,1.166829268292683,2157.1095332513964,2157.1095332513964,5.017049477691566,111.70928730307284,101.13108035284955,11.708080342086076,0.7899891284109717,25.386371742182796,True,0.22599321971583633
22x10E,22.0,10.0,760.0,0.011350242382271468,1.9278048780487806,2157.1095332513964,2157.1095332513964,3.0366352101817373,111.70928730307284,101.13108035284955,11.708080342086076,0.7899891284109717,51.077197386848155,True,0.13678536982800618
22x10E,22.0,10.0,340.0,0.05671193771626298,0.8624390243902439,2157.1095332513964,2157.1095332513964,6.787772822759178,111.70928730307284,101.13108035284955,11.708080342086074,0.7899891284109717,14.60379048729735,True,0.3057555325567197
22x10E,22.0,10.0,200.0,0.1638975,0.5073170731707317,2157.1095332513964,2157.1095332513964,11.539213798690602,111.70928730307287,101.13108035284955,11.708080342086074,0.7899891284109715,4.685173261904552,True,0.5197844053464236
22x10E,22.0,10.0,400.0,0.040974375,1.0146341463414634,2157.1095332513964,2157.1095332513964,5.769606899345301,111.70928730307287,101.13108035284955,11.708080342086074,0.7899891284109715,19.774613648629227,True,0.2598922026732118
22x10E,22.0,10.0,440.0,0.033863119834710735,1.1160975609756099,2157.1095332513964,2157.1095332513964,5.2450971812230005,111.70928730307287,101.13108035284955,11.708080342086074,0.7899891284109715,23.51578571099827,True,0.23626563879382886
22x10E,22.0,10.0,220.0,0.13545247933884294,0.5580487804878049,2157.1095332513964,2157.1095332513964,10.490194362446001,111.70928730307287,101.13108035284955,11.708080342086074,0.7899891284109715,5.918583159855912,True,0.4725312775876577
22x10E,22.0,10.0,880.0,0.008465779958677684,2.2321951219512197,2157.1095332513964,2157.1095332513964,2.6225485906115003,111.70928730307287,101.13108035284955,11.708080342086074,0.7899891284109715,55.35682217240702,True,0.11813281939691443
22x10E,22.0,10.0,740.0,0.011972059897735574,1.8770731707317074,2157.1095332513964,2157.1095332513964,3.1187064320785414,111.70928730307287,101.13108035284955,11.708080342086076,0.7899891284109715,49.75992234928295,True,0.14048227171524963
22x10E,22.0,10.0,800.0,0.01024359375,2.029268292682927,2157.1095332513964,2157.1095332513964,2.8848034496726505,111.70928730307287,101.13108035284955,11.708080342086074,0.7899891284109715,53.711747461978526,True,0.1299461013366059
16x7E(3D),16.0,7.0,300.0,0.07284333333333333,0.7609756097560976,3371.64088268153,3371.64088268153,11.573705491355962,112.02306718542462,92.64258682202968,17.614615186844198,0.7698193618016236,4.15559209015864,True,0.5213380851962145
16x7E(3D),16.0,7.0,480.0,0.028454427083333338,1.217560975609756,3371.64088268153,3371.64088268153,7.233565932097477,112.02306718542462,92.64258682202968,17.614615186844198,0.7698193618016236,12.592191792877356,True,0.32583630324763413
16x7E(3D),16.0,7.0,600.0,0.018210833333333332,1.5219512195121951,3371.64088268153,3371.64088268153,5.786852745677981,112.02306718542462,92.64258682202968,17.614615186844198,0.7698193618016236,20.237989009280987,True,0.26066904259810725
16x7E(3D),16.0,7.0,240.0,0.11381770833333335,0.608780487804878,3371.64088268153,3371.64088268153,14.467131864194954,112.02306718542462,92.64258682202968,17.614615186844198,0.7698193618016236,2.2407116288519235,True,0.6516726064952683
16x7E(3D),16.0,7.0,540.0,0.02248251028806584,1.3697560975609757,3371.64088268153,3371.64088268153,6.429836384086647,112.02306718542464,92.64258682202968,17.6146151868442,0.7698193618016235,16.235689783592665,True,0.28963226955345256
16x7E(3D),16.0,7.0,260.0,0.09698076923076923,0.6595121951219513,3371.64088268153,3371.64088268153,13.35427556694919,112.02306718542464,92.64258682202968,17.6146151868442,0.7698193618016235,2.8270079431284776,True,0.6015439444571707
16x7E(3D),16.0,7.0,560.0,0.020905293367346936,1.420487804878049,3371.64088268153,3371.64088268153,6.200199370369266,112.02306718542464,92.64258682202968,17.6146151868442,0.7698193618016235,17.55538432362559,True,0.27928825992654355
16x7E(3D),16.0,7.0,620.0,0.017054890738813736,1.5726829268292684,3371.64088268153,3371.64088268153,5.600180076462563,112.02306718542464,92.64258682202968,17.6146151868442,0.7698193618016235,21.56495371684024,True,0.25226036380461997
16x7E(3D),16.0,7.0,660.0,0.015050275482093664,1.6741463414634148,3371.64088268153,3371.64088268153,5.26077522334362,112.02306718542464,92.64258682202968,17.6146151868442,0.7698193618016235,24.21888313195874,True,0.23697185690737027
16x7E(3D),16.0,7.0,740.0,0.011972059897735574,1.8770731707317074,3371.64088268153,3371.64088268153,4.6920427667659315,112.02306718542464,92.64258682202968,17.6146151868442,0.7698193618016235,28.74803004215445,True,0.21135327778224916
16x7E(3D),16.0,7.0,760.0,0.011350242382271468,1.9278048780487806,3371.64088268153,3371.64088268153,4.568567957114196,112.02306718542464,92.64258682202968,17.614615186844198,0.7698193618016235,28.74803004215445,True,0.20579134941955837
16x7E(3D),16.0,7.0,520.0,0.024245192307692308,1.3190243902439025,3371.64088268153,3371.64088268153,6.677137783474595,112.02306718542464,92.64258682202968,17.6146151868442,0.7698193618016235,14.995693512020946,True,0.30077197222858537
16x7E(3D),16.0,7.0,500.0,0.0262236,1.2682926829268293,3371.64088268153,3371.64088268153,6.944223294813578,112.02306718542464,92.64258682202968,17.614615186844198,0.7698193618016235,13.755697240449225,True,0.31280285111772876
16x7E(3D),16.0,7.0,900.0,0.008093703703703702,2.282926829268293,3371.64088268153,3371.64088268153,3.8579018304519876,112.02306718542464,92.64258682202968,17.614615186844198,0.7698193618016235,28.74803004215445,True,0.1737793617320715
16x7E(3D),16.0,7.0,280.0,0.08362117346938774,0.7102439024390245,3371.64088268153,3371.64088268153,12.400398740738533,112.02306718542464,92.64258682202968,17.6146151868442,0.7698193618016235,3.4900904169133105,True,0.5585765198530871
16x7E(3D),16.0,7.0,380.0,0.04540096952908587,0.9639024390243903,3371.64088268153,3371.64088268153,9.137135914228391,112.02306718542464,92.64258682202968,17.614615186844198,0.7698193618016235,7.443339696878676,True,0.41158269883911675
16x7E(3D),16.0,7.0,440.0,0.033863119834710735,1.1160975609756099,3371.64088268153,3371.64088268153,7.89116283501543,112.02306718542465,92.64258682202968,17.6146151868442,0.7698193618016235,10.36844172920538,True,0.3554577853610554
16x7E(3D),16.0,7.0,580.0,0.019488406658739597,1.471219512195122,3371.64088268153,3371.64088268153,5.9863993920806715,112.02306718542465,92.64258682202968,17.6146151868442,0.7698193618016235,18.8970823939872,True,0.2696576302739041
16x7E(3D),16.0,7.0,320.0,0.0640224609375,0.8117073170731708,3371.64088268153,3371.64088268153,10.850348898146217,112.02306718542465,92.64258682202968,17.6146151868442,0.7698193618016235,4.930153376608872,True,0.48875445487145125
16x7E(3D),16.0,7.0,640.0,0.016005615234375,1.6234146341463416,3371.64088268153,3371.64088268153,5.425174449073109,112.02306718542465,92.64258682202968,17.6146151868442,0.7698193618016235,22.891918424399492,True,0.24437722743572562
16x7E(3D),16.0,7.0,200.0,0.1638975,0.5073170731707317,3371.64088268153,3371.64088268153,17.360558237033946,112.02306718542465,92.64258682202968,17.614615186844198,0.7698193618016235,1.1878283460896828,False,0.7820071277943219
16x7E(3D),16.0,7.0,360.0,0.050585648148148143,0.9131707317073171,3371.64088268153,3371.64088268153,9.644754576129971,112.02306718542465,92.64258682202968,17.6146151868442,0.7698193618016235,6.556692715828202,True,0.4344484043301789
16x7E(3D),16.0,7.0,700.0,0.013379387755102041,1.775609756097561,3371.64088268153,3371.64088268153,4.960159496295414,112.02306718542465,92.64258682202968,17.6146151868442,0.7698193618016235,26.557640665111098,True,0.22343060794123484
16x7E(3D),16.0,7.0,720.0,0.012646412037037036,1.8263414634146342,3371.64088268153,3371.64088268153,4.822377288064986,112.02306718542465,92.64258682202968,17.6146151868442,0.7698193618016235,27.722037348805877,True,0.21722420216508945
16x7E(3D),16.0,7.0,400.0,0.040974375,1.0146341463414634,3371.64088268153,3371.64088268153,8.680279118516973,112.02306718542465,92.64258682202968,17.614615186844198,0.7698193618016235,8.365422299317979,True,0.39100356389716096
16x7E(3D),16.0,7.0,780.0,0.010775641025641026,1.9785365853658536,3371.64088268153,3371.64088268153,4.451425188983063,112.02306718542465,92.64258682202968,17.6146151868442,0.7698193618016235,28.74803004215445,True,0.20051464815239026
16x7E(3D),16.0,7.0,800.0,0.01024359375,2.029268292682927,3371.64088268153,3371.64088268153,4.340139559258486,112.02306718542465,92.64258682202968,17.614615186844198,0.7698193618016235,28.74803004215445,True,0.19550178194858048
16x7E(3D),16.0,7.0,420.0,0.03716496598639456,1.0653658536585366,3371.64088268153,3371.64088268153,8.266932493825689,112.02306718542465,92.64258682202968,17.6146151868442,0.7698193618016235,9.36693201426168,True,0.3723843465687247
16x7E(3D),16.0,7.0,860.0,0.008864115738236884,2.1814634146341465,3371.64088268153,3371.64088268153,4.0373391248916155,112.02306718542465,92.64258682202968,17.6146151868442,0.7698193618016235,28.74803004215445,True,0.18186212274286556
16x7E(3D),16.0,7.0,880.0,0.008465779958677684,2.2321951219512197,3371.64088268153,3371.64088268153,3.945581417507715,112.02306718542465,92.64258682202968,17.6146151868442,0.7698193618016235,28.74803004215445,True,0.1777288926805277
16x7E(3D),16.0,7.0,220.0,0.13545247933884294,0.5580487804878049,3371.64088268153,3371.64088268153,15.78232567003086,112.02306718542465,92.64258682202968,17.6146151868442,0.7698193618016235,1.688435346819844,True,0.7109155707221108
16x7E(3D),16.0,7.0,460.0,0.030982514177693755,1.166829268292683,3371.64088268153,3371.64088268153,7.548068798710411,112.02306718542465,92.64258682202968,17.6146151868442,0.7698193618016235,11.472599117227553,True,0.3400030990410095
16x7E(3D),16.0,7.0,840.0,0.00929124149659864,2.1307317073170733,3371.64088268153,3371.64088268153,4.133466246912844,112.02306718542465,92.64258682202968,17.6146151868442,0.7698193618016235,28.74803004215445,True,0.18619217328436236
16x7E(3D),16.0,7.0,180.0,0.20234259259259257,0.45658536585365855,3371.64088268153,3371.64088268153,19.289509152259942,112.02306718542465,92.64258682202968,17.6146151868442,0.7698193618016235,0.7503632499048062,False,0.8688968086603578
16x7E(3D),16.0,7.0,680.0,0.014177984429065746,1.7248780487804878,3371.64088268153,3371.64088268153,5.106046540304102,112.02306718542467,92.64258682202968,17.6146151868442,0.7698193618016234,25.39324398141632,True,0.2300020964100947
16x7E(3D),16.0,7.0,820.0,0.00975,2.08,3371.64088268153,3371.64088268153,4.234282496837548,112.02306718542467,92.64258682202968,17.6146151868442,0.7698193618016234,28.74803004215445,True,0.19073344580349316
16x7E(3D),16.0,7.0,340.0,0.05671193771626298,0.8624390243902439,3371.64088268153,3371.64088268153,10.212093080608204,112.02306718542467,92.64258682202968,17.6146151868442,0.7698193618016234,5.704714663059105,True,0.4600041928201894
17x7E,17.0,7.0,660.0,0.015050275482093664,1.6741463414634148,3252.1794596772843,3252.1794596772843,5.091417161722275,116.70965112938845,96.65642774219472,17.04755482832278,0.7780565384806791,26.841508866797344,True,0.22934311539289529
17x7E,17.0,7.0,700.0,0.013379387755102041,1.775609756097561,3252.1794596772843,3252.1794596772843,4.800479038195288,116.70965112938845,96.65642774219472,17.047554828322777,0.7780565384806791,29.396466426605308,True,0.21623779451330127
17x7E,17.0,7.0,240.0,0.11381770833333335,0.608780487804878,3252.1794596772843,3252.1794596772843,14.001397194736258,116.70965112938846,96.65642774219472,17.04755482832278,0.778056538480679,2.6527614082887596,True,0.6306935673304621
17x7E,17.0,7.0,480.0,0.028454427083333338,1.217560975609756,3252.1794596772843,3252.1794596772843,7.000698597368129,116.70965112938846,96.65642774219472,17.04755482832278,0.778056538480679,14.406803842538896,True,0.31534678366523106
17x7E,17.0,7.0,500.0,0.0262236,1.2682926829268293,3252.1794596772843,3252.1794596772843,6.7206706534734035,116.70965112938846,96.65642774219472,17.04755482832278,0.778056538480679,15.69938392252511,True,0.3027329123186218
17x7E,17.0,7.0,640.0,0.016005615234375,1.6234146341463416,3252.1794596772843,3252.1794596772843,5.250523948026097,116.70965112938848,96.65642774219472,17.04755482832278,0.7780565384806789,25.56403008689336,True,0.2365100877489233
17x7E,17.0,7.0,560.0,0.020905293367346936,1.420487804878049,3252.1794596772843,3252.1794596772843,6.000598797744111,116.70965112938848,96.65642774219472,17.047554828322784,0.7780565384806789,19.9212051074703,True,0.2702972431416266
17x7E,17.0,7.0,260.0,0.09698076923076923,0.6595121951219513,3252.1794596772843,3252.1794596772843,12.924366641295007,116.70965112938848,96.65642774219472,17.04755482832278,0.7780565384806789,3.310435392091076,True,0.5821786775358112
17x7E,17.0,7.0,280.0,0.08362117346938774,0.7102439024390245,3252.1794596772843,3252.1794596772843,12.001197595488222,116.70965112938848,96.65642774219472,17.047554828322784,0.7780565384806789,4.078434339580952,True,0.5405944862832532
17x7E,17.0,7.0,320.0,0.0640224609375,0.8117073170731708,3252.1794596772843,3252.1794596772843,10.501047896052194,116.70965112938848,96.65642774219472,17.04755482832278,0.7780565384806789,5.716075390282946,True,0.4730201754978466
17x7E,17.0,7.0,860.0,0.008864115738236884,2.1814634146341465,3252.1794596772843,3252.1794596772843,3.907366658996165,116.70965112938848,96.65642774219472,17.04755482832278,0.7780565384806789,29.494082881951357,True,0.1760075071619894
17x7E,17.0,7.0,740.0,0.011972059897735574,1.8770731707317074,3252.1794596772843,3252.1794596772843,4.540993684779327,116.70965112938848,96.65642774219472,17.04755482832278,0.7780565384806789,29.494082881951357,True,0.20454926508014987
17x7E,17.0,7.0,520.0,0.024245192307692308,1.3190243902439025,3252.1794596772843,3252.1794596772843,6.462183320647504,116.70965112938848,96.65642774219472,17.04755482832278,0.7780565384806789,17.082798543476805,True,0.2910893387679056
17x7E,17.0,7.0,200.0,0.1638975,0.5073170731707317,3252.1794596772843,3252.1794596772843,16.80167663368351,116.70965112938849,96.65642774219472,17.04755482832278,0.7780565384806788,1.4490502439667936,False,0.7568322807965545
17x7E,17.0,7.0,340.0,0.05671193771626298,0.8624390243902439,3252.1794596772843,3252.1794596772843,9.883339196284417,116.70965112938849,96.65642774219472,17.04755482832278,0.7780565384806788,6.6120439483255415,True,0.44519545929209087
17x7E,17.0,7.0,180.0,0.20234259259259257,0.45658536585365855,3252.1794596772843,3252.1794596772843,18.668529592981677,116.70965112938849,96.65642774219472,17.04755482832278,0.7780565384806788,0.9429745303540416,False,0.8409247564406162
17x7E,17.0,7.0,460.0,0.030982514177693755,1.166829268292683,3252.1794596772843,3252.1794596772843,7.3050767972537,116.70965112938849,96.65642774219472,17.047554828322784,0.7780565384806788,13.11422376255269,True,0.3290575133898063
17x7E,17.0,7.0,360.0,0.050585648148148143,0.9131707317073171,3252.1794596772843,3252.1794596772843,9.334264796490839,116.70965112938849,96.65642774219472,17.04755482832278,0.7780565384806788,7.557695877452755,True,0.4204623782203081
17x7E,17.0,7.0,900.0,0.008093703703703702,2.282926829268293,3252.1794596772843,3252.1794596772843,3.7337059185963355,116.70965112938849,96.65642774219472,17.04755482832278,0.7780565384806788,29.494082881951357,True,0.16818495128812322
17x7E,17.0,7.0,420.0,0.03716496598639456,1.0653658536585366,3252.1794596772843,3252.1794596772843,8.000798396992147,116.70965112938849,96.65642774219472,17.04755482832278,0.7780565384806788,10.752775580005807,True,0.3603963241888355
17x7E,17.0,7.0,840.0,0.00929124149659864,2.1307317073170733,3252.1794596772843,3252.1794596772843,4.000399198496074,116.70965112938849,96.65642774219472,17.04755482832278,0.7780565384806788,29.494082881951357,True,0.18019816209441775
17x7E,17.0,7.0,820.0,0.00975,2.08,3252.1794596772843,3252.1794596772843,4.097969910654514,116.70965112938849,96.65642774219472,17.04755482832278,0.7780565384806788,29.494082881951357,True,0.18459323921867182
17x7E,17.0,7.0,800.0,0.01024359375,2.029268292682927,3252.1794596772843,3252.1794596772843,4.200419158420877,116.70965112938849,96.65642774219472,17.04755482832278,0.7780565384806788,29.494082881951357,True,0.18920807019913863
17x7E,17.0,7.0,720.0,0.012646412037037036,1.8263414634146342,3252.1794596772843,3252.1794596772843,4.667132398245419,116.70965112938849,96.65642774219472,17.04755482832278,0.7780565384806788,29.494082881951357,True,0.21023118911015404
17x7E,17.0,7.0,400.0,0.040974375,1.0146341463414634,3252.1794596772843,3252.1794596772843,8.400838316841755,116.70965112938849,96.65642774219472,17.04755482832278,0.7780565384806788,9.608444145758835,True,0.37841614039827726
17x7E,17.0,7.0,620.0,0.017054890738813736,1.5726829268292684,3252.1794596772843,3252.1794596772843,5.419895688285004,116.70965112938849,96.65642774219472,17.04755482832278,0.7780565384806788,24.256296580296944,True,0.24413944541824342
17x7E,17.0,7.0,680.0,0.014177984429065746,1.7248780487804878,3252.1794596772843,3252.1794596772843,4.941669598142209,116.70965112938849,96.65642774219472,17.04755482832278,0.7780565384806788,28.118987646701317,True,0.22259772964604543
17x7E,17.0,7.0,220.0,0.13545247933884294,0.5580487804878049,3252.1794596772843,3252.1794596772843,15.274251485166827,116.7096511293885,96.65642774219472,17.04755482832278,0.7780565384806788,2.013983738968085,True,0.6880293461786859
17x7E,17.0,7.0,540.0,0.02248251028806584,1.3697560975609757,3252.1794596772843,3252.1794596772843,6.22284319766056,116.7096511293885,96.65642774219472,17.047554828322784,0.7780565384806788,18.502001825473545,True,0.2803082521468721
17x7E,17.0,7.0,780.0,0.010775641025641026,1.9785365853658536,3252.1794596772843,3252.1794596772843,4.308122213765003,116.7096511293885,96.65642774219472,17.04755482832278,0.7780565384806788,29.494082881951357,True,0.19405955917860374
17x7E,17.0,7.0,440.0,0.033863119834710735,1.1160975609756099,3252.1794596772843,3252.1794596772843,7.637125742583414,116.7096511293885,96.65642774219472,17.04755482832278,0.7780565384806788,11.909219463731082,True,0.34401467308934297
17x7E,17.0,7.0,300.0,0.07284333333333333,0.7609756097560976,3252.1794596772843,3252.1794596772843,11.201117755789008,116.7096511293885,96.65642774219472,17.047554828322784,0.7780565384806788,4.84643328707083,True,0.5045548538643697
17x7E,17.0,7.0,600.0,0.018210833333333332,1.5219512195121951,3252.1794596772843,3252.1794596772843,5.600558877894504,116.7096511293885,96.65642774219472,17.047554828322784,0.7780565384806788,22.81082279049206,True,0.25227742693218486
17x7E,17.0,7.0,580.0,0.019488406658739597,1.471219512195122,3252.1794596772843,3252.1794596772843,5.793681597821901,116.7096511293885,96.65642774219472,17.047554828322784,0.7780565384806788,21.36534900068718,True,0.2609766485505361
17x7E,17.0,7.0,880.0,0.008465779958677684,2.2321951219512197,3252.1794596772843,3252.1794596772843,3.818562871291707,116.7096511293885,96.65642774219472,17.04755482832278,0.7780565384806788,29.494082881951357,True,0.17200733654467149
17x7E,17.0,7.0,380.0,0.04540096952908587,0.9639024390243903,3252.1794596772843,3252.1794596772843,8.84298770193869,116.7096511293885,96.65642774219472,17.04755482832278,0.7780565384806788,8.583070011605795,True,0.39833277936660766
17x7E,17.0,7.0,760.0,0.011350242382271468,1.9278048780487806,3252.1794596772843,3252.1794596772843,4.421493850969345,116.7096511293885,96.65642774219472,17.04755482832278,0.7780565384806788,29.494082881951357,True,0.19916638968330383
