prop,diameter_in,pitch_in,kv,r_ohm,i0_a,prop_rpm,motor_rpm,voltage_v,p_bus_w,p_shaft_w,idle_w,efficiency,climb_ms,climb_ok,duty
16x12E,16.0,12.0,240.0,0.11381770833333335,0.608780487804878,2292.079397300603,2292.079397300603,9.950797872842989,73.70912358886376,64.00792320637088,12.115703166154194,0.7540107908862391,4.067108769806377,True,0.44823413841635085
16x12E,16.0,12.0,480.0,0.028454427083333338,1.217560975609756,2292.079397300603,2292.079397300603,4.975398936421494,73.70912358886376,64.00792320637088,12.115703166154194,0.7540107908862391,16.814603776359938,True,0.22411706920817542
16x12E,16.0,12.0,320.0,0.0640224609375,0.8117073170731708,2292.079397300603,2292.079397300603,7.463098404632242,73.70912358886378,64.00792320637088,12.115703166154196,0.754010790886239,7.5418925431452415,True,0.33617560381226314
16x12E,16.0,12.0,640.0,0.016005615234375,1.6234146341463416,2292.079397300603,2292.079397300603,3.731549202316121,73.70912358886378,64.00792320637088,12.115703166154196,0.754010790886239,27.854331873373383,True,0.16808780190613157
16x12E,16.0,12.0,660.0,0.015050275482093664,1.6741463414634148,2292.079397300603,2292.079397300603,3.6184719537610865,73.70912358886378,64.00792320637088,12.115703166154196,0.754010790886239,29.16010000624371,True,0.1629942321514003
16x12E,16.0,12.0,580.0,0.019488406658739597,1.471219512195122,2292.079397300603,2292.079397300603,4.117571533590202,73.70912358886378,64.00792320637088,12.115703166154194,0.754010790886239,23.759920960706342,True,0.18547619520676586
16x12E,16.0,12.0,700.0,0.013379387755102041,1.775609756097561,2292.079397300603,2292.079397300603,3.411702127831882,73.70912358886378,64.00792320637088,12.115703166154196,0.754010790886239,31.584296137107213,True,0.15368027602846315
16x12E,16.0,12.0,740.0,0.011972059897735574,1.8770731707317074,2292.079397300603,2292.079397300603,3.227285796597726,73.70912358886378,64.00792320637088,12.115703166154196,0.754010790886239,33.93054883432173,True,0.14537323408097866
16x12E,16.0,12.0,560.0,0.020905293367346936,1.420487804878049,2292.079397300603,2292.079397300603,4.264627659789853,73.70912358886378,64.00792320637088,12.115703166154198,0.754010790886239,22.346383007226905,True,0.19210034503557896
16x12E,16.0,12.0,780.0,0.010775641025641026,1.9785365853658536,2292.079397300603,2292.079397300603,3.0617839608747657,73.70912358886378,64.00792320637088,12.115703166154194,0.754010790886239,36.049515406230185,True,0.13791819643580025
16x12E,16.0,12.0,540.0,0.02248251028806584,1.3697560975609757,2292.079397300603,2292.079397300603,4.422576832374662,73.70912358886378,64.00792320637088,12.115703166154196,0.754010790886239,20.93093835062335,True,0.1992151726294893
16x12E,16.0,12.0,820.0,0.00975,2.08,2292.079397300603,2292.079397300603,2.912428645710143,73.70912358886378,64.00792320637088,12.115703166154194,0.754010790886239,38.128984471530096,True,0.13119047953649293
16x12E,16.0,12.0,860.0,0.008864115738236884,2.1814634146341465,2292.079397300603,2292.079397300603,2.7769668482352525,73.70912358886378,64.00792320637088,12.115703166154196,0.754010790886239,38.34134017994983,True,0.12508859676735373
16x12E,16.0,12.0,500.0,0.0262236,1.2682926829268293,2292.079397300603,2292.079397300603,4.776382978964635,73.70912358886378,64.00792320637088,12.115703166154196,0.754010790886239,18.172938916867906,True,0.2151523864398484
16x12E,16.0,12.0,900.0,0.008093703703703702,2.282926829268293,2292.079397300603,2292.079397300603,2.6535460994247972,73.70912358886378,64.00792320637088,12.115703166154198,0.754010790886239,38.34134017994983,True,0.11952910357769357
16x12E,16.0,12.0,280.0,0.08362117346938774,0.7102439024390245,2292.079397300603,2292.079397300603,8.529255319579706,73.70912358886378,64.00792320637088,12.115703166154198,0.754010790886239,5.703566181764055,True,0.3842006900711579
16x12E,16.0,12.0,300.0,0.07284333333333333,0.7609756097560976,2292.079397300603,2292.079397300603,7.960638298274391,73.70912358886378,64.00792320637088,12.115703166154196,0.754010790886239,6.607712789568431,True,0.3585873107330807
16x12E,16.0,12.0,620.0,0.017054890738813736,1.5726829268292684,2292.079397300603,2292.079397300603,3.851921757229544,73.70912358886378,64.00792320637088,12.115703166154194,0.754010790886239,26.49888981414937,True,0.17350998906439388
16x12E,16.0,12.0,600.0,0.018210833333333332,1.5219512195121951,2292.079397300603,2292.079397300603,3.9803191491371956,73.70912358886378,64.00792320637088,12.115703166154196,0.754010790886239,25.143447754925354,True,0.17929365536654035
16x12E,16.0,12.0,520.0,0.024245192307692308,1.3190243902439025,2292.079397300603,2292.079397300603,4.592675941312149,73.70912358886379,64.00792320637088,12.115703166154196,0.7540107908862389,19.538587316242197,True,0.20687729465370042
16x12E,16.0,12.0,720.0,0.012646412037037036,1.8263414634146342,2292.079397300603,2292.079397300603,3.3169326242809967,73.70912358886379,64.00792320637088,12.115703166154198,0.7540107908862389,32.781668775120735,True,0.14941137947211697
16x12E,16.0,12.0,760.0,0.011350242382271468,1.9278048780487806,2292.079397300603,2292.079397300603,3.142357223003049,73.70912358886379,64.00792320637088,12.115703166154196,0.7540107908862389,35.00978087358021,True,0.141547622657795
16x12E,16.0,12.0,800.0,0.01024359375,2.029268292682927,2292.079397300603,2292.079397300603,2.985239361852897,73.70912358886379,64.00792320637088,12.115703166154196,0.7540107908862389,37.08924993888014,True,0.13447024152490528
16x12E,16.0,12.0,840.0,0.00929124149659864,2.1307317073170733,2292.079397300603,2292.079397300603,2.8430851065265683,73.70912358886379,64.00792320637088,12.115703166154196,0.7540107908862389,38.34134017994983,True,0.12806689669038596
16x12E,16.0,12.0,880.0,0.008465779958677684,2.2321951219512197,2292.079397300603,2292.079397300603,2.713853965320815,73.70912358886379,64.00792320637088,12.115703166154196,0.7540107908862389,38.34134017994983,True,0.12224567411355024
16x12E,16.0,12.0,680.0,0.014177984429065746,1.7248780487804878,2292.079397300603,2292.079397300603,3.5120463080622315,73.70912358886379,64.00792320637088,12.115703166154196,0.7540107908862389,30.38692349909369,True,0.15820028414694737
16x12E,16.0,12.0,460.0,0.030982514177693755,1.166829268292683,2292.079397300603,2292.079397300603,5.191720629309386,73.70912358886379,64.00792320637088,12.115703166154198,0.7540107908862389,15.510657444417744,True,0.23386128960853092
16x12E,16.0,12.0,340.0,0.05671193771626298,0.8624390243902439,2292.079397300603,2292.079397300603,7.024092616124463,73.70912358886379,64.00792320637088,12.115703166154196,0.7540107908862389,8.56059637674651,True,0.31640056829389474
16x12E,16.0,12.0,180.0,0.20234259259259257,0.45658536585365855,2292.079397300603,2292.079397300603,13.267730497123987,73.70912358886379,64.00792320637088,12.115703166154198,0.7540107908862389,1.9914645974723706,True,0.5976455178884679
16x12E,16.0,12.0,440.0,0.033863119834710735,1.1160975609756099,2292.079397300603,2292.079397300603,5.42770793064163,73.70912358886379,64.00792320637088,12.115703166154196,0.7540107908862389,14.249244402913666,True,0.24449134822710047
16x12E,16.0,12.0,220.0,0.13545247933884294,0.5580487804878049,2292.079397300603,2292.079397300603,10.85541586128326,73.70912358886379,64.00792320637088,12.115703166154196,0.7540107908862389,3.3097321942456848,True,0.48898269645420095
16x12E,16.0,12.0,360.0,0.050585648148148143,0.9131707317073171,2292.079397300603,2292.079397300603,6.633865248561993,73.70912358886379,64.00792320637088,12.115703166154198,0.7540107908862389,9.58872400077488,True,0.29882275894423393
16x12E,16.0,12.0,380.0,0.04540096952908587,0.9639024390243903,2292.079397300603,2292.079397300603,6.284714446006098,73.70912358886379,64.00792320637088,12.115703166154196,0.7540107908862389,10.691193944922306,True,0.28309524531559
16x12E,16.0,12.0,400.0,0.040974375,1.0146341463414634,2292.079397300603,2292.079397300603,5.970478723705794,73.70912358886379,64.00792320637088,12.115703166154196,0.7540107908862389,11.837334926382466,True,0.26894048304981055
16x12E,16.0,12.0,200.0,0.1638975,0.5073170731707317,2292.079397300603,2292.079397300603,11.940957447411588,73.70912358886379,64.00792320637088,12.115703166154196,0.7540107908862389,2.6365623501366877,True,0.5378809660996211
16x12E,16.0,12.0,260.0,0.09698076923076923,0.6595121951219513,2292.079397300603,2292.079397300603,9.185351882624298,73.70912358886379,64.00792320637088,12.115703166154196,0.7540107908862389,4.850252670240796,True,0.41375458930740083
16x12E,16.0,12.0,420.0,0.03716496598639456,1.0653658536585366,2292.079397300603,2292.079397300603,5.686170213053137,73.70912358886379,64.00792320637088,12.115703166154196,0.7540107908862389,12.99537662465878,True,0.2561337933807719
MJ-21x14EL,21.0,14.0,700.0,0.013379387755102041,1.775609756097561,1609.5674712869009,1609.5674712869009,2.4886979588476774,74.13603129332047,69.74553678870582,8.837912751420046,0.7675896533955677,38.869071390518926,True,0.1121035116598053
MJ-21x14EL,21.0,14.0,480.0,0.028454427083333338,1.217560975609756,1609.5674712869009,1609.5674712869009,3.6293511899861963,74.13603129332047,69.74553678870582,8.837912751420046,0.7675896533955677,29.129614782599724,True,0.16348428783721605
MJ-21x14EL,21.0,14.0,500.0,0.0262236,1.2682926829268293,1609.5674712869009,1609.5674712869009,3.4841771423867485,74.13603129332047,69.74553678870582,8.837912751420046,0.7675896533955677,31.101122598904002,True,0.15694491632372742
MJ-21x14EL,21.0,14.0,240.0,0.11381770833333335,0.608780487804878,1609.5674712869009,1609.5674712869009,7.258702379972393,74.13603129332047,69.74553678870582,8.837912751420046,0.7675896533955677,8.760702686493426,True,0.3269685756744321
MJ-21x14EL,21.0,14.0,600.0,0.018210833333333332,1.5219512195121951,1609.5674712869009,1609.5674712869009,2.903480951988957,74.13603129332047,69.74553678870582,8.837912751420046,0.7675896533955677,38.869071390518926,True,0.13078743026977285
MJ-21x14EL,21.0,14.0,300.0,0.07284333333333333,0.7609756097560976,1609.5674712869009,1609.5674712869009,5.806961903977914,74.13603129332047,69.74553678870582,8.837912751420046,0.7675896533955677,13.213128969097205,True,0.2615748605395457
MJ-21x14EL,21.0,14.0,900.0,0.008093703703703702,2.282926829268293,1609.5674712869009,1609.5674712869009,1.9356539679926383,74.13603129332049,69.74553678870582,8.837912751420047,0.7675896533955676,38.869071390518926,True,0.08719162017984858
MJ-21x14EL,21.0,14.0,180.0,0.20234259259259257,0.45658536585365855,1609.5674712869009,1609.5674712869009,9.67826983996319,74.13603129332049,69.74553678870582,8.837912751420046,0.7675896533955676,4.916807691415587,True,0.43595810089924286
MJ-21x14EL,21.0,14.0,740.0,0.011972059897735574,1.8770731707317074,1609.5674712869009,1609.5674712869009,2.3541737448559115,74.13603129332049,69.74553678870582,8.837912751420047,0.7675896533955676,38.869071390518926,True,0.10604386238089691
MJ-21x14EL,21.0,14.0,720.0,0.012646412037037036,1.8263414634146342,1609.5674712869009,1609.5674712869009,2.4195674599907977,74.13603129332049,69.74553678870582,8.837912751420046,0.7675896533955676,38.869071390518926,True,0.10898952522481072
MJ-21x14EL,21.0,14.0,320.0,0.0640224609375,0.8117073170731708,1609.5674712869009,1609.5674712869009,5.444026784979295,74.13603129332049,69.74553678870582,8.837912751420046,0.7675896533955676,14.763177179197752,True,0.2452264317558241
MJ-21x14EL,21.0,14.0,640.0,0.016005615234375,1.6234146341463416,1609.5674712869009,1609.5674712869009,2.7220133924896475,74.13603129332049,69.74553678870582,8.837912751420046,0.7675896533955676,38.869071390518926,True,0.12261321587791205
MJ-21x14EL,21.0,14.0,620.0,0.017054890738813736,1.5726829268292684,1609.5674712869009,1609.5674712869009,2.809820276118346,74.13603129332049,69.74553678870582,8.837912751420047,0.7675896533955676,38.869071390518926,True,0.12656848090623182
MJ-21x14EL,21.0,14.0,560.0,0.020905293367346936,1.420487804878049,1609.5674712869009,1609.5674712869009,3.110872448559597,74.13603129332049,69.74553678870582,8.837912751420047,0.7675896533955676,37.055823319653946,True,0.14012938957475662
MJ-21x14EL,21.0,14.0,540.0,0.02248251028806584,1.3697560975609757,1609.5674712869009,1609.5674712869009,3.226089946654397,74.13603129332049,69.74553678870582,8.837912751420047,0.7675896533955676,35.07092307940397,True,0.1453193669664143
MJ-21x14EL,21.0,14.0,520.0,0.024245192307692308,1.3190243902439025,1609.5674712869009,1609.5674712869009,3.3501703292180274,74.13603129332049,69.74553678870582,8.837912751420046,0.7675896533955676,33.08602283915398,True,0.15090857338819944
MJ-21x14EL,21.0,14.0,360.0,0.050585648148148143,0.9131707317073171,1609.5674712869009,1609.5674712869009,4.839134919981595,74.13603129332049,69.74553678870582,8.837912751420046,0.7675896533955676,18.15448629490099,True,0.21797905044962143
MJ-21x14EL,21.0,14.0,260.0,0.09698076923076923,0.6595121951219513,1609.5674712869009,1609.5674712869009,6.700340658436055,74.13603129332049,69.74553678870582,8.837912751420046,0.7675896533955676,10.149976698950784,True,0.30181714677639887
MJ-21x14EL,21.0,14.0,280.0,0.08362117346938774,0.7102439024390245,1609.5674712869009,1609.5674712869009,6.221744897119194,74.13603129332049,69.74553678870582,8.837912751420047,0.7675896533955676,11.6772081626837,True,0.28025877914951325
MJ-21x14EL,21.0,14.0,660.0,0.015050275482093664,1.6741463414634148,1609.5674712869009,1609.5674712869009,2.6395281381717797,74.13603129332049,69.74553678870582,8.837912751420047,0.7675896533955676,38.869071390518926,True,0.1188976638816117
MJ-21x14EL,21.0,14.0,580.0,0.019488406658739597,1.471219512195122,1609.5674712869009,1609.5674712869009,3.003600984816163,74.13603129332049,69.74553678870582,8.837912751420046,0.7675896533955676,38.869071390518926,True,0.13529734165838572
MJ-21x14EL,21.0,14.0,220.0,0.13545247933884294,0.5580487804878049,1609.5674712869009,1609.5674712869009,7.918584414515339,74.1360312933205,69.74553678870582,8.837912751420047,0.7675896533955675,7.423216780712964,True,0.3566929916448351
MJ-21x14EL,21.0,14.0,780.0,0.010775641025641026,1.9785365853658536,1609.5674712869009,1609.5674712869009,2.233446886145352,74.1360312933205,69.74553678870582,8.837912751420047,0.7675896533955675,38.869071390518926,True,0.10060571559213298
MJ-21x14EL,21.0,14.0,340.0,0.05671193771626298,0.8624390243902439,1609.5674712869009,1609.5674712869009,5.123789915274631,74.1360312933205,69.74553678870582,8.837912751420046,0.7675896533955675,16.448994755418862,True,0.2308013475348933
MJ-21x14EL,21.0,14.0,440.0,0.033863119834710735,1.1160975609756099,1609.5674712869009,1609.5674712869009,3.9592922072576693,74.1360312933205,69.74553678870582,8.837912751420047,0.7675896533955675,25.338761660930995,True,0.17834649582241754
MJ-21x14EL,21.0,14.0,460.0,0.030982514177693755,1.166829268292683,1609.5674712869009,1609.5674712869009,3.7871490678116837,74.1360312933205,69.74553678870582,8.837912751420047,0.7675896533955675,27.22674537973968,True,0.17059230035187764
MJ-21x14EL,21.0,14.0,680.0,0.014177984429065746,1.7248780487804878,1609.5674712869009,1609.5674712869009,2.5618949576373153,74.1360312933205,69.74553678870582,8.837912751420046,0.7675896533955675,38.869071390518926,True,0.11540067376744664
MJ-21x14EL,21.0,14.0,420.0,0.03716496598639456,1.0653658536585366,1609.5674712869009,1609.5674712869009,4.147829931412796,74.1360312933205,69.74553678870582,8.837912751420047,0.7675896533955675,23.4507779421223,True,0.1868391860996755
MJ-21x14EL,21.0,14.0,860.0,0.008864115738236884,2.1814634146341465,1609.5674712869009,1609.5674712869009,2.025684385108575,74.1360312933205,69.74553678870582,8.837912751420046,0.7675896533955675,38.869071390518926,True,0.09124704437426014
MJ-21x14EL,21.0,14.0,840.0,0.00929124149659864,2.1307317073170733,1609.5674712869009,1609.5674712869009,2.073914965706398,74.1360312933205,69.74553678870582,8.837912751420047,0.7675896533955675,38.869071390518926,True,0.09341959304983775
MJ-21x14EL,21.0,14.0,820.0,0.00975,2.08,1609.5674712869009,1609.5674712869009,2.124498257552896,74.1360312933205,69.74553678870582,8.837912751420047,0.7675896533955675,38.869071390518926,True,0.09569811970958991
MJ-21x14EL,21.0,14.0,880.0,0.008465779958677684,2.2321951219512197,1609.5674712869009,1609.5674712869009,1.9796461036288346,74.1360312933205,69.74553678870582,8.837912751420047,0.7675896533955675,38.869071390518926,True,0.08917324791120877
MJ-21x14EL,21.0,14.0,760.0,0.011350242382271468,1.9278048780487806,1609.5674712869009,1609.5674712869009,2.2922218042018088,74.13603129332051,69.74553678870582,8.837912751420047,0.7675896533955673,38.869071390518926,True,0.1032532344235049
MJ-21x14EL,21.0,14.0,400.0,0.040974375,1.0146341463414634,1609.5674712869009,1609.5674712869009,4.3552214279834365,74.13603129332051,69.74553678870582,8.837912751420047,0.7675896533955673,21.57292427236565,True,0.1961811454046593
MJ-21x14EL,21.0,14.0,380.0,0.04540096952908587,0.9639024390243903,1609.5674712869009,1609.5674712869009,4.5844436084036175,74.13603129332051,69.74553678870582,8.837912751420047,0.7675896533955673,19.85997783438312,True,0.2065064688470098
MJ-21x14EL,21.0,14.0,800.0,0.01024359375,2.029268292682927,1609.5674712869009,1609.5674712869009,2.1776107139917182,74.13603129332051,69.74553678870582,8.837912751420047,0.7675896533955673,38.869071390518926,True,0.09809057270232965
MJ-21x14EL,21.0,14.0,200.0,0.1638975,0.5073170731707317,1609.5674712869009,1609.5674712869009,8.710442855966873,74.13603129332051,69.74553678870582,8.837912751420047,0.7675896533955673,6.0898718814014625,True,0.3923622908093186
20x15E,20.0,15.0,660.0,0.015050275482093664,1.6741463414634148,1733.2036680668589,1733.2036680668589,2.814959341108997,74.37900070975216,57.12568705769189,9.425307764571784,0.7680351512197969,43.05809759256395,True,0.1267999703202251
20x15E,20.0,15.0,540.0,0.02248251028806584,1.3697560975609757,1733.2036680668589,1733.2036680668589,3.4405058613554407,74.37900070975216,57.12568705769189,9.425307764571784,0.7680351512197969,32.72888328887033,True,0.15497774150249732
20x15E,20.0,15.0,240.0,0.11381770833333335,0.608780487804878,1733.2036680668589,1733.2036680668589,7.741138188049742,74.37900070975216,57.12568705769189,9.425307764571784,0.7680351512197969,7.807449890568455,True,0.34869991838061903
20x15E,20.0,15.0,480.0,0.028454427083333338,1.217560975609756,1733.2036680668589,1733.2036680668589,3.870569094024871,74.37900070975216,57.12568705769189,9.425307764571784,0.7680351512197969,27.08112321841939,True,0.17434995919030952
20x15E,20.0,15.0,520.0,0.024245192307692308,1.3190243902439025,1733.2036680668589,1733.2036680668589,3.572833009869112,74.37900070975218,57.12568705769189,9.425307764571784,0.7680351512197968,30.85441175559525,True,0.16093842386797802
20x15E,20.0,15.0,700.0,0.013379387755102041,1.775609756097561,1733.2036680668589,1733.2036680668589,2.6541045216170542,74.37900070975218,57.12568705769189,9.425307764571784,0.7680351512197968,45.93630890296143,True,0.11955425773049794
20x15E,20.0,15.0,740.0,0.011972059897735574,1.8770731707317074,1733.2036680668589,1733.2036680668589,2.5106394123404567,74.37900070975218,57.12568705769189,9.425307764571784,0.7680351512197968,48.814520213358925,True,0.1130918654207413
20x15E,20.0,15.0,300.0,0.07284333333333333,0.7609756097560976,1733.2036680668589,1733.2036680668589,6.192910550439794,74.37900070975218,57.12568705769189,9.425307764571784,0.7680351512197968,11.93051371019496,True,0.2789599347044952
20x15E,20.0,15.0,280.0,0.08362117346938774,0.7102439024390245,1733.2036680668589,1733.2036680668589,6.635261304042636,74.37900070975218,57.12568705769189,9.425307764571786,0.7680351512197968,10.498893857502706,True,0.29888564432624487
20x15E,20.0,15.0,260.0,0.09698076923076923,0.6595121951219513,1733.2036680668589,1733.2036680668589,7.145666019738224,74.37900070975218,57.12568705769189,9.425307764571784,0.7680351512197968,9.076439263439676,True,0.32187684773595604
20x15E,20.0,15.0,320.0,0.0640224609375,0.8117073170731708,1733.2036680668589,1733.2036680668589,5.805853641037306,74.37900070975218,57.12568705769189,9.425307764571784,0.7680351512197968,13.389597067824932,True,0.26152493878546423
20x15E,20.0,15.0,560.0,0.020905293367346936,1.420487804878049,1733.2036680668589,1733.2036680668589,3.317630652021318,74.37900070975218,57.12568705769189,9.425307764571786,0.7680351512197968,34.53635796229001,True,0.14944282216312244
20x15E,20.0,15.0,500.0,0.0262236,1.2682926829268293,1733.2036680668589,1733.2036680668589,3.715746330263876,74.37900070975218,57.12568705769189,9.425307764571784,0.7680351512197968,28.967767487007322,True,0.16737596082269712
20x15E,20.0,15.0,600.0,0.018210833333333332,1.5219512195121951,1733.2036680668589,1733.2036680668589,3.096455275219897,74.37900070975218,57.12568705769189,9.425307764571784,0.7680351512197968,38.12480210100087,True,0.1394799673522476
20x15E,20.0,15.0,620.0,0.017054890738813736,1.5726829268292684,1733.2036680668589,1733.2036680668589,2.9965696211805453,74.37900070975218,57.12568705769189,9.425307764571784,0.7680351512197968,39.919024170356295,True,0.13498061356669122
20x15E,20.0,15.0,640.0,0.016005615234375,1.6234146341463416,1733.2036680668589,1733.2036680668589,2.902926820518653,74.37900070975218,57.12568705769189,9.425307764571784,0.7680351512197968,41.54357612422112,True,0.13076246939273212
20x15E,20.0,15.0,780.0,0.010775641025641026,1.9785365853658536,1733.2036680668589,1733.2036680668589,2.3818886732460745,74.37900070975218,57.12568705769189,9.425307764571784,0.7680351512197968,51.470812118919035,True,0.107292282578652
20x15E,20.0,15.0,860.0,0.008864115738236884,2.1814634146341465,1733.2036680668589,1733.2036680668589,2.1603176338743464,74.37900070975218,57.12568705769189,9.425307764571784,0.7680351512197968,56.09296203706337,True,0.09731160512947507
20x15E,20.0,15.0,900.0,0.008093703703703702,2.282926829268293,1733.2036680668589,1733.2036680668589,2.0643035168132644,74.37900070975218,57.12568705769189,9.425307764571784,0.7680351512197968,58.40403699613555,True,0.0929866449014984
20x15E,20.0,15.0,580.0,0.019488406658739597,1.471219512195122,1733.2036680668589,1733.2036680668589,3.2032295950550655,74.37900070975218,57.12568705769189,9.425307764571784,0.7680351512197968,36.33058003164543,True,0.14428962139887683
20x15E,20.0,15.0,760.0,0.011350242382271468,1.9278048780487806,1733.2036680668589,1733.2036680668589,2.444569954120971,74.37900070975219,57.12568705769189,9.425307764571784,0.7680351512197966,50.177762210495516,True,0.11011576369914285
20x15E,20.0,15.0,820.0,0.00975,2.08,1733.2036680668589,1733.2036680668589,2.2656989818682174,74.37900070975219,57.12568705769189,9.425307764571786,0.7680351512197966,53.78188707799122,True,0.10205851269676655
20x15E,20.0,15.0,840.0,0.00929124149659864,2.1307317073170733,1733.2036680668589,1733.2036680668589,2.211753768014212,74.37900070975219,57.12568705769189,9.425307764571784,0.7680351512197966,54.9374245575273,True,0.0996285481087483
20x15E,20.0,15.0,880.0,0.008465779958677684,2.2321951219512197,1733.2036680668589,1733.2036680668589,2.111219505831748,74.37900070975219,57.12568705769189,9.425307764571784,0.7680351512197966,57.24849951659945,True,0.09509997774016882
20x15E,20.0,15.0,180.0,0.20234259259259257,0.45658536585365855,1733.2036680668589,1733.2036680668589,10.321517584066324,74.37900070975219,57.12568705769189,9.425307764571786,0.7680351512197966,4.310391249806529,True,0.4649332245074921
20x15E,20.0,15.0,220.0,0.13545247933884294,0.5580487804878049,1733.2036680668589,1733.2036680668589,8.444878023326991,74.37900070975219,57.12568705769189,9.425307764571784,0.7680351512197966,6.577060517942337,True,0.38039991096067527
20x15E,20.0,15.0,720.0,0.012646412037037036,1.8263414634146342,1733.2036680668589,1733.2036680668589,2.580379396016581,74.37900070975219,57.12568705769189,9.425307764571786,0.7680351512197966,47.37541455816017,True,0.11623330612687302
20x15E,20.0,15.0,680.0,0.014177984429065746,1.7248780487804878,1733.2036680668589,1733.2036680668589,2.7321664193116737,74.37900070975219,57.12568705769189,9.425307764571784,0.7680351512197966,44.497203247762684,True,0.12307055942845377
20x15E,20.0,15.0,460.0,0.030982514177693755,1.166829268292683,1733.2036680668589,1733.2036680668589,4.038854706808561,74.37900070975219,57.12568705769189,9.425307764571784,0.7680351512197966,25.210323698159343,True,0.1819303921985838
20x15E,20.0,15.0,340.0,0.05671193771626298,0.8624390243902439,1733.2036680668589,1733.2036680668589,5.464332838623347,74.37900070975219,57.12568705769189,9.425307764571784,0.7680351512197966,14.966694894879698,True,0.24614111885690754
20x15E,20.0,15.0,440.0,0.033863119834710735,1.1160975609756099,1733.2036680668589,1733.2036680668589,4.222439011663496,74.37900070975219,57.12568705769189,9.425307764571784,0.7680351512197966,23.431605123149815,True,0.19019995548033763
20x15E,20.0,15.0,420.0,0.03716496598639456,1.0653658536585366,1733.2036680668589,1733.2036680668589,4.423507536028424,74.37900070975219,57.12568705769189,9.425307764571784,0.7680351512197966,21.660896140183176,True,0.1992570962174966
20x15E,20.0,15.0,380.0,0.04540096952908587,0.9639024390243903,1733.2036680668589,1733.2036680668589,4.889139908241942,74.37900070975219,57.12568705769189,9.425307764571784,0.7680351512197966,18.19305772460632,True,0.2202315273982857
20x15E,20.0,15.0,360.0,0.050585648148148143,0.9131707317073171,1733.2036680668589,1733.2036680668589,5.160758792033162,74.37900070975219,57.12568705769189,9.425307764571786,0.7680351512197966,16.577661947024136,True,0.23246661225374604
20x15E,20.0,15.0,800.0,0.01024359375,2.029268292682927,1733.2036680668589,1733.2036680668589,2.322341456414923,74.3790007097522,57.12568705769189,9.425307764571786,0.7680351512197965,52.62634959845513,True,0.10460997551418572
20x15E,20.0,15.0,200.0,0.1638975,0.5073170731707317,1733.2036680668589,1733.2036680668589,9.289365825659692,74.3790007097522,57.12568705769189,9.425307764571786,0.7680351512197965,5.346671145316218,True,0.41843990205674286
20x15E,20.0,15.0,400.0,0.040974375,1.0146341463414634,1733.2036680668589,1733.2036680668589,4.644682912829846,74.3790007097522,57.12568705769189,9.425307764571786,0.7680351512197965,19.890187157216538,True,0.20921995102837143
17x12E,17.0,12.0,320.0,0.0640224609375,0.8117073170731708,2210.759349513204,2210.759349513204,7.225614066031137,75.31749289803605,65.53499900379485,11.730167615488599,0.7594126300274952,8.7555731459871,True,0.32547811108248365
17x12E,17.0,12.0,700.0,0.013379387755102041,1.775609756097561,2210.759349513204,2210.759349513204,3.303137858757091,75.31749289803605,65.53499900379485,11.730167615488597,0.7594126300274952,35.381094301358836,True,0.1487899936377068
17x12E,17.0,12.0,640.0,0.016005615234375,1.6234146341463416,2210.759349513204,2210.759349513204,3.6128070330155686,75.31749289803605,65.53499900379485,11.730167615488599,0.7594126300274952,31.37652086868135,True,0.16273905554124182
17x12E,17.0,12.0,560.0,0.020905293367346936,1.420487804878049,2210.759349513204,2210.759349513204,4.128922323446364,75.31749289803605,65.53499900379485,11.730167615488599,0.7594126300274952,25.422053608056007,True,0.18598749204713352
17x12E,17.0,12.0,240.0,0.11381770833333335,0.608780487804878,2210.759349513204,2210.759349513204,9.634152088041516,75.31749289803605,65.53499900379485,11.730167615488597,0.7594126300274952,4.760558962192199,True,0.43397081477664484
17x12E,17.0,12.0,520.0,0.024245192307692308,1.3190243902439025,2210.759349513204,2210.759349513204,4.446531732942238,75.31749289803605,65.53499900379485,11.730167615488597,0.7594126300274952,22.320956545583655,True,0.20029422220460533
17x12E,17.0,12.0,480.0,0.028454427083333338,1.217560975609756,2210.759349513204,2210.759349513204,4.817076044020758,75.31749289803605,65.53499900379485,11.730167615488597,0.7594126300274952,19.268624706389215,True,0.21698540738832242
17x12E,17.0,12.0,260.0,0.09698076923076923,0.6595121951219513,2210.759349513204,2210.759349513204,8.893063465884476,75.31749289803605,65.53499900379485,11.730167615488597,0.7594126300274952,5.672740142417357,True,0.40058844440921065
17x12E,17.0,12.0,740.0,0.011972059897735574,1.8770731707317074,2210.759349513204,2210.759349513204,3.124589866391843,75.31749289803605,65.53499900379485,11.730167615488597,0.7594126300274952,37.75400529673055,True,0.14074729127891186
17x12E,17.0,12.0,280.0,0.08362117346938774,0.7102439024390245,2210.759349513204,2210.759349513204,8.257844646892728,75.31749289803605,65.53499900379485,11.730167615488599,0.7594126300274952,6.633285087857382,True,0.37197498409426705
17x12E,17.0,12.0,180.0,0.20234259259259257,0.45658536585365855,2210.759349513204,2210.759349513204,12.845536117388688,75.31749289803608,65.53499900379485,11.730167615488597,0.7594126300274949,2.35628782151711,True,0.5786277530355265
17x12E,17.0,12.0,200.0,0.1638975,0.5073170731707317,2210.759349513204,2210.759349513204,11.560982505649818,75.31749289803608,65.53499900379485,11.730167615488597,0.7594126300274949,3.116785581703353,True,0.5207649777319738
17x12E,17.0,12.0,840.0,0.00929124149659864,2.1307317073170733,2210.759349513204,2210.759349513204,2.752614882297576,75.31749289803608,65.53499900379485,11.730167615488597,0.7594126300274949,41.623815768173365,True,0.12399166136475567
17x12E,17.0,12.0,820.0,0.00975,2.08,2210.759349513204,2210.759349513204,2.819751830646297,75.31749289803608,65.53499900379485,11.730167615488597,0.7594126300274949,41.623815768173365,True,0.12701584822731068
17x12E,17.0,12.0,800.0,0.01024359375,2.029268292682927,2210.759349513204,2210.759349513204,2.8902456264124545,75.31749289803608,65.53499900379485,11.730167615488597,0.7594126300274949,41.13635405743305,True,0.13019124443299346
17x12E,17.0,12.0,780.0,0.010775641025641026,1.9785365853658536,2210.759349513204,2210.759349513204,2.964354488628159,75.31749289803608,65.53499900379485,11.730167615488599,0.7594126300274949,40.00890447053222,True,0.1335294814697369
17x12E,17.0,12.0,720.0,0.012646412037037036,1.8263414634146342,2210.759349513204,2210.759349513204,3.211384029347172,75.31749289803608,65.53499900379485,11.730167615488597,0.7594126300274949,36.59706268682664,True,0.14465693825888162
17x12E,17.0,12.0,680.0,0.014177984429065746,1.7248780487804878,2210.759349513204,2210.759349513204,3.4002889722499465,75.31749289803608,65.53499900379485,11.730167615488595,0.7594126300274949,34.04623649046633,True,0.15316616992116877
17x12E,17.0,12.0,660.0,0.015050275482093664,1.6741463414634148,2210.759349513204,2210.759349513204,3.503328032015097,75.31749289803608,65.53499900379485,11.730167615488599,0.7594126300274949,32.71137867957384,True,0.15780756900968906
17x12E,17.0,12.0,620.0,0.017054890738813736,1.5726829268292684,2210.759349513204,2210.759349513204,3.7293491953709093,75.31749289803608,65.53499900379485,11.730167615488597,0.7594126300274949,29.97235404860392,True,0.1679887024941851
17x12E,17.0,12.0,900.0,0.008093703703703702,2.282926829268293,2210.759349513204,2210.759349513204,2.569107223477738,75.31749289803608,65.53499900379485,11.7301676154886,0.7594126300274949,41.623815768173365,True,0.11572555060710532
17x12E,17.0,12.0,600.0,0.018210833333333332,1.5219512195121951,2210.759349513204,2210.759349513204,3.8536608352166066,75.31749289803608,65.53499900379485,11.730167615488599,0.7594126300274949,28.474316928816002,True,0.17358832591065795
17x12E,17.0,12.0,500.0,0.0262236,1.2682926829268293,2210.759349513204,2210.759349513204,4.624393002259928,75.31749289803608,65.53499900379485,11.730167615488597,0.7594126300274949,20.76689902466652,True,0.20830599109278955
17x12E,17.0,12.0,460.0,0.030982514177693755,1.166829268292683,2210.759349513204,2210.759349513204,5.026514132891226,75.31749289803608,65.53499900379485,11.730167615488599,0.7594126300274949,17.804633823639243,True,0.2264195555356408
17x12E,17.0,12.0,420.0,0.03716496598639456,1.0653658536585366,2210.759349513204,2210.759349513204,5.505229764595152,75.31749289803608,65.53499900379485,11.730167615488597,0.7594126300274949,14.974566904083717,True,0.24798332272951135
17x12E,17.0,12.0,400.0,0.040974375,1.0146341463414634,2210.759349513204,2210.759349513204,5.780491252824909,75.31749289803608,65.53499900379485,11.730167615488597,0.7594126300274949,13.64055658209301,True,0.2603824888659869
17x12E,17.0,12.0,360.0,0.050585648148148143,0.9131707317073171,2210.759349513204,2210.759349513204,6.422768058694344,75.31749289803608,65.53499900379485,11.730167615488597,0.7594126300274949,11.103648097476956,True,0.28931387651776325
17x12E,17.0,12.0,340.0,0.05671193771626298,0.8624390243902439,2210.759349513204,2210.759349513204,6.800577944499893,75.31749289803608,65.53499900379485,11.730167615488595,0.7594126300274949,9.904854362671447,True,0.30633233984233754
17x12E,17.0,12.0,300.0,0.07284333333333333,0.7609756097560976,2210.759349513204,2210.759349513204,7.707321670433213,75.31749289803608,65.53499900379485,11.730167615488599,0.7594126300274949,7.687852296504959,True,0.3471766518213159
17x12E,17.0,12.0,580.0,0.019488406658739597,1.471219512195122,2210.759349513204,2210.759349513204,3.986545691603386,75.3174928980361,65.53499900379485,11.730167615488597,0.7594126300274948,26.94933887257948,True,0.1795741302524048
17x12E,17.0,12.0,440.0,0.033863119834710735,1.1160975609756099,2210.759349513204,2210.759349513204,5.254992048022645,75.3174928980361,65.53499900379485,11.730167615488599,0.7594126300274948,16.340642940889264,True,0.23671135351453357
17x12E,17.0,12.0,760.0,0.011350242382271468,1.9278048780487806,2210.759349513204,2210.759349513204,3.0423638172762684,75.3174928980361,65.53499900379485,11.730167615488599,0.7594126300274948,38.88145488363139,True,0.1370434151926247
17x12E,17.0,12.0,380.0,0.04540096952908587,0.9639024390243903,2210.759349513204,2210.759349513204,6.084727634552537,75.3174928980361,65.53499900379485,11.730167615488599,0.7594126300274948,12.326929759352927,True,0.2740868303852494
17x12E,17.0,12.0,860.0,0.008864115738236884,2.1814634146341465,2210.759349513204,2210.759349513204,2.6886005827092605,75.3174928980361,65.53499900379485,11.730167615488599,0.7594126300274948,41.623815768173365,True,0.121108134356273
17x12E,17.0,12.0,220.0,0.13545247933884294,0.5580487804878049,2210.759349513204,2210.759349513204,10.50998409604529,75.3174928980361,65.53499900379485,11.730167615488599,0.7594126300274948,3.8871916762380425,True,0.47342270702906714
17x12E,17.0,12.0,880.0,0.008465779958677684,2.2321951219512197,2210.759349513204,2210.759349513204,2.6274960240113225,75.3174928980361,65.53499900379485,11.730167615488599,0.7594126300274948,41.623815768173365,True,0.11835567675726678
17x12E,17.0,12.0,540.0,0.02248251028806584,1.3697560975609757,2210.759349513204,2210.759349513204,4.281845372462897,75.3174928980361,65.53499900379485,11.7301676154886,0.7594126300274948,23.877003069003877,True,0.19287591767850887
205x14E,20.5,14.0,900.0,0.008093703703703702,2.282926829268293,1799.8778105406282,1799.8778105406282,2.1370238784300115,76.24209377020911,58.650160169860456,9.757338293709712,0.7692621919150057,53.02291112565731,True,0.09626233686621674
205x14E,20.5,14.0,640.0,0.016005615234375,1.6234146341463416,1799.8778105406282,1799.8778105406282,3.005189829042204,76.24209377020911,58.650160169860456,9.757338293709713,0.7692621919150057,42.82524769678081,True,0.13536891121811728
205x14E,20.5,14.0,280.0,0.08362117346938774,0.7102439024390245,1799.8778105406282,1799.8778105406282,6.8690053235250375,76.24209377020911,58.650160169860456,9.757338293709713,0.7692621919150057,10.68232447636034,True,0.30941465421283953
205x14E,20.5,14.0,320.0,0.0640224609375,0.8117073170731708,1799.8778105406282,1799.8778105406282,6.010379658084408,76.24209377020911,58.650160169860456,9.757338293709713,0.7692621919150057,13.66702032577868,True,0.27073782243623457
205x14E,20.5,14.0,660.0,0.015050275482093664,1.6741463414634148,1799.8778105406282,1799.8778105406282,2.9141234705863797,76.24209377020911,58.650160169860456,9.757338293709713,0.7692621919150057,44.337175025156164,True,0.13126682299938647
205x14E,20.5,14.0,560.0,0.020905293367346936,1.420487804878049,1799.8778105406282,1799.8778105406282,3.4345026617625187,76.24209377020911,58.650160169860456,9.757338293709713,0.7692621919150057,35.59005362128092,True,0.15470732710641977
205x14E,20.5,14.0,540.0,0.02248251028806584,1.3697560975609757,1799.8778105406282,1799.8778105406282,3.5617064640500193,76.24209377020911,58.650160169860456,9.757338293709712,0.7692621919150057,33.72211222706307,True,0.16043722811036124
205x14E,20.5,14.0,500.0,0.0262236,1.2682926829268293,1799.8778105406282,1799.8778105406282,3.846642981174021,76.24209377020911,58.650160169860456,9.757338293709712,0.7692621919150057,29.82073078286874,True,0.17327220635919013
205x14E,20.5,14.0,460.0,0.030982514177693755,1.166829268292683,1799.8778105406282,1799.8778105406282,4.1811336751891535,76.24209377020911,58.650160169860456,9.757338293709713,0.7692621919150057,25.920390577837555,True,0.18833935473825017
205x14E,20.5,14.0,240.0,0.11381770833333335,0.608780487804878,1799.8778105406282,1799.8778105406282,8.013839544112544,76.24209377020912,58.650160169860456,9.757338293709712,0.7692621919150054,7.904298810202107,True,0.36098376324831283
205x14E,20.5,14.0,260.0,0.09698076923076923,0.6595121951219513,1799.8778105406282,1799.8778105406282,7.397390348411579,76.24209377020912,58.650160169860456,9.757338293709713,0.7692621919150054,9.205541195260624,True,0.33321578145998104
205x14E,20.5,14.0,620.0,0.017054890738813736,1.5726829268292684,1799.8778105406282,1799.8778105406282,3.1021314364306622,76.24209377020912,58.650160169860456,9.757338293709713,0.7692621919150054,41.06523934178718,True,0.13973565028966947
205x14E,20.5,14.0,600.0,0.018210833333333332,1.5219512195121951,1799.8778105406282,1799.8778105406282,3.2055358176450173,76.24209377020912,58.650160169860456,9.757338293709712,0.7692621919150054,39.24017743495178,True,0.1443935052993251
205x14E,20.5,14.0,580.0,0.019488406658739597,1.471219512195122,1799.8778105406282,1799.8778105406282,3.316071535494846,76.24209377020912,58.650160169860456,9.757338293709712,0.7692621919150054,37.41511552811635,True,0.14937259168895703
205x14E,20.5,14.0,520.0,0.024245192307692308,1.3190243902439025,1799.8778105406282,1799.8778105406282,3.6986951742057896,76.24209377020912,58.650160169860456,9.757338293709713,0.7692621919150054,31.78267794566983,True,0.16660789072999052
205x14E,20.5,14.0,480.0,0.028454427083333338,1.217560975609756,1799.8778105406282,1799.8778105406282,4.006919772056272,76.24209377020912,58.650160169860456,9.757338293709712,0.7692621919150054,27.858783620067626,True,0.18049188162415641
205x14E,20.5,14.0,300.0,0.07284333333333333,0.7609756097560976,1799.8778105406282,1799.8778105406282,6.4110716352900345,76.24209377020912,58.650160169860456,9.757338293709712,0.7692621919150054,12.159107757460045,True,0.2887870105986502
205x14E,20.5,14.0,420.0,0.03716496598639456,1.0653658536585366,1799.8778105406282,1799.8778105406282,4.579336882350025,76.24209377020912,58.650160169860456,9.757338293709712,0.7692621919150054,22.235348255058437,True,0.206276436141893
205x14E,20.5,14.0,180.0,0.20234259259259257,0.45658536585365855,1799.8778105406282,1799.8778105406282,10.685119392150058,76.24209377020912,58.650160169860456,9.757338293709712,0.7692621919150054,4.308888046987684,True,0.48131168433108373
205x14E,20.5,14.0,680.0,0.014177984429065746,1.7248780487804878,1799.8778105406282,1799.8778105406282,2.828413956745604,76.24209377020912,58.650160169860456,9.757338293709713,0.7692621919150054,45.7686809138422,True,0.1274060340876398
205x14E,20.5,14.0,700.0,0.013379387755102041,1.775609756097561,1799.8778105406282,1799.8778105406282,2.7476021294100152,76.24209377020912,58.650160169860456,9.757338293709713,0.7692621919150054,47.185660810613015,True,0.12376586168513583
205x14E,20.5,14.0,720.0,0.012646412037037036,1.8263414634146342,1799.8778105406282,1799.8778105406282,2.6712798480375146,76.24209377020912,58.650160169860456,9.757338293709712,0.7692621919150054,48.60264070738381,True,0.12032792108277093
205x14E,20.5,14.0,360.0,0.050585648148148143,0.9131707317073171,1799.8778105406282,1799.8778105406282,5.342559696075029,76.24209377020912,58.650160169860456,9.757338293709712,0.7692621919150054,16.96702674744868,True,0.24065584216554187
205x14E,20.5,14.0,340.0,0.05671193771626298,0.8624390243902439,1799.8778105406282,1799.8778105406282,5.656827913491208,76.24209377020912,58.650160169860456,9.757338293709713,0.7692621919150054,15.299003422161926,True,0.2548120681752796
205x14E,20.5,14.0,840.0,0.00929124149659864,2.1307317073170733,1799.8778105406282,1799.8778105406282,2.2896684411750123,76.24209377020912,58.650160169860456,9.757338293709712,0.7692621919150054,53.02291112565731,True,0.1031382180709465
205x14E,20.5,14.0,820.0,0.00975,2.08,1799.8778105406282,1799.8778105406282,2.3455140129109884,76.24209377020912,58.650160169860456,9.757338293709712,0.7692621919150054,53.02291112565731,True,0.10565378436535984
205x14E,20.5,14.0,780.0,0.010775641025641026,1.9785365853658536,1799.8778105406282,1799.8778105406282,2.4657967828038596,76.24209377020912,58.650160169860456,9.757338293709712,0.7692621919150054,52.85358039769616,True,0.11107192715332702
205x14E,20.5,14.0,740.0,0.011972059897735574,1.8770731707317074,1799.8778105406282,1799.8778105406282,2.599083095387852,76.24209377020912,58.650160169860456,9.757338293709713,0.7692621919150054,50.019620604154596,True,0.1170758151075609
205x14E,20.5,14.0,400.0,0.040974375,1.0146341463414634,1799.8778105406282,1799.8778105406282,4.808303726467527,76.24209377020914,58.650160169860456,9.757338293709713,0.7692621919150053,20.39916569492548,True,0.2165902579489877
205x14E,20.5,14.0,380.0,0.04540096952908587,0.9639024390243903,1799.8778105406282,1799.8778105406282,5.061372343650028,76.24209377020914,58.650160169860456,9.757338293709713,0.7692621919150053,18.63505007273543,True,0.22798974520946072
205x14E,20.5,14.0,440.0,0.033863119834710735,1.1160975609756099,1799.8778105406282,1799.8778105406282,4.37118520587957,76.24209377020914,58.650160169860456,9.757338293709713,0.7692621919150053,24.074028306599367,True,0.19690023449907973
205x14E,20.5,14.0,760.0,0.011350242382271468,1.9278048780487806,1799.8778105406282,1799.8778105406282,2.530686171825014,76.24209377020914,58.650160169860456,9.757338293709713,0.7692621919150053,51.436600500925366,True,0.11399487260473036
205x14E,20.5,14.0,220.0,0.13545247933884294,0.5580487804878049,1799.8778105406282,1799.8778105406282,8.74237041175914,76.24209377020914,58.650160169860456,9.757338293709713,0.7692621919150053,6.6404390751824165,True,0.39380046899815946
205x14E,20.5,14.0,800.0,0.01024359375,2.029268292682927,1799.8778105406282,1799.8778105406282,2.4041518632337633,76.24209377020914,58.650160169860456,9.757338293709713,0.7692621919150053,53.02291112565731,True,0.10829512897449385
205x14E,20.5,14.0,860.0,0.008864115738236884,2.1814634146341465,1799.8778105406282,1799.8778105406282,2.236420337891873,76.24209377020914,58.650160169860456,9.757338293709713,0.7692621919150053,53.02291112565731,True,0.10073965485999428
205x14E,20.5,14.0,880.0,0.008465779958677684,2.2321951219512197,1799.8778105406282,1799.8778105406282,2.185592602939785,76.24209377020914,58.650160169860456,9.757338293709713,0.7692621919150053,53.02291112565731,True,0.09845011724953986
205x14E,20.5,14.0,200.0,0.1638975,0.5073170731707317,1799.8778105406282,1799.8778105406282,9.616607452935053,76.24209377020914,58.650160169860456,9.757338293709713,0.7692621919150053,5.3855752893088,True,0.4331805158979754
MJ-21x13p5EL,21.0,13.5,480.0,0.028454427083333338,1.217560975609756,1590.9205804951162,1590.9205804951162,3.604219415781592,77.28023875043206,72.97927487088825,8.77671381638132,0.7691758876338541,28.510346653830258,True,0.16235222593610774
MJ-21x13p5EL,21.0,13.5,240.0,0.11381770833333335,0.608780487804878,1590.9205804951162,1590.9205804951162,7.208438831563184,77.28023875043206,72.97927487088825,8.77671381638132,0.7691758876338541,8.63379401600636,True,0.32470445187221547
MJ-21x13p5EL,21.0,13.5,900.0,0.008093703703703702,2.282926829268293,1590.9205804951162,1590.9205804951162,1.9222503550835157,77.28023875043208,72.97927487088825,8.77671381638132,0.769175887633854,38.54328542513612,True,0.0865878538325908
MJ-21x13p5EL,21.0,13.5,500.0,0.0262236,1.2682926829268293,1590.9205804951162,1590.9205804951162,3.460050639150328,77.28023875043208,72.97927487088825,8.77671381638132,0.769175887633854,30.427585131435194,True,0.15585813689866343
MJ-21x13p5EL,21.0,13.5,280.0,0.08362117346938774,0.7102439024390245,1590.9205804951162,1590.9205804951162,6.178661855625586,77.28023875043208,72.97927487088825,8.77671381638132,0.769175887633854,11.476883935923626,True,0.2783181016047562
MJ-21x13p5EL,21.0,13.5,700.0,0.013379387755102041,1.775609756097561,1590.9205804951162,1590.9205804951162,2.4714647422502343,77.28023875043208,72.97927487088825,8.776713816381319,0.769175887633854,38.54328542513612,True,0.11132724064190244
MJ-21x13p5EL,21.0,13.5,560.0,0.020905293367346936,1.420487804878049,1590.9205804951162,1590.9205804951162,3.089330927812793,77.28023875043208,72.97927487088825,8.77671381638132,0.769175887633854,36.26665207334159,True,0.1391590508023781
MJ-21x13p5EL,21.0,13.5,300.0,0.07284333333333333,0.7609756097560976,1590.9205804951162,1590.9205804951162,5.766751065250547,77.28023875043209,72.97927487088825,8.77671381638132,0.7691758876338539,12.97677185332309,True,0.2597635614977724
MJ-21x13p5EL,21.0,13.5,260.0,0.09698076923076923,0.6595121951219513,1590.9205804951162,1590.9205804951162,6.653943536827555,77.28023875043209,72.97927487088825,8.77671381638132,0.7691758876338539,9.986656040216195,True,0.2997271863435836
MJ-21x13p5EL,21.0,13.5,320.0,0.0640224609375,0.8117073170731708,1590.9205804951162,1590.9205804951162,5.406329123672388,77.28023875043209,72.97927487088825,8.776713816381323,0.7691758876338539,14.490258807947242,True,0.24352833890416165
MJ-21x13p5EL,21.0,13.5,220.0,0.13545247933884294,0.5580487804878049,1590.9205804951162,1590.9205804951162,7.863751452614382,77.28023875043209,72.97927487088825,8.77671381638132,0.7691758876338539,7.324576976201236,True,0.35422303840605324
MJ-21x13p5EL,21.0,13.5,360.0,0.050585648148148143,0.9131707317073171,1590.9205804951162,1590.9205804951162,4.805625887708789,77.28023875043209,72.97927487088825,8.77671381638132,0.7691758876338539,17.82744551619514,True,0.216469634581477
MJ-21x13p5EL,21.0,13.5,180.0,0.20234259259259257,0.45658536585365855,1590.9205804951162,1590.9205804951162,9.611251775417578,77.28023875043209,72.97927487088825,8.77671381638132,0.7691758876338539,4.881884337977112,True,0.432939269162954
MJ-21x13p5EL,21.0,13.5,380.0,0.04540096952908587,0.9639024390243903,1590.9205804951162,1590.9205804951162,4.552698209408327,77.28023875043209,72.97927487088825,8.77671381638132,0.7691758876338539,19.51067914285851,True,0.205076495919294
MJ-21x13p5EL,21.0,13.5,580.0,0.019488406658739597,1.471219512195122,1590.9205804951162,1590.9205804951162,2.9828022751295933,77.28023875043209,72.97927487088825,8.77671381638132,0.7691758876338539,38.213007720643716,True,0.13436046284367537
MJ-21x13p5EL,21.0,13.5,440.0,0.033863119834710735,1.1160975609756099,1590.9205804951162,1590.9205804951162,3.931875726307191,77.28023875043209,72.97927487088825,8.77671381638132,0.7691758876338539,24.83747913300724,True,0.17711151920302662
MJ-21x13p5EL,21.0,13.5,880.0,0.008465779958677684,2.2321951219512197,1590.9205804951162,1590.9205804951162,1.9659378631535955,77.28023875043209,72.97927487088825,8.77671381638132,0.7691758876338539,38.54328542513612,True,0.08855575960151331
MJ-21x13p5EL,21.0,13.5,840.0,0.00929124149659864,2.1307317073170733,1590.9205804951162,1590.9205804951162,2.0595539518751953,77.28023875043209,72.97927487088825,8.77671381638132,0.7691758876338539,38.54328542513612,True,0.0927727005349187
MJ-21x13p5EL,21.0,13.5,820.0,0.00975,2.08,1590.9205804951162,1590.9205804951162,2.1097869750916636,77.28023875043209,72.97927487088825,8.77671381638132,0.7691758876338539,38.54328542513612,True,0.09503544932845331
MJ-21x13p5EL,21.0,13.5,780.0,0.010775641025641026,1.9785365853658536,1590.9205804951162,1590.9205804951162,2.217981178942518,77.28023875043209,72.97927487088825,8.77671381638132,0.7691758876338539,38.54328542513612,True,0.09990906211452785
MJ-21x13p5EL,21.0,13.5,760.0,0.011350242382271468,1.9278048780487806,1590.9205804951162,1590.9205804951162,2.2763491047041633,77.28023875043209,72.97927487088825,8.77671381638132,0.7691758876338539,38.54328542513612,True,0.102538247959647
MJ-21x13p5EL,21.0,13.5,740.0,0.011972059897735574,1.8770731707317074,1590.9205804951162,1590.9205804951162,2.3378720534799515,77.28023875043209,72.97927487088825,8.77671381638132,0.7691758876338539,38.54328542513612,True,0.10530955195855637
MJ-21x13p5EL,21.0,13.5,720.0,0.012646412037037036,1.8263414634146342,1590.9205804951162,1590.9205804951162,2.4028129438543946,77.28023875043209,72.97927487088825,8.77671381638132,0.7691758876338539,38.54328542513612,True,0.1082348172907385
MJ-21x13p5EL,21.0,13.5,520.0,0.024245192307692308,1.3190243902439025,1590.9205804951162,1590.9205804951162,3.3269717684137774,77.28023875043209,72.97927487088825,8.77671381638132,0.7691758876338539,32.37394077873733,True,0.1498635931717918
MJ-21x13p5EL,21.0,13.5,660.0,0.015050275482093664,1.6741463414634148,1590.9205804951162,1590.9205804951162,2.6212504842047943,77.28023875043209,72.97927487088825,8.776713816381323,0.7691758876338539,38.54328542513612,True,0.1180743461353511
MJ-21x13p5EL,21.0,13.5,640.0,0.016005615234375,1.6234146341463416,1590.9205804951162,1590.9205804951162,2.703164561836194,77.28023875043209,72.97927487088825,8.776713816381323,0.7691758876338539,38.54328542513612,True,0.12176416945208082
MJ-21x13p5EL,21.0,13.5,540.0,0.02248251028806584,1.3697560975609757,1590.9205804951162,1590.9205804951162,3.2037505918058597,77.28023875043209,72.97927487088825,8.776713816381323,0.7691758876338539,34.32029642603947,True,0.14431308972098467
MJ-21x13p5EL,21.0,13.5,600.0,0.018210833333333332,1.5219512195121951,1590.9205804951162,1590.9205804951162,2.8833755326252737,77.28023875043209,72.97927487088825,8.77671381638132,0.7691758876338539,38.54328542513612,True,0.1298817807488862
MJ-21x13p5EL,21.0,13.5,420.0,0.03716496598639456,1.0653658536585366,1590.9205804951162,1590.9205804951162,4.119107903750391,77.28023875043209,72.97927487088825,8.77671381638132,0.7691758876338539,23.00755718514315,True,0.1855454010698374
MJ-21x13p5EL,21.0,13.5,620.0,0.017054890738813736,1.5726829268292684,1590.9205804951162,1590.9205804951162,2.79036341866962,77.28023875043209,72.97927487088825,8.776713816381323,0.7691758876338539,38.54328542513612,True,0.12569204588601893
MJ-21x13p5EL,21.0,13.5,680.0,0.014177984429065746,1.7248780487804878,1590.9205804951162,1590.9205804951162,2.5441548817281827,77.2802387504321,72.97927487088825,8.77671381638132,0.7691758876338537,38.54328542513612,True,0.11460157124901724
MJ-21x13p5EL,21.0,13.5,800.0,0.01024359375,2.029268292682927,1590.9205804951162,1590.9205804951162,2.1625316494689555,77.2802387504321,72.97927487088825,8.776713816381323,0.7691758876338537,38.54328542513612,True,0.09741133556166466
MJ-21x13p5EL,21.0,13.5,460.0,0.030982514177693755,1.166829268292683,1590.9205804951162,1590.9205804951162,3.760924607772096,77.2802387504321,72.97927487088825,8.77671381638132,0.7691758876338537,26.66740108087134,True,0.16941101836811243
MJ-21x13p5EL,21.0,13.5,340.0,0.05671193771626298,0.8624390243902439,1590.9205804951162,1590.9205804951162,5.088309763456365,77.2802387504321,72.97927487088825,8.77671381638132,0.7691758876338537,16.14421188953177,True,0.22920314249803447
MJ-21x13p5EL,21.0,13.5,200.0,0.1638975,0.5073170731707317,1590.9205804951162,1590.9205804951162,8.650126597875822,77.2802387504321,72.97927487088825,8.776713816381323,0.7691758876338537,6.024309733778595,True,0.38964534224665864
MJ-21x13p5EL,21.0,13.5,860.0,0.008864115738236884,2.1814634146341465,1590.9205804951162,1590.9205804951162,2.0116573483432143,77.2802387504321,72.97927487088825,8.776713816381323,0.7691758876338537,38.54328542513612,True,0.09061519587131596
MJ-21x13p5EL,21.0,13.5,400.0,0.040974375,1.0146341463414634,1590.9205804951162,1590.9205804951162,4.325063298937911,77.2802387504321,72.97927487088825,8.776713816381323,0.7691758876338537,21.19391276952188,True,0.19482267112332932
18x12E,18.0,12.0,700.0,0.013379387755102041,1.775609756097561,2137.22574738281,2137.22574738281,3.2078383816410545,78.06513302431769,67.10882781675512,11.391738252852136,0.7653073041879404,39.43368419656951,True,0.1444972243982457
18x12E,18.0,12.0,600.0,0.018210833333333332,1.5219512195121951,2137.22574738281,2137.22574738281,3.742478111914564,78.0651330243177,67.10882781675512,11.391738252852136,0.7653073041879402,32.1071465339667,True,0.16858009513128666
18x12E,18.0,12.0,720.0,0.012646412037037036,1.8263414634146342,2137.22574738281,2137.22574738281,3.118731759928803,78.0651330243177,67.10882781675512,11.391738252852136,0.7653073041879402,40.68556704273617,True,0.14048341260940553
18x12E,18.0,12.0,240.0,0.11381770833333335,0.608780487804878,2137.22574738281,2137.22574738281,9.35619527978641,78.0651330243177,67.10882781675512,11.391738252852136,0.7653073041879402,5.577215770915321,True,0.4214502378282167
18x12E,18.0,12.0,580.0,0.019488406658739597,1.471219512195122,2137.22574738281,2137.22574738281,3.871529081290928,78.0651330243177,67.10882781675512,11.391738252852136,0.7653073041879402,30.500385405815425,True,0.17439320185995172
18x12E,18.0,12.0,540.0,0.02248251028806584,1.3697560975609757,2137.22574738281,2137.22574738281,4.158309013238404,78.0651330243177,67.10882781675512,11.391738252852136,0.7653073041879402,27.08559960358093,True,0.18731121681254073
18x12E,18.0,12.0,520.0,0.024245192307692308,1.3190243902439025,2137.22574738281,2137.22574738281,4.318243975286035,78.0651330243177,67.10882781675512,11.391738252852136,0.7653073041879402,25.381826995505513,True,0.19451549438225382
18x12E,18.0,12.0,500.0,0.0262236,1.2682926829268293,2137.22574738281,2137.22574738281,4.4909737342974765,78.0651330243177,67.10882781675512,11.391738252852136,0.7653073041879402,23.69417098245001,True,0.202296114157544
18x12E,18.0,12.0,640.0,0.016005615234375,1.6234146341463416,2137.22574738281,2137.22574738281,3.5085732299199037,78.0651330243177,67.10882781675512,11.391738252852138,0.7653073041879402,35.15522267594432,True,0.15804383918558126
18x12E,18.0,12.0,460.0,0.030982514177693755,1.166829268292683,2137.22574738281,2137.22574738281,4.881493189453779,78.0651330243177,67.10882781675512,11.391738252852138,0.7653073041879402,20.341828683399797,True,0.21988708060602608
18x12E,18.0,12.0,480.0,0.028454427083333338,1.217560975609756,2137.22574738281,2137.22574738281,4.678097639893205,78.0651330243177,67.10882781675512,11.391738252852136,0.7653073041879402,22.010625335126555,True,0.21072511891410836
18x12E,18.0,12.0,300.0,0.07284333333333333,0.7609756097560976,2137.22574738281,2137.22574738281,7.484956223829128,78.0651330243177,67.10882781675512,11.391738252852136,0.7653073041879402,8.937437595826667,True,0.3371601902625733
18x12E,18.0,12.0,320.0,0.0640224609375,0.8117073170731708,2137.22574738281,2137.22574738281,7.0171464598398074,78.0651330243177,67.10882781675512,11.391738252852138,0.7653073041879402,10.176626583659196,True,0.31608767837116253
18x12E,18.0,12.0,360.0,0.050585648148148143,0.9131707317073171,2137.22574738281,2137.22574738281,6.237463519857606,78.0651330243177,67.10882781675512,11.391738252852136,0.7653073041879402,12.829040966919258,True,0.28096682521881106
18x12E,18.0,12.0,180.0,0.20234259259259257,0.45658536585365855,2137.22574738281,2137.22574738281,12.474927039715212,78.0651330243177,67.10882781675512,11.391738252852136,0.7653073041879402,2.8132085898019743,True,0.5619336504376221
18x12E,18.0,12.0,260.0,0.09698076923076923,0.6595121951219513,2137.22574738281,2137.22574738281,8.63648795057207,78.0651330243177,67.10882781675512,11.391738252852136,0.7653073041879402,6.649503676783781,True,0.38903098876450765
18x12E,18.0,12.0,900.0,0.008093703703703702,2.282926829268293,2137.22574738281,2137.22574738281,2.4949854079430427,78.0651330243177,67.10882781675512,11.391738252852138,0.7653073041879402,45.02646784527546,True,0.11238673008752445
18x12E,18.0,12.0,660.0,0.015050275482093664,1.6741463414634148,2137.22574738281,2137.22574738281,3.40225282901324,78.0651330243177,67.10882781675512,11.391738252852138,0.7653073041879402,36.672909512856165,True,0.15325463193753333
18x12E,18.0,12.0,280.0,0.08362117346938774,0.7102439024390245,2137.22574738281,2137.22574738281,8.019595954102638,78.06513302431772,67.10882781675512,11.391738252852138,0.7653073041879401,7.739801658620901,True,0.3612430609956143
18x12E,18.0,12.0,560.0,0.020905293367346936,1.420487804878049,2137.22574738281,2137.22574738281,4.009797977051319,78.06513302431772,67.10882781675512,11.391738252852138,0.7653073041879401,28.792992504698184,True,0.18062153049780716
18x12E,18.0,12.0,220.0,0.13545247933884294,0.5580487804878049,2137.22574738281,2137.22574738281,10.20675848703972,78.06513302431772,67.10882781675512,11.391738252852136,0.7653073041879401,4.591869339461614,True,0.45976389581259997
18x12E,18.0,12.0,620.0,0.017054890738813736,1.5726829268292684,2137.22574738281,2137.22574738281,3.6217530115302234,78.06513302431772,67.10882781675512,11.391738252852138,0.7653073041879401,33.6375358390325,True,0.16314202754640647
18x12E,18.0,12.0,440.0,0.033863119834710735,1.1160975609756099,2137.22574738281,2137.22574738281,5.10337924351986,78.06513302431772,67.10882781675512,11.391738252852136,0.7653073041879401,18.751722418891806,True,0.22988194790629998
18x12E,18.0,12.0,740.0,0.011972059897735574,1.8770731707317074,2137.22574738281,2137.22574738281,3.03444171236316,78.06513302431772,67.10882781675512,11.391738252852138,0.7653073041879401,41.93203500160147,True,0.13668656361996218
18x12E,18.0,12.0,780.0,0.010775641025641026,1.9785365853658536,2137.22574738281,2137.22574738281,2.878829316857357,78.06513302431772,67.10882781675512,11.391738252852136,0.7653073041879401,44.4249709193321,True,0.1296769962548359
18x12E,18.0,12.0,820.0,0.00975,2.08,2137.22574738281,2137.22574738281,2.738398618474071,78.06513302431772,67.10882781675512,11.391738252852136,0.7653073041879401,45.02646784527546,True,0.12335128912045366
18x12E,18.0,12.0,880.0,0.008465779958677684,2.2321951219512197,2137.22574738281,2137.22574738281,2.55168962175993,78.06513302431772,67.10882781675512,11.391738252852136,0.7653073041879401,45.02646784527546,True,0.11494097395314999
18x12E,18.0,12.0,380.0,0.04540096952908587,0.9639024390243903,2137.22574738281,2137.22574738281,5.909175966180891,78.06513302431773,67.10882781675512,11.391738252852138,0.76530730418794,14.226219788978673,True,0.26617909757571584
18x12E,18.0,12.0,760.0,0.011350242382271468,1.9278048780487806,2137.22574738281,2137.22574738281,2.9545879830904456,78.06513302431773,67.10882781675512,11.391738252852138,0.76530730418794,43.17850296046679,True,0.13308954878785792
18x12E,18.0,12.0,800.0,0.01024359375,2.029268292682927,2137.22574738281,2137.22574738281,2.8068585839359232,78.06513302431773,67.10882781675512,11.391738252852138,0.76530730418794,45.02646784527546,True,0.12643507134846502
18x12E,18.0,12.0,840.0,0.00929124149659864,2.1307317073170733,2137.22574738281,2137.22574738281,2.673198651367546,78.06513302431773,67.10882781675512,11.391738252852138,0.76530730418794,45.02646784527546,True,0.12041435366520477
18x12E,18.0,12.0,860.0,0.008864115738236884,2.1814634146341465,2137.22574738281,2137.22574738281,2.611031240870626,78.06513302431773,67.10882781675512,11.391738252852138,0.76530730418794,45.02646784527546,True,0.11761401985903722
18x12E,18.0,12.0,420.0,0.03716496598639456,1.0653658536585366,2137.22574738281,2137.22574738281,5.346397302735092,78.06513302431773,67.10882781675512,11.391738252852138,0.76530730418794,17.204208253804456,True,0.24082870733040954
18x12E,18.0,12.0,400.0,0.040974375,1.0146341463414634,2137.22574738281,2137.22574738281,5.6137171678718465,78.06513302431773,67.10882781675512,11.391738252852138,0.76530730418794,15.670581111366934,True,0.25287014269693003
18x12E,18.0,12.0,680.0,0.014177984429065746,1.7248780487804878,2137.22574738281,2137.22574738281,3.30218656933638,78.06513302431773,67.10882781675512,11.391738252852136,0.76530730418794,38.16847305719929,True,0.14874714276290002
18x12E,18.0,12.0,340.0,0.05671193771626298,0.8624390243902439,2137.22574738281,2137.22574738281,6.60437313867276,78.06513302431773,67.10882781675512,11.391738252852136,0.76530730418794,11.452425435300311,True,0.29749428552580004
18x12E,18.0,12.0,200.0,0.1638975,0.5073170731707317,2137.22574738281,2137.22574738281,11.227434335743693,78.06513302431773,67.10882781675512,11.391738252852138,0.76530730418794,3.6946483163798445,True,0.5057402853938601
20x13E,20.0,13.0,520.0,0.024245192307692308,1.3190243902439025,1916.045279921621,1916.045279921621,3.9157338511551907,78.55338663790683,60.50231621269518,10.329896910754767,0.7702063373993236,30.697042681879967,True,0.17638440770969327
20x13E,20.0,13.0,500.0,0.0262236,1.2682926829268293,1916.045279921621,1916.045279921621,4.072363205201398,78.55338663790683,60.50231621269518,10.329896910754767,0.7702063373993236,28.782783594976618,True,0.183439784018081
20x13E,20.0,13.0,260.0,0.09698076923076923,0.6595121951219513,1916.045279921621,1916.045279921621,7.831467702310381,78.55338663790683,60.50231621269518,10.329896910754767,0.7702063373993236,8.649697276963641,True,0.35276881541938654
20x13E,20.0,13.0,480.0,0.028454427083333338,1.217560975609756,1916.045279921621,1916.045279921621,4.242045005418123,78.55338663790683,60.50231621269518,10.329896910754766,0.7702063373993236,26.865427682273427,True,0.1910831083521677
20x13E,20.0,13.0,280.0,0.08362117346938774,0.7102439024390245,1916.045279921621,1916.045279921621,7.2720771521453536,78.55338663790683,60.50231621269518,10.329896910754767,0.7702063373993236,10.045510356723536,True,0.32757104288943034
20x13E,20.0,13.0,240.0,0.11381770833333335,0.608780487804878,1916.045279921621,1916.045279921621,8.484090010836246,78.55338663790683,60.50231621269518,10.329896910754766,0.7702063373993236,7.340597987612388,True,0.3821662167043354
20x13E,20.0,13.0,560.0,0.020905293367346936,1.420487804878049,1916.045279921621,1916.045279921621,3.6360385760726768,78.55338663790683,60.50231621269518,10.329896910754767,0.7702063373993236,34.50406487506776,True,0.16378552144471517
20x13E,20.0,13.0,740.0,0.011972059897735574,1.8770731707317074,1916.045279921621,1916.045279921621,2.751596760271215,78.55338663790684,60.50231621269518,10.329896910754767,0.7702063373993235,49.074972231062716,True,0.1239458000122169
20x13E,20.0,13.0,400.0,0.040974375,1.0146341463414634,1916.045279921621,1916.045279921621,5.090454006501748,78.55338663790684,60.50231621269518,10.329896910754767,0.7702063373993235,19.526644263898756,True,0.22929973002260126
20x13E,20.0,13.0,320.0,0.0640224609375,0.8117073170731708,1916.045279921621,1916.045279921621,6.363067508127186,78.55338663790684,60.50231621269518,10.32989691075477,0.7702063373993235,12.941582092534203,True,0.28662466252825164
20x13E,20.0,13.0,540.0,0.02248251028806584,1.3697560975609757,1916.045279921621,1916.045279921621,3.770706671482776,78.55338663790684,60.50231621269518,10.329896910754767,0.7702063373993235,32.601425117329995,True,0.16985165186859352
20x13E,20.0,13.0,420.0,0.03716496598639456,1.0653658536585366,1916.045279921621,1916.045279921621,4.848051434763569,78.55338663790684,60.50231621269518,10.329896910754766,0.7702063373993235,21.29231736918029,True,0.21838069525962023
20x13E,20.0,13.0,360.0,0.050585648148148143,0.9131707317073171,1916.045279921621,1916.045279921621,5.6560600072241645,78.55338663790684,60.50231621269518,10.329896910754767,0.7702063373993235,16.121162627653646,True,0.2547774778028903
20x13E,20.0,13.0,620.0,0.017054890738813736,1.5726829268292684,1916.045279921621,1916.045279921621,3.284163875162418,78.55338663790684,60.50231621269518,10.329896910754767,0.7702063373993235,39.957952808234744,True,0.1479353096920008
20x13E,20.0,13.0,640.0,0.016005615234375,1.6234146341463416,1916.045279921621,1916.045279921621,3.181533754063593,78.55338663790684,60.50231621269518,10.32989691075477,0.7702063373993235,41.52542925522552,True,0.14331233126412582
20x13E,20.0,13.0,660.0,0.015050275482093664,1.6741463414634148,1916.045279921621,1916.045279921621,3.08512364030409,78.55338663790684,60.50231621269518,10.32989691075477,0.7702063373993235,43.09290570221629,True,0.13896953334703108
20x13E,20.0,13.0,680.0,0.014177984429065746,1.7248780487804878,1916.045279921621,1916.045279921621,2.9943847097069107,78.55338663790684,60.50231621269518,10.329896910754767,0.7702063373993235,44.66038214920706,True,0.13488219413094193
20x13E,20.0,13.0,700.0,0.013379387755102041,1.775609756097561,1916.045279921621,1916.045279921621,2.908830860858142,78.55338663790684,60.50231621269518,10.32989691075477,0.7702063373993235,46.22785859619784,True,0.13102841715577218
20x13E,20.0,13.0,720.0,0.012646412037037036,1.8263414634146342,1916.045279921621,1916.045279921621,2.8280300036120822,78.55338663790684,60.50231621269518,10.329896910754767,0.7702063373993235,47.702942775059924,True,0.12738873890144514
20x13E,20.0,13.0,340.0,0.05671193771626298,0.8624390243902439,1916.045279921621,1916.045279921621,5.9887694194138215,78.55338663790684,60.50231621269518,10.329896910754767,0.7702063373993235,14.531372360093922,True,0.26976438826188387
20x13E,20.0,13.0,200.0,0.1638975,0.5073170731707317,1916.045279921621,1916.045279921621,10.180908013003496,78.55338663790684,60.50231621269518,10.329896910754767,0.7702063373993235,4.968919507510319,True,0.4585994600452025
20x13E,20.0,13.0,840.0,0.00929124149659864,2.1307317073170733,1916.045279921621,1916.045279921621,2.4240257173817845,78.55338663790684,60.50231621269518,10.329896910754766,0.7702063373993235,55.17318364626494,True,0.10919034762981011
20x13E,20.0,13.0,820.0,0.00975,2.08,1916.045279921621,1916.045279921621,2.4831482958545115,78.55338663790684,60.50231621269518,10.329896910754767,0.7702063373993235,53.95354136322451,True,0.11185352684029332
20x13E,20.0,13.0,800.0,0.01024359375,2.029268292682927,1916.045279921621,1916.045279921621,2.545227003250874,78.55338663790684,60.50231621269518,10.329896910754767,0.7702063373993235,52.73389908018406,True,0.11464986501130063
20x13E,20.0,13.0,180.0,0.20234259259259257,0.45658536585365855,1916.045279921621,1916.045279921621,11.312120014448329,78.55338663790684,60.50231621269518,10.329896910754767,0.7702063373993235,3.91036311505441,True,0.5095549556057806
20x13E,20.0,13.0,580.0,0.019488406658739597,1.471219512195122,1916.045279921621,1916.045279921621,3.510657935518447,78.55338663790684,60.50231621269518,10.329896910754766,0.7702063373993235,36.406704632805514,True,0.15813774484317328
20x13E,20.0,13.0,220.0,0.13545247933884294,0.5580487804878049,1916.045279921621,1916.045279921621,9.25537092091227,78.55338663790685,60.50231621269518,10.32989691075477,0.7702063373993233,6.154758747561354,True,0.41690860004109326
20x13E,20.0,13.0,760.0,0.011350242382271468,1.9278048780487806,1916.045279921621,1916.045279921621,2.6791863192114467,78.55338663790685,60.50231621269518,10.32989691075477,0.7702063373993233,50.294614514103166,True,0.12068406843294806
20x13E,20.0,13.0,300.0,0.07284333333333333,0.7609756097560976,1916.045279921621,1916.045279921621,6.787272008668998,78.55338663790685,60.50231621269518,10.329896910754767,0.7702063373993233,11.442622787108755,True,0.3057329733634684
20x13E,20.0,13.0,600.0,0.018210833333333332,1.5219512195121951,1916.045279921621,1916.045279921621,3.393636004334499,78.55338663790685,60.50231621269518,10.329896910754767,0.7702063373993233,38.26372484595307,True,0.1528664866817342
20x13E,20.0,13.0,380.0,0.04540096952908587,0.9639024390243903,1916.045279921621,1916.045279921621,5.358372638422893,78.55338663790685,60.50231621269518,10.32989691075477,0.7702063373993233,17.76211168479326,True,0.24136813686589612
20x13E,20.0,13.0,440.0,0.033863119834710735,1.1160975609756099,1916.045279921621,1916.045279921621,4.627685460456135,78.55338663790685,60.50231621269518,10.32989691075477,0.7702063373993233,23.066203220671863,True,0.20845430002054663
20x13E,20.0,13.0,460.0,0.030982514177693755,1.166829268292683,1916.045279921621,1916.045279921621,4.426481744784129,78.55338663790685,60.50231621269518,10.32989691075477,0.7702063373993233,24.94807176957023,True,0.1993910695848707
20x13E,20.0,13.0,900.0,0.008093703703703702,2.282926829268293,1916.045279921621,1916.045279921621,2.262424002889666,78.55338663790685,60.50231621269518,10.32989691075477,0.7702063373993233,57.0330254901942,True,0.10191099112115613
20x13E,20.0,13.0,880.0,0.008465779958677684,2.2321951219512197,1916.045279921621,1916.045279921621,2.3138427302280675,78.55338663790685,60.50231621269518,10.32989691075477,0.7702063373993233,57.0330254901942,True,0.10422715001027331
20x13E,20.0,13.0,860.0,0.008864115738236884,2.1814634146341465,1916.045279921621,1916.045279921621,2.367653026279883,78.55338663790685,60.50231621269518,10.329896910754767,0.7702063373993233,56.3928259293054,True,0.10665103721981455
20x13E,20.0,13.0,780.0,0.010775641025641026,1.9785365853658536,1916.045279921621,1916.045279921621,2.610489234103461,78.55338663790685,60.50231621269518,10.329896910754767,0.7702063373993233,51.51425679714362,True,0.11758960513979554
MJ-21x13EL,21.0,13.0,240.0,0.11381770833333335,0.608780487804878,1683.4698760381095,1683.4698760381095,7.581642932745723,79.53983867610006,70.85208192636422,9.231112565918695,0.7715559535381016,8.617518857057403,True,0.3415154474209785
MJ-21x13EL,21.0,13.0,480.0,0.028454427083333338,1.217560975609756,1683.4698760381095,1683.4698760381095,3.7908214663728614,79.53983867610006,70.85208192636422,9.231112565918695,0.7715559535381016,28.75206764493417,True,0.17075772371048925
MJ-21x13EL,21.0,13.0,540.0,0.02248251028806584,1.3697560975609757,1683.4698760381095,1683.4698760381095,3.3696190812203213,79.53983867610006,70.85208192636422,9.231112565918696,0.7715559535381016,34.603903652186695,True,0.15178464329821267
MJ-21x13EL,21.0,13.0,740.0,0.011972059897735574,1.8770731707317074,1683.4698760381095,1683.4698760381095,2.458911221431045,79.53983867610008,70.85208192636422,9.231112565918695,0.7715559535381014,37.76833420453556,True,0.11076176673112816
MJ-21x13EL,21.0,13.0,720.0,0.012646412037037036,1.8263414634146342,1683.4698760381095,1683.4698760381095,2.527214310915241,79.53983867610008,70.85208192636422,9.231112565918695,0.7715559535381014,37.76833420453556,True,0.1138384824736595
MJ-21x13EL,21.0,13.0,700.0,0.013379387755102041,1.775609756097561,1683.4698760381095,1683.4698760381095,2.599420434084248,79.53983867610008,70.85208192636422,9.231112565918695,0.7715559535381014,37.76833420453556,True,0.1170910105443355
MJ-21x13EL,21.0,13.0,620.0,0.017054890738813736,1.5726829268292684,1683.4698760381095,1683.4698760381095,2.934829522353183,79.53983867610008,70.85208192636422,9.231112565918695,0.7715559535381014,37.76833420453556,True,0.13219952803392718
MJ-21x13EL,21.0,13.0,560.0,0.020905293367346936,1.420487804878049,1683.4698760381095,1683.4698760381095,3.24927554260531,79.53983867610008,70.85208192636422,9.231112565918696,0.7715559535381014,36.55451565460419,True,0.14636376318041938
MJ-21x13EL,21.0,13.0,800.0,0.01024359375,2.029268292682927,1683.4698760381095,1683.4698760381095,2.274492879823717,79.53983867610008,70.85208192636422,9.231112565918695,0.7715559535381014,37.76833420453556,True,0.10245463422629356
MJ-21x13EL,21.0,13.0,520.0,0.024245192307692308,1.3190243902439025,1683.4698760381095,1683.4698760381095,3.4992198151134106,79.53983867610008,70.85208192636422,9.231112565918695,0.7715559535381014,32.65329164976919,True,0.1576225141942978
MJ-21x13EL,21.0,13.0,500.0,0.0262236,1.2682926829268293,1683.4698760381095,1683.4698760381095,3.639188607717947,79.53983867610008,70.85208192636422,9.231112565918695,0.7715559535381014,30.70267964735168,True,0.16392741476206968
MJ-21x13EL,21.0,13.0,440.0,0.033863119834710735,1.1160975609756099,1683.4698760381095,1683.4698760381095,4.135441599679485,79.53983867610008,70.85208192636422,9.231112565918695,0.7715559535381014,25.03659816184822,True,0.18628115313871554
MJ-21x13EL,21.0,13.0,420.0,0.03716496598639456,1.0653658536585366,1683.4698760381095,1683.4698760381095,4.332367390140413,79.53983867610008,70.85208192636422,9.231112565918695,0.7715559535381014,23.193310309465843,True,0.19515168424055915
MJ-21x13EL,21.0,13.0,400.0,0.040974375,1.0146341463414634,1683.4698760381095,1683.4698760381095,4.548985759647434,79.53983867610008,70.85208192636422,9.231112565918695,0.7715559535381014,21.355530796477353,True,0.2049092684525871
MJ-21x13EL,21.0,13.0,360.0,0.050585648148148143,0.9131707317073171,1683.4698760381095,1683.4698760381095,5.054428621830482,79.53983867610008,70.85208192636422,9.231112565918695,0.7715559535381014,17.929110177939126,True,0.227676964947319
MJ-21x13EL,21.0,13.0,580.0,0.019488406658739597,1.471219512195122,1683.4698760381095,1683.4698760381095,3.1372315583775405,79.53983867610008,70.85208192636422,9.231112565918695,0.7715559535381014,37.76833420453556,True,0.14131673686385318
MJ-21x13EL,21.0,13.0,820.0,0.00975,2.08,1683.4698760381095,1683.4698760381095,2.2190174437304555,79.53983867610008,70.85208192636422,9.231112565918695,0.7715559535381014,37.76833420453556,True,0.09995574070857909
MJ-21x13EL,21.0,13.0,320.0,0.0640224609375,0.8117073170731708,1683.4698760381095,1683.4698760381095,5.686232199559292,79.53983867610008,70.85208192636422,9.231112565918695,0.7715559535381014,14.535807062063688,True,0.2561365855657339
MJ-21x13EL,21.0,13.0,900.0,0.008093703703703702,2.282926829268293,1683.4698760381095,1683.4698760381095,2.021771448732193,79.53983867610008,70.85208192636422,9.231112565918696,0.7715559535381014,37.76833420453556,True,0.09107078597892761
MJ-21x13EL,21.0,13.0,180.0,0.20234259259259257,0.45658536585365855,1683.4698760381095,1683.4698760381095,10.108857243660964,79.53983867610008,70.85208192636422,9.231112565918695,0.7715559535381014,4.816792888583395,True,0.455353929894638
MJ-21x13EL,21.0,13.0,660.0,0.015050275482093664,1.6741463414634148,1683.4698760381095,1683.4698760381095,2.75696106645299,79.53983867610008,70.85208192636422,9.231112565918696,0.7715559535381014,37.76833420453556,True,0.12418743542581037
MJ-21x13EL,21.0,13.0,880.0,0.008465779958677684,2.2321951219512197,1683.4698760381095,1683.4698760381095,2.0677207998397424,79.53983867610008,70.85208192636422,9.231112565918695,0.7715559535381014,37.76833420453556,True,0.09314057656935777
MJ-21x13EL,21.0,13.0,220.0,0.13545247933884294,0.5580487804878049,1683.4698760381095,1683.4698760381095,8.27088319935897,79.53983867610008,70.85208192636422,9.231112565918695,0.7715559535381014,7.301538993089076,True,0.3725623062774311
MJ-21x13EL,21.0,13.0,200.0,0.1638975,0.5073170731707317,1683.4698760381095,1683.4698760381095,9.097971519294868,79.53983867610008,70.85208192636422,9.231112565918695,0.7715559535381014,5.98555912912075,True,0.4098185369051742
MJ-21x13EL,21.0,13.0,640.0,0.016005615234375,1.6234146341463416,1683.4698760381095,1683.4698760381095,2.843116099779646,79.53983867610008,70.85208192636422,9.231112565918695,0.7715559535381014,37.76833420453556,True,0.12806829278286694
MJ-21x13EL,21.0,13.0,840.0,0.00929124149659864,2.1307317073170733,1683.4698760381095,1683.4698760381095,2.1661836950702065,79.53983867610008,70.85208192636422,9.231112565918695,0.7715559535381014,37.76833420453556,True,0.09757584212027957
MJ-21x13EL,21.0,13.0,260.0,0.09698076923076923,0.6595121951219513,1683.4698760381095,1683.4698760381095,6.998439630226821,79.53983867610008,70.85208192636422,9.231112565918695,0.7715559535381014,10.000551942305323,True,0.3152450283885956
MJ-21x13EL,21.0,13.0,280.0,0.08362117346938774,0.7102439024390245,1683.4698760381095,1683.4698760381095,6.49855108521062,79.53983867610008,70.85208192636422,9.231112565918696,0.7715559535381014,11.501750487936462,True,0.29272752636083876
MJ-21x13EL,21.0,13.0,380.0,0.04540096952908587,0.9639024390243903,1683.4698760381095,1683.4698760381095,4.788406062786772,79.53983867610009,70.85208192636422,9.231112565918696,0.7715559535381012,19.625761735876843,True,0.21569396679219696
MJ-21x13EL,21.0,13.0,600.0,0.018210833333333332,1.5219512195121951,1683.4698760381095,1683.4698760381095,3.0326571730982894,79.53983867610009,70.85208192636422,9.231112565918696,0.7715559535381012,37.76833420453556,True,0.13660617896839142
MJ-21x13EL,21.0,13.0,460.0,0.030982514177693755,1.166829268292683,1683.4698760381095,1683.4698760381095,3.9556397909977683,79.53983867610009,70.85208192636422,9.231112565918696,0.7715559535381012,26.879886014230586,True,0.17818197256746704
MJ-21x13EL,21.0,13.0,300.0,0.07284333333333333,0.7609756097560976,1683.4698760381095,1683.4698760381095,6.065314346196579,79.53983867610009,70.85208192636422,9.231112565918696,0.7715559535381012,13.007325613451924,True,0.27321235793678283
MJ-21x13EL,21.0,13.0,760.0,0.011350242382271468,1.9278048780487806,1683.4698760381095,1683.4698760381095,2.394203031393386,79.53983867610009,70.85208192636422,9.231112565918696,0.7715559535381012,37.76833420453556,True,0.10784698339609848
MJ-21x13EL,21.0,13.0,860.0,0.008864115738236884,2.1814634146341465,1683.4698760381095,1683.4698760381095,2.115807330068574,79.53983867610009,70.85208192636422,9.231112565918696,0.7715559535381012,37.76833420453556,True,0.09530663648957541
MJ-21x13EL,21.0,13.0,340.0,0.05671193771626298,0.8624390243902439,1683.4698760381095,1683.4698760381095,5.351747952526393,79.5398386761001,70.85208192636422,9.231112565918696,0.7715559535381011,16.232458620001406,True,0.24106972759127898
MJ-21x13EL,21.0,13.0,680.0,0.014177984429065746,1.7248780487804878,1683.4698760381095,1683.4698760381095,2.6758739762631967,79.5398386761001,70.85208192636422,9.231112565918696,0.7715559535381011,37.76833420453556,True,0.12053486379563949
MJ-21x13EL,21.0,13.0,780.0,0.010775641025641026,1.9785365853658536,1683.4698760381095,1683.4698760381095,2.3328132100756074,79.5398386761001,70.85208192636422,9.231112565918696,0.7715559535381011,37.76833420453556,True,0.10508167612953187
16x10E,16.0,10.0,180.0,0.20234259259259257,0.45658536585365855,2637.5218474118064,2637.5218474118064,15.160270389649066,80.02982568245322,60.10328311238429,13.84391520459661,0.7510110461925211,1.6079426626843905,True,0.6828950625968048
16x10E,16.0,10.0,240.0,0.11381770833333335,0.608780487804878,2637.5218474118064,2637.5218474118064,11.3702027922368,80.02982568245322,60.10328311238429,13.84391520459661,0.7510110461925211,3.558510684529892,True,0.5121712969476035
16x10E,16.0,10.0,720.0,0.012646412037037036,1.8263414634146342,2637.5218474118064,2637.5218474118064,3.7900675974122664,80.02982568245322,60.10328311238429,13.84391520459661,0.7510110461925211,32.43587427875975,True,0.1707237656492012
16x10E,16.0,10.0,700.0,0.013379387755102041,1.775609756097561,2637.5218474118064,2637.5218474118064,3.898355243052617,80.02982568245322,60.10328311238429,13.84391520459661,0.7510110461925211,31.214345258392264,True,0.17560158752489266
16x10E,16.0,10.0,280.0,0.08362117346938774,0.7102439024390245,2637.5218474118064,2637.5218474118064,9.745888107631542,80.02982568245322,60.10328311238429,13.84391520459661,0.7510110461925211,5.126052691937752,True,0.43900396881223164
16x10E,16.0,10.0,660.0,0.015050275482093664,1.6741463414634148,2637.5218474118064,2637.5218474118064,4.134619197177018,80.02982568245322,60.10328311238429,13.84391520459661,0.7510110461925211,28.639889150221407,True,0.18624410798094676
16x10E,16.0,10.0,540.0,0.02248251028806584,1.3697560975609757,2637.5218474118064,2637.5218474118064,5.053423463216355,80.02982568245322,60.10328311238429,13.843915204596609,0.7510110461925211,20.196251493193994,True,0.22763168753226823
16x10E,16.0,10.0,360.0,0.050585648148148143,0.9131707317073171,2637.5218474118064,2637.5218474118064,7.580135194824533,80.02982568245322,60.10328311238429,13.84391520459661,0.7510110461925211,8.881760367955518,True,0.3414475312984024
16x10E,16.0,10.0,480.0,0.028454427083333338,1.217560975609756,2637.5218474118064,2637.5218474118064,5.6851013961184,80.02982568245322,60.10328311238429,13.84391520459661,0.7510110461925211,16.033310049200377,True,0.2560856484738018
16x10E,16.0,10.0,620.0,0.017054890738813736,1.5726829268292684,2637.5218474118064,2637.5218474118064,4.4013688228013415,80.02982568245322,60.10328311238429,13.84391520459661,0.7510110461925211,25.948667687296787,True,0.19825985688294331
16x10E,16.0,10.0,560.0,0.020905293367346936,1.420487804878049,2637.5218474118064,2637.5218474118064,4.872944053815771,80.02982568245322,60.10328311238429,13.84391520459661,0.7510110461925211,21.640254353021536,True,0.21950198440611582
16x10E,16.0,10.0,900.0,0.008093703703703702,2.282926829268293,2637.5218474118064,2637.5218474118064,3.032054077929813,80.02982568245322,60.10328311238429,13.84391520459661,0.7510110461925211,36.60631802750093,True,0.13657901251936094
16x10E,16.0,10.0,820.0,0.00975,2.08,2637.5218474118064,2637.5218474118064,3.327864231874185,80.02982568245324,60.10328311238429,13.84391520459661,0.751011046192521,36.60631802750093,True,0.1499037942285669
16x10E,16.0,10.0,580.0,0.019488406658739597,1.471219512195122,2637.5218474118064,2637.5218474118064,4.704911500235917,80.02982568245324,60.10328311238429,13.843915204596609,0.751011046192521,23.080292237365327,True,0.21193295046107735
16x10E,16.0,10.0,380.0,0.04540096952908587,0.9639024390243903,2637.5218474118064,2637.5218474118064,7.1811807108864,80.02982568245324,60.10328311238429,13.843915204596613,0.751011046192521,9.965802279004372,True,0.3234766085984865
16x10E,16.0,10.0,300.0,0.07284333333333333,0.7609756097560976,2637.5218474118064,2637.5218474118064,9.096162233789439,80.02982568245324,60.10328311238429,13.843915204596609,0.751011046192521,5.9787443037640875,True,0.40973703755808283
16x10E,16.0,10.0,400.0,0.040974375,1.0146341463414634,2637.5218474118064,2637.5218474118064,6.822121675342079,80.02982568245324,60.10328311238429,13.843915204596609,0.751011046192521,11.07263431754397,True,0.30730277816856216
16x10E,16.0,10.0,420.0,0.03716496598639456,1.0653658536585366,2637.5218474118064,2637.5218474118064,6.497258738421028,80.02982568245324,60.10328311238429,13.84391520459661,0.751011046192521,12.239024088199715,True,0.29266931254148776
16x10E,16.0,10.0,460.0,0.030982514177693755,1.166829268292683,2637.5218474118064,2637.5218474118064,5.932279717688765,80.02982568245324,60.10328311238429,13.843915204596613,0.751011046192521,14.703570365089403,True,0.2672198071030975
16x10E,16.0,10.0,800.0,0.01024359375,2.029268292682927,2637.5218474118064,2637.5218474118064,3.4110608376710396,80.02982568245324,60.10328311238429,13.843915204596609,0.751011046192521,36.60631802750093,True,0.15365138908428108
16x10E,16.0,10.0,740.0,0.011972059897735574,1.8770731707317074,2637.5218474118064,2637.5218474118064,3.6876333380227457,80.02982568245324,60.10328311238429,13.84391520459661,0.751011046192521,33.542111545453345,True,0.1661096098208444
16x10E,16.0,10.0,520.0,0.024245192307692308,1.3190243902439025,2637.5218474118064,2637.5218474118064,5.247785904109292,80.02982568245324,60.10328311238429,13.84391520459661,0.751011046192521,18.757864607171438,True,0.2363867524373555
16x10E,16.0,10.0,760.0,0.011350242382271468,1.9278048780487806,2637.5218474118064,2637.5218474118064,3.5905903554432,80.02982568245324,60.10328311238429,13.843915204596613,0.751011046192521,34.64834881214694,True,0.16173830429924324
16x10E,16.0,10.0,200.0,0.1638975,0.5073170731707317,2637.5218474118064,2637.5218474118064,13.644243350684159,80.02982568245324,60.10328311238429,13.843915204596609,0.751011046192521,2.2033825124704167,True,0.6146055563371243
16x10E,16.0,10.0,780.0,0.010775641025641026,1.9785365853658536,2637.5218474118064,2637.5218474118064,3.4985239360728615,80.02982568245324,60.10328311238429,13.84391520459661,0.751011046192521,35.754586078840525,True,0.15759116829157035
16x10E,16.0,10.0,260.0,0.09698076923076923,0.6595121951219513,2637.5218474118064,2637.5218474118064,10.495571808218584,80.02982568245324,60.10328311238429,13.84391520459661,0.751011046192521,4.2973834917824405,True,0.472773504874711
16x10E,16.0,10.0,840.0,0.00929124149659864,2.1307317073170733,2637.5218474118064,2637.5218474118064,3.248629369210514,80.02982568245324,60.10328311238429,13.84391520459661,0.751011046192521,36.60631802750093,True,0.14633465627074388
16x10E,16.0,10.0,500.0,0.0262236,1.2682926829268293,2637.5218474118064,2637.5218474118064,5.457697340273664,80.02982568245324,60.10328311238429,13.84391520459661,0.751011046192521,17.380374226993563,True,0.24584222253484975
16x10E,16.0,10.0,600.0,0.018210833333333332,1.5219512195121951,2637.5218474118064,2637.5218474118064,4.5480811168947195,80.02982568245324,60.10328311238429,13.843915204596609,0.751011046192521,24.514479962331055,True,0.20486851877904141
16x10E,16.0,10.0,880.0,0.008465779958677684,2.2321951219512197,2637.5218474118064,2637.5218474118064,3.1009643978827635,80.02982568245325,60.10328311238429,13.84391520459661,0.7510110461925209,36.60631802750093,True,0.13968308098571006
16x10E,16.0,10.0,860.0,0.008864115738236884,2.1814634146341465,2637.5218474118064,2637.5218474118064,3.1730798489963163,80.02982568245325,60.10328311238429,13.843915204596613,0.7510110461925209,36.60631802750093,True,0.1429315247295638
16x10E,16.0,10.0,680.0,0.014177984429065746,1.7248780487804878,2637.5218474118064,2637.5218474118064,4.013012750201224,80.02982568245325,60.10328311238429,13.84391520459661,0.7510110461925209,29.933731565484745,True,0.1807663400991542
16x10E,16.0,10.0,640.0,0.016005615234375,1.6234146341463416,2637.5218474118064,2637.5218474118064,4.2638260470888,80.02982568245325,60.10328311238429,13.843915204596613,0.7510110461925209,27.32684954495368,True,0.19206423635535136
16x10E,16.0,10.0,440.0,0.033863119834710735,1.1160975609756099,2637.5218474118064,2637.5218474118064,6.201928795765527,80.02982568245325,60.10328311238429,13.84391520459661,0.7510110461925209,13.466575460246498,True,0.2793661619714201
16x10E,16.0,10.0,340.0,0.05671193771626298,0.8624390243902439,2637.5218474118064,2637.5218474118064,8.026025500402447,80.02982568245325,60.10328311238429,13.84391520459661,0.7510110461925209,7.875827139371662,True,0.3615326801983084
16x10E,16.0,10.0,320.0,0.0640224609375,0.8117073170731708,2637.5218474118064,2637.5218474118064,8.5276520941776,80.02982568245325,60.10328311238429,13.843915204596613,0.7510110461925209,6.8985229311135035,True,0.3841284727107027
16x10E,16.0,10.0,220.0,0.13545247933884294,0.5580487804878049,2637.5218474118064,2637.5218474118064,12.403857591531054,80.02982568245325,60.10328311238429,13.84391520459661,0.7510110461925209,2.840395414009761,True,0.5587323239428402
21x13E,21.0,13.0,480.0,0.028454427083333338,1.217560975609756,1869.7729442959558,1869.7729442959558,4.156446076482161,80.29008303023367,61.99867642137675,10.121453079901926,0.7721834886885197,28.859451727437175,True,0.18722730074243968
21x13E,21.0,13.0,240.0,0.11381770833333335,0.608780487804878,1869.7729442959558,1869.7729442959558,8.312892152964322,80.29008303023367,61.99867642137675,10.121453079901926,0.7721834886885197,8.105984955275026,True,0.37445460148487936
21x13E,21.0,13.0,700.0,0.013379387755102041,1.775609756097561,1869.7729442959558,1869.7729442959558,2.85013445244491,80.29008303023367,61.99867642137675,10.121453079901926,0.7721834886885197,49.17653300195109,True,0.1283844347948158
21x13E,21.0,13.0,520.0,0.024245192307692308,1.3190243902439025,1869.7729442959558,1869.7729442959558,3.8367194552143027,80.29008303023369,61.99867642137675,10.121453079901928,0.7721834886885196,32.96451151343973,True,0.17282520068532894
21x13E,21.0,13.0,540.0,0.02248251028806584,1.3697560975609757,1869.7729442959558,1869.7729442959558,3.6946187346508097,80.29008303023369,61.99867642137675,10.121453079901926,0.7721834886885196,35.017041406441,True,0.16642426732661306
21x13E,21.0,13.0,560.0,0.020905293367346936,1.420487804878049,1869.7729442959558,1869.7729442959558,3.562668065556138,80.29008303023369,61.99867642137675,10.121453079901926,0.7721834886885196,36.996103776169534,True,0.16048054349351973
21x13E,21.0,13.0,620.0,0.017054890738813736,1.5726829268292684,1869.7729442959558,1869.7729442959558,3.2178937366313503,80.29008303023369,61.99867642137675,10.121453079901926,0.7721834886885196,42.60699999342278,True,0.1449501683167275
21x13E,21.0,13.0,660.0,0.015050275482093664,1.6741463414634148,1869.7729442959558,1869.7729442959558,3.022869873805208,80.29008303023369,61.99867642137675,10.121453079901928,0.7721834886885196,46.23131836940373,True,0.13616530963086523
21x13E,21.0,13.0,720.0,0.012646412037037036,1.8263414634146342,1869.7729442959558,1869.7729442959558,2.7709640509881073,80.29008303023369,61.99867642137675,10.121453079901926,0.7721834886885196,50.587383319340304,True,0.12481820049495979
21x13E,21.0,13.0,180.0,0.20234259259259257,0.45658536585365855,1869.7729442959558,1869.7729442959558,11.083856203952429,80.29008303023369,61.99867642137675,10.121453079901926,0.7721834886885196,4.364871240741116,True,0.49927280197983914
21x13E,21.0,13.0,500.0,0.0262236,1.2682926829268293,1869.7729442959558,1869.7729442959558,3.9901882334228747,80.29008303023369,61.99867642137675,10.121453079901926,0.7721834886885196,30.911981620438443,True,0.1797382087127421
21x13E,21.0,13.0,360.0,0.050585648148148143,0.9131707317073171,1869.7729442959558,1869.7729442959558,5.5419281019762145,80.29008303023369,61.99867642137675,10.121453079901926,0.7721834886885196,17.536499594846756,True,0.24963640098991957
21x13E,21.0,13.0,280.0,0.08362117346938774,0.7102439024390245,1869.7729442959558,1869.7729442959558,7.125336131112276,80.29008303023369,61.99867642137675,10.121453079901926,0.7721834886885196,10.991220298503345,True,0.32096108698703946
21x13E,21.0,13.0,260.0,0.09698076923076923,0.6595121951219513,1869.7729442959558,1869.7729442959558,7.673438910428605,80.29008303023369,61.99867642137675,10.121453079901928,0.7721834886885196,9.453799540004313,True,0.3456504013706579
21x13E,21.0,13.0,740.0,0.011972059897735574,1.8770731707317074,1869.7729442959558,1869.7729442959558,2.6960731306911314,80.29008303023369,61.99867642137675,10.121453079901926,0.7721834886885196,51.998233636729545,True,0.12144473561671763
21x13E,21.0,13.0,800.0,0.01024359375,2.029268292682927,1869.7729442959558,1869.7729442959558,2.4938676458892965,80.2900830302337,61.99867642137675,10.121453079901926,0.7721834886885195,56.23078458889718,True,0.11233638044546382
21x13E,21.0,13.0,680.0,0.014177984429065746,1.7248780487804878,1869.7729442959558,1869.7729442959558,2.933961936340349,80.2900830302337,61.99867642137675,10.121453079901926,0.7721834886885195,47.74676275028473,True,0.1321604475828986
21x13E,21.0,13.0,820.0,0.00975,2.08,1869.7729442959558,1869.7729442959558,2.433041605745655,80.2900830302337,61.99867642137675,10.121453079901926,0.7721834886885195,57.25069295885187,True,0.10959646872728177
21x13E,21.0,13.0,640.0,0.016005615234375,1.6234146341463416,1869.7729442959558,1869.7729442959558,3.117334557361621,80.2900830302337,61.99867642137675,10.121453079901928,0.7721834886885195,44.47272017465306,True,0.14042047555682977
21x13E,21.0,13.0,900.0,0.008093703703703702,2.282926829268293,1869.7729442959558,1869.7729442959558,2.216771240790486,80.2900830302337,61.99867642137675,10.121453079901926,0.7721834886885195,57.25069295885187,True,0.09985456039596784
21x13E,21.0,13.0,600.0,0.018210833333333332,1.5219512195121951,1869.7729442959558,1869.7729442959558,3.3251568611857287,80.2900830302337,61.99867642137675,10.121453079901926,0.7721834886885195,40.74127981219248,True,0.14978184059395175
21x13E,21.0,13.0,200.0,0.1638975,0.5073170731707317,1869.7729442959558,1869.7729442959558,9.975470583557186,80.2900830302337,61.99867642137675,10.121453079901926,0.7721834886885195,5.480073956154428,True,0.4493455217818553
21x13E,21.0,13.0,780.0,0.010775641025641026,1.9785365853658536,1869.7729442959558,1869.7729442959558,2.5578129701428685,80.2900830302337,61.99867642137675,10.121453079901926,0.7721834886885195,54.81993427150798,True,0.11521680045688597
21x13E,21.0,13.0,580.0,0.019488406658739597,1.471219512195122,1869.7729442959558,1869.7729442959558,3.4398174426059267,80.2900830302337,61.99867642137675,10.121453079901926,0.7721834886885195,38.875559630962194,True,0.15494673164891562
21x13E,21.0,13.0,300.0,0.07284333333333333,0.7609756097560976,1869.7729442959558,1869.7729442959558,6.6503137223714575,80.2900830302337,61.99867642137675,10.121453079901926,0.7721834886885195,12.534507591424132,True,0.2995636811879035
21x13E,21.0,13.0,320.0,0.0640224609375,0.8117073170731708,1869.7729442959558,1869.7729442959558,6.234669114723242,80.2900830302337,61.99867642137675,10.121453079901928,0.7721834886885195,14.09708578941867,True,0.28084095111365953
21x13E,21.0,13.0,340.0,0.05671193771626298,0.8624390243902439,1869.7729442959558,1869.7729442959558,5.867923872680698,80.2900830302337,61.99867642137675,10.121453079901926,0.7721834886885195,15.79049599871975,True,0.2643208951657972
21x13E,21.0,13.0,400.0,0.040974375,1.0146341463414634,1869.7729442959558,1869.7729442959558,4.987735291778593,80.2900830302337,61.99867642137675,10.121453079901926,0.7721834886885195,21.0972993900731,True,0.22467276089092764
21x13E,21.0,13.0,760.0,0.011350242382271468,1.9278048780487806,1869.7729442959558,1869.7729442959558,2.625123837778207,80.29008303023372,61.99867642137675,10.121453079901928,0.7721834886885194,53.409083954118756,True,0.11824882152154087
21x13E,21.0,13.0,460.0,0.030982514177693755,1.166829268292683,1869.7729442959558,1869.7729442959558,4.337161123285734,80.29008303023372,61.99867642137675,10.121453079901928,0.7721834886885194,26.87077245977285,True,0.19536761816602405
21x13E,21.0,13.0,440.0,0.033863119834710735,1.1160975609756099,1869.7729442959558,1869.7729442959558,4.5343048107078125,80.29008303023372,61.99867642137675,10.121453079901928,0.7721834886885194,24.940307603134322,True,0.20424796444629786
21x13E,21.0,13.0,420.0,0.03716496598639456,1.0653658536585366,1869.7729442959558,1869.7729442959558,4.750224087408184,80.29008303023372,61.99867642137675,10.121453079901926,0.7721834886885194,23.013209262525486,True,0.21397405799135966
21x13E,21.0,13.0,840.0,0.00929124149659864,2.1307317073170733,1869.7729442959558,1869.7729442959558,2.375112043704092,80.29008303023372,61.99867642137675,10.121453079901926,0.7721834886885194,57.25069295885187,True,0.10698702899567983
21x13E,21.0,13.0,860.0,0.008864115738236884,2.1814634146341465,1869.7729442959558,1869.7729442959558,2.3198768798970204,80.29008303023372,61.99867642137675,10.121453079901928,0.7721834886885194,57.25069295885187,True,0.10449895855391984
21x13E,21.0,13.0,880.0,0.008465779958677684,2.2321951219512197,1869.7729442959558,1869.7729442959558,2.2671524053539063,80.29008303023372,61.99867642137675,10.121453079901928,0.7721834886885194,57.25069295885187,True,0.10212398222314893
21x13E,21.0,13.0,380.0,0.04540096952908587,0.9639024390243903,1869.7729442959558,1869.7729442959558,5.250247675556414,80.29008303023372,61.99867642137675,10.121453079901928,0.7721834886885194,19.28250319097376,True,0.23649764304308174
21x13E,21.0,13.0,220.0,0.13545247933884294,0.5580487804878049,1869.7729442959558,1869.7729442959558,9.068609621415625,80.29008303023372,61.99867642137675,10.121453079901928,0.7721834886885194,6.78794622491063,True,0.4084959288925957
19x12E,19.0,12.0,280.0,0.08362117346938774,0.7102439024390245,2081.238807937773,2081.238807937773,7.846669207651077,81.7209000340347,68.05329366248553,11.146097918380459,0.7707146481203391,8.780678271284675,True,0.3534535679122107
19x12E,19.0,12.0,540.0,0.02248251028806584,1.3697560975609757,2081.238807937773,2081.238807937773,4.068643292856114,81.7209000340347,68.05329366248553,11.146097918380459,0.7707146481203391,29.970112492867507,True,0.18327222039892407
19x12E,19.0,12.0,560.0,0.020905293367346936,1.420487804878049,2081.238807937773,2081.238807937773,3.9233346038255386,81.7209000340347,68.05329366248553,11.146097918380459,0.7707146481203391,31.769433920685387,True,0.17672678395610536
19x12E,19.0,12.0,320.0,0.0640224609375,0.8117073170731708,2081.238807937773,2081.238807937773,6.865835556694693,81.72090003403471,68.05329366248553,11.146097918380457,0.770714648120339,11.483329077127143,True,0.30927187192318434
19x12E,19.0,12.0,260.0,0.09698076923076923,0.6595121951219513,2081.238807937773,2081.238807937773,8.45025914670116,81.72090003403471,68.05329366248553,11.146097918380459,0.770714648120339,7.555122021880272,True,0.38064230390545767
19x12E,19.0,12.0,240.0,0.11381770833333335,0.608780487804878,2081.238807937773,2081.238807937773,9.154447408926258,81.72090003403471,68.05329366248553,11.146097918380457,0.770714648120339,6.336895856301802,True,0.4123624958975792
19x12E,19.0,12.0,360.0,0.050585648148148143,0.9131707317073171,2081.238807937773,2081.238807937773,6.102964939284171,81.72090003403471,68.05329366248553,11.146097918380457,0.770714648120339,14.37479047740129,True,0.2749083305983861
19x12E,19.0,12.0,480.0,0.028454427083333338,1.217560975609756,2081.238807937773,2081.238807937773,4.577223704463129,81.72090003403471,68.05329366248553,11.146097918380457,0.770714648120339,24.41321306740652,True,0.2061812479487896
19x12E,19.0,12.0,520.0,0.024245192307692308,1.3190243902439025,2081.238807937773,2081.238807937773,4.22512957335058,81.72090003403471,68.05329366248553,11.146097918380459,0.770714648120339,28.11353815483604,True,0.19032115195272883
19x12E,19.0,12.0,180.0,0.20234259259259257,0.45658536585365855,2081.238807937773,2081.238807937773,12.205929878568343,81.72090003403471,68.05329366248553,11.146097918380457,0.770714648120339,3.2547391779275525,True,0.5498166611967722
19x12E,19.0,12.0,640.0,0.016005615234375,1.6234146341463416,2081.238807937773,2081.238807937773,3.4329177783473463,81.72090003403471,68.05329366248553,11.146097918380457,0.770714648120339,38.64162969986043,True,0.15463593596159217
19x12E,19.0,12.0,660.0,0.015050275482093664,1.6741463414634148,2081.238807937773,2081.238807937773,3.3288899668822753,81.72090003403471,68.05329366248553,11.146097918380459,0.770714648120339,40.10696990968689,True,0.1499499985082106
19x12E,19.0,12.0,780.0,0.010775641025641026,1.9785365853658536,2081.238807937773,2081.238807937773,2.8167530489003867,81.72090003403471,68.05329366248553,11.146097918380457,0.770714648120339,46.71430844065771,True,0.12688076796848588
19x12E,19.0,12.0,820.0,0.00975,2.08,2081.238807937773,2081.238807937773,2.6793504611491485,81.72090003403471,68.05329366248553,11.146097918380459,0.770714648120339,46.71430844065771,True,0.12069146221392561
19x12E,19.0,12.0,700.0,0.013379387755102041,1.775609756097561,2081.238807937773,2081.238807937773,3.138667683060431,81.72090003403471,68.05329366248553,11.146097918380459,0.770714648120339,42.92581195929771,True,0.1413814271648843
19x12E,19.0,12.0,720.0,0.012646412037037036,1.8263414634146342,2081.238807937773,2081.238807937773,3.0514824696420857,81.72090003403471,68.05329366248553,11.146097918380457,0.770714648120339,44.33523298410314,True,0.13745416529919305
19x12E,19.0,12.0,600.0,0.018210833333333332,1.5219512195121951,2081.238807937773,2081.238807937773,3.661778963570503,81.72090003403473,68.05329366248553,11.146097918380457,0.7707146481203389,35.25522391685866,True,0.16494499835903167
19x12E,19.0,12.0,740.0,0.011972059897735574,1.8770731707317074,2081.238807937773,2081.238807937773,2.96900997046257,81.72090003403473,68.05329366248553,11.146097918380459,0.7707146481203389,45.744654008908554,True,0.13373918785867434
19x12E,19.0,12.0,400.0,0.040974375,1.0146341463414634,2081.238807937773,2081.238807937773,5.492668445355755,81.72090003403473,68.05329366248553,11.146097918380459,0.7707146481203389,17.53810309854525,True,0.24741749753854753
19x12E,19.0,12.0,420.0,0.03716496598639456,1.0653658536585366,2081.238807937773,2081.238807937773,5.231112805100718,81.72090003403473,68.05329366248553,11.146097918380457,0.7707146481203389,19.169753823467172,True,0.23563571194147379
19x12E,19.0,12.0,800.0,0.01024359375,2.029268292682927,2081.238807937773,2081.238807937773,2.7463342226778775,81.72090003403473,68.05329366248553,11.146097918380459,0.7707146481203389,46.71430844065771,True,0.12370874876927376
19x12E,19.0,12.0,440.0,0.033863119834710735,1.1160975609756099,2081.238807937773,2081.238807937773,4.993334950323413,81.72090003403473,68.05329366248553,11.146097918380459,0.7707146481203389,20.912515161630203,True,0.2249249977623159
19x12E,19.0,12.0,840.0,0.00929124149659864,2.1307317073170733,2081.238807937773,2081.238807937773,2.615556402550359,81.72090003403473,68.05329366248553,11.146097918380457,0.7707146481203389,46.71430844065771,True,0.11781785597073689
19x12E,19.0,12.0,200.0,0.1638975,0.5073170731707317,2081.238807937773,2081.238807937773,10.98533689071151,81.72090003403473,68.05329366248553,11.146097918380459,0.7707146481203389,4.237381300848638,True,0.49483499507709505
19x12E,19.0,12.0,880.0,0.008465779958677684,2.2321951219512197,2081.238807937773,2081.238807937773,2.4966674751617064,81.72090003403473,68.05329366248553,11.146097918380459,0.7707146481203389,46.71430844065771,True,0.11246249888115795
19x12E,19.0,12.0,340.0,0.05671193771626298,0.8624390243902439,2081.238807937773,2081.238807937773,6.461962876889123,81.72090003403473,68.05329366248553,11.146097918380457,0.7707146481203389,12.893177871772986,True,0.2910794088688794
19x12E,19.0,12.0,900.0,0.008093703703703702,2.282926829268293,2081.238807937773,2081.238807937773,2.441185975713669,81.72090003403473,68.05329366248553,11.14609791838046,0.7707146481203389,46.71430844065771,True,0.10996333223935446
19x12E,19.0,12.0,300.0,0.07284333333333333,0.7609756097560976,2081.238807937773,2081.238807937773,7.323557927141006,81.72090003403473,68.05329366248553,11.146097918380457,0.7707146481203389,10.078283903157043,True,0.32988999671806335
19x12E,19.0,12.0,220.0,0.13545247933884294,0.5580487804878049,2081.238807937773,2081.238807937773,9.986669900646826,81.72090003403473,68.05329366248553,11.146097918380459,0.7707146481203389,5.267222468750467,True,0.4498499955246318
19x12E,19.0,12.0,500.0,0.0262236,1.2682926829268293,2081.238807937773,2081.238807937773,4.394134756284604,81.72090003403473,68.05329366248553,11.146097918380459,0.7707146481203389,26.25696381680458,True,0.19793399803083803
19x12E,19.0,12.0,680.0,0.014177984429065746,1.7248780487804878,2081.238807937773,2081.238807937773,3.2309814384445614,81.72090003403473,68.05329366248553,11.146097918380457,0.7707146481203389,41.5163909344923,True,0.1455397044344397
19x12E,19.0,12.0,580.0,0.019488406658739597,1.471219512195122,2081.238807937773,2081.238807937773,3.788047203693624,81.72090003403473,68.05329366248553,11.146097918380459,0.7707146481203389,33.51472509674517,True,0.17063275692313623
19x12E,19.0,12.0,860.0,0.008864115738236884,2.1814634146341465,2081.238807937773,2081.238807937773,2.554729509467793,81.72090003403473,68.05329366248553,11.146097918380459,0.7707146481203389,46.71430844065771,True,0.11507790583188257
19x12E,19.0,12.0,620.0,0.017054890738813736,1.5726829268292684,2081.238807937773,2081.238807937773,3.5436570615198417,81.72090003403473,68.05329366248553,11.146097918380459,0.7707146481203389,36.99572273697215,True,0.15962419196035324
19x12E,19.0,12.0,760.0,0.011350242382271468,1.9278048780487806,2081.238807937773,2081.238807937773,2.8908781291346077,81.72090003403474,68.05329366248553,11.146097918380459,0.7707146481203387,46.71430844065771,True,0.13021973554660396
19x12E,19.0,12.0,460.0,0.030982514177693755,1.166829268292683,2081.238807937773,2081.238807937773,4.776233430744135,81.72090003403474,68.05329366248553,11.14609791838046,0.7707146481203387,22.655276499793242,True,0.2151456500335196
19x12E,19.0,12.0,380.0,0.04540096952908587,0.9639024390243903,2081.238807937773,2081.238807937773,5.7817562582692155,81.72090003403474,68.05329366248553,11.146097918380459,0.7707146481203387,15.956446787973267,True,0.2604394710932079
17x10E,17.0,10.0,900.0,0.008093703703703702,2.282926829268293,2534.2392075438797,2534.2392075438797,2.9234691567356075,81.8583194314192,62.04530202161582,13.34813234490014,0.7579596362663822,39.195874727858694,True,0.13168779985295528
17x10E,17.0,10.0,320.0,0.0640224609375,0.8117073170731708,2534.2392075438797,2534.2392075438797,8.222257003318896,81.8583194314192,62.04530202161582,13.34813234490014,0.7579596362663822,8.00141593228695,True,0.3703719370864368
17x10E,17.0,10.0,640.0,0.016005615234375,1.6234146341463416,2534.2392075438797,2534.2392075438797,4.111128501659448,81.8583194314192,62.04530202161582,13.34813234490014,0.7579596362663822,30.719445068366138,True,0.1851859685432184
17x10E,17.0,10.0,700.0,0.013379387755102041,1.775609756097561,2534.2392075438797,2534.2392075438797,3.758746058660067,81.8583194314192,62.04530202161582,13.34813234490014,0.7579596362663822,34.82269044353008,True,0.16931288552522825
17x10E,17.0,10.0,660.0,0.015050275482093664,1.6741463414634148,2534.2392075438797,2534.2392075438797,3.9865488500940107,81.8583194314192,62.04530202161582,13.348132344900142,0.7579596362663822,32.17583517007228,True,0.17957427252675726
17x10E,17.0,10.0,600.0,0.018210833333333332,1.5219512195121951,2534.2392075438797,2534.2392075438797,4.385203735103412,81.85831943141922,62.04530202161582,13.348132344900142,0.7579596362663821,27.782793114764868,True,0.19753169977943297
17x10E,17.0,10.0,580.0,0.019488406658739597,1.471219512195122,2534.2392075438797,2534.2392075438797,4.536417657003529,81.85831943141922,62.04530202161582,13.34813234490014,0.7579596362663821,26.211615476033064,True,0.20434313770286167
17x10E,17.0,10.0,560.0,0.020905293367346936,1.420487804878049,2534.2392075438797,2534.2392075438797,4.698432573325084,81.85831943141922,62.04530202161582,13.348132344900142,0.7579596362663821,24.61395493322982,True,0.21164110690653531
17x10E,17.0,10.0,300.0,0.07284333333333333,0.7609756097560976,2534.2392075438797,2534.2392075438797,8.770407470206823,81.85831943141922,62.04530202161582,13.348132344900142,0.7579596362663821,6.975356540472133,True,0.39506339955886594
17x10E,17.0,10.0,540.0,0.02248251028806584,1.3697560975609757,2534.2392075438797,2534.2392075438797,4.872448594559346,81.85831943141922,62.04530202161582,13.348132344900142,0.7579596362663821,23.019570672360405,True,0.21947966642159217
17x10E,17.0,10.0,520.0,0.024245192307692308,1.3190243902439025,2534.2392075438797,2534.2392075438797,5.05985046358086,81.85831943141922,62.04530202161582,13.348132344900142,0.7579596362663821,21.452810215725673,True,0.2279211920531919
17x10E,17.0,10.0,280.0,0.08362117346938774,0.7102439024390245,2534.2392075438797,2534.2392075438797,9.396865146650168,81.85831943141922,62.04530202161582,13.348132344900142,0.7579596362663821,5.9775292694328686,True,0.42328221381307063
17x10E,17.0,10.0,260.0,0.09698076923076923,0.6595121951219513,2534.2392075438797,2534.2392075438797,10.11970092716172,81.85831943141922,62.04530202161582,13.348132344900142,0.7579596362663821,5.032477336301504,True,0.4558423841063838
17x10E,17.0,10.0,460.0,0.030982514177693755,1.166829268292683,2534.2392075438797,2534.2392075438797,5.719830958830537,81.85831943141922,62.04530202161582,13.348132344900142,0.7579596362663821,16.904827252572378,True,0.2576500431905647
17x10E,17.0,10.0,240.0,0.11381770833333335,0.608780487804878,2534.2392075438797,2534.2392075438797,10.96300933775853,81.85831943141922,62.04530202161582,13.348132344900142,0.7579596362663821,4.182267349209706,True,0.4938292494485825
17x10E,17.0,10.0,180.0,0.20234259259259257,0.45658536585365855,2534.2392075438797,2534.2392075438797,14.617345783678038,81.85831943141922,62.04530202161582,13.34813234490014,0.7579596362663821,1.924514242196933,True,0.6584389992647766
17x10E,17.0,10.0,360.0,0.050585648148148143,0.9131707317073171,2534.2392075438797,2534.2392075438797,7.308672891839019,81.85831943141922,62.04530202161582,13.34813234490014,0.7579596362663821,10.278660873037257,True,0.3292194996323883
17x10E,17.0,10.0,720.0,0.012646412037037036,1.8263414634146342,2534.2392075438797,2534.2392075438797,3.6543364459195096,81.85831943141922,62.04530202161582,13.34813234490014,0.7579596362663821,36.04013986972942,True,0.16460974981619414
17x10E,17.0,10.0,740.0,0.011972059897735574,1.8770731707317074,2534.2392075438797,2534.2392075438797,3.5555705960297934,81.85831943141922,62.04530202161582,13.348132344900142,0.7579596362663821,37.257589295928774,True,0.16016083765899972
17x10E,17.0,10.0,780.0,0.010775641025641026,1.9785365853658536,2534.2392075438797,2534.2392075438797,3.3732336423872398,81.85831943141922,62.04530202161582,13.34813234490014,0.7579596362663821,39.195874727858694,True,0.15194746136879458
17x10E,17.0,10.0,820.0,0.00975,2.08,2534.2392075438797,2534.2392075438797,3.208685659831765,81.85831943141922,62.04530202161582,13.348132344900142,0.7579596362663821,39.195874727858694,True,0.14453539008251193
17x10E,17.0,10.0,480.0,0.028454427083333338,1.217560975609756,2534.2392075438797,2534.2392075438797,5.481504668879265,81.85831943141922,62.04530202161582,13.348132344900142,0.7579596362663821,18.362261105696373,True,0.24691462472429124
17x10E,17.0,10.0,860.0,0.008864115738236884,2.1814634146341465,2534.2392075438797,2534.2392075438797,3.0594444663512173,81.85831943141922,62.04530202161582,13.348132344900142,0.7579596362663821,39.195874727858694,True,0.1378128137996044
17x10E,17.0,10.0,620.0,0.017054890738813736,1.5726829268292684,2534.2392075438797,2534.2392075438797,4.243745550100076,81.85831943141923,62.04530202161582,13.348132344900144,0.757959636266382,29.26305496665999,True,0.1911597094639674
17x10E,17.0,10.0,840.0,0.00929124149659864,2.1307317073170733,2534.2392075438797,2534.2392075438797,3.1322883822167227,81.85831943141923,62.04530202161582,13.348132344900142,0.757959636266382,39.195874727858694,True,0.14109407127102355
17x10E,17.0,10.0,340.0,0.05671193771626298,0.8624390243902439,2534.2392075438797,2534.2392075438797,7.73859482665308,81.85831943141923,62.04530202161582,13.348132344900142,0.757959636266382,9.136168797364263,True,0.34858535255194056
17x10E,17.0,10.0,220.0,0.13545247933884294,0.5580487804878049,2534.2392075438797,2534.2392075438797,11.959646550282033,81.85831943141923,62.04530202161582,13.348132344900144,0.757959636266382,3.3521463799682194,True,0.5387228175802717
17x10E,17.0,10.0,200.0,0.1638975,0.5073170731707317,2534.2392075438797,2534.2392075438797,13.155611205310235,81.85831943141923,62.04530202161582,13.348132344900142,0.757959636266382,2.6229270984718145,True,0.5925950993382989
17x10E,17.0,10.0,680.0,0.014177984429065746,1.7248780487804878,2534.2392075438797,2534.2392075438797,3.86929741332654,81.85831943141923,62.04530202161582,13.348132344900142,0.757959636266382,33.5490937065946,True,0.17429267627597028
17x10E,17.0,10.0,760.0,0.011350242382271468,1.9278048780487806,2534.2392075438797,2534.2392075438797,3.4620029487658517,81.85831943141923,62.04530202161582,13.348132344900144,0.757959636266382,38.47503872212813,True,0.15594607877323657
17x10E,17.0,10.0,800.0,0.01024359375,2.029268292682927,2534.2392075438797,2534.2392075438797,3.2889028013275587,81.85831943141923,62.04530202161582,13.348132344900142,0.757959636266382,39.195874727858694,True,0.14814877483457473
17x10E,17.0,10.0,500.0,0.0262236,1.2682926829268293,2534.2392075438797,2534.2392075438797,5.262244482124094,81.85831943141923,62.04530202161582,13.348132344900142,0.757959636266382,19.89900512064744,True,0.23703803973531956
17x10E,17.0,10.0,440.0,0.033863119834710735,1.1160975609756099,2534.2392075438797,2534.2392075438797,5.979823275141016,81.85831943141923,62.04530202161582,13.348132344900144,0.757959636266382,15.47970768751951,True,0.26936140879013587
17x10E,17.0,10.0,420.0,0.03716496598639456,1.0653658536585366,2534.2392075438797,2534.2392075438797,6.264576764433445,81.85831943141923,62.04530202161582,13.348132344900142,0.757959636266382,14.076447611018077,True,0.2821881425420471
17x10E,17.0,10.0,400.0,0.040974375,1.0146341463414634,2534.2392075438797,2534.2392075438797,6.5778056026551175,81.85831943141923,62.04530202161582,13.348132344900142,0.757959636266382,12.785418204603701,True,0.29629754966914945
17x10E,17.0,10.0,380.0,0.04540096952908587,0.9639024390243903,2534.2392075438797,2534.2392075438797,6.924005897531703,81.85831943141923,62.04530202161582,13.348132344900144,0.757959636266382,11.500781870287609,True,0.31189215754647315
17x10E,17.0,10.0,880.0,0.008465779958677684,2.2321951219512197,2534.2392075438797,2534.2392075438797,2.989911637570508,81.85831943141923,62.04530202161582,13.348132344900144,0.757959636266382,39.195874727858694,True,0.13468070439506794
MJ-21x13E,21.0,13.0,700.0,0.013379387755102041,1.775609756097561,1710.5042717271212,1710.5042717271212,2.6421062171737137,82.53605204248183,72.42580599479886,9.382699151719335,0.773478645599659,37.93334777675034,True,0.1190137935663835
MJ-21x13E,21.0,13.0,820.0,0.00975,2.08,1710.5042717271212,1710.5042717271212,2.2554565268556095,82.53605204248183,72.42580599479886,9.382699151719336,0.773478645599659,37.93334777675034,True,0.10159714084935179
MJ-21x13E,21.0,13.0,720.0,0.012646412037037036,1.8263414634146342,1710.5042717271212,1710.5042717271212,2.5687143778077774,82.53605204248183,72.42580599479886,9.382699151719336,0.773478645599659,37.93334777675034,True,0.1157078548562062
MJ-21x13E,21.0,13.0,740.0,0.011972059897735574,1.8770731707317074,1710.5042717271212,1710.5042717271212,2.4992896648940537,82.53605204248183,72.42580599479886,9.382699151719336,0.773478645599659,37.93334777675034,True,0.11258061553576819
MJ-21x13E,21.0,13.0,660.0,0.015050275482093664,1.6741463414634148,1710.5042717271212,1710.5042717271212,2.802233866699394,82.53605204248183,72.42580599479886,9.382699151719336,0.773478645599659,37.93334777675034,True,0.12622675075222495
MJ-21x13E,21.0,13.0,540.0,0.02248251028806584,1.3697560975609757,1710.5042717271212,1710.5042717271212,3.4249525037437034,82.53605204248183,72.42580599479886,9.382699151719336,0.773478645599659,34.84259231301183,True,0.15427713980827493
MJ-21x13E,21.0,13.0,360.0,0.050585648148148143,0.9131707317073171,1710.5042717271212,1710.5042717271212,5.137428755615555,82.53605204248183,72.42580599479886,9.382699151719336,0.773478645599659,18.038282448492758,True,0.2314157097124124
MJ-21x13E,21.0,13.0,280.0,0.08362117346938774,0.7102439024390245,1710.5042717271212,1710.5042717271212,6.605265542934285,82.53605204248183,72.42580599479886,9.382699151719336,0.773478645599659,11.571937407791777,True,0.2975344839159588
MJ-21x13E,21.0,13.0,240.0,0.11381770833333335,0.608780487804878,1710.5042717271212,1710.5042717271212,7.706143133423334,82.53605204248183,72.42580599479886,9.382699151719336,0.773478645599659,8.648596703448462,True,0.34712356456861865
MJ-21x13E,21.0,13.0,180.0,0.20234259259259257,0.45658536585365855,1710.5042717271212,1710.5042717271212,10.27485751123111,82.53605204248183,72.42580599479886,9.382699151719336,0.773478645599659,4.795130040645508,True,0.4628314194248248
MJ-21x13E,21.0,13.0,480.0,0.028454427083333338,1.217560975609756,1710.5042717271212,1710.5042717271212,3.853071566711667,82.53605204248183,72.42580599479886,9.382699151719336,0.773478645599659,28.905994920488208,True,0.17356178228430932
MJ-21x13E,21.0,13.0,560.0,0.020905293367346936,1.420487804878049,1710.5042717271212,1710.5042717271212,3.3026327714671426,82.53605204248183,72.42580599479886,9.382699151719336,0.773478645599659,36.821458110519714,True,0.1487672419579794
MJ-21x13E,21.0,13.0,780.0,0.010775641025641026,1.9785365853658536,1710.5042717271212,1710.5042717271212,2.3711209641302564,82.53605204248184,72.42580599479886,9.382699151719336,0.7734786455996588,37.93334777675034,True,0.10680725063649804
MJ-21x13E,21.0,13.0,680.0,0.014177984429065746,1.7248780487804878,1710.5042717271212,1710.5042717271212,2.7198152235611763,82.53605204248184,72.42580599479886,9.382699151719336,0.7734786455996588,37.93334777675034,True,0.12251419925951246
MJ-21x13E,21.0,13.0,840.0,0.00929124149659864,2.1307317073170733,1710.5042717271212,1710.5042717271212,2.201755180978095,82.53605204248184,72.42580599479886,9.382699151719336,0.7734786455996588,37.93334777675034,True,0.0991781613053196
MJ-21x13E,21.0,13.0,880.0,0.008465779958677684,2.2321951219512197,1710.5042717271212,1710.5042717271212,2.1016754000245452,82.53605204248184,72.42580599479886,9.382699151719336,0.7734786455996588,37.93334777675034,True,0.09467006306416871
MJ-21x13E,21.0,13.0,260.0,0.09698076923076923,0.6595121951219513,1710.5042717271212,1710.5042717271212,7.113362892390769,82.53605204248184,72.42580599479886,9.382699151719336,0.7734786455996588,10.051901193560736,True,0.3204217519094941
MJ-21x13E,21.0,13.0,220.0,0.13545247933884294,0.5580487804878049,1710.5042717271212,1710.5042717271212,8.406701600098181,82.53605204248184,72.42580599479886,9.382699151719336,0.7734786455996588,7.310629657215157,True,0.37868025225667484
MJ-21x13E,21.0,13.0,640.0,0.016005615234375,1.6234146341463416,1710.5042717271212,1710.5042717271212,2.88980367503375,82.53605204248184,72.42580599479886,9.382699151719336,0.7734786455996588,37.93334777675034,True,0.13017133671323197
MJ-21x13E,21.0,13.0,600.0,0.018210833333333332,1.5219512195121951,1710.5042717271212,1710.5042717271212,3.0824572533693333,82.53605204248184,72.42580599479886,9.382699151719336,0.7734786455996588,37.93334777675034,True,0.13884942582744744
MJ-21x13E,21.0,13.0,320.0,0.0640224609375,0.8117073170731708,1710.5042717271212,1710.5042717271212,5.7796073500675,82.53605204248184,72.42580599479886,9.382699151719336,0.7734786455996588,14.642068572529547,True,0.26034267342646394
MJ-21x13E,21.0,13.0,340.0,0.05671193771626298,0.8624390243902439,1710.5042717271212,1710.5042717271212,5.439630447122353,82.53605204248184,72.42580599479886,9.382699151719336,0.7734786455996588,16.340175510511145,True,0.24502839851902491
MJ-21x13E,21.0,13.0,300.0,0.07284333333333333,0.7609756097560976,1710.5042717271212,1710.5042717271212,6.164914506738667,82.53605204248184,72.42580599479886,9.382699151719336,0.7734786455996588,13.09639744734705,True,0.2776988516548949
MJ-21x13E,21.0,13.0,420.0,0.03716496598639456,1.0653658536585366,1710.5042717271212,1710.5042717271212,4.40351036195619,82.53605204248184,72.42580599479886,9.382699151719336,0.7734786455996588,23.31757994853782,True,0.1983563226106392
MJ-21x13E,21.0,13.0,500.0,0.0262236,1.2682926829268293,1710.5042717271212,1710.5042717271212,3.6989487040432,82.53605204248184,72.42580599479886,9.382699151719336,0.7734786455996588,30.884860717996084,True,0.16661931099293695
MJ-21x13E,21.0,13.0,520.0,0.024245192307692308,1.3190243902439025,1710.5042717271212,1710.5042717271212,3.5566814461953844,82.53605204248184,72.42580599479886,9.382699151719336,0.7734786455996588,32.863726515503956,True,0.16021087595474706
MJ-21x13E,21.0,13.0,440.0,0.033863119834710735,1.1160975609756099,1710.5042717271212,1710.5042717271212,4.2033508000490905,82.53605204248184,72.42580599479886,9.382699151719336,0.7734786455996588,25.166917414533323,True,0.18934012612833742
MJ-21x13E,21.0,13.0,620.0,0.017054890738813736,1.5726829268292684,1710.5042717271212,1710.5042717271212,2.9830231484219354,82.53605204248184,72.42580599479886,9.382699151719336,0.7734786455996588,37.93334777675034,True,0.13437041209107817
MJ-21x13E,21.0,13.0,900.0,0.008093703703703702,2.282926829268293,1710.5042717271212,1710.5042717271212,2.054971502246222,82.53605204248184,72.42580599479886,9.382699151719336,0.7734786455996588,37.93334777675034,True,0.09256628388496496
MJ-21x13E,21.0,13.0,580.0,0.019488406658739597,1.471219512195122,1710.5042717271212,1710.5042717271212,3.188748882795862,82.53605204248184,72.42580599479886,9.382699151719336,0.7734786455996588,37.93334777675034,True,0.14363733706287668
MJ-21x13E,21.0,13.0,800.0,0.01024359375,2.029268292682927,1710.5042717271212,1710.5042717271212,2.311842940027,82.53605204248186,72.42580599479886,9.382699151719338,0.7734786455996586,37.93334777675034,True,0.1041370693705856
MJ-21x13E,21.0,13.0,760.0,0.011350242382271468,1.9278048780487806,1710.5042717271212,1710.5042717271212,2.4335188842389472,82.53605204248186,72.42580599479886,9.382699151719336,0.7734786455996586,37.93334777675034,True,0.10961796775851114
MJ-21x13E,21.0,13.0,460.0,0.030982514177693755,1.166829268292683,1710.5042717271212,1710.5042717271212,4.020596417438261,82.53605204248186,72.42580599479886,9.382699151719338,0.7734786455996586,27.01625488052882,True,0.18110794673145322
MJ-21x13E,21.0,13.0,200.0,0.1638975,0.5073170731707317,1710.5042717271212,1710.5042717271212,9.247371760108,82.53605204248186,72.42580599479886,9.382699151719338,0.7734786455996586,5.972662610981849,True,0.4165482774823424
MJ-21x13E,21.0,13.0,380.0,0.04540096952908587,0.9639024390243903,1710.5042717271212,1710.5042717271212,4.8670377684778945,82.53605204248186,72.42580599479886,9.382699151719336,0.7734786455996586,19.73638938647437,True,0.21923593551702228
MJ-21x13E,21.0,13.0,400.0,0.040974375,1.0146341463414634,1710.5042717271212,1710.5042717271212,4.623685880054,82.53605204248186,72.42580599479886,9.382699151719338,0.7734786455996586,21.473428775755693,True,0.2082741387411712
MJ-21x13E,21.0,13.0,860.0,0.008864115738236884,2.1814634146341465,1710.5042717271212,1710.5042717271212,2.1505515721181396,82.53605204248187,72.42580599479886,9.382699151719338,0.7734786455996585,37.93334777675034,True,0.09687169243775404
MJ-26x15EL,26.0,15.0,240.0,0.11381770833333335,0.608780487804878,1368.6683253047463,1368.6683253047463,6.404729800659484,83.15732683669353,83.62626593699883,7.79814906460784,0.7623837571382033,11.677327164882373,True,0.28850134237204883
MJ-26x15EL,26.0,15.0,480.0,0.028454427083333338,1.217560975609756,1368.6683253047463,1368.6683253047463,3.202364900329742,83.15732683669353,83.62626593699883,7.79814906460784,0.7623837571382033,34.564889312361636,True,0.14425067118602442
MJ-26x15EL,26.0,15.0,560.0,0.020905293367346936,1.420487804878049,1368.6683253047463,1368.6683253047463,2.744884200282636,83.15732683669354,83.62626593699883,7.798149064607841,0.7623837571382032,43.01283032369893,True,0.12364343244516379
MJ-26x15EL,26.0,15.0,820.0,0.00975,2.08,1368.6683253047463,1368.6683253047463,1.8745550636076538,83.15732683669354,83.62626593699883,7.79814906460784,0.7623837571382032,50.247215851476604,True,0.08443941727962405
MJ-26x15EL,26.0,15.0,280.0,0.08362117346938774,0.7102439024390245,1368.6683253047463,1368.6683253047463,5.489768400565272,83.15732683669354,83.62626593699883,7.798149064607841,0.7623837571382032,15.093257646854347,True,0.24728686489032758
MJ-26x15EL,26.0,15.0,740.0,0.011972059897735574,1.8770731707317074,1368.6683253047463,1368.6683253047463,2.0772096650787515,83.15732683669354,83.62626593699883,7.79814906460784,0.7623837571382032,50.247215851476604,True,0.0935680029314753
MJ-26x15EL,26.0,15.0,640.0,0.016005615234375,1.6234146341463416,1368.6683253047463,1368.6683253047463,2.4017736752473064,83.15732683669354,83.62626593699883,7.79814906460784,0.7623837571382032,50.247215851476604,True,0.10818800338951831
MJ-26x15EL,26.0,15.0,320.0,0.0640224609375,0.8117073170731708,1368.6683253047463,1368.6683253047463,4.803547350494613,83.15732683669354,83.62626593699883,7.79814906460784,0.7623837571382032,18.708935166249375,True,0.21637600677903662
MJ-26x15EL,26.0,15.0,460.0,0.030982514177693755,1.166829268292683,1368.6683253047463,1368.6683253047463,3.3415981568658175,83.15732683669354,83.62626593699883,7.79814906460784,0.7623837571382032,32.49215428844663,True,0.15052243949846025
MJ-26x15EL,26.0,15.0,780.0,0.010775641025641026,1.9785365853658536,1368.6683253047463,1368.6683253047463,1.9706860925106104,83.15732683669354,83.62626593699883,7.7981490646078395,0.7623837571382032,50.247215851476604,True,0.08876964380678426
MJ-26x15EL,26.0,15.0,500.0,0.0262236,1.2682926829268293,1368.6683253047463,1368.6683253047463,3.0742703043165522,83.15732683669354,83.62626593699883,7.7981490646078395,0.7623837571382032,36.638335817788786,True,0.13848064433858343
MJ-26x15EL,26.0,15.0,900.0,0.008093703703703702,2.282926829268293,1368.6683253047463,1368.6683253047463,1.707927946842529,83.15732683669356,83.62626593699883,7.79814906460784,0.7623837571382029,50.247215851476604,True,0.07693369129921303
MJ-26x15EL,26.0,15.0,520.0,0.024245192307692308,1.3190243902439025,1368.6683253047463,1368.6683253047463,2.9560291387659157,83.15732683669356,83.62626593699883,7.79814906460784,0.7623837571382029,38.746605776313075,True,0.1331544657101764
MJ-26x15EL,26.0,15.0,800.0,0.01024359375,2.029268292682927,1368.6683253047463,1368.6683253047463,1.9214189401978452,83.15732683669356,83.62626593699883,7.79814906460784,0.7623837571382029,50.247215851476604,True,0.08655040271161465
MJ-26x15EL,26.0,15.0,700.0,0.013379387755102041,1.775609756097561,1368.6683253047463,1368.6683253047463,2.195907360226109,83.15732683669356,83.62626593699883,7.79814906460784,0.7623837571382029,50.247215851476604,True,0.09891474595613103
MJ-26x15EL,26.0,15.0,620.0,0.017054890738813736,1.5726829268292684,1368.6683253047463,1368.6683253047463,2.4792502454165746,83.15732683669356,83.62626593699883,7.79814906460784,0.7623837571382029,49.41216714477771,True,0.11167793898272858
MJ-26x15EL,26.0,15.0,600.0,0.018210833333333332,1.5219512195121951,1368.6683253047463,1368.6683253047463,2.5618919202637938,83.15732683669356,83.62626593699883,7.79814906460784,0.7623837571382029,47.2790548710848,True,0.11540053694881955
MJ-26x15EL,26.0,15.0,860.0,0.008864115738236884,2.1814634146341465,1368.6683253047463,1368.6683253047463,1.7873664559979956,83.15732683669356,83.62626593699883,7.798149064607841,0.7623837571382029,50.247215851476604,True,0.08051200252243224
MJ-26x15EL,26.0,15.0,400.0,0.040974375,1.0146341463414634,1368.6683253047463,1368.6683253047463,3.8428378803956904,83.15732683669356,83.62626593699883,7.79814906460784,0.7623837571382029,26.415343532810486,True,0.1731008054232293
MJ-26x15EL,26.0,15.0,540.0,0.02248251028806584,1.3697560975609757,1368.6683253047463,1368.6683253047463,2.846546578070882,83.15732683669356,83.62626593699883,7.79814906460784,0.7623837571382029,40.879718050006,True,0.12822281883202172
MJ-26x15EL,26.0,15.0,300.0,0.07284333333333333,0.7609756097560976,1368.6683253047463,1368.6683253047463,5.1237838405275875,83.15732683669356,83.62626593699883,7.79814906460784,0.7623837571382029,16.901096406551854,True,0.2308010738976391
MJ-26x15EL,26.0,15.0,260.0,0.09698076923076923,0.6595121951219513,1368.6683253047463,1368.6683253047463,5.912058277531831,83.15732683669356,83.62626593699883,7.79814906460784,0.7623837571382029,13.320316432849891,True,0.2663089314203528
MJ-26x15EL,26.0,15.0,200.0,0.1638975,0.5073170731707317,1368.6683253047463,1368.6683253047463,7.685675760791381,83.15732683669356,83.62626593699883,7.79814906460784,0.7623837571382029,8.430298783951503,True,0.3462016108464586
MJ-26x15EL,26.0,15.0,420.0,0.03716496598639456,1.0653658536585366,1368.6683253047463,1368.6683253047463,3.659845600376848,83.15732683669357,83.62626593699883,7.79814906460784,0.7623837571382028,28.3794215906483,True,0.16485790992688504
MJ-26x15EL,26.0,15.0,440.0,0.033863119834710735,1.1160975609756099,1368.6683253047463,1368.6683253047463,3.4934889821779005,83.15732683669357,83.62626593699883,7.798149064607841,0.7623837571382028,30.419419264531623,True,0.1573643685665721
MJ-26x15EL,26.0,15.0,360.0,0.050585648148148143,0.9131707317073171,1368.6683253047463,1368.6683253047463,4.269819867106323,83.15732683669357,83.62626593699883,7.79814906460784,0.7623837571382028,22.50947091547232,True,0.19233422824803256
MJ-26x15EL,26.0,15.0,580.0,0.019488406658739597,1.471219512195122,1368.6683253047463,1368.6683253047463,2.6502330209625455,83.15732683669357,83.62626593699883,7.798149064607841,0.7623837571382028,45.14594259739185,True,0.11937986580912367
MJ-26x15EL,26.0,15.0,660.0,0.015050275482093664,1.6741463414634148,1368.6683253047463,1368.6683253047463,2.3289926547852673,83.15732683669357,83.62626593699883,7.798149064607842,0.7623837571382028,50.247215851476604,True,0.10490957904438142
MJ-26x15EL,26.0,15.0,880.0,0.008465779958677684,2.2321951219512197,1368.6683253047463,1368.6683253047463,1.7467444910889502,83.15732683669357,83.62626593699883,7.798149064607841,0.7623837571382028,50.247215851476604,True,0.07868218428328605
MJ-26x15EL,26.0,15.0,720.0,0.012646412037037036,1.8263414634146342,1368.6683253047463,1368.6683253047463,2.1349099335531614,83.15732683669357,83.62626593699883,7.79814906460784,0.7623837571382028,50.247215851476604,True,0.09616711412401628
MJ-26x15EL,26.0,15.0,760.0,0.011350242382271468,1.9278048780487806,1368.6683253047463,1368.6683253047463,2.0225462528398372,83.15732683669357,83.62626593699883,7.798149064607841,0.7623837571382028,50.247215851476604,True,0.09110568706485754
MJ-26x15EL,26.0,15.0,220.0,0.13545247933884294,0.5580487804878049,1368.6683253047463,1368.6683253047463,6.986977964355801,83.15732683669357,83.62626593699883,7.798149064607841,0.7623837571382028,10.053812974416939,True,0.3147287371331442
MJ-26x15EL,26.0,15.0,840.0,0.00929124149659864,2.1307317073170733,1368.6683253047463,1368.6683253047463,1.829922800188424,83.15732683669357,83.62626593699883,7.79814906460784,0.7623837571382028,50.247215851476604,True,0.08242895496344252
MJ-26x15EL,26.0,15.0,380.0,0.04540096952908587,0.9639024390243903,1368.6683253047463,1368.6683253047463,4.0450925056796745,83.15732683669357,83.62626593699883,7.798149064607841,0.7623837571382028,24.462407224141405,True,0.18221137412971508
MJ-26x15EL,26.0,15.0,180.0,0.20234259259259257,0.45658536585365855,1368.6683253047463,1368.6683253047463,8.539639734212646,83.15732683669357,83.62626593699883,7.79814906460784,0.7623837571382028,6.898052850856271,True,0.3846684564960651
MJ-26x15EL,26.0,15.0,340.0,0.05671193771626298,0.8624390243902439,1368.6683253047463,1368.6683253047463,4.520985741641989,83.15732683669358,83.62626593699883,7.79814906460784,0.7623837571382027,20.563845340053096,True,0.20364800638026978
MJ-26x15EL,26.0,15.0,680.0,0.014177984429065746,1.7248780487804878,1368.6683253047463,1368.6683253047463,2.2604928708209946,83.15732683669358,83.62626593699883,7.79814906460784,0.7623837571382027,50.247215851476604,True,0.10182400319013489
MJ-20x13E,20.0,13.0,860.0,0.008864115738236884,2.1814634146341465,1961.6418975389442,1961.6418975389442,2.4265827606880035,83.91484944681183,71.21621355948615,10.587003030045611,0.7744031737307437,33.02946850677479,True,0.10930552976072089
MJ-20x13E,20.0,13.0,500.0,0.0262236,1.2682926829268293,1961.6418975389442,1961.6418975389442,4.173722348383366,83.91484944681183,71.21621355948615,10.587003030045611,0.7744031737307437,28.568391219157657,True,0.18800551118843992
MJ-20x13E,20.0,13.0,480.0,0.028454427083333338,1.217560975609756,1961.6418975389442,1961.6418975389442,4.347627446232673,83.91484944681183,71.21621355948615,10.587003030045611,0.7744031737307437,26.67577381210635,True,0.19583907415462493
MJ-20x13E,20.0,13.0,700.0,0.013379387755102041,1.775609756097561,1961.6418975389442,1961.6418975389442,2.9812302488452618,83.91484944681183,71.21621355948615,10.587003030045613,0.7744031737307437,33.02946850677479,True,0.13428965084888567
MJ-20x13E,20.0,13.0,560.0,0.020905293367346936,1.420487804878049,1961.6418975389442,1961.6418975389442,3.726537811056577,83.91484944681183,71.21621355948615,10.587003030045613,0.7744031737307437,33.02946850677479,True,0.16786206356110708
MJ-20x13E,20.0,13.0,540.0,0.02248251028806584,1.3697560975609757,1961.6418975389442,1961.6418975389442,3.8645577299845986,83.91484944681183,71.21621355948615,10.587003030045613,0.7744031737307437,32.35362603326025,True,0.17407917702633327
MJ-20x13E,20.0,13.0,240.0,0.11381770833333335,0.608780487804878,1961.6418975389442,1961.6418975389442,8.695254892465346,83.91484944681183,71.21621355948615,10.587003030045611,0.7744031737307437,7.556940322670131,True,0.39167814830924985
MJ-20x13E,20.0,13.0,280.0,0.08362117346938774,0.7102439024390245,1961.6418975389442,1961.6418975389442,7.453075622113154,83.91484944681183,71.21621355948615,10.587003030045613,0.7744031737307437,10.254957228120675,True,0.33572412712221417
MJ-20x13E,20.0,13.0,260.0,0.09698076923076923,0.6595121951219513,1961.6418975389442,1961.6418975389442,8.026389131506473,83.91484944681184,71.21621355948615,10.587003030045611,0.7744031737307436,8.861625911538201,True,0.3615490599777691
MJ-20x13E,20.0,13.0,320.0,0.0640224609375,0.8117073170731708,1961.6418975389442,1961.6418975389442,6.52144116934901,83.91484944681184,71.21621355948615,10.587003030045613,0.7744031737307436,13.108647999483034,True,0.29375861123193736
MJ-20x13E,20.0,13.0,360.0,0.050585648148148143,0.9131707317073171,1961.6418975389442,1961.6418975389442,5.796836594976898,83.91484944681184,71.21621355948615,10.587003030045613,0.7744031737307436,16.261746415448027,True,0.2611187655394999
MJ-20x13E,20.0,13.0,420.0,0.03716496598639456,1.0653658536585366,1961.6418975389442,1961.6418975389442,4.968717081408769,83.91484944681184,71.21621355948615,10.587003030045613,0.7744031737307436,21.287930643205218,True,0.22381608474814277
MJ-20x13E,20.0,13.0,460.0,0.030982514177693755,1.166829268292683,1961.6418975389442,1961.6418975389442,4.536654726503659,83.91484944681184,71.21621355948615,10.587003030045615,0.7744031737307436,24.79268964520247,True,0.20435381650917386
MJ-20x13E,20.0,13.0,180.0,0.20234259259259257,0.45658536585365855,1961.6418975389442,1961.6418975389442,11.593673189953796,83.91484944681184,71.21621355948615,10.587003030045613,0.7744031737307436,4.087743046719244,True,0.5222375310789998
MJ-20x13E,20.0,13.0,840.0,0.00929124149659864,2.1307317073170733,1961.6418975389442,1961.6418975389442,2.4843585407043847,83.91484944681184,71.21621355948615,10.587003030045613,0.7744031737307436,33.02946850677479,True,0.11190804237407138
MJ-20x13E,20.0,13.0,300.0,0.07284333333333333,0.7609756097560976,1961.6418975389442,1961.6418975389442,6.956203913972277,83.91484944681184,71.21621355948615,10.587003030045611,0.7744031737307436,11.648288544703146,True,0.31334251864739987
MJ-20x13E,20.0,13.0,520.0,0.024245192307692308,1.3190243902439025,1961.6418975389442,1961.6418975389442,4.013194565753237,83.91484944681184,71.21621355948615,10.587003030045611,0.7744031737307436,30.461008626208947,True,0.18077452998888455
MJ-20x13E,20.0,13.0,580.0,0.019488406658739597,1.471219512195122,1961.6418975389442,1961.6418975389442,3.59803650722704,83.91484944681184,71.21621355948615,10.587003030045611,0.7744031737307436,33.02946850677479,True,0.16207371654175856
MJ-20x13E,20.0,13.0,820.0,0.00975,2.08,1961.6418975389442,1961.6418975389442,2.544952651453272,83.91484944681184,71.21621355948615,10.587003030045611,0.7744031737307436,33.02946850677479,True,0.11463750682221947
MJ-20x13E,20.0,13.0,780.0,0.010775641025641026,1.9785365853658536,1961.6418975389442,1961.6418975389442,2.675463043835491,83.91484944681184,71.21621355948615,10.587003030045611,0.7744031737307436,33.02946850677479,True,0.12051635332592302
MJ-20x13E,20.0,13.0,720.0,0.012646412037037036,1.8263414634146342,1961.6418975389442,1961.6418975389442,2.898418297488449,83.91484944681184,71.21621355948615,10.587003030045613,0.7744031737307436,33.02946850677479,True,0.13055938276974996
MJ-20x13E,20.0,13.0,660.0,0.015050275482093664,1.6741463414634148,1961.6418975389442,1961.6418975389442,3.161910869987399,83.91484944681184,71.21621355948615,10.587003030045613,0.7744031737307436,33.02946850677479,True,0.14242841756699995
MJ-20x13E,20.0,13.0,900.0,0.008093703703703702,2.282926829268293,1961.6418975389442,1961.6418975389442,2.318734637990759,83.91484944681184,71.21621355948615,10.587003030045613,0.7744031737307436,33.02946850677479,True,0.10444750621579996
MJ-20x13E,20.0,13.0,640.0,0.016005615234375,1.6234146341463416,1961.6418975389442,1961.6418975389442,3.260720584674505,83.91484944681184,71.21621355948615,10.587003030045613,0.7744031737307436,33.02946850677479,True,0.14687930561596868
MJ-20x13E,20.0,13.0,600.0,0.018210833333333332,1.5219512195121951,1961.6418975389442,1961.6418975389442,3.4781019569861384,83.91484944681184,71.21621355948615,10.587003030045611,0.7744031737307436,33.02946850677479,True,0.15667125932369994
MJ-20x13E,20.0,13.0,380.0,0.04540096952908587,0.9639024390243903,1961.6418975389442,1961.6418975389442,5.491739932083377,83.91484944681186,71.21621355948615,10.587003030045613,0.7744031737307434,17.840449870428735,True,0.24737567261636834
MJ-20x13E,20.0,13.0,340.0,0.05671193771626298,0.8624390243902439,1961.6418975389442,1961.6418975389442,6.137826982916716,83.91484944681186,71.21621355948615,10.587003030045613,0.7744031737307434,14.68304296046731,True,0.2764786929241764
MJ-20x13E,20.0,13.0,880.0,0.008465779958677684,2.2321951219512197,1961.6418975389442,1961.6418975389442,2.371433152490549,83.91484944681186,71.21621355948615,10.587003030045613,0.7744031737307434,33.02946850677479,True,0.10682131317524997
MJ-20x13E,20.0,13.0,440.0,0.033863119834710735,1.1160975609756099,1961.6418975389442,1961.6418975389442,4.742866304981098,83.91484944681186,71.21621355948615,10.587003030045613,0.7744031737307434,23.040310144203836,True,0.21364262635049994
MJ-20x13E,20.0,13.0,740.0,0.011972059897735574,1.8770731707317074,1961.6418975389442,1961.6418975389442,2.820082667826599,83.91484944681186,71.21621355948615,10.587003030045613,0.7744031737307434,33.02946850677479,True,0.12703075080299997
MJ-20x13E,20.0,13.0,760.0,0.011350242382271468,1.9278048780487806,1961.6418975389442,1961.6418975389442,2.7458699660416883,83.91484944681186,71.21621355948615,10.587003030045613,0.7744031737307434,33.02946850677479,True,0.12368783630818417
MJ-20x13E,20.0,13.0,620.0,0.017054890738813736,1.5726829268292684,1961.6418975389442,1961.6418975389442,3.3659051196640055,83.91484944681186,71.21621355948615,10.587003030045613,0.7744031737307434,33.02946850677479,True,0.15161734773261287
MJ-20x13E,20.0,13.0,220.0,0.13545247933884294,0.5580487804878049,1961.6418975389442,1961.6418975389442,9.485732609962197,83.91484944681186,71.21621355948615,10.587003030045613,0.7744031737307434,6.369016301222066,True,0.4272852527009999
MJ-20x13E,20.0,13.0,800.0,0.01024359375,2.029268292682927,1961.6418975389442,1961.6418975389442,2.608576467739604,83.91484944681186,71.21621355948615,10.587003030045613,0.7744031737307434,33.02946850677479,True,0.11750344449277497
MJ-20x13E,20.0,13.0,400.0,0.040974375,1.0146341463414634,1961.6418975389442,1961.6418975389442,5.217152935479208,83.91484944681186,71.21621355948615,10.587003030045613,0.7744031737307434,19.535551142206597,True,0.23500688898554994
MJ-20x13E,20.0,13.0,680.0,0.014177984429065746,1.7248780487804878,1961.6418975389442,1961.6418975389442,3.068913491458358,83.91484944681186,71.21621355948615,10.587003030045613,0.7744031737307434,33.02946850677479,True,0.1382393464620882
MJ-20x13E,20.0,13.0,200.0,0.1638975,0.5073170731707317,1961.6418975389442,1961.6418975389442,10.434305870958417,83.91484944681186,71.21621355948615,10.587003030045613,0.7744031737307434,5.181092279774002,True,0.4700137779710999
MJ-20x11EWL,20.0,11.0,240.0,0.11381770833333335,0.608780487804878,2002.603757222946,2002.603757222946,8.857138397232841,84.03692681594394,73.76848328549136,10.78410606804545,0.7740874090541983,7.348276308280791,True,0.39897019807355144
MJ-20x11EWL,20.0,11.0,280.0,0.08362117346938774,0.7102439024390245,2002.603757222946,2002.603757222946,7.591832911913864,84.03692681594394,73.76848328549136,10.78410606804545,0.7740874090541983,10.087202840034633,True,0.3419744554916155
MJ-20x11EWL,20.0,11.0,480.0,0.028454427083333338,1.217560975609756,2002.603757222946,2002.603757222946,4.428569198616421,84.03692681594394,73.76848328549136,10.78410606804545,0.7740874090541983,26.75987095478069,True,0.19948509903677572
MJ-20x11EWL,20.0,11.0,500.0,0.0262236,1.2682926829268293,2002.603757222946,2002.603757222946,4.2514264306717635,84.03692681594394,73.76848328549136,10.78410606804545,0.7740874090541983,28.69314025628859,True,0.19150569507530468
MJ-20x11EWL,20.0,11.0,560.0,0.020905293367346936,1.420487804878049,2002.603757222946,2002.603757222946,3.795916455956932,84.03692681594394,73.76848328549136,10.78410606804545,0.7740874090541983,32.081855234096444,True,0.17098722774580774
MJ-20x11EWL,20.0,11.0,700.0,0.013379387755102041,1.775609756097561,2002.603757222946,2002.603757222946,3.0367331647655456,84.03692681594394,73.76848328549136,10.78410606804545,0.7740874090541983,32.081855234096444,True,0.1367897821966462
MJ-20x11EWL,20.0,11.0,740.0,0.011972059897735574,1.8770731707317074,2002.603757222946,2002.603757222946,2.87258542612957,84.03692681594394,73.76848328549136,10.78410606804545,0.7740874090541983,32.081855234096444,True,0.1293957399157464
MJ-20x11EWL,20.0,11.0,860.0,0.008864115738236884,2.1814634146341465,2002.603757222946,2002.603757222946,2.471759552716142,84.03692681594396,73.76848328549136,10.784106068045451,0.774087409054198,32.081855234096444,True,0.111340520392619
MJ-20x11EWL,20.0,11.0,260.0,0.09698076923076923,0.6595121951219513,2002.603757222946,2002.603757222946,8.175820058984161,84.03692681594396,73.76848328549136,10.78410606804545,0.774087409054198,8.694239824601784,True,0.3682801828371244
MJ-20x11EWL,20.0,11.0,320.0,0.0640224609375,0.8117073170731708,2002.603757222946,2002.603757222946,6.642853797924631,84.03692681594396,73.76848328549136,10.78410606804545,0.774087409054198,12.989726223338014,True,0.29922764855516354
MJ-20x11EWL,20.0,11.0,520.0,0.024245192307692308,1.3190243902439025,2002.603757222946,2002.603757222946,4.087910029492081,84.03692681594396,73.76848328549136,10.78410606804545,0.774087409054198,30.626409557796485,True,0.1841400914185622
MJ-20x11EWL,20.0,11.0,540.0,0.02248251028806584,1.3697560975609757,2002.603757222946,2002.603757222946,3.9365059543257073,84.03692681594396,73.76848328549136,10.784106068045451,0.774087409054198,32.081855234096444,True,0.17732008803268953
MJ-20x11EWL,20.0,11.0,580.0,0.019488406658739597,1.471219512195122,2002.603757222946,2002.603757222946,3.6650227850618653,84.03692681594396,73.76848328549136,10.78410606804545,0.774087409054198,32.081855234096444,True,0.16509111644422816
MJ-20x11EWL,20.0,11.0,620.0,0.017054890738813736,1.5726829268292684,2002.603757222946,2002.603757222946,3.428569702154648,84.03692681594396,73.76848328549136,10.78410606804545,0.774087409054198,32.081855234096444,True,0.1544400766736328
MJ-20x11EWL,20.0,11.0,640.0,0.016005615234375,1.6234146341463416,2002.603757222946,2002.603757222946,3.3214268989623155,84.03692681594396,73.76848328549136,10.78410606804545,0.774087409054198,32.081855234096444,True,0.14961382427758177
MJ-20x11EWL,20.0,11.0,780.0,0.010775641025641026,1.9785365853658536,2002.603757222946,2002.603757222946,2.72527335299472,84.03692681594396,73.76848328549136,10.784106068045448,0.774087409054198,32.081855234096444,True,0.12276006094570811
MJ-20x11EWL,20.0,11.0,660.0,0.015050275482093664,1.6741463414634148,2002.603757222946,2002.603757222946,3.2207775989937604,84.03692681594396,73.76848328549136,10.78410606804545,0.774087409054198,32.081855234096444,True,0.14508007202674597
MJ-20x11EWL,20.0,11.0,880.0,0.008465779958677684,2.2321951219512197,2002.603757222946,2002.603757222946,2.4155831992453205,84.03692681594397,73.76848328549136,10.784106068045451,0.7740874090541979,32.081855234096444,True,0.10881005402005949
MJ-20x11EWL,20.0,11.0,180.0,0.20234259259259257,0.45658536585365855,2002.603757222946,2002.603757222946,11.809517862977122,84.03692681594397,73.76848328549136,10.78410606804545,0.7740874090541979,3.8879368574297377,True,0.5319602640980686
MJ-20x11EWL,20.0,11.0,220.0,0.13545247933884294,0.5580487804878049,2002.603757222946,2002.603757222946,9.662332796981282,84.03692681594397,73.76848328549136,10.784106068045451,0.7740874090541979,6.173786398932292,True,0.43524021608023794
MJ-20x11EWL,20.0,11.0,300.0,0.07284333333333333,0.7609756097560976,2002.603757222946,2002.603757222946,7.085710717786273,84.03692681594397,73.76848328549136,10.78410606804545,0.7740874090541979,11.480165855467476,True,0.3191761584588411
MJ-20x11EWL,20.0,11.0,340.0,0.05671193771626298,0.8624390243902439,2002.603757222946,2002.603757222946,6.252097692164359,84.03692681594397,73.76848328549136,10.78410606804545,0.7740874090541979,14.575686480629495,True,0.2816260221695657
MJ-20x11EWL,20.0,11.0,360.0,0.050585648148148143,0.9131707317073171,2002.603757222946,2002.603757222946,5.904758931488561,84.03692681594397,73.76848328549136,10.78410606804545,0.7740874090541979,16.161646737920986,True,0.2659801320490343
MJ-20x11EWL,20.0,11.0,380.0,0.04540096952908587,0.9639024390243903,2002.603757222946,2002.603757222946,5.593982145620742,84.03692681594397,73.76848328549136,10.78410606804545,0.7740874090541979,17.766342282053206,True,0.25198117773066403
MJ-20x11EWL,20.0,11.0,420.0,0.03716496598639456,1.0653658536585366,2002.603757222946,2002.603757222946,5.061221941275909,84.03692681594397,73.76848328549136,10.78410606804545,0.7740874090541979,21.24570106028893,True,0.22798297032774367
MJ-20x11EWL,20.0,11.0,440.0,0.033863119834710735,1.1160975609756099,2002.603757222946,2002.603757222946,4.831166398490641,84.03692681594397,73.76848328549136,10.784106068045451,0.7740874090541979,23.0017923376676,True,0.21762010804011897
MJ-20x11EWL,20.0,11.0,460.0,0.030982514177693755,1.166829268292683,2002.603757222946,2002.603757222946,4.621115685512787,84.03692681594397,73.76848328549136,10.784106068045451,0.7740874090541979,24.828845103714563,True,0.2081583642122877
MJ-20x11EWL,20.0,11.0,600.0,0.018210833333333332,1.5219512195121951,2002.603757222946,2002.603757222946,3.5428553588931364,84.03692681594397,73.76848328549136,10.78410606804545,0.7740874090541979,32.081855234096444,True,0.15958807922942056
MJ-20x11EWL,20.0,11.0,820.0,0.00975,2.08,2002.603757222946,2002.603757222946,2.5923331894340027,84.03692681594397,73.76848328549136,10.784106068045451,0.7740874090541979,32.081855234096444,True,0.11677176528981995
MJ-20x11EWL,20.0,11.0,720.0,0.012646412037037036,1.8263414634146342,2002.603757222946,2002.603757222946,2.9523794657442806,84.03692681594397,73.76848328549136,10.78410606804545,0.7740874090541979,32.081855234096444,True,0.13299006602451716
MJ-20x11EWL,20.0,11.0,900.0,0.008093703703703702,2.282926829268293,2002.603757222946,2002.603757222946,2.3619035725954243,84.03692681594397,73.76848328549136,10.78410606804545,0.7740874090541979,32.081855234096444,True,0.10639205281961371
MJ-20x11EWL,20.0,11.0,840.0,0.00929124149659864,2.1307317073170733,2002.603757222946,2002.603757222946,2.5306109706379547,84.03692681594397,73.76848328549136,10.78410606804545,0.7740874090541979,32.081855234096444,True,0.11399148516387184
MJ-20x11EWL,20.0,11.0,680.0,0.014177984429065746,1.7248780487804878,2002.603757222946,2002.603757222946,3.1260488460821794,84.03692681594397,73.76848328549136,10.78410606804545,0.7740874090541979,32.081855234096444,True,0.14081301108478286
MJ-20x11EWL,20.0,11.0,760.0,0.011350242382271468,1.9278048780487806,2002.603757222946,2002.603757222946,2.796991072810371,84.03692681594397,73.76848328549136,10.78410606804545,0.7740874090541979,32.081855234096444,True,0.12599058886533201
MJ-20x11EWL,20.0,11.0,200.0,0.1638975,0.5073170731707317,2002.603757222946,2002.603757222946,10.62856607667941,84.03692681594399,73.76848328549136,10.784106068045451,0.7740874090541978,4.999296489583794,True,0.47876423768826176
MJ-20x11EWL,20.0,11.0,800.0,0.01024359375,2.029268292682927,2002.603757222946,2002.603757222946,2.6571415191698526,84.03692681594399,73.76848328549136,10.784106068045451,0.7740874090541978,32.081855234096444,True,0.11969105942206544
MJ-20x11EWL,20.0,11.0,400.0,0.040974375,1.0146341463414634,2002.603757222946,2002.603757222946,5.314283038339705,84.03692681594399,73.76848328549136,10.784106068045451,0.7740874090541978,19.489609782910264,True,0.23938211884413088
18x10E,18.0,10.0,200.0,0.1638975,0.5073170731707317,2457.1597732581095,2457.1597732581095,12.798190732643494,84.23350390451294,64.35246183256271,12.98548132873096,0.7639770263565508,3.112718941559951,True,0.5764950780470043
18x10E,18.0,10.0,240.0,0.11381770833333335,0.608780487804878,2457.1597732581095,2457.1597732581095,10.66515894386958,84.23350390451294,64.35246183256271,12.98548132873096,0.7639770263565508,4.897518809074325,True,0.4804125650391703
18x10E,18.0,10.0,260.0,0.09698076923076923,0.6595121951219513,2457.1597732581095,2457.1597732581095,9.844762102033458,84.23350390451294,64.35246183256271,12.985481328730963,0.7639770263565508,5.8912885977595,True,0.4434577523438495
18x10E,18.0,10.0,820.0,0.00975,2.08,2457.1597732581095,2457.1597732581095,3.121509934791096,84.23350390451294,64.35246183256271,12.98548132873096,0.7639770263565508,41.41572555857072,True,0.14060855562122054
18x10E,18.0,10.0,300.0,0.07284333333333333,0.7609756097560976,2457.1597732581095,2457.1597732581095,8.532127155095663,84.23350390451294,64.35246183256271,12.98548132873096,0.7639770263565508,8.09988154520734,True,0.3843300520313362
18x10E,18.0,10.0,660.0,0.015050275482093664,1.6741463414634148,2457.1597732581095,2457.1597732581095,3.8782396159525745,84.23350390451294,64.35246183256271,12.985481328730963,0.7639770263565508,35.792329843727245,True,0.17469547819606193
18x10E,18.0,10.0,640.0,0.016005615234375,1.6234146341463416,2457.1597732581095,2457.1597732581095,3.999434603951092,84.23350390451294,64.35246183256271,12.985481328730963,0.7639770263565508,34.41736355515,True,0.18015471188968885
18x10E,18.0,10.0,780.0,0.010775641025641026,1.9785365853658536,2457.1597732581095,2457.1597732581095,3.281587367344486,84.23350390451294,64.35246183256271,12.98548132873096,0.7639770263565508,41.41572555857072,True,0.14781925078128316
18x10E,18.0,10.0,320.0,0.0640224609375,0.8117073170731708,2457.1597732581095,2457.1597732581095,7.998869207902184,84.23350390451294,64.35246183256271,12.985481328730963,0.7639770263565508,9.263722972706953,True,0.3603094237793777
18x10E,18.0,10.0,900.0,0.008093703703703702,2.282926829268293,2457.1597732581095,2457.1597732581095,2.8440423850318877,84.23350390451294,64.35246183256271,12.985481328730963,0.7639770263565508,41.41572555857072,True,0.12811001734377872
18x10E,18.0,10.0,480.0,0.028454427083333338,1.217560975609756,2457.1597732581095,2457.1597732581095,5.33257947193479,84.23350390451294,64.35246183256271,12.98548132873096,0.7639770263565508,20.93729024980034,True,0.24020628251958515
18x10E,18.0,10.0,520.0,0.024245192307692308,1.3190243902439025,2457.1597732581095,2457.1597732581095,4.922381051016729,84.23350390451294,64.35246183256271,12.985481328730963,0.7639770263565508,24.33382730045213,True,0.22172887617192474
18x10E,18.0,10.0,540.0,0.02248251028806584,1.3697560975609757,2457.1597732581095,2457.1597732581095,4.740070641719813,84.23350390451294,64.35246183256271,12.98548132873096,0.7639770263565508,26.0798868712298,True,0.21351669557296454
18x10E,18.0,10.0,600.0,0.018210833333333332,1.5219512195121951,2457.1597732581095,2457.1597732581095,4.266063577547832,84.23350390451294,64.35246183256271,12.98548132873096,0.7639770263565508,31.130060176935103,True,0.1921650260156681
18x10E,18.0,10.0,800.0,0.01024359375,2.029268292682927,2457.1597732581095,2457.1597732581095,3.1995476831608736,84.23350390451294,64.35246183256271,12.98548132873096,0.7639770263565508,41.41572555857072,True,0.14412376951175107
18x10E,18.0,10.0,400.0,0.040974375,1.0146341463414634,2457.1597732581095,2457.1597732581095,6.399095366321747,84.23350390451294,64.35246183256271,12.98548132873096,0.7639770263565508,14.666793535073499,True,0.28824753902350214
18x10E,18.0,10.0,740.0,0.011972059897735574,1.8770731707317074,2457.1597732581095,2457.1597732581095,3.4589704682820255,84.23350390451294,64.35246183256271,12.98548132873096,0.7639770263565508,41.21129205163609,True,0.1558094805532444
18x10E,18.0,10.0,840.0,0.00929124149659864,2.1307317073170733,2457.1597732581095,2457.1597732581095,3.0471882696770227,84.23350390451296,64.35246183256271,12.985481328730963,0.7639770263565506,41.41572555857072,True,0.13726073286833437
18x10E,18.0,10.0,500.0,0.0262236,1.2682926829268293,2457.1597732581095,2457.1597732581095,5.119276293057398,84.23350390451296,64.35246183256271,12.98548132873096,0.7639770263565506,22.601026732217967,True,0.23059803121880174
18x10E,18.0,10.0,620.0,0.017054890738813736,1.5726829268292684,2457.1597732581095,2457.1597732581095,4.1284486234333855,84.23350390451296,64.35246183256271,12.98548132873096,0.7639770263565506,32.77371186604255,True,0.18596615420871107
18x10E,18.0,10.0,680.0,0.014177984429065746,1.7248780487804878,2457.1597732581095,2457.1597732581095,3.7641737448951456,84.23350390451296,64.35246183256271,12.98548132873096,0.7639770263565506,37.15103769869592,True,0.16955737589617773
18x10E,18.0,10.0,700.0,0.013379387755102041,1.775609756097561,2457.1597732581095,2457.1597732581095,3.6566259236124274,84.23350390451296,64.35246183256271,12.985481328730963,0.7639770263565506,38.504455816342656,True,0.16471287944200125
18x10E,18.0,10.0,720.0,0.012646412037037036,1.8263414634146342,2457.1597732581095,2457.1597732581095,3.55505298128986,84.23350390451296,64.35246183256271,12.985481328730963,0.7639770263565506,39.857873933989374,True,0.16013752167972342
18x10E,18.0,10.0,420.0,0.03716496598639456,1.0653658536585366,2457.1597732581095,2457.1597732581095,6.094376539354045,84.23350390451296,64.35246183256271,12.985481328730963,0.7639770263565506,16.153775000893432,True,0.27452146573666875
18x10E,18.0,10.0,360.0,0.050585648148148143,0.9131707317073171,2457.1597732581095,2457.1597732581095,7.11010596257972,84.23350390451296,64.35246183256271,12.985481328730963,0.7639770263565506,11.863404203416263,True,0.32027504335944684
18x10E,18.0,10.0,340.0,0.05671193771626298,0.8624390243902439,2457.1597732581095,2457.1597732581095,7.528347489790291,84.23350390451296,64.35246183256271,12.98548132873096,0.7639770263565506,10.536358004160528,True,0.33911475179235545
18x10E,18.0,10.0,860.0,0.008864115738236884,2.1814634146341465,2457.1597732581095,2457.1597732581095,2.9763234261961617,84.23350390451296,64.35246183256271,12.985481328730963,0.7639770263565506,41.41572555857072,True,0.1340686228016289
18x10E,18.0,10.0,280.0,0.08362117346938774,0.7102439024390245,2457.1597732581095,2457.1597732581095,9.141564809031069,84.23350390451296,64.35246183256271,12.985481328730963,0.7639770263565506,6.936748677934114,True,0.4117821986050031
18x10E,18.0,10.0,580.0,0.019488406658739597,1.471219512195122,2457.1597732581095,2457.1597732581095,4.413169218152929,84.23350390451296,64.35246183256271,12.98548132873096,0.7639770263565506,29.486408487827656,True,0.19879140622310493
18x10E,18.0,10.0,560.0,0.020905293367346936,1.420487804878049,2457.1597732581095,2457.1597732581095,4.570782404515534,84.23350390451296,64.35246183256271,12.985481328730963,0.7639770263565506,27.825946442007474,True,0.20589109930250155
18x10E,18.0,10.0,180.0,0.20234259259259257,0.45658536585365855,2457.1597732581095,2457.1597732581095,14.22021192515944,84.23350390451296,64.35246183256271,12.985481328730963,0.7639770263565506,2.2941657522048415,True,0.6405500867188937
18x10E,18.0,10.0,220.0,0.13545247933884294,0.5580487804878049,2457.1597732581095,2457.1597732581095,11.634718847857723,84.23350390451297,64.35246183256271,12.985481328730963,0.7639770263565505,3.9468225544242226,True,0.5240864345881857
18x10E,18.0,10.0,460.0,0.030982514177693755,1.166829268292683,2457.1597732581095,2457.1597732581095,5.5644307533232595,84.23350390451297,64.35246183256271,12.985481328730964,0.7639770263565505,19.29487577994423,True,0.2506500339334802
18x10E,18.0,10.0,440.0,0.033863119834710735,1.1160975609756099,2457.1597732581095,2457.1597732581095,5.8173594239288615,84.23350390451297,64.35246183256271,12.985481328730963,0.7639770263565505,17.67428516924302,True,0.26204321729409286
18x10E,18.0,10.0,760.0,0.011350242382271468,1.9278048780487806,2457.1597732581095,2457.1597732581095,3.3679449296430253,84.23350390451297,64.35246183256271,12.985481328730963,0.7639770263565505,41.41572555857072,True,0.15170923106500114
18x10E,18.0,10.0,380.0,0.04540096952908587,0.9639024390243903,2457.1597732581095,2457.1597732581095,6.7358898592860506,84.23350390451297,64.35246183256271,12.985481328730963,0.7639770263565505,13.211799609561844,True,0.3034184621300023
18x10E,18.0,10.0,880.0,0.008465779958677684,2.2321951219512197,2457.1597732581095,2457.1597732581095,2.9086797119644308,84.23350390451297,64.35246183256271,12.985481328730963,0.7639770263565505,41.41572555857072,True,0.13102160864704643
MJ-20x11EW,20.0,11.0,700.0,0.013379387755102041,1.775609756097561,1978.168421054486,1978.168421054486,3.0041916595788227,84.25488594838518,72.29156056010628,10.668544039870161,0.7745272649749676,32.968364166431755,True,0.1353239486296767
MJ-20x11EW,20.0,11.0,900.0,0.008093703703703702,2.282926829268293,1978.168421054486,1978.168421054486,2.336593513005751,84.25488594838518,72.29156056010628,10.668544039870161,0.7745272649749676,32.968364166431755,True,0.1052519600453041
MJ-20x11EW,20.0,11.0,460.0,0.030982514177693755,1.166829268292683,1978.168421054486,1978.168421054486,4.571596003706904,84.25488594838518,72.29156056010628,10.668544039870161,0.7745272649749676,24.97640716012861,True,0.2059277479147254
MJ-20x11EW,20.0,11.0,280.0,0.08362117346938774,0.7102439024390245,1978.168421054486,1978.168421054486,7.5104791489470575,84.2548859483852,72.29156056010628,10.668544039870163,0.7745272649749675,10.219068152089143,True,0.3383098715741918
MJ-20x11EW,20.0,11.0,320.0,0.0640224609375,0.8117073170731708,1978.168421054486,1978.168421054486,6.571669255328675,84.2548859483852,72.29156056010628,10.668544039870161,0.7745272649749675,13.120026012697863,True,0.2960211376274178
MJ-20x11EW,20.0,11.0,420.0,0.03716496598639456,1.0653658536585366,1978.168421054486,1978.168421054486,5.006986099298038,84.2548859483852,72.29156056010628,10.668544039870161,0.7745272649749675,21.418325020478967,True,0.2255399143827945
MJ-20x11EW,20.0,11.0,480.0,0.028454427083333338,1.217560975609756,1978.168421054486,1978.168421054486,4.381112836885784,84.2548859483852,72.29156056010628,10.668544039870161,0.7745272649749675,26.90079659789234,True,0.1973474250849452
MJ-20x11EW,20.0,11.0,240.0,0.11381770833333335,0.608780487804878,1978.168421054486,1978.168421054486,8.762225673771567,84.2548859483852,72.29156056010628,10.668544039870161,0.7745272649749675,7.47377000326462,True,0.3946948501698904
MJ-20x11EW,20.0,11.0,840.0,0.00929124149659864,2.1307317073170733,1978.168421054486,1978.168421054486,2.503493049649019,84.2548859483852,72.29156056010628,10.668544039870161,0.7745272649749675,32.968364166431755,True,0.11276995719139725
MJ-20x11EW,20.0,11.0,500.0,0.0262236,1.2682926829268293,1978.168421054486,1978.168421054486,4.2058683234103516,84.2548859483852,72.29156056010628,10.66854403987016,0.7745272649749675,28.829553118013493,True,0.18945352808154736
MJ-20x11EW,20.0,11.0,780.0,0.010775641025641026,1.9785365853658536,1978.168421054486,1978.168421054486,2.696069438083559,84.2548859483852,72.29156056010628,10.668544039870161,0.7745272649749675,32.968364166431755,True,0.12144456928304319
MJ-20x11EW,20.0,11.0,740.0,0.011972059897735574,1.8770731707317074,1978.168421054486,1978.168421054486,2.8418029212232105,84.2548859483852,72.29156056010628,10.668544039870161,0.7745272649749675,32.968364166431755,True,0.12800914059564011
MJ-20x11EW,20.0,11.0,540.0,0.02248251028806584,1.3697560975609757,1978.168421054486,1978.168421054486,3.8943225216762514,84.2548859483852,72.29156056010628,10.668544039870161,0.7745272649749675,32.6870661582558,True,0.17541993340884016
MJ-20x11EW,20.0,11.0,660.0,0.015050275482093664,1.6741463414634148,1978.168421054486,1978.168421054486,3.1862638813714788,84.2548859483852,72.29156056010628,10.668544039870161,0.7745272649749675,32.968364166431755,True,0.14352540006177833
MJ-20x11EW,20.0,11.0,640.0,0.016005615234375,1.6234146341463416,1978.168421054486,1978.168421054486,3.2858346276643373,84.2548859483852,72.29156056010628,10.668544039870161,0.7745272649749675,32.968364166431755,True,0.1480105688137089
MJ-20x11EW,20.0,11.0,560.0,0.020905293367346936,1.420487804878049,1978.168421054486,1978.168421054486,3.7552395744735287,84.2548859483852,72.29156056010628,10.668544039870163,0.7745272649749675,32.968364166431755,True,0.1691549357870959
MJ-20x11EW,20.0,11.0,620.0,0.017054890738813736,1.5726829268292684,1978.168421054486,1978.168421054486,3.391829293072864,84.2548859483852,72.29156056010628,10.668544039870161,0.7745272649749675,32.968364166431755,True,0.15278510329157047
MJ-20x11EW,20.0,11.0,580.0,0.019488406658739597,1.471219512195122,1978.168421054486,1978.168421054486,3.625748554664096,84.2548859483852,72.29156056010628,10.66854403987016,0.7745272649749675,32.968364166431755,True,0.16332200696685117
MJ-20x11EW,20.0,11.0,800.0,0.01024359375,2.029268292682927,1978.168421054486,1978.168421054486,2.62866770213147,84.25488594838521,72.29156056010628,10.668544039870161,0.7745272649749674,32.968364166431755,True,0.11840845505096712
MJ-20x11EW,20.0,11.0,260.0,0.09698076923076923,0.6595121951219513,1978.168421054486,1978.168421054486,8.088208314250677,84.25488594838521,72.29156056010628,10.668544039870161,0.7745272649749674,8.811862177927997,True,0.3643337078491296
MJ-20x11EW,20.0,11.0,520.0,0.024245192307692308,1.3190243902439025,1978.168421054486,1978.168421054486,4.044104157125338,84.25488594838521,72.29156056010628,10.668544039870161,0.7745272649749674,30.758309638134634,True,0.1821668539245648
MJ-20x11EW,20.0,11.0,300.0,0.07284333333333333,0.7609756097560976,1978.168421054486,1978.168421054486,7.009780539017253,84.25488594838521,72.29156056010628,10.668544039870161,0.7745272649749674,11.626274126250292,True,0.3157558801359123
MJ-20x11EW,20.0,11.0,340.0,0.05671193771626298,0.8624390243902439,1978.168421054486,1978.168421054486,6.185100475603458,84.25488594838521,72.29156056010628,10.66854403987016,0.7745272649749674,14.717590878358015,True,0.27860812953168734
MJ-20x11EW,20.0,11.0,360.0,0.050585648148148143,0.9131707317073171,1978.168421054486,1978.168421054486,5.841483782514378,84.25488594838521,72.29156056010628,10.668544039870161,0.7745272649749674,16.31675198982376,True,0.26312990011326026
MJ-20x11EW,20.0,11.0,600.0,0.018210833333333332,1.5219512195121951,1978.168421054486,1978.168421054486,3.5048902695086266,84.25488594838521,72.29156056010628,10.668544039870161,0.7745272649749674,32.968364166431755,True,0.15787794006795616
MJ-20x11EW,20.0,11.0,820.0,0.00975,2.08,1978.168421054486,1978.168421054486,2.5645538557380196,84.25488594838521,72.29156056010628,10.668544039870161,0.7745272649749674,32.968364166431755,True,0.11552044395216306
MJ-20x11EW,20.0,11.0,380.0,0.04540096952908587,0.9639024390243903,1978.168421054486,1978.168421054486,5.5340372676452,84.25488594838521,72.29156056010628,10.668544039870161,0.7745272649749674,17.915913101289497,True,0.24928095800203603
MJ-20x11EW,20.0,11.0,400.0,0.040974375,1.0146341463414634,1978.168421054486,1978.168421054486,5.25733540426294,84.25488594838521,72.29156056010628,10.668544039870161,0.7745272649749674,19.6478727175786,True,0.23681691010193423
MJ-20x11EW,20.0,11.0,200.0,0.1638975,0.5073170731707317,1978.168421054486,1978.168421054486,10.51467080852588,84.25488594838521,72.29156056010628,10.668544039870161,0.7745272649749674,5.088957512171043,True,0.47363382020386846
MJ-20x11EW,20.0,11.0,680.0,0.014177984429065746,1.7248780487804878,1978.168421054486,1978.168421054486,3.092550237801729,84.25488594838521,72.29156056010628,10.66854403987016,0.7745272649749674,32.968364166431755,True,0.13930406476584367
MJ-20x11EW,20.0,11.0,720.0,0.012646412037037036,1.8263414634146342,1978.168421054486,1978.168421054486,2.920741891257189,84.25488594838521,72.29156056010628,10.668544039870161,0.7745272649749674,32.968364166431755,True,0.13156495005663013
MJ-20x11EW,20.0,11.0,180.0,0.20234259259259257,0.45658536585365855,1978.168421054486,1978.168421054486,11.682967565028756,84.25488594838521,72.29156056010628,10.668544039870161,0.7745272649749674,3.9741851197664317,True,0.5262598002265205
MJ-20x11EW,20.0,11.0,760.0,0.011350242382271468,1.9278048780487806,1978.168421054486,1978.168421054486,2.7670186338226,84.25488594838521,72.29156056010628,10.668544039870161,0.7745272649749674,32.968364166431755,True,0.12464047900101802
MJ-20x11EW,20.0,11.0,220.0,0.13545247933884294,0.5580487804878049,1978.168421054486,1978.168421054486,9.558791644114436,84.25488594838522,72.29156056010628,10.668544039870161,0.7745272649749673,6.281363757717833,True,0.43057620018533493
MJ-20x11EW,20.0,11.0,440.0,0.033863119834710735,1.1160975609756099,1978.168421054486,1978.168421054486,4.779395822057218,84.25488594838522,72.29156056010628,10.668544039870161,0.7745272649749673,23.188777323379345,True,0.21528810009266747
MJ-20x11EW,20.0,11.0,860.0,0.008864115738236884,2.1814634146341465,1978.168421054486,1978.168421054486,2.4452722810525302,84.25488594838522,72.29156056010628,10.668544039870161,0.7745272649749673,32.968364166431755,True,0.11014740004741128
MJ-20x11EW,20.0,11.0,880.0,0.008465779958677684,2.2321951219512197,1978.168421054486,1978.168421054486,2.389697911028609,84.25488594838522,72.29156056010628,10.668544039870161,0.7745272649749673,32.968364166431755,True,0.10764405004633373
MJ-20x13EL,20.0,13.0,240.0,0.11381770833333335,0.608780487804878,1988.0673632863459,1988.0673632863459,8.80239426894001,84.4657823552992,73.79049404286197,10.717451753792323,0.7746035528221188,7.544244177119701,True,0.39650424634864906
MJ-20x13EL,20.0,13.0,480.0,0.028454427083333338,1.217560975609756,1988.0673632863459,1988.0673632863459,4.401197134470005,84.4657823552992,73.79049404286197,10.717451753792323,0.7746035528221188,26.799667580732738,True,0.19825212317432453
MJ-20x13EL,20.0,13.0,660.0,0.015050275482093664,1.6741463414634148,1988.0673632863459,1988.0673632863459,3.2008706432509126,84.46578235529921,73.79049404286197,10.717451753792325,0.7746035528221186,32.47219880715795,True,0.14418336230859968
MJ-20x13EL,20.0,13.0,700.0,0.013379387755102041,1.775609756097561,1988.0673632863459,1988.0673632863459,3.017963749350861,84.46578235529921,73.79049404286197,10.717451753792325,0.7746035528221186,32.47219880715795,True,0.13594431303382257
MJ-20x13EL,20.0,13.0,280.0,0.08362117346938774,0.7102439024390245,1988.0673632863459,1988.0673632863459,7.544909373377152,84.46578235529923,73.79049404286197,10.717451753792327,0.7746035528221185,10.259525177214844,True,0.33986078258455643
MJ-20x13EL,20.0,13.0,300.0,0.07284333333333333,0.7609756097560976,1988.0673632863459,1988.0673632863459,7.041915415152008,84.46578235529923,73.79049404286197,10.717451753792325,0.7746035528221185,11.655980905771306,True,0.3172033970789193
MJ-20x13EL,20.0,13.0,320.0,0.0640224609375,0.8117073170731708,1988.0673632863459,1988.0673632863459,6.601795701705008,84.46578235529923,73.79049404286197,10.717451753792325,0.7746035528221185,13.13095997120484,True,0.29737818476148686
MJ-20x13EL,20.0,13.0,360.0,0.050585648148148143,0.9131707317073171,1988.0673632863459,1988.0673632863459,5.868262845960007,84.46578235529923,73.79049404286197,10.717451753792325,0.7746035528221185,16.275207466710377,True,0.2643361642324327
MJ-20x13EL,20.0,13.0,820.0,0.00975,2.08,1988.0673632863459,1988.0673632863459,2.5763105177385395,84.46578235529923,73.79049404286197,10.717451753792325,0.7746035528221185,32.47219880715795,True,0.11605002332155584
MJ-20x13EL,20.0,13.0,580.0,0.019488406658739597,1.471219512195122,1988.0673632863459,1988.0673632863459,3.6423700423200045,84.46578235529923,73.79049404286197,10.717451753792325,0.7746035528221185,32.47219880715795,True,0.16407072262702724
MJ-20x13EL,20.0,13.0,520.0,0.024245192307692308,1.3190243902439025,1988.0673632863459,1988.0673632863459,4.062643508741544,84.46578235529923,73.79049404286197,10.717451753792327,0.7746035528221185,30.624272062018548,True,0.18300195985322268
MJ-20x13EL,20.0,13.0,260.0,0.09698076923076923,0.6595121951219513,1988.0673632863459,1988.0673632863459,8.125287017483087,84.46578235529923,73.79049404286197,10.717451753792327,0.7746035528221185,8.863069448658383,True,0.36600391970644536
MJ-20x13EL,20.0,13.0,740.0,0.011972059897735574,1.8770731707317074,1988.0673632863459,1988.0673632863459,2.8548305737102737,84.46578235529923,73.79049404286197,10.717451753792325,0.7746035528221185,32.47219880715795,True,0.12859597178875107
MJ-20x13EL,20.0,13.0,720.0,0.012646412037037036,1.8263414634146342,1988.0673632863459,1988.0673632863459,2.9341314229800033,84.46578235529923,73.79049404286197,10.717451753792325,0.7746035528221185,32.47219880715795,True,0.13216808211621636
MJ-20x13EL,20.0,13.0,540.0,0.02248251028806584,1.3697560975609757,1988.0673632863459,1988.0673632863459,3.912175230640005,84.46578235529923,73.79049404286197,10.717451753792327,0.7746035528221185,32.47219880715795,True,0.1762241094882885
MJ-20x13EL,20.0,13.0,640.0,0.016005615234375,1.6234146341463416,1988.0673632863459,1988.0673632863459,3.300897850852504,84.46578235529923,73.79049404286197,10.717451753792325,0.7746035528221185,32.47219880715795,True,0.14868909238074343
MJ-20x13EL,20.0,13.0,560.0,0.020905293367346936,1.420487804878049,1988.0673632863459,1988.0673632863459,3.772454686688576,84.46578235529923,73.79049404286197,10.717451753792327,0.7746035528221185,32.47219880715795,True,0.16993039129227822
MJ-20x13EL,20.0,13.0,620.0,0.017054890738813736,1.5726829268292684,1988.0673632863459,1988.0673632863459,3.4073784266864555,84.46578235529923,73.79049404286197,10.717451753792325,0.7746035528221185,32.47219880715795,True,0.15348551471560612
MJ-20x13EL,20.0,13.0,600.0,0.018210833333333332,1.5219512195121951,1988.0673632863459,1988.0673632863459,3.520957707576004,84.46578235529923,73.79049404286197,10.717451753792325,0.7746035528221185,32.47219880715795,True,0.15860169853945966
MJ-20x13EL,20.0,13.0,780.0,0.010775641025641026,1.9785365853658536,1988.0673632863459,1988.0673632863459,2.7084290058276954,84.46578235529923,73.79049404286197,10.717451753792325,0.7746035528221185,32.47219880715795,True,0.12200130656881511
MJ-20x13EL,20.0,13.0,500.0,0.0262236,1.2682926829268293,1988.0673632863459,1988.0673632863459,4.2251492490912055,84.46578235529923,73.79049404286197,10.717451753792327,0.7746035528221185,28.711969821375646,True,0.1903220382473516
MJ-20x13EL,20.0,13.0,180.0,0.20234259259259257,0.45658536585365855,1988.0673632863459,1988.0673632863459,11.736525691920013,84.46578235529923,73.79049404286197,10.717451753792325,0.7746035528221185,4.055757147142989,True,0.5286723284648654
MJ-20x13EL,20.0,13.0,900.0,0.008093703703703702,2.282926829268293,1988.0673632863459,1988.0673632863459,2.347305138384003,84.46578235529923,73.79049404286197,10.717451753792327,0.7746035528221185,32.47219880715795,True,0.10573446569297311
MJ-20x13EL,20.0,13.0,200.0,0.1638975,0.5073170731707317,1988.0673632863459,1988.0673632863459,10.562873122728012,84.46578235529924,73.79049404286197,10.717451753792325,0.7746035528221183,5.163086423858546,True,0.47580509561837897
MJ-20x13EL,20.0,13.0,840.0,0.00929124149659864,2.1307317073170733,1988.0673632863459,1988.0673632863459,2.5149697911257176,84.46578235529924,73.79049404286197,10.717451753792327,0.7746035528221183,32.47219880715795,True,0.11328692752818548
MJ-20x13EL,20.0,13.0,800.0,0.01024359375,2.029268292682927,1988.0673632863459,1988.0673632863459,2.640718280682003,84.46578235529924,73.79049404286197,10.717451753792325,0.7746035528221183,32.47219880715795,True,0.11895127390459474
MJ-20x13EL,20.0,13.0,860.0,0.008864115738236884,2.1814634146341465,1988.0673632863459,1988.0673632863459,2.456482121564654,84.46578235529924,73.79049404286197,10.717451753792327,0.7746035528221183,32.47219880715795,True,0.11065234781822766
MJ-20x13EL,20.0,13.0,460.0,0.030982514177693755,1.166829268292683,1988.0673632863459,1988.0673632863459,4.592553531620875,84.46578235529924,73.79049404286197,10.717451753792327,0.7746035528221183,24.890715028112652,True,0.206871780703643
MJ-20x13EL,20.0,13.0,760.0,0.011350242382271468,1.9278048780487806,1988.0673632863459,1988.0673632863459,2.779703453349477,84.46578235529924,73.79049404286197,10.717451753792327,0.7746035528221183,32.47219880715795,True,0.12521186726799446
MJ-20x13EL,20.0,13.0,400.0,0.040974375,1.0146341463414634,1988.0673632863459,1988.0673632863459,5.281436561364006,84.46578235529924,73.79049404286197,10.717451753792325,0.7746035528221183,19.57526081205727,True,0.23790254780918949
MJ-20x13EL,20.0,13.0,380.0,0.04540096952908587,0.9639024390243903,1988.0673632863459,1988.0673632863459,5.559406906698954,84.46578235529924,73.79049404286197,10.717451753792327,0.7746035528221183,17.85222160796908,True,0.25042373453598893
MJ-20x13EL,20.0,13.0,420.0,0.03716496598639456,1.0653658536585366,1988.0673632863459,1988.0673632863459,5.029939582251435,84.46578235529924,73.79049404286197,10.717451753792327,0.7746035528221183,21.33656024070881,True,0.22657385505637095
MJ-20x13EL,20.0,13.0,680.0,0.014177984429065746,1.7248780487804878,1988.0673632863459,1988.0673632863459,3.106727389037651,84.46578235529925,73.79049404286197,10.717451753792327,0.7746035528221182,32.47219880715795,True,0.1399426751818762
MJ-20x13EL,20.0,13.0,220.0,0.13545247933884294,0.5580487804878049,1988.0673632863459,1988.0673632863459,9.60261192975274,84.46578235529925,73.79049404286197,10.717451753792327,0.7746035528221182,6.353665300489125,True,0.4325500869257991
MJ-20x13EL,20.0,13.0,880.0,0.008465779958677684,2.2321951219512197,1988.0673632863459,1988.0673632863459,2.400652982438185,84.46578235529925,73.79049404286197,10.717451753792327,0.7746035528221182,32.47219880715795,True,0.10813752173144978
MJ-20x13EL,20.0,13.0,340.0,0.05671193771626298,0.8624390243902439,1988.0673632863459,1988.0673632863459,6.213454778075302,84.46578235529925,73.79049404286197,10.717451753792327,0.7746035528221182,14.70238166510206,True,0.2798853503637524
MJ-20x13EL,20.0,13.0,440.0,0.033863119834710735,1.1160975609756099,1988.0673632863459,1988.0673632863459,4.80130596487637,84.46578235529925,73.79049404286197,10.717451753792327,0.7746035528221182,23.097859669360357,True,0.21627504346289955
20x11E,20.0,11.0,480.0,0.028454427083333338,1.217560975609756,2137.553428619761,2137.553428619761,4.701769484495926,86.4574148004664,75.87317275671006,11.449382081270079,0.7743555593498763,26.044186394707168,True,0.2117914182205372
20x11E,20.0,11.0,240.0,0.11381770833333335,0.608780487804878,2137.553428619761,2137.553428619761,9.403538968991851,86.4574148004664,75.87317275671006,11.449382081270079,0.7743555593498763,6.638469470397303,True,0.4235828364410744
20x11E,20.0,11.0,700.0,0.013379387755102041,1.775609756097561,2137.553428619761,2137.553428619761,3.224070503654349,86.45741480046641,75.87317275671006,11.449382081270079,0.7743555593498762,45.55485563871096,True,0.14522840106551121
20x11E,20.0,11.0,660.0,0.015050275482093664,1.6741463414634148,2137.553428619761,2137.553428619761,3.419468715997037,86.45741480046641,75.87317275671006,11.44938208127008,0.7743555593498762,42.6374387224555,True,0.15403012234220886
20x11E,20.0,11.0,620.0,0.017054890738813736,1.5726829268292684,2137.553428619761,2137.553428619761,3.6400796009000715,86.45741480046642,75.87317275671006,11.449382081270079,0.774355559349876,39.21528813716033,True,0.16396754959009333
20x11E,20.0,11.0,580.0,0.019488406658739597,1.471219512195122,2137.553428619761,2137.553428619761,3.891119573375939,86.45741480046642,75.87317275671006,11.44938208127008,0.774355559349876,35.74294817417029,True,0.17527565645837564
20x11E,20.0,11.0,800.0,0.01024359375,2.029268292682927,2137.553428619761,2137.553428619761,2.8210616906975554,86.45741480046642,75.87317275671006,11.449382081270079,0.774355559349876,52.12507351784083,True,0.12707485093232232
20x11E,20.0,11.0,720.0,0.012646412037037036,1.8263414634146342,2137.553428619761,2137.553428619761,3.1345129896639508,86.45741480046642,75.87317275671006,11.44938208127008,0.774355559349876,46.86889921453693,True,0.14119427881369148
20x11E,20.0,11.0,740.0,0.011972059897735574,1.8770731707317074,2137.553428619761,2137.553428619761,3.049796422375736,86.45741480046642,75.87317275671006,11.44938208127008,0.774355559349876,48.182942790362915,True,0.13737821722413227
20x11E,20.0,11.0,780.0,0.010775641025641026,1.9785365853658536,2137.553428619761,2137.553428619761,2.893396605843647,86.45741480046642,75.87317275671006,11.44938208127008,0.774355559349876,50.811029942014876,True,0.13033318044340753
20x11E,20.0,11.0,840.0,0.00929124149659864,2.1307317073170733,2137.553428619761,2137.553428619761,2.6867254197119577,86.45741480046642,75.87317275671006,11.44938208127008,0.774355559349876,52.85035034940163,True,0.12102366755459269
20x11E,20.0,11.0,900.0,0.008093703703703702,2.282926829268293,2137.553428619761,2137.553428619761,2.5076103917311605,86.45741480046642,75.87317275671006,11.44938208127008,0.774355559349876,52.85035034940163,True,0.11295542305095319
20x11E,20.0,11.0,680.0,0.014177984429065746,1.7248780487804878,2137.553428619761,2137.553428619761,3.3188961067030065,86.45741480046642,75.87317275671006,11.449382081270079,0.774355559349876,44.22712829317333,True,0.14949982462626155
20x11E,20.0,11.0,560.0,0.020905293367346936,1.420487804878049,2137.553428619761,2137.553428619761,4.030088129567937,86.45741480046642,75.87317275671006,11.449382081270082,0.774355559349876,33.90688085833129,True,0.18153550133188906
20x11E,20.0,11.0,200.0,0.1638975,0.5073170731707317,2137.553428619761,2137.553428619761,11.284246762790222,86.45741480046642,75.87317275671006,11.449382081270079,0.774355559349876,4.399582945899513,True,0.5082994037292893
20x11E,20.0,11.0,520.0,0.024245192307692308,1.3190243902439025,2137.553428619761,2137.553428619761,4.3400949087654705,86.45741480046642,75.87317275671006,11.44938208127008,0.774355559349876,29.95000296137563,True,0.1954997706651113
20x11E,20.0,11.0,500.0,0.0262236,1.2682926829268293,2137.553428619761,2137.553428619761,4.513698705116089,86.45741480046642,75.87317275671006,11.449382081270079,0.774355559349876,27.97638121987288,True,0.2033197614917157
20x11E,20.0,11.0,180.0,0.20234259259259257,0.45658536585365855,2137.553428619761,2137.553428619761,12.538051958655803,86.45741480046642,75.87317275671006,11.44938208127008,0.774355559349876,3.3527421783598657,True,0.5647771152547659
20x11E,20.0,11.0,460.0,0.030982514177693755,1.166829268292683,2137.553428619761,2137.553428619761,4.906194244691401,86.45741480046642,75.87317275671006,11.44938208127008,0.774355559349876,24.15165292866405,True,0.2209997407518649
20x11E,20.0,11.0,260.0,0.09698076923076923,0.6595121951219513,2137.553428619761,2137.553428619761,8.680189817530941,86.45741480046642,75.87317275671006,11.44938208127008,0.774355559349876,7.9523897754527955,True,0.3909995413302226
20x11E,20.0,11.0,420.0,0.03716496598639456,1.0653658536585366,2137.553428619761,2137.553428619761,5.373450839423915,86.45741480046642,75.87317275671006,11.44938208127008,0.774355559349876,20.397671634227965,True,0.24204733510918539
20x11E,20.0,11.0,400.0,0.040974375,1.0146341463414634,2137.553428619761,2137.553428619761,5.642123381395111,86.45741480046642,75.87317275671006,11.449382081270079,0.774355559349876,18.671907566208333,True,0.25414970186464464
20x11E,20.0,11.0,280.0,0.08362117346938774,0.7102439024390245,2137.553428619761,2137.553428619761,8.060176259135874,86.45741480046642,75.87317275671006,11.449382081270082,0.774355559349876,9.276618944173547,True,0.3630710026637781
20x11E,20.0,11.0,360.0,0.050585648148148143,0.9131707317073171,2137.553428619761,2137.553428619761,6.2690259793279015,86.45741480046642,75.87317275671006,11.44938208127008,0.774355559349876,15.257613462413932,True,0.28238855762738296
20x11E,20.0,11.0,540.0,0.02248251028806584,1.3697560975609757,2137.553428619761,2137.553428619761,4.179350652885268,86.45741480046642,75.87317275671006,11.449382081270082,0.774355559349876,31.928441909853476,True,0.1882590384182553
20x11E,20.0,11.0,340.0,0.05671193771626298,0.8624390243902439,2137.553428619761,2137.553428619761,6.637792213406013,86.45741480046642,75.87317275671006,11.449382081270079,0.774355559349876,13.689700024839295,True,0.2989996492525231
20x11E,20.0,11.0,220.0,0.13545247933884294,0.5580487804878049,2137.553428619761,2137.553428619761,10.258406147991112,86.45741480046644,75.87317275671006,11.44938208127008,0.7743555593498759,5.506774257514141,True,0.46209036702662665
20x11E,20.0,11.0,860.0,0.008864115738236884,2.1814634146341465,2137.553428619761,2137.553428619761,2.624243433207029,86.45741480046644,75.87317275671006,11.449382081270082,0.7743555593498759,52.85035034940163,True,0.11820916365797428
20x11E,20.0,11.0,300.0,0.07284333333333333,0.7609756097560976,2137.553428619761,2137.553428619761,7.522831175193482,86.45741480046644,75.87317275671006,11.44938208127008,0.7743555593498759,10.656618412826093,True,0.33886626915285956
20x11E,20.0,11.0,880.0,0.008465779958677684,2.2321951219512197,2137.553428619761,2137.553428619761,2.564601536997778,86.45741480046644,75.87317275671006,11.44938208127008,0.7743555593498759,52.85035034940163,True,0.11552259175665666
20x11E,20.0,11.0,320.0,0.0640224609375,0.8117073170731708,2137.553428619761,2137.553428619761,7.05265422674389,86.45741480046644,75.87317275671006,11.449382081270082,0.7743555593498759,12.163401708262551,True,0.31768712733080584
20x11E,20.0,11.0,760.0,0.011350242382271468,1.9278048780487806,2137.553428619761,2137.553428619761,2.9695386217869006,86.45741480046644,75.87317275671006,11.44938208127008,0.7743555593498759,49.49698636618889,True,0.13376300098139193
20x11E,20.0,11.0,380.0,0.04540096952908587,0.9639024390243903,2137.553428619761,2137.553428619761,5.939077243573801,86.45741480046644,75.87317275671006,11.44938208127008,0.7743555593498759,16.955860208536375,True,0.26752600196278387
20x11E,20.0,11.0,600.0,0.018210833333333332,1.5219512195121951,2137.553428619761,2137.553428619761,3.761415587596741,86.45741480046644,75.87317275671006,11.44938208127008,0.7743555593498759,37.48556272200988,True,0.16943313457642978
20x11E,20.0,11.0,640.0,0.016005615234375,1.6234146341463416,2137.553428619761,2137.553428619761,3.526327113371945,86.45741480046644,75.87317275671006,11.449382081270082,0.7743555593498759,40.9450135523108,True,0.15884356366540292
20x11E,20.0,11.0,440.0,0.033863119834710735,1.1160975609756099,2137.553428619761,2137.553428619761,5.129203073995556,86.45741480046644,75.87317275671006,11.44938208127008,0.7743555593498759,22.25911946262091,True,0.23104518351331332
20x11E,20.0,11.0,820.0,0.00975,2.08,2137.553428619761,2137.553428619761,2.7522553079976153,86.45741480046644,75.87317275671006,11.44938208127008,0.7743555593498759,52.85035034940163,True,0.12397546432421691
19x10E,19.0,10.0,660.0,0.015050275482093664,1.6741463414634148,2384.093060903393,2384.093060903393,3.776930614181265,86.99838988247114,66.9502122923066,12.646269139385467,0.7695569122917304,39.035505609592846,True,0.17013200964780473
19x10E,19.0,10.0,700.0,0.013379387755102041,1.775609756097561,2384.093060903393,2384.093060903393,3.561106007656621,86.99838988247114,66.9502122923066,12.646269139385465,0.7695569122917304,42.12927500273381,True,0.16041018052507303
19x10E,19.0,10.0,900.0,0.008093703703703702,2.282926829268293,2384.093060903393,2384.093060903393,2.769749117066261,86.99838988247117,66.9502122923066,12.646269139385467,0.7695569122917302,42.12927500273381,True,0.12476347374172347
19x10E,19.0,10.0,480.0,0.028454427083333338,1.217560975609756,2384.093060903393,2384.093060903393,5.19327959449924,86.99838988247117,66.9502122923066,12.646269139385465,0.7695569122917302,23.31735593788075,True,0.23393151326573153
19x10E,19.0,10.0,740.0,0.011972059897735574,1.8770731707317074,2384.093060903393,2384.093060903393,3.3686137910265335,86.99838988247117,66.9502122923066,12.646269139385465,0.7695569122917302,42.12927500273381,True,0.15173935995615015
19x10E,19.0,10.0,800.0,0.01024359375,2.029268292682927,2384.093060903393,2384.093060903393,3.1159677566995434,86.99838988247117,66.9502122923066,12.646269139385463,0.7695569122917302,42.12927500273381,True,0.1403589079594389
19x10E,19.0,10.0,780.0,0.010775641025641026,1.9785365853658536,2384.093060903393,2384.093060903393,3.1958643658456856,86.99838988247117,66.9502122923066,12.646269139385463,0.7695569122917302,42.12927500273381,True,0.14395785431737324
19x10E,19.0,10.0,640.0,0.016005615234375,1.6234146341463416,2384.093060903393,2384.093060903393,3.8949596958744293,86.99838988247117,66.9502122923066,12.646269139385465,0.7695569122917302,37.47786420115843,True,0.17544863494929863
19x10E,19.0,10.0,620.0,0.017054890738813736,1.5726829268292684,2384.093060903393,2384.093060903393,4.020603557031669,86.99838988247117,66.9502122923066,12.646269139385465,0.7695569122917302,35.92022279272403,True,0.18110826833475988
19x10E,19.0,10.0,820.0,0.00975,2.08,2384.093060903393,2384.093060903393,3.039968543121506,86.99838988247117,66.9502122923066,12.646269139385465,0.7695569122917302,42.12927500273381,True,0.13693551996042821
19x10E,19.0,10.0,600.0,0.018210833333333332,1.5219512195121951,2384.093060903393,2384.093060903393,4.1546236755993915,86.99838988247117,66.9502122923066,12.646269139385465,0.7695569122917302,34.31198289121964,True,0.1871452106125852
19x10E,19.0,10.0,200.0,0.1638975,0.5073170731707317,2384.093060903393,2384.093060903393,12.463871026798174,86.99838988247117,66.9502122923066,12.646269139385463,0.7695569122917302,3.598388323062001,True,0.5614356318377556
19x10E,19.0,10.0,240.0,0.11381770833333335,0.608780487804878,2384.093060903393,2384.093060903393,10.38655918899848,86.99838988247117,66.9502122923066,12.646269139385465,0.7695569122917302,5.5938758921858724,True,0.46786302653146306
19x10E,19.0,10.0,300.0,0.07284333333333333,0.7609756097560976,2384.093060903393,2384.093060903393,8.309247351198783,86.99838988247117,66.9502122923066,12.646269139385465,0.7695569122917302,9.180268106447004,True,0.3742904212251704
19x10E,19.0,10.0,320.0,0.0640224609375,0.8117073170731708,2384.093060903393,2384.093060903393,7.7899193917488585,86.99838988247117,66.9502122923066,12.646269139385465,0.7695569122917302,10.506303822497031,True,0.35089726989859726
19x10E,19.0,10.0,400.0,0.040974375,1.0146341463414634,2384.093060903393,2384.093060903393,6.231935513399087,86.99838988247117,66.9502122923066,12.646269139385463,0.7695569122917302,16.414308856591717,True,0.2807178159188778
19x10E,19.0,10.0,460.0,0.030982514177693755,1.166829268292683,2384.093060903393,2384.093060903393,5.419074359477467,86.99838988247117,66.9502122923066,12.646269139385465,0.7695569122917302,21.490656922644504,True,0.24410244862511113
19x10E,19.0,10.0,520.0,0.024245192307692308,1.3190243902439025,2384.093060903393,2384.093060903393,4.793796548768529,86.99838988247119,66.9502122923066,12.646269139385465,0.7695569122917301,26.998632128910085,True,0.21593678147605985
19x10E,19.0,10.0,260.0,0.09698076923076923,0.6595121951219513,2384.093060903393,2384.093060903393,9.587593097537058,86.99838988247119,66.9502122923066,12.646269139385465,0.7695569122917301,6.731336075992948,True,0.4318735629521197
19x10E,19.0,10.0,280.0,0.08362117346938774,0.7102439024390245,2384.093060903393,2384.093060903393,8.902765019141555,86.99838988247119,66.9502122923066,12.646269139385469,0.7695569122917301,7.887015310155765,True,0.40102545131268263
19x10E,19.0,10.0,860.0,0.008864115738236884,2.1814634146341465,2384.093060903393,2384.093060903393,2.8985746573949243,86.99838988247119,66.9502122923066,12.646269139385465,0.7695569122917301,42.12927500273381,True,0.13056642600878038
19x10E,19.0,10.0,840.0,0.00929124149659864,2.1307317073170733,2384.093060903393,2384.093060903393,2.9675883397138514,86.99838988247119,66.9502122923066,12.646269139385467,0.7695569122917301,42.12927500273381,True,0.13367515043756087
19x10E,19.0,10.0,760.0,0.011350242382271468,1.9278048780487806,2384.093060903393,2384.093060903393,3.2799660596837303,86.99838988247119,66.9502122923066,12.646269139385467,0.7695569122917301,42.12927500273381,True,0.14774621890467254
19x10E,19.0,10.0,360.0,0.050585648148148143,0.9131707317073171,2384.093060903393,2384.093060903393,6.924372792665653,86.99838988247119,66.9502122923066,12.646269139385467,0.7695569122917301,13.36376490630186,True,0.3119086843543087
19x10E,19.0,10.0,720.0,0.012646412037037036,1.8263414634146342,2384.093060903393,2384.093060903393,3.4621863963328265,86.99838988247119,66.9502122923066,12.646269139385467,0.7695569122917301,42.12927500273381,True,0.15595434217715434
19x10E,19.0,10.0,380.0,0.04540096952908587,0.9639024390243903,2384.093060903393,2384.093060903393,6.559932119367461,86.99838988247119,66.9502122923066,12.646269139385467,0.7695569122917301,14.87037641406796,True,0.2954924378093451
19x10E,19.0,10.0,180.0,0.20234259259259257,0.45658536585365855,2384.093060903393,2384.093060903393,13.848745585331306,86.99838988247119,66.9502122923066,12.646269139385467,0.7695569122917301,2.6584923298901297,True,0.6238173687086174
19x10E,19.0,10.0,420.0,0.03716496598639456,1.0653658536585366,2384.093060903393,2384.093060903393,5.935176679427703,86.99838988247119,66.9502122923066,12.646269139385467,0.7695569122917301,18.09470990233891,True,0.26735030087512174
19x10E,19.0,10.0,580.0,0.019488406658739597,1.471219512195122,2384.093060903393,2384.093060903393,4.297886560964888,86.99838988247119,66.9502122923066,12.646269139385465,0.7695569122917301,32.533907849571385,True,0.19359849373715712
19x10E,19.0,10.0,540.0,0.02248251028806584,1.3697560975609757,2384.093060903393,2384.093060903393,4.616248528443768,86.99838988247119,66.9502122923066,12.646269139385467,0.7695569122917301,28.842802550243515,True,0.20793912290287245
19x10E,19.0,10.0,500.0,0.0262236,1.2682926829268293,2384.093060903393,2384.093060903393,4.98554841071927,86.99838988247119,66.9502122923066,12.646269139385465,0.7695569122917301,25.15768857091367,True,0.22457425273510226
19x10E,19.0,10.0,560.0,0.020905293367346936,1.420487804878049,2384.093060903393,2384.093060903393,4.451382509570777,86.99838988247119,66.9502122923066,12.646269139385469,0.7695569122917301,30.68835519990744,True,0.20051272565634132
19x10E,19.0,10.0,680.0,0.014177984429065746,1.7248780487804878,2384.093060903393,2384.093060903393,3.6658444196465223,86.9983898824712,66.9502122923066,12.646269139385465,0.76955691229173,40.59314701802723,True,0.1651281270111046
19x10E,19.0,10.0,220.0,0.13545247933884294,0.5580487804878049,2384.093060903393,2384.093060903393,11.330791842543796,86.9983898824712,66.9502122923066,12.646269139385467,0.76955691229173,4.5382843162338675,True,0.5103960289434143
19x10E,19.0,10.0,880.0,0.008465779958677684,2.2321951219512197,2384.093060903393,2384.093060903393,2.832697960635949,86.9983898824712,66.9502122923066,12.646269139385467,0.76955691229173,42.12927500273381,True,0.12759900723585357
19x10E,19.0,10.0,340.0,0.05671193771626298,0.8624390243902439,2384.093060903393,2384.093060903393,7.331688839293045,86.9983898824712,66.9502122923066,12.646269139385465,0.76955691229173,11.869720383187989,True,0.3302562540222092
19x10E,19.0,10.0,440.0,0.033863119834710735,1.1160975609756099,2384.093060903393,2384.093060903393,5.665395921271898,86.9983898824712,66.9502122923066,12.646269139385467,0.76955691229173,19.77511094808611,True,0.25519801447170715
MJ-20p5x12ELW,20.5,12.0,500.0,0.0262236,1.2682926829268293,1938.5930823374642,1938.5930823374642,4.141957624718641,88.0422028639485,72.79532565330814,10.506429096847285,0.7775663047735191,29.949621717857443,True,0.18657466778011897
MJ-20p5x12ELW,20.5,12.0,820.0,0.00975,2.08,1938.5930823374642,1938.5930823374642,2.5255839175113666,88.04220286394852,72.79532565330814,10.506429096847285,0.777566304773519,35.55716990902373,True,0.11376504132934084
MJ-20p5x12ELW,20.5,12.0,280.0,0.08362117346938774,0.7102439024390245,1938.5930823374642,1938.5930823374642,7.396352901283288,88.04220286394852,72.79532565330814,10.506429096847286,0.777566304773519,10.892405034460918,True,0.3331690496073553
MJ-20p5x12ELW,20.5,12.0,320.0,0.0640224609375,0.8117073170731708,1938.5930823374642,1938.5930823374642,6.4718087886228775,88.04220286394852,72.79532565330814,10.506429096847286,0.777566304773519,13.86893810423676,True,0.2915229184064359
MJ-20p5x12ELW,20.5,12.0,480.0,0.028454427083333338,1.217560975609756,1938.5930823374642,1938.5930823374642,4.314539192415252,88.04220286394852,72.79532565330814,10.506429096847286,0.777566304773519,27.970278468030493,True,0.1943486122709573
MJ-20p5x12ELW,20.5,12.0,540.0,0.02248251028806584,1.3697560975609757,1938.5930823374642,1938.5930823374642,3.835145948813557,88.04220286394852,72.79532565330814,10.506429096847286,0.777566304773519,33.90830821751136,True,0.1727543220186287
MJ-20p5x12ELW,20.5,12.0,620.0,0.017054890738813736,1.5726829268292684,1938.5930823374642,1938.5930823374642,3.3402884070311623,88.04220286394852,72.79532565330814,10.506429096847285,0.777566304773519,35.55716990902373,True,0.15046344175816045
MJ-20p5x12ELW,20.5,12.0,640.0,0.016005615234375,1.6234146341463416,1938.5930823374642,1938.5930823374642,3.2359043943114387,88.04220286394852,72.79532565330814,10.506429096847286,0.777566304773519,35.55716990902373,True,0.14576145920321795
MJ-20p5x12ELW,20.5,12.0,660.0,0.015050275482093664,1.6741463414634148,1938.5930823374642,1938.5930823374642,3.13784668539291,88.04220286394852,72.79532565330814,10.506429096847286,0.777566304773519,35.55716990902373,True,0.14134444528796894
MJ-20p5x12ELW,20.5,12.0,700.0,0.013379387755102041,1.775609756097561,1938.5930823374642,1938.5930823374642,2.9585411605133154,88.04220286394852,72.79532565330814,10.506429096847286,0.777566304773519,35.55716990902373,True,0.13326761984294214
MJ-20p5x12ELW,20.5,12.0,520.0,0.024245192307692308,1.3190243902439025,1938.5930823374642,1938.5930823374642,3.9826515622294627,88.04220286394852,72.79532565330814,10.506429096847285,0.777566304773519,31.928964967684397,True,0.17939871901934518
MJ-20p5x12ELW,20.5,12.0,560.0,0.020905293367346936,1.420487804878049,1938.5930823374642,1938.5930823374642,3.698176450641644,88.04220286394852,72.79532565330814,10.506429096847286,0.777566304773519,35.55716990902373,True,0.16658452480367766
MJ-20p5x12ELW,20.5,12.0,260.0,0.09698076923076923,0.6595121951219513,1938.5930823374642,1938.5930823374642,7.965303124458925,88.04220286394852,72.79532565330814,10.506429096847285,0.777566304773519,9.423634029997425,True,0.35879743803869035
MJ-20p5x12ELW,20.5,12.0,240.0,0.11381770833333335,0.608780487804878,1938.5930823374642,1938.5930823374642,8.629078384830503,88.04220286394852,72.79532565330814,10.506429096847286,0.777566304773519,8.058218407140693,True,0.3886972245419146
MJ-20p5x12ELW,20.5,12.0,300.0,0.07284333333333333,0.7609756097560976,1938.5930823374642,1938.5930823374642,6.903262707864402,88.04220286394853,72.79532565330814,10.506429096847286,0.7775663047735188,12.361176038924413,True,0.31095777963353166
MJ-20p5x12ELW,20.5,12.0,180.0,0.20234259259259257,0.45658536585365855,1938.5930823374642,1938.5930823374642,11.505437846440671,88.04220286394853,72.79532565330814,10.506429096847286,0.7775663047735188,4.373222364334622,True,0.5182629660558861
MJ-20p5x12ELW,20.5,12.0,360.0,0.050585648148148143,0.9131707317073171,1938.5930823374642,1938.5930823374642,5.7527189232203355,88.04220286394853,72.79532565330814,10.506429096847286,0.7775663047735188,17.170571091514663,True,0.25913148302794303
MJ-20p5x12ELW,20.5,12.0,420.0,0.03716496598639456,1.0653658536585366,1938.5930823374642,1938.5930823374642,4.930901934188859,88.04220286394853,72.79532565330814,10.506429096847286,0.7775663047735188,22.390951060144012,True,0.2221126997382369
MJ-20p5x12ELW,20.5,12.0,440.0,0.033863119834710735,1.1160975609756099,1938.5930823374642,1938.5930823374642,4.706770028089365,88.04220286394853,72.79532565330814,10.506429096847286,0.7775663047735188,24.215375655687346,True,0.2120166679319534
MJ-20p5x12ELW,20.5,12.0,600.0,0.018210833333333332,1.5219512195121951,1938.5930823374642,1938.5930823374642,3.451631353932201,88.04220286394853,72.79532565330814,10.506429096847286,0.7775663047735188,35.55716990902373,True,0.15547888981676583
MJ-20p5x12ELW,20.5,12.0,720.0,0.012646412037037036,1.8263414634146342,1938.5930823374642,1938.5930823374642,2.8763594616101678,88.04220286394853,72.79532565330814,10.506429096847286,0.7775663047735188,35.55716990902373,True,0.12956574151397152
MJ-20p5x12ELW,20.5,12.0,580.0,0.019488406658739597,1.471219512195122,1938.5930823374642,1938.5930823374642,3.5706531247574493,88.04220286394853,72.79532565330814,10.506429096847285,0.7775663047735188,35.55716990902373,True,0.16084023084493015
MJ-20p5x12ELW,20.5,12.0,780.0,0.010775641025641026,1.9785365853658536,1938.5930823374642,1938.5930823374642,2.6551010414863088,88.04220286394853,72.79532565330814,10.506429096847286,0.7775663047735188,35.55716990902373,True,0.1195991460128968
MJ-20p5x12ELW,20.5,12.0,840.0,0.00929124149659864,2.1307317073170733,1938.5930823374642,1938.5930823374642,2.4654509670944296,88.04220286394853,72.79532565330814,10.506429096847286,0.7775663047735188,35.55716990902373,True,0.11105634986911846
MJ-20p5x12ELW,20.5,12.0,880.0,0.008465779958677684,2.2321951219512197,1938.5930823374642,1938.5930823374642,2.3533850140446826,88.04220286394853,72.79532565330814,10.506429096847286,0.7775663047735188,35.55716990902373,True,0.1060083339659767
MJ-20p5x12ELW,20.5,12.0,900.0,0.008093703703703702,2.282926829268293,1938.5930823374642,1938.5930823374642,2.3010875692881343,88.04220286394853,72.79532565330814,10.506429096847288,0.7775663047735188,35.55716990902373,True,0.10365259321117723
MJ-20p5x12ELW,20.5,12.0,740.0,0.011972059897735574,1.8770731707317074,1938.5930823374642,1938.5930823374642,2.798620016701785,88.04220286394853,72.79532565330814,10.506429096847286,0.7775663047735188,35.55716990902373,True,0.12606396471629663
MJ-20p5x12ELW,20.5,12.0,220.0,0.13545247933884294,0.5580487804878049,1938.5930823374642,1938.5930823374642,9.41354005617873,88.04220286394853,72.79532565330814,10.506429096847286,0.7775663047735188,6.805781426402698,True,0.4240333358639068
MJ-20p5x12ELW,20.5,12.0,680.0,0.014177984429065746,1.7248780487804878,1938.5930823374642,1938.5930823374642,3.045557076999001,88.04220286394855,72.79532565330814,10.506429096847285,0.7775663047735187,35.55716990902373,True,0.13718725572067572
MJ-20p5x12ELW,20.5,12.0,760.0,0.011350242382271468,1.9278048780487806,1938.5930823374642,1938.5930823374642,2.724972121525422,88.04220286394855,72.79532565330814,10.506429096847286,0.7775663047735187,35.55716990902373,True,0.1227464919606046
MJ-20p5x12ELW,20.5,12.0,200.0,0.1638975,0.5073170731707317,1938.5930823374642,1938.5930823374642,10.354894061796605,88.04220286394855,72.79532565330814,10.506429096847286,0.7775663047735187,5.5533444456647,True,0.46643666945029755
MJ-20p5x12ELW,20.5,12.0,460.0,0.030982514177693755,1.166829268292683,1938.5930823374642,1938.5930823374642,4.502127852955045,88.04220286394855,72.79532565330814,10.506429096847286,0.7775663047735187,26.044836286595036,True,0.20279855193491195
MJ-20p5x12ELW,20.5,12.0,800.0,0.01024359375,2.029268292682927,1938.5930823374642,1938.5930823374642,2.5887235154491512,88.04220286394855,72.79532565330814,10.506429096847286,0.7775663047735187,35.55716990902373,True,0.11660916736257439
MJ-20p5x12ELW,20.5,12.0,400.0,0.040974375,1.0146341463414634,1938.5930823374642,1938.5930823374642,5.1774470308983025,88.04220286394855,72.79532565330814,10.506429096847286,0.7775663047735187,20.567626060120276,True,0.23321833472514877
MJ-20p5x12ELW,20.5,12.0,380.0,0.04540096952908587,0.9639024390243903,1938.5930823374642,1938.5930823374642,5.449944243050844,88.04220286394855,72.79532565330814,10.506429096847286,0.7775663047735187,18.831743441601308,True,0.2454929839212092
MJ-20p5x12ELW,20.5,12.0,340.0,0.05671193771626298,0.8624390243902439,1938.5930823374642,1938.5930823374642,6.091114153998002,88.04220286394855,72.79532565330814,10.506429096847285,0.7775663047735187,15.511503079673691,True,0.27437451144135144
MJ-20p5x12ELW,20.5,12.0,860.0,0.008864115738236884,2.1814634146341465,1938.5930823374642,1938.5930823374642,2.408114898092234,88.04220286394855,72.79532565330814,10.506429096847288,0.7775663047735187,35.55716990902373,True,0.10847364405820874
20x10E,20.0,10.0,240.0,0.11381770833333335,0.608780487804878,2261.08502471624,2261.08502471624,9.90641273406521,88.9111561362104,82.07080170381577,12.061661553281349,0.7744531609700137,6.202143812348834,True,0.44623480784077524
20x10E,20.0,10.0,480.0,0.028454427083333338,1.217560975609756,2261.08502471624,2261.08502471624,4.953206367032605,88.9111561362104,82.07080170381577,12.061661553281349,0.7744531609700137,25.319668353532194,True,0.22311740392038762
20x10E,20.0,10.0,460.0,0.030982514177693755,1.166829268292683,2261.08502471624,2261.08502471624,5.16856316559924,88.91115613621041,82.07080170381577,12.06166155328135,0.7744531609700136,23.437557957058868,True,0.23281816061257837
20x10E,20.0,10.0,700.0,0.013379387755102041,1.775609756097561,2261.08502471624,2261.08502471624,3.3964843659652146,88.91115613621041,82.07080170381577,12.061661553281347,0.7744531609700136,44.62059344266076,True,0.15299479125969437
20x10E,20.0,10.0,620.0,0.017054890738813736,1.5726829268292684,2261.08502471624,2261.08502471624,3.8347404131865326,88.91115613621041,82.07080170381577,12.061661553281349,0.7744531609700136,38.58675280076115,True,0.172736054648042
20x10E,20.0,10.0,660.0,0.015050275482093664,1.6741463414634148,2261.08502471624,2261.08502471624,3.60233190329644,88.91115613621041,82.07080170381577,12.061661553281349,0.7744531609700136,41.86207865330586,True,0.16226720285119098
20x10E,20.0,10.0,780.0,0.010775641025641026,1.9785365853658536,2261.08502471624,2261.08502471624,3.0481269950969874,88.91115613621041,82.07080170381577,12.061661553281347,0.7744531609700136,49.768437297238165,True,0.1373030177971616
20x10E,20.0,10.0,540.0,0.02248251028806584,1.3697560975609757,2261.08502471624,2261.08502471624,4.402850104028982,88.91115613621041,82.07080170381577,12.061661553281349,0.7744531609700136,31.259580725550435,True,0.19832658126256675
20x10E,20.0,10.0,640.0,0.016005615234375,1.6234146341463416,2261.08502471624,2261.08502471624,3.7149047752744537,88.91115613621042,82.07080170381577,12.061661553281349,0.7744531609700135,40.30797171704525,True,0.16733805294029072
20x10E,20.0,10.0,600.0,0.018210833333333332,1.5219512195121951,2261.08502471624,2261.08502471624,3.962565093626084,88.91115613621042,82.07080170381577,12.061661553281349,0.7744531609700135,36.778264818125145,True,0.1784939231363101
20x10E,20.0,10.0,580.0,0.019488406658739597,1.471219512195122,2261.08502471624,2261.08502471624,4.099205269268363,88.91115613621042,82.07080170381577,12.061661553281349,0.7744531609700135,34.96977683548913,True,0.1846488860030794
20x10E,20.0,10.0,560.0,0.020905293367346936,1.420487804878049,2261.08502471624,2261.08502471624,4.245605457456518,88.91115613621042,82.07080170381577,12.061661553281349,0.7744531609700135,33.15246900264727,True,0.19124348907461794
20x10E,20.0,10.0,180.0,0.20234259259259257,0.45658536585365855,2261.08502471624,2261.08502471624,13.208550312086947,88.91115613621042,82.07080170381577,12.061661553281349,0.7744531609700135,2.9989540175668292,True,0.5949797437877004
20x10E,20.0,10.0,500.0,0.0262236,1.2682926829268293,2261.08502471624,2261.08502471624,4.755078112351301,88.91115613621042,82.07080170381577,12.061661553281349,0.7744531609700135,27.291189268845205,True,0.2141927077635721
20x10E,20.0,10.0,820.0,0.00975,2.08,2261.08502471624,2261.08502471624,2.8994378733849393,88.91115613621042,82.07080170381577,12.061661553281349,0.7744531609700135,49.768437297238165,True,0.1306053096119342
20x10E,20.0,10.0,900.0,0.008093703703703702,2.282926829268293,2261.08502471624,2261.08502471624,2.6417100624173893,88.91115613621042,82.07080170381577,12.061661553281349,0.7744531609700135,49.768437297238165,True,0.11899594875754006
20x10E,20.0,10.0,760.0,0.011350242382271468,1.9278048780487806,2261.08502471624,2261.08502471624,3.1283408633890133,88.91115613621042,82.07080170381577,12.061661553281349,0.7744531609700135,48.7583656266931,True,0.14091625510761321
20x10E,20.0,10.0,380.0,0.04540096952908587,0.9639024390243903,2261.08502471624,2261.08502471624,6.256681726778027,88.91115613621042,82.07080170381577,12.061661553281349,0.7744531609700135,16.31214869773391,True,0.28183251021522643
20x10E,20.0,10.0,360.0,0.050585648148148143,0.9131707317073171,2261.08502471624,2261.08502471624,6.604275156043474,88.91115613621042,82.07080170381577,12.061661553281349,0.7744531609700135,14.644170213740766,True,0.2974898718938502
20x10E,20.0,10.0,320.0,0.0640224609375,0.8117073170731708,2261.08502471624,2261.08502471624,7.4298095505489075,88.91115613621042,82.07080170381577,12.061661553281349,0.7744531609700135,11.584836097758805,True,0.33467610588058144
20x10E,20.0,10.0,300.0,0.07284333333333333,0.7609756097560976,2261.08502471624,2261.08502471624,7.925130187252168,88.91115613621042,82.07080170381577,12.061661553281349,0.7744531609700135,10.111329404313034,True,0.3569878462726202
20x10E,20.0,10.0,860.0,0.008864115738236884,2.1814634146341465,2261.08502471624,2261.08502471624,2.764580297878663,88.91115613621042,82.07080170381577,12.061661553281349,0.7744531609700135,49.768437297238165,True,0.12453064404858843
20x10E,20.0,10.0,280.0,0.08362117346938774,0.7102439024390245,2261.08502471624,2261.08502471624,8.491210914913037,88.91115613621042,82.07080170381577,12.061661553281349,0.7744531609700135,8.734851036519187,True,0.3824869781492359
20x10E,20.0,10.0,720.0,0.012646412037037036,1.8263414634146342,2261.08502471624,2261.08502471624,3.302137578021737,88.91115613621042,82.07080170381577,12.061661553281349,0.7744531609700135,45.99985083733821,True,0.1487449359469251
20x10E,20.0,10.0,740.0,0.011972059897735574,1.8770731707317074,2261.08502471624,2261.08502471624,3.2128906164535818,88.91115613621042,82.07080170381577,12.06166155328135,0.7744531609700135,47.37910823201565,True,0.14472480254295414
20x10E,20.0,10.0,800.0,0.01024359375,2.029268292682927,2261.08502471624,2261.08502471624,2.971923820219563,88.91115613621044,82.07080170381577,12.061661553281347,0.7744531609700134,49.768437297238165,True,0.13387044235223255
20x10E,20.0,10.0,200.0,0.1638975,0.5073170731707317,2261.08502471624,2261.08502471624,11.887695280878251,88.91115613621044,82.07080170381577,12.061661553281347,0.7744531609700134,4.024506575921324,True,0.5354817694089302
20x10E,20.0,10.0,400.0,0.040974375,1.0146341463414634,2261.08502471624,2261.08502471624,5.943847640439126,88.91115613621044,82.07080170381577,12.061661553281347,0.7744531609700134,17.98225061793494,True,0.2677408847044651
20x10E,20.0,10.0,340.0,0.05671193771626298,0.8624390243902439,2261.08502471624,2261.08502471624,6.992761929928384,88.91115613621044,82.07080170381577,12.061661553281349,0.7744531609700134,13.059563492913709,True,0.3149892761229002
20x10E,20.0,10.0,260.0,0.09698076923076923,0.6595121951219513,2261.08502471624,2261.08502471624,9.144380985290963,88.91115613621044,82.07080170381577,12.061661553281349,0.7744531609700134,7.465905241634877,True,0.41190905339148487
20x10E,20.0,10.0,420.0,0.03716496598639456,1.0653658536585366,2261.08502471624,2261.08502471624,5.660807276608692,88.91115613621044,82.07080170381577,12.061661553281349,0.7744531609700134,19.73215164607676,True,0.25499131876615727
20x10E,20.0,10.0,520.0,0.024245192307692308,1.3190243902439025,2261.08502471624,2261.08502471624,4.572190492645482,88.91115613621044,82.07080170381577,12.061661553281349,0.7744531609700134,29.275384997197815,True,0.20595452669574243
20x10E,20.0,10.0,680.0,0.014177984429065746,1.7248780487804878,2261.08502471624,2261.08502471624,3.496380964964192,88.91115613621044,82.07080170381577,12.061661553281349,0.7744531609700134,43.2413360479833,True,0.1574946380614501
20x10E,20.0,10.0,840.0,0.00929124149659864,2.1307317073170733,2261.08502471624,2261.08502471624,2.830403638304346,88.91115613621044,82.07080170381577,12.061661553281349,0.7744531609700134,49.768437297238165,True,0.12749565938307864
20x10E,20.0,10.0,220.0,0.13545247933884294,0.5580487804878049,2261.08502471624,2261.08502471624,10.806995709889321,88.91115613621045,82.07080170381577,12.06166155328135,0.7744531609700133,5.07588543065509,True,0.486801608553573
20x10E,20.0,10.0,440.0,0.033863119834710735,1.1160975609756099,2261.08502471624,2261.08502471624,5.403497854944661,88.91115613621045,82.07080170381577,12.06166155328135,0.7744531609700133,21.584854801567822,True,0.2434008042767865
20x10E,20.0,10.0,880.0,0.008465779958677684,2.2321951219512197,2261.08502471624,2261.08502471624,2.7017489274723303,88.91115613621045,82.07080170381577,12.06166155328135,0.7744531609700133,49.768437297238165,True,0.12170040213839325
22x12E,22.0,12.0,900.0,0.008093703703703702,2.282926829268293,1933.3099657912371,1933.3099657912371,2.2969900181928904,88.94449346413364,69.21299254440827,10.487720278188027,0.7781593873747564,64.59684729801859,True,0.10346801883751759
22x12E,22.0,12.0,640.0,0.016005615234375,1.6234146341463416,1933.3099657912371,1933.3099657912371,3.2301422130837523,88.94449346413366,69.21299254440827,10.487720278188027,0.7781593873747563,46.63439707154948,True,0.14550190149025913
22x12E,22.0,12.0,240.0,0.11381770833333335,0.608780487804878,1933.3099657912371,1933.3099657912371,8.61371256822334,88.94449346413366,69.21299254440827,10.487720278188027,0.7781593873747563,8.509497859524226,True,0.388005070640691
22x12E,22.0,12.0,700.0,0.013379387755102041,1.775609756097561,1933.3099657912371,1933.3099657912371,2.9532728805337163,88.94449346413366,69.21299254440827,10.487720278188027,0.7781593873747563,52.04061256109061,True,0.13303030993395118
22x12E,22.0,12.0,320.0,0.0640224609375,0.8117073170731708,1933.3099657912371,1933.3099657912371,6.4602844261675045,88.94449346413366,69.21299254440827,10.487720278188027,0.7781593873747563,14.858648588897726,True,0.29100380298051826
22x12E,22.0,12.0,540.0,0.02248251028806584,1.3697560975609757,1933.3099657912371,1933.3099657912371,3.828316696988151,88.94449346413366,69.21299254440827,10.487720278188027,0.7781593873747563,36.8981949461383,True,0.17244669806252932
22x12E,22.0,12.0,480.0,0.028454427083333338,1.217560975609756,1933.3099657912371,1933.3099657912371,4.30685628411167,88.94449346413366,69.21299254440827,10.487720278188027,0.7781593873747563,30.447693039269165,True,0.1940025353203455
22x12E,22.0,12.0,660.0,0.015050275482093664,1.6741463414634148,1933.3099657912371,1933.3099657912371,3.132259115717578,88.94449346413366,69.21299254440827,10.487720278188029,0.7781593873747563,48.45494330826085,True,0.14109275296025128
22x12E,22.0,12.0,580.0,0.019488406658739597,1.471219512195122,1933.3099657912371,1933.3099657912371,3.5642948558165544,88.94449346413367,69.21299254440827,10.487720278188027,0.7781593873747562,41.10084709369179,True,0.16055382233407903
22x12E,22.0,12.0,520.0,0.024245192307692308,1.3190243902439025,1933.3099657912371,1933.3099657912371,3.9755596468723104,88.94449346413367,69.21299254440827,10.487720278188027,0.7781593873747562,34.73756395176248,True,0.1790792633726266
22x12E,22.0,12.0,600.0,0.018210833333333332,1.5219512195121951,1933.3099657912371,1933.3099657912371,3.445485027289336,88.94449346413367,69.21299254440827,10.487720278188027,0.7781593873747562,42.99330459812679,True,0.15520202825627638
22x12E,22.0,12.0,620.0,0.017054890738813736,1.5726829268292684,1933.3099657912371,1933.3099657912371,3.33434034898968,88.94449346413367,69.21299254440827,10.487720278188029,0.7781593873747562,44.81385083483815,True,0.15019551121575136
22x12E,22.0,12.0,500.0,0.0262236,1.2682926829268293,1933.3099657912371,1933.3099657912371,4.134582032747203,88.94449346413367,69.21299254440827,10.487720278188027,0.7781593873747562,32.57693295738668,True,0.18624243390753167
22x12E,22.0,12.0,280.0,0.08362117346938774,0.7102439024390245,1933.3099657912371,1933.3099657912371,7.383182201334291,88.94449346413367,69.21299254440827,10.487720278188029,0.7781593873747562,11.549920474094296,True,0.332575774834878
22x12E,22.0,12.0,560.0,0.020905293367346936,1.420487804878049,1933.3099657912371,1933.3099657912371,3.6915911006671456,88.94449346413367,69.21299254440827,10.487720278188029,0.7781593873747562,39.05882594051409,True,0.166287887417439
22x12E,22.0,12.0,720.0,0.012646412037037036,1.8263414634146342,1933.3099657912371,1933.3099657912371,2.8712375227411133,88.94449346413367,69.21299254440827,10.487720278188029,0.7781593873747562,53.46326790234304,True,0.129335023546897
22x12E,22.0,12.0,740.0,0.011972059897735574,1.8770731707317074,1933.3099657912371,1933.3099657912371,2.793636508612975,88.94449346413367,69.21299254440827,10.487720278188029,0.7781593873747562,54.84337617180456,True,0.12583948236995385
22x12E,22.0,12.0,260.0,0.09698076923076923,0.6595121951219513,1933.3099657912371,1933.3099657912371,7.951119293744621,88.94449346413367,69.21299254440827,10.487720278188027,0.7781593873747562,9.943365034558164,True,0.3581585267452532
22x12E,22.0,12.0,780.0,0.010775641025641026,1.9785365853658536,1933.3099657912371,1933.3099657912371,2.6503730979148736,88.94449346413367,69.21299254440827,10.487720278188027,0.7781593873747562,57.45143015463551,True,0.11938617558175108
22x12E,22.0,12.0,820.0,0.00975,2.08,1933.3099657912371,1933.3099657912371,2.5210866053336605,88.94449346413367,69.21299254440827,10.487720278188029,0.7781593873747562,60.059484137466484,True,0.11356245969971444
22x12E,22.0,12.0,340.0,0.05671193771626298,0.8624390243902439,1933.3099657912371,1933.3099657912371,6.080267695216475,88.94449346413367,69.21299254440827,10.487720278188027,0.7781593873747562,16.61718417973468,True,0.27388593221695834
22x12E,22.0,12.0,300.0,0.07284333333333333,0.7609756097560976,1933.3099657912371,1933.3099657912371,6.890970054578672,88.94449346413367,69.21299254440827,10.487720278188027,0.7781593873747562,13.204284531496013,True,0.31040405651255276
22x12E,22.0,12.0,180.0,0.20234259259259257,0.45658536585365855,1933.3099657912371,1933.3099657912371,11.484950090964453,88.94449346413367,69.21299254440827,10.487720278188029,0.7781593873747562,4.534440174583158,True,0.517340094187588
22x12E,22.0,12.0,360.0,0.050585648148148143,0.9131707317073171,1933.3099657912371,1933.3099657912371,5.742475045482227,88.94449346413367,69.21299254440827,10.487720278188029,0.7781593873747562,18.488351941869013,True,0.258670047093794
22x12E,22.0,12.0,680.0,0.014177984429065746,1.7248780487804878,1933.3099657912371,1933.3099657912371,3.0401338476082373,88.94449346413367,69.21299254440827,10.487720278188027,0.7781593873747562,50.275489544972174,True,0.13694296610847917
22x12E,22.0,12.0,220.0,0.13545247933884294,0.5580487804878049,1933.3099657912371,1933.3099657912371,9.396777347152735,88.94449346413369,69.21299254440827,10.487720278188029,0.7781593873747561,7.098011986836442,True,0.4232782588807539
22x12E,22.0,12.0,200.0,0.1638975,0.5073170731707317,1933.3099657912371,1933.3099657912371,10.336455081868008,88.94449346413369,69.21299254440827,10.487720278188029,0.7781593873747561,5.700661792765345,True,0.4656060847688292
22x12E,22.0,12.0,380.0,0.04540096952908587,0.9639024390243903,1933.3099657912371,1933.3099657912371,5.440239516772635,88.94449346413369,69.21299254440827,10.487720278188029,0.7781593873747561,20.359519704003333,True,0.24505583408885745
22x12E,22.0,12.0,400.0,0.040974375,1.0146341463414634,1933.3099657912371,1933.3099657912371,5.168227540934004,88.94449346413369,69.21299254440827,10.487720278188029,0.7781593873747561,22.230687466137656,True,0.2328030423844146
22x12E,22.0,12.0,440.0,0.033863119834710735,1.1160975609756099,1933.3099657912371,1933.3099657912371,4.698388673576368,88.94449346413369,69.21299254440827,10.487720278188029,0.7781593873747561,26.31496564682505,True,0.21163912944037694
22x12E,22.0,12.0,420.0,0.03716496598639456,1.0653658536585366,1933.3099657912371,1933.3099657912371,4.922121467556194,88.94449346413369,69.21299254440827,10.487720278188029,0.7781593873747561,24.251363890145637,True,0.221717183223252
22x12E,22.0,12.0,460.0,0.030982514177693755,1.166829268292683,1933.3099657912371,1933.3099657912371,4.494110905160004,88.94449346413369,69.21299254440827,10.48772027818803,0.7781593873747561,28.378567403504455,True,0.20243742816036053
22x12E,22.0,12.0,760.0,0.011350242382271468,1.9278048780487806,1933.3099657912371,1933.3099657912371,2.7201197583863177,88.94449346413369,69.21299254440827,10.487720278188029,0.7781593873747561,56.147403163220055,True,0.12252791704442872
22x12E,22.0,12.0,800.0,0.01024359375,2.029268292682927,1933.3099657912371,1933.3099657912371,2.584113770467002,88.94449346413369,69.21299254440827,10.487720278188029,0.7781593873747561,58.755457146051,True,0.1164015211922073
22x12E,22.0,12.0,840.0,0.00929124149659864,2.1307317073170733,1933.3099657912371,1933.3099657912371,2.461060733778097,88.94449346413369,69.21299254440827,10.487720278188029,0.7781593873747561,61.36351112888196,True,0.110858591611626
22x12E,22.0,12.0,880.0,0.008465779958677684,2.2321951219512197,1933.3099657912371,1933.3099657912371,2.349194336788184,88.94449346413369,69.21299254440827,10.487720278188029,0.7781593873747561,63.9715651117129,True,0.10581956472018847
22x12E,22.0,12.0,860.0,0.008864115738236884,2.1814634146341465,1933.3099657912371,1933.3099657912371,2.4038267632251182,88.9444934641337,69.21299254440827,10.487720278188029,0.778159387374756,62.66753812029744,True,0.10828048482996029
MJ-20x11E,20.0,11.0,260.0,0.09698076923076923,0.6595121951219513,2070.775484841672,2070.775484841672,8.449947408890793,89.04265195969809,82.26117725570928,11.145686728605222,0.7774434703115791,8.514691046657411,True,0.38062826166174746
MJ-20x11E,20.0,11.0,520.0,0.024245192307692308,1.3190243902439025,2070.775484841672,2070.775484841672,4.2249737044453965,89.04265195969809,82.26117725570928,11.145686728605222,0.7774434703115791,30.149773125792624,True,0.19031413083087373
MJ-20x11E,20.0,11.0,320.0,0.0640224609375,0.8117073170731708,2070.775484841672,2070.775484841672,6.86558226972377,89.0426519596981,82.26117725570928,11.145686728605224,0.777443470311579,12.740979667232928,True,0.3092604626001698
MJ-20x11E,20.0,11.0,580.0,0.019488406658739597,1.471219512195122,2070.775484841672,2070.775484841672,3.787907459157942,89.0426519596981,82.26117725570928,11.145686728605222,0.777443470311579,30.56016333397309,True,0.17062646212423163
MJ-20x11E,20.0,11.0,540.0,0.02248251028806584,1.3697560975609757,2070.775484841672,2070.775484841672,4.068493196873345,89.0426519596981,82.26117725570928,11.145686728605224,0.777443470311579,30.56016333397309,True,0.18326545931861915
MJ-20x11E,20.0,11.0,240.0,0.11381770833333335,0.608780487804878,2070.775484841672,2070.775484841672,9.154109692965028,89.0426519596981,82.26117725570928,11.145686728605224,0.777443470311579,7.179111783646762,True,0.41234728346689314
MJ-20x11E,20.0,11.0,640.0,0.016005615234375,1.6234146341463416,2070.775484841672,2070.775484841672,3.432791134861885,89.0426519596981,82.26117725570928,11.145686728605224,0.777443470311579,30.56016333397309,True,0.1546302313000849
MJ-20x11E,20.0,11.0,460.0,0.030982514177693755,1.166829268292683,2070.775484841672,2070.775484841672,4.776057231112188,89.0426519596981,82.26117725570928,11.145686728605224,0.777443470311579,24.491799720465018,True,0.21513771311316163
MJ-20x11E,20.0,11.0,480.0,0.028454427083333338,1.217560975609756,2070.775484841672,2070.775484841672,4.577054846482514,89.0426519596981,82.26117725570928,11.145686728605224,0.777443470311579,26.377790855574215,True,0.20617364173344657
MJ-20x11E,20.0,11.0,500.0,0.0262236,1.2682926829268293,2070.775484841672,2070.775484841672,4.393972652623213,89.0426519596981,82.26117725570928,11.145686728605224,0.777443470311579,28.26378199068342,True,0.1979266960641087
MJ-20x11E,20.0,11.0,700.0,0.013379387755102041,1.775609756097561,2070.775484841672,2070.775484841672,3.1385518947308664,89.0426519596981,82.26117725570928,11.145686728605224,0.777443470311579,30.56016333397309,True,0.14137621147436336
MJ-20x11E,20.0,11.0,660.0,0.015050275482093664,1.6741463414634148,2070.775484841672,2070.775484841672,3.3287671610781917,89.0426519596981,82.26117725570928,11.145686728605224,0.777443470311579,30.56016333397309,True,0.14994446671523387
MJ-20x11E,20.0,11.0,180.0,0.20234259259259257,0.45658536585365855,2070.775484841672,2070.775484841672,12.205479590620037,89.04265195969812,82.26117725570928,11.145686728605224,0.7774434703115789,3.7743848087129335,True,0.5497963779558576
MJ-20x11E,20.0,11.0,200.0,0.1638975,0.5073170731707317,2070.775484841672,2070.775484841672,10.984931631558032,89.04265195969812,82.26117725570928,11.145686728605224,0.7774434703115789,4.879695357620288,True,0.4948167401602717
MJ-20x11E,20.0,11.0,860.0,0.008864115738236884,2.1814634146341465,2070.775484841672,2070.775484841672,2.5546352631530307,89.04265195969812,82.26117725570928,11.145686728605224,0.7774434703115789,30.56016333397309,True,0.11507366050238878
MJ-20x11E,20.0,11.0,300.0,0.07284333333333333,0.7609756097560976,2070.775484841672,2070.775484841672,7.323287754372021,89.04265195969812,82.26117725570928,11.145686728605224,0.7774434703115789,11.23273911662782,True,0.3298778267735145
MJ-20x11E,20.0,11.0,900.0,0.008093703703703702,2.282926829268293,2070.775484841672,2070.775484841672,2.4410959181240073,89.04265195969812,82.26117725570928,11.145686728605225,0.7774434703115789,30.56016333397309,True,0.1099592755911715
MJ-20x11E,20.0,11.0,820.0,0.00975,2.08,2070.775484841672,2070.775484841672,2.6792516174531786,89.04265195969812,82.26117725570928,11.145686728605224,0.7774434703115789,30.56016333397309,True,0.12068700979518823
MJ-20x11E,20.0,11.0,800.0,0.01024359375,2.029268292682927,2070.775484841672,2070.775484841672,2.746232907889508,89.04265195969812,82.26117725570928,11.145686728605224,0.7774434703115789,30.56016333397309,True,0.12370418504006793
MJ-20x11E,20.0,11.0,780.0,0.010775641025641026,1.9785365853658536,2070.775484841672,2070.775484841672,2.8166491362969315,89.04265195969812,82.26117725570928,11.145686728605224,0.7774434703115789,30.56016333397309,True,0.1268760872205825
MJ-20x11E,20.0,11.0,720.0,0.012646412037037036,1.8263414634146342,2070.775484841672,2070.775484841672,3.051369897655009,89.04265195969812,82.26117725570928,11.145686728605224,0.7774434703115789,30.56016333397309,True,0.1374490944889644
MJ-20x11E,20.0,11.0,620.0,0.017054890738813736,1.5726829268292684,2070.775484841672,2070.775484841672,3.5435263327606554,89.04265195969812,82.26117725570928,11.145686728605224,0.7774434703115789,30.56016333397309,True,0.159618303277507
MJ-20x11E,20.0,11.0,600.0,0.018210833333333332,1.5219512195121951,2070.775484841672,2070.775484841672,3.6616438771860107,89.04265195969812,82.26117725570928,11.145686728605224,0.7774434703115789,30.56016333397309,True,0.16493891338675726
MJ-20x11E,20.0,11.0,360.0,0.050585648148148143,0.9131707317073171,2070.775484841672,2070.775484841672,6.102739795310018,89.04265195969812,82.26117725570928,11.145686728605224,0.7774434703115789,15.841804531663845,True,0.2748981889779288
MJ-20x11E,20.0,11.0,400.0,0.040974375,1.0146341463414634,2070.775484841672,2070.775484841672,5.492465815779016,89.04265195969812,82.26117725570928,11.145686728605224,0.7774434703115789,19.16281667689085,True,0.24740837008013586
MJ-20x11E,20.0,11.0,280.0,0.08362117346938774,0.7102439024390245,2070.775484841672,2070.775484841672,7.846379736827166,89.04265195969812,82.26117725570928,11.145686728605224,0.7774434703115789,9.873715081642615,True,0.3534405286859084
MJ-20x11E,20.0,11.0,560.0,0.020905293367346936,1.420487804878049,2070.775484841672,2070.775484841672,3.923189868413583,89.04265195969812,82.26117725570928,11.145686728605224,0.7774434703115789,30.56016333397309,True,0.1767202643429542
MJ-20x11E,20.0,11.0,740.0,0.011972059897735574,1.8770731707317074,2070.775484841672,2070.775484841672,2.9689004409616304,89.04265195969812,82.26117725570928,11.145686728605224,0.7774434703115789,30.56016333397309,True,0.13373425409737075
MJ-20x11E,20.0,11.0,440.0,0.033863119834710735,1.1160975609756099,2070.775484841672,2070.775484841672,4.993150741617288,89.04265195969813,82.26117725570928,11.145686728605224,0.7774434703115787,22.638787121461824,True,0.2249167000728508
MJ-20x11E,20.0,11.0,220.0,0.13545247933884294,0.5580487804878049,2070.775484841672,2070.775484841672,9.986301483234575,89.04265195969813,82.26117725570928,11.145686728605224,0.7774434703115787,6.029403570633526,True,0.4498334001457016
MJ-20x11E,20.0,11.0,340.0,0.05671193771626298,0.8624390243902439,2070.775484841672,2070.775484841672,6.461724489151784,89.04265195969813,82.26117725570928,11.145686728605224,0.7774434703115787,14.291392099448382,True,0.2910686706825128
MJ-20x11E,20.0,11.0,840.0,0.00929124149659864,2.1307317073170733,2070.775484841672,2070.775484841672,2.615459912275722,89.04265195969813,82.26117725570928,11.145686728605224,0.7774434703115787,30.56016333397309,True,0.11781350956196947
MJ-20x11E,20.0,11.0,760.0,0.011350242382271468,1.9278048780487806,2070.775484841672,2070.775484841672,2.890771481988956,89.04265195969813,82.26117725570928,11.145686728605224,0.7774434703115787,30.56016333397309,True,0.13021493162112413
MJ-20x11E,20.0,11.0,380.0,0.04540096952908587,0.9639024390243903,2070.775484841672,2070.775484841672,5.781542963977912,89.04265195969813,82.26117725570928,11.145686728605224,0.7774434703115787,17.435951202136273,True,0.26042986324224826
MJ-20x11E,20.0,11.0,880.0,0.008465779958677684,2.2321951219512197,2070.775484841672,2070.775484841672,2.496575370808644,89.04265195969813,82.26117725570928,11.145686728605224,0.7774434703115787,30.56016333397309,True,0.1124583500364254
MJ-20x11E,20.0,11.0,420.0,0.03716496598639456,1.0653658536585366,2070.775484841672,2070.775484841672,5.230919824551444,89.04265195969813,82.26117725570928,11.145686728605224,0.7774434703115787,20.900801899176336,True,0.23562701912393894
MJ-20x11E,20.0,11.0,680.0,0.014177984429065746,1.7248780487804878,2070.775484841672,2070.775484841672,3.230862244575892,89.04265195969813,82.26117725570928,11.145686728605224,0.7774434703115787,30.56016333397309,True,0.1455343353412564
MJ-26x15E,26.0,15.0,540.0,0.02248251028806584,1.3697560975609757,1419.9800113716824,1419.9800113716824,2.952118671711563,89.15797783430085,87.39243233329904,8.087365102601042,0.7654120520690318,40.68342232240202,True,0.1329783185455659
MJ-26x15E,26.0,15.0,560.0,0.020905293367346936,1.420487804878049,1419.9800113716824,1419.9800113716824,2.8466858620075786,89.15797783430085,87.39243233329904,8.087365102601044,0.7654120520690318,42.82889045749939,True,0.12822909288322426
MJ-26x15E,26.0,15.0,480.0,0.028454427083333338,1.217560975609756,1419.9800113716824,1419.9800113716824,3.3211335056755082,89.15797783430085,87.39243233329904,8.087365102601042,0.7654120520690318,34.36036691648447,True,0.14960060836376163
MJ-26x15E,26.0,15.0,280.0,0.08362117346938774,0.7102439024390245,1419.9800113716824,1419.9800113716824,5.693371724015157,89.15797783430085,87.39243233329904,8.087365102601044,0.7654120520690318,14.934905896918748,True,0.2564581857664485
MJ-26x15E,26.0,15.0,240.0,0.11381770833333335,0.608780487804878,1419.9800113716824,1419.9800113716824,6.6422670113510165,89.15797783430085,87.39243233329904,8.087365102601042,0.7654120520690318,11.519286313191825,True,0.29920121672752326
MJ-26x15E,26.0,15.0,420.0,0.03716496598639456,1.0653658536585366,1419.9800113716824,1419.9800113716824,3.795581149343438,89.15797783430087,87.39243233329904,8.087365102601042,0.7654120520690317,28.231925631139525,True,0.17097212384429902
MJ-26x15E,26.0,15.0,320.0,0.0640224609375,0.8117073170731708,1419.9800113716824,1419.9800113716824,4.981700258513262,89.15797783430087,87.39243233329904,8.087365102601042,0.7654120520690317,18.547308841168718,True,0.22440091254564246
MJ-26x15E,26.0,15.0,700.0,0.013379387755102041,1.775609756097561,1419.9800113716824,1419.9800113716824,2.277348689606063,89.15797783430087,87.39243233329904,8.087365102601042,0.7654120520690317,49.41146419704781,True,0.10258327430657942
MJ-26x15E,26.0,15.0,640.0,0.016005615234375,1.6234146341463416,1419.9800113716824,1419.9800113716824,2.490850129256631,89.15797783430087,87.39243233329904,8.087365102601042,0.7654120520690317,49.41146419704781,True,0.11220045627282123
MJ-26x15E,26.0,15.0,660.0,0.015050275482093664,1.6741463414634148,1419.9800113716824,1419.9800113716824,2.4153698223094606,89.15797783430087,87.39243233329904,8.087365102601044,0.7654120520690317,49.41146419704781,True,0.1088004424463721
MJ-26x15E,26.0,15.0,620.0,0.017054890738813736,1.5726829268292684,1419.9800113716824,1419.9800113716824,2.5712001334262,89.15797783430087,87.39243233329904,8.087365102601042,0.7654120520690317,49.265294862791436,True,0.11581982583000901
MJ-26x15E,26.0,15.0,900.0,0.008093703703703702,2.282926829268293,1419.9800113716824,1419.9800113716824,1.7712712030269377,89.15797783430087,87.39243233329904,8.087365102601044,0.7654120520690317,49.41146419704781,True,0.07978699112733954
MJ-26x15E,26.0,15.0,860.0,0.008864115738236884,2.1814634146341465,1419.9800113716824,1419.9800113716824,1.8536559101444696,89.15797783430087,87.39243233329904,8.087365102601042,0.7654120520690317,49.41146419704781,True,0.0834980139704716
MJ-26x15E,26.0,15.0,840.0,0.00929124149659864,2.1307317073170733,1419.9800113716824,1419.9800113716824,1.897790574671719,89.15797783430087,87.39243233329904,8.087365102601042,0.7654120520690317,49.41146419704781,True,0.08548606192214951
MJ-26x15E,26.0,15.0,820.0,0.00975,2.08,1419.9800113716824,1419.9800113716824,1.9440781496637123,89.15797783430087,87.39243233329904,8.087365102601044,0.7654120520690317,49.41146419704781,True,0.08757108782268974
MJ-26x15E,26.0,15.0,740.0,0.011972059897735574,1.8770731707317074,1419.9800113716824,1419.9800113716824,2.1542487604381675,89.15797783430087,87.39243233329904,8.087365102601042,0.7654120520690317,49.41146419704781,True,0.0970382324521697
MJ-26x15E,26.0,15.0,500.0,0.0262236,1.2682926829268293,1419.9800113716824,1419.9800113716824,3.1882881654484883,89.15797783430087,87.39243233329904,8.087365102601044,0.7654120520690317,36.42029868462869,True,0.14361658402921118
MJ-26x15E,26.0,15.0,780.0,0.010775641025641026,1.9785365853658536,1419.9800113716824,1419.9800113716824,2.043774465031082,89.15797783430087,87.39243233329904,8.087365102601042,0.7654120520690317,49.41146419704781,True,0.09206191283923794
MJ-26x15E,26.0,15.0,460.0,0.030982514177693755,1.166829268292683,1419.9800113716824,1419.9800113716824,3.465530614617922,89.15797783430088,87.39243233329904,8.087365102601044,0.7654120520690316,32.315348765169205,True,0.15610498264044695
MJ-26x15E,26.0,15.0,800.0,0.01024359375,2.029268292682927,1419.9800113716824,1419.9800113716824,1.9926801034053052,89.15797783430088,87.39243233329904,8.087365102601044,0.7654120520690316,49.41146419704781,True,0.08976036501825699
MJ-26x15E,26.0,15.0,520.0,0.024245192307692308,1.3190243902439025,1419.9800113716824,1419.9800113716824,3.0656616975466235,89.15797783430088,87.39243233329904,8.087365102601044,0.7654120520690316,38.53795418730465,True,0.13809286925885692
MJ-26x15E,26.0,15.0,580.0,0.019488406658739597,1.471219512195122,1419.9800113716824,1419.9800113716824,2.7485242805590415,89.15797783430088,87.39243233329904,8.087365102601042,0.7654120520690316,44.974358592596715,True,0.12380740002518205
MJ-26x15E,26.0,15.0,600.0,0.018210833333333332,1.5219512195121951,1419.9800113716824,1419.9800113716824,2.656906804540407,89.15797783430088,87.39243233329904,8.087365102601044,0.7654120520690316,47.11982672769409,True,0.11968048669100932
MJ-26x15E,26.0,15.0,200.0,0.1638975,0.5073170731707317,1419.9800113716824,1419.9800113716824,7.970720413621221,89.15797783430088,87.39243233329904,8.087365102601044,0.7654120520690316,8.288071688837743,True,0.35904146007302795
MJ-26x15E,26.0,15.0,760.0,0.011350242382271468,1.9278048780487806,1419.9800113716824,1419.9800113716824,2.0975580035845316,89.15797783430088,87.39243233329904,8.087365102601044,0.7654120520690316,49.41146419704781,True,0.09448459475605998
MJ-26x15E,26.0,15.0,400.0,0.040974375,1.0146341463414634,1419.9800113716824,1419.9800113716824,3.9853602068106104,89.15797783430088,87.39243233329904,8.087365102601044,0.7654120520690316,26.25183432321088,True,0.17952073003651398
MJ-26x15E,26.0,15.0,380.0,0.04540096952908587,0.9639024390243903,1419.9800113716824,1419.9800113716824,4.195116007169063,89.15797783430088,87.39243233329904,8.087365102601044,0.7654120520690316,24.305019633529856,True,0.18896918951211997
MJ-26x15E,26.0,15.0,300.0,0.07284333333333333,0.7609756097560976,1419.9800113716824,1419.9800113716824,5.313813609080814,89.15797783430088,87.39243233329904,8.087365102601044,0.7654120520690316,16.741107369043732,True,0.23936097338201864
MJ-26x15E,26.0,15.0,260.0,0.09698076923076923,0.6595121951219513,1419.9800113716824,1419.9800113716824,6.131323395093247,89.15797783430088,87.39243233329904,8.087365102601044,0.7654120520690316,13.159684806666524,True,0.27618573851771383
MJ-26x15E,26.0,15.0,340.0,0.05671193771626298,0.8624390243902439,1419.9800113716824,1419.9800113716824,4.688659066836013,89.1579778343009,87.39243233329904,8.087365102601044,0.7654120520690315,20.415201035358137,True,0.21120085886648707
MJ-26x15E,26.0,15.0,440.0,0.033863119834710735,1.1160975609756099,1419.9800113716824,1419.9800113716824,3.623054733464191,89.1579778343009,87.39243233329904,8.087365102601044,0.7654120520690315,30.270330613853947,True,0.16320066366955815
MJ-26x15E,26.0,15.0,180.0,0.20234259259259257,0.45658536585365855,1419.9800113716824,1419.9800113716824,8.85635601513469,89.1579778343009,87.39243233329904,8.087365102601044,0.7654120520690315,6.769577454276107,True,0.39893495563669773
MJ-26x15E,26.0,15.0,360.0,0.050585648148148143,0.9131707317073171,1419.9800113716824,1419.9800113716824,4.428178007567345,89.1579778343009,87.39243233329904,8.087365102601044,0.7654120520690315,22.35821312624,True,0.19946747781834887
MJ-26x15E,26.0,15.0,720.0,0.012646412037037036,1.8263414634146342,1419.9800113716824,1419.9800113716824,2.2140890037836725,89.1579778343009,87.39243233329904,8.087365102601044,0.7654120520690315,49.41146419704781,True,0.09973373890917443
MJ-26x15E,26.0,15.0,220.0,0.13545247933884294,0.5580487804878049,1419.9800113716824,1419.9800113716824,7.246109466928382,89.1579778343009,87.39243233329904,8.087365102601044,0.7654120520690315,9.903679001014785,True,0.3264013273391163
MJ-26x15E,26.0,15.0,680.0,0.014177984429065746,1.7248780487804878,1419.9800113716824,1419.9800113716824,2.3443295334180063,89.1579778343009,87.39243233329904,8.087365102601044,0.7654120520690315,49.41146419704781,True,0.10560042943324353
MJ-26x15E,26.0,15.0,880.0,0.008465779958677684,2.2321951219512197,1419.9800113716824,1419.9800113716824,1.8115273667320955,89.1579778343009,87.39243233329904,8.087365102601044,0.7654120520690315,49.41146419704781,True,0.08160033183477908
26x15E,26.0,15.0,900.0,0.008093703703703702,2.282926829268293,1515.2386831393812,1515.2386831393812,1.8696408211695725,90.4750712832845,69.71149838900911,8.53650638348644,0.7705050396781338,76.58878361835028,True,0.0842180550076384
26x15E,26.0,15.0,480.0,0.028454427083333338,1.217560975609756,1515.2386831393812,1515.2386831393812,3.5055765396929486,90.4750712832845,69.71149838900911,8.536506383486438,0.7705050396781338,36.008225877133455,True,0.15790885313932201
26x15E,26.0,15.0,780.0,0.010775641025641026,1.9785365853658536,1515.2386831393812,1515.2386831393812,2.157277870580276,90.4750712832845,69.71149838900911,8.536506383486438,0.7705050396781338,68.14184262493303,True,0.09717467885496739
26x15E,26.0,15.0,660.0,0.015050275482093664,1.6741463414634148,1515.2386831393812,1515.2386831393812,2.5495102106857805,90.4750712832845,69.71149838900911,8.536506383486438,0.7705050396781338,56.15733249239299,True,0.11484280228314327
26x15E,26.0,15.0,240.0,0.11381770833333335,0.608780487804878,1515.2386831393812,1515.2386831393812,7.011153079385897,90.4750712832845,69.71149838900911,8.536506383486438,0.7705050396781338,11.612131368738568,True,0.31581770627864403
26x15E,26.0,15.0,320.0,0.0640224609375,0.8117073170731708,1515.2386831393812,1515.2386831393812,5.258364809539423,90.47507128328452,69.71149838900911,8.53650638348644,0.7705050396781337,19.073894097457313,True,0.23686327970898305
26x15E,26.0,15.0,280.0,0.08362117346938774,0.7102439024390245,1515.2386831393812,1515.2386831393812,6.009559782330769,90.47507128328452,69.71149838900911,8.53650638348644,0.7705050396781337,15.211558984626398,True,0.2707008910959806
26x15E,26.0,15.0,560.0,0.020905293367346936,1.420487804878049,1515.2386831393812,1515.2386831393812,3.0047798911653847,90.47507128328452,69.71149838900911,8.53650638348644,0.7705050396781337,45.25468440104594,True,0.1353504455479903
26x15E,26.0,15.0,640.0,0.016005615234375,1.6234146341463416,1515.2386831393812,1515.2386831393812,2.6291824047697117,90.47507128328452,69.71149838900911,8.53650638348644,0.7705050396781337,54.04013940974391,True,0.11843163985449152
26x15E,26.0,15.0,540.0,0.02248251028806584,1.3697560975609757,1515.2386831393812,1515.2386831393812,3.116068035282621,90.47507128328452,69.71149838900911,8.53650638348644,0.7705050396781337,42.943069770067815,True,0.1403634250127307
26x15E,26.0,15.0,820.0,0.00975,2.08,1515.2386831393812,1515.2386831393812,2.0520448037227017,90.47507128328452,69.71149838900911,8.53650638348644,0.7705050396781337,71.00429674749694,True,0.09243445061813972
26x15E,26.0,15.0,460.0,0.030982514177693755,1.166829268292683,1515.2386831393812,1515.2386831393812,3.657992910983946,90.47507128328452,69.71149838900911,8.53650638348644,0.7705050396781337,33.748924515930916,True,0.1647744554497273
26x15E,26.0,15.0,500.0,0.0262236,1.2682926829268293,1515.2386831393812,1515.2386831393812,3.3653534781052308,90.47507128328452,69.71149838900911,8.536506383486438,0.7705050396781337,38.319840508111575,True,0.15159249901374913
26x15E,26.0,15.0,600.0,0.018210833333333332,1.5219512195121951,1515.2386831393812,1515.2386831393812,2.804461231754359,90.47507128328455,69.71149838900911,8.53650638348644,0.7705050396781334,49.77811328642581,True,0.12632708251145763
26x15E,26.0,15.0,260.0,0.09698076923076923,0.6595121951219513,1515.2386831393812,1515.2386831393812,6.471833611740829,90.47507128328455,69.71149838900911,8.53650638348644,0.7705050396781334,13.320352951132545,True,0.2915240365649022
26x15E,26.0,15.0,580.0,0.019488406658739597,1.471219512195122,1515.2386831393812,1515.2386831393812,2.9011667914700268,90.47507128328455,69.71149838900911,8.53650638348644,0.7705050396781334,47.56629903202404,True,0.13068318880495616
26x15E,26.0,15.0,180.0,0.20234259259259257,0.45658536585365855,1515.2386831393812,1515.2386831393812,9.348204105847863,90.47507128328455,69.71149838900911,8.536506383486438,0.7705050396781334,6.6666839122183355,True,0.421090275038192
26x15E,26.0,15.0,300.0,0.07284333333333333,0.7609756097560976,1515.2386831393812,1515.2386831393812,5.608922463508718,90.47507128328455,69.71149838900911,8.53650638348644,0.7705050396781334,17.142726541041853,True,0.25265416502291527
26x15E,26.0,15.0,200.0,0.1638975,0.5073170731707317,1515.2386831393812,1515.2386831393812,8.413383695263077,90.47507128328455,69.71149838900911,8.536506383486438,0.7705050396781334,8.315166397725072,True,0.37898124753437284
26x15E,26.0,15.0,620.0,0.017054890738813736,1.5726829268292684,1515.2386831393812,1515.2386831393812,2.7139947404074443,90.47507128328455,69.71149838900911,8.53650638348644,0.7705050396781334,51.92294632709483,True,0.12225201533366867
26x15E,26.0,15.0,760.0,0.011350242382271468,1.9278048780487806,1515.2386831393812,1515.2386831393812,2.2140483408587044,90.47507128328455,69.71149838900911,8.53650638348644,0.7705050396781334,66.6903589437191,True,0.09973190724588758
26x15E,26.0,15.0,380.0,0.04540096952908587,0.9639024390243903,1515.2386831393812,1515.2386831393812,4.428096681717409,90.47507128328455,69.71149838900911,8.53650638348644,0.7705050396781334,25.139879078448214,True,0.19946381449177517
26x15E,26.0,15.0,720.0,0.012646412037037036,1.8263414634146342,1515.2386831393812,1515.2386831393812,2.3370510264619657,90.47507128328455,69.71149838900911,8.536506383486438,0.7705050396781334,62.50891174034019,True,0.105272568759548
26x15E,26.0,15.0,800.0,0.01024359375,2.029268292682927,1515.2386831393812,1515.2386831393812,2.1033459238157692,90.47507128328455,69.71149838900911,8.536506383486438,0.7705050396781334,69.59332630614698,True,0.09474531188359321
26x15E,26.0,15.0,740.0,0.011972059897735574,1.8770731707317074,1515.2386831393812,1515.2386831393812,2.2738874852062367,90.47507128328455,69.71149838900911,8.536506383486438,0.7705050396781334,64.62610482298923,True,0.10242736419847913
26x15E,26.0,15.0,520.0,0.024245192307692308,1.3190243902439025,1515.2386831393812,1515.2386831393812,3.2359168058704144,90.47507128328455,69.71149838900911,8.53650638348644,0.7705050396781334,40.63145513908969,True,0.1457620182824511
26x15E,26.0,15.0,400.0,0.040974375,1.0146341463414634,1515.2386831393812,1515.2386831393812,4.2066918476315385,90.47507128328455,69.71149838900911,8.536506383486438,0.7705050396781334,27.289956123345696,True,0.18949062376718642
26x15E,26.0,15.0,360.0,0.050585648148148143,0.9131707317073171,1515.2386831393812,1515.2386831393812,4.674102052923931,90.47507128328455,69.71149838900911,8.536506383486438,0.7705050396781334,23.012745996773578,True,0.210545137519096
26x15E,26.0,15.0,860.0,0.008864115738236884,2.1814634146341465,1515.2386831393812,1515.2386831393812,1.9566008593635063,90.47507128328455,69.71149838900911,8.53650638348644,0.7705050396781334,73.79654018292362,True,0.08813517384520299
26x15E,26.0,15.0,680.0,0.014177984429065746,1.7248780487804878,1515.2386831393812,1515.2386831393812,2.4745246162538463,90.47507128328456,69.71149838900911,8.53650638348644,0.7705050396781332,58.27452557504203,True,0.11146507280422732
26x15E,26.0,15.0,420.0,0.03716496598639456,1.0653658536585366,1515.2386831393812,1515.2386831393812,4.006373188220513,90.47507128328456,69.71149838900911,8.53650638348644,0.7705050396781332,29.440033168243183,True,0.18046726073065375
26x15E,26.0,15.0,700.0,0.013379387755102041,1.775609756097561,1515.2386831393812,1515.2386831393812,2.403823912932308,90.47507128328456,69.71149838900911,8.53650638348644,0.7705050396781332,60.39171865769113,True,0.10828035643839226
26x15E,26.0,15.0,340.0,0.05671193771626298,0.8624390243902439,1515.2386831393812,1515.2386831393812,4.949049232507693,90.47507128328456,69.71149838900911,8.53650638348644,0.7705050396781332,21.005061653872765,True,0.22293014560845464
26x15E,26.0,15.0,840.0,0.00929124149659864,2.1307317073170733,1515.2386831393812,1515.2386831393812,2.0031865941102565,90.47507128328456,69.71149838900911,8.53650638348644,0.7705050396781332,72.40041846521027,True,0.09023363036532688
26x15E,26.0,15.0,220.0,0.13545247933884294,0.5580487804878049,1515.2386831393812,1515.2386831393812,7.648530632057343,90.47507128328458,69.71149838900911,8.53650638348644,0.7705050396781331,9.963648883231823,True,0.34452840684942987
26x15E,26.0,15.0,440.0,0.033863119834710735,1.1160975609756099,1515.2386831393812,1515.2386831393812,3.8242653160286717,90.47507128328458,69.71149838900911,8.53650638348644,0.7705050396781331,31.59011021314066,True,0.17226420342471493
26x15E,26.0,15.0,880.0,0.008465779958677684,2.2321951219512197,1515.2386831393812,1515.2386831393812,1.9121326580143359,90.47507128328458,69.71149838900911,8.53650638348644,0.7705050396781331,75.19266190063694,True,0.08613210171235747
MJ-18x10E,18.0,10.0,300.0,0.07284333333333333,0.7609756097560976,2270.5809140062206,2270.5809140062206,7.963454199912743,90.87647581546749,81.28217767931112,12.119988831086712,0.7761412786207458,9.212292306476703,True,0.35871415314922267
MJ-18x10E,18.0,10.0,280.0,0.08362117346938774,0.7102439024390245,2270.5809140062206,2270.5809140062206,8.532272357049369,90.87647581546749,81.28217767931112,12.119988831086713,0.7761412786207458,8.000364511543731,True,0.38433659265988146
MJ-18x10E,18.0,10.0,240.0,0.11381770833333335,0.608780487804878,2270.5809140062206,2270.5809140062206,9.95431774989093,90.87647581546749,81.28217767931112,12.119988831086712,0.7761412786207458,5.72959571145549,True,0.4483926914365284
MJ-18x10E,18.0,10.0,900.0,0.008093703703703702,2.282926829268293,2270.5809140062206,2270.5809140062206,2.6544847333042476,90.87647581546749,81.28217767931112,12.119988831086712,0.7761412786207458,27.555926140341136,True,0.11957138438307421
MJ-18x10E,18.0,10.0,600.0,0.018210833333333332,1.5219512195121951,2270.5809140062206,2270.5809140062206,3.9817270999563714,90.87647581546749,81.28217767931112,12.119988831086712,0.7761412786207458,27.555926140341136,True,0.17935707657461133
MJ-18x10E,18.0,10.0,540.0,0.02248251028806584,1.3697560975609757,2270.5809140062206,2270.5809140062206,4.424141222173747,90.87647581546749,81.28217767931112,12.119988831086713,0.7761412786207458,27.444898619311175,True,0.19928564063845705
MJ-18x10E,18.0,10.0,560.0,0.020905293367346936,1.420487804878049,2270.5809140062206,2270.5809140062206,4.266136178524684,90.87647581546749,81.28217767931112,12.119988831086713,0.7761412786207458,27.555926140341136,True,0.19216829632994073
MJ-18x10E,18.0,10.0,700.0,0.013379387755102041,1.775609756097561,2270.5809140062206,2270.5809140062206,3.412908942819747,90.87647581546749,81.28217767931112,12.119988831086712,0.7761412786207458,27.555926140341136,True,0.15373463706395257
MJ-18x10E,18.0,10.0,480.0,0.028454427083333338,1.217560975609756,2270.5809140062206,2270.5809140062206,4.977158874945465,90.87647581546749,81.28217767931112,12.119988831086712,0.7761412786207458,22.38539348561799,True,0.2241963457182642
MJ-18x10E,18.0,10.0,620.0,0.017054890738813736,1.5726829268292684,2270.5809140062206,2270.5809140062206,3.8532842902803592,90.87647581546749,81.28217767931112,12.119988831086712,0.7761412786207458,27.555926140341136,True,0.1735713644270432
MJ-18x10E,18.0,10.0,840.0,0.00929124149659864,2.1307317073170733,2270.5809140062206,2270.5809140062206,2.8440907856831226,90.8764758154675,81.28217767931112,12.119988831086712,0.7761412786207457,27.555926140341136,True,0.1281121975532938
MJ-18x10E,18.0,10.0,820.0,0.00975,2.08,2270.5809140062206,2270.5809140062206,2.9134588536266133,90.8764758154675,81.28217767931112,12.119988831086712,0.7761412786207457,27.555926140341136,True,0.1312368852984961
MJ-18x10E,18.0,10.0,860.0,0.008864115738236884,2.1814634146341465,2270.5809140062206,2270.5809140062206,2.7779491395044453,90.8764758154675,81.28217767931112,12.119988831086713,0.7761412786207457,27.555926140341136,True,0.12513284412182188
MJ-18x10E,18.0,10.0,500.0,0.0262236,1.2682926829268293,2270.5809140062206,2270.5809140062206,4.778072519947647,90.8764758154675,81.28217767931112,12.119988831086713,0.7761412786207457,24.07189519684905,True,0.21522849188953364
MJ-18x10E,18.0,10.0,740.0,0.011972059897735574,1.8770731707317074,2270.5809140062206,2270.5809140062206,3.228427378343004,90.8764758154675,81.28217767931112,12.119988831086712,0.7761412786207457,27.555926140341136,True,0.1454246566821173
MJ-18x10E,18.0,10.0,260.0,0.09698076923076923,0.6595121951219513,2270.5809140062206,2270.5809140062206,9.18860099989932,90.8764758154675,81.28217767931112,12.119988831086713,0.7761412786207457,6.796349506763688,True,0.4139009459414108
MJ-18x10E,18.0,10.0,680.0,0.014177984429065746,1.7248780487804878,2270.5809140062206,2270.5809140062206,3.513288617608563,90.8764758154675,81.28217767931112,12.119988831086712,0.7761412786207457,27.555926140341136,True,0.15825624403642177
MJ-18x10E,18.0,10.0,660.0,0.015050275482093664,1.6741463414634148,2270.5809140062206,2270.5809140062206,3.619751909051247,90.8764758154675,81.28217767931112,12.119988831086713,0.7761412786207457,27.555926140341136,True,0.1630518877951012
MJ-18x10E,18.0,10.0,640.0,0.016005615234375,1.6234146341463416,2270.5809140062206,2270.5809140062206,3.7328691562090985,90.8764758154675,81.28217767931112,12.119988831086713,0.7761412786207457,27.555926140341136,True,0.16814725928869814
MJ-18x10E,18.0,10.0,320.0,0.0640224609375,0.8117073170731708,2270.5809140062206,2270.5809140062206,7.465738312418197,90.8764758154675,81.28217767931112,12.119988831086713,0.7761412786207457,10.440869190670963,True,0.3362945185773963
MJ-18x10E,18.0,10.0,580.0,0.019488406658739597,1.471219512195122,2270.5809140062206,2270.5809140062206,4.119028034437626,90.8764758154675,81.28217767931112,12.119988831086713,0.7761412786207457,27.555926140341136,True,0.18554180335304624
MJ-18x10E,18.0,10.0,520.0,0.024245192307692308,1.3190243902439025,2270.5809140062206,2270.5809140062206,4.59430049994966,90.8764758154675,81.28217767931112,12.119988831086713,0.7761412786207457,25.758396908080112,True,0.2069504729707054
MJ-18x10E,18.0,10.0,780.0,0.010775641025641026,1.9785365853658536,2270.5809140062206,2270.5809140062206,3.0628669999664395,90.8764758154675,81.28217767931112,12.119988831086712,0.7761412786207457,27.555926140341136,True,0.13796698198047025
MJ-18x10E,18.0,10.0,460.0,0.030982514177693755,1.166829268292683,2270.5809140062206,2270.5809140062206,5.193557086899615,90.8764758154675,81.28217767931112,12.119988831086712,0.7761412786207457,20.70422253357177,True,0.23394401292340608
MJ-18x10E,18.0,10.0,420.0,0.03716496598639456,1.0653658536585366,2270.5809140062206,2270.5809140062206,5.688181571366245,90.8764758154675,81.28217767931112,12.119988831086712,0.7761412786207457,17.577072697531577,True,0.2562243951065876
MJ-18x10E,18.0,10.0,340.0,0.05671193771626298,0.8624390243902439,2270.5809140062206,2270.5809140062206,7.026577235217126,90.8764758154675,81.28217767931112,12.119988831086712,0.7761412786207457,11.812824145594455,True,0.31651248807284355
MJ-18x10E,18.0,10.0,360.0,0.050585648148148143,0.9131707317073171,2270.5809140062206,2270.5809140062206,6.63621183326062,90.87647581546751,81.28217767931112,12.119988831086713,0.7761412786207456,13.188031651464522,True,0.2989284609576856
MJ-18x10E,18.0,10.0,760.0,0.011350242382271468,1.9278048780487806,2270.5809140062206,2270.5809140062206,3.1434687631234515,90.87647581546751,81.28217767931112,12.119988831086713,0.7761412786207456,27.555926140341136,True,0.1415976920325879
MJ-18x10E,18.0,10.0,400.0,0.040974375,1.0146341463414634,2270.5809140062206,2270.5809140062206,5.972590649934558,90.87647581546751,81.28217767931112,12.119988831086713,0.7761412786207456,16.027435018451225,True,0.269035614861917
MJ-18x10E,18.0,10.0,800.0,0.01024359375,2.029268292682927,2270.5809140062206,2270.5809140062206,2.986295324967279,90.87647581546751,81.28217767931112,12.119988831086713,0.7761412786207456,27.555926140341136,True,0.1345178074309585
MJ-18x10E,18.0,10.0,720.0,0.012646412037037036,1.8263414634146342,2270.5809140062206,2270.5809140062206,3.31810591663031,90.87647581546751,81.28217767931112,12.119988831086713,0.7761412786207456,27.555926140341136,True,0.1494642304788428
MJ-18x10E,18.0,10.0,380.0,0.04540096952908587,0.9639024390243903,2270.5809140062206,2270.5809140062206,6.286937526246903,90.87647581546751,81.28217767931112,12.119988831086713,0.7761412786207456,14.566988182871508,True,0.2831953840651758
MJ-18x10E,18.0,10.0,440.0,0.033863119834710735,1.1160975609756099,2270.5809140062206,2270.5809140062206,5.42962786357687,90.87647581546751,81.28217767931112,12.119988831086713,0.7761412786207456,19.126710376611936,True,0.24457783169265182
MJ-18x10E,18.0,10.0,180.0,0.20234259259259257,0.45658536585365855,2270.5809140062206,2270.5809140062206,13.27242366652124,90.87647581546751,81.28217767931112,12.119988831086713,0.7761412786207456,2.855210512635203,True,0.5978569219153712
MJ-18x10E,18.0,10.0,200.0,0.1638975,0.5073170731707317,2270.5809140062206,2270.5809140062206,11.945181299869116,90.87647581546751,81.28217767931112,12.119988831086713,0.7761412786207456,3.715932940631002,True,0.538071229723834
MJ-18x10E,18.0,10.0,220.0,0.13545247933884294,0.5580487804878049,2270.5809140062206,2270.5809140062206,10.85925572715374,90.87647581546751,81.28217767931112,12.119988831086713,0.7761412786207456,4.71942254861788,True,0.48915566338530364
MJ-18x10E,18.0,10.0,880.0,0.008465779958677684,2.2321951219512197,2270.5809140062206,2270.5809140062206,2.714813931788435,90.87647581546751,81.28217767931112,12.119988831086713,0.7761412786207456,27.555926140341136,True,0.12228891584632591
MJ-20x10EL,20.0,10.0,500.0,0.0262236,1.2682926829268293,2217.806195899476,2217.806195899476,4.678269087820683,91.13633440277336,87.89742790523738,11.86682890569149,0.7772687355318717,27.80055451596465,True,0.21073284179372448
MJ-20x10EL,20.0,10.0,320.0,0.0640224609375,0.8117073170731708,2217.806195899476,2217.806195899476,7.309795449719818,91.13633440277337,87.89742790523738,11.866828905691492,0.7772687355318716,12.394011520389178,True,0.32927006530269454
MJ-20x10EL,20.0,10.0,280.0,0.08362117346938774,0.7102439024390245,2217.806195899476,2217.806195899476,8.354051942536936,91.13633440277337,87.89742790523738,11.866828905691493,0.7772687355318716,9.50911591299821,True,0.37630864606022235
MJ-20x10EL,20.0,10.0,240.0,0.11381770833333335,0.608780487804878,2217.806195899476,2217.806195899476,9.746393932959759,91.13633440277337,87.89742790523738,11.866828905691492,0.7772687355318716,6.842600357476905,True,0.43902675373692607
MJ-20x10EL,20.0,10.0,480.0,0.028454427083333338,1.217560975609756,2217.806195899476,2217.806195899476,4.873196966479879,91.13633440277337,87.89742790523738,11.866828905691492,0.7772687355318716,25.956534362548762,True,0.21951337686846303
MJ-20x10EL,20.0,10.0,540.0,0.02248251028806584,1.3697560975609757,2217.806195899476,2217.806195899476,4.331730636871003,91.13633440277337,87.89742790523738,11.866828905691492,0.7772687355318716,28.47951753884507,True,0.195123001660856
MJ-20x10EL,20.0,10.0,620.0,0.017054890738813736,1.5726829268292684,2217.806195899476,2217.806195899476,3.7727976514682933,91.13633440277337,87.89742790523738,11.866828905691492,0.7772687355318716,28.47951753884507,True,0.16994584015622943
MJ-20x10EL,20.0,10.0,640.0,0.016005615234375,1.6234146341463416,2217.806195899476,2217.806195899476,3.654897724859909,91.13633440277337,87.89742790523738,11.866828905691492,0.7772687355318716,28.47951753884507,True,0.16463503265134727
MJ-20x10EL,20.0,10.0,560.0,0.020905293367346936,1.420487804878049,2217.806195899476,2217.806195899476,4.177025971268468,91.13633440277337,87.89742790523738,11.866828905691493,0.7772687355318716,28.47951753884507,True,0.18815432303011118
MJ-20x10EL,20.0,10.0,700.0,0.013379387755102041,1.775609756097561,2217.806195899476,2217.806195899476,3.341620777014774,91.13633440277337,87.89742790523738,11.866828905691492,0.7772687355318716,28.47951753884507,True,0.15052345842408893
MJ-20x10EL,20.0,10.0,780.0,0.010775641025641026,1.9785365853658536,2217.806195899476,2217.806195899476,2.9988904409106945,91.13633440277337,87.89742790523738,11.86682890569149,0.7772687355318716,28.47951753884507,True,0.13508515499597723
MJ-20x10EL,20.0,10.0,660.0,0.015050275482093664,1.6741463414634148,2217.806195899476,2217.806195899476,3.5441432483490027,91.13633440277337,87.89742790523738,11.866828905691492,0.7772687355318716,28.47951753884507,True,0.1596460922679731
MJ-20x10EL,20.0,10.0,860.0,0.008864115738236884,2.1814634146341465,2217.806195899476,2217.806195899476,2.7199238882678394,91.13633440277339,87.89742790523738,11.866828905691492,0.7772687355318715,28.47951753884507,True,0.1225190940661189
MJ-20x10EL,20.0,10.0,300.0,0.07284333333333333,0.7609756097560976,2217.806195899476,2217.806195899476,7.797115146367806,91.13633440277339,87.89742790523738,11.86682890569149,0.7772687355318715,10.885083724422389,True,0.3512214029895408
MJ-20x10EL,20.0,10.0,840.0,0.00929124149659864,2.1307317073170733,2217.806195899476,2217.806195899476,2.784683980845645,91.13633440277339,87.89742790523738,11.86682890569149,0.7772687355318715,28.47951753884507,True,0.12543621535340743
MJ-20x10EL,20.0,10.0,260.0,0.09698076923076923,0.6595121951219513,2217.806195899476,2217.806195899476,8.996671322732086,91.13633440277339,87.89742790523738,11.866828905691493,0.7772687355318715,8.17157152006577,True,0.4052554649879318
MJ-20x10EL,20.0,10.0,820.0,0.00975,2.08,2217.806195899476,2217.806195899476,2.8526031023296854,91.13633440277339,87.89742790523738,11.866828905691492,0.7772687355318715,28.47951753884507,True,0.12849563524007593
MJ-20x10EL,20.0,10.0,200.0,0.1638975,0.5073170731707317,2217.806195899476,2217.806195899476,11.695672719551709,91.13633440277339,87.89742790523738,11.86682890569149,0.7772687355318715,4.5330621500918955,True,0.5268321044843113
MJ-20x10EL,20.0,10.0,180.0,0.20234259259259257,0.45658536585365855,2217.806195899476,2217.806195899476,12.995191910613011,91.13633440277339,87.89742790523738,11.866828905691492,0.7772687355318715,3.421788607872814,True,0.585369004982568
MJ-20x10EL,20.0,10.0,420.0,0.03716496598639456,1.0653658536585366,2217.806195899476,2217.806195899476,5.56936796169129,91.13633440277339,87.89742790523738,11.86682890569149,0.7772687355318715,20.501079828747812,True,0.25087243070681486
MJ-20x10EL,20.0,10.0,460.0,0.030982514177693755,1.166829268292683,2217.806195899476,2217.806195899476,5.085075095457265,91.13633440277339,87.89742790523738,11.866828905691492,0.7772687355318715,24.112514209132875,True,0.22905743673230924
MJ-20x10EL,20.0,10.0,800.0,0.01024359375,2.029268292682927,2217.806195899476,2217.806195899476,2.9239181798879272,91.13633440277339,87.89742790523738,11.86682890569149,0.7772687355318715,28.47951753884507,True,0.13170802612107782
MJ-20x10EL,20.0,10.0,520.0,0.024245192307692308,1.3190243902439025,2217.806195899476,2217.806195899476,4.498335661366043,91.13633440277339,87.89742790523738,11.866828905691493,0.7772687355318715,28.47951753884507,True,0.2026277324939659
MJ-20x10EL,20.0,10.0,740.0,0.011972059897735574,1.8770731707317074,2217.806195899476,2217.806195899476,3.1609926269058675,91.13633440277339,87.89742790523738,11.866828905691492,0.7772687355318715,28.47951753884507,True,0.14238705526603007
MJ-20x10EL,20.0,10.0,720.0,0.012646412037037036,1.8263414634146342,2217.806195899476,2217.806195899476,3.2487979776532527,91.13633440277339,87.89742790523738,11.866828905691492,0.7772687355318715,28.47951753884507,True,0.146342251245642
MJ-20x10EL,20.0,10.0,580.0,0.019488406658739597,1.471219512195122,2217.806195899476,2217.806195899476,4.032990592948865,91.13633440277339,87.89742790523738,11.86682890569149,0.7772687355318715,28.47951753884507,True,0.18166624292562455
MJ-20x10EL,20.0,10.0,600.0,0.018210833333333332,1.5219512195121951,2217.806195899476,2217.806195899476,3.898557573183903,91.13633440277339,87.89742790523738,11.86682890569149,0.7772687355318715,28.47951753884507,True,0.1756107014947704
MJ-20x10EL,20.0,10.0,400.0,0.040974375,1.0146341463414634,2217.806195899476,2217.806195899476,5.8478363597758545,91.13633440277339,87.89742790523738,11.86682890569149,0.7772687355318715,18.791814385557643,True,0.26341605224215564
MJ-20x10EL,20.0,10.0,900.0,0.008093703703703702,2.282926829268293,2217.806195899476,2217.806195899476,2.599038382122602,91.13633440277339,87.89742790523738,11.866828905691492,0.7772687355318715,28.47951753884507,True,0.11707380099651361
MJ-20x10EL,20.0,10.0,360.0,0.050585648148148143,0.9131707317073171,2217.806195899476,2217.806195899476,6.4975959553065055,91.13633440277339,87.89742790523738,11.866828905691492,0.7772687355318715,15.426604809336315,True,0.292684502491284
MJ-20x10EL,20.0,10.0,680.0,0.014177984429065746,1.7248780487804878,2217.806195899476,2217.806195899476,3.4399037410446205,91.1363344027734,87.89742790523738,11.86682890569149,0.7772687355318714,28.47951753884507,True,0.1549506189659739
MJ-20x10EL,20.0,10.0,340.0,0.05671193771626298,0.8624390243902439,2217.806195899476,2217.806195899476,6.879807482089241,91.1363344027734,87.89742790523738,11.86682890569149,0.7772687355318714,13.91030816486274,True,0.3099012379319478
MJ-20x10EL,20.0,10.0,380.0,0.04540096952908587,0.9639024390243903,2217.806195899476,2217.806195899476,6.15561722081669,91.1363344027734,87.89742790523738,11.866828905691493,0.7772687355318714,17.082548942367474,True,0.2772800549917428
MJ-20x10EL,20.0,10.0,760.0,0.011350242382271468,1.9278048780487806,2217.806195899476,2217.806195899476,3.077808610408345,91.1363344027734,87.89742790523738,11.866828905691493,0.7772687355318714,28.47951753884507,True,0.1386400274958714
MJ-20x10EL,20.0,10.0,880.0,0.008465779958677684,2.2321951219512197,2217.806195899476,2217.806195899476,2.6581074362617523,91.13633440277341,87.89742790523738,11.866828905691492,0.7772687355318711,28.47951753884507,True,0.11973456920097984
MJ-20x10EL,20.0,10.0,220.0,0.13545247933884294,0.5580487804878049,2217.806195899476,2217.806195899476,10.632429745047009,91.13633440277341,87.89742790523738,11.866828905691492,0.7772687355318711,5.664189329214397,True,0.47893827680391937
MJ-20x10EL,20.0,10.0,440.0,0.033863119834710735,1.1160975609756099,2217.806195899476,2217.806195899476,5.3162148725235046,91.13633440277341,87.89742790523738,11.866828905691492,0.7772687355318711,22.269599357051124,True,0.23946913840195969
MJ-20p5x12EW,20.5,12.0,660.0,0.015050275482093664,1.6741463414634148,1958.8366215588492,1958.8366215588492,3.1734918389230033,91.24998228094425,77.92625079441068,10.6257795035939,0.7795610885436395,36.540997394700746,True,0.14295008283436952
MJ-20p5x12EW,20.5,12.0,540.0,0.02248251028806584,1.3697560975609757,1958.8366215588492,1958.8366215588492,3.8787122475725595,91.24998228094425,77.92625079441068,10.6257795035939,0.7795610885436395,34.070700272305835,True,0.17471676790867385
MJ-20p5x12EW,20.5,12.0,240.0,0.11381770833333335,0.608780487804878,1958.8366215588492,1958.8366215588492,8.72710255703826,91.24998228094425,77.92625079441068,10.6257795035939,0.7795610885436395,8.151027987467224,True,0.3931127277945162
MJ-20p5x12EW,20.5,12.0,280.0,0.08362117346938774,0.7102439024390245,1958.8366215588492,1958.8366215588492,7.480373620318508,91.24998228094425,77.92625079441068,10.6257795035939,0.7795610885436395,11.015978466590276,True,0.3369537666810139
MJ-20p5x12EW,20.5,12.0,560.0,0.020905293367346936,1.420487804878049,1958.8366215588492,1958.8366215588492,3.740186810159254,91.24998228094425,77.92625079441068,10.6257795035939,0.7795610885436395,36.030398239684594,True,0.16847688334050695
MJ-20p5x12EW,20.5,12.0,640.0,0.016005615234375,1.6234146341463416,1958.8366215588492,1958.8366215588492,3.272663458889347,91.24998228094425,77.92625079441068,10.6257795035939,0.7795610885436395,36.540997394700746,True,0.14741727292294357
MJ-20p5x12EW,20.5,12.0,460.0,0.030982514177693755,1.166829268292683,1958.8366215588492,1958.8366215588492,4.553270899324309,91.24998228094425,77.92625079441068,10.6257795035939,0.7795610885436395,26.30336086230315,True,0.20510229276235625
MJ-20p5x12EW,20.5,12.0,480.0,0.028454427083333338,1.217560975609756,1958.8366215588492,1958.8366215588492,4.36355127851913,91.24998228094425,77.92625079441068,10.6257795035939,0.7795610885436395,28.191606370169538,True,0.1965563638972581
MJ-20p5x12EW,20.5,12.0,620.0,0.017054890738813736,1.5726829268292684,1958.8366215588492,1958.8366215588492,3.3782332478857775,91.24998228094425,77.92625079441068,10.6257795035939,0.7795610885436395,36.540997394700746,True,0.1521726688236837
MJ-20p5x12EW,20.5,12.0,700.0,0.013379387755102041,1.775609756097561,1958.8366215588492,1958.8366215588492,2.992149448127403,91.24998228094425,77.92625079441068,10.6257795035939,0.7795610885436395,36.540997394700746,True,0.13478150667240554
MJ-20p5x12EW,20.5,12.0,500.0,0.0262236,1.2682926829268293,1958.8366215588492,1958.8366215588492,4.189009227378365,91.24998228094425,77.92625079441068,10.6257795035939,0.7795610885436395,30.1513043375483,True,0.18869410934136777
MJ-20p5x12EW,20.5,12.0,320.0,0.0640224609375,0.8117073170731708,1958.8366215588492,1958.8366215588492,6.545326917778694,91.24998228094425,77.92625079441068,10.6257795035939,0.7795610885436395,14.021537719917028,True,0.29483454584588714
MJ-20p5x12EW,20.5,12.0,780.0,0.010775641025641026,1.9785365853658536,1958.8366215588492,1958.8366215588492,2.685262325242541,91.24998228094427,77.92625079441068,10.625779503593899,0.7795610885436394,36.540997394700746,True,0.12095776239831267
MJ-20p5x12EW,20.5,12.0,820.0,0.00975,2.08,1958.8366215588492,1958.8366215588492,2.554273919133149,91.24998228094427,77.92625079441068,10.6257795035939,0.7795610885436394,36.540997394700746,True,0.11505738374473644
MJ-20p5x12EW,20.5,12.0,260.0,0.09698076923076923,0.6595121951219513,1958.8366215588492,1958.8366215588492,8.055786975727624,91.24998228094427,77.92625079441068,10.6257795035939,0.7795610885436394,9.52340339140075,True,0.36287328719493805
MJ-20p5x12EW,20.5,12.0,220.0,0.13545247933884294,0.5580487804878049,1958.8366215588492,1958.8366215588492,9.52047551676901,91.24998228094427,77.92625079441068,10.6257795035939,0.7795610885436394,6.875953243920475,True,0.42885024850310854
MJ-20p5x12EW,20.5,12.0,520.0,0.024245192307692308,1.3190243902439025,1958.8366215588492,1958.8366215588492,4.027893487863812,91.24998228094427,77.92625079441068,10.6257795035939,0.7795610885436394,32.11100230492707,True,0.18143664359746903
MJ-20p5x12EW,20.5,12.0,380.0,0.04540096952908587,0.9639024390243903,1958.8366215588492,1958.8366215588492,5.511854246550479,91.24998228094427,77.92625079441068,10.6257795035939,0.7795610885436394,18.99922108689433,True,0.24828172281758917
MJ-20p5x12EW,20.5,12.0,900.0,0.008093703703703702,2.282926829268293,1958.8366215588492,1958.8366215588492,2.3272273485435355,91.24998228094427,77.92625079441068,10.6257795035939,0.7795610885436394,36.540997394700746,True,0.1048300607452043
MJ-20p5x12EW,20.5,12.0,880.0,0.008465779958677684,2.2321951219512197,1958.8366215588492,1958.8366215588492,2.3801188791922523,91.24998228094427,77.92625079441068,10.6257795035939,0.7795610885436394,36.540997394700746,True,0.10721256212577714
MJ-20p5x12EW,20.5,12.0,760.0,0.011350242382271468,1.9278048780487806,1958.8366215588492,1958.8366215588492,2.7559271232752396,91.24998228094427,77.92625079441068,10.6257795035939,0.7795610885436394,36.540997394700746,True,0.12414086140879459
MJ-20p5x12EW,20.5,12.0,740.0,0.011972059897735574,1.8770731707317074,1958.8366215588492,1958.8366215588492,2.8304116401205164,91.24998228094427,77.92625079441068,10.6257795035939,0.7795610885436394,36.540997394700746,True,0.1274960198252485
MJ-20p5x12EW,20.5,12.0,580.0,0.019488406658739597,1.471219512195122,1958.8366215588492,1958.8366215588492,3.611214851188245,91.24998228094427,77.92625079441068,10.6257795035939,0.7795610885436394,36.540997394700746,True,0.16266733563911015
MJ-20p5x12EW,20.5,12.0,860.0,0.008864115738236884,2.1814634146341465,1958.8366215588492,1958.8366215588492,2.4354704810339327,91.24998228094427,77.92625079441068,10.6257795035939,0.7795610885436394,36.540997394700746,True,0.10970587752405103
MJ-20p5x12EW,20.5,12.0,440.0,0.033863119834710735,1.1160975609756099,1958.8366215588492,1958.8366215588492,4.760237758384505,91.24998228094427,77.92625079441068,10.6257795035939,0.7795610885436394,24.458008938854917,True,0.21442512425155427
MJ-20p5x12EW,20.5,12.0,180.0,0.20234259259259257,0.45658536585365855,1958.8366215588492,1958.8366215588492,11.63613674271768,91.24998228094428,77.92625079441068,10.6257795035939,0.7795610885436393,4.412530852218066,True,0.5241503037260217
MJ-20p5x12EW,20.5,12.0,300.0,0.07284333333333333,0.7609756097560976,1958.8366215588492,1958.8366215588492,6.981682045630608,91.24998228094428,77.92625079441068,10.6257795035939,0.7795610885436393,12.50901585795047,True,0.314490182235613
MJ-20p5x12EW,20.5,12.0,720.0,0.012646412037037036,1.8263414634146342,1958.8366215588492,1958.8366215588492,2.90903418567942,91.24998228094428,77.92625079441068,10.6257795035939,0.7795610885436393,36.540997394700746,True,0.13103757593150542
MJ-20p5x12EW,20.5,12.0,680.0,0.014177984429065746,1.7248780487804878,1958.8366215588492,1958.8366215588492,3.080153843660562,91.24998228094428,77.92625079441068,10.6257795035939,0.7795610885436393,36.540997394700746,True,0.13874566863335866
MJ-20p5x12EW,20.5,12.0,600.0,0.018210833333333332,1.5219512195121951,1958.8366215588492,1958.8366215588492,3.490841022815304,91.24998228094428,77.92625079441068,10.6257795035939,0.7795610885436393,36.540997394700746,True,0.1572450911178065
MJ-20p5x12EW,20.5,12.0,360.0,0.050585648148148143,0.9131707317073171,1958.8366215588492,1958.8366215588492,5.81806837135884,91.24998228094428,77.92625079441068,10.6257795035939,0.7795610885436393,17.331232445513614,True,0.26207515186301084
MJ-20p5x12EW,20.5,12.0,340.0,0.05671193771626298,0.8624390243902439,1958.8366215588492,1958.8366215588492,6.160307687321124,91.24998228094428,77.92625079441068,10.6257795035939,0.7795610885436393,15.665551874188118,True,0.2774913372667173
MJ-20p5x12EW,20.5,12.0,420.0,0.03716496598639456,1.0653658536585366,1958.8366215588492,1958.8366215588492,4.9869157468790055,91.24998228094428,77.92625079441068,10.6257795035939,0.7795610885436393,22.61265701540668,True,0.22463584445400928
MJ-20p5x12EW,20.5,12.0,840.0,0.00929124149659864,2.1307317073170733,1958.8366215588492,1958.8366215588492,2.4934578734395028,91.24998228094428,77.92625079441068,10.6257795035939,0.7795610885436393,36.540997394700746,True,0.11231792222700464
MJ-20p5x12EW,20.5,12.0,400.0,0.040974375,1.0146341463414634,1958.8366215588492,1958.8366215588492,5.236261534222956,91.2499822809443,77.92625079441068,10.625779503593902,0.779561088543639,20.766426262395107,True,0.23586763667670976
MJ-20p5x12EW,20.5,12.0,200.0,0.1638975,0.5073170731707317,1958.8366215588492,1958.8366215588492,10.472523068445913,91.2499822809443,77.92625079441068,10.625779503593902,0.779561088543639,5.600878500373726,True,0.4717352733534195
MJ-20p5x12EW,20.5,12.0,800.0,0.01024359375,2.029268292682927,1958.8366215588492,1958.8366215588492,2.618130767111478,91.2499822809443,77.92625079441068,10.625779503593902,0.779561088543639,36.540997394700746,True,0.11793381833835488
MJ-20x10E,20.0,10.0,540.0,0.02248251028806584,1.3697560975609757,2207.3930172169603,2207.3930172169603,4.314313639437486,91.52401334383659,88.15827348671102,11.819114828819963,0.7777589123535765,28.82867765630534,True,0.19433845222691382
MJ-20x10E,20.0,10.0,900.0,0.008093703703703702,2.282926829268293,2207.3930172169603,2207.3930172169603,2.588588183662492,91.52401334383659,88.15827348671102,11.819114828819965,0.7777589123535765,28.82867765630534,True,0.11660307133614829
MJ-20x10E,20.0,10.0,240.0,0.11381770833333335,0.608780487804878,2207.3930172169603,2207.3930172169603,9.707205688734346,91.52401334383661,88.15827348671102,11.819114828819965,0.7777589123535762,6.872819812148149,True,0.43726151751055614
MJ-20x10E,20.0,10.0,640.0,0.016005615234375,1.6234146341463416,2207.3930172169603,2207.3930172169603,3.6402021332753796,91.52401334383661,88.15827348671102,11.819114828819965,0.7777589123535762,28.82867765630534,True,0.16397306906645853
MJ-20x10E,20.0,10.0,320.0,0.0640224609375,0.8117073170731708,2207.3930172169603,2207.3930172169603,7.280404266550759,91.52401334383661,88.15827348671102,11.819114828819965,0.7777589123535762,12.463842884187398,True,0.32794613813291706
MJ-20x10E,20.0,10.0,480.0,0.028454427083333338,1.217560975609756,2207.3930172169603,2207.3930172169603,4.853602844367173,91.52401334383661,88.15827348671102,11.819114828819965,0.7777589123535762,26.08539610745358,True,0.21863075875527807
MJ-20x10E,20.0,10.0,300.0,0.07284333333333333,0.7609756097560976,2207.3930172169603,2207.3930172169603,7.765764550987477,91.52401334383663,88.15827348671102,11.819114828819965,0.7777589123535761,10.935711462032135,True,0.3498092140084449
MJ-20x10E,20.0,10.0,360.0,0.050585648148148143,0.9131707317073171,2207.3930172169603,2207.3930172169603,6.47147045915623,91.52401334383663,88.15827348671102,11.819114828819965,0.7777589123535761,15.537586376056726,True,0.2915076783403707
MJ-20x10E,20.0,10.0,560.0,0.020905293367346936,1.420487804878049,2207.3930172169603,2207.3930172169603,4.1602310094575765,91.52401334383663,88.15827348671102,11.819114828819965,0.7777589123535761,28.82867765630534,True,0.18739779321880976
MJ-20x10E,20.0,10.0,520.0,0.024245192307692308,1.3190243902439025,2207.3930172169603,2207.3930172169603,4.480248779415852,91.52401334383663,88.15827348671102,11.819114828819966,0.7777589123535761,28.82867765630534,True,0.20181300808179514
MJ-20x10E,20.0,10.0,620.0,0.017054890738813736,1.5726829268292684,2207.3930172169603,2207.3930172169603,3.7576280085423277,91.52401334383663,88.15827348671102,11.819114828819966,0.7777589123535761,28.82867765630534,True,0.16926252290731206
MJ-20x10E,20.0,10.0,180.0,0.20234259259259257,0.45658536585365855,2207.3930172169603,2207.3930172169603,12.94294091831246,91.52401334383663,88.15827348671102,11.819114828819965,0.7777589123535761,3.455208096590306,True,0.5830153566807414
MJ-20x10E,20.0,10.0,280.0,0.08362117346938774,0.7102439024390245,2207.3930172169603,2207.3930172169603,8.320462018915153,91.52401334383663,88.15827348671102,11.819114828819965,0.7777589123535761,9.55433083554729,True,0.3747955864376195
MJ-20x10E,20.0,10.0,260.0,0.09698076923076923,0.6595121951219513,2207.3930172169603,2207.3930172169603,8.960497558831705,91.52401334383663,88.15827348671102,11.819114828819966,0.7777589123535761,8.208460509010578,True,0.4036260161635903
MJ-20x10E,20.0,10.0,600.0,0.018210833333333332,1.5219512195121951,2207.3930172169603,2207.3930172169603,3.8828822754937384,91.52401334383663,88.15827348671102,11.819114828819965,0.7777589123535761,28.82867765630534,True,0.17490460700422245
MJ-20x10E,20.0,10.0,460.0,0.030982514177693755,1.166829268292683,2207.3930172169603,2207.3930172169603,5.064629054991833,91.52401334383663,88.15827348671102,11.819114828819968,0.7777589123535761,24.229974023878178,True,0.22813644391855106
MJ-20x10E,20.0,10.0,700.0,0.013379387755102041,1.775609756097561,2207.3930172169603,2207.3930172169603,3.3281848075660614,91.52401334383663,88.15827348671102,11.819114828819965,0.7777589123535761,28.82867765630534,True,0.14991823457504783
MJ-20x10E,20.0,10.0,720.0,0.012646412037037036,1.8263414634146342,2207.3930172169603,2207.3930172169603,3.235735229578115,91.52401334383663,88.15827348671102,11.819114828819965,0.7777589123535761,28.82867765630534,True,0.14575383917018536
MJ-20x10E,20.0,10.0,780.0,0.010775641025641026,1.9785365853658536,2207.3930172169603,2207.3930172169603,2.986832519610568,91.52401334383663,88.15827348671102,11.819114828819965,0.7777589123535761,28.82867765630534,True,0.13454200538786343
MJ-20x10E,20.0,10.0,660.0,0.015050275482093664,1.6741463414634148,2207.3930172169603,2207.3930172169603,3.5298929777215804,91.52401334383663,88.15827348671102,11.819114828819966,0.7777589123535761,28.82867765630534,True,0.1590041881856568
MJ-20x10E,20.0,10.0,820.0,0.00975,2.08,2207.3930172169603,2207.3930172169603,2.8411333723124916,91.52401334383663,88.15827348671102,11.819114828819966,0.7777589123535761,28.82867765630534,True,0.12797898073479694
MJ-20x10E,20.0,10.0,680.0,0.014177984429065746,1.7248780487804878,2207.3930172169603,2207.3930172169603,3.4260725960238867,91.52401334383664,88.15827348671102,11.819114828819965,0.777758912353576,28.82867765630534,True,0.1543275944154904
MJ-20x10E,20.0,10.0,440.0,0.033863119834710735,1.1160975609756099,2207.3930172169603,2207.3930172169603,5.294839466582371,91.52401334383664,88.15827348671102,11.819114828819966,0.777758912353576,22.376167281688936,True,0.23850628227848517
MJ-20x10E,20.0,10.0,220.0,0.13545247933884294,0.5580487804878049,2207.3930172169603,2207.3930172169603,10.589678933164741,91.52401334383664,88.15827348671102,11.819114828819966,0.777758912353576,5.69768807297347,True,0.47701256455697033
MJ-20x10E,20.0,10.0,840.0,0.00929124149659864,2.1307317073170733,2207.3930172169603,2207.3930172169603,2.773487339638385,91.52401334383664,88.15827348671102,11.819114828819966,0.777758912353576,28.82867765630534,True,0.1249318621458732
MJ-20x10E,20.0,10.0,580.0,0.019488406658739597,1.471219512195122,2207.3930172169603,2207.3930172169603,4.0167747677521435,91.52401334383664,88.15827348671102,11.819114828819965,0.777758912353576,28.82867765630534,True,0.18093580034919565
MJ-20x10E,20.0,10.0,800.0,0.01024359375,2.029268292682927,2207.3930172169603,2207.3930172169603,2.912161706620304,91.52401334383664,88.15827348671102,11.819114828819965,0.777758912353576,28.82867765630534,True,0.13117845525316685
MJ-20x10E,20.0,10.0,500.0,0.0262236,1.2682926829268293,2207.3930172169603,2207.3930172169603,4.659458730592487,91.52401334383664,88.15827348671102,11.819114828819966,0.777758912353576,27.940818191028956,True,0.20988552840506697
MJ-20x10E,20.0,10.0,860.0,0.008864115738236884,2.1814634146341465,2207.3930172169603,2207.3930172169603,2.708987634065399,91.52401334383664,88.15827348671102,11.819114828819966,0.777758912353576,28.82867765630534,True,0.1220264700029459
MJ-20x10E,20.0,10.0,740.0,0.011972059897735574,1.8770731707317074,2207.3930172169603,2207.3930172169603,3.1482829260760044,91.52401334383664,88.15827348671102,11.819114828819966,0.777758912353576,28.82867765630534,True,0.14181454621963985
MJ-20x10E,20.0,10.0,340.0,0.05671193771626298,0.8624390243902439,2207.3930172169603,2207.3930172169603,6.852145192047773,91.52401334383664,88.15827348671102,11.819114828819965,0.777758912353576,14.000714630122063,True,0.3086551888309808
MJ-20x10E,20.0,10.0,420.0,0.03716496598639456,1.0653658536585366,2207.3930172169603,2207.3930172169603,5.54697467927677,91.52401334383664,88.15827348671102,11.819114828819966,0.777758912353576,20.61356972155784,True,0.2498637242917464
MJ-20x10E,20.0,10.0,880.0,0.008465779958677684,2.2321951219512197,2207.3930172169603,2207.3930172169603,2.6474197332911853,91.52401334383664,88.15827348671102,11.819114828819966,0.777758912353576,28.82867765630534,True,0.11925314113924258
MJ-20x10E,20.0,10.0,200.0,0.1638975,0.5073170731707317,2207.3930172169603,2207.3930172169603,11.648646826481215,91.52401334383664,88.15827348671102,11.819114828819965,0.777758912353576,4.566653580919569,True,0.5247138210126674
MJ-20x10E,20.0,10.0,400.0,0.040974375,1.0146341463414634,2207.3930172169603,2207.3930172169603,5.824323413240608,91.52401334383664,88.15827348671102,11.819114828819965,0.777758912353576,18.914724799795884,True,0.2623569105063337
MJ-20x10E,20.0,10.0,380.0,0.04540096952908587,0.9639024390243903,2207.3930172169603,2207.3930172169603,6.130866750779587,91.52401334383666,88.15827348671102,11.819114828819966,0.7777589123535759,17.21587987803392,True,0.2761651689540355
MJ-20x10E,20.0,10.0,760.0,0.011350242382271468,1.9278048780487806,2207.3930172169603,2207.3930172169603,3.0654333753897935,91.52401334383666,88.15827348671102,11.819114828819966,0.7777589123535759,28.82867765630534,True,0.13808258447701774
16x8E,16.0,8.0,480.0,0.028454427083333338,1.217560975609756,3092.8773236455763,3092.8773236455763,6.634279705865642,93.64728475552702,73.54738436896024,16.15528014228355,0.7551293933824117,14.34820121973173,True,0.29884142819214604
16x8E,16.0,8.0,360.0,0.050585648148148143,0.9131707317073171,3092.8773236455763,3092.8773236455763,8.845706274487522,93.64728475552702,73.54738436896024,16.155280142283555,0.7551293933824117,7.639290094033348,True,0.39845523758952806
16x8E,16.0,8.0,500.0,0.0262236,1.2682926829268293,3092.8773236455763,3092.8773236455763,6.368908517631016,93.64728475552702,73.54738436896024,16.15528014228355,0.7551293933824117,15.626760994459518,True,0.2868877710644602
16x8E,16.0,8.0,460.0,0.030982514177693755,1.166829268292683,3092.8773236455763,3092.8773236455763,6.92272664959893,93.64728475552702,73.54738436896024,16.155280142283555,0.7551293933824117,13.100264916963964,True,0.31183453376571757
16x8E,16.0,8.0,320.0,0.0640224609375,0.8117073170731708,3092.8773236455763,3092.8773236455763,9.951419558798463,93.64728475552702,73.54738436896024,16.155280142283555,0.7551293933824117,5.820544564944005,True,0.4482621422882191
16x8E,16.0,8.0,660.0,0.015050275482093664,1.6741463414634148,3092.8773236455763,3092.8773236455763,4.824930695175012,93.64728475552702,73.54738436896024,16.155280142283555,0.7551293933824117,26.83415386734924,True,0.21733922050337892
16x8E,16.0,8.0,260.0,0.09698076923076923,0.6595121951219513,3092.8773236455763,3092.8773236455763,12.247900995444262,93.64728475552702,73.54738436896024,16.155280142283555,0.7551293933824117,3.4485962533801846,True,0.5517072520470389
16x8E,16.0,8.0,520.0,0.024245192307692308,1.3190243902439025,3092.8773236455763,3092.8773236455763,6.123950497722131,93.64728475552702,73.54738436896024,16.155280142283555,0.7551293933824117,16.986204347165973,True,0.2758536260235194
16x8E,16.0,8.0,540.0,0.02248251028806584,1.3697560975609757,3092.8773236455763,3092.8773236455763,5.897137516325015,93.64728475552702,73.54738436896024,16.155280142283555,0.7551293933824117,18.36234505349009,True,0.26563682505968533
16x8E,16.0,8.0,820.0,0.00975,2.08,3092.8773236455763,3092.8773236455763,3.8834808034335464,93.64728475552702,73.54738436896024,16.155280142283555,0.7551293933824117,32.45661884170895,True,0.1749315677222318
16x8E,16.0,8.0,780.0,0.010775641025641026,1.9785365853658536,3092.8773236455763,3092.8773236455763,4.082633665148087,93.64728475552702,73.54738436896024,16.15528014228355,0.7551293933824117,32.45661884170895,True,0.18390241734901294
16x8E,16.0,8.0,900.0,0.008093703703703702,2.282926829268293,3092.8773236455763,3092.8773236455763,3.538282509795009,93.64728475552702,73.54738436896024,16.155280142283555,0.7551293933824117,32.45661884170895,True,0.15938209503581122
16x8E,16.0,8.0,740.0,0.011972059897735574,1.8770731707317074,3092.8773236455763,3092.8773236455763,4.303316565966902,93.64728475552702,73.54738436896024,16.15528014228355,0.7551293933824117,31.727934167869876,True,0.1938430885570677
16x8E,16.0,8.0,580.0,0.019488406658739597,1.471219512195122,3092.8773236455763,3092.8773236455763,5.490438377268117,93.64728475552702,73.54738436896024,16.15528014228355,0.7551293933824117,21.21628127186457,True,0.24731704402108637
16x8E,16.0,8.0,700.0,0.013379387755102041,1.775609756097561,3092.8773236455763,3092.8773236455763,4.549220369736441,93.64728475552702,73.54738436896024,16.155280142283555,0.7551293933824117,29.344442841364064,True,0.20491983647461445
16x8E,16.0,8.0,180.0,0.20234259259259257,0.45658536585365855,3092.8773236455763,3092.8773236455763,17.691412548975045,93.64728475552702,73.54738436896024,16.155280142283555,0.7551293933824117,1.0840739833665538,False,0.7969104751790561
16x8E,16.0,8.0,620.0,0.017054890738813736,1.5726829268292684,3092.8773236455763,3092.8773236455763,5.136216546476626,93.64728475552702,73.54738436896024,16.155280142283555,0.7551293933824117,24.066323865985474,True,0.23136110569714533
16x8E,16.0,8.0,640.0,0.016005615234375,1.6234146341463416,3092.8773236455763,3092.8773236455763,4.9757097793992315,93.64728475552702,73.54738436896024,16.155280142283555,0.7551293933824117,25.450667040077043,True,0.22413107114410954
16x8E,16.0,8.0,240.0,0.11381770833333335,0.608780487804878,3092.8773236455763,3092.8773236455763,13.268559411731284,93.64728475552702,73.54738436896024,16.15528014228355,0.7551293933824117,2.7903199413145767,True,0.5976828563842921
16x8E,16.0,8.0,720.0,0.012646412037037036,1.8263414634146342,3092.8773236455763,3092.8773236455763,4.422853137243761,93.64728475552702,73.54738436896024,16.155280142283555,0.7551293933824117,30.536188504616973,True,0.19922761879476403
16x8E,16.0,8.0,600.0,0.018210833333333332,1.5219512195121951,3092.8773236455763,3092.8773236455763,5.307423764692514,93.64728475552704,73.54738436896024,16.155280142283555,0.7551293933824116,22.661968406678977,True,0.23907314255371684
16x8E,16.0,8.0,560.0,0.020905293367346936,1.420487804878049,3092.8773236455763,3092.8773236455763,5.68652546217055,93.64728475552704,73.54738436896024,16.155280142283555,0.7551293933824116,19.770594137050146,True,0.25614979559326806
16x8E,16.0,8.0,680.0,0.014177984429065746,1.7248780487804878,3092.8773236455763,3092.8773236455763,4.683020968846336,93.64728475552704,73.54738436896024,16.155280142283555,0.7551293933824116,28.143295262183596,True,0.21094689048857368
16x8E,16.0,8.0,280.0,0.08362117346938774,0.7102439024390245,3092.8773236455763,3092.8773236455763,11.3730509243411,93.64728475552704,73.54738436896024,16.155280142283555,0.7551293933824116,4.202274617257453,True,0.5122995911865361
16x8E,16.0,8.0,880.0,0.008465779958677684,2.2321951219512197,3092.8773236455763,3092.8773236455763,3.618698021381259,93.64728475552704,73.54738436896024,16.155280142283555,0.7551293933824116,32.45661884170895,True,0.1630044153775342
16x8E,16.0,8.0,800.0,0.01024359375,2.029268292682927,3092.8773236455763,3092.8773236455763,3.9805678235193853,93.64728475552704,73.54738436896024,16.155280142283555,0.7551293933824116,32.45661884170895,True,0.17930485691528764
16x8E,16.0,8.0,420.0,0.03716496598639456,1.0653658536585366,3092.8773236455763,3092.8773236455763,7.582033949560734,93.64728475552704,73.54738436896024,16.155280142283555,0.7551293933824116,10.773768223185186,True,0.3415330607910241
16x8E,16.0,8.0,220.0,0.13545247933884294,0.5580487804878049,3092.8773236455763,3092.8773236455763,14.474792085525037,93.64728475552704,73.54738436896024,16.155280142283555,0.7551293933824116,2.1586429797323574,True,0.6520176615101368
16x8E,16.0,8.0,300.0,0.07284333333333333,0.7609756097560976,3092.8773236455763,3092.8773236455763,10.614847529385028,93.64728475552704,73.54738436896024,16.155280142283555,0.7551293933824116,4.956643400197848,True,0.4781462851074337
16x8E,16.0,8.0,200.0,0.1638975,0.5073170731707317,3092.8773236455763,3092.8773236455763,15.922271294077541,93.64728475552704,73.54738436896024,16.155280142283555,0.7551293933824116,1.5912581932806078,True,0.7172194276611505
16x8E,16.0,8.0,760.0,0.011350242382271468,1.9278048780487806,3092.8773236455763,3092.8773236455763,4.1900713931783,93.64728475552704,73.54738436896024,16.155280142283555,0.7551293933824116,32.45661884170895,True,0.18874195464767118
16x8E,16.0,8.0,340.0,0.05671193771626298,0.8624390243902439,3092.8773236455763,3092.8773236455763,9.366041937692671,93.64728475552704,73.54738436896024,16.155280142283555,0.7551293933824116,6.6963350884627495,True,0.42189378097714736
16x8E,16.0,8.0,380.0,0.04540096952908587,0.9639024390243903,3092.8773236455763,3092.8773236455763,8.3801427863566,93.64728475552704,73.54738436896024,16.155280142283555,0.7551293933824116,8.637523150891425,True,0.37748390929534237
16x8E,16.0,8.0,440.0,0.033863119834710735,1.1160975609756099,3092.8773236455763,3092.8773236455763,7.237396042762518,93.64728475552704,73.54738436896024,16.155280142283555,0.7551293933824116,11.895168624955987,True,0.3260088307550684
16x8E,16.0,8.0,840.0,0.00929124149659864,2.1307317073170733,3092.8773236455763,3092.8773236455763,3.791016974780367,93.64728475552704,73.54738436896024,16.155280142283555,0.7551293933824116,32.45661884170895,True,0.17076653039551204
16x8E,16.0,8.0,400.0,0.040974375,1.0146341463414634,3092.8773236455763,3092.8773236455763,7.961135647038771,93.64728475552704,73.54738436896024,16.155280142283555,0.7551293933824116,9.652367821414387,True,0.35860971383057527
16x8E,16.0,8.0,860.0,0.008864115738236884,2.1814634146341465,3092.8773236455763,3092.8773236455763,3.7028537893203586,93.64728475552705,73.54738436896024,16.155280142283555,0.7551293933824115,32.45661884170895,True,0.1667952157351513
MJ-18x8EL,18.0,8.0,480.0,0.028454427083333338,1.217560975609756,2563.0198327698104,2563.0198327698104,5.573944353378388,96.63355998897917,89.86740031620816,13.573234249787761,0.7755073969187462,20.81570378937835,True,0.25107857447650395
MJ-18x8EL,18.0,8.0,240.0,0.11381770833333335,0.608780487804878,2563.0198327698104,2563.0198327698104,11.147888706756776,96.63355998897917,89.86740031620816,13.573234249787761,0.7755073969187462,4.851289017860182,True,0.5021571489530079
MJ-18x8EL,18.0,8.0,660.0,0.015050275482093664,1.6741463414634148,2563.0198327698104,2563.0198327698104,4.0537777115479185,96.6335599889792,89.86740031620816,13.573234249787763,0.7755073969187459,22.647815254234946,True,0.1826025996192756
MJ-18x8EL,18.0,8.0,700.0,0.013379387755102041,1.775609756097561,2563.0198327698104,2563.0198327698104,3.8221332708880373,96.6335599889792,89.86740031620816,13.573234249787761,0.7755073969187459,22.647815254234946,True,0.172168165355317
MJ-18x8EL,18.0,8.0,720.0,0.012646412037037036,1.8263414634146342,2563.0198327698104,2563.0198327698104,3.7159629022522584,96.6335599889792,89.86740031620816,13.573234249787761,0.7755073969187459,22.647815254234946,True,0.1673857163176693
MJ-18x8EL,18.0,8.0,740.0,0.011972059897735574,1.8770731707317074,2563.0198327698104,2563.0198327698104,3.6155314724616567,96.6335599889792,89.86740031620816,13.573234249787761,0.7755073969187459,22.647815254234946,True,0.16286177803881338
MJ-18x8EL,18.0,8.0,520.0,0.024245192307692308,1.3190243902439025,2563.0198327698104,2563.0198327698104,5.145179403118512,96.6335599889792,89.86740031620816,13.573234249787761,0.7755073969187459,22.647815254234946,True,0.23176483797831135
MJ-18x8EL,18.0,8.0,900.0,0.008093703703703702,2.282926829268293,2563.0198327698104,2563.0198327698104,2.9727703218018067,96.6335599889792,89.86740031620816,13.573234249787763,0.7755073969187459,22.647815254234946,True,0.13390857305413545
MJ-18x8EL,18.0,8.0,360.0,0.050585648148148143,0.9131707317073171,2563.0198327698104,2563.0198327698104,7.431925804504517,96.6335599889792,89.86740031620816,13.573234249787761,0.7755073969187459,11.82257371738685,True,0.3347714326353386
MJ-18x8EL,18.0,8.0,300.0,0.07284333333333333,0.7609756097560976,2563.0198327698104,2563.0198327698104,8.91831096540542,96.6335599889792,89.86740031620816,13.573234249787761,0.7755073969187459,8.065280994995486,True,0.4017257191624063
MJ-18x8EL,18.0,8.0,260.0,0.09698076923076923,0.6595121951219513,2563.0198327698104,2563.0198327698104,10.290358806237023,96.6335599889792,89.86740031620816,13.573234249787761,0.7755073969187459,5.895511372800638,True,0.4635296759566227
MJ-18x8EL,18.0,8.0,600.0,0.018210833333333332,1.5219512195121951,2563.0198327698104,2563.0198327698104,4.45915548270271,96.6335599889792,89.86740031620816,13.573234249787761,0.7755073969187459,22.647815254234946,True,0.20086285958120315
MJ-18x8EL,18.0,8.0,180.0,0.20234259259259257,0.45658536585365855,2563.0198327698104,2563.0198327698104,14.863851609009034,96.6335599889792,89.86740031620816,13.573234249787761,0.7755073969187459,2.2408028661263093,True,0.6695428652706772
MJ-18x8EL,18.0,8.0,500.0,0.0262236,1.2682926829268293,2563.0198327698104,2563.0198327698104,5.350986579243252,96.6335599889792,89.86740031620816,13.573234249787761,0.7755073969187459,22.408973219492,True,0.2410354314974438
MJ-18x8EL,18.0,8.0,540.0,0.02248251028806584,1.3697560975609757,2563.0198327698104,2563.0198327698104,4.954617203003012,96.6335599889792,89.86740031620816,13.573234249787763,0.7755073969187459,22.647815254234946,True,0.22318095509022576
MJ-18x8EL,18.0,8.0,780.0,0.010775641025641026,1.9785365853658536,2563.0198327698104,2563.0198327698104,3.430119602079008,96.63355998897921,89.86740031620816,13.573234249787761,0.7755073969187458,22.647815254234946,True,0.1545098919855409
MJ-18x8EL,18.0,8.0,400.0,0.040974375,1.0146341463414634,2563.0198327698104,2563.0198327698104,6.688733224054065,96.63355998897921,89.86740031620816,13.573234249787761,0.7755073969187458,14.6388743073156,True,0.30129428937180475
MJ-18x8EL,18.0,8.0,460.0,0.030982514177693755,1.166829268292683,2563.0198327698104,2563.0198327698104,5.816289760047013,96.63355998897921,89.86740031620816,13.573234249787763,0.7755073969187458,19.222434359264707,True,0.26199503423635195
MJ-18x8EL,18.0,8.0,420.0,0.03716496598639456,1.0653658536585366,2563.0198327698104,2563.0198327698104,6.370222118146729,96.63355998897921,89.86740031620816,13.573234249787763,0.7755073969187458,16.09179427732449,True,0.2869469422588617
MJ-18x8EL,18.0,8.0,760.0,0.011350242382271468,1.9278048780487806,2563.0198327698104,2563.0198327698104,3.5203859073968764,96.63355998897921,89.86740031620816,13.573234249787763,0.7755073969187458,22.647815254234946,True,0.15857594177463408
MJ-18x8EL,18.0,8.0,380.0,0.04540096952908587,0.9639024390243903,2563.0198327698104,2563.0198327698104,7.040771814793753,96.63355998897921,89.86740031620816,13.573234249787763,0.7755073969187458,13.185954337306715,True,0.31715188354926815
MJ-18x8EL,18.0,8.0,340.0,0.05671193771626298,0.8624390243902439,2563.0198327698104,2563.0198327698104,7.869097910651841,96.63355998897921,89.86740031620816,13.573234249787761,0.7755073969187458,10.560230868167551,True,0.35446386984918204
MJ-18x8EL,18.0,8.0,320.0,0.0640224609375,0.8117073170731708,2563.0198327698104,2563.0198327698104,8.360916530067582,96.63355998897921,89.86740031620816,13.573234249787763,0.7755073969187458,9.302233607258657,True,0.376617861714756
MJ-18x8EL,18.0,8.0,280.0,0.08362117346938774,0.7102439024390245,2563.0198327698104,2563.0198327698104,9.555333177220094,96.63355998897921,89.86740031620816,13.573234249787763,0.7755073969187458,6.980396183898062,True,0.4304204133882925
MJ-18x8EL,18.0,8.0,560.0,0.020905293367346936,1.420487804878049,2563.0198327698104,2563.0198327698104,4.777666588610047,96.63355998897921,89.86740031620816,13.573234249787763,0.7755073969187458,22.647815254234946,True,0.21521020669414626
MJ-18x8EL,18.0,8.0,580.0,0.019488406658739597,1.471219512195122,2563.0198327698104,2563.0198327698104,4.612919464864873,96.63355998897921,89.86740031620816,13.573234249787761,0.7755073969187458,22.647815254234946,True,0.20778916508400327
MJ-18x8EL,18.0,8.0,620.0,0.017054890738813736,1.5726829268292684,2563.0198327698104,2563.0198327698104,4.315311757454236,96.63355998897921,89.86740031620816,13.573234249787763,0.7755073969187458,22.647815254234946,True,0.19438341249793856
MJ-18x8EL,18.0,8.0,640.0,0.016005615234375,1.6234146341463416,2563.0198327698104,2563.0198327698104,4.180458265033791,96.63355998897921,89.86740031620816,13.573234249787763,0.7755073969187458,22.647815254234946,True,0.188308930857378
MJ-18x8EL,18.0,8.0,680.0,0.014177984429065746,1.7248780487804878,2563.0198327698104,2563.0198327698104,3.9345489553259205,96.63355998897921,89.86740031620816,13.573234249787761,0.7755073969187458,22.647815254234946,True,0.17723193492459102
MJ-18x8EL,18.0,8.0,840.0,0.00929124149659864,2.1307317073170733,2563.0198327698104,2563.0198327698104,3.1851110590733644,96.63355998897921,89.86740031620816,13.573234249787763,0.7755073969187458,22.647815254234946,True,0.14347347112943085
MJ-18x8EL,18.0,8.0,820.0,0.00975,2.08,2563.0198327698104,2563.0198327698104,3.26279669466052,96.63355998897921,89.86740031620816,13.573234249787763,0.7755073969187458,22.647815254234946,True,0.1469728240838072
MJ-18x8EL,18.0,8.0,800.0,0.01024359375,2.029268292682927,2563.0198327698104,2563.0198327698104,3.3443666120270326,96.63355998897921,89.86740031620816,13.573234249787761,0.7755073969187458,22.647815254234946,True,0.15064714468590237
MJ-18x8EL,18.0,8.0,200.0,0.1638975,0.5073170731707317,2563.0198327698104,2563.0198327698104,13.37746644810813,96.63355998897921,89.86740031620816,13.573234249787761,0.7755073969187458,3.056130199930241,True,0.6025885787436095
MJ-18x8EL,18.0,8.0,880.0,0.008465779958677684,2.2321951219512197,2563.0198327698104,2563.0198327698104,3.0403332836609387,96.63355998897923,89.86740031620816,13.573234249787763,0.7755073969187457,22.647815254234946,True,0.1369519497144567
MJ-18x8EL,18.0,8.0,860.0,0.008864115738236884,2.1814634146341465,2563.0198327698104,2563.0198327698104,3.111038708862356,96.63355998897923,89.86740031620816,13.573234249787763,0.7755073969187457,22.647815254234946,True,0.1401368787775836
MJ-18x8EL,18.0,8.0,440.0,0.033863119834710735,1.1160975609756099,2563.0198327698104,2563.0198327698104,6.080666567321877,96.63355998897923,89.86740031620816,13.573234249787763,0.7755073969187457,17.629164929151045,True,0.2739038994289134
MJ-18x8EL,18.0,8.0,220.0,0.13545247933884294,0.5580487804878049,2563.0198327698104,2563.0198327698104,12.161333134643755,96.63355998897923,89.86740031620816,13.573234249787763,0.7755073969187457,3.953709608895214,True,0.5478077988578268
MJ-21x10EL,21.0,10.0,260.0,0.09698076923076923,0.6595121951219513,2161.812722180376,2161.812722180376,8.819873780330308,96.72853576345783,90.43208510461001,11.633628635128368,0.7822015440899484,9.10780116985568,True,0.3972916117265905
MJ-21x10EL,21.0,10.0,740.0,0.011972059897735574,1.8770731707317074,2161.812722180376,2161.812722180376,3.0988745714674057,96.72853576345783,90.43208510461001,11.63362863512837,0.7822015440899484,30.98554940471982,True,0.13958894466069396
MJ-21x10EL,21.0,10.0,660.0,0.015050275482093664,1.6741463414634148,2161.812722180376,2161.812722180376,3.474495731645273,96.72853576345783,90.43208510461001,11.63362863512837,0.7822015440899484,30.98554940471982,True,0.15650881674077807
MJ-21x10EL,21.0,10.0,640.0,0.016005615234375,1.6234146341463416,2161.812722180376,2161.812722180376,3.583073723259188,96.72853576345783,90.43208510461001,11.63362863512837,0.7822015440899484,30.98554940471982,True,0.16139971726392738
MJ-21x10EL,21.0,10.0,620.0,0.017054890738813736,1.5726829268292684,2161.812722180376,2161.812722180376,3.6986567465901294,96.72853576345783,90.43208510461001,11.63362863512837,0.7822015440899484,30.98554940471982,True,0.16660615975631216
MJ-21x10EL,21.0,10.0,520.0,0.024245192307692308,1.3190243902439025,2161.812722180376,2161.812722180376,4.409936890165154,96.72853576345783,90.43208510461001,11.633628635128368,0.7822015440899484,30.98554940471982,True,0.19864580586329525
MJ-21x10EL,21.0,10.0,480.0,0.028454427083333338,1.217560975609756,2161.812722180376,2161.812722180376,4.77743163101225,96.72853576345783,90.43208510461001,11.633628635128368,0.7822015440899484,28.209291512677265,True,0.21519962301856985
MJ-21x10EL,21.0,10.0,320.0,0.0640224609375,0.8117073170731708,2161.812722180376,2161.812722180376,7.166147446518376,96.72853576345783,90.43208510461001,11.63362863512837,0.7822015440899484,13.71305529628412,True,0.32279943452785476
MJ-21x10EL,21.0,10.0,900.0,0.008093703703703702,2.282926829268293,2161.812722180376,2161.812722180376,2.547963536539867,96.72853576345783,90.43208510461001,11.63362863512837,0.7822015440899484,30.98554940471982,True,0.11477313227657059
MJ-21x10EL,21.0,10.0,240.0,0.11381770833333335,0.608780487804878,2161.812722180376,2161.812722180376,9.5548632620245,96.72853576345783,90.43208510461001,11.633628635128368,0.7822015440899484,7.665841644784817,True,0.4303992460371397
MJ-21x10EL,21.0,10.0,460.0,0.030982514177693755,1.166829268292683,2161.812722180376,2161.812722180376,4.985146049751913,96.72853576345784,90.43208510461001,11.63362863512837,0.7822015440899482,26.241784653295344,True,0.2245561283672033
MJ-21x10EL,21.0,10.0,580.0,0.019488406658739597,1.471219512195122,2161.812722180376,2161.812722180376,3.953736522217035,96.72853576345784,90.43208510461001,11.633628635128368,0.7822015440899482,30.98554940471982,True,0.17809623973950608
MJ-21x10EL,21.0,10.0,720.0,0.012646412037037036,1.8263414634146342,2161.812722180376,2161.812722180376,3.184954420674834,96.72853576345784,90.43208510461001,11.63362863512837,0.7822015440899482,30.98554940471982,True,0.14346641534571325
MJ-21x10EL,21.0,10.0,700.0,0.013379387755102041,1.775609756097561,2161.812722180376,2161.812722180376,3.2759531184084008,96.72853576345784,90.43208510461001,11.63362863512837,0.7822015440899482,30.98554940471982,True,0.1475654557841622
MJ-21x10EL,21.0,10.0,560.0,0.020905293367346936,1.420487804878049,2161.812722180376,2161.812722180376,4.0949413980105005,96.72853576345784,90.43208510461001,11.63362863512837,0.7822015440899482,30.98554940471982,True,0.18445681973020273
MJ-21x10EL,21.0,10.0,540.0,0.02248251028806584,1.3697560975609757,2161.812722180376,2161.812722180376,4.246605894233112,96.72853576345784,90.43208510461001,11.633628635128371,0.7822015440899482,30.98554940471982,True,0.19128855379428433
MJ-21x10EL,21.0,10.0,500.0,0.0262236,1.2682926829268293,2161.812722180376,2161.812722180376,4.586334365771761,96.72853576345784,90.43208510461001,11.63362863512837,0.7822015440899482,30.176798372059196,True,0.2065916380978271
MJ-21x10EL,21.0,10.0,820.0,0.00975,2.08,2161.812722180376,2161.812722180376,2.796545344982781,96.72853576345784,90.43208510461001,11.63362863512837,0.7822015440899482,30.98554940471982,True,0.1259705110352604
MJ-21x10EL,21.0,10.0,360.0,0.050585648148148143,0.9131707317073171,2161.812722180376,2161.812722180376,6.369908841349668,96.72853576345784,90.43208510461001,11.63362863512837,0.7822015440899482,16.985302461734552,True,0.2869328306914265
MJ-21x10EL,21.0,10.0,420.0,0.03716496598639456,1.0653658536585366,2161.812722180376,2161.812722180376,5.459921864014,96.72853576345784,90.43208510461001,11.633628635128368,0.7822015440899482,22.369624353050675,True,0.24594242630693697
MJ-21x10EL,21.0,10.0,280.0,0.08362117346938774,0.7102439024390245,2161.812722180376,2161.812722180376,8.189882796021001,96.72853576345784,90.43208510461001,11.63362863512837,0.7822015440899482,10.55254990899429,True,0.36891363946040545
MJ-21x10EL,21.0,10.0,840.0,0.00929124149659864,2.1307317073170733,2161.812722180376,2161.812722180376,2.729960932007,96.72853576345784,90.43208510461001,11.633628635128368,0.7822015440899482,30.98554940471982,True,0.12297121315346848
MJ-21x10EL,21.0,10.0,180.0,0.20234259259259257,0.45658536585365855,2161.812722180376,2161.812722180376,12.739817682699336,96.72853576345784,90.43208510461001,11.63362863512837,0.7822015440899482,3.9089960770371612,True,0.573865661382853
MJ-21x10EL,21.0,10.0,780.0,0.010775641025641026,1.9785365853658536,2161.812722180376,2161.812722180376,2.9399579267767697,96.72853576345784,90.43208510461001,11.63362863512837,0.7822015440899482,30.98554940471982,True,0.13243053724219683
MJ-21x10EL,21.0,10.0,380.0,0.04540096952908587,0.9639024390243903,2161.812722180376,2161.812722180376,6.034650481278633,96.72853576345786,90.43208510461001,11.633628635128371,0.7822015440899481,18.773475276788663,True,0.2718311027602988
MJ-21x10EL,21.0,10.0,400.0,0.040974375,1.0146341463414634,2161.812722180376,2161.812722180376,5.732917957214701,96.72853576345786,90.43208510461001,11.63362863512837,0.7822015440899481,20.569165292578358,True,0.25823954762228385
MJ-21x10EL,21.0,10.0,760.0,0.011350242382271468,1.9278048780487806,2161.812722180376,2161.812722180376,3.0173252406393165,96.72853576345786,90.43208510461001,11.633628635128371,0.7822015440899481,30.98554940471982,True,0.1359155513801494
MJ-21x10EL,21.0,10.0,300.0,0.07284333333333333,0.7609756097560976,2161.812722180376,2161.812722180376,7.643890609619602,96.72853576345786,90.43208510461001,11.63362863512837,0.7822015440899481,12.081666734141045,True,0.3443193968297118
MJ-21x10EL,21.0,10.0,200.0,0.1638975,0.5073170731707317,2161.812722180376,2161.812722180376,11.465835914429402,96.72853576345786,90.43208510461001,11.63362863512837,0.7822015440899481,5.121122768177283,True,0.5164790952445677
MJ-21x10EL,21.0,10.0,800.0,0.01024359375,2.029268292682927,2161.812722180376,2161.812722180376,2.8664589786073504,96.72853576345786,90.43208510461001,11.63362863512837,0.7822015440899481,30.98554940471982,True,0.12911977381114192
MJ-21x10EL,21.0,10.0,600.0,0.018210833333333332,1.5219512195121951,2161.812722180376,2161.812722180376,3.821945304809801,96.72853576345786,90.43208510461001,11.63362863512837,0.7822015440899481,30.98554940471982,True,0.1721596984148559
MJ-21x10EL,21.0,10.0,680.0,0.014177984429065746,1.7248780487804878,2161.812722180376,2161.812722180376,3.3723046807145303,96.72853576345786,90.43208510461001,11.63362863512837,0.7822015440899481,30.98554940471982,True,0.15190561624840226
MJ-21x10EL,21.0,10.0,860.0,0.008864115738236884,2.1814634146341465,2161.812722180376,2161.812722180376,2.666473468471954,96.72853576345786,90.43208510461001,11.63362863512837,0.7822015440899481,30.98554940471982,True,0.12011141749873668
MJ-21x10EL,21.0,10.0,340.0,0.05671193771626298,0.8624390243902439,2161.812722180376,2161.812722180376,6.7446093614290605,96.72853576345786,90.43208510461001,11.63362863512837,0.7822015440899481,15.344443858427185,True,0.30381123249680453
MJ-21x10EL,21.0,10.0,880.0,0.008465779958677684,2.2321951219512197,2161.812722180376,2161.812722180376,2.605871798733955,96.72853576345787,90.43208510461001,11.63362863512837,0.782201544089948,30.98554940471982,True,0.11738161255558356
MJ-21x10EL,21.0,10.0,440.0,0.033863119834710735,1.1160975609756099,2161.812722180376,2161.812722180376,5.21174359746791,96.72853576345787,90.43208510461001,11.63362863512837,0.782201544089948,24.27427779391343,True,0.23476322511116712
MJ-21x10EL,21.0,10.0,220.0,0.13545247933884294,0.5580487804878049,2161.812722180376,2161.812722180376,10.42348719493582,96.72853576345787,90.43208510461001,11.63362863512837,0.782201544089948,6.356376414819685,True,0.46952645022233425
MJ-22x12EW,22.0,12.0,540.0,0.02248251028806584,1.3697560975609757,1894.9868147288194,1894.9868147288194,3.782607233251677,96.82945551697826,86.77475627201848,10.362498644849474,0.7820589025513627,36.39440750026789,True,0.17038771320953502
MJ-22x12EW,22.0,12.0,500.0,0.0262236,1.2682926829268293,1894.9868147288194,1894.9868147288194,4.085215811911811,96.82945551697826,86.77475627201848,10.362498644849472,0.7820589025513627,32.27847997503997,True,0.1840187302662978
MJ-22x12EW,22.0,12.0,660.0,0.015050275482093664,1.6741463414634148,1894.9868147288194,1894.9868147288194,3.0948604635695545,96.82945551697827,86.77475627201848,10.362498644849476,0.7820589025513626,39.00319082538394,True,0.13940812898961957
MJ-22x12EW,22.0,12.0,480.0,0.028454427083333338,1.217560975609756,1894.9868147288194,1894.9868147288194,4.255433137408137,96.82945551697827,86.77475627201848,10.362498644849474,0.7820589025513626,30.222657065072823,True,0.1916861773607269
MJ-22x12EW,22.0,12.0,700.0,0.013379387755102041,1.775609756097561,1894.9868147288194,1894.9868147288194,2.9180112942227225,96.82945551697827,86.77475627201848,10.362498644849474,0.7820589025513626,39.00319082538394,True,0.13144195019021274
MJ-22x12EW,22.0,12.0,740.0,0.011972059897735574,1.8770731707317074,1894.9868147288194,1894.9868147288194,2.7602809539944673,96.82945551697827,86.77475627201848,10.362498644849474,0.7820589025513626,39.00319082538394,True,0.1243369799096607
MJ-22x12EW,22.0,12.0,780.0,0.010775641025641026,1.9785365853658536,1894.9868147288194,1894.9868147288194,2.6187280845588536,96.82945551697827,86.77475627201848,10.362498644849474,0.7820589025513626,39.00319082538394,True,0.1179607245296781
MJ-22x12EW,22.0,12.0,560.0,0.020905293367346936,1.420487804878049,1894.9868147288194,1894.9868147288194,3.647514117778403,96.82945551697827,86.77475627201848,10.362498644849474,0.7820589025513626,38.45237126288186,True,0.16430243773776593
MJ-22x12EW,22.0,12.0,280.0,0.08362117346938774,0.7102439024390245,1894.9868147288194,1894.9868147288194,7.295028235556806,96.82945551697827,86.77475627201848,10.362498644849474,0.7820589025513626,12.181072749373888,True,0.32860487547553185
MJ-22x12EW,22.0,12.0,240.0,0.11381770833333335,0.608780487804878,1894.9868147288194,1894.9868147288194,8.510866274816275,96.82945551697827,86.77475627201848,10.362498644849474,0.7820589025513626,9.07435702535346,True,0.3833723547214538
MJ-22x12EW,22.0,12.0,860.0,0.008864115738236884,2.1814634146341465,1894.9868147288194,1894.9868147288194,2.3751254720417507,96.82945551697827,86.77475627201848,10.362498644849474,0.7820589025513626,39.00319082538394,True,0.10698763387575454
MJ-22x12EW,22.0,12.0,180.0,0.20234259259259257,0.45658536585365855,1894.9868147288194,1894.9868147288194,11.347821699755032,96.82945551697829,86.77475627201848,10.362498644849474,0.7820589025513625,4.990095385267427,True,0.511163139628605
MJ-22x12EW,22.0,12.0,900.0,0.008093703703703702,2.282926829268293,1894.9868147288194,1894.9868147288194,2.2695643399510064,96.82945551697829,86.77475627201848,10.362498644849474,0.7820589025513625,39.00319082538394,True,0.102232627925721
MJ-22x12EW,22.0,12.0,600.0,0.018210833333333332,1.5219512195121951,1894.9868147288194,1894.9868147288194,3.40434650992651,96.82945551697829,86.77475627201848,10.362498644849474,0.7820589025513625,39.00319082538394,True,0.15334894188858153
MJ-22x12EW,22.0,12.0,620.0,0.017054890738813736,1.5726829268292684,1894.9868147288194,1894.9868147288194,3.294528880574042,96.82945551697829,86.77475627201848,10.362498644849474,0.7820589025513625,39.00319082538394,True,0.14840220182765954
MJ-22x12EW,22.0,12.0,640.0,0.016005615234375,1.6234146341463416,1894.9868147288194,1894.9868147288194,3.1915748530561032,96.82945551697829,86.77475627201848,10.362498644849476,0.7820589025513625,39.00319082538394,True,0.1437646330205452
MJ-22x12EW,22.0,12.0,580.0,0.019488406658739597,1.471219512195122,1894.9868147288194,1894.9868147288194,3.521737768889493,96.82945551697829,86.77475627201848,10.362498644849474,0.7820589025513625,39.00319082538394,True,0.15863683643646365
MJ-22x12EW,22.0,12.0,520.0,0.024245192307692308,1.3190243902439025,1894.9868147288194,1894.9868147288194,3.9280921268382807,96.82945551697829,86.77475627201848,10.362498644849474,0.7820589025513625,34.33644373765393,True,0.17694108679451714
MJ-22x12EW,22.0,12.0,320.0,0.0640224609375,0.8117073170731708,1894.9868147288194,1894.9868147288194,6.3831497061122064,96.82945551697829,86.77475627201848,10.362498644849476,0.7820589025513625,15.411254702790474,True,0.2875292660410904
MJ-22x12EW,22.0,12.0,360.0,0.050585648148148143,0.9131707317073171,1894.9868147288194,1894.9868147288194,5.673910849877516,96.82945551697829,86.77475627201848,10.362498644849474,0.7820589025513625,18.934171157245572,True,0.2555815698143025
MJ-22x12EW,22.0,12.0,680.0,0.014177984429065746,1.7248780487804878,1894.9868147288194,1894.9868147288194,3.0038351558175087,96.82945551697829,86.77475627201848,10.362498644849474,0.7820589025513625,39.00319082538394,True,0.1353078899016896
MJ-22x12EW,22.0,12.0,300.0,0.07284333333333333,0.7609756097560976,1894.9868147288194,1894.9868147288194,6.80869301985302,96.82945551697829,86.77475627201848,10.362498644849474,0.7820589025513625,13.76862359525313,True,0.30669788377716306
MJ-22x12EW,22.0,12.0,720.0,0.012646412037037036,1.8263414634146342,1894.9868147288194,1894.9868147288194,2.836955424938758,96.82945551697829,86.77475627201848,10.362498644849474,0.7820589025513625,39.00319082538394,True,0.12779078490715126
MJ-22x12EW,22.0,12.0,340.0,0.05671193771626298,0.8624390243902439,1894.9868147288194,1894.9868147288194,6.007670311635017,96.82945551697829,86.77475627201848,10.362498644849474,0.7820589025513625,17.16995565090266,True,0.2706157798033792
MJ-22x12EW,22.0,12.0,260.0,0.09698076923076923,0.6595121951219513,1894.9868147288194,1894.9868147288194,7.856184253676561,96.82945551697829,86.77475627201848,10.362498644849474,0.7820589025513625,10.59352190349464,True,0.3538821735890343
MJ-22x12EW,22.0,12.0,440.0,0.033863119834710735,1.1160975609756099,1894.9868147288194,1894.9868147288194,4.6422906953543315,96.8294555169783,86.77475627201848,10.362498644849474,0.7820589025513623,26.35097069645645,True,0.20911219348442936
MJ-22x12EW,22.0,12.0,420.0,0.03716496598639456,1.0653658536585366,1894.9868147288194,1894.9868147288194,4.8633521570378715,96.8294555169783,86.77475627201848,10.362498644849476,0.7820589025513623,24.444599468292456,True,0.2190699169836879
MJ-22x12EW,22.0,12.0,400.0,0.040974375,1.0146341463414634,1894.9868147288194,1894.9868147288194,5.1065197648897644,96.8294555169783,86.77475627201848,10.362498644849474,0.7820589025513623,22.539395149011767,True,0.23002341283287228
MJ-22x12EW,22.0,12.0,460.0,0.030982514177693755,1.166829268292683,1894.9868147288194,1894.9868147288194,4.440451969469361,96.8294555169783,86.77475627201848,10.362498644849476,0.7820589025513623,28.25734192462044,True,0.20002035898510637
MJ-22x12EW,22.0,12.0,200.0,0.1638975,0.5073170731707317,1894.9868147288194,1894.9868147288194,10.213039529779529,96.8294555169783,86.77475627201848,10.362498644849474,0.7820589025513623,6.316654013864305,True,0.46004682566574456
MJ-22x12EW,22.0,12.0,880.0,0.008465779958677684,2.2321951219512197,1894.9868147288194,1894.9868147288194,2.3211453476771657,96.8294555169783,86.77475627201848,10.362498644849474,0.7820589025513623,39.00319082538394,True,0.10455609674221468
MJ-22x12EW,22.0,12.0,220.0,0.13545247933884294,0.5580487804878049,1894.9868147288194,1894.9868147288194,9.284581390708663,96.8294555169783,86.77475627201848,10.362498644849474,0.7820589025513623,7.695505519608886,True,0.4182243869688587
MJ-22x12EW,22.0,12.0,800.0,0.01024359375,2.029268292682927,1894.9868147288194,1894.9868147288194,2.5532598824448822,96.8294555169783,86.77475627201848,10.362498644849474,0.7820589025513623,39.00319082538394,True,0.11501170641643614
MJ-22x12EW,22.0,12.0,820.0,0.00975,2.08,1894.9868147288194,1894.9868147288194,2.490985251165739,96.8294555169783,86.77475627201848,10.362498644849476,0.7820589025513623,39.00319082538394,True,0.11220654284530357
MJ-22x12EW,22.0,12.0,840.0,0.00929124149659864,2.1307317073170733,1894.9868147288194,1894.9868147288194,2.4316760785189357,96.8294555169783,86.77475627201848,10.362498644849476,0.7820589025513623,39.00319082538394,True,0.10953495849184396
MJ-22x12EW,22.0,12.0,380.0,0.04540096952908587,0.9639024390243903,1894.9868147288194,1894.9868147288194,5.375283963041858,96.82945551697831,86.77475627201848,10.362498644849476,0.7820589025513622,20.698386663588483,True,0.24212990824512876
MJ-22x12EW,22.0,12.0,760.0,0.011350242382271468,1.9278048780487806,1894.9868147288194,1894.9868147288194,2.687641981520929,96.82945551697831,86.77475627201848,10.362498644849476,0.7820589025513622,39.00319082538394,True,0.12106495412256438
25x125E,25.0,12.5,480.0,0.028454427083333338,1.217560975609756,1766.3098140746497,1766.3098140746497,4.008639603416445,97.52628379155838,76.08912944638416,9.761526292807266,0.7801910058319094,35.033025535797385,True,0.18056935150524528
25x125E,25.0,12.5,820.0,0.00975,2.08,1766.3098140746497,1766.3098140746497,2.346520743463285,97.52628379155838,76.08912944638416,9.761526292807266,0.7801910058319094,67.89515013894525,True,0.10569913258843627
25x125E,25.0,12.5,240.0,0.11381770833333335,0.608780487804878,1766.3098140746497,1766.3098140746497,8.01727920683289,97.52628379155838,76.08912944638416,9.761526292807266,0.7801910058319094,10.52231408506395,True,0.36113870301049056
25x125E,25.0,12.5,900.0,0.008093703703703702,2.282926829268293,1766.3098140746497,1766.3098140746497,2.137941121822104,97.52628379155838,76.08912944638416,9.761526292807266,0.7801910058319094,67.89515013894525,True,0.09630365413613082
25x125E,25.0,12.5,540.0,0.02248251028806584,1.3697560975609757,1766.3098140746497,1766.3098140746497,3.5632352030368404,97.5262837915584,76.08912944638416,9.761526292807266,0.7801910058319093,41.99668268696288,True,0.1605060902268847
25x125E,25.0,12.5,640.0,0.016005615234375,1.6234146341463416,1766.3098140746497,1766.3098140746497,3.006479702562334,97.5262837915584,76.08912944638416,9.761526292807268,0.7801910058319093,53.16221924780744,True,0.13542701362893397
25x125E,25.0,12.5,500.0,0.0262236,1.2682926829268293,1766.3098140746497,1766.3098140746497,3.8482940192797876,97.5262837915584,76.08912944638416,9.761526292807266,0.7801910058319093,37.30766356079149,True,0.17334657744503548
25x125E,25.0,12.5,520.0,0.024245192307692308,1.3190243902439025,1766.3098140746497,1766.3098140746497,3.7002827108459497,97.5262837915584,76.08912944638416,9.761526292807266,0.7801910058319093,39.64475700978128,True,0.1666794013894572
25x125E,25.0,12.5,260.0,0.09698076923076923,0.6595121951219513,1766.3098140746497,1766.3098140746497,7.4005654216918995,97.5262837915584,76.08912944638416,9.761526292807266,0.7801910058319093,12.309750784921484,True,0.3333588027789144
25x125E,25.0,12.5,320.0,0.0640224609375,0.8117073170731708,1766.3098140746497,1766.3098140746497,6.012959405124668,97.5262837915584,76.08912944638416,9.761526292807268,0.7801910058319093,17.84261519579095,True,0.27085402725786795
25x125E,25.0,12.5,700.0,0.013379387755102041,1.775609756097561,1766.3098140746497,1766.3098140746497,2.7487814423427057,97.52628379155841,76.08912944638416,9.761526292807268,0.7801910058319091,58.71891907642077,True,0.12381898388931108
25x125E,25.0,12.5,620.0,0.017054890738813736,1.5726829268292684,1766.3098140746497,1766.3098140746497,3.1034629187740226,97.52628379155841,76.08912944638416,9.761526292807268,0.7801910058319091,51.26993787504374,True,0.1397956269718028
25x125E,25.0,12.5,360.0,0.050585648148148143,0.9131707317073171,1766.3098140746497,1766.3098140746497,5.344852804555261,97.52628379155841,76.08912944638416,9.761526292807268,0.7801910058319091,21.923180404324714,True,0.24075913534032709
25x125E,25.0,12.5,420.0,0.03716496598639456,1.0653658536585366,1766.3098140746497,1766.3098140746497,4.58130240390451,97.52628379155841,76.08912944638416,9.761526292807268,0.7801910058319091,28.29006668323826,True,0.2063649731488518
25x125E,25.0,12.5,460.0,0.030982514177693755,1.166829268292683,1766.3098140746497,1766.3098140746497,4.182928281825856,97.52628379155841,76.08912944638416,9.761526292807268,0.7801910058319091,32.78537258494434,True,0.18842019287503858
25x125E,25.0,12.5,560.0,0.020905293367346936,1.420487804878049,1766.3098140746497,1766.3098140746497,3.435976802928382,97.52628379155841,76.08912944638416,9.761526292807268,0.7801910058319091,44.34860836414446,True,0.15477372986163884
25x125E,25.0,12.5,580.0,0.019488406658739597,1.471219512195122,1766.3098140746497,1766.3098140746497,3.317494844206714,97.52628379155841,76.08912944638416,9.761526292807266,0.7801910058319091,46.700534041326044,True,0.14943670469399611
25x125E,25.0,12.5,600.0,0.018210833333333332,1.5219512195121951,1766.3098140746497,1766.3098140746497,3.2069116827331565,97.52628379155841,76.08912944638416,9.761526292807266,0.7801910058319091,49.052459718507635,True,0.14445548120419624
25x125E,25.0,12.5,280.0,0.08362117346938774,0.7102439024390245,1766.3098140746497,1766.3098140746497,6.871953605856764,97.52628379155841,76.08912944638416,9.761526292807268,0.7801910058319091,14.097187484779027,True,0.3095474597232777
25x125E,25.0,12.5,660.0,0.015050275482093664,1.6741463414634148,1766.3098140746497,1766.3098140746497,2.9153742570301424,97.52628379155841,76.08912944638416,9.761526292807268,0.7801910058319091,55.019975273583846,True,0.1313231647310875
25x125E,25.0,12.5,300.0,0.07284333333333333,0.7609756097560976,1766.3098140746497,1766.3098140746497,6.413823365466313,97.52628379155841,76.08912944638416,9.761526292807266,0.7801910058319091,15.886687586740782,True,0.2889109624083925
25x125E,25.0,12.5,720.0,0.012646412037037036,1.8263414634146342,1766.3098140746497,1766.3098140746497,2.6724264022776305,97.52628379155841,76.08912944638416,9.761526292807268,0.7801910058319091,60.56839097783923,True,0.12037956767016354
25x125E,25.0,12.5,740.0,0.011972059897735574,1.8770731707317074,1766.3098140746497,1766.3098140746497,2.6001986616755324,97.52628379155841,76.08912944638416,9.761526292807268,0.7801910058319091,62.417862879257676,True,0.1171260658412402
25x125E,25.0,12.5,180.0,0.20234259259259257,0.45658536585365855,1766.3098140746497,1766.3098140746497,10.689705609110522,97.52628379155841,76.08912944638416,9.761526292807268,0.7801910058319091,5.874099988490519,True,0.48151827068065417
25x125E,25.0,12.5,780.0,0.010775641025641026,1.9785365853658536,1766.3098140746497,1766.3098140746497,2.4668551405639665,97.52628379155841,76.08912944638416,9.761526292807266,0.7801910058319091,66.11680668209458,True,0.1111196009263048
25x125E,25.0,12.5,840.0,0.00929124149659864,2.1307317073170733,1766.3098140746497,1766.3098140746497,2.290651201952255,97.52628379155841,76.08912944638416,9.761526292807268,0.7801910058319091,67.89515013894525,True,0.1031824865744259
25x125E,25.0,12.5,200.0,0.1638975,0.5073170731707317,1766.3098140746497,1766.3098140746497,9.620735048199471,97.52628379155843,76.08912944638416,9.761526292807268,0.780191005831909,7.353712797578996,True,0.4333664436125888
25x125E,25.0,12.5,440.0,0.033863119834710735,1.1160975609756099,1766.3098140746497,1766.3098140746497,4.373061385545213,97.52628379155843,76.08912944638416,9.761526292807268,0.780191005831909,30.537719634091307,True,0.19698474709663125
25x125E,25.0,12.5,800.0,0.01024359375,2.029268292682927,1766.3098140746497,1766.3098140746497,2.4051837620498677,97.52628379155843,76.08912944638416,9.761526292807268,0.780191005831909,67.89515013894525,True,0.1083416109031472
25x125E,25.0,12.5,400.0,0.040974375,1.0146341463414634,1766.3098140746497,1766.3098140746497,4.8103675240997354,97.52628379155843,76.08912944638416,9.761526292807268,0.780191005831909,26.06779852284701,True,0.2166832218062944
25x125E,25.0,12.5,880.0,0.008465779958677684,2.2321951219512197,1766.3098140746497,1766.3098140746497,2.1865306927726067,97.52628379155843,76.08912944638416,9.761526292807268,0.780191005831909,67.89515013894525,True,0.09849237354831562
25x125E,25.0,12.5,220.0,0.13545247933884294,0.5580487804878049,1766.3098140746497,1766.3098140746497,8.746122771090427,97.52628379155843,76.08912944638416,9.761526292807268,0.780191005831909,8.840970277403382,True,0.3939694941932625
25x125E,25.0,12.5,860.0,0.008864115738236884,2.1814634146341465,1766.3098140746497,1766.3098140746497,2.2373802437673187,97.52628379155843,76.08912944638416,9.761526292807268,0.780191005831909,67.89515013894525,True,0.10078289386339273
25x125E,25.0,12.5,380.0,0.04540096952908587,0.9639024390243903,1766.3098140746497,1766.3098140746497,5.063544762210247,97.52628379155844,76.08912944638416,9.761526292807268,0.7801910058319089,23.9634630085916,True,0.22808760190136249
25x125E,25.0,12.5,680.0,0.014177984429065746,1.7248780487804878,1766.3098140746497,1766.3098140746497,2.829627955352785,97.52628379155844,76.08912944638416,9.761526292807266,0.7801910058319089,56.869447175002286,True,0.12746071870958492
25x125E,25.0,12.5,760.0,0.011350242382271468,1.9278048780487806,1766.3098140746497,1766.3098140746497,2.5317723811051236,97.52628379155844,76.08912944638416,9.761526292807268,0.7801910058319089,64.26733478067612,True,0.11404380095068124
25x125E,25.0,12.5,340.0,0.05671193771626298,0.8624390243902439,1766.3098140746497,1766.3098140746497,5.65925591070557,97.52628379155844,76.08912944638416,9.761526292807266,0.7801910058319089,19.88289780005783,True,0.25492143741916984
18x8E,18.0,8.0,480.0,0.028454427083333338,1.217560975609756,2875.9707904697107,2875.9707904697107,6.204912659346766,97.92577364623025,75.24111107320405,15.109719022175149,0.7683483956432398,18.881999049108817,True,0.2795005702408453
18x8E,18.0,8.0,240.0,0.11381770833333335,0.608780487804878,2875.9707904697107,2875.9707904697107,12.409825318693532,97.92577364623025,75.24111107320405,15.109719022175149,0.7683483956432398,3.913957098042985,True,0.5590011404816906
18x8E,18.0,8.0,900.0,0.008093703703703702,2.282926829268293,2875.9707904697107,2875.9707904697107,3.3092867516516087,97.92577364623027,75.24111107320405,15.10971902217515,0.7683483956432396,35.24530882504828,True,0.14906697079511752
18x8E,18.0,8.0,720.0,0.012646412037037036,1.8263414634146342,2875.9707904697107,2875.9707904697107,4.136608439564511,97.92577364623027,75.24111107320405,15.10971902217515,0.7683483956432396,35.24530882504828,True,0.18633371349389688
18x8E,18.0,8.0,700.0,0.013379387755102041,1.775609756097561,2875.9707904697107,2875.9707904697107,4.254797252123497,97.92577364623027,75.24111107320405,15.10971902217515,0.7683483956432396,35.24530882504828,True,0.19165753387943682
18x8E,18.0,8.0,660.0,0.015050275482093664,1.6741463414634148,2875.9707904697107,2875.9707904697107,4.512663752252194,97.92577364623027,75.24111107320405,15.10971902217515,0.7683483956432396,33.4508699052238,True,0.20327314199334207
18x8E,18.0,8.0,620.0,0.017054890738813736,1.5726829268292684,2875.9707904697107,2875.9707904697107,4.80380334917169,97.92577364623027,75.24111107320405,15.10971902217515,0.7683483956432396,30.4824015522136,True,0.21638753825097704
18x8E,18.0,8.0,580.0,0.019488406658739597,1.471219512195122,2875.9707904697107,2875.9707904697107,5.135100131873186,97.92577364623027,75.24111107320405,15.109719022175149,0.7683483956432396,27.30248574542523,True,0.2313108167510444
18x8E,18.0,8.0,560.0,0.020905293367346936,1.420487804878049,2875.9707904697107,2875.9707904697107,5.318496565154371,97.92577364623027,75.24111107320405,15.10971902217515,0.7683483956432396,25.59827093601118,True,0.239571917349296
18x8E,18.0,8.0,500.0,0.0262236,1.2682926829268293,2875.9707904697107,2875.9707904697107,5.956716152972896,97.92577364623027,75.24111107320405,15.10971902217515,0.7683483956432396,20.541731272845762,True,0.26832054743121153
18x8E,18.0,8.0,460.0,0.030982514177693755,1.166829268292683,2875.9707904697107,2875.9707904697107,6.474691470622712,97.92577364623027,75.24111107320405,15.10971902217515,0.7683483956432396,17.312434563199602,True,0.291652768946969
18x8E,18.0,8.0,740.0,0.011972059897735574,1.8770731707317074,2875.9707904697107,2875.9707904697107,4.024808211468173,97.92577364623027,75.24111107320405,15.10971902217515,0.7683483956432396,35.24530882504828,True,0.18129766718325105
18x8E,18.0,8.0,360.0,0.050585648148148143,0.9131707317073171,2875.9707904697107,2875.9707904697107,8.273216879129022,97.92577364623027,75.24111107320405,15.10971902217515,0.7683483956432396,10.259472075127828,True,0.37266742698779376
18x8E,18.0,8.0,180.0,0.20234259259259257,0.45658536585365855,2875.9707904697107,2875.9707904697107,16.546433758258043,97.92577364623027,75.24111107320405,15.10971902217515,0.7683483956432396,1.6238535677970887,True,0.7453348539755875
18x8E,18.0,8.0,280.0,0.08362117346938774,0.7102439024390245,2875.9707904697107,2875.9707904697107,10.636993130308742,97.92577364623027,75.24111107320405,15.10971902217515,0.7683483956432396,5.772365406206863,True,0.479143834698592
18x8E,18.0,8.0,800.0,0.01024359375,2.029268292682927,2875.9707904697107,2875.9707904697107,3.7229475956080598,97.92577364623028,75.24111107320405,15.10971902217515,0.7683483956432395,35.24530882504828,True,0.16770034214450721
18x8E,18.0,8.0,400.0,0.040974375,1.0146341463414634,2875.9707904697107,2875.9707904697107,7.4458951912161195,97.92577364623028,75.24111107320405,15.10971902217515,0.7683483956432395,12.919697283787633,True,0.33540068428901443
18x8E,18.0,8.0,380.0,0.04540096952908587,0.9639024390243903,2875.9707904697107,2875.9707904697107,7.837784411806442,97.92577364623028,75.24111107320405,15.109719022175153,0.7683483956432395,11.567414752451603,True,0.3530533518831731
18x8E,18.0,8.0,520.0,0.024245192307692308,1.3190243902439025,2875.9707904697107,2875.9707904697107,5.727611685550861,97.92577364623028,75.24111107320405,15.10971902217515,0.7683483956432395,22.211678186475662,True,0.25800052637616494
18x8E,18.0,8.0,540.0,0.02248251028806584,1.3697560975609757,2875.9707904697107,2875.9707904697107,5.515477919419348,97.92577364623028,75.24111107320405,15.109719022175153,0.7683483956432395,23.89582125067364,True,0.2484449513251959
18x8E,18.0,8.0,200.0,0.1638975,0.5073170731707317,2875.9707904697107,2875.9707904697107,14.891790382432239,97.92577364623028,75.24111107320405,15.10971902217515,0.7683483956432395,2.3200707269658505,True,0.6708013685780289
18x8E,18.0,8.0,780.0,0.010775641025641026,1.9785365853658536,2875.9707904697107,2875.9707904697107,3.8184077903672407,97.92577364623028,75.24111107320405,15.109719022175149,0.7683483956432395,35.24530882504828,True,0.17200035091744328
18x8E,18.0,8.0,760.0,0.011350242382271468,1.9278048780487806,2875.9707904697107,2875.9707904697107,3.918892205903221,97.92577364623028,75.24111107320405,15.109719022175153,0.7683483956432395,35.24530882504828,True,0.17652667594158655
18x8E,18.0,8.0,860.0,0.008864115738236884,2.1814634146341465,2875.9707904697107,2875.9707904697107,3.463207065681916,97.92577364623028,75.24111107320405,15.10971902217515,0.7683483956432395,35.24530882504828,True,0.1560003182739602
18x8E,18.0,8.0,820.0,0.00975,2.08,2875.9707904697107,2875.9707904697107,3.6321439957151807,97.92577364623028,75.24111107320405,15.109719022175153,0.7683483956432395,35.24530882504828,True,0.1636100898970802
18x8E,18.0,8.0,260.0,0.09698076923076923,0.6595121951219513,2875.9707904697107,2875.9707904697107,11.455223371101722,97.92577364623028,75.24111107320405,15.10971902217515,0.7683483956432395,4.788730414829923,True,0.5160010527523299
18x8E,18.0,8.0,420.0,0.03716496598639456,1.0653658536585366,2875.9707904697107,2875.9707904697107,7.0913287535391625,97.9257736462303,75.24111107320405,15.109719022175153,0.7683483956432394,14.303651139546544,True,0.3194292231323947
18x8E,18.0,8.0,880.0,0.008465779958677684,2.2321951219512197,2875.9707904697107,2875.9707904697107,3.3844978141891455,97.9257736462303,75.24111107320405,15.109719022175153,0.7683483956432394,35.24530882504828,True,0.15245485649500656
18x8E,18.0,8.0,840.0,0.00929124149659864,2.1307317073170733,2875.9707904697107,2875.9707904697107,3.5456643767695812,97.9257736462303,75.24111107320405,15.109719022175153,0.7683483956432394,35.24530882504828,True,0.15971461156619735
18x8E,18.0,8.0,220.0,0.13545247933884294,0.5580487804878049,2875.9707904697107,2875.9707904697107,13.537991256756582,97.9257736462303,75.24111107320405,15.109719022175153,0.7683483956432394,3.050286715293102,True,0.6098194259800263
18x8E,18.0,8.0,440.0,0.033863119834710735,1.1160975609756099,2875.9707904697107,2875.9707904697107,6.768995628378291,97.9257736462303,75.24111107320405,15.109719022175153,0.7683483956432394,15.79715991987257,True,0.3049097129900131
18x8E,18.0,8.0,680.0,0.014177984429065746,1.7248780487804878,2875.9707904697107,2875.9707904697107,4.379938347774188,97.9257736462303,75.24111107320405,15.10971902217515,0.7683483956432394,34.935104081728895,True,0.19729452017000848
18x8E,18.0,8.0,300.0,0.07284333333333333,0.7609756097560976,2875.9707904697107,2875.9707904697107,9.927860254954828,97.9257736462303,75.24111107320405,15.109719022175153,0.7683483956432394,6.801575578781022,True,0.44720091238535264
18x8E,18.0,8.0,640.0,0.016005615234375,1.6234146341463416,2875.9707904697107,2875.9707904697107,4.653684494510076,97.9257736462303,75.24111107320405,15.109719022175154,0.7683483956432394,31.966635728718693,True,0.20962542768063405
18x8E,18.0,8.0,320.0,0.0640224609375,0.8117073170731708,2875.9707904697107,2875.9707904697107,9.307368989020151,97.9257736462303,75.24111107320405,15.109719022175154,0.7683483956432394,7.8810465863923005,True,0.4192508553612681
18x8E,18.0,8.0,600.0,0.018210833333333332,1.5219512195121951,2875.9707904697107,2875.9707904697107,4.963930127477414,97.9257736462303,75.24111107320405,15.109719022175153,0.7683483956432394,28.984209692574563,True,0.22360045619267632
18x8E,18.0,8.0,340.0,0.05671193771626298,0.8624390243902439,2875.9707904697107,2875.9707904697107,8.759876695548376,97.9257736462303,75.24111107320405,15.10971902217515,0.7683483956432394,9.068976879333821,True,0.39458904034001696
24x12E,24.0,12.0,900.0,0.008093703703703702,2.282926829268293,1853.0610155587176,1853.0610155587176,2.2285062620523584,98.28102133197555,76.86251424704281,10.175033469663452,0.7820687372327472,71.14818719653302,True,0.10038316495731345
24x12E,24.0,12.0,840.0,0.00929124149659864,2.1307317073170733,1853.0610155587176,1853.0610155587176,2.387685280770384,98.28102133197555,76.86251424704281,10.175033469663452,0.7820687372327472,66.91320740967292,True,0.10755339102569299
24x12E,24.0,12.0,700.0,0.013379387755102041,1.775609756097561,1853.0610155587176,1853.0610155587176,2.8652223369244614,98.28102133197555,76.86251424704281,10.175033469663454,0.7820687372327472,57.031587906999405,True,0.1290640692308316
24x12E,24.0,12.0,660.0,0.015050275482093664,1.6741463414634148,1853.0610155587176,1853.0610155587176,3.0388721755259436,98.28102133197555,76.86251424704281,10.175033469663452,0.7820687372327472,53.201371586537434,True,0.13688613403270017
24x12E,24.0,12.0,640.0,0.016005615234375,1.6234146341463416,1853.0610155587176,1853.0610155587176,3.133836931011129,98.28102133197555,76.86251424704281,10.175033469663452,0.7820687372327472,51.119920119725045,True,0.14116382572122205
24x12E,24.0,12.0,560.0,0.020905293367346936,1.420487804878049,1853.0610155587176,1853.0610155587176,3.581527921155576,98.28102133197555,76.86251424704281,10.175033469663452,0.7820687372327472,42.756480668018405,True,0.16133008653853947
24x12E,24.0,12.0,500.0,0.0262236,1.2682926829268293,1853.0610155587176,1853.0610155587176,4.011311271694246,98.28102133197555,76.86251424704281,10.175033469663452,0.7820687372327472,35.93361111714913,True,0.18068969692316422
24x12E,24.0,12.0,480.0,0.028454427083333338,1.217560975609756,1853.0610155587176,1853.0610155587176,4.178449241348173,98.28102133197555,76.86251424704281,10.175033469663454,0.7820687372327472,33.630447121365634,True,0.18821843429496277
24x12E,24.0,12.0,460.0,0.030982514177693755,1.166829268292683,1853.0610155587176,1853.0610155587176,4.360120947493745,98.28102133197555,76.86251424704281,10.175033469663454,0.7820687372327472,31.347987289233448,True,0.19640184448170023
24x12E,24.0,12.0,420.0,0.03716496598639456,1.0653658536585366,1853.0610155587176,1853.0610155587176,4.775370561540768,98.28102133197555,76.86251424704281,10.175033469663452,0.7820687372327472,27.022119130774897,True,0.21510678205138598
24x12E,24.0,12.0,540.0,0.02248251028806584,1.3697560975609757,1853.0610155587176,1853.0610155587176,3.7141771034205977,98.28102133197555,76.86251424704281,10.175033469663452,0.7820687372327472,40.53993910871614,True,0.16730527492885575
24x12E,24.0,12.0,240.0,0.11381770833333335,0.608780487804878,1853.0610155587176,1853.0610155587176,8.356898482696346,98.28102133197555,76.86251424704281,10.175033469663454,0.7820687372327472,9.809633342484624,True,0.37643686858992553
24x12E,24.0,12.0,320.0,0.0640224609375,0.8117073170731708,1853.0610155587176,1853.0610155587176,6.267673862022258,98.28102133197555,76.86251424704281,10.175033469663452,0.7820687372327472,16.869049155631313,True,0.2823276514424441
24x12E,24.0,12.0,280.0,0.08362117346938774,0.7102439024390245,1853.0610155587176,1853.0610155587176,7.163055842311152,98.28102133197555,76.86251424704281,10.175033469663452,0.7820687372327472,13.12995692076597,True,0.32266017307707895
24x12E,24.0,12.0,520.0,0.024245192307692308,1.3190243902439025,1853.0610155587176,1853.0610155587176,3.857030068936775,98.28102133197557,76.86251424704281,10.175033469663454,0.7820687372327471,38.23677511293264,True,0.17374009319535022
24x12E,24.0,12.0,300.0,0.07284333333333333,0.7609756097560976,1853.0610155587176,1853.0610155587176,6.685518786157076,98.28102133197557,76.86251424704281,10.175033469663452,0.7820687372327471,14.956295405869259,True,0.30114949487194037
24x12E,24.0,12.0,580.0,0.019488406658739597,1.471219512195122,1853.0610155587176,1853.0610155587176,3.4580269583571086,98.28102133197557,76.86251424704281,10.175033469663454,0.7820687372327471,44.87556571928795,True,0.15576698010617607
24x12E,24.0,12.0,600.0,0.018210833333333332,1.5219512195121951,1853.0610155587176,1853.0610155587176,3.342759393078538,98.28102133197557,76.86251424704281,10.175033469663452,0.7820687372327471,46.95701718610033,True,0.15057474743597019
24x12E,24.0,12.0,740.0,0.011972059897735574,1.8770731707317074,1853.0610155587176,1853.0610155587176,2.7103454538474634,98.28102133197557,76.86251424704281,10.175033469663454,0.7820687372327471,59.854907764906116,True,0.12208763305619205
24x12E,24.0,12.0,260.0,0.09698076923076923,0.6595121951219513,1853.0610155587176,1853.0610155587176,7.71406013787355,98.28102133197557,76.86251424704281,10.175033469663454,0.7820687372327471,11.464790978206674,True,0.34748018639070044
24x12E,24.0,12.0,880.0,0.008465779958677684,2.2321951219512197,1853.0610155587176,1853.0610155587176,2.2791541316444577,98.28102133197558,76.86251424704281,10.175033469663452,0.782068737232747,69.73652726757963,True,0.10266460052452513
24x12E,24.0,12.0,220.0,0.13545247933884294,0.5580487804878049,1853.0610155587176,1853.0610155587176,9.11661652657783,98.28102133197558,76.86251424704281,10.175033469663452,0.782068737232747,8.154475706762568,True,0.4106584020981005
24x12E,24.0,12.0,820.0,0.00975,2.08,1853.0610155587176,1853.0610155587176,2.4459215071306377,98.28102133197558,76.86251424704281,10.175033469663454,0.782068737232747,65.50154748071958,True,0.11017664446534405
24x12E,24.0,12.0,780.0,0.010775641025641026,1.9785365853658536,1853.0610155587176,1853.0610155587176,2.5713533792911836,98.28102133197558,76.86251424704281,10.175033469663454,0.782068737232747,62.67822762281283,True,0.11582672879690016
24x12E,24.0,12.0,720.0,0.012646412037037036,1.8263414634146342,1853.0610155587176,1853.0610155587176,2.7856328275654483,98.28102133197558,76.86251424704281,10.175033469663452,0.782068737232747,58.44324783595276,True,0.12547895619664182
24x12E,24.0,12.0,340.0,0.05671193771626298,0.8624390243902439,1853.0610155587176,1853.0610155587176,5.898987164256244,98.28102133197558,76.86251424704281,10.175033469663454,0.782068737232747,18.78180290539335,True,0.26572014253406506
24x12E,24.0,12.0,680.0,0.014177984429065746,1.7248780487804878,1853.0610155587176,1853.0610155587176,2.949493582128122,98.28102133197558,76.86251424704281,10.175033469663454,0.782068737232747,55.17645284885459,True,0.13286007126703253
24x12E,24.0,12.0,620.0,0.017054890738813736,1.5726829268292684,1853.0610155587176,1853.0610155587176,3.2349284449147144,98.28102133197558,76.86251424704281,10.175033469663454,0.782068737232747,49.03846865291268,True,0.14571749751868082
24x12E,24.0,12.0,180.0,0.20234259259259257,0.45658536585365855,1853.0610155587176,1853.0610155587176,11.142531310261793,98.28102133197558,76.86251424704281,10.175033469663452,0.782068737232747,5.352689547252879,True,0.5019158247865673
24x12E,24.0,12.0,360.0,0.050585648148148143,0.9131707317073171,1853.0610155587176,1853.0610155587176,5.5712656551308966,98.28102133197558,76.86251424704281,10.175033469663452,0.782068737232747,20.694556655155395,True,0.25095791239328363
24x12E,24.0,12.0,440.0,0.033863119834710735,1.1160975609756099,1853.0610155587176,1853.0610155587176,4.558308263288915,98.28102133197558,76.86251424704281,10.175033469663452,0.782068737232747,29.153227825905507,True,0.20532920104905025
24x12E,24.0,12.0,760.0,0.011350242382271468,1.9278048780487806,1853.0610155587176,1853.0610155587176,2.6390205734830565,98.2810213319756,76.86251424704281,10.175033469663454,0.7820687372327468,61.266567693859486,True,0.11887480060734489
24x12E,24.0,12.0,800.0,0.01024359375,2.029268292682927,1853.0610155587176,1853.0610155587176,2.5070695448089038,98.2810213319756,76.86251424704281,10.175033469663454,0.7820687372327468,64.08988755176618,True,0.11293106057697765
24x12E,24.0,12.0,860.0,0.008864115738236884,2.1814634146341465,1853.0610155587176,1853.0610155587176,2.332157716101306,98.2810213319756,76.86251424704281,10.175033469663454,0.7820687372327468,68.32486733862628,True,0.1050521493739327
24x12E,24.0,12.0,200.0,0.1638975,0.5073170731707317,1853.0610155587176,1853.0610155587176,10.028278179235615,98.2810213319756,76.86251424704281,10.175033469663454,0.7820687372327468,6.7040098801498,True,0.4517242423079106
24x12E,24.0,12.0,400.0,0.040974375,1.0146341463414634,1853.0610155587176,1853.0610155587176,5.0141390896178075,98.2810213319756,76.86251424704281,10.175033469663454,0.7820687372327468,24.891010435644287,True,0.2258621211539553
24x12E,24.0,12.0,380.0,0.04540096952908587,0.9639024390243903,1853.0610155587176,1853.0610155587176,5.278041146966113,98.2810213319756,76.86251424704281,10.175033469663454,0.7820687372327468,22.76119333665688,True,0.23774960121468977
MJ-18x8E,18.0,8.0,540.0,0.02248251028806584,1.3697560975609757,2557.0173805576565,2557.0173805576565,4.947560484559226,98.37639006440125,91.50390667040575,13.553902283553471,0.7773643923982242,22.594422245470582,True,0.2228630848900552
MJ-18x8E,18.0,8.0,660.0,0.015050275482093664,1.6741463414634148,2557.0173805576565,2557.0173805576565,4.048004032821185,98.37639006440125,91.50390667040575,13.55390228355347,0.7773643923982242,22.594422245470582,True,0.18234252400095427
MJ-18x8E,18.0,8.0,640.0,0.016005615234375,1.6234146341463416,2557.0173805576565,2557.0173805576565,4.174504158846847,98.37639006440125,91.50390667040575,13.55390228355347,0.7773643923982242,22.594422245470582,True,0.18804072787598408
MJ-18x8E,18.0,8.0,580.0,0.019488406658739597,1.471219512195122,2557.0173805576565,2557.0173805576565,4.606349416658589,98.37639006440125,91.50390667040575,13.553902283553468,0.7773643923982242,22.594422245470582,True,0.2074932169666031
MJ-18x8E,18.0,8.0,320.0,0.0640224609375,0.8117073170731708,2557.0173805576565,2557.0173805576565,8.349008317693693,98.37639006440125,91.50390667040575,13.55390228355347,0.7773643923982242,9.302194931107604,True,0.37608145575196816
MJ-18x8E,18.0,8.0,260.0,0.09698076923076923,0.6595121951219513,2557.0173805576565,2557.0173805576565,10.275702544853777,98.37639006440126,91.50390667040575,13.553902283553471,0.7773643923982241,5.90691071525762,True,0.4628694840024224
MJ-18x8E,18.0,8.0,780.0,0.010775641025641026,1.9785365853658536,2557.0173805576565,2557.0173805576565,3.4252341816179257,98.37639006440126,91.50390667040575,13.55390228355347,0.7773643923982241,22.594422245470582,True,0.15428982800080746
MJ-18x8E,18.0,8.0,740.0,0.011972059897735574,1.8770731707317074,2557.0173805576565,2557.0173805576565,3.6103819752188944,98.37639006440126,91.50390667040575,13.55390228355347,0.7773643923982241,22.594422245470582,True,0.1626298187035538
MJ-18x8E,18.0,8.0,720.0,0.012646412037037036,1.8263414634146342,2557.0173805576565,2557.0173805576565,3.7106703634194194,98.37639006440126,91.50390667040575,13.55390228355347,0.7773643923982241,22.594422245470582,True,0.16714731366754143
MJ-18x8E,18.0,8.0,700.0,0.013379387755102041,1.775609756097561,2557.0173805576565,2557.0173805576565,3.8166895166599746,98.37639006440126,91.50390667040575,13.553902283553471,0.7773643923982241,22.594422245470582,True,0.17192295120089976
MJ-18x8E,18.0,8.0,680.0,0.014177984429065746,1.7248780487804878,2557.0173805576565,2557.0173805576565,3.928945090679385,98.37639006440126,91.50390667040575,13.553902283553468,0.7773643923982241,22.594422245470582,True,0.1769795085891615
MJ-18x8E,18.0,8.0,240.0,0.11381770833333335,0.608780487804878,2557.0173805576565,2557.0173805576565,11.13201109025826,98.37639006440126,91.50390667040575,13.553902283553471,0.7773643923982241,4.866833587101434,True,0.5014419410026243
MJ-18x8E,18.0,8.0,600.0,0.018210833333333332,1.5219512195121951,2557.0173805576565,2557.0173805576565,4.452804436103303,98.37639006440126,91.50390667040575,13.55390228355347,0.7773643923982241,22.594422245470582,True,0.2005767764010497
MJ-18x8E,18.0,8.0,560.0,0.020905293367346936,1.420487804878049,2557.0173805576565,2557.0173805576565,4.770861895824968,98.37639006440126,91.50390667040575,13.553902283553471,0.7773643923982241,22.594422245470582,True,0.2149036890011247
MJ-18x8E,18.0,8.0,180.0,0.20234259259259257,0.45658536585365855,2557.0173805576565,2557.0173805576565,14.842681453677677,98.37639006440126,91.50390667040575,13.55390228355347,0.7773643923982241,2.2565850835955223,True,0.6685892546701657
MJ-18x8E,18.0,8.0,520.0,0.024245192307692308,1.3190243902439025,2557.0173805576565,2557.0173805576565,5.1378512724268885,98.37639006440126,91.50390667040575,13.553902283553471,0.7773643923982241,22.594422245470582,True,0.2314347420012112
MJ-18x8E,18.0,8.0,500.0,0.0262236,1.2682926829268293,2557.0173805576565,2557.0173805576565,5.343365323323964,98.37639006440126,91.50390667040575,13.553902283553471,0.7773643923982241,22.2849382720752,True,0.24069213168125966
MJ-18x8E,18.0,8.0,900.0,0.008093703703703702,2.282926829268293,2557.0173805576565,2557.0173805576565,2.9685362907355355,98.37639006440126,91.50390667040575,13.553902283553471,0.7773643923982241,22.594422245470582,True,0.13371785093403313
MJ-18x8E,18.0,8.0,460.0,0.030982514177693755,1.166829268292683,2557.0173805576565,2557.0173805576565,5.8080057862217,98.37639006440126,91.50390667040575,13.553902283553471,0.7773643923982241,19.124186156312835,True,0.26162188226223876
MJ-18x8E,18.0,8.0,280.0,0.08362117346938774,0.7102439024390245,2557.0173805576565,2557.0173805576565,9.541723791649936,98.37639006440126,91.50390667040575,13.553902283553471,0.7773643923982241,6.9896749862620675,True,0.4298073780022494
MJ-18x8E,18.0,8.0,300.0,0.07284333333333333,0.7609756097560976,2557.0173805576565,2557.0173805576565,8.905608872206606,98.37639006440126,91.50390667040575,13.55390228355347,0.7773643923982241,8.072439257266513,True,0.4011535528020994
MJ-18x8E,18.0,8.0,480.0,0.028454427083333338,1.217560975609756,2557.0173805576565,2557.0173805576565,5.56600554512913,98.37639006440126,91.50390667040575,13.553902283553471,0.7773643923982241,20.704562214194013,True,0.25072097050131215
MJ-18x8E,18.0,8.0,360.0,0.050585648148148143,0.9131707317073171,2557.0173805576565,2557.0173805576565,7.421340726838839,98.37639006440126,91.50390667040575,13.55390228355347,0.7773643923982241,11.814134029748818,True,0.33429462733508286
MJ-18x8E,18.0,8.0,340.0,0.05671193771626298,0.8624390243902439,2557.0173805576565,2557.0173805576565,7.85789018135877,98.37639006440126,91.50390667040575,13.553902283553468,0.7773643923982241,10.556638377050255,True,0.353959017178323
MJ-18x8E,18.0,8.0,880.0,0.008465779958677684,2.2321951219512197,2557.0173805576565,2557.0173805576565,3.036003024615889,98.37639006440128,91.50390667040575,13.553902283553471,0.777364392398224,22.594422245470582,True,0.13675689300071572
MJ-18x8E,18.0,8.0,420.0,0.03716496598639456,1.0653658536585366,2557.0173805576565,2557.0173805576565,6.361149194433291,98.37639006440128,91.50390667040575,13.553902283553471,0.777364392398224,16.025844781613078,True,0.2865382520014996
MJ-18x8E,18.0,8.0,440.0,0.033863119834710735,1.1160975609756099,2557.0173805576565,2557.0173805576565,6.072006049231778,98.37639006440128,91.50390667040575,13.553902283553471,0.777364392398224,17.54381009843166,True,0.27351378600143145
MJ-18x8E,18.0,8.0,820.0,0.00975,2.08,2557.0173805576565,2557.0173805576565,3.258149587392661,98.37639006440128,91.50390667040575,13.553902283553471,0.777364392398224,22.594422245470582,True,0.14676349492759735
MJ-18x8E,18.0,8.0,840.0,0.00929124149659864,2.1307317073170733,2557.0173805576565,2557.0173805576565,3.1805745972166455,98.37639006440128,91.50390667040575,13.553902283553471,0.777364392398224,22.594422245470582,True,0.1432691260007498
MJ-18x8E,18.0,8.0,860.0,0.008864115738236884,2.1814634146341465,2557.0173805576565,2557.0173805576565,3.1066077461185837,98.37639006440128,91.50390667040575,13.553902283553471,0.777364392398224,22.594422245470582,True,0.13993728586119747
MJ-18x8E,18.0,8.0,620.0,0.017054890738813736,1.5726829268292684,2557.0173805576565,2557.0173805576565,4.309165583325778,98.37639006440128,91.50390667040575,13.553902283553473,0.777364392398224,22.594422245470582,True,0.1941065578074675
MJ-18x8E,18.0,8.0,220.0,0.13545247933884294,0.5580487804878049,2557.0173805576565,2557.0173805576565,12.144012098463556,98.37639006440128,91.50390667040575,13.553902283553471,0.777364392398224,3.9690526131964123,True,0.5470275720028629
MJ-18x8E,18.0,8.0,380.0,0.04540096952908587,0.9639024390243903,2557.0173805576565,2557.0173805576565,7.0307438464789005,98.37639006440129,91.50390667040575,13.553902283553471,0.7773643923982239,13.153298378484628,True,0.31670017326481537
MJ-18x8E,18.0,8.0,400.0,0.040974375,1.0146341463414634,2557.0173805576565,2557.0173805576565,6.679206654154956,98.37639006440129,91.50390667040575,13.553902283553471,0.7773643923982239,14.589571580048858,True,0.3008651646015746
MJ-18x8E,18.0,8.0,200.0,0.1638975,0.5073170731707317,2557.0173805576565,2557.0173805576565,13.358413308309911,98.37639006440129,91.50390667040575,13.553902283553471,0.7773643923982239,3.0712716392913917,True,0.6017303292031492
MJ-18x8E,18.0,8.0,760.0,0.011350242382271468,1.9278048780487806,2557.0173805576565,2557.0173805576565,3.5153719232394502,98.37639006440129,91.50390667040575,13.553902283553471,0.7773643923982239,22.594422245470582,True,0.15835008663240768
MJ-18x8E,18.0,8.0,800.0,0.01024359375,2.029268292682927,2557.0173805576565,2557.0173805576565,3.339603327077478,98.37639006440129,91.50390667040575,13.553902283553471,0.7773643923982239,22.594422245470582,True,0.1504325823007873
17x8E,17.0,8.0,640.0,0.016005615234375,1.6234146341463416,3000.488451336875,3000.488451336875,4.843700281759803,99.02979941880187,75.4633372318586,15.726667841655244,0.765802754714602,28.677569665361585,True,0.2181846973765677
17x8E,17.0,8.0,320.0,0.0640224609375,0.8117073170731708,3000.488451336875,3000.488451336875,9.687400563519606,99.02979941880187,75.4633372318586,15.726667841655244,0.765802754714602,6.777206201645506,True,0.4363693947531354
17x8E,17.0,8.0,660.0,0.015050275482093664,1.6741463414634148,3000.488451336875,3000.488451336875,4.69692148534284,99.02979941880189,75.4633372318586,15.726667841655248,0.7658027547146019,30.043886368758162,True,0.21157303988030812
17x8E,17.0,8.0,240.0,0.11381770833333335,0.608780487804878,3000.488451336875,3000.488451336875,12.91653408469281,99.02979941880189,75.4633372318586,15.726667841655244,0.7658027547146019,3.3039164992696475,True,0.5818258596708473
17x8E,17.0,8.0,540.0,0.02248251028806584,1.3697560975609757,3000.488451336875,3000.488451336875,5.740681815419026,99.02979941880189,75.4633372318586,15.726667841655246,0.7658027547146019,21.006914173338235,True,0.258589270964821
17x8E,17.0,8.0,900.0,0.008093703703703702,2.282926829268293,3000.488451336875,3000.488451336875,3.444409089251416,99.02979941880189,75.4633372318586,15.726667841655248,0.7658027547146019,34.01871317645474,True,0.15515356257889262
17x8E,17.0,8.0,740.0,0.011972059897735574,1.8770731707317074,3000.488451336875,3000.488451336875,4.1891461896301,99.02979941880189,75.4633372318586,15.726667841655246,0.7658027547146019,34.01871317645474,True,0.18870027881216667
17x8E,17.0,8.0,480.0,0.028454427083333338,1.217560975609756,3000.488451336875,3000.488451336875,6.458267042346405,99.02979941880189,75.4633372318586,15.726667841655244,0.7658027547146019,16.49625827793841,True,0.29091292983542366
17x8E,17.0,8.0,700.0,0.013379387755102041,1.775609756097561,3000.488451336875,3000.488451336875,4.428525971894678,99.02979941880189,75.4633372318586,15.726667841655248,0.7658027547146019,32.69904482557339,True,0.19948315188714766
17x8E,17.0,8.0,720.0,0.012646412037037036,1.8263414634146342,3000.488451336875,3000.488451336875,4.30551136156427,99.0297994188019,75.4633372318586,15.726667841655248,0.7658027547146018,34.01871317645474,True,0.1939419532236158
17x8E,17.0,8.0,780.0,0.010775641025641026,1.9785365853658536,3000.488451336875,3000.488451336875,3.97431817990548,99.0297994188019,75.4633372318586,15.726667841655246,0.7658027547146018,34.01871317645474,True,0.1790233414371838
17x8E,17.0,8.0,280.0,0.08362117346938774,0.7102439024390245,3000.488451336875,3000.488451336875,11.071314929736694,99.0297994188019,75.4633372318586,15.726667841655248,0.7658027547146018,4.926469465857068,True,0.4987078797178691
17x8E,17.0,8.0,820.0,0.00975,2.08,3000.488451336875,3000.488451336875,3.7804490003978954,99.0297994188019,75.4633372318586,15.726667841655246,0.7658027547146018,34.01871317645474,True,0.1702904955134187
17x8E,17.0,8.0,860.0,0.008864115738236884,2.1814634146341465,3000.488451336875,3000.488451336875,3.604614163170086,99.0297994188019,75.4633372318586,15.726667841655246,0.7658027547146018,34.01871317645474,True,0.16237000735000387
17x8E,17.0,8.0,880.0,0.008465779958677684,2.2321951219512197,3000.488451336875,3000.488451336875,3.5226911140071295,99.0297994188019,75.4633372318586,15.726667841655246,0.7658027547146018,34.01871317645474,True,0.15867977991023108
17x8E,17.0,8.0,260.0,0.09698076923076923,0.6595121951219513,3000.488451336875,3000.488451336875,11.92295453971644,99.0297994188019,75.4633372318586,15.726667841655246,0.7658027547146018,4.0522204484340305,True,0.5370700243115514
17x8E,17.0,8.0,220.0,0.13545247933884294,0.5580487804878049,3000.488451336875,3000.488451336875,14.090764456028518,99.0297994188019,75.4633372318586,15.726667841655246,0.7658027547146018,2.5656709708976777,True,0.6347191196409243
17x8E,17.0,8.0,800.0,0.01024359375,2.029268292682927,3000.488451336875,3000.488451336875,3.874960225407843,99.0297994188019,75.4633372318586,15.726667841655246,0.7658027547146018,34.01871317645474,True,0.17454775790125418
17x8E,17.0,8.0,620.0,0.017054890738813736,1.5726829268292684,3000.488451336875,3000.488451336875,4.999948677945604,99.0297994188019,75.4633372318586,15.726667841655248,0.7658027547146018,27.21043866850227,True,0.22522291342097317
17x8E,17.0,8.0,180.0,0.20234259259259257,0.45658536585365855,3000.488451336875,3000.488451336875,17.22204544625708,99.0297994188019,75.4633372318586,15.726667841655248,0.7658027547146018,1.3287955975830434,False,0.7757678128944632
17x8E,17.0,8.0,200.0,0.1638975,0.5073170731707317,3000.488451336875,3000.488451336875,15.499840901631371,99.0297994188019,75.4633372318586,15.726667841655246,0.7658027547146018,1.9211892745876948,True,0.6981910316050167
17x8E,17.0,8.0,300.0,0.07284333333333333,0.7609756097560976,3000.488451336875,3000.488451336875,10.333227267754248,99.0297994188019,75.4633372318586,15.726667841655246,0.7658027547146018,5.811171800510829,True,0.46546068773667787
17x8E,17.0,8.0,360.0,0.050585648148148143,0.9131707317073171,3000.488451336875,3000.488451336875,8.61102272312854,99.0297994188019,75.4633372318586,15.726667841655248,0.7658027547146018,8.858451074743758,True,0.3878839064472316
17x8E,17.0,8.0,560.0,0.020905293367346936,1.420487804878049,3000.488451336875,3000.488451336875,5.535657464868347,99.0297994188019,75.4633372318586,15.726667841655248,0.7658027547146018,22.57530410553763,True,0.24935393985893456
17x8E,17.0,8.0,520.0,0.024245192307692308,1.3190243902439025,3000.488451336875,3000.488451336875,5.96147726985822,99.0297994188019,75.4633372318586,15.726667841655246,0.7658027547146018,19.443298325779608,True,0.2685350121557757
17x8E,17.0,8.0,500.0,0.0262236,1.2682926829268293,3000.488451336875,3000.488451336875,6.199936360652549,99.0297994188019,75.4633372318586,15.726667841655246,0.7658027547146018,17.9456871445997,True,0.2792764126420067
17x8E,17.0,8.0,460.0,0.030982514177693755,1.166829268292683,3000.488451336875,3000.488451336875,6.739061261578858,99.0297994188019,75.4633372318586,15.726667841655248,0.7658027547146018,15.068814075057006,True,0.3035613180891377
17x8E,17.0,8.0,440.0,0.033863119834710735,1.1160975609756099,3000.488451336875,3000.488451336875,7.045382228014259,99.0297994188019,75.4633372318586,15.726667841655246,0.7658027547146018,13.733407505703505,True,0.31735955982046216
17x8E,17.0,8.0,600.0,0.018210833333333332,1.5219512195121951,3000.488451336875,3000.488451336875,5.166613633877124,99.0297994188019,75.4633372318586,15.726667841655246,0.7658027547146018,25.6706609271175,True,0.23273034386833893
17x8E,17.0,8.0,400.0,0.040974375,1.0146341463414634,3000.488451336875,3000.488451336875,7.749920450815686,99.0297994188019,75.4633372318586,15.726667841655246,0.7658027547146018,11.174580243838584,True,0.34909551580250836
17x8E,17.0,8.0,340.0,0.05671193771626298,0.8624390243902439,3000.488451336875,3000.488451336875,9.117553471547867,99.02979941880191,75.4633372318586,15.726667841655246,0.7658027547146017,7.7983119437113935,True,0.41070060682648046
17x8E,17.0,8.0,380.0,0.04540096952908587,0.9639024390243903,3000.488451336875,3000.488451336875,8.157811000858617,99.02979941880191,75.4633372318586,15.726667841655248,0.7658027547146017,10.008439338748314,True,0.3674689640026404
17x8E,17.0,8.0,420.0,0.03716496598639456,1.0653658536585366,3000.488451336875,3000.488451336875,7.380876619824463,99.02979941880191,75.4633372318586,15.726667841655246,0.7658027547146017,12.428178051846482,True,0.33247191981191276
17x8E,17.0,8.0,760.0,0.011350242382271468,1.9278048780487806,3000.488451336875,3000.488451336875,4.078905500429308,99.02979941880191,75.4633372318586,15.726667841655248,0.7658027547146017,34.01871317645474,True,0.1837344820013202
17x8E,17.0,8.0,680.0,0.014177984429065746,1.7248780487804878,3000.488451336875,3000.488451336875,4.558776735773933,99.02979941880191,75.4633372318586,15.726667841655246,0.7658027547146017,31.371465597165773,True,0.20535030341324023
17x8E,17.0,8.0,840.0,0.00929124149659864,2.1307317073170733,3000.488451336875,3000.488451336875,3.6904383099122313,99.02979941880191,75.4633372318586,15.726667841655246,0.7658027547146017,34.01871317645474,True,0.16623595990595638
17x8E,17.0,8.0,580.0,0.019488406658739597,1.471219512195122,3000.488451336875,3000.488451336875,5.344772724700474,99.02979941880193,75.4633372318586,15.726667841655248,0.7658027547146016,24.130883185732728,True,0.24075552813966097
16x7E(3D),16.0,7.0,500.0,0.0262236,1.2682926829268293,3347.0301955442296,3347.0301955442296,6.874895729222377,99.80757339747491,81.69981767223963,17.438759898515297,0.7548835375396711,14.43940355465216,True,0.3096799878028098
16x7E(3D),16.0,7.0,480.0,0.028454427083333338,1.217560975609756,3347.0301955442296,3347.0301955442296,7.161349717939977,99.80757339747491,81.69981767223963,17.4387598985153,0.7548835375396711,13.19594358518044,True,0.32258332062792694
16x7E(3D),16.0,7.0,700.0,0.013379387755102041,1.775609756097561,3347.0301955442296,3347.0301955442296,4.910639806587413,99.80757339747491,81.69981767223963,17.4387598985153,0.7548835375396711,27.949212756833784,True,0.2211999912877213
16x7E(3D),16.0,7.0,240.0,0.11381770833333335,0.608780487804878,3347.0301955442296,3347.0301955442296,14.322699435879954,99.80757339747491,81.69981767223963,17.4387598985153,0.7548835375396711,2.3365650937776903,True,0.6451666412558539
16x7E(3D),16.0,7.0,780.0,0.010775641025641026,1.9785365853658536,3347.0301955442296,3347.0301955442296,4.406984441809216,99.80757339747491,81.69981767223963,17.4387598985153,0.7548835375396711,29.664871955231074,True,0.19851281269410884
16x7E(3D),16.0,7.0,180.0,0.20234259259259257,0.45658536585365855,3347.0301955442296,3347.0301955442296,19.09693258117327,99.80757339747493,81.69981767223963,17.4387598985153,0.754883537539671,0.7894767588725635,False,0.8602221883411383
16x7E(3D),16.0,7.0,840.0,0.00929124149659864,2.1307317073170733,3347.0301955442296,3347.0301955442296,4.092199838822844,99.80757339747493,81.69981767223963,17.4387598985153,0.754883537539671,29.664871955231074,True,0.1843333260731011
16x7E(3D),16.0,7.0,900.0,0.008093703703703702,2.282926829268293,3347.0301955442296,3347.0301955442296,3.8193865162346543,99.80757339747493,81.69981767223963,17.4387598985153,0.754883537539671,29.664871955231074,True,0.1720444376682277
16x7E(3D),16.0,7.0,860.0,0.008864115738236884,2.1814634146341465,3347.0301955442296,3347.0301955442296,3.997032400710685,99.80757339747493,81.69981767223963,17.4387598985153,0.754883537539671,29.664871955231074,True,0.18004650453651735
16x7E(3D),16.0,7.0,820.0,0.00975,2.08,3347.0301955442296,3347.0301955442296,4.1920095909892545,99.80757339747493,81.69981767223963,17.4387598985153,0.754883537539671,29.664871955231074,True,0.18882926085537183
16x7E(3D),16.0,7.0,720.0,0.012646412037037036,1.8263414634146342,3347.0301955442296,3347.0301955442296,4.7742331452933175,99.80757339747493,81.69981767223963,17.4387598985153,0.754883537539671,29.196274418042872,True,0.21505554708528457
16x7E(3D),16.0,7.0,660.0,0.015050275482093664,1.6741463414634148,3347.0301955442296,3347.0301955442296,5.208254340319983,99.80757339747493,81.69981767223963,17.4387598985153,0.754883537539671,25.447082180812593,True,0.234606051365765
16x7E(3D),16.0,7.0,640.0,0.016005615234375,1.6234146341463416,3347.0301955442296,3347.0301955442296,5.371012288454983,99.80757339747493,81.69981767223963,17.4387598985153,0.754883537539671,24.096082183339856,True,0.24193749047094518
16x7E(3D),16.0,7.0,600.0,0.018210833333333332,1.5219512195121951,3347.0301955442296,3347.0301955442296,5.729079774351981,99.80757339747493,81.69981767223963,17.4387598985153,0.754883537539671,21.27760887610005,True,0.2580666565023415
16x7E(3D),16.0,7.0,540.0,0.02248251028806584,1.3697560975609757,3347.0301955442296,3347.0301955442296,6.365644193724424,99.80757339747493,81.69981767223963,17.4387598985153,0.754883537539671,17.047116304552286,True,0.2867407294470461
16x7E(3D),16.0,7.0,520.0,0.024245192307692308,1.3190243902439025,3347.0301955442296,3347.0301955442296,6.6104766627138245,99.80757339747493,81.69981767223963,17.4387598985153,0.754883537539671,15.740261701706489,True,0.29776921904116327
16x7E(3D),16.0,7.0,460.0,0.030982514177693755,1.166829268292683,3347.0301955442296,3347.0301955442296,7.472712749154758,99.80757339747493,81.69981767223963,17.4387598985153,0.754883537539671,12.025158668438015,True,0.3366086823943585
16x7E(3D),16.0,7.0,560.0,0.020905293367346936,1.420487804878049,3347.0301955442296,3347.0301955442296,6.138299758234266,99.80757339747493,81.69981767223963,17.438759898515304,0.754883537539671,18.454982453359232,True,0.2764999891096516
16x7E(3D),16.0,7.0,360.0,0.050585648148148143,0.9131707317073171,3347.0301955442296,3347.0301955442296,9.548466290586635,99.80757339747493,81.69981767223963,17.4387598985153,0.754883537539671,6.854896547117539,True,0.43011109417056914
16x7E(3D),16.0,7.0,260.0,0.09698076923076923,0.6595121951219513,3347.0301955442296,3347.0301955442296,13.220953325427649,99.80757339747493,81.69981767223963,17.4387598985153,0.754883537539671,2.9517348599708026,True,0.5955384380823265
16x7E(3D),16.0,7.0,320.0,0.0640224609375,0.8117073170731708,3347.0301955442296,3347.0301955442296,10.742024576909966,99.80757339747493,81.69981767223963,17.4387598985153,0.754883537539671,5.147978925140475,True,0.48387498094189035
16x7E(3D),16.0,7.0,300.0,0.07284333333333333,0.7609756097560976,3347.0301955442296,3347.0301955442296,11.458159548703962,99.80757339747493,81.69981767223963,17.4387598985153,0.754883537539671,4.34936605058022,True,0.516133313004683
16x7E(3D),16.0,7.0,420.0,0.03716496598639456,1.0653658536585366,3347.0301955442296,3347.0301955442296,8.184399677645688,99.80757339747493,81.69981767223963,17.4387598985153,0.754883537539671,9.80434699417414,True,0.3686666521462022
16x7E(3D),16.0,7.0,280.0,0.08362117346938774,0.7102439024390245,3347.0301955442296,3347.0301955442296,12.276599516468533,99.80757339747493,81.69981767223963,17.438759898515304,0.754883537539671,3.6406084196121853,True,0.5529999782193032
16x7E(3D),16.0,7.0,440.0,0.033863119834710735,1.1160975609756099,3347.0301955442296,3347.0301955442296,7.812381510479975,99.80757339747494,81.69981767223963,17.4387598985153,0.7548835375396709,10.868740520299253,True,0.35190907704864755
16x7E(3D),16.0,7.0,200.0,0.1638975,0.5073170731707317,3347.0301955442296,3347.0301955442296,17.187239323055945,99.80757339747494,81.69981767223963,17.4387598985153,0.7548835375396709,1.2407093780119531,False,0.7741999695070245
16x7E(3D),16.0,7.0,880.0,0.008465779958677684,2.2321951219512197,3347.0301955442296,3347.0301955442296,3.9061907552399875,99.80757339747494,81.69981767223963,17.4387598985153,0.7548835375396709,29.664871955231074,True,0.17595453852432377
16x7E(3D),16.0,7.0,220.0,0.13545247933884294,0.5580487804878049,3347.0301955442296,3347.0301955442296,15.62476302095995,99.80757339747494,81.69981767223963,17.4387598985153,0.7548835375396709,1.7638254780070337,True,0.7038181540972951
16x7E(3D),16.0,7.0,800.0,0.01024359375,2.029268292682927,3347.0301955442296,3347.0301955442296,4.296809830763986,99.80757339747494,81.69981767223963,17.4387598985153,0.7548835375396709,29.664871955231074,True,0.19354999237675613
16x7E(3D),16.0,7.0,760.0,0.011350242382271468,1.9278048780487806,3347.0301955442296,3347.0301955442296,4.52295771659367,99.80757339747494,81.69981767223963,17.4387598985153,0.7548835375396709,29.664871955231074,True,0.20373683408079593
16x7E(3D),16.0,7.0,680.0,0.014177984429065746,1.7248780487804878,3347.0301955442296,3347.0301955442296,5.055070389134102,99.80757339747494,81.69981767223963,17.4387598985153,0.7548835375396709,26.702151095624707,True,0.227705873384419
16x7E(3D),16.0,7.0,620.0,0.017054890738813736,1.5726829268292684,3347.0301955442296,3347.0301955442296,5.5442707493728856,99.80757339747494,81.69981767223963,17.4387598985153,0.7548835375396709,22.686955258473013,True,0.24974192564742728
16x7E(3D),16.0,7.0,340.0,0.05671193771626298,0.8624390243902439,3347.0301955442296,3347.0301955442296,10.110140778268203,99.80757339747494,81.69981767223963,17.4387598985153,0.7548835375396709,5.962764967146883,True,0.455411746768838
16x7E(3D),16.0,7.0,580.0,0.019488406658739597,1.471219512195122,3347.0301955442296,3347.0301955442296,5.926634249329636,99.80757339747494,81.69981767223963,17.4387598985153,0.7548835375396709,19.866877906469092,True,0.26696550672656016
16x7E(3D),16.0,7.0,380.0,0.04540096952908587,0.9639024390243903,3347.0301955442296,3347.0301955442296,9.04591543318734,99.80757339747494,81.69981767223963,17.4387598985153,0.7548835375396709,7.7803967750082625,True,0.40747366816159186
16x7E(3D),16.0,7.0,400.0,0.040974375,1.0146341463414634,3347.0301955442296,3347.0301955442296,8.593619661527972,99.80757339747494,81.69981767223963,17.4387598985153,0.7548835375396709,8.757665405224463,True,0.38709998475351226
16x7E(3D),16.0,7.0,740.0,0.011972059897735574,1.8770731707317074,3347.0301955442296,3347.0301955442296,4.645199817042148,99.80757339747494,81.69981767223963,17.438759898515304,0.7548835375396709,29.664871955231074,True,0.20924323500189854
22x10E,22.0,10.0,540.0,0.02248251028806584,1.3697560975609757,2162.784869660091,2162.784869660091,4.255838216666606,99.9006251426191,91.33289752780829,11.658920695024225,0.7842113679099639,35.79879353919401,True,0.19170442417417147
22x10E,22.0,10.0,500.0,0.0262236,1.2682926829268293,2162.784869660091,2162.784869660091,4.596305273999935,99.9006251426191,91.33289752780829,11.658920695024225,0.7842113679099639,31.529079225690865,True,0.20704077810810517
22x10E,22.0,10.0,480.0,0.028454427083333338,1.217560975609756,2162.784869660091,2162.784869660091,4.7878179937499326,99.9006251426191,91.33289752780829,11.658920695024225,0.7842113679099639,29.35972667082431,True,0.21566747719594292
22x10E,22.0,10.0,700.0,0.013379387755102041,1.775609756097561,2162.784869660091,2162.784869660091,3.2830751957142392,99.9006251426191,91.33289752780829,11.658920695024225,0.7842113679099639,50.06857478659469,True,0.147886270077218
22x10E,22.0,10.0,240.0,0.11381770833333335,0.608780487804878,2162.784869660091,2162.784869660091,9.575635987499865,99.9006251426191,91.33289752780829,11.658920695024225,0.7842113679099639,7.55926149821595,True,0.43133495439188585
22x10E,22.0,10.0,260.0,0.09698076923076923,0.6595121951219513,2162.784869660091,2162.784869660091,8.83904860384603,99.90062514261912,91.33289752780829,11.658920695024227,0.7842113679099638,9.007894207172528,True,0.39815534251558693
22x10E,22.0,10.0,720.0,0.012646412037037036,1.8263414634146342,2162.784869660091,2162.784869660091,3.191878662499955,99.90062514261912,91.33289752780829,11.658920695024225,0.7842113679099638,51.51114332902016,True,0.1437783181306286
22x10E,22.0,10.0,520.0,0.024245192307692308,1.3190243902439025,2162.784869660091,2162.784869660091,4.419524301923015,99.90062514261912,91.33289752780829,11.658920695024227,0.7842113679099638,33.698431780557414,True,0.19907767125779346
22x10E,22.0,10.0,180.0,0.20234259259259257,0.45658536585365855,2162.784869660091,2162.784869660091,12.76751464999982,99.90062514261912,91.33289752780829,11.658920695024225,0.7842113679099638,3.7831750238275776,True,0.5751132725225144
22x10E,22.0,10.0,460.0,0.030982514177693755,1.166829268292683,2162.784869660091,2162.784869660091,4.99598399347819,99.90062514261912,91.33289752780829,11.658920695024227,0.7842113679099638,27.19037411595776,True,0.2250443240305491
22x10E,22.0,10.0,740.0,0.011972059897735574,1.8770731707317074,2162.784869660091,2162.784869660091,3.105611671621578,99.90062514261912,91.33289752780829,11.658920695024227,0.7842113679099638,52.953711871445606,True,0.13989241764061164
22x10E,22.0,10.0,560.0,0.020905293367346936,1.420487804878049,2162.784869660091,2162.784869660091,4.1038439946428,99.90062514261912,91.33289752780829,11.658920695024229,0.7842113679099638,37.80781547047236,True,0.18485783759652252
22x10E,22.0,10.0,420.0,0.03716496598639456,1.0653658536585366,2162.784869660091,2162.784869660091,5.4717919928570655,99.90062514261912,91.33289752780829,11.658920695024227,0.7842113679099638,23.126666071550417,True,0.24647711679536333
22x10E,22.0,10.0,640.0,0.016005615234375,1.6234146341463416,2162.784869660091,2162.784869660091,3.5908634953124494,99.90062514261912,91.33289752780829,11.658920695024227,0.7842113679099638,45.61178647145645,True,0.1617506078969572
22x10E,22.0,10.0,360.0,0.050585648148148143,0.9131707317073171,2162.784869660091,2162.784869660091,6.38375732499991,99.90062514261912,91.33289752780829,11.658920695024225,0.7842113679099638,17.336132538134265,True,0.2875566362612572
22x10E,22.0,10.0,840.0,0.00929124149659864,2.1307317073170733,2162.784869660091,2162.784869660091,2.7358959964285328,99.90062514261912,91.33289752780829,11.658920695024227,0.7842113679099638,57.10669965137351,True,0.12323855839768166
22x10E,22.0,10.0,320.0,0.0640224609375,0.8117073170731708,2162.784869660091,2162.784869660091,7.181726990624899,99.90062514261912,91.33289752780829,11.658920695024227,0.7842113679099638,13.771893851117108,True,0.3235012157939144
22x10E,22.0,10.0,660.0,0.015050275482093664,1.6741463414634148,2162.784869660091,2162.784869660091,3.482049449999951,99.90062514261912,91.33289752780829,11.658920695024227,0.7842113679099638,47.17692675999206,True,0.15684907432432213
22x10E,22.0,10.0,280.0,0.08362117346938774,0.7102439024390245,2162.784869660091,2162.784869660091,8.2076879892856,99.90062514261912,91.33289752780829,11.658920695024229,0.7842113679099638,10.559488880000773,True,0.36971567519304505
22x10E,22.0,10.0,620.0,0.017054890738813736,1.5726829268292684,2162.784869660091,2162.784869660091,3.706697801612851,99.90062514261912,91.33289752780829,11.658920695024227,0.7842113679099638,43.81704308316586,True,0.16696836944202031
22x10E,22.0,10.0,580.0,0.019488406658739597,1.471219512195122,2162.784869660091,2162.784869660091,3.962332132758565,99.90062514261912,91.33289752780829,11.658920695024227,0.7842113679099638,39.81089134137018,True,0.17848342940353898
22x10E,22.0,10.0,900.0,0.008093703703703702,2.282926829268293,2162.784869660091,2162.784869660091,2.553502929999964,99.90062514261913,91.33289752780829,11.658920695024227,0.7842113679099637,57.10669965137351,True,0.11502265450450289
22x10E,22.0,10.0,800.0,0.01024359375,2.029268292682927,2162.784869660091,2162.784869660091,2.8726907962499593,99.90062514261913,91.33289752780829,11.658920695024225,0.7842113679099637,57.10669965137351,True,0.12940048631756573
22x10E,22.0,10.0,820.0,0.00975,2.08,2162.784869660091,2162.784869660091,2.8026251670731313,99.90062514261913,91.33289752780829,11.658920695024227,0.7842113679099637,57.10669965137351,True,0.12624437689518608
22x10E,22.0,10.0,860.0,0.008864115738236884,2.1814634146341465,2162.784869660091,2162.784869660091,2.6722705081394973,99.90062514261913,91.33289752780829,11.658920695024227,0.7842113679099637,57.10669965137351,True,0.12037254541168907
22x10E,22.0,10.0,760.0,0.011350242382271468,1.9278048780487806,2162.784869660091,2162.784869660091,3.0238850486841677,99.90062514261913,91.33289752780829,11.658920695024227,0.7842113679099637,54.39628041387107,True,0.13621103822901656
22x10E,22.0,10.0,200.0,0.1638975,0.5073170731707317,2162.784869660091,2162.784869660091,11.490763184999837,99.90062514261913,91.33289752780829,11.658920695024225,0.7842113679099637,4.955920160754946,True,0.5176019452702629
22x10E,22.0,10.0,300.0,0.07284333333333333,0.7609756097560976,2162.784869660091,2162.784869660091,7.660508789999892,99.90062514261913,91.33289752780829,11.658920695024227,0.7842113679099637,12.111083552829008,True,0.34506796351350866
22x10E,22.0,10.0,600.0,0.018210833333333332,1.5219512195121951,2162.784869660091,2162.784869660091,3.830254394999946,99.90062514261913,91.33289752780829,11.658920695024227,0.7842113679099637,41.81396721226802,True,0.17253398175675433
22x10E,22.0,10.0,680.0,0.014177984429065746,1.7248780487804878,2162.784869660091,2162.784869660091,3.3796362308823054,99.90062514261913,91.33289752780829,11.658920695024227,0.7842113679099637,48.626006244169226,True,0.1522358662559597
22x10E,22.0,10.0,400.0,0.040974375,1.0146341463414634,2162.784869660091,2162.784869660091,5.7453815924999185,99.90062514261913,91.33289752780829,11.658920695024225,0.7842113679099637,21.132084957544723,True,0.25880097263513147
22x10E,22.0,10.0,380.0,0.04540096952908587,0.9639024390243903,2162.784869660091,2162.784869660091,6.0477700973683355,99.90062514261913,91.33289752780829,11.658920695024227,0.7842113679099637,19.158743845566008,True,0.2724220764580331
22x10E,22.0,10.0,340.0,0.05671193771626298,0.8624390243902439,2162.784869660091,2162.784869660091,6.759272461764611,99.90062514261913,91.33289752780829,11.658920695024227,0.7842113679099637,15.55401319462568,True,0.3044717325119194
22x10E,22.0,10.0,880.0,0.008465779958677684,2.2321951219512197,2162.784869660091,2162.784869660091,2.6115370874999635,99.90062514261915,91.33289752780829,11.658920695024229,0.7842113679099636,57.10669965137351,True,0.1176368057432416
22x10E,22.0,10.0,220.0,0.13545247933884294,0.5580487804878049,2162.784869660091,2162.784869660091,10.446148349999854,99.90062514261915,91.33289752780829,11.658920695024229,0.7842113679099636,6.254339510636297,True,0.4705472229729664
22x10E,22.0,10.0,780.0,0.010775641025641026,1.9785365853658536,2162.784869660091,2162.784869660091,2.946349534615343,99.90062514261915,91.33289752780829,11.658920695024227,0.7842113679099636,55.8388489562965,True,0.13271844750519565
22x10E,22.0,10.0,440.0,0.033863119834710735,1.1160975609756099,2162.784869660091,2162.784869660091,5.223074174999927,99.90062514261915,91.33289752780829,11.658920695024229,0.7842113679099636,25.123695860839813,True,0.2352736114864832
26x13E,26.0,13.0,240.0,0.11381770833333335,0.608780487804878,1686.2787564806215,1686.2787564806215,7.734159706417687,101.28423578904487,78.85709823271554,9.416811037667584,0.7785722784832908,11.124188492834472,True,0.3483855723611571
26x13E,26.0,13.0,480.0,0.028454427083333338,1.217560975609756,1686.2787564806215,1686.2787564806215,3.8670798532088435,101.28423578904487,78.85709823271554,9.416811037667584,0.7785722784832908,36.17833615641362,True,0.17419278618057854
26x13E,26.0,13.0,200.0,0.1638975,0.5073170731707317,1686.2787564806215,1686.2787564806215,9.280991647701224,101.28423578904489,78.85709823271554,9.416811037667584,0.7785722784832907,7.893795089543728,True,0.4180626868333885
26x13E,26.0,13.0,260.0,0.09698076923076923,0.6595121951219513,1686.2787564806215,1686.2787564806215,7.139224344385557,101.28423578904489,78.85709823271554,9.416811037667584,0.7785722784832907,12.966115695528593,True,0.3215866821795296
26x13E,26.0,13.0,400.0,0.040974375,1.0146341463414634,1686.2787564806215,1686.2787564806215,4.640495823850612,101.28423578904489,78.85709823271554,9.416811037667584,0.7785722784832907,27.120025611050316,True,0.20903134341669424
26x13E,26.0,13.0,500.0,0.0262236,1.2682926829268293,1686.2787564806215,1686.2787564806215,3.7123966590804898,101.28423578904489,78.85709823271554,9.416811037667584,0.7785722784832907,38.51280834562997,True,0.1672250747333554
26x13E,26.0,13.0,520.0,0.024245192307692308,1.3190243902439025,1686.2787564806215,1686.2787564806215,3.5696121721927785,101.28423578904489,78.85709823271554,9.416811037667584,0.7785722784832907,40.84728053484629,True,0.1607933410897648
26x13E,26.0,13.0,800.0,0.01024359375,2.029268292682927,1686.2787564806215,1686.2787564806215,2.320247911925306,101.28423578904489,78.85709823271554,9.416811037667584,0.7785722784832907,68.88199938609532,True,0.10451567170834712
26x13E,26.0,13.0,540.0,0.02248251028806584,1.3697560975609757,1686.2787564806215,1686.2787564806215,3.4374043139634165,101.28423578904489,78.85709823271554,9.416811037667586,0.7785722784832907,43.17990671197486,True,0.15483803216051426
26x13E,26.0,13.0,280.0,0.08362117346938774,0.7102439024390245,1686.2787564806215,1686.2787564806215,6.629279748358018,101.2842357890449,78.85709823271554,9.416811037667586,0.7785722784832906,14.864027924141919,True,0.2986162048809918
26x13E,26.0,13.0,420.0,0.03716496598639456,1.0653658536585366,1686.2787564806215,1686.2787564806215,4.419519832238678,101.2842357890449,78.85709823271554,9.416811037667584,0.7785722784832906,29.261667071716975,True,0.1990774699206612
26x13E,26.0,13.0,440.0,0.033863119834710735,1.1160975609756099,1686.2787564806215,1686.2787564806215,4.21863256713692,101.2842357890449,78.85709823271554,9.416811037667584,0.7785722784832906,31.513449612583006,True,0.19002849401517657
26x13E,26.0,13.0,840.0,0.00929124149659864,2.1307317073170733,1686.2787564806215,1686.2787564806215,2.209759916119339,101.2842357890449,78.85709823271554,9.416811037667584,0.7785722784832906,72.00532731841055,True,0.0995387349603306
26x13E,26.0,13.0,880.0,0.008465779958677684,2.2321951219512197,1686.2787564806215,1686.2787564806215,2.10931628356846,101.2842357890449,78.85709823271554,9.416811037667584,0.7785722784832906,75.12865525072583,True,0.09501424700758829
26x13E,26.0,13.0,320.0,0.0640224609375,0.8117073170731708,1686.2787564806215,1686.2787564806215,5.800619779813266,101.2842357890449,78.85709823271554,9.416811037667586,0.7785722784832906,18.659852381368566,True,0.2612891792708678
26x13E,26.0,13.0,560.0,0.020905293367346936,1.420487804878049,1686.2787564806215,1686.2787564806215,3.314639874179009,101.2842357890449,78.85709823271554,9.416811037667586,0.7785722784832906,45.47565299524639,True,0.1493081024404959
26x13E,26.0,13.0,580.0,0.019488406658739597,1.471219512195122,1686.2787564806215,1686.2787564806215,3.200341947483181,101.2842357890449,78.85709823271554,9.416811037667584,0.7785722784832906,47.76241431444668,True,0.1441595471839271
26x13E,26.0,13.0,700.0,0.013379387755102041,1.775609756097561,1686.2787564806215,1686.2787564806215,2.651711899343207,101.2842357890449,78.85709823271554,9.416811037667584,0.7785722784832906,61.0013749086621,True,0.11944648195239672
26x13E,26.0,13.0,220.0,0.13545247933884294,0.5580487804878049,1686.2787564806215,1686.2787564806215,8.43726513427384,101.2842357890449,78.85709823271554,9.416811037667584,0.7785722784832906,9.484742476324728,True,0.38005698803035315
26x13E,26.0,13.0,640.0,0.016005615234375,1.6234146341463416,1686.2787564806215,1686.2787564806215,2.900309889906633,101.2842357890449,78.85709823271554,9.416811037667586,0.7785722784832906,54.61894705424934,True,0.1306445896354339
26x13E,26.0,13.0,660.0,0.015050275482093664,1.6741463414634148,1686.2787564806215,1686.2787564806215,2.8124217114246135,101.2842357890449,78.85709823271554,9.416811037667586,0.7785722784832906,56.90445796751687,True,0.12668566267678438
26x13E,26.0,13.0,740.0,0.011972059897735574,1.8770731707317074,1686.2787564806215,1686.2787564806215,2.5083761210003312,101.28423578904491,78.85709823271554,9.416811037667586,0.7785722784832905,64.19700748762244,True,0.11298991536037528
26x13E,26.0,13.0,600.0,0.018210833333333332,1.5219512195121951,1686.2787564806215,1686.2787564806215,3.0936638825670753,101.28423578904491,78.85709823271554,9.416811037667586,0.7785722784832905,50.047925227714224,True,0.13935422894446287
26x13E,26.0,13.0,780.0,0.010775641025641026,1.9785365853658536,1686.2787564806215,1686.2787564806215,2.3797414481285193,101.28423578904491,78.85709823271554,9.416811037667584,0.7785722784832905,67.32033541993768,True,0.10719556072650988
26x13E,26.0,13.0,300.0,0.07284333333333333,0.7609756097560976,1686.2787564806215,1686.2787564806215,6.1873277651341505,101.28423578904491,78.85709823271554,9.416811037667586,0.7785722784832905,16.761940152755248,True,0.27870845788892573
26x13E,26.0,13.0,900.0,0.008093703703703702,2.282926829268293,1686.2787564806215,1686.2787564806215,2.06244258837805,101.28423578904491,78.85709823271554,9.416811037667586,0.7785722784832905,76.69031921688345,True,0.09290281929630857
26x13E,26.0,13.0,620.0,0.017054890738813736,1.5726829268292684,1686.2787564806215,1686.2787564806215,2.993868273452008,101.28423578904491,78.85709823271554,9.416811037667586,0.7785722784832905,52.33343614098179,True,0.13485893123657694
26x13E,26.0,13.0,860.0,0.008864115738236884,2.1814634146341465,1686.2787564806215,1686.2787564806215,2.158370150628192,101.28423578904493,78.85709823271554,9.416811037667586,0.7785722784832904,73.56699128456818,True,0.09722388065892756
26x13E,26.0,13.0,180.0,0.20234259259259257,0.45658536585365855,1686.2787564806215,1686.2787564806215,10.312212941890252,101.28423578904493,78.85709823271554,9.416811037667586,0.7785722784832904,6.302847702762732,True,0.4645140964815429
26x13E,26.0,13.0,680.0,0.014177984429065746,1.7248780487804878,1686.2787564806215,1686.2787564806215,2.729703425794478,101.28423578904493,78.85709823271554,9.416811037667586,0.7785722784832904,59.18996888078441,True,0.12295961377452605
26x13E,26.0,13.0,760.0,0.011350242382271468,1.9278048780487806,1686.2787564806215,1686.2787564806215,2.44236622307927,101.28423578904493,78.85709823271554,9.416811037667586,0.7785722784832904,65.75867145378007,True,0.11001649653510226
26x13E,26.0,13.0,720.0,0.012646412037037036,1.8263414634146342,1686.2787564806215,1686.2787564806215,2.578053235472563,101.28423578904493,78.85709823271554,9.416811037667586,0.7785722784832904,62.6184766094285,True,0.11612852412038573
26x13E,26.0,13.0,340.0,0.05671193771626298,0.8624390243902439,1686.2787564806215,1686.2787564806215,5.459406851588956,101.28423578904493,78.85709823271554,9.416811037667586,0.7785722784832904,20.69510122905034,True,0.2459192275490521
26x13E,26.0,13.0,460.0,0.030982514177693755,1.166829268292683,1686.2787564806215,1686.2787564806215,4.035213759870098,101.28423578904493,78.85709823271554,9.416811037667586,0.7785722784832904,33.84386396719729,True,0.18176638557973415
26x13E,26.0,13.0,820.0,0.00975,2.08,1686.2787564806215,1686.2787564806215,2.2636564994393233,101.28423578904493,78.85709823271554,9.416811037667586,0.7785722784832904,70.44366335225294,True,0.10196650898375331
26x13E,26.0,13.0,360.0,0.050585648148148143,0.9131707317073171,1686.2787564806215,1686.2787564806215,5.156106470945126,101.28423578904493,78.85709823271554,9.416811037667586,0.7785722784832904,22.836742689717003,True,0.23225704824077145
26x13E,26.0,13.0,380.0,0.04540096952908587,0.9639024390243903,1686.2787564806215,1686.2787564806215,4.88473244615854,101.28423578904493,78.85709823271554,9.416811037667586,0.7785722784832904,24.978384150383654,True,0.22003299307020452
19x8E,19.0,8.0,260.0,0.09698076923076923,0.6595121951219513,2791.081357389573,2791.081357389573,11.158950636280107,102.71476083045764,79.71154319590991,14.718928058781175,0.7760475958025432,5.51558338962431,True,0.5026554340666715
19x8E,19.0,8.0,780.0,0.010775641025641026,1.9785365853658536,2791.081357389573,2791.081357389573,3.719650212093369,102.71476083045764,79.71154319590991,14.718928058781175,0.7760475958025432,35.16759470302324,True,0.1675518113555572
19x8E,19.0,8.0,760.0,0.011350242382271468,1.9278048780487806,2791.081357389573,2791.081357389573,3.817535743990563,102.71476083045764,79.71154319590991,14.718928058781175,0.7760475958025432,35.16759470302324,True,0.17196106954912446
19x8E,19.0,8.0,740.0,0.011972059897735574,1.8770731707317074,2791.081357389573,2791.081357389573,3.920712385720038,102.71476083045764,79.71154319590991,14.718928058781177,0.7760475958025432,35.16759470302324,True,0.17660866602342515
19x8E,19.0,8.0,720.0,0.012646412037037036,1.8263414634146342,2791.081357389573,2791.081357389573,4.02962106310115,102.71476083045764,79.71154319590991,14.718928058781175,0.7760475958025432,35.16759470302324,True,0.18151446230185359
19x8E,19.0,8.0,700.0,0.013379387755102041,1.775609756097561,2791.081357389573,2791.081357389573,4.144753093475469,102.71476083045764,79.71154319590991,14.718928058781177,0.7760475958025432,35.16759470302324,True,0.1867005897961923
19x8E,19.0,8.0,660.0,0.015050275482093664,1.6741463414634148,2791.081357389573,2791.081357389573,4.3959502506558,102.71476083045764,79.71154319590991,14.718928058781177,0.7760475958025432,35.16759470302324,True,0.1980157770565676
19x8E,19.0,8.0,640.0,0.016005615234375,1.6234146341463416,2791.081357389573,2791.081357389573,4.533323695988794,102.71476083045764,79.71154319590991,14.718928058781177,0.7760475958025432,35.16759470302324,True,0.20420377008958532
19x8E,19.0,8.0,620.0,0.017054890738813736,1.5726829268292684,2791.081357389573,2791.081357389573,4.679559944246496,102.71476083045764,79.71154319590991,14.718928058781175,0.7760475958025432,33.54114354173109,True,0.21079098847957192
19x8E,19.0,8.0,600.0,0.018210833333333332,1.5219512195121951,2791.081357389573,2791.081357389573,4.83554527572138,102.71476083045764,79.71154319590991,14.718928058781175,0.7760475958025432,31.845793814079187,True,0.21781735476222433
19x8E,19.0,8.0,580.0,0.019488406658739597,1.471219512195122,2791.081357389573,2791.081357389573,5.002288216263496,102.71476083045764,79.71154319590991,14.718928058781174,0.7760475958025432,30.150444086427267,True,0.22532829802988721
19x8E,19.0,8.0,280.0,0.08362117346938774,0.7102439024390245,2791.081357389573,2791.081357389573,10.36188273368867,102.71476083045764,79.71154319590991,14.718928058781175,0.7760475958025432,6.603147574110721,True,0.46675147449048066
19x8E,19.0,8.0,540.0,0.02248251028806584,1.3697560975609757,2791.081357389573,2791.081357389573,5.372828084134866,102.71476083045764,79.71154319590991,14.718928058781177,0.7760475958025432,26.632088396072557,True,0.24201928306913814
19x8E,19.0,8.0,560.0,0.020905293367346936,1.420487804878049,2791.081357389573,2791.081357389573,5.180941366844335,102.71476083045764,79.71154319590991,14.718928058781175,0.7760475958025432,28.442220007729926,True,0.23337573724524033
19x8E,19.0,8.0,500.0,0.0262236,1.2682926829268293,2791.081357389573,2791.081357389573,5.802654330865656,102.71476083045764,79.71154319590991,14.718928058781177,0.7760475958025432,22.948471401474833,True,0.2613808257146692
19x8E,19.0,8.0,300.0,0.07284333333333333,0.7609756097560976,2791.081357389573,2791.081357389573,9.67109055144276,102.71476083045764,79.71154319590991,14.718928058781175,0.7760475958025432,7.781817630356172,True,0.43563470952444866
19x8E,19.0,8.0,180.0,0.20234259259259257,0.45658536585365855,2791.081357389573,2791.081357389573,16.1184842524046,102.71476083045764,79.71154319590991,14.718928058781175,0.7760475958025432,1.9224981759111457,True,0.7260578492074143
19x8E,19.0,8.0,320.0,0.0640224609375,0.8117073170731708,2791.081357389573,2791.081357389573,9.066647391977588,102.71476083045764,79.71154319590991,14.718928058781177,0.7760475958025432,8.980279942473077,True,0.40840754017917064
19x8E,19.0,8.0,520.0,0.024245192307692308,1.3190243902439025,2791.081357389573,2791.081357389573,5.579475318140053,102.71476083045764,79.71154319590991,14.718928058781175,0.7760475958025432,24.789588260592215,True,0.25132771703333573
19x8E,19.0,8.0,360.0,0.050585648148148143,0.9131707317073171,2791.081357389573,2791.081357389573,8.0592421262023,102.71476083045764,79.71154319590991,14.718928058781175,0.7760475958025432,11.662120333278716,True,0.36302892460370717
19x8E,19.0,8.0,240.0,0.11381770833333335,0.608780487804878,2791.081357389573,2791.081357389573,12.088863189303451,102.71476083045764,79.71154319590991,14.718928058781177,0.7760475958025432,4.521674903504213,True,0.5445433869055609
19x8E,19.0,8.0,480.0,0.028454427083333338,1.217560975609756,2791.081357389573,2791.081357389573,6.0444315946517255,102.71476083045764,79.71154319590991,14.718928058781177,0.7760475958025432,21.18004880836261,True,0.27227169345278046
19x8E,19.0,8.0,380.0,0.04540096952908587,0.9639024390243903,2791.081357389573,2791.081357389573,7.635071487981126,102.71476083045764,79.71154319590991,14.718928058781175,0.7760475958025432,13.057507567187878,True,0.3439221390982489
19x8E,19.0,8.0,680.0,0.014177984429065746,1.7248780487804878,2791.081357389573,2791.081357389573,4.266657596224747,102.71476083045765,79.71154319590991,14.718928058781177,0.7760475958025431,35.16759470302324,True,0.19219178361372735
19x8E,19.0,8.0,420.0,0.03716496598639456,1.0653658536585366,2791.081357389573,2791.081357389573,6.907921822459114,102.71476083045765,79.71154319590991,14.718928058781177,0.7760475958025431,16.13660904335093,True,0.31116764966032046
19x8E,19.0,8.0,440.0,0.033863119834710735,1.1160975609756099,2791.081357389573,2791.081357389573,6.5939253759837,102.71476083045765,79.71154319590991,14.718928058781177,0.7760475958025431,17.748733168189403,True,0.2970236655848513
19x8E,19.0,8.0,460.0,0.030982514177693755,1.166829268292683,2791.081357389573,2791.081357389573,6.307232968332235,102.71476083045765,79.71154319590991,14.718928058781177,0.7760475958025431,19.46125578616746,True,0.2841095931681187
19x8E,19.0,8.0,220.0,0.13545247933884294,0.5580487804878049,2791.081357389573,2791.081357389573,13.1878507519674,102.71476083045765,79.71154319590991,14.718928058781177,0.7760475958025431,3.5365993670835816,True,0.5940473311697027
19x8E,19.0,8.0,820.0,0.00975,2.08,2791.081357389573,2791.081357389573,3.5382038602839367,102.71476083045765,79.71154319590991,14.718928058781177,0.7760475958025431,35.16759470302324,True,0.1593785522650422
19x8E,19.0,8.0,840.0,0.00929124149659864,2.1307317073170733,2791.081357389573,2791.081357389573,3.453960911229557,102.71476083045765,79.71154319590991,14.718928058781177,0.7760475958025431,35.16759470302324,True,0.15558382483016023
19x8E,19.0,8.0,340.0,0.05671193771626298,0.8624390243902439,2791.081357389573,2791.081357389573,8.533315192449495,102.71476083045765,79.71154319590991,14.718928058781177,0.7760475958025431,10.302874363464019,True,0.3843835672274547
19x8E,19.0,8.0,900.0,0.008093703703703702,2.282926829268293,2791.081357389573,2791.081357389573,3.2236968504809203,102.71476083045765,79.71154319590991,14.718928058781179,0.7760475958025431,35.16759470302324,True,0.1452115698414829
19x8E,19.0,8.0,880.0,0.008465779958677684,2.2321951219512197,2791.081357389573,2791.081357389573,3.29696268799185,102.71476083045765,79.71154319590991,14.718928058781177,0.7760475958025431,35.16759470302324,True,0.14851183279242566
19x8E,19.0,8.0,800.0,0.01024359375,2.029268292682927,2791.081357389573,2791.081357389573,3.6266589567910352,102.71476083045766,79.71154319590991,14.718928058781177,0.776047595802543,35.16759470302324,True,0.16336301607166825
19x8E,19.0,8.0,400.0,0.040974375,1.0146341463414634,2791.081357389573,2791.081357389573,7.2533179135820705,102.71476083045766,79.71154319590991,14.718928058781177,0.776047595802543,14.597058305269407,True,0.3267260321433365
19x8E,19.0,8.0,860.0,0.008864115738236884,2.1814634146341465,2791.081357389573,2791.081357389573,3.3736362388753816,102.71476083045766,79.71154319590991,14.718928058781177,0.776047595802543,35.16759470302324,True,0.15196559634573792
19x8E,19.0,8.0,200.0,0.1638975,0.5073170731707317,2791.081357389573,2791.081357389573,14.506635827164141,102.71476083045766,79.71154319590991,14.718928058781177,0.776047595802543,2.7240473136694323,True,0.653452064286673
17x7E,17.0,7.0,540.0,0.02248251028806584,1.3697560975609757,3238.411178732351,3238.411178732351,6.178033201118155,104.69634564135691,86.46180303565039,16.924797296331494,0.7652506961790391,19.47162123173483,True,0.27828978383415115
17x7E,17.0,7.0,780.0,0.010775641025641026,1.9785365853658536,3238.411178732351,3238.411178732351,4.277099908466415,104.69634564135691,86.46180303565039,16.92479729633149,0.7652506961790391,30.414259081124715,True,0.1926621580390277
17x7E,17.0,7.0,660.0,0.015050275482093664,1.6741463414634148,3238.411178732351,3238.411178732351,5.054754437278491,104.69634564135691,86.46180303565039,16.924797296331494,0.7652506961790391,28.283550268331947,True,0.22769164131885095
17x7E,17.0,7.0,740.0,0.011972059897735574,1.8770731707317074,3238.411178732351,3238.411178732351,4.508294498113249,104.69634564135693,86.46180303565039,16.924797296331494,0.765250696179039,30.414259081124715,True,0.20307632874384005
17x7E,17.0,7.0,700.0,0.013379387755102041,1.775609756097561,3238.411178732351,3238.411178732351,4.765911326576863,104.69634564135693,86.46180303565039,16.924797296331494,0.765250696179039,30.414259081124715,True,0.2146806903863452
17x7E,17.0,7.0,860.0,0.008864115738236884,2.1814634146341465,3238.411178732351,3238.411178732351,3.879230149539307,104.69634564135693,86.46180303565039,16.924797296331494,0.765250696179039,30.414259081124715,True,0.1747400968260949
17x7E,17.0,7.0,640.0,0.016005615234375,1.6234146341463416,3238.411178732351,3238.411178732351,5.2127155134434435,104.69634564135693,86.46180303565039,16.924797296331494,0.765250696179039,26.9139767766973,True,0.23480700511006503
17x7E,17.0,7.0,620.0,0.017054890738813736,1.5726829268292684,3238.411178732351,3238.411178732351,5.380867626780329,104.69634564135693,86.46180303565039,16.924797296331494,0.765250696179039,25.520079400189037,True,0.24238142462974457
17x7E,17.0,7.0,560.0,0.020905293367346936,1.420487804878049,3238.411178732351,3238.411178732351,5.957389158221078,104.69634564135693,86.46180303565039,16.924797296331494,0.765250696179039,20.975614437943364,True,0.2683508629829314
17x7E,17.0,7.0,480.0,0.028454427083333338,1.217560975609756,3238.411178732351,3238.411178732351,6.950287351257925,104.69634564135693,86.46180303565039,16.924797296331494,0.765250696179039,15.132843888196408,True,0.31307600681342007
17x7E,17.0,7.0,320.0,0.0640224609375,0.8117073170731708,3238.411178732351,3238.411178732351,10.425431026886887,104.69634564135693,86.46180303565039,16.924797296331494,0.765250696179039,5.972634946476039,True,0.46961401022013005
17x7E,17.0,7.0,820.0,0.00975,2.08,3238.411178732351,3238.411178732351,4.068460888541225,104.69634564135693,86.46180303565039,16.924797296331494,0.765250696179039,30.414259081124715,True,0.18326400398834344
17x7E,17.0,7.0,240.0,0.11381770833333335,0.608780487804878,3238.411178732351,3238.411178732351,13.90057470251585,104.69634564135693,86.46180303565039,16.924797296331494,0.765250696179039,2.762977509209852,True,0.6261520136268401
17x7E,17.0,7.0,280.0,0.08362117346938774,0.7102439024390245,3238.411178732351,3238.411178732351,11.914778316442156,104.69634564135693,86.46180303565039,16.924797296331494,0.765250696179039,4.254117141568409,True,0.5367017259658629
17x7E,17.0,7.0,460.0,0.030982514177693755,1.166829268292683,3238.411178732351,3238.411178732351,7.252473757834356,104.69634564135693,86.46180303565039,16.924797296331494,0.765250696179039,13.776911865627461,True,0.3266880071096557
17x7E,17.0,7.0,180.0,0.20234259259259257,0.45658536585365855,3238.411178732351,3238.411178732351,18.534099603354466,104.69634564135694,86.46180303565039,16.924797296331494,0.7652506961790388,0.9853633685898477,False,0.8348693515024534
17x7E,17.0,7.0,760.0,0.011350242382271468,1.9278048780487806,3238.411178732351,3238.411178732351,4.389655169215532,104.69634564135694,86.46180303565039,16.924797296331494,0.7652506961790388,30.414259081124715,True,0.19773221482952846
17x7E,17.0,7.0,720.0,0.012646412037037036,1.8263414634146342,3238.411178732351,3238.411178732351,4.633524900838617,104.69634564135694,86.46180303565039,16.924797296331494,0.7652506961790388,30.414259081124715,True,0.20871733787561336
17x7E,17.0,7.0,360.0,0.050585648148148143,0.9131707317073171,3238.411178732351,3238.411178732351,9.267049801677233,104.69634564135694,86.46180303565039,16.924797296331494,0.7652506961790388,7.911490461515476,True,0.4174346757512267
17x7E,17.0,7.0,500.0,0.0262236,1.2682926829268293,3238.411178732351,3238.411178732351,6.672275857207608,104.69634564135694,86.46180303565039,16.924797296331494,0.7652506961790388,16.49678061203329,True,0.30055296654088326
17x7E,17.0,7.0,600.0,0.018210833333333332,1.5219512195121951,3238.411178732351,3238.411178732351,5.5602298810063395,104.69634564135694,86.46180303565039,16.92479729633149,0.7652506961790388,24.043243893601595,True,0.250460805450736
17x7E,17.0,7.0,580.0,0.019488406658739597,1.471219512195122,3238.411178732351,3238.411178732351,5.7519619458686275,104.69634564135694,86.46180303565039,16.924797296331494,0.7652506961790388,22.50942916577247,True,0.2590973849490373
17x7E,17.0,7.0,900.0,0.008093703703703702,2.282926829268293,3238.411178732351,3238.411178732351,3.7068199206708936,104.69634564135694,86.46180303565039,16.924797296331498,0.7652506961790388,30.414259081124715,True,0.1669738703004907
17x7E,17.0,7.0,300.0,0.07284333333333333,0.7609756097560976,3238.411178732351,3238.411178732351,11.120459762012679,104.69634564135694,86.46180303565039,16.92479729633149,0.7652506961790388,5.0671406471983875,True,0.500921610901472
17x7E,17.0,7.0,380.0,0.04540096952908587,0.9639024390243903,3238.411178732351,3238.411178732351,8.779310338431063,104.69634564135694,86.46180303565039,16.924797296331494,0.7652506961790388,8.982907221934186,True,0.3954644296590569
17x7E,17.0,7.0,220.0,0.13545247933884294,0.5580487804878049,3238.411178732351,3238.411178732351,15.164263311835473,104.69634564135696,86.46180303565039,16.924797296331494,0.7652506961790387,2.100062312209695,True,0.6830749239565529
17x7E,17.0,7.0,840.0,0.00929124149659864,2.1307317073170733,3238.411178732351,3238.411178732351,3.971592772147386,104.69634564135696,86.46180303565039,16.924797296331494,0.7652506961790387,30.414259081124715,True,0.17890057532195433
17x7E,17.0,7.0,880.0,0.008465779958677684,2.2321951219512197,3238.411178732351,3238.411178732351,3.7910658279588683,104.69634564135696,86.46180303565039,16.924797296331494,0.7652506961790387,30.414259081124715,True,0.17076873098913822
17x7E,17.0,7.0,260.0,0.09698076923076923,0.6595121951219513,3238.411178732351,3238.411178732351,12.831299725399248,104.69634564135696,86.46180303565039,16.924797296331498,0.7652506961790387,3.4592136815188272,True,0.5779864741170833
17x7E,17.0,7.0,680.0,0.014177984429065746,1.7248780487804878,3238.411178732351,3238.411178732351,4.9060851891232415,104.69634564135696,86.46180303565039,16.924797296331494,0.7652506961790387,29.653123759966586,True,0.22099482833888476
17x7E,17.0,7.0,520.0,0.024245192307692308,1.3190243902439025,3238.411178732351,3238.411178732351,6.415649862699624,104.69634564135696,86.46180303565039,16.924797296331498,0.7652506961790387,17.977256607420557,True,0.28899323705854163
17x7E,17.0,7.0,440.0,0.033863119834710735,1.1160975609756099,3238.411178732351,3238.411178732351,7.5821316559177365,104.69634564135696,86.46180303565039,16.924797296331494,0.7652506961790387,12.485870042399796,True,0.34153746197827645
17x7E,17.0,7.0,340.0,0.05671193771626298,0.8624390243902439,3238.411178732351,3238.411178732351,9.812170378246483,104.69634564135696,86.46180303565039,16.924797296331494,0.7652506961790387,6.907406015253496,True,0.4419896566777695
17x7E,17.0,7.0,420.0,0.03716496598639456,1.0653658536585366,3238.411178732351,3238.411178732351,7.943185544294772,104.69634564135696,86.46180303565039,16.924797296331494,0.7652506961790387,11.274581505251751,True,0.35780115064390866
17x7E,17.0,7.0,800.0,0.01024359375,2.029268292682927,3238.411178732351,3238.411178732351,4.1701724107547555,104.69634564135696,86.46180303565039,16.924797296331494,0.7652506961790387,30.414259081124715,True,0.18784560408805206
17x7E,17.0,7.0,400.0,0.040974375,1.0146341463414634,3238.411178732351,3238.411178732351,8.340344821509511,104.69634564135696,86.46180303565039,16.924797296331494,0.7652506961790387,10.063292968103703,True,0.37569120817610413
17x7E,17.0,7.0,200.0,0.1638975,0.5073170731707317,3238.411178732351,3238.411178732351,16.680689643019022,104.69634564135696,86.46180303565039,16.924797296331494,0.7652506961790387,1.5080806948226908,True,0.7513824163522083
MJ-20x8EL,20.0,8.0,500.0,0.0262236,1.2682926829268293,2444.338337677403,2444.338337677403,5.146069880130336,106.3375953396401,98.22240602938825,13.053445549598901,0.7858685607191018,24.013936338225577,True,0.23180494955542055
MJ-20x8EL,20.0,8.0,240.0,0.11381770833333335,0.608780487804878,2444.338337677403,2444.338337677403,10.720978916938202,106.33759533964012,98.22240602938825,13.053445549598903,0.7858685607191017,6.018321146837101,True,0.4829269782404596
MJ-20x8EL,20.0,8.0,540.0,0.02248251028806584,1.3697560975609757,2444.338337677403,2444.338337677403,4.764879518639201,106.33759533964012,98.22240602938825,13.053445549598903,0.7858685607191017,24.013936338225577,True,0.21463421255131535
MJ-20x8EL,20.0,8.0,480.0,0.028454427083333338,1.217560975609756,2444.338337677403,2444.338337677403,5.360489458469101,106.33759533964012,98.22240602938825,13.053445549598903,0.7858685607191017,24.013936338225577,True,0.2414634891202298
MJ-20x8EL,20.0,8.0,580.0,0.019488406658739597,1.471219512195122,2444.338337677403,2444.338337677403,4.436267138043394,106.33759533964013,98.22240602938825,13.053445549598901,0.7858685607191016,24.013936338225577,True,0.19983185306501774
MJ-20x8EL,20.0,8.0,700.0,0.013379387755102041,1.775609756097561,2444.338337677403,2444.338337677403,3.6757642000930977,106.33759533964013,98.22240602938825,13.053445549598903,0.7858685607191016,24.013936338225577,True,0.16557496396815755
MJ-20x8EL,20.0,8.0,720.0,0.012646412037037036,1.8263414634146342,2444.338337677403,2444.338337677403,3.5736596389794006,106.33759533964013,98.22240602938825,13.053445549598903,0.7858685607191016,24.013936338225577,True,0.16097565941348652
MJ-20x8EL,20.0,8.0,560.0,0.020905293367346936,1.420487804878049,2444.338337677403,2444.338337677403,4.594705250116372,106.33759533964013,98.22240602938825,13.053445549598905,0.7858685607191016,24.013936338225577,True,0.20696870496019695
MJ-20x8EL,20.0,8.0,280.0,0.08362117346938774,0.7102439024390245,2444.338337677403,2444.338337677403,9.189410500232745,106.33759533964013,98.22240602938825,13.053445549598905,0.7858685607191016,8.466647551708116,True,0.4139374099203939
MJ-20x8EL,20.0,8.0,180.0,0.20234259259259257,0.45658536585365855,2444.338337677403,2444.338337677403,14.294638555917603,106.33759533964013,98.22240602938825,13.053445549598903,0.7858685607191016,2.8352959311317774,True,0.6439026376539461
MJ-20x8EL,20.0,8.0,360.0,0.050585648148148143,0.9131707317073171,2444.338337677403,2444.338337677403,7.147319277958801,106.33759533964013,98.22240602938825,13.053445549598903,0.7858685607191016,14.261180232653482,True,0.32195131882697303
MJ-20x8EL,20.0,8.0,900.0,0.008093703703703702,2.282926829268293,2444.338337677403,2444.338337677403,2.8589277111835205,106.33759533964013,98.22240602938825,13.053445549598905,0.7858685607191016,24.013936338225577,True,0.12878052753078922
MJ-20x8EL,20.0,8.0,660.0,0.015050275482093664,1.6741463414634148,2444.338337677403,2444.338337677403,3.8985377879775283,106.33759533964013,98.22240602938825,13.053445549598905,0.7858685607191016,24.013936338225577,True,0.17560981026925804
MJ-20x8EL,20.0,8.0,680.0,0.014177984429065746,1.7248780487804878,2444.338337677403,2444.338337677403,3.7838749118605417,106.33759533964015,98.22240602938825,13.053445549598903,0.7858685607191015,24.013936338225577,True,0.17044481584957397
MJ-20x8EL,20.0,8.0,760.0,0.011350242382271468,1.9278048780487806,2444.338337677403,2444.338337677403,3.3855722895594322,106.33759533964015,98.22240602938825,13.053445549598905,0.7858685607191015,24.013936338225577,True,0.15250325628646091
MJ-20x8EL,20.0,8.0,800.0,0.01024359375,2.029268292682927,2444.338337677403,2444.338337677403,3.216293675081461,106.33759533964015,98.22240602938825,13.053445549598905,0.7858685607191015,24.013936338225577,True,0.14487809347213787
MJ-20x8EL,20.0,8.0,820.0,0.00975,2.08,2444.338337677403,2444.338337677403,3.137847487884352,106.33759533964015,98.22240602938825,13.053445549598905,0.7858685607191015,24.013936338225577,True,0.14134448143623207
MJ-20x8EL,20.0,8.0,740.0,0.011972059897735574,1.8770731707317074,2444.338337677403,2444.338337677403,3.477074243331309,106.33759533964015,98.22240602938825,13.053445549598905,0.7858685607191015,24.013936338225577,True,0.15662496591582473
MJ-20x8EL,20.0,8.0,260.0,0.09698076923076923,0.6595121951219513,2444.338337677403,2444.338337677403,9.896288231019879,106.33759533964015,98.22240602938825,13.053445549598905,0.7858685607191015,7.242484349272611,True,0.4457787491450396
MJ-20x8EL,20.0,8.0,840.0,0.00929124149659864,2.1307317073170733,2444.338337677403,2444.338337677403,3.063136833410915,106.33759533964015,98.22240602938825,13.053445549598905,0.7858685607191015,24.013936338225577,True,0.1379791366401313
MJ-20x8EL,20.0,8.0,780.0,0.010775641025641026,1.9785365853658536,2444.338337677403,2444.338337677403,3.298762743673293,106.33759533964015,98.22240602938825,13.053445549598905,0.7858685607191015,24.013936338225577,True,0.14859291638167987
MJ-20x8EL,20.0,8.0,320.0,0.0640224609375,0.8117073170731708,2444.338337677403,2444.338337677403,8.040734187703652,106.33759533964015,98.22240602938825,13.053445549598905,0.7858685607191015,11.27669981246609,True,0.36219523368034473
MJ-20x8EL,20.0,8.0,620.0,0.017054890738813736,1.5726829268292684,2444.338337677403,2444.338337677403,4.15005635494382,106.33759533964015,98.22240602938825,13.053445549598905,0.7858685607191015,24.013936338225577,True,0.18693947544791983
MJ-20x8EL,20.0,8.0,600.0,0.018210833333333332,1.5219512195121951,2444.338337677403,2444.338337677403,4.288391566775281,106.33759533964015,98.22240602938825,13.053445549598903,0.7858685607191015,24.013936338225577,True,0.19317079129618384
MJ-20x8EL,20.0,8.0,200.0,0.1638975,0.5073170731707317,2444.338337677403,2444.338337677403,12.865174700325843,106.33759533964015,98.22240602938825,13.053445549598905,0.7858685607191015,3.8503147684044103,True,0.5795123738885515
MJ-20x8EL,20.0,8.0,520.0,0.024245192307692308,1.3190243902439025,2444.338337677403,2444.338337677403,4.9481441155099395,106.33759533964015,98.22240602938825,13.053445549598905,0.7858685607191015,24.013936338225577,True,0.2228893745725198
MJ-20x8EL,20.0,8.0,460.0,0.030982514177693755,1.166829268292683,2444.338337677403,2444.338337677403,5.593554217532975,106.33759533964015,98.22240602938825,13.053445549598905,0.7858685607191015,22.746947455207042,True,0.25196190169067456
MJ-20x8EL,20.0,8.0,420.0,0.03716496598639456,1.0653658536585366,2444.338337677403,2444.338337677403,6.12627366682183,106.33759533964015,98.22240602938825,13.053445549598905,0.7858685607191015,19.201786030267648,True,0.2759582732802626
MJ-20x8EL,20.0,8.0,400.0,0.040974375,1.0146341463414634,2444.338337677403,2444.338337677403,6.432587350162922,106.33759533964015,98.22240602938825,13.053445549598905,0.7858685607191015,17.476245617185874,True,0.28975618694427574
MJ-20x8EL,20.0,8.0,380.0,0.04540096952908587,0.9639024390243903,2444.338337677403,2444.338337677403,6.7711445791188645,106.33759533964015,98.22240602938825,13.053445549598905,0.7858685607191015,15.868712924919679,True,0.30500651257292183
MJ-20x8EL,20.0,8.0,340.0,0.05671193771626298,0.8624390243902439,2444.338337677403,2444.338337677403,7.567749823721083,106.33759533964015,98.22240602938825,13.053445549598903,0.7858685607191015,12.695918808072562,True,0.34088963169914793
MJ-20x8EL,20.0,8.0,640.0,0.016005615234375,1.6234146341463416,2444.338337677403,2444.338337677403,4.020367093851826,106.33759533964015,98.22240602938825,13.053445549598905,0.7858685607191015,24.013936338225577,True,0.18109761684017237
MJ-20x8EL,20.0,8.0,300.0,0.07284333333333333,0.7609756097560976,2444.338337677403,2444.338337677403,8.576783133550562,106.33759533964015,98.22240602938825,13.053445549598903,0.7858685607191015,9.857480816859615,True,0.38634158259236767
MJ-20x8EL,20.0,8.0,440.0,0.033863119834710735,1.1160975609756099,2444.338337677403,2444.338337677403,5.847806681966292,106.33759533964016,98.22240602938825,13.053445549598903,0.7858685607191014,20.97436674273735,True,0.263414715403887
MJ-20x8EL,20.0,8.0,860.0,0.008864115738236884,2.1814634146341465,2444.338337677403,2444.338337677403,2.9919010930990333,106.33759533964016,98.22240602938825,13.053445549598905,0.7858685607191014,24.013936338225577,True,0.13477031950896548
MJ-20x8EL,20.0,8.0,880.0,0.008465779958677684,2.2321951219512197,2444.338337677403,2444.338337677403,2.923903340983146,106.33759533964016,98.22240602938825,13.053445549598903,0.7858685607191014,24.013936338225577,True,0.1317073577019435
MJ-20x8EL,20.0,8.0,220.0,0.13545247933884294,0.5580487804878049,2444.338337677403,2444.338337677403,11.695613363932583,106.33759533964016,98.22240602938825,13.053445549598903,0.7858685607191014,4.867382521936047,True,0.526829430807774
20x8E,20.0,8.0,700.0,0.013379387755102041,1.775609756097561,2711.138617902777,2711.138617902777,4.046897038791721,110.69976298843733,86.89316034020807,14.37141972800182,0.7849444117534753,41.82451867172077,True,0.1822926594050325
20x8E,20.0,8.0,820.0,0.00975,2.08,2711.138617902777,2711.138617902777,3.4546682038465915,110.69976298843734,86.89316034020807,14.37141972800182,0.7849444117534752,41.82451867172077,True,0.15561568485795457
20x8E,20.0,8.0,900.0,0.008093703703703702,2.282926829268293,2711.138617902777,2711.138617902777,3.1475865857268945,110.69976298843734,86.89316034020807,14.371419728001822,0.7849444117534752,41.82451867172077,True,0.1417831795372475
20x8E,20.0,8.0,780.0,0.010775641025641026,1.9785365853658536,2711.138617902777,2711.138617902777,3.6318306758387244,110.69976298843734,86.89316034020807,14.37141972800182,0.7849444117534752,41.82451867172077,True,0.16359597638913173
20x8E,20.0,8.0,660.0,0.015050275482093664,1.6741463414634148,2711.138617902777,2711.138617902777,4.29216352599122,110.69976298843734,86.89316034020807,14.371419728001822,0.7849444117534752,39.11127291849687,True,0.19334069936897388
20x8E,20.0,8.0,600.0,0.018210833333333332,1.5219512195121951,2711.138617902777,2711.138617902777,4.721379878590342,110.69976298843734,86.89316034020807,14.37141972800182,0.7849444117534752,34.50375069690056,True,0.21267476930587126
20x8E,20.0,8.0,560.0,0.020905293367346936,1.420487804878049,2711.138617902777,2711.138617902777,5.058621298489652,110.69976298843734,86.89316034020807,14.371419728001824,0.7849444117534752,30.900537103441486,True,0.22786582425629065
20x8E,20.0,8.0,540.0,0.02248251028806584,1.3697560975609757,2711.138617902777,2711.138617902777,5.245977642878158,110.69976298843734,86.89316034020807,14.371419728001822,0.7849444117534752,28.992177415075123,True,0.23630529922874585
20x8E,20.0,8.0,500.0,0.0262236,1.2682926829268293,2711.138617902777,2711.138617902777,5.665655854308411,110.69976298843734,86.89316034020807,14.371419728001822,0.7849444117534752,25.17903726944968,True,0.25520972316704554
20x8E,20.0,8.0,480.0,0.028454427083333338,1.217560975609756,2711.138617902777,2711.138617902777,5.901724848237928,110.69976298843734,86.89316034020807,14.371419728001822,0.7849444117534752,23.27645863028026,True,0.2658434616323391
20x8E,20.0,8.0,280.0,0.08362117346938774,0.7102439024390245,2711.138617902777,2711.138617902777,10.117242596979304,110.69976298843734,86.89316034020807,14.371419728001824,0.7849444117534752,7.381458423125393,True,0.4557316485125813
20x8E,20.0,8.0,240.0,0.11381770833333335,0.608780487804878,2711.138617902777,2711.138617902777,11.803449696475855,110.69976298843734,86.89316034020807,14.371419728001822,0.7849444117534752,5.0898108079895295,True,0.5316869232646781
20x8E,20.0,8.0,300.0,0.07284333333333333,0.7609756097560976,2711.138617902777,2711.138617902777,9.442759757180683,110.69976298843734,86.89316034020807,14.37141972800182,0.7849444117534752,8.688859119547955,True,0.4253495386117425
20x8E,20.0,8.0,420.0,0.03716496598639456,1.0653658536585366,2711.138617902777,2711.138617902777,6.744828397986202,110.69976298843736,86.89316034020807,14.371419728001822,0.7849444117534751,17.82859287296413,True,0.3038210990083875
20x8E,20.0,8.0,840.0,0.00929124149659864,2.1307317073170733,2711.138617902777,2711.138617902777,3.372414198993101,110.69976298843736,86.89316034020807,14.371419728001822,0.7849444117534751,41.82451867172077,True,0.15191054950419375
20x8E,20.0,8.0,740.0,0.011972059897735574,1.8770731707317074,2711.138617902777,2711.138617902777,3.8281458475056827,110.69976298843736,86.89316034020807,14.371419728001822,0.7849444117534751,41.82451867172077,True,0.17243900213989563
20x8E,20.0,8.0,720.0,0.012646412037037036,1.8263414634146342,2711.138617902777,2711.138617902777,3.9344832321586183,110.69976298843736,86.89316034020807,14.371419728001822,0.7849444117534751,41.82451867172077,True,0.17722897442155938
20x8E,20.0,8.0,180.0,0.20234259259259257,0.45658536585365855,2711.138617902777,2711.138617902777,15.737932928634473,110.69976298843736,86.89316034020807,14.371419728001822,0.7849444117534751,2.2055666959670224,True,0.7089158976862375
20x8E,20.0,8.0,640.0,0.016005615234375,1.6234146341463416,2711.138617902777,2711.138617902777,4.426293636178445,110.69976298843736,86.89316034020807,14.371419728001822,0.7849444117534751,37.57543217796476,True,0.1993825962242543
20x8E,20.0,8.0,620.0,0.017054890738813736,1.5726829268292684,2711.138617902777,2711.138617902777,4.569077301861621,110.69976298843736,86.89316034020807,14.371419728001822,0.7849444117534751,36.039591437432655,True,0.2058142928766496
20x8E,20.0,8.0,260.0,0.09698076923076923,0.6595121951219513,2711.138617902777,2711.138617902777,10.895492027516173,110.69976298843736,86.89316034020807,14.371419728001822,0.7849444117534751,6.207255659725948,True,0.4907879291673952
20x8E,20.0,8.0,320.0,0.0640224609375,0.8117073170731708,2711.138617902777,2711.138617902777,8.85258727235689,110.69976298843736,86.89316034020807,14.371419728001822,0.7849444117534751,10.010514660208257,True,0.3987651924485086
20x8E,20.0,8.0,580.0,0.019488406658739597,1.471219512195122,2711.138617902777,2711.138617902777,4.884186081300354,110.69976298843736,86.89316034020807,14.37141972800182,0.7849444117534751,32.780489696388194,True,0.22000838204055648
20x8E,20.0,8.0,520.0,0.024245192307692308,1.3190243902439025,2711.138617902777,2711.138617902777,5.447746013758087,110.69976298843736,86.89316034020807,14.371419728001822,0.7849444117534751,27.084069526372733,True,0.2453939645836976
20x8E,20.0,8.0,360.0,0.050585648148148143,0.9131707317073171,2711.138617902777,2711.138617902777,7.868966464317237,110.69976298843736,86.89316034020807,14.371419728001822,0.7849444117534751,12.949211838830355,True,0.35445794884311876
20x8E,20.0,8.0,460.0,0.030982514177693755,1.166829268292683,2711.138617902777,2711.138617902777,6.158321580770011,110.69976298843736,86.89316034020807,14.371419728001822,0.7849444117534751,21.374197084146733,True,0.2774018730076582
20x8E,20.0,8.0,400.0,0.040974375,1.0146341463414634,2711.138617902777,2711.138617902777,7.082069817885513,110.69976298843737,86.89316034020807,14.371419728001822,0.784944411753475,16.112717495992996,True,0.3190121539588069
20x8E,20.0,8.0,440.0,0.033863119834710735,1.1160975609756099,2711.138617902777,2711.138617902777,6.438245288986829,110.69976298843737,86.89316034020807,14.371419728001822,0.784944411753475,19.544468249935278,True,0.2900110490534608
20x8E,20.0,8.0,220.0,0.13545247933884294,0.5580487804878049,2711.138617902777,2711.138617902777,12.876490577973659,110.69976298843737,86.89316034020807,14.371419728001822,0.784944411753475,4.01237058508851,True,0.5800220981069216
20x8E,20.0,8.0,880.0,0.008465779958677684,2.2321951219512197,2711.138617902777,2711.138617902777,3.2191226444934147,110.69976298843737,86.89316034020807,14.371419728001822,0.784944411753475,41.82451867172077,True,0.1450055245267304
20x8E,20.0,8.0,860.0,0.008864115738236884,2.1814634146341465,2711.138617902777,2711.138617902777,3.2939859618072154,110.69976298843737,86.89316034020807,14.371419728001822,0.784944411753475,41.82451867172077,True,0.14837774602735204
20x8E,20.0,8.0,200.0,0.1638975,0.5073170731707317,2711.138617902777,2711.138617902777,14.164139635771026,110.69976298843737,86.89316034020807,14.371419728001822,0.784944411753475,3.1089686405277686,True,0.6380243079176138
20x8E,20.0,8.0,760.0,0.011350242382271468,1.9278048780487806,2711.138617902777,2711.138617902777,3.7274051673081647,110.69976298843737,86.89316034020807,14.371419728001822,0.784944411753475,41.82451867172077,True,0.16790113366252996
20x8E,20.0,8.0,380.0,0.04540096952908587,0.9639024390243903,2711.138617902777,2711.138617902777,7.4548103346163295,110.69976298843737,86.89316034020807,14.371419728001822,0.784944411753475,14.47422977751105,True,0.3358022673250599
20x8E,20.0,8.0,680.0,0.014177984429065746,1.7248780487804878,2711.138617902777,2711.138617902777,4.165923422285596,110.69976298843737,86.89316034020807,14.371419728001822,0.784944411753475,40.64711365902896,True,0.1876542082110629
20x8E,20.0,8.0,340.0,0.05671193771626298,0.8624390243902439,2711.138617902777,2711.138617902777,8.331846844571192,110.69976298843737,86.89316034020807,14.371419728001822,0.784944411753475,11.428558614596078,True,0.3753084164221258
20x8E,20.0,8.0,800.0,0.01024359375,2.029268292682927,2711.138617902777,2711.138617902777,3.5410349089427564,110.69976298843737,86.89316034020807,14.371419728001822,0.784944411753475,41.82451867172077,True,0.15950607697940344
27x13E,27.0,13.0,560.0,0.020905293367346936,1.420487804878049,1656.6680697101992,1656.6680697101992,3.292253202574454,110.70885415616755,86.10161961290609,9.353211049655426,0.7777302029650661,46.63688525880612,True,0.1482996938096601
27x13E,27.0,13.0,240.0,0.11381770833333335,0.608780487804878,1656.6680697101992,1656.6680697101992,7.681924139340393,110.70885415616755,86.10161961290609,9.353211049655425,0.7777302029650661,11.610701701118474,True,0.3460326188892069
27x13E,27.0,13.0,280.0,0.08362117346938774,0.7102439024390245,1656.6680697101992,1656.6680697101992,6.584506405148908,110.70885415616755,86.10161961290609,9.353211049655426,0.7777302029650661,15.39353730356449,True,0.2965993876193202
27x13E,27.0,13.0,480.0,0.028454427083333338,1.217560975609756,1656.6680697101992,1656.6680697101992,3.8409620696701965,110.70885415616755,86.10161961290609,9.353211049655425,0.7777302029650661,37.023499184094725,True,0.17301630944460344
27x13E,27.0,13.0,540.0,0.02248251028806584,1.3697560975609757,1656.6680697101992,1656.6680697101992,3.414188506373508,110.70885415616755,86.10161961290609,9.353211049655425,0.7777302029650661,44.23353874012827,True,0.15379227506186974
27x13E,27.0,13.0,260.0,0.09698076923076923,0.6595121951219513,1656.6680697101992,1656.6680697101992,7.091006897852671,110.70885415616756,86.10161961290609,9.353211049655425,0.777730202965066,13.405570674660627,True,0.31941472512849867
27x13E,27.0,13.0,320.0,0.0640224609375,0.8117073170731708,1656.6680697101992,1656.6680697101992,5.761443104505295,110.70885415616756,86.10161961290609,9.353211049655426,0.777730202965066,19.369470561372214,True,0.25952446416690517
27x13E,27.0,13.0,460.0,0.030982514177693755,1.166829268292683,1656.6680697101992,1656.6680697101992,4.007960420525422,110.70885415616756,86.10161961290609,9.353211049655426,0.777730202965066,34.658383621708836,True,0.18053875768132532
27x13E,27.0,13.0,500.0,0.0262236,1.2682926829268293,1656.6680697101992,1656.6680697101992,3.6873235868833887,110.70885415616756,86.10161961290609,9.353211049655425,0.777730202965066,39.42684570277258,True,0.1660956570668193
27x13E,27.0,13.0,520.0,0.024245192307692308,1.3190243902439025,1656.6680697101992,1656.6680697101992,3.5455034489263353,110.70885415616756,86.10161961290609,9.353211049655425,0.777730202965066,41.83019222145041,True,0.15970736256424933
27x13E,27.0,13.0,620.0,0.017054890738813736,1.5726829268292684,1656.6680697101992,1656.6680697101992,2.9736480539382164,110.70885415616756,86.10161961290609,9.353211049655425,0.777730202965066,53.46243180997141,True,0.1339481105377575
27x13E,27.0,13.0,640.0,0.016005615234375,1.6234146341463416,1656.6680697101992,1656.6680697101992,2.8807215522526475,110.70885415616756,86.10161961290609,9.353211049655426,0.777730202965066,55.628052111771666,True,0.12976223208345258
27x13E,27.0,13.0,660.0,0.015050275482093664,1.6741463414634148,1656.6680697101992,1656.6680697101992,2.793426959760143,110.70885415616756,86.10161961290609,9.353211049655426,0.777730202965066,57.79367241357189,True,0.12583004323243888
27x13E,27.0,13.0,740.0,0.011972059897735574,1.8770731707317074,1656.6680697101992,1656.6680697101992,2.4914348560022894,110.70885415616756,86.10161961290609,9.353211049655425,0.777730202965066,66.45615362077284,True,0.11222679531541845
27x13E,27.0,13.0,900.0,0.008093703703703702,2.282926829268293,1656.6680697101992,1656.6680697101992,2.0485131038241047,110.70885415616756,86.10161961290609,9.353211049655425,0.777730202965066,78.26352396822188,True,0.09227536503712183
27x13E,27.0,13.0,780.0,0.010775641025641026,1.9785365853658536,1656.6680697101992,1656.6680697101992,2.36366896595089,110.70885415616756,86.10161961290609,9.353211049655425,0.777730202965066,70.08573791272546,True,0.10647157504283289
27x13E,27.0,13.0,600.0,0.018210833333333332,1.5219512195121951,1656.6680697101992,1656.6680697101992,3.072769655736157,110.70885415616758,86.10161961290609,9.353211049655425,0.7777302029650659,51.272929708640085,True,0.13841304755568276
27x13E,27.0,13.0,440.0,0.033863119834710735,1.1160975609756099,1656.6680697101992,1656.6680697101992,4.190140439640214,110.70885415616758,86.10161961290609,9.353211049655426,0.7777302029650659,32.385274011401755,True,0.1887450648486583
27x13E,27.0,13.0,400.0,0.040974375,1.0146341463414634,1656.6680697101992,1656.6680697101992,4.609154483604236,110.70885415616758,86.10161961290609,9.353211049655425,0.7777302029650659,27.933496823467458,True,0.20761957133352416
27x13E,27.0,13.0,700.0,0.013379387755102041,1.775609756097561,1656.6680697101992,1656.6680697101992,2.6338025620595635,110.70885415616758,86.10161961290609,9.353211049655426,0.7777302029650659,62.12491301717236,True,0.11863975504772808
27x13E,27.0,13.0,300.0,0.07284333333333333,0.7609756097560976,1656.6680697101992,1656.6680697101992,6.145539311472314,110.70885415616758,86.10161961290609,9.353211049655425,0.7777302029650659,17.381503932468355,True,0.2768260951113655
27x13E,27.0,13.0,800.0,0.01024359375,2.029268292682927,1656.6680697101992,1656.6680697101992,2.304577241802118,110.70885415616758,86.10161961290609,9.353211049655425,0.7777302029650659,71.49172235456129,True,0.10380978566676208
27x13E,27.0,13.0,220.0,0.13545247933884294,0.5580487804878049,1656.6680697101992,1656.6680697101992,8.380280879280429,110.70885415616758,86.10161961290609,9.353211049655426,0.7777302029650659,9.93021833273495,True,0.3774901296973166
27x13E,27.0,13.0,200.0,0.1638975,0.5073170731707317,1656.6680697101992,1656.6680697101992,9.218308967208472,110.70885415616758,86.10161961290609,9.353211049655425,0.7777302029650659,8.249734964351429,True,0.4152391426670483
27x13E,27.0,13.0,860.0,0.008864115738236884,2.1814634146341465,1656.6680697101992,1656.6680697101992,2.1437927830717376,110.70885415616758,86.10161961290609,9.353211049655426,0.7777302029650659,75.57084413919284,True,0.0965672424807089
27x13E,27.0,13.0,880.0,0.008465779958677684,2.2321951219512197,1656.6680697101992,1656.6680697101992,2.095070219820107,110.70885415616758,86.10161961290609,9.353211049655426,0.7777302029650659,76.91718405370737,True,0.09437253242432915
27x13E,27.0,13.0,580.0,0.019488406658739597,1.471219512195122,1656.6680697101992,1656.6680697101992,3.178727230071887,110.70885415616758,86.10161961290609,9.353211049655426,0.7777302029650659,49.04023177748395,True,0.14318591126449942
27x13E,27.0,13.0,820.0,0.00975,2.08,1656.6680697101992,1656.6680697101992,2.2483680407825544,110.70885415616758,86.10161961290609,9.353211049655426,0.7777302029650659,72.87816431016384,True,0.10127783967488983
27x13E,27.0,13.0,420.0,0.03716496598639456,1.0653658536585366,1656.6680697101992,1656.6680697101992,4.389670936765939,110.70885415616759,86.10161961290609,9.353211049655426,0.7777302029650658,30.1593854174346,True,0.19773292507954682
27x13E,27.0,13.0,840.0,0.00929124149659864,2.1307317073170733,1656.6680697101992,1656.6680697101992,2.1948354683829696,110.70885415616759,86.10161961290609,9.353211049655426,0.7777302029650658,74.22450422467836,True,0.09886646253977341
27x13E,27.0,13.0,720.0,0.012646412037037036,1.8263414634146342,1656.6680697101992,1656.6680697101992,2.5606413797801313,110.70885415616759,86.10161961290609,9.353211049655426,0.7777302029650658,64.29053331897259,True,0.11534420629640231
27x13E,27.0,13.0,360.0,0.050585648148148143,0.9131707317073171,1656.6680697101992,1656.6680697101992,5.121282759560263,110.70885415616759,86.10161961290609,9.353211049655426,0.7777302029650658,23.48171963553316,True,0.23068841259280462
27x13E,27.0,13.0,680.0,0.014177984429065746,1.7248780487804878,1656.6680697101992,1656.6680697101992,2.7112673432966092,110.70885415616759,86.10161961290609,9.353211049655425,0.7777302029650658,59.95929271537211,True,0.12212915960795538
27x13E,27.0,13.0,180.0,0.20234259259259257,0.45658536585365855,1656.6680697101992,1656.6680697101992,10.242565519120525,110.70885415616759,86.10161961290609,9.353211049655426,0.7777302029650658,6.569251595967909,True,0.46137682518560924
27x13E,27.0,13.0,340.0,0.05671193771626298,0.8624390243902439,1656.6680697101992,1656.6680697101992,5.4225346865932185,110.70885415616759,86.10161961290609,9.353211049655425,0.7777302029650658,21.357437190276073,True,0.24425831921591076
27x13E,27.0,13.0,760.0,0.011350242382271468,1.9278048780487806,1656.6680697101992,1656.6680697101992,2.4258707808443347,110.7088541561676,86.10161961290609,9.353211049655426,0.7777302029650658,68.62177392257306,True,0.10927345859659165
27x13E,27.0,13.0,380.0,0.04540096952908587,0.9639024390243903,1656.6680697101992,1656.6680697101992,4.851741561688669,110.7088541561676,86.10161961290609,9.353211049655426,0.7777302029650658,25.707608229500302,True,0.2185469171931833
MJ-20x8E,20.0,8.0,540.0,0.02248251028806584,1.3697560975609757,2484.1001206235287,2484.1001206235287,4.845825725047446,111.46256398577032,102.16409664381848,13.27519866920315,0.7887806891197263,24.15622465227573,True,0.21828043806520026
MJ-20x8E,20.0,8.0,520.0,0.024245192307692308,1.3190243902439025,2484.1001206235287,2484.1001206235287,5.03220363754927,111.46256398577032,102.16409664381848,13.27519866920315,0.7887806891197263,24.15622465227573,True,0.22667583952924641
MJ-20x8E,20.0,8.0,500.0,0.0262236,1.2682926829268293,2484.1001206235287,2484.1001206235287,5.2334917830512415,111.46256398577032,102.16409664381848,13.27519866920315,0.7887806891197263,24.15622465227573,True,0.23574287311041628
MJ-20x8E,20.0,8.0,260.0,0.09698076923076923,0.6595121951219513,2484.1001206235287,2484.1001206235287,10.06440727509854,111.46256398577032,102.16409664381848,13.27519866920315,0.7887806891197263,7.243609341529725,True,0.45335167905849283
MJ-20x8E,20.0,8.0,280.0,0.08362117346938774,0.7102439024390245,2484.1001206235287,2484.1001206235287,9.34552104116293,111.46256398577032,102.16409664381848,13.27519866920315,0.7887806891197263,8.479054858959865,True,0.4209694162686005
MJ-20x8E,20.0,8.0,240.0,0.11381770833333335,0.608780487804878,2484.1001206235287,2484.1001206235287,10.903107881356753,111.46256398577032,102.16409664381848,13.27519866920315,0.7887806891197263,6.008163824099583,True,0.4911309856467006
MJ-20x8E,20.0,8.0,660.0,0.015050275482093664,1.6741463414634148,2484.1001206235287,2484.1001206235287,3.9647665023115466,111.46256398577032,102.16409664381848,13.275198669203151,0.7887806891197263,24.15622465227573,True,0.1785930856897093
MJ-20x8E,20.0,8.0,480.0,0.028454427083333338,1.217560975609756,2484.1001206235287,2484.1001206235287,5.451553940678377,111.46256398577032,102.16409664381848,13.27519866920315,0.7887806891197263,24.15622465227573,True,0.2455654928233503
MJ-20x8E,20.0,8.0,700.0,0.013379387755102041,1.775609756097561,2484.1001206235287,2484.1001206235287,3.7382084164651723,111.46256398577032,102.16409664381848,13.27519866920315,0.7887806891197263,24.15622465227573,True,0.1683877665074402
MJ-20x8E,20.0,8.0,560.0,0.020905293367346936,1.420487804878049,2484.1001206235287,2484.1001206235287,4.672760520581465,111.46256398577032,102.16409664381848,13.27519866920315,0.7887806891197263,24.15622465227573,True,0.21048470813430026
MJ-20x8E,20.0,8.0,740.0,0.011972059897735574,1.8770731707317074,2484.1001206235287,2484.1001206235287,3.536143096656244,111.46256398577032,102.16409664381848,13.27519866920315,0.7887806891197263,24.15622465227573,True,0.1592857250746056
MJ-20x8E,20.0,8.0,820.0,0.00975,2.08,2484.1001206235287,2484.1001206235287,3.191153526250757,111.46256398577032,102.16409664381848,13.27519866920315,0.7887806891197263,24.15622465227573,True,0.1437456543356197
MJ-20x8E,20.0,8.0,340.0,0.05671193771626298,0.8624390243902439,2484.1001206235287,2484.1001206235287,7.69631144566359,111.46256398577033,102.16409664381848,13.27519866920315,0.7887806891197262,12.747793938614018,True,0.34668069575061217
MJ-20x8E,20.0,8.0,320.0,0.0640224609375,0.8117073170731708,2484.1001206235287,2484.1001206235287,8.177330911017565,111.46256398577033,102.16409664381848,13.27519866920315,0.7887806891197262,11.313251744291186,True,0.36834823923502547
MJ-20x8E,20.0,8.0,300.0,0.07284333333333333,0.7609756097560976,2484.1001206235287,2484.1001206235287,8.722486305085402,111.46256398577033,102.16409664381848,13.27519866920315,0.7887806891197262,9.878709549968358,True,0.3929047885173605
MJ-20x8E,20.0,8.0,900.0,0.008093703703703702,2.282926829268293,2484.1001206235287,2484.1001206235287,2.9074954350284674,111.46256398577033,102.16409664381848,13.27519866920315,0.7887806891197262,24.15622465227573,True,0.13096826283912016
MJ-20x8E,20.0,8.0,360.0,0.050585648148148143,0.9131707317073171,2484.1001206235287,2484.1001206235287,7.2687385875711685,111.46256398577033,102.16409664381848,13.27519866920315,0.7887806891197262,14.298012470286764,True,0.3274206570978004
MJ-20x8E,20.0,8.0,720.0,0.012646412037037036,1.8263414634146342,2484.1001206235287,2484.1001206235287,3.6343692937855843,111.46256398577033,102.16409664381848,13.27519866920315,0.7887806891197262,24.15622465227573,True,0.1637103285489002
MJ-20x8E,20.0,8.0,580.0,0.019488406658739597,1.471219512195122,2484.1001206235287,2484.1001206235287,4.511630847457967,111.46256398577033,102.16409664381848,13.27519866920315,0.7887806891197262,24.15622465227573,True,0.20322661475035889
MJ-20x8E,20.0,8.0,600.0,0.018210833333333332,1.5219512195121951,2484.1001206235287,2484.1001206235287,4.361243152542701,111.46256398577033,102.16409664381848,13.27519866920315,0.7887806891197262,24.15622465227573,True,0.19645239425868025
MJ-20x8E,20.0,8.0,620.0,0.017054890738813736,1.5726829268292684,2484.1001206235287,2484.1001206235287,4.220557889557453,111.46256398577033,102.16409664381848,13.27519866920315,0.7887806891197262,24.15622465227573,True,0.19011522025033573
MJ-20x8E,20.0,8.0,640.0,0.016005615234375,1.6234146341463416,2484.1001206235287,2484.1001206235287,4.0886654555087825,111.46256398577033,102.16409664381848,13.27519866920315,0.7887806891197262,24.15622465227573,True,0.18417411961751273
MJ-20x8E,20.0,8.0,180.0,0.20234259259259257,0.45658536585365855,2484.1001206235287,2484.1001206235287,14.537477175142337,111.46256398577033,102.16409664381848,13.27519866920315,0.7887806891197262,2.8042362063320496,True,0.6548413141956008
MJ-20x8E,20.0,8.0,680.0,0.014177984429065746,1.7248780487804878,2484.1001206235287,2484.1001206235287,3.848155722831795,111.46256398577033,102.16409664381848,13.27519866920315,0.7887806891197262,24.15622465227573,True,0.17334034787530608
MJ-20x8E,20.0,8.0,780.0,0.010775641025641026,1.9785365853658536,2484.1001206235287,2484.1001206235287,3.354802425032847,111.46256398577033,102.16409664381848,13.27519866920315,0.7887806891197262,24.15622465227573,True,0.15111722635283095
MJ-20x8E,20.0,8.0,880.0,0.008465779958677684,2.2321951219512197,2484.1001206235287,2484.1001206235287,2.97357487673366,111.46256398577034,102.16409664381848,13.275198669203151,0.7887806891197261,24.15622465227573,True,0.133944814267282
MJ-20x8E,20.0,8.0,220.0,0.13545247933884294,0.5580487804878049,2484.1001206235287,2484.1001206235287,11.89429950693464,111.46256398577034,102.16409664381848,13.275198669203151,0.7887806891197261,4.850940142691323,True,0.535779257069128
MJ-20x8E,20.0,8.0,380.0,0.04540096952908587,0.9639024390243903,2484.1001206235287,2484.1001206235287,6.886173398751634,111.46256398577034,102.16409664381848,13.275198669203151,0.7887806891197261,15.91605797705557,True,0.3101879909347583
MJ-20x8E,20.0,8.0,420.0,0.03716496598639456,1.0653658536585366,2484.1001206235287,2484.1001206235287,6.230347360775288,111.46256398577034,102.16409664381848,13.275198669203151,0.7887806891197261,19.240806936606866,True,0.28064627751240034
MJ-20x8E,20.0,8.0,440.0,0.033863119834710735,1.1160975609756099,2484.1001206235287,2484.1001206235287,5.94714975346732,111.46256398577034,102.16409664381848,13.275198669203151,0.7887806891197261,20.99500964639991,True,0.267889628534564
MJ-20x8E,20.0,8.0,860.0,0.008864115738236884,2.1814634146341465,2484.1001206235287,2484.1001206235287,3.042727780843745,111.46256398577034,102.16409664381848,13.27519866920315,0.7887806891197261,24.15622465227573,True,0.13705980994791644
MJ-20x8E,20.0,8.0,840.0,0.00929124149659864,2.1307317073170733,2484.1001206235287,2484.1001206235287,3.115173680387644,111.46256398577034,102.16409664381848,13.275198669203151,0.7887806891197261,24.15622465227573,True,0.14032313875620017
MJ-20x8E,20.0,8.0,760.0,0.011350242382271468,1.9278048780487806,2484.1001206235287,2484.1001206235287,3.443086699375817,111.46256398577034,102.16409664381848,13.275198669203151,0.7887806891197261,24.15622465227573,True,0.15509399546737915
MJ-20x8E,20.0,8.0,460.0,0.030982514177693755,1.166829268292683,2484.1001206235287,2484.1001206235287,5.688578025055698,111.46256398577036,102.16409664381848,13.275198669203151,0.788780689119726,22.749212356192952,True,0.2562422533808873
MJ-20x8E,20.0,8.0,800.0,0.01024359375,2.029268292682927,2484.1001206235287,2484.1001206235287,3.270932364407026,111.46256398577036,102.16409664381848,13.27519866920315,0.788780689119726,24.15622465227573,True,0.1473392956940102
MJ-20x8E,20.0,8.0,200.0,0.1638975,0.5073170731707317,2484.1001206235287,2484.1001206235287,13.083729457628104,111.46256398577036,102.16409664381848,13.27519866920315,0.788780689119726,3.8265026070368875,True,0.5893571827760408
MJ-20x8E,20.0,8.0,400.0,0.040974375,1.0146341463414634,2484.1001206235287,2484.1001206235287,6.541864728814052,111.46256398577036,102.16409664381848,13.27519866920315,0.788780689119726,17.53410348382439,True,0.2946785913880204
MJ-24x10EL,24.0,10.0,480.0,0.028454427083333338,1.217560975609756,1947.6531431266394,1947.6531431266394,4.412884059391675,115.99564560039047,105.36792419812586,10.745910841211336,0.7883349027403994,32.5836927515122,True,0.19877856123385923
MJ-24x10EL,24.0,10.0,240.0,0.11381770833333335,0.608780487804878,1947.6531431266394,1947.6531431266394,8.82576811878335,115.99564560039047,105.36792419812586,10.745910841211336,0.7883349027403994,9.676344360360334,True,0.39755712246771846
MJ-24x10EL,24.0,10.0,440.0,0.033863119834710735,1.1160975609756099,1947.6531431266394,1947.6531431266394,4.81405533751819,115.99564560039049,105.36792419812586,10.745910841211336,0.7883349027403993,28.348890956460185,True,0.2168493395278464
MJ-24x10EL,24.0,10.0,420.0,0.03716496598639456,1.0653658536585366,1947.6531431266394,1947.6531431266394,5.0432960678761996,115.99564560039049,105.36792419812586,10.745910841211337,0.7883349027403993,26.24789923239427,True,0.22717549855298197
MJ-24x10EL,24.0,10.0,280.0,0.08362117346938774,0.7102439024390245,1947.6531431266394,1947.6531431266394,7.5649441018143,115.99564560039049,105.36792419812586,10.745910841211337,0.7883349027403993,12.970067641311102,True,0.340763247829473
MJ-24x10EL,24.0,10.0,220.0,0.13545247933884294,0.5580487804878049,1947.6531431266394,1947.6531431266394,9.62811067503638,115.99564560039049,105.36792419812586,10.745910841211336,0.7883349027403993,8.10945549168666,True,0.4336986790556928
MJ-24x10EL,24.0,10.0,540.0,0.02248251028806584,1.3697560975609757,1947.6531431266394,1947.6531431266394,3.922563608348155,115.99564560039049,105.36792419812586,10.745910841211337,0.7883349027403993,34.82924015939624,True,0.17669205443009708
MJ-24x10EL,24.0,10.0,740.0,0.011972059897735574,1.8770731707317074,1947.6531431266394,1947.6531431266394,2.8624112817675726,115.99564560039049,105.36792419812586,10.745910841211337,0.7883349027403993,34.82924015939624,True,0.12893744512466543
MJ-24x10EL,24.0,10.0,900.0,0.008093703703703702,2.282926829268293,1947.6531431266394,1947.6531431266394,2.353538165008893,115.99564560039049,105.36792419812586,10.745910841211337,0.7883349027403993,34.82924015939624,True,0.10601523265805825
MJ-24x10EL,24.0,10.0,780.0,0.010775641025641026,1.9785365853658536,1947.6531431266394,1947.6531431266394,2.715620959625646,115.99564560039049,105.36792419812586,10.745910841211337,0.7883349027403993,34.82924015939624,True,0.12232526845160568
MJ-24x10EL,24.0,10.0,840.0,0.00929124149659864,2.1307317073170733,1947.6531431266394,1947.6531431266394,2.5216480339380998,115.99564560039049,105.36792419812586,10.745910841211337,0.7883349027403993,34.82924015939624,True,0.11358774927649098
MJ-24x10EL,24.0,10.0,880.0,0.008465779958677684,2.2321951219512197,1947.6531431266394,1947.6531431266394,2.407027668759095,115.99564560039049,105.36792419812586,10.745910841211336,0.7883349027403993,34.82924015939624,True,0.1084246697639232
MJ-24x10EL,24.0,10.0,660.0,0.015050275482093664,1.6741463414634148,1947.6531431266394,1947.6531431266394,3.209370225012127,115.99564560039049,105.36792419812586,10.745910841211337,0.7883349027403993,34.82924015939624,True,0.14456622635189761
MJ-24x10EL,24.0,10.0,560.0,0.020905293367346936,1.420487804878049,1947.6531431266394,1947.6531431266394,3.78247205090715,115.99564560039049,105.36792419812586,10.745910841211337,0.7883349027403993,34.82924015939624,True,0.1703816239147365
MJ-24x10EL,24.0,10.0,260.0,0.09698076923076923,0.6595121951219513,1947.6531431266394,1947.6531431266394,8.146862878876938,115.9956456003905,105.36792419812586,10.745910841211337,0.7883349027403992,11.323206000835716,True,0.36697580535481705
MJ-24x10EL,24.0,10.0,300.0,0.07284333333333333,0.7609756097560976,1947.6531431266394,1947.6531431266394,7.060614495026679,115.9956456003905,105.36792419812586,10.745910841211337,0.7883349027403992,14.741119244596046,True,0.31804569797417476
MJ-24x10EL,24.0,10.0,580.0,0.019488406658739597,1.471219512195122,1947.6531431266394,1947.6531431266394,3.6520419801862136,115.9956456003905,105.36792419812586,10.745910841211337,0.7883349027403992,34.82924015939624,True,0.1645063955038835
MJ-24x10EL,24.0,10.0,600.0,0.018210833333333332,1.5219512195121951,1947.6531431266394,1947.6531431266394,3.5303072475133397,115.9956456003905,105.36792419812586,10.745910841211337,0.7883349027403992,34.82924015939624,True,0.15902284898708738
MJ-24x10EL,24.0,10.0,520.0,0.024245192307692308,1.3190243902439025,1947.6531431266394,1947.6531431266394,4.073431439438469,115.9956456003905,105.36792419812586,10.745910841211337,0.7883349027403992,34.82924015939624,True,0.18348790267740853
MJ-24x10EL,24.0,10.0,500.0,0.0262236,1.2682926829268293,1947.6531431266394,1947.6531431266394,4.236368697016008,115.9956456003905,105.36792419812586,10.745910841211337,0.7883349027403992,34.70109364903821,True,0.19082741878450488
MJ-24x10EL,24.0,10.0,620.0,0.017054890738813736,1.5726829268292684,1947.6531431266394,1947.6531431266394,3.4164263685612966,115.9956456003905,105.36792419812586,10.745910841211337,0.7883349027403992,34.82924015939624,True,0.15389307966492327
MJ-24x10EL,24.0,10.0,760.0,0.011350242382271468,1.9278048780487806,1947.6531431266394,1947.6531431266394,2.7870846690894786,115.99564560039052,105.36792419812586,10.745910841211337,0.7883349027403991,34.82924015939624,True,0.12554435446349002
MJ-24x10EL,24.0,10.0,180.0,0.20234259259259257,0.45658536585365855,1947.6531431266394,1947.6531431266394,11.767690825044467,115.99564560039052,105.36792419812586,10.745910841211337,0.7883349027403991,5.247317067876051,True,0.5300761632902913
MJ-24x10EL,24.0,10.0,820.0,0.00975,2.08,1947.6531431266394,1947.6531431266394,2.5831516445219562,115.99564560039052,105.36792419812586,10.745910841211339,0.7883349027403991,34.82924015939624,True,0.1163581821856737
MJ-24x10EL,24.0,10.0,460.0,0.030982514177693755,1.166829268292683,1947.6531431266394,1947.6531431266394,4.604748583713052,115.99564560039052,105.36792419812586,10.745910841211339,0.7883349027403991,30.466291853986192,True,0.20742110737446182
MJ-24x10EL,24.0,10.0,720.0,0.012646412037037036,1.8263414634146342,1947.6531431266394,1947.6531431266394,2.9419227062611166,115.99564560039052,105.36792419812586,10.745910841211337,0.7883349027403991,34.82924015939624,True,0.13251904082257282
MJ-24x10EL,24.0,10.0,320.0,0.0640224609375,0.8117073170731708,1947.6531431266394,1947.6531431266394,6.6193260890875125,115.99564560039052,105.36792419812586,10.745910841211337,0.7883349027403991,16.576484132664664,True,0.2981678418507889
MJ-24x10EL,24.0,10.0,360.0,0.050585648148148143,0.9131707317073171,1947.6531431266394,1947.6531431266394,5.883845412522233,115.99564560039052,105.36792419812586,10.745910841211337,0.7883349027403991,20.3093820076509,True,0.26503808164514564
MJ-24x10EL,24.0,10.0,380.0,0.04540096952908587,0.9639024390243903,1947.6531431266394,1947.6531431266394,5.574169338178957,115.99564560039052,105.36792419812586,10.745910841211337,0.7883349027403991,22.288244333153116,True,0.25108870892698004
MJ-24x10EL,24.0,10.0,700.0,0.013379387755102041,1.775609756097561,1947.6531431266394,1947.6531431266394,3.02597764072572,115.99564560039052,105.36792419812586,10.745910841211337,0.7883349027403991,34.82924015939624,True,0.1363052991317892
MJ-24x10EL,24.0,10.0,640.0,0.016005615234375,1.6234146341463416,1947.6531431266394,1947.6531431266394,3.3096630445437563,115.99564560039052,105.36792419812586,10.745910841211337,0.7883349027403991,34.82924015939624,True,0.14908392092539444
MJ-24x10EL,24.0,10.0,860.0,0.008864115738236884,2.1814634146341465,1947.6531431266394,1947.6531431266394,2.463005056404656,115.99564560039053,105.36792419812586,10.745910841211339,0.788334902740399,34.82924015939624,True,0.11094617371192145
MJ-24x10EL,24.0,10.0,680.0,0.014177984429065746,1.7248780487804878,1947.6531431266394,1947.6531431266394,3.114976983100006,115.99564560039053,105.36792419812586,10.745910841211337,0.788334902740399,34.82924015939624,True,0.14031427851801828
MJ-24x10EL,24.0,10.0,800.0,0.01024359375,2.029268292682927,1947.6531431266394,1947.6531431266394,2.647730435635005,115.99564560039053,105.36792419812586,10.745910841211337,0.788334902740399,34.82924015939624,True,0.11926713674031555
MJ-24x10EL,24.0,10.0,200.0,0.1638975,0.5073170731707317,1947.6531431266394,1947.6531431266394,10.59092174254002,115.99564560039053,105.36792419812586,10.745910841211337,0.788334902740399,6.678386279781354,True,0.4770685469612622
MJ-24x10EL,24.0,10.0,400.0,0.040974375,1.0146341463414634,1947.6531431266394,1947.6531431266394,5.29546087127001,115.99564560039053,105.36792419812586,10.745910841211337,0.788334902740399,24.26807178277369,True,0.2385342734806311
MJ-24x10EL,24.0,10.0,340.0,0.05671193771626298,0.8624390243902439,1947.6531431266394,1947.6531431266394,6.229953966200012,115.99564560039053,105.36792419812586,10.745910841211337,0.788334902740399,18.411849020733282,True,0.28062855703603656
