span_m,chord_m,tail_arm_m,elevator_frac,taper_ratio,taper_start_frac,tip_chord_m,y_taper_m,n_packs,cells_per_string,string_plan,n_strings,n_cells,prop,mass_kg,wing_area_m2,aspect_ratio,static_margin,v_stall,v_night,v_day,p_night_w,p_day_w,climb_ms,soc_min,soc_end,margin_wh,unmet_wh,spilled_wh,solar_wh,propulsion_wh,battery_night_h,closed,reason
5.5,0.3,1.3,0.34,0.4,0.5,0.12,1.5814564984119155,3,mixed,27+27+12,3,66,22x12E,11.266028432219779,1.4396621697141447,21.01187392178705,0.313205443032607,10.59750363852822,12.717004366233864,12.9278094515068,67.79402315760568,69.54890534144396,6.20363926489682,0.4160969152982956,0.86561220256856,-165.74791847815658,0.0,0.16789560312723495,1452.7083568130336,1524.312897256949,14.166666666666668,False,did not refill (end SOC 0.866)
5.5,0.3,1.6,0.34,0.6,0.5,0.18,1.5674060041490667,3,mixed,29+29+10+1,4,69,22x12E,11.721481489353394,1.5080887204978881,20.05850159134743,0.31163941898415515,10.561515881397371,12.673819057676845,12.883908276037202,70.60907123609523,72.41323632513388,5.940694997075847,0.39214994776132833,0.8640000514384377,-168.08392546570371,0.0,0.20027579607341767,1518.7405548499887,1592.3586663751616,14.166666666666668,False,did not refill (end SOC 0.864)
5.5,0.3,1.6,0.34,0.6,0.5,0.18,1.5674060041490667,3,mixed,29+29+10+1+1,5,70,22x12E,11.837481489353394,1.5080887204978881,20.05850159134743,0.31163941898415515,10.61364750201675,12.7363770024201,12.947503220729212,71.68486037574216,73.54309699155877,5.882268960973162,0.38279779019693405,0.8609373367611578,-172.52179903308232,0.0,0.19647888773368055,1540.7512875289729,1618.7093090733313,14.166666666666668,False,did not refill (end SOC 0.861)
6.0,0.4,1.3,0.34,0.4,0.0,0.16000000000000003,0.49917527673716505,2,mixed,29+29+21+7+1+1,6,88,19x10E,11.19514148561168,1.7998020664169199,20.002199503898495,0.3115422679535207,9.44823897784773,11.337886773417276,11.525830735631462,90.96011497180395,93.79587747064564,2.8149913059125664,0.00974356449576002,0.8959412663910212,-183.78771669709582,181.57649524727256,0.13519383066517082,1936.9444757507108,2090.927757228579,14.166666666666668,False,"SOC floor violated (min 0.010, unmet 182 Wh); did not refill (end SOC 0.896)"
6.0,0.36,1.3,0.34,0.6,0.5,0.216,1.7686004107020508,2,mixed,29+29+16+8+5,5,87,19x10E,11.441549268056201,1.982678459141095,18.157255824323304,0.30802541424728663,9.100488866248716,10.920586639498458,11.10161317149231,91.07655284430945,93.67624594316419,2.7339525270169442,0.007583649266655789,0.874000453874209,-185.87419480841052,182.63388482204863,0.4652653911700272,1914.9337430717253,2090.967634885691,14.333333333333332,False,"SOC floor violated (min 0.008, unmet 183 Wh); did not refill (end SOC 0.874)"
6.0,0.4,1.3,0.34,0.6,0.0,0.24,0.5454984328043848,2,mixed,29+29+24+8+6,5,96,19x10E,11.575427235983819,2.007279749248702,17.93471986825669,0.30755231251444803,9.097310384256415,10.916772461107698,11.097735766874855,92.29341718693784,94.93825206240787,2.696868251164262,0.009377844445863898,0.9999999999528685,-186.12817498202642,186.12817498202642,48.4479491531618,2113.030337182592,2121.4903612412095,14.0,False,"SOC floor violated (min 0.009, unmet 186 Wh)"
6.0,0.4,1.6,0.34,0.6,0.0,0.24,0.4894789889065679,2,mixed,29+29+21+7,4,86,19x10E,11.527445844753895,1.998316638225051,18.015163018397324,0.3077246800341336,9.098773255003326,10.918527906003991,11.099520311132947,91.02454288555482,93.60137461604765,2.7137593284150476,0.007157882275780758,0.8538709233803261,-186.2854857215958,183.43628176388623,0.3222535502868891,1892.9230103927393,2089.4984026480847,14.333333333333332,False,"SOC floor violated (min 0.007, unmet 183 Wh); did not refill (end SOC 0.854)"
6.0,0.45,1.3,0.34,0.4,0.0,0.18000000000000002,0.5665992537056255,2,mixed,29+29+24+8+6,5,96,19x10E,11.674413726077894,2.0429817985005188,17.621302366189855,0.3068657346442208,9.055944257199803,10.867133108639763,11.047273561191766,92.43103233454568,95.04810060442696,2.6703429301533705,0.007761904374900021,0.9999999999119096,-186.5272386120835,186.5272386120835,45.805020130968906,2113.030337182592,2124.515458727909,14.0,False,"SOC floor violated (min 0.008, unmet 187 Wh)"
6.0,0.4,1.3,0.34,0.4,0.0,0.16000000000000003,0.49917527673716505,2,mixed,29+29+21+7+1,5,87,19x10E,11.07914148561168,1.7998020664169199,20.002199503898495,0.3115422679535207,9.399161902529618,11.278994283035543,11.465962006184355,89.40656655554287,92.13620789217143,2.8490039192609062,0.003995064912016883,0.8859965130933092,-189.3407672949917,155.63891995231285,0.1831414816756845,1914.933743071725,2052.5990704765295,14.166666666666668,False,"SOC floor violated (min 0.004, unmet 156 Wh); did not refill (end SOC 0.886)"
6.0,0.36,1.3,0.34,0.4,0.5,0.144,1.7596580248182372,2,mixed,29+29+14+7+3+3,6,85,19x10E,11.350722165495899,1.8920861333607393,19.026617956369936,0.3097675743584473,9.278755789805873,11.134506947767047,11.319079557715066,91.48006433032782,94.19253176509943,2.7656862010913392,0.008501329458452172,0.8291377600992429,-193.46802804453253,193.46802804453253,0.17854431381601424,1870.9122777137547,2101.7420624639844,14.333333333333332,False,"SOC floor violated (min 0.009, unmet 193 Wh); did not refill (end SOC 0.829)"
6.0,0.36,1.3,0.34,0.4,0.5,0.144,1.7596580248182372,2,mixed,29+29+14+7+3,5,82,19x10E,11.218722165495898,1.8920861333607393,19.026617956369936,0.3097675743584473,9.224645687529259,11.06957482503511,11.253071079162586,89.74725896440633,92.37499106943278,2.8027257804101473,0.002714395060482668,0.77950127151599,-193.68177171555362,168.59723577949848,0.4248893222834565,1804.8800796767975,2058.8976701434926,14.5,False,"SOC floor violated (min 0.003, unmet 169 Wh); did not refill (end SOC 0.780)"
5.5,0.3,1.6,0.34,0.4,0.5,0.12,1.5606728476146494,3,mixed,28+28+10,3,66,22x12E,11.449336084102377,1.4359211125706368,21.066616915914956,0.3132910616322041,10.697278697090649,12.83673443650878,13.049524242943015,69.04400400012466,70.86206657593266,6.108523899872837,0.40389112733993887,0.8445209044166775,-196.3092095002343,0.0,0.3867385728851076,1452.7083568130333,1554.6307009024717,14.333333333333332,False,did not refill (end SOC 0.845)
6.0,0.45,1.6,0.34,0.4,0.0,0.18000000000000002,0.5067021963549303,2,mixed,29+29+21+7+7,5,93,19x10E,11.7709596333733,2.026809593015831,17.76190527420639,0.30717673859584943,9.129519253632937,10.955423104359523,11.137027107567048,93.10956203129035,95.78809257113744,2.651059662499344,0.005312011865328479,0.9745673391776183,-198.6498672510239,198.6498672510239,0.45800756940649967,2046.998139145637,2140.968372392806,14.166666666666668,False,"SOC floor violated (min 0.005, unmet 199 Wh)"
6.0,0.4,1.6,0.34,0.6,0.0,0.24,0.4894789889065679,2,mixed,29+29+21+7+7,5,93,19x10E,11.691445844753895,1.998316638225051,18.015163018397324,0.3077246800341336,9.163268413270304,10.995922095924364,11.17819743595968,93.12339303541253,95.83061782349434,2.671441335460655,0.00515054132473663,0.9739831061484859,-198.6913602633904,198.6913602633904,0.4509200273470171,2046.998139145637,2141.582476599361,14.166666666666668,False,"SOC floor violated (min 0.005, unmet 199 Wh)"
6.0,0.36,1.3,0.34,0.6,0.5,0.216,1.7686004107020508,2,mixed,29+29+16+8+5+5,6,92,19x10E,11.589549268056201,1.982678459141095,18.157255824323304,0.30802541424728663,9.159158575744506,10.990990290893407,11.173183878217934,92.97488627363444,95.69881246641341,2.6951616786961243,0.005914536276475377,0.9554595718412205,-199.12303561155775,199.12303561155775,0.3380485031338705,2024.9874064666515,2138.1825447962087,14.166666666666668,False,"SOC floor violated (min 0.006, unmet 199 Wh)"
5.5,0.3,1.3,0.34,0.4,0.0,0.12,0.3529443121020869,2,mixed,21+21+10,3,52,22x12E,9.42683400064827,1.2185299761783757,24.8249945355237,0.31826631968059665,10.536909993900704,12.644291992680843,12.853891751788451,56.17027458662283,57.60037856610865,7.497522343363247,0.26865334240576233,0.771880977635387,-201.04297560421614,0.0,0.11116777008541825,1144.5580993072372,1241.9109285473132,14.333333333333332,False,did not refill (end SOC 0.772)
6.0,0.4,1.3,0.34,0.4,0.5,0.16000000000000003,1.7893630154824944,2,mixed,29+29+24+12+12,5,106,19x10E,11.878048248834927,2.109447123715799,17.066083143428536,0.30558755531315773,8.989523456552389,10.787428147862867,10.966247360713334,94.92027630148976,97.55931859786475,2.6092514944382166,0.0032761180878669895,0.9999999999999998,-201.87091581311248,201.87091581311248,219.73409800999355,2333.137663972446,2184.9168945822344,13.833333333333332,False,"SOC floor violated (min 0.003, unmet 202 Wh)"
6.0,0.3,1.6,0.34,0.6,0.0,0.18,0.36332022724263985,3,mixed,26+26+10,3,62,22x12E,11.50270381815194,1.4835984272691167,24.265326343238158,0.3176231071679016,10.548488549817641,12.65818625978117,12.868016339023656,65.69940213447924,67.4530010795495,6.082749281070277,0.4317385920578726,0.8399380870765384,-202.94971182609586,0.0,0.23457730113095226,1364.6654260970909,1473.737107696514,14.333333333333332,False,did not refill (end SOC 0.840)
6.0,0.4,1.3,0.34,0.6,0.0,0.24,0.5454984328043848,2,mixed,29+29+24+8+6+6,6,102,19x10E,11.73142723598382,2.007279749248702,17.93471986825669,0.30755231251444803,9.158406654429783,10.99008798531574,11.172266615453905,94.30456866778289,97.07535040553137,2.6569453924056754,0.007112415859590118,0.9999999999999998,-203.0481412848494,203.0481412848494,146.754977316378,2245.0947332565047,2171.4792623605563,13.833333333333332,False,"SOC floor violated (min 0.007, unmet 203 Wh)"
6.0,0.45,1.3,0.34,0.4,0.0,0.18000000000000002,0.5665992537056255,2,mixed,29+29+24+8+6+6,6,102,19x10E,11.830413726077895,2.0429817985005188,17.621302366189855,0.3068657346442208,9.116248748553645,10.939498498264372,11.120838525157255,94.41444428143858,97.15384785910054,2.6312579784977514,0.0058513686708930555,0.9999999999999998,-203.3751532791426,203.3751532791426,144.7462444570824,2245.0947332565047,2173.7972657940936,13.833333333333332,False,"SOC floor violated (min 0.006, unmet 203 Wh)"
6.0,0.36,1.6,0.34,0.6,0.5,0.216,1.741673575454751,2,mixed,29+29+14+6+6,5,84,19x10E,11.56999288652958,1.978800994865484,18.192835001302,0.30809998086797147,9.160389393262838,10.992467271915405,11.174685342608916,91.96790218397672,94.6318261337149,2.7041998198512194,0.009787447156038498,0.805427033529999,-203.45510698034704,203.45510698034704,0.4346213928833234,1848.901545034769,2112.5369299379504,14.5,False,"SOC floor violated (min 0.010, unmet 203 Wh); did not refill (end SOC 0.805)"
6.0,0.3,1.3,0.34,1.0,1.0,0.3,3.0,2,mixed,29+29+14+9+9,5,90,19x10E,11.066233828027828,1.7999999999999998,20.000000000000004,0.3115384615384616,9.39316860733619,11.271802328803426,11.458650833582762,93.65683089026007,96.64555089627764,2.8327844872947354,0.004228088706301833,0.9029387933342817,-210.71162554735403,210.71162554735403,0.5247940960544769,1980.9659411086798,2156.654901424405,14.333333333333332,False,"SOC floor violated (min 0.004, unmet 211 Wh); did not refill (end SOC 0.903)"
6.0,0.45,1.6,0.34,0.4,0.0,0.18000000000000002,0.5067021963549303,2,mixed,29+29+21+7+7+7,6,100,19x10E,11.9349596333733,2.026809593015831,17.76190527420639,0.30717673859584943,9.192898200955407,11.031477841146488,11.214342575640408,95.23346788648183,98.03679457670096,2.6101303304625527,0.003253784712481802,0.9999999999999376,-215.1105816728828,215.1105816728828,92.8076336452286,2201.0732678985332,2193.636496177757,14.0,False,"SOC floor violated (min 0.003, unmet 215 Wh)"
6.0,0.3,1.3,0.34,1.0,1.0,0.3,3.0,2,mixed,29+29+14+9,4,81,19x10E,10.886233828027828,1.7999999999999998,20.000000000000004,0.3115384615384616,9.316462193188894,11.179754631826672,11.365077295924387,91.20745486501097,94.03373813693949,2.8866002728969646,0.0073559726243795,0.7481180245703114,-223.99798826507916,196.71323061490395,0.14150330041246306,1782.8693469978134,2095.828607843579,14.5,False,"SOC floor violated (min 0.007, unmet 197 Wh); did not refill (end SOC 0.748)"
6.0,0.3,1.6,0.34,1.0,1.0,0.3,3.0,2,mixed,29+29+12+9+9,5,88,19x10E,11.222788217817277,1.7999999999999998,20.000000000000004,0.3115384615384616,9.459378002417978,11.351253602901574,11.539419142112052,95.0444736922887,98.15159967167405,2.7904614697737897,0.002260662443652358,0.8455891176387662,-233.03779171283634,233.03779171283634,0.13196041041780995,1936.9444757507108,2191.1029197490025,14.333333333333332,False,"SOC floor violated (min 0.002, unmet 233 Wh); did not refill (end SOC 0.846)"
6.0,0.36,1.6,0.34,0.4,0.5,0.144,1.733439304305606,2,mixed,29+29+14+4+4,5,80,19x10E,11.35624506040306,1.886422889730011,19.083737902031288,0.30987648288980746,9.29493374415756,11.153920492989073,11.338814914107246,90.81458545688265,93.50437688760898,2.768139300605566,0.003232007239277402,0.728865727171069,-242.5957075527473,189.02996055461549,0.08712725458312438,1760.8586143188277,2084.8789202711814,14.583333333333332,False,"SOC floor violated (min 0.003, unmet 189 Wh); did not refill (end SOC 0.729)"
5.5,0.4,1.6,0.34,0.6,0.0,0.24,0.4695058333139368,2,mixed,29+29+21+4,4,83,19x10E,11.182359182473048,1.8351209333302299,16.48392727181458,0.30415489281634567,9.351533276031399,11.221839931237678,11.407860227802567,96.03951364561536,98.93539438209693,2.7915133532423217,0.0018796010973654645,0.7360435802030868,-257.52040413736887,257.52040413736887,0.2615794357744754,1826.8908123557821,2211.9765477019264,14.666666666666668,False,"SOC floor violated (min 0.002, unmet 258 Wh); did not refill (end SOC 0.736)"
5.5,0.4,1.3,0.34,0.6,0.0,0.24,0.5233448015239407,2,mixed,29+29+24+8+3,5,93,19x10E,11.22099434582477,1.8437351682438305,16.406911643830778,0.30395774567274125,9.34576488647092,11.214917863765104,11.400823415773663,97.20886636291245,100.1617310099961,2.776489901043836,0.008003089271622372,0.9336810751119861,-259.6011542306844,259.6011542306844,0.49317694083809016,2046.9981391456367,2241.5571509650567,14.333333333333332,False,"SOC floor violated (min 0.008, unmet 260 Wh); did not refill (end SOC 0.934)"
5.5,0.45,1.3,0.34,0.4,0.0,0.18000000000000002,0.5444147363222125,2,mixed,29+29+24+8+1,5,91,19x10E,11.30307094660526,1.8794919788069973,16.094774726945687,0.3031394079866167,9.290229394865634,11.14827527383876,11.333076116243735,97.20196257416387,100.12644832171897,2.7533079254574844,0.005922069624592236,0.8911623483236871,-261.5596047095751,261.5596047095751,0.25072811173041387,2002.976673787667,2241.117130672964,14.333333333333332,False,"SOC floor violated (min 0.006, unmet 262 Wh); did not refill (end SOC 0.891)"
6.0,0.36,1.3,0.34,0.6,0.0,0.216,0.48869414444094267,2,mixed,29+29+14+3+3,5,78,19x10E,10.985205229090756,1.7983719567994956,20.018105744969485,0.3115697700615481,9.362951546189478,11.235541855427373,11.42178928372974,88.71959773487855,91.4814879463735,2.874248060380101,0.0030769139941848054,0.7072559724588369,-263.47073060476356,162.67666955703058,0.4290392481384503,1716.8371489608571,2035.2781451286633,14.583333333333332,False,"SOC floor violated (min 0.003, unmet 163 Wh); did not refill (end SOC 0.707)"
5.5,0.36,1.3,0.34,0.6,0.5,0.216,1.632376116030971,2,mixed,29+29+14+7+2,5,81,19x10E,11.063112188917971,1.8190621607084598,16.629448214248328,0.30452241717386863,9.34250496961095,11.21100596353314,11.396846669416133,95.48023822057829,98.35302821818654,2.823548868398437,0.005741396393880854,0.7054550809214708,-265.2103918298592,257.8999704490572,0.10514137993289077,1782.8693469978134,2198.3384239382103,14.666666666666668,False,"SOC floor violated (min 0.006, unmet 258 Wh); did not refill (end SOC 0.705)"
5.5,0.45,1.6,0.34,0.4,0.0,0.18000000000000002,0.48669274633032533,2,mixed,29+29+21+3,4,82,19x10E,11.25365970321726,1.8639070415091878,16.22935013728306,0.3034960880519194,9.30857525177279,11.170290302127349,11.355456079526602,95.95174281621362,98.81382210939536,2.7719053813474255,0.009919934391800427,0.7252872783782476,-266.423812000097,266.423812000097,0.1692261737492148,1804.8800796767975,2209.5545676588235,14.666666666666668,False,"SOC floor violated (min 0.010, unmet 266 Wh); did not refill (end SOC 0.725)"
6.0,0.36,1.6,0.34,0.6,0.5,0.216,1.741673575454751,2,mixed,29+29+14+6,4,78,19x10E,11.413992886529579,1.978800994865484,18.192835001302,0.30809998086797147,9.098424341245016,10.918109209494018,11.099094674045547,89.98191769511783,92.52261257192131,2.7452480346792836,0.0030570333732887253,0.6974192891039026,-272.97296672563004,181.02007154260357,0.283556496203816,1716.8371489608571,2063.2791768663146,14.666666666666668,False,"SOC floor violated (min 0.003, unmet 181 Wh); did not refill (end SOC 0.697)"
6.0,0.4,1.6,0.34,0.4,0.0,0.16000000000000003,0.4467963792362206,2,mixed,29+29+18+1+1,5,78,19x10E,11.15139689462527,1.787231131016693,20.14288995711532,0.31178401671121747,9.462866769725155,11.355440123670185,11.543675061289456,89.87157997416978,92.67501011456271,2.831510433013851,0.004389189753395722,0.6973169163566947,-273.0718587994329,180.6890583797594,0.27085670098369974,1716.8371489608571,2063.083267357071,14.666666666666668,False,"SOC floor violated (min 0.004, unmet 181 Wh); did not refill (end SOC 0.697)"
5.5,0.3,1.6,0.34,0.4,0.0,0.12,0.31638983679641164,2,mixed,21+21+8,3,50,22x12E,9.59983348747534,1.211950170623354,24.95977205435866,0.31841690645744386,10.661981318534144,12.794377582240973,13.006465254743459,57.41595793168649,58.925792099592904,7.370810621299398,0.2456416771626653,0.6950963029914611,-275.2169713102486,0.0,0.22772305126488016,1100.5366339492666,1272.07477592761,14.666666666666668,False,did not refill (end SOC 0.695)
6.0,0.4,1.6,0.34,0.4,0.0,0.16000000000000003,0.4467963792362206,2,mixed,29+29+18+1,4,77,19x10E,11.035396894625269,1.787231131016693,20.14288995711532,0.31178401671121747,9.413520390625298,11.296224468750356,11.483477810325043,88.3300849757043,91.02783623841972,2.8658280845016613,0.006683173062184035,0.6950910130180941,-275.2220814245211,162.48296539537066,0.3056369059118893,1694.826416281871,2025.101051202255,14.666666666666668,False,"SOC floor violated (min 0.007, unmet 162 Wh); did not refill (end SOC 0.695)"
5.5,0.36,1.6,0.34,0.4,0.0,0.144,0.3835149184829639,3,mixed,26+26+10,3,62,22x12E,11.498849709015255,1.4688392223923201,20.594493623836772,0.3125376910323436,10.599576598227074,12.719491917872489,12.930338238370343,68.73067146394342,70.4926529709043,6.072448339181835,0.40149953730056254,0.7898311694427238,-275.5546354774932,0.0,0.23196021538464368,1364.6654260970909,1546.2749394507675,14.5,False,did not refill (end SOC 0.790)
5.5,0.36,1.3,0.34,0.6,0.5,0.216,1.632376116030971,2,mixed,29+29+14+7+2+2,6,83,19x10E,11.187112188917972,1.8190621607084598,16.629448214248328,0.30452241717386863,9.394716431724676,11.273659718069611,11.460539012104919,97.27850246041424,100.2719101436783,2.7871533278234506,0.0044051837629795094,0.726090190251183,-278.3878231818322,278.3878231818322,0.15020312230936145,1826.8908123557821,2242.6225307603963,14.666666666666668,False,"SOC floor violated (min 0.004, unmet 278 Wh); did not refill (end SOC 0.726)"
6.0,0.3,1.6,0.34,1.0,1.0,0.3,3.0,2,mixed,29+29+12+9,4,79,19x10E,11.042788217817277,1.7999999999999998,20.000000000000004,0.3115384615384616,9.383212856154394,11.259855427385272,11.446505892791524,92.56015227492414,95.4919672328412,2.843162258403162,0.004809279186101632,0.6913469743475945,-278.83882278022367,218.57995619172183,0.13859455921088326,1738.8478816398417,2128.8072608720777,14.666666666666668,False,"SOC floor violated (min 0.005, unmet 219 Wh); did not refill (end SOC 0.691)"
5.0,0.3,1.6,0.34,1.0,1.0,0.3,2.5,3,mixed,29+29+12+3+3,5,76,22x12E,11.875142635530016,1.5,16.666666666666668,0.3046153846153847,10.659141735880878,12.790970083057053,13.003001270703878,81.49487259430882,83.65868563757066,5.810603531844556,0.29347569423495534,0.7872503901774753,-279.2941846328382,0.0,0.20634955799436838,1672.8156836028852,1856.793801681606,14.333333333333332,False,did not refill (end SOC 0.787)
5.5,0.4,1.3,0.34,0.4,0.5,0.16000000000000003,1.652408364194063,2,mixed,29+29+24+8+8,5,98,19x10E,11.463055267459806,1.9365780074065753,15.62033643070757,0.3018329254503263,9.216820820096133,11.06018498411536,11.243525586317366,99.59134523937065,102.56206903591143,2.7006038294683927,0.0033359895212976883,0.9999983818762476,-280.2140247865738,280.2140247865738,8.44292975408976,2157.051802540563,2299.404403077535,14.166666666666668,False,"SOC floor violated (min 0.003, unmet 280 Wh)"
5.5,0.4,1.3,0.34,0.6,0.0,0.24,0.5233448015239407,2,mixed,29+29+24+8+3+3,6,96,19x10E,11.35299434582477,1.8437351682438305,16.406911643830778,0.30395774567274125,9.400574383594126,11.28068926031295,11.467685080474176,99.13561466262304,102.22252806923976,2.7388040727776484,0.006338797344737244,0.9737347601239165,-280.42290290102017,280.42290290102017,0.15583812501435307,2113.0303371825926,2289.609400401354,14.166666666666668,False,"SOC floor violated (min 0.006, unmet 280 Wh)"
5.5,0.45,1.3,0.34,0.4,0.0,0.18000000000000002,0.5444147363222125,2,mixed,29+29+24+8+1+1,6,92,19x10E,11.41907094660526,1.8794919788069973,16.094774726945687,0.3031394079866167,9.337779117005438,11.205334940406525,11.391081639833327,98.88423646943475,101.89786701725279,2.720833019595881,0.005137687656348918,0.8935706051644724,-283.17111781253266,283.17111781253266,0.19755602781915607,2024.9874064666517,2282.3534372286745,14.333333333333332,False,"SOC floor violated (min 0.005, unmet 283 Wh); did not refill (end SOC 0.894)"
5.5,0.4,1.6,0.34,0.6,0.0,0.24,0.4695058333139368,2,mixed,29+29+21+4+4,5,87,19x10E,11.322359182473049,1.8351209333302299,16.48392727181458,0.30415489281634567,9.409890476853226,11.291868572223871,11.479049707710372,98.07202830847434,101.10346953891563,2.7512736497078225,0.008691450876402603,0.8031230890895771,-285.18172720535307,285.18172720535307,0.14329591655574228,1914.933743071725,2262.5273710925717,14.5,False,"SOC floor violated (min 0.009, unmet 285 Wh); did not refill (end SOC 0.803)"
5.5,0.36,1.3,0.34,0.4,0.5,0.144,1.6238979058029053,2,mixed,29+29+14+7,4,79,19x10E,10.773337326978229,1.7367619476534273,17.417470506462536,0.3064059566970607,9.43525041215364,11.322300494584367,11.509986088810006,93.2729567904038,96.16069386343565,2.914207607462356,0.004403236146861977,0.6842835908342664,-285.6620512540987,228.78444486173726,0.4772184138062627,1738.8478816398417,2145.5031756513204,14.666666666666668,False,"SOC floor violated (min 0.004, unmet 229 Wh); did not refill (end SOC 0.684)"
5.5,0.45,1.6,0.34,0.4,0.0,0.18000000000000002,0.48669274633032533,2,mixed,29+29+21+3+3,5,85,19x10E,11.38565970321726,1.8639070415091878,16.22935013728306,0.3034960880519194,9.363008646554182,11.235610375865017,11.421858940005377,97.84837877555105,100.82401991512468,2.734585534630352,0.009019401466502505,0.7654897759447514,-286.3332921127834,286.3332921127834,0.30916254418961486,1870.9122777137545,2256.13374124926,14.666666666666668,False,"SOC floor violated (min 0.009, unmet 286 Wh); did not refill (end SOC 0.765)"
5.0,0.4,1.6,0.34,0.4,0.0,0.16000000000000003,0.41037840318928526,3,mixed,25+25+18,3,68,22x12E,11.62460367240322,1.4984908167654285,16.68345225762799,0.3046571773818805,10.55140963512729,12.661691562152749,12.871579747498219,74.7035452815245,76.61689862472876,5.963590563758572,0.3502811363653073,0.780573788964511,-288.9685797904235,0.0,0.35013932720593743,1496.7298221710025,1691.0619435170308,14.5,False,did not refill (end SOC 0.781)
5.5,0.4,1.3,0.28,0.6,0.5,0.24,1.661585651346976,2,mixed,29+29+24+10+10,5,102,19x10E,11.676537149193624,2.0258537042155162,14.931976547494031,0.2997897435780302,9.094973584426187,10.913968301311424,11.094885123557152,100.63358831393256,103.54143931074987,2.638580820510338,0.004434076741362479,0.9999999999997862,-289.13183062084846,289.13183062084846,80.26770877111011,2245.0947332565047,2324.0423085861516,14.083333333333334,False,"SOC floor violated (min 0.004, unmet 289 Wh)"
5.5,0.4,1.3,0.34,0.6,0.5,0.24,1.661585651346976,2,mixed,29+29+24+10+10,5,102,19x10E,11.676537149193624,2.0258537042155162,14.931976547494031,0.2997897435780302,9.094973584426187,10.913968301311424,11.094885123557152,100.63358831393256,103.54143931074987,2.638580820510338,0.004434076741362479,0.9999999999997862,-289.13183062084846,289.13183062084846,80.26770877111011,2245.0947332565047,2324.0423085861516,14.083333333333334,False,"SOC floor violated (min 0.004, unmet 289 Wh)"
5.5,0.3,1.3,0.34,1.0,1.0,0.3,2.75,2,mixed,29+29+14+5+5,5,82,19x10E,10.701153499977236,1.65,18.333333333333336,0.3083916083916084,9.647655206842835,11.577186248211401,11.769096989451294,98.40729586794096,101.7651725330964,2.9203498388429585,0.007477095785385777,0.6950110779613069,-300.20008272427157,300.20008272427157,0.24659253514525994,1804.8800796767978,2272.5556369278365,14.833333333333334,False,"SOC floor violated (min 0.007, unmet 300 Wh); did not refill (end SOC 0.695)"
6.0,0.36,1.6,0.34,0.4,0.5,0.144,1.733439304305606,2,mixed,29+29+14+4,4,76,19x10E,11.21624506040306,1.886422889730011,19.083737902031288,0.30987648288980746,9.237462008794914,11.084954410553896,11.268705606391178,88.98894220483238,91.58924174080792,2.807483309227262,0.004900274196222942,0.6680395547782984,-301.3537900841638,172.9901296574582,0.15636882929581475,1672.8156836028852,2040.0040752517586,14.666666666666668,False,"SOC floor violated (min 0.005, unmet 173 Wh); did not refill (end SOC 0.668)"
5.5,0.4,1.6,0.34,0.4,0.5,0.16000000000000003,1.6242923932130202,2,mixed,29+29+21+10+10,5,99,19x10E,11.617253479575457,1.929830174371125,15.67495440880314,0.3019873577384867,9.294812548889505,11.153775058667405,11.338667068974537,101.138301196808,104.17353489654627,2.662962229214482,0.004787446802258741,0.9999998290652334,-301.9227763301597,301.9227763301597,14.306155696972578,2179.0625352195484,2337.165693437484,14.166666666666668,False,"SOC floor violated (min 0.005, unmet 302 Wh)"
6.0,0.3,1.3,0.34,0.6,0.5,0.18,1.7231472734329956,2,mixed,29+29+12+3+3,5,76,19x10E,10.641125880633103,1.6467776728119592,21.860874478901643,0.31448504475361616,9.629966017340983,11.55595922080918,11.747518089454493,88.51664191943063,91.56500728756691,2.980246517058222,0.0030195440500846785,0.6663819760837081,-302.95501110313796,164.23418079398044,0.15838836706589868,1672.8156836028852,2032.8508161689372,14.666666666666668,False,"SOC floor violated (min 0.003, unmet 164 Wh); did not refill (end SOC 0.666)"
6.0,0.36,1.3,0.34,0.6,0.0,0.216,0.48869414444094267,2,mixed,29+29+14+3,4,75,19x10E,10.853205229090756,1.7983719567994956,20.018105744969485,0.3115697700615481,9.306528166932024,11.167833800318428,11.352958857194329,87.00671799310527,89.68951488110203,2.9139260749822316,0.0054402334577763264,0.6663760254429087,-302.96075942215015,146.53803899524405,0.2121951161875799,1650.8049509239008,1993.20066945583,14.666666666666668,False,"SOC floor violated (min 0.005, unmet 147 Wh); did not refill (end SOC 0.666)"
6.0,0.3,1.3,0.34,0.4,0.0,0.12,0.3677616452701203,3,mixed,23+23+10,3,56,22x12E,10.950526317421952,1.3261970961486216,27.145286401656865,0.32065005584329564,10.885839067629194,13.063006881155031,13.279547522346807,64.42803685123272,66.29384480263195,6.438648684528538,0.4358654446570965,0.7698316963186301,-304.5338720343049,0.0,0.2146328791359681,1232.601030023179,1443.6870919759717,14.666666666666668,False,did not refill (end SOC 0.770)
5.5,0.4,1.3,0.34,0.4,0.5,0.16000000000000003,1.652408364194063,2,mixed,29+29+24+8+8+8,6,106,19x10E,11.635055267459807,1.9365780074065753,15.62033643070757,0.3018329254503263,9.285711295728182,11.142853554873819,11.32756452344563,102.11785661210264,105.21170003573341,2.6542599690279234,0.009435662836885694,0.9999999999999998,-308.2629221521476,308.2629221521476,149.36273977031055,2333.1376639724454,2361.766992926774,14.0,False,"SOC floor violated (min 0.009, unmet 308 Wh)"
5.5,0.4,1.3,0.28,0.6,0.5,0.24,1.661585651346976,2,mixed,29+29+24+10+10+8,6,110,19x10E,11.848537149193625,2.0258537042155162,14.931976547494031,0.2997897435780302,9.16171497615423,10.994057971385075,11.176302410516286,103.0976042216287,106.15921893471739,2.595125235155805,0.002448838919842846,0.9999999999999998,-308.82894410809683,308.82894410809683,214.28358223513177,2421.1805946883883,2384.9586484499773,14.0,False,"SOC floor violated (min 0.002, unmet 309 Wh)"
5.5,0.4,1.3,0.34,0.6,0.5,0.24,1.661585651346976,2,mixed,29+29+24+10+10+8,6,110,19x10E,11.848537149193625,2.0258537042155162,14.931976547494031,0.2997897435780302,9.16171497615423,10.994057971385075,11.176302410516286,103.0976042216287,106.15921893471739,2.595125235155805,0.002448838919842846,0.9999999999999998,-308.82894410809683,308.82894410809683,214.28358223513177,2421.1805946883883,2384.9586484499773,14.0,False,"SOC floor violated (min 0.002, unmet 309 Wh)"
5.0,0.3,1.6,0.34,1.0,1.0,0.3,2.5,3,mixed,29+29+12+3,4,73,22x12E,11.743142635530017,1.5,16.666666666666668,0.3046153846153847,10.599734510803415,12.719681412964098,12.930530874652108,80.05059863613961,82.1348121100556,5.877325613711282,0.30385829674542786,0.7664411122544648,-309.4468283432805,0.0,0.395165199602007,1606.7834855659294,1821.0143952695573,14.5,False,did not refill (end SOC 0.766)
6.0,0.36,1.6,0.34,0.6,0.0,0.216,0.4387069082970673,2,mixed,29+29+12+3+3,5,76,19x10E,11.126271751325499,1.7911737947947777,20.09855219220906,0.3117081962539466,9.441791751664685,11.33015010199762,11.517965816266669,89.99041889879953,92.83975507282035,2.836143501704318,0.008361795852590564,0.6594560238426936,-309.64548096795795,191.01371594233007,0.40397400751889967,1672.8156836028852,2066.126413180889,14.75,False,"SOC floor violated (min 0.008, unmet 191 Wh); did not refill (end SOC 0.659)"
5.5,0.4,1.6,0.28,0.6,0.5,0.24,1.6327806457453082,2,mixed,29+29+21+13+13,5,105,19x10E,11.846215789940949,2.0212449033192494,14.96602413211978,0.29989522153878384,9.171255659517973,11.005506791421567,11.187941013414727,102.33550245760154,105.35148655475264,2.5994941438595474,0.006181551617757462,0.9999999999999988,-309.9763942842508,309.9763942842508,124.67889300367712,2311.1269312934596,2366.211899953958,14.0,False,"SOC floor violated (min 0.006, unmet 310 Wh)"
5.5,0.4,1.6,0.34,0.6,0.5,0.24,1.6327806457453082,2,mixed,29+29+21+13+13,5,105,19x10E,11.846215789940949,2.0212449033192494,14.96602413211978,0.29989522153878384,9.171255659517973,11.005506791421567,11.187941013414727,102.33550245760154,105.35148655475264,2.5994941438595474,0.006181551617757462,0.9999999999999988,-309.9763942842508,309.9763942842508,124.67889300367712,2311.1269312934596,2366.211899953958,14.0,False,"SOC floor violated (min 0.006, unmet 310 Wh)"
5.5,0.45,1.3,0.28,0.6,0.0,0.27,0.5923102261814742,2,mixed,29+29+27+9+8,5,102,19x10E,11.818709156676736,2.0866158407126654,14.497158226148795,0.29839912888388054,9.01596509981358,10.819158119776295,10.998503308654,102.1237975391095,105.00421693725666,2.594834663648485,0.0059329066632490355,0.9999999999961605,-311.49842722204534,311.49842722204534,67.41250465541764,2245.0947332565042,2359.2952650203974,14.166666666666668,False,"SOC floor violated (min 0.006, unmet 311 Wh)"
5.5,0.45,1.3,0.34,0.6,0.0,0.27,0.5923102261814742,2,mixed,29+29+27+9+8,5,102,19x10E,11.818709156676736,2.0866158407126654,14.497158226148795,0.29839912888388054,9.01596509981358,10.819158119776295,10.998503308654,102.1237975391095,105.00421693725666,2.594834663648485,0.0059329066632490355,0.9999999999961605,-311.49842722204534,311.49842722204534,67.41250465541764,2245.0947332565042,2359.2952650203974,14.166666666666668,False,"SOC floor violated (min 0.006, unmet 311 Wh)"
5.0,0.3,1.6,0.34,0.6,0.0,0.18,0.33265133972193933,2,mixed,21+21+10,3,52,22x12E,9.672171342338906,1.2399181607666325,20.162621043103908,0.31181765093261626,10.580688517013142,12.69682622041577,12.90729682001682,60.773076818181565,62.346751844895216,7.2774144172412605,0.19909494936612698,0.6564418372215319,-312.55718524400015,0.0,0.1336201532791268,1144.5580993072372,1353.2414772190166,14.666666666666668,False,"SOC floor violated (min 0.199, unmet 0 Wh); did not refill (end SOC 0.656)"
6.0,0.3,1.6,0.34,0.6,0.5,0.18,1.700837857809784,2,mixed,29+29+12+3+3,5,76,19x10E,10.816683575757605,1.644100542937174,21.89647108545214,0.314536528020439,9.716980373711952,11.660376448454342,11.853666202923373,90.33525872598679,93.55292472542212,2.9269488409690436,0.004149918647998515,0.6486330722561887,-320.10045220052166,192.13640288054083,0.29238381817397396,1672.8156836028852,2077.8096199184497,14.75,False,"SOC floor violated (min 0.004, unmet 192 Wh); did not refill (end SOC 0.649)"
5.0,0.3,1.3,0.34,1.0,1.0,0.3,2.5,3,mixed,29+29+12+1+1,5,72,22x12E,11.655871006417184,1.5,16.666666666666668,0.3046153846153847,10.560273983454247,12.672328780145095,12.882393294725139,79.62679993526636,81.68634902259879,5.9188749332391275,0.30665196868412536,0.7585716905441153,-320.8496204015769,0.0,0.2840470438122532,1584.772752886944,1810.608914776042,14.5,False,did not refill (end SOC 0.759)
5.5,0.4,1.6,0.34,0.4,0.5,0.16000000000000003,1.6242923932130202,2,mixed,29+29+21+10+10+7,6,106,19x10E,11.781253479575456,1.929830174371125,15.67495440880314,0.3019873577384867,9.360189753471891,11.232227704166268,11.418420195007021,103.58470895760256,106.76013767764488,2.6194521067904466,0.0026931064689918217,0.9999999999999991,-322.6469516931901,322.6469516931901,127.63644812948111,2333.1376639724454,2397.7873021828746,14.0,False,"SOC floor violated (min 0.003, unmet 323 Wh)"
5.5,0.45,1.6,0.28,0.6,0.0,0.27,0.5310624875088386,2,mixed,29+29+24+10+10,5,102,19x10E,11.946328304930578,2.075591247751591,14.574160511020017,0.29865143997517024,9.088553263814603,10.906263916577524,11.087053026082573,103.31334913658242,106.27652659050901,2.567874785089788,0.002084335762141362,0.9999999999561113,-324.7923229652732,324.7923229652732,51.31006150825262,2245.0947332565042,2388.658290908257,14.166666666666668,False,"SOC floor violated (min 0.002, unmet 325 Wh)"
5.5,0.45,1.6,0.34,0.6,0.0,0.27,0.5310624875088386,2,mixed,29+29+24+10+10,5,102,19x10E,11.946328304930578,2.075591247751591,14.574160511020017,0.29865143997517024,9.088553263814603,10.906263916577524,11.087053026082573,103.31334913658242,106.27652659050901,2.567874785089788,0.002084335762141362,0.9999999999561113,-324.7923229652732,324.7923229652732,51.31006150825262,2245.0947332565042,2388.658290908257,14.166666666666668,False,"SOC floor violated (min 0.002, unmet 325 Wh)"
5.0,0.45,1.3,0.28,0.4,0.0,0.18000000000000002,0.5212041727516119,2,mixed,28+28+24,3,80,19x10E,10.668926028609862,1.7157251266429352,14.571098605355347,0.2986414580314265,9.446804885378471,11.336165862454164,11.52408129776281,99.7540006215211,102.89405315775193,2.914119339382547,0.006936556280468105,0.6443716515287664,-324.83935254872495,324.83935254872495,0.25069297123754686,1760.858614318828,2302.356487742586,15.0,False,"SOC floor violated (min 0.007, unmet 325 Wh); did not refill (end SOC 0.644)"
5.0,0.45,1.3,0.34,0.4,0.0,0.18000000000000002,0.5212041727516119,2,mixed,28+28+24,3,80,19x10E,10.668926028609862,1.7157251266429352,14.571098605355347,0.2986414580314265,9.446804885378471,11.336165862454164,11.52408129776281,99.7540006215211,102.89405315775193,2.914119339382547,0.006936556280468105,0.6443716515287664,-324.83935254872495,324.83935254872495,0.25069297123754686,1760.858614318828,2302.356487742586,15.0,False,"SOC floor violated (min 0.007, unmet 325 Wh); did not refill (end SOC 0.644)"
5.0,0.3,1.3,0.34,0.6,0.5,0.18,1.4540034507457689,3,mixed,26+26+12,3,64,22x12E,11.120154794084124,1.3744804140894922,18.18869133654476,0.30809131160982944,10.775429450018931,12.930515340022717,13.14485971786331,72.54590728054283,74.50589017082481,6.27578352881861,0.3660304841913626,0.7557709886603835,-324.90783743110427,0.0,0.09450274860503072,1408.6868914550616,1639.558280283186,14.583333333333332,False,did not refill (end SOC 0.756)
5.5,0.45,1.3,0.28,0.6,0.0,0.27,0.5923102261814742,2,mixed,29+29+27+9+8+8,6,110,19x10E,11.990709156676735,2.0866158407126654,14.497158226148795,0.29839912888388054,9.081333685512902,10.897600422615483,11.07824592058036,104.57360312050382,107.60214785375767,2.5527108658708118,0.004912994996385577,0.9999999999999998,-331.91587374053535,331.91587374053535,202.3059126967245,2421.180594688388,2420.0519222246267,14.0,False,"SOC floor violated (min 0.005, unmet 332 Wh)"
5.5,0.45,1.3,0.34,0.6,0.0,0.27,0.5923102261814742,2,mixed,29+29+27+9+8+8,6,110,19x10E,11.990709156676735,2.0866158407126654,14.497158226148795,0.29839912888388054,9.081333685512902,10.897600422615483,11.07824592058036,104.57360312050382,107.60214785375767,2.5527108658708118,0.004912994996385577,0.9999999999999998,-331.91587374053535,331.91587374053535,202.3059126967245,2421.180594688388,2420.0519222246267,14.0,False,"SOC floor violated (min 0.005, unmet 332 Wh)"
5.5,0.4,1.3,0.34,0.4,0.0,0.16000000000000003,0.4794418001213123,2,mixed,27+27+21,3,75,19x10E,10.475847570876676,1.655066032029115,18.277216385689112,0.3082756661455511,9.530932017752162,11.437118421302594,11.626707309899743,90.19338930341617,93.0674913451364,3.0158404260076557,0.004504643515101152,0.6336324982241717,-334.59100671545013,192.65839756768938,0.22640948304042632,1650.8049509239008,2070.987278664421,14.833333333333334,False,"SOC floor violated (min 0.005, unmet 193 Wh); did not refill (end SOC 0.634)"
5.0,0.36,1.6,0.34,0.6,0.0,0.216,0.4019128346549774,3,mixed,27+27+12,3,66,22x12E,11.591485432501457,1.4978754481903167,16.690306280274616,0.3046742183578066,10.5385326409502,12.64623916914024,12.855871205872964,74.81893464647497,76.7288317572255,5.978269709546979,0.3461206972637648,0.7486797608075952,-335.18302658979445,0.0,0.10623658295207031,1452.7083568130333,1693.639295974956,14.583333333333332,False,did not refill (end SOC 0.749)
5.5,0.3,1.6,0.34,1.0,1.0,0.3,2.75,2,mixed,29+29+12+5+5,5,80,19x10E,10.865229219160495,1.65,18.333333333333336,0.3083916083916084,9.721335319990002,11.665602383988002,11.858978766860558,100.36108359917894,103.84084550929799,2.8708841348373126,0.00879719808502349,0.6376809790628359,-335.8822959038322,335.8822959038322,0.1717936086087081,1760.858614318828,2319.983863571368,15.0,False,"SOC floor violated (min 0.009, unmet 336 Wh); did not refill (end SOC 0.638)"
5.5,0.3,1.3,0.34,0.6,0.0,0.18,0.3878193054161349,3,mixed,24+24+10,3,58,22x12E,11.048116896158616,1.366538316649936,22.13622525723082,0.31487897050260794,10.771636093495095,12.925963312194114,13.140232232750355,67.60629413796278,69.51109362169768,6.348050546709931,0.4066980023398506,0.7472270708954524,-337.28797427248946,0.0,0.1514973803812746,1276.6224953811497,1520.3291878259618,14.666666666666668,False,did not refill (end SOC 0.747)
6.0,0.3,1.6,0.34,0.4,0.0,0.12,0.3297497516853135,3,mixed,23+23+10,3,56,22x12E,11.13404595163103,1.3193549553033563,27.28606115836553,0.32078163547493554,11.005103407217064,13.206124088660475,13.42503713095107,65.79154125975256,67.7601877611973,6.334875935080786,0.4218758835563796,0.7466475249886199,-338.1277362914898,0.0,0.09243763258885569,1232.601030023179,1477.3710242475354,14.666666666666668,False,did not refill (end SOC 0.747)
6.0,0.3,1.3,0.34,0.6,0.5,0.18,1.7231472734329956,2,mixed,29+29+12+3,4,73,19x10E,10.509125880633103,1.6467776728119592,21.860874478901643,0.31448504475361616,9.570051199753559,11.48406143970427,11.674428485382455,86.70930647853852,89.61982962682823,3.02365703142532,0.006806075160715449,0.6281617778891732,-339.8757225590587,148.21790790235997,0.31389404379433944,1606.7834855659294,1987.9456946066075,14.75,False,"SOC floor violated (min 0.007, unmet 148 Wh); did not refill (end SOC 0.628)"
4.5,0.3,1.3,0.34,0.4,0.5,0.12,1.3122039256221436,2,mixed,22+22+10,3,54,22x12E,9.379613117190924,1.1811967066119857,17.143630596535328,0.3057710527654022,10.675292864102103,12.810351436922522,13.022703902115273,63.75546432105154,65.37126514378816,7.495178668376148,0.15824711718884452,0.6272546320071201,-340.752025481122,0.0,0.08654594787216632,1188.5795646652082,1425.2119513841062,14.666666666666668,False,"SOC floor violated (min 0.158, unmet 0 Wh); did not refill (end SOC 0.627)"
6.0,0.3,1.3,0.34,0.4,0.5,0.12,1.7154242772003512,2,mixed,29+29+12+2+2,5,74,19x10E,10.469877912265607,1.5687763698960633,22.94782143001371,0.31598506980969104,9.786755497523677,11.744106597028411,11.938784315250679,88.34224360262584,91.56078923734582,3.0354806384598065,0.002785904816874911,0.6260121536551281,-341.95225956914624,165.95026197310526,0.24554087519895162,1628.7942182449153,2029.7171814479502,14.833333333333334,False,"SOC floor violated (min 0.003, unmet 166 Wh); did not refill (end SOC 0.626)"
4.5,0.3,1.6,0.34,0.6,0.5,0.18,1.2993035492544234,2,mixed,23+23+10,3,56,22x12E,9.703883147406225,1.2359164259105309,16.38460301640648,0.3039002931312639,10.615163217863165,12.738195861435797,12.94935223029915,65.67689487153885,67.32153596442444,7.221418448127014,0.13376776015979738,0.6244955749055229,-343.4172746412649,0.0,0.12899194898659397,1232.601030023179,1471.5954604505393,14.666666666666668,False,"SOC floor violated (min 0.134, unmet 0 Wh); did not refill (end SOC 0.624)"
5.0,0.45,1.3,0.28,0.4,0.0,0.18000000000000002,0.5212041727516119,2,mixed,28+28+24+8,4,88,19x10E,10.840926028609863,1.7157251266429352,14.571098605355347,0.2986414580314265,9.52264916001417,11.427178992017003,11.616603118365298,102.55102928234966,105.88662710617899,2.8593471582976617,0.004166888686091674,0.7731353430969049,-344.1456502610926,344.1456502610926,0.19473146585293222,1936.9444757507106,2372.356949132126,14.666666666666668,False,"SOC floor violated (min 0.004, unmet 344 Wh); did not refill (end SOC 0.773)"
5.0,0.45,1.3,0.34,0.4,0.0,0.18000000000000002,0.5212041727516119,2,mixed,28+28+24+8,4,88,19x10E,10.840926028609863,1.7157251266429352,14.571098605355347,0.2986414580314265,9.52264916001417,11.427178992017003,11.616603118365298,102.55102928234966,105.88662710617899,2.8593471582976617,0.004166888686091674,0.7731353430969049,-344.1456502610926,344.1456502610926,0.19473146585293222,1936.9444757507106,2372.356949132126,14.666666666666668,False,"SOC floor violated (min 0.004, unmet 344 Wh); did not refill (end SOC 0.773)"
5.0,0.4,1.3,0.28,0.6,0.0,0.24,0.5001615757312022,2,mixed,28+28+21+7,4,84,19x10E,10.71198899393444,1.6800258521169924,14.880723393927315,0.29963005332599096,9.565893156195754,11.479071787434904,11.669356121489987,101.71594711549169,105.05049588581687,2.8995315331442844,0.008159838552376565,0.7050334126468077,-345.2002584321465,345.2002584321465,0.1856698227332695,1848.9015450347686,2351.749427833127,14.833333333333334,False,"SOC floor violated (min 0.008, unmet 345 Wh); did not refill (end SOC 0.705)"
5.0,0.4,1.3,0.34,0.6,0.0,0.24,0.5001615757312022,2,mixed,28+28+21+7,4,84,19x10E,10.71198899393444,1.6800258521169924,14.880723393927315,0.29963005332599096,9.565893156195754,11.479071787434904,11.669356121489987,101.71594711549169,105.05049588581687,2.8995315331442844,0.008159838552376565,0.7050334126468077,-345.2002584321465,345.2002584321465,0.1856698227332695,1848.9015450347686,2351.749427833127,14.833333333333334,False,"SOC floor violated (min 0.008, unmet 345 Wh); did not refill (end SOC 0.705)"
5.5,0.3,1.3,0.34,1.0,1.0,0.3,2.75,2,mixed,29+29+14+5,4,77,19x10E,10.553153499977235,1.65,18.333333333333336,0.3083916083916084,9.580708016931045,11.496849620317253,11.68742865094307,96.03211998371633,99.2667803757935,2.9689078542007556,0.002491571876741719,0.6139931076225612,-353.56265803660585,272.72636917210895,0.22202080052803433,1694.826416281871,2213.8828231378743,15.0,False,"SOC floor violated (min 0.002, unmet 273 Wh); did not refill (end SOC 0.614)"
6.0,0.36,1.6,0.34,0.6,0.0,0.216,0.4387069082970673,2,mixed,29+29+12+3,4,73,19x10E,10.994271751325497,1.7911737947947777,20.09855219220906,0.3117081962539466,9.385616819630128,11.262740183556152,11.449438468500174,88.2369163266138,91.0099490957204,2.875149414051749,0.00272812435503503,0.6112341020642487,-356.22785740593577,166.91380012038042,0.18501710351037914,1606.7834855659294,2023.1054588888715,14.833333333333334,False,"SOC floor violated (min 0.003, unmet 167 Wh); did not refill (end SOC 0.611)"
5.5,0.36,1.3,0.28,1.0,1.0,0.36,2.75,2,mixed,29+29+16+8+3,5,85,19x10E,11.429240965526864,1.98,15.277777777777779,0.3008391608391608,9.101742586187383,10.92209110342486,11.103142574361653,102.59754787241243,105.56429094769142,2.6879957781766093,0.008836905364362628,0.7207337763870825,-356.343757226264,356.343757226264,0.249280684401081,1870.912277713755,2369.536293794623,14.833333333333334,False,"SOC floor violated (min 0.009, unmet 356 Wh); did not refill (end SOC 0.721)"
5.5,0.36,1.3,0.34,1.0,1.0,0.36,2.75,2,mixed,29+29+16+8+3,5,85,19x10E,11.429240965526864,1.98,15.277777777777779,0.3008391608391608,9.101742586187383,10.92209110342486,11.103142574361653,102.59754787241243,105.56429094769142,2.6879957781766093,0.008836905364362628,0.7207337763870825,-356.343757226264,356.343757226264,0.249280684401081,1870.912277713755,2369.536293794623,14.833333333333334,False,"SOC floor violated (min 0.009, unmet 356 Wh); did not refill (end SOC 0.721)"
6.0,0.3,1.6,0.34,0.6,0.5,0.18,1.700837857809784,2,mixed,29+29+12+3,4,73,19x10E,10.684683575757605,1.644100542937174,21.89647108545214,0.314536528020439,9.657508420136866,11.589010104164238,11.781116845097971,88.47971333591407,91.55180939572728,2.9693478904458677,0.007336595904526737,0.610877368822157,-356.5724617177963,175.040422533833,0.13986207850980628,1606.7834855659294,2031.6740006102261,14.833333333333334,False,"SOC floor violated (min 0.007, unmet 175 Wh); did not refill (end SOC 0.611)"
6.0,0.3,1.3,0.34,0.4,0.5,0.12,1.7154242772003512,2,mixed,29+29+12+2,4,72,19x10E,10.345877912265607,1.5687763698960633,22.94782143001371,0.31598506980969104,9.72862815729438,11.674353788753256,11.867875240430903,86.57015751197459,89.644675162394,3.0782118112809846,0.007157225318682623,0.608449409956487,-358.91786998203355,148.85313762471648,0.1923628144635548,1584.772752886944,1985.8668587495645,14.833333333333334,False,"SOC floor violated (min 0.007, unmet 149 Wh); did not refill (end SOC 0.608)"
5.0,0.45,1.6,0.28,0.4,0.0,0.18000000000000002,0.465756598298709,2,mixed,29+29+21,3,79,19x10E,10.801265195512674,1.7007542815406513,14.699360319912534,0.2990560352804127,9.546957238908425,11.45634868669011,11.646256348295278,101.42112828484777,104.71677679215573,2.8760073819434853,0.004538707427809955,0.6057062515464136,-361.5677610061645,350.53932190182394,0.2910720894060373,1738.847881639842,2343.4932780264935,15.083333333333332,False,"SOC floor violated (min 0.005, unmet 351 Wh); did not refill (end SOC 0.606)"
5.0,0.45,1.6,0.34,0.4,0.0,0.18000000000000002,0.465756598298709,2,mixed,29+29+21,3,79,19x10E,10.801265195512674,1.7007542815406513,14.699360319912534,0.2990560352804127,9.546957238908425,11.45634868669011,11.646256348295278,101.42112828484777,104.71677679215573,2.8760073819434853,0.004538707427809955,0.6057062515464136,-361.5677610061645,350.53932190182394,0.2910720894060373,1738.847881639842,2343.4932780264935,15.083333333333332,False,"SOC floor violated (min 0.005, unmet 351 Wh); did not refill (end SOC 0.606)"
5.0,0.45,1.6,0.28,0.4,0.0,0.18000000000000002,0.465756598298709,2,mixed,29+29+21+7,4,86,19x10E,10.965265195512673,1.7007542815406513,14.699360319912534,0.2990560352804127,9.619161859637048,11.542994231564457,11.734338184370742,104.16805579725738,107.66280135768534,2.82443576652799,0.002140721057388134,0.7145147147546093,-370.9237402785304,370.9237402785304,0.1808319337256113,1892.9230103927396,2412.068506771432,14.833333333333334,False,"SOC floor violated (min 0.002, unmet 371 Wh); did not refill (end SOC 0.715)"
5.5,0.3,1.6,0.34,0.6,0.0,0.18,0.3483344655398164,3,mixed,24+24+10,3,58,22x12E,11.233995220174366,1.361800135864778,22.213244956676757,0.3149874094779834,10.880751206248938,13.056901447498726,13.273340881171377,68.9844625847153,70.9911915656791,6.245902842120461,0.3926450431930441,0.7237424988322476,-371.31711919207316,0.0,0.28499603036961807,1276.6224953811495,1554.1893451070907,14.75,False,did not refill (end SOC 0.724)
5.5,0.3,1.6,0.34,0.4,0.5,0.12,1.5606728476146494,3,mixed,28+28,2,56,22x12E,11.261336084102378,1.4359211125706368,21.066616915914956,0.3132910616322041,10.609089632482908,12.730907558979489,12.94194311234443,67.32728484115576,69.07356344503764,6.2107395887873835,0.40631685494171405,0.7227343575945592,-372.77791584548373,0.0,0.20378825505886883,1232.6010300231792,1511.8623900566558,14.833333333333334,False,did not refill (end SOC 0.723)
5.5,0.36,1.6,0.34,0.6,0.5,0.216,1.6065557965492165,2,mixed,29+29+14+2+2,5,76,19x10E,11.184470525118742,1.815344034703087,16.6635080853683,0.3046075109667443,9.403222070504382,11.283866484605259,11.4709149724403,96.51493488961215,99.48188154954492,2.791548863725841,0.0037293615440343666,0.5937621168842615,-373.1057950898034,284.11896392517696,0.09378073520228605,1672.8156836028852,2223.060957290073,15.0,False,"SOC floor violated (min 0.004, unmet 284 Wh); did not refill (end SOC 0.594)"
4.5,0.36,1.3,0.34,0.4,0.0,0.144,0.3901586067935855,2,mixed,20+20+12,3,52,22x12E,9.455805092869321,1.2182742590674143,16.621872989010964,0.30450344413444735,10.554196388368473,12.665035666042167,12.874979285362908,63.40875319854856,64.96817600241022,7.419448048826734,0.15856829673378564,0.5912604863341395,-375.5223702012212,0.0,0.12019540798172437,1144.5580993072372,1416.1047858005702,14.833333333333334,False,"SOC floor violated (min 0.159, unmet 0 Wh); did not refill (end SOC 0.591)"
5.0,0.4,1.3,0.28,0.6,0.0,0.24,0.5001615757312022,2,mixed,28+28+21,3,77,19x10E,10.547988993934439,1.6800258521169924,14.880723393927315,0.29963005332599096,9.492384049966336,11.390860859959604,11.579682954044253,99.0138067426163,102.1569852422922,2.953237586078578,0.0023264383428345543,0.5875068722786176,-379.1483613788553,317.6404213249308,0.2760976682131731,1694.826416281871,2284.3580367782192,15.083333333333332,False,"SOC floor violated (min 0.002, unmet 318 Wh); did not refill (end SOC 0.588)"
5.0,0.4,1.3,0.34,0.6,0.0,0.24,0.5001615757312022,2,mixed,28+28+21,3,77,19x10E,10.547988993934439,1.6800258521169924,14.880723393927315,0.29963005332599096,9.492384049966336,11.390860859959604,11.579682954044253,99.0138067426163,102.1569852422922,2.953237586078578,0.0023264383428345543,0.5875068722786176,-379.1483613788553,317.6404213249308,0.2760976682131731,1694.826416281871,2284.3580367782192,15.083333333333332,False,"SOC floor violated (min 0.002, unmet 318 Wh); did not refill (end SOC 0.588)"
5.5,0.36,1.3,0.28,1.0,1.0,0.36,2.75,2,mixed,29+29+16+8+3+3,6,88,19x10E,11.561240965526864,1.98,15.277777777777779,0.3008391608391608,9.15415118390025,10.9849814206803,11.167075401182245,104.57871764441158,107.668574851444,2.6530236427388116,0.00960873051034759,0.7615403076362841,-379.22547488656943,379.22547488656943,0.43944086330795074,1936.9444757507104,2418.470402630912,14.75,False,"SOC floor violated (min 0.010, unmet 379 Wh); did not refill (end SOC 0.762)"
5.5,0.36,1.3,0.34,1.0,1.0,0.36,2.75,2,mixed,29+29+16+8+3+3,6,88,19x10E,11.561240965526864,1.98,15.277777777777779,0.3008391608391608,9.15415118390025,10.9849814206803,11.167075401182245,104.57871764441158,107.668574851444,2.6530236427388116,0.00960873051034759,0.7615403076362841,-379.22547488656943,379.22547488656943,0.43944086330795074,1936.9444757507104,2418.470402630912,14.75,False,"SOC floor violated (min 0.010, unmet 379 Wh); did not refill (end SOC 0.762)"
5.5,0.36,1.6,0.28,1.0,1.0,0.36,2.75,2,mixed,29+29+14+7+5,5,84,19x10E,11.580404117008314,1.98,15.277777777777779,0.3008391608391608,9.161734701724102,10.994081642068922,11.176326473580316,104.06925303122604,107.12182206072588,2.6513884317261645,0.00971594730429333,0.6872444559387623,-381.7839499990223,381.7839499990223,0.35269807419974697,1848.9015450347686,2405.389574767388,14.916666666666668,False,"SOC floor violated (min 0.010, unmet 382 Wh); did not refill (end SOC 0.687)"
5.5,0.36,1.6,0.34,1.0,1.0,0.36,2.75,2,mixed,29+29+14+7+5,5,84,19x10E,11.580404117008314,1.98,15.277777777777779,0.3008391608391608,9.161734701724102,10.994081642068922,11.176326473580316,104.06925303122604,107.12182206072588,2.6513884317261645,0.00971594730429333,0.6872444559387623,-381.7839499990223,381.7839499990223,0.35269807419974697,1848.9015450347686,2405.389574767388,14.916666666666668,False,"SOC floor violated (min 0.010, unmet 382 Wh); did not refill (end SOC 0.687)"
4.5,0.3,1.6,0.34,0.4,0.5,0.12,1.293317848355444,2,mixed,22+22+10,3,54,22x12E,9.575298500523425,1.17779721270398,17.193112516805986,0.30588727477935107,10.801631295722975,12.96195755486757,13.176823138692738,65.49712300240213,67.22370526803039,7.345567306274833,0.13155457184506872,0.583070831603962,-383.4335766705727,0.0,0.1450888694947577,1188.5795646652082,1467.7579561592472,14.833333333333334,False,"SOC floor violated (min 0.132, unmet 0 Wh); did not refill (end SOC 0.583)"
5.0,0.36,1.3,0.28,0.6,0.5,0.216,1.4956291289888761,2,mixed,28+28+14+7,4,77,19x10E,10.594282207877797,1.6553705945743977,15.10235839753309,0.3003128143040936,9.583774793907551,11.500529752689062,11.691169787510212,100.11562484589741,103.41042634697628,2.9396678431207657,0.007122999941969969,0.5811562155124071,-385.2830958150147,338.8638775006159,0.17164424282283264,1694.826416281871,2311.8790762277313,15.166666666666666,False,"SOC floor violated (min 0.007, unmet 339 Wh); did not refill (end SOC 0.581)"
5.5,0.36,1.3,0.34,0.6,0.0,0.216,0.4687516852914388,2,mixed,29+29+14,3,72,19x10E,10.426213322277723,1.651500242681967,18.31667911285031,0.3083572735304826,9.518585856763718,11.422303028116461,11.611646327411759,90.06559187790018,92.91916440052776,3.0302437262885076,0.009804239601198738,0.5808401720988848,-385.58839375247726,203.53345446292082,0.19941396090120495,1584.7727528869439,2067.2563577732535,15.0,False,"SOC floor violated (min 0.010, unmet 204 Wh); did not refill (end SOC 0.581)"
5.0,0.4,1.3,0.28,0.4,0.5,0.16000000000000003,1.5148973424009502,2,mixed,29+29+24+8+4,5,94,19x10E,11.081649216461688,1.7635753621762285,14.175748049207455,0.29731637458588905,9.496282749220276,11.39553929906433,11.58443894590638,106.61746394972029,110.07168110771705,2.778853873635546,0.004660967560884941,0.8548189641705489,-390.6691695411112,390.6691695411112,0.08537133540379334,2069.008871824622,2471.346346364412,14.583333333333332,False,"SOC floor violated (min 0.005, unmet 391 Wh); did not refill (end SOC 0.855)"
5.0,0.4,1.3,0.34,0.4,0.5,0.16000000000000003,1.5148973424009502,2,mixed,29+29+24+8+4,5,94,19x10E,11.081649216461688,1.7635753621762285,14.175748049207455,0.29731637458588905,9.496282749220276,11.39553929906433,11.58443894590638,106.61746394972029,110.07168110771705,2.778853873635546,0.004660967560884941,0.8548189641705489,-390.6691695411112,390.6691695411112,0.08537133540379334,2069.008871824622,2471.346346364412,14.583333333333332,False,"SOC floor violated (min 0.005, unmet 391 Wh); did not refill (end SOC 0.855)"
6.0,0.3,1.6,0.34,0.4,0.5,0.12,1.6937566833442634,2,mixed,29+29+10+2+2,5,72,19x10E,10.630603359530374,1.5648762030019674,23.00501466565834,0.316060073019193,9.873870189668706,11.848644227602447,12.045054827523325,90.12201010924913,93.52498424886619,2.9832856414382425,0.009064025216184756,0.5746414815105755,-391.5763288607841,203.7711446450846,0.14892897353966933,1584.7727528869439,2073.555009878538,15.0,False,"SOC floor violated (min 0.009, unmet 204 Wh); did not refill (end SOC 0.575)"
5.5,0.36,1.6,0.34,0.6,0.5,0.216,1.6065557965492165,2,mixed,29+29+14+2,4,74,19x10E,11.060470525118742,1.815344034703087,16.6635080853683,0.3046075109667443,9.350950960502843,11.22114115260341,11.407149865772922,94.72848083393701,97.57652999041399,2.8279855110224124,0.0051825526424930796,0.5729955960310789,-393.1662542339778,263.9271022781838,0.3472967937843911,1628.7942182449153,2178.878644993084,15.083333333333332,False,"SOC floor violated (min 0.005, unmet 264 Wh); did not refill (end SOC 0.573)"
6.0,0.36,1.3,0.34,1.0,1.0,0.36,3.0,2,mixed,29+29+16+8+7,5,89,18x10E,11.809312455853602,2.16,16.666666666666664,0.3046153846153846,8.857963378340937,10.629556054009123,10.805758279458422,105.95940719538795,108.84104096725866,2.1222701526220047,0.005435653610533173,0.7663429035144879,-393.24190474590284,393.24190474590284,0.4529412455799241,1958.9552084296947,2449.6808850791263,14.75,False,"SOC floor violated (min 0.005, unmet 393 Wh); did not refill (end SOC 0.766)"
6.0,0.36,1.6,0.34,0.4,0.0,0.144,0.3995382367315819,2,mixed,29+29+12,3,70,19x10E,10.481369585447524,1.5983002591340216,22.523928025579647,0.3154173027089611,9.701263076172943,11.64151569140753,11.834492798071857,86.31181154336446,89.34393208983913,3.038665289467206,0.007872997512522805,0.5721338373288186,-393.9987131403612,150.80332387527238,0.28129055529408353,1540.7512875289735,1979.0252386712218,14.916666666666668,False,"SOC floor violated (min 0.008, unmet 151 Wh); did not refill (end SOC 0.572)"
5.5,0.36,1.3,0.34,0.4,0.5,0.144,1.6238979058029053,2,mixed,29+29+14,3,72,19x10E,10.60933732697823,1.7367619476534273,17.417470506462536,0.3064059566970607,9.363159697407983,11.23579163688958,11.422043205727006,90.92330028826358,93.65307845480972,2.966361531862788,0.007175015647423266,0.5715960351548772,-394.5182300403886,214.02972811631668,0.13825445637770883,1584.7727528869439,2086.727210417234,15.0,False,"SOC floor violated (min 0.007, unmet 214 Wh); did not refill (end SOC 0.572)"
5.5,0.36,1.6,0.28,1.0,1.0,0.36,2.75,2,mixed,29+29+14+7+5+5,6,89,19x10E,11.728404117008314,1.98,15.277777777777779,0.3008391608391608,9.220093283067765,11.064111939681318,11.247517637575607,106.33507073209428,109.50322269631924,2.612485357896308,0.0014662135158430584,0.75623798352341,-394.78617039760184,394.78617039760184,0.346744839311525,1958.9552084296947,2461.083090575659,14.833333333333334,False,"SOC floor violated (min 0.001, unmet 395 Wh); did not refill (end SOC 0.756)"
5.5,0.36,1.6,0.34,1.0,1.0,0.36,2.75,2,mixed,29+29+14+7+5+5,6,89,19x10E,11.728404117008314,1.98,15.277777777777779,0.3008391608391608,9.220093283067765,11.064111939681318,11.247517637575607,106.33507073209428,109.50322269631924,2.612485357896308,0.0014662135158430584,0.75623798352341,-394.78617039760184,394.78617039760184,0.346744839311525,1958.9552084296947,2461.083090575659,14.833333333333334,False,"SOC floor violated (min 0.001, unmet 395 Wh); did not refill (end SOC 0.756)"
5.0,0.4,1.6,0.34,0.4,0.5,0.16000000000000003,1.488014053641119,2,mixed,29+29+21+6,4,85,19x10E,11.057506380916665,1.7571233728738687,14.22780004292537,0.2974950450588775,9.503332417863614,11.403998901436337,11.593038779982964,105.53228637297593,108.92682245024976,2.7899405175597027,0.00457744296550402,0.6853204071368892,-396.21336303058996,396.21336303058996,0.2995370344283673,1870.9122777137547,2443.608575653308,14.916666666666668,False,"SOC floor violated (min 0.005, unmet 396 Wh); did not refill (end SOC 0.685)"
6.0,0.3,1.6,0.34,0.4,0.5,0.12,1.6937566833442634,3,mixed,29+29+10+2+2,5,72,19x12E,11.908603359530373,1.5648762030019674,23.00501466565834,0.316060073019193,10.450543355569728,12.540652026683674,12.748533784346874,82.73751563810168,85.06134626522179,3.613231145260626,0.2752974951094695,0.705513461644489,-397.7309940771354,0.0,0.2932202535200936,1584.772752886944,1887.38946116756,14.666666666666668,False,did not refill (end SOC 0.706)
6.0,0.3,1.3,0.34,0.6,0.5,0.18,1.7231472734329956,3,mixed,29+29+12+3+3,5,76,16x12E,11.870857896662582,1.6467776728119592,21.860874478901643,0.31448504475361616,10.171195859043447,12.205435030852136,12.407760020163598,71.83542842858198,109.1323918747299,1.8915088131273001,0.36849248946010527,0.7052868045889779,-398.05942015057104,0.0,0.15338193224499008,1672.8156836028854,1977.0199167474418,14.0,False,did not refill (end SOC 0.705)
5.0,0.3,1.3,0.34,0.4,0.0,0.12,0.33743891939486287,2,mixed,18+18+10,3,46,22x12E,9.166056664831205,1.1107390054910753,22.507537663131856,0.31539491984793944,10.882626060416536,13.059151272499843,13.275628000690729,58.86075550260407,60.49973284897886,7.737750410041187,0.2128600567714596,0.5677464495317789,-398.2369297523016,0.0,0.2418785221150905,1012.4937032333257,1307.2723467343342,15.083333333333332,False,did not refill (end SOC 0.568)
5.0,0.4,1.3,0.28,0.6,0.5,0.24,1.5235340381979383,2,mixed,29+29+24+8+7,5,97,19x10E,11.268379423109215,1.8437654461116701,13.55920844092326,0.2950957261076768,9.36540028893339,11.238480346720069,11.424776485307474,107.44857366871095,110.77339766863196,2.7228311467330615,0.008636961461446099,0.9125421973059051,-400.0707280847456,400.0707280847456,0.32236340514820105,2135.041069861578,2490.351596048321,14.5,False,"SOC floor violated (min 0.009, unmet 400 Wh); did not refill (end SOC 0.913)"
5.0,0.4,1.3,0.34,0.6,0.5,0.24,1.5235340381979383,2,mixed,29+29+24+8+7,5,97,19x10E,11.268379423109215,1.8437654461116701,13.55920844092326,0.2950957261076768,9.36540028893339,11.238480346720069,11.424776485307474,107.44857366871095,110.77339766863196,2.7228311467330615,0.008636961461446099,0.9125421973059051,-400.0707280847456,400.0707280847456,0.32236340514820105,2135.041069861578,2490.351596048321,14.5,False,"SOC floor violated (min 0.009, unmet 400 Wh); did not refill (end SOC 0.913)"
5.0,0.3,1.3,0.34,0.4,0.5,0.12,1.447071179713179,3,mixed,24+24+12,3,60,22x12E,10.961230116710055,1.3104728123483722,19.077084060370474,0.3098638298118912,10.956304386397965,13.147565263677558,13.36550759795088,72.07781287184648,74.12529862923667,6.389487951892792,0.36441614002811223,0.7026546671307663,-401.8733873275196,0.0,0.20851879033837878,1320.6439607391208,1628.636128367052,14.833333333333334,False,did not refill (end SOC 0.703)
5.0,0.3,1.6,0.34,0.6,0.5,0.18,1.4335814312951325,3,mixed,26+26+10,3,62,22x12E,11.29316795832067,1.372029771755416,18.2211789530006,0.3081591755513884,10.868624266947434,13.04234912033692,13.258547325456059,73.91956032006843,75.97330061452551,6.181125925882958,0.348966414397201,0.7023112255836701,-402.371034129262,0.0,0.29029012852621366,1364.665426097091,1672.8954003808246,14.833333333333334,False,did not refill (end SOC 0.702)
5.0,0.3,1.6,0.34,0.4,0.5,0.12,1.42721258952334,3,mixed,26+26+10,3,62,22x12E,11.166855833855056,1.3068982661142012,19.129262505131685,0.3099628172460683,11.073706611190318,13.288447933428381,13.508725627693336,73.88754277363873,76.04301223837945,6.2694661863893035,0.34917144365716946,0.7020846973246053,-402.6992735766469,0.0,0.27867152455055805,1364.665426097091,1673.239119116186,14.75,False,did not refill (end SOC 0.702)
5.5,0.4,1.6,0.34,0.4,0.0,0.16000000000000003,0.4290000000310116,2,mixed,27+27+18,3,72,19x10E,10.604481235228564,1.642960000007443,18.411890733714127,0.3085527272725569,9.624533050100654,11.549439660120784,11.740890456416095,91.69143361324151,94.71976025149928,2.97641853723371,0.00574217553177853,0.5602165034493857,-405.51085766789345,224.3840265941522,0.3745047648957585,1584.772752886944,2107.8493464621115,15.0,False,"SOC floor violated (min 0.006, unmet 224 Wh); did not refill (end SOC 0.560)"
5.0,0.4,1.6,0.34,0.6,0.5,0.24,1.496015551656488,2,mixed,29+29+21+8,4,87,19x10E,11.236089916094967,1.8393624882650381,13.591665677373372,0.295217654171122,9.363158810266395,11.235790572319674,11.422042123510117,106.22065783746919,109.47064424773846,2.735761674955915,0.009069162280237592,0.7246119796605422,-405.6944678695662,405.6944678695662,0.13660547637854253,1914.933743071725,2459.0873301933857,14.833333333333334,False,"SOC floor violated (min 0.009, unmet 406 Wh); did not refill (end SOC 0.725)"
6.0,0.36,1.6,0.34,1.0,1.0,0.36,3.0,2,mixed,29+29+16+9+9,5,92,18x10E,11.98274749283171,2.16,16.666666666666664,0.3046153846153846,8.922771625458001,10.7073259505496,10.88481733885516,107.57636907484415,110.54391508508674,2.090200552380598,0.0013946860407053306,0.8066254410028342,-406.1761703736957,406.1761703736957,0.2165612732788548,2024.9874064666515,2489.5299538918607,14.666666666666668,False,"SOC floor violated (min 0.001, unmet 406 Wh); did not refill (end SOC 0.807)"
5.5,0.3,1.6,0.34,1.0,1.0,0.3,2.75,2,mixed,29+29+12+5,4,75,19x10E,10.717229219160494,1.65,18.333333333333336,0.3083916083916084,9.65489904241625,11.5858788508995,11.777933686204168,97.92893123787604,101.26449857356661,2.9184241276816754,0.0029050586004415856,0.5572980585645884,-408.3300754266076,307.48669535708893,0.12218117359214394,1650.8049509239008,2259.7585278409524,15.166666666666666,False,"SOC floor violated (min 0.003, unmet 307 Wh); did not refill (end SOC 0.557)"
6.0,0.36,1.3,0.34,0.4,0.0,0.144,0.44606429664317643,2,mixed,28+28+12,3,68,19x10E,10.304145961504027,1.608349888074926,22.38318929663327,0.31522404061394377,9.588798306807652,11.506557968169181,11.697297930492262,84.2747980861974,87.10930856272486,3.0962668284643553,0.008972851702959105,0.554269886574141,-411.2552895693798,126.63653163048136,0.24230874399893781,1496.7298221710023,1928.341957563868,14.916666666666668,False,"SOC floor violated (min 0.009, unmet 127 Wh); did not refill (end SOC 0.554)"
6.0,0.36,1.3,0.34,1.0,1.0,0.36,3.0,2,mixed,29+29+16+8+7+7,6,96,18x10E,11.973312455853602,2.16,16.666666666666664,0.3046153846153846,8.919258104930014,10.703109725916017,10.880531223422786,108.32444714791833,111.34349100888883,2.0887008027487677,0.007774488408647315,0.8861258874333782,-414.37275553535306,414.37275553535306,0.17636614351991042,2113.0303371825926,2508.467648229256,14.5,False,"SOC floor violated (min 0.008, unmet 414 Wh); did not refill (end SOC 0.886)"
5.5,0.3,1.6,0.34,0.4,0.0,0.12,0.31638983679641164,2,mixed,21+21,2,42,22x12E,9.42783348747534,1.211950170623354,24.95977205435866,0.31841690645744386,10.566034366844539,12.679241240213447,12.889420340091425,55.98667389188346,57.416747213235375,7.502790019244238,0.24608399603420017,0.5506224771441977,-414.77868707870505,0.0,0.1794584780401139,924.4507725173842,1236.1933149670306,15.25,False,did not refill (end SOC 0.551)
5.0,0.4,1.3,0.28,0.4,0.5,0.16000000000000003,1.5148973424009502,2,mixed,29+29+24+8+4+4,6,98,19x10E,11.221649216461687,1.7635753621762285,14.175748049207455,0.29731637458588905,9.55608011695768,11.467296140349216,11.657385273851043,109.01348158922636,112.63836501705575,2.7370716479817063,0.0030469864788935097,0.9093471646450001,-415.4734296183298,415.4734296183298,0.265438942719765,2157.051802540563,2530.7599507058126,14.5,False,"SOC floor violated (min 0.003, unmet 415 Wh); did not refill (end SOC 0.909)"
5.0,0.4,1.3,0.34,0.4,0.5,0.16000000000000003,1.5148973424009502,2,mixed,29+29+24+8+4+4,6,98,19x10E,11.221649216461687,1.7635753621762285,14.175748049207455,0.29731637458588905,9.55608011695768,11.467296140349216,11.657385273851043,109.01348158922636,112.63836501705575,2.7370716479817063,0.0030469864788935097,0.9093471646450001,-415.4734296183298,415.4734296183298,0.265438942719765,2157.051802540563,2530.7599507058126,14.5,False,"SOC floor violated (min 0.003, unmet 415 Wh); did not refill (end SOC 0.909)"
6.0,0.3,1.6,0.34,0.4,0.5,0.12,1.6937566833442634,2,mixed,29+29+10+2,4,70,19x10E,10.506603359530374,1.5648762030019674,23.00501466565834,0.316060073019193,9.816114707437075,11.77933764892449,11.974599379284,88.3004801015412,91.5482864490922,3.025714086976986,0.0053968682878893,0.5497110097341326,-415.6591645968279,178.36034712198298,0.09302385516124781,1540.7512875289735,2028.4417795649422,15.0,False,"SOC floor violated (min 0.005, unmet 178 Wh); did not refill (end SOC 0.550)"
6.0,0.3,1.3,0.34,0.6,0.5,0.18,1.7231472734329956,3,mixed,29+29+12+3,4,73,16x12E,11.738857896662582,1.6467776728119592,21.860874478901643,0.31448504475361616,10.11448761301258,12.137385135615096,12.338582086942521,69.85656560091182,107.2794364872962,1.9150387956731107,0.38229626833686625,0.691745983073602,-417.6800705263506,0.0,0.20885561344886483,1606.7834855659296,1930.7862832857302,14.0,False,did not refill (end SOC 0.692)
5.0,0.45,1.3,0.28,0.6,0.0,0.27,0.5662374844994117,2,mixed,29+29+24+8+3,5,93,19x10E,11.372758700905766,1.901922747209894,13.144592774167513,0.2934852162311106,9.263709450614957,11.116451340737948,11.30072464955578,108.43445614696931,111.71571620380261,2.68809762290466,0.0031192385968164434,0.8173496840059746,-418.14655204652263,418.14655204652263,0.22139546480292555,2046.9981391456367,2513.0520413910476,14.666666666666668,False,"SOC floor violated (min 0.003, unmet 418 Wh); did not refill (end SOC 0.817)"
5.0,0.45,1.3,0.34,0.6,0.0,0.27,0.5662374844994117,2,mixed,29+29+24+8+3,5,93,19x10E,11.372758700905766,1.901922747209894,13.144592774167513,0.2934852162311106,9.263709450614957,11.116451340737948,11.30072464955578,108.43445614696931,111.71571620380261,2.68809762290466,0.0031192385968164434,0.8173496840059746,-418.14655204652263,418.14655204652263,0.22139546480292555,2046.9981391456367,2513.0520413910476,14.666666666666668,False,"SOC floor violated (min 0.003, unmet 418 Wh); did not refill (end SOC 0.817)"
5.0,0.4,1.6,0.28,0.4,0.5,0.16000000000000003,1.488014053641119,2,mixed,29+29+21+7+6,5,92,19x10E,11.221506380916665,1.7571233728738687,14.22780004292537,0.2974950450588775,9.57354761867007,11.488257142404082,11.678693738696541,108.33132913858991,111.92486931207922,2.740805510483824,0.0028509910183989375,0.7951922050452214,-418.9049209569538,418.9049209569538,0.10148175436281429,2024.9874064666515,2513.4916076120576,14.666666666666668,False,"SOC floor violated (min 0.003, unmet 419 Wh); did not refill (end SOC 0.795)"
5.0,0.4,1.6,0.34,0.4,0.5,0.16000000000000003,1.488014053641119,2,mixed,29+29+21+6+6,5,91,19x10E,11.213506380916666,1.7571233728738687,14.22780004292537,0.2974950450588775,9.570134438946146,11.484161326735375,11.674530028203987,108.19283370518153,111.77638032058582,2.7431781320831172,0.0032880463995124468,0.7766947557503966,-419.46253897143043,419.46253897143043,0.3815408231742303,2002.9766737876669,2509.775815116838,14.75,False,"SOC floor violated (min 0.003, unmet 419 Wh); did not refill (end SOC 0.777)"
5.0,0.4,1.3,0.28,0.6,0.5,0.24,1.5235340381979383,2,mixed,29+29+24+8+7+7,6,104,19x10E,11.432379423109214,1.8437654461116701,13.55920844092326,0.2950957261076768,9.433306126380291,11.319967351656349,11.50761427023325,110.17878104955727,113.68788196154702,2.6761274832724236,0.007223970977559937,0.9999999878050898,-424.1474303873483,424.1474303873483,25.060966033831576,2289.1161986144743,2558.2120540052733,14.333333333333332,False,"SOC floor violated (min 0.007, unmet 424 Wh)"
5.0,0.4,1.3,0.34,0.6,0.5,0.24,1.5235340381979383,2,mixed,29+29+24+8+7+7,6,104,19x10E,11.432379423109214,1.8437654461116701,13.55920844092326,0.2950957261076768,9.433306126380291,11.319967351656349,11.50761427023325,110.17878104955727,113.68788196154702,2.6761274832724236,0.007223970977559937,0.9999999878050898,-424.1474303873483,424.1474303873483,25.060966033831576,2289.1161986144743,2558.2120540052733,14.333333333333332,False,"SOC floor violated (min 0.007, unmet 424 Wh)"
5.0,0.4,1.6,0.28,0.6,0.5,0.24,1.496015551656488,2,mixed,29+29+21+8+8,5,95,19x10E,11.408089916094967,1.8393624882650381,13.591665677373372,0.295217654171122,9.434551389179864,11.321461667015837,11.509133356306634,109.06526456183116,112.50574665613607,2.686516723465341,0.008657776091316183,0.855453331763542,-427.93063093462825,427.93063093462825,0.36052816327592174,2091.019604503607,2529.6775156974495,14.666666666666668,False,"SOC floor violated (min 0.009, unmet 428 Wh); did not refill (end SOC 0.855)"
5.0,0.4,1.6,0.34,0.6,0.5,0.24,1.496015551656488,2,mixed,29+29+21+8+8,5,95,19x10E,11.408089916094967,1.8393624882650381,13.591665677373372,0.295217654171122,9.434551389179864,11.321461667015837,11.509133356306634,109.06526456183116,112.50574665613607,2.686516723465341,0.008657776091316183,0.855453331763542,-427.93063093462825,427.93063093462825,0.36052816327592174,2091.019604503607,2529.6775156974495,14.666666666666668,False,"SOC floor violated (min 0.009, unmet 428 Wh); did not refill (end SOC 0.855)"
5.0,0.36,1.3,0.34,0.4,0.0,0.144,0.4097021380205588,3,mixed,23+23+12,3,58,22x12E,11.039661200039168,1.3484956618124406,18.53917717940512,0.308810889365194,10.839307704279369,13.007169245135243,13.222784286454308,71.74522573991258,73.71652805905829,6.333939446760299,0.3642755085969017,0.6784099013478921,-437.00405294690427,0.0,0.2849528817117388,1276.6224953811495,1619.7914138234846,14.916666666666668,False,did not refill (end SOC 0.678)
5.0,0.45,1.3,0.28,0.6,0.0,0.27,0.5662374844994117,2,mixed,29+29+24+8+3+3,6,96,19x10E,11.504758700905766,1.901922747209894,13.144592774167513,0.2934852162311106,9.317314821655046,11.180777785986054,11.366117410532445,110.62770777416279,114.01603746978579,2.651457256034873,0.003502322998034931,0.8560916720271451,-443.69154620281404,443.69154620281404,0.3371548802221689,2113.0303371825926,2566.6893970723877,14.666666666666668,False,"SOC floor violated (min 0.004, unmet 444 Wh); did not refill (end SOC 0.856)"
5.0,0.45,1.3,0.34,0.6,0.0,0.27,0.5662374844994117,2,mixed,29+29+24+8+3+3,6,96,19x10E,11.504758700905766,1.901922747209894,13.144592774167513,0.2934852162311106,9.317314821655046,11.180777785986054,11.366117410532445,110.62770777416279,114.01603746978579,2.651457256034873,0.003502322998034931,0.8560916720271451,-443.69154620281404,443.69154620281404,0.3371548802221689,2113.0303371825926,2566.6893970723877,14.666666666666668,False,"SOC floor violated (min 0.004, unmet 444 Wh); did not refill (end SOC 0.856)"
5.0,0.4,1.6,0.28,0.4,0.5,0.16000000000000003,1.488014053641119,2,mixed,29+29+21+7+6+6,6,98,19x10E,11.377506380916666,1.7571233728738687,14.22780004292537,0.2974950450588775,9.639863076933663,11.567835692320395,11.759591432848234,111.07333210249958,114.86776209959547,2.695024094995663,0.0014583173856287067,0.8860805483577032,-443.95572466367264,443.95572466367264,0.5508022497469357,2157.0518025405627,2581.490852932634,14.583333333333332,False,"SOC floor violated (min 0.001, unmet 444 Wh); did not refill (end SOC 0.886)"
5.0,0.45,1.6,0.28,0.6,0.0,0.27,0.507554081913427,2,mixed,29+29+21+7+6,5,92,19x10E,11.503201148899821,1.8913597347444169,13.218003714866173,0.2937777304224623,9.342664142417954,11.211196970901545,11.397040843043149,110.02415913223805,113.38496188512595,2.6557506251594165,0.0046885467403663846,0.783046230154756,-445.2658999333057,445.2658999333057,0.34254792404970635,2024.9874064666515,2551.3871777418417,14.833333333333334,False,"SOC floor violated (min 0.005, unmet 445 Wh); did not refill (end SOC 0.783)"
5.0,0.45,1.6,0.34,0.6,0.0,0.27,0.507554081913427,2,mixed,29+29+21+7+6,5,92,19x10E,11.503201148899821,1.8913597347444169,13.218003714866173,0.2937777304224623,9.342664142417954,11.211196970901545,11.397040843043149,110.02415913223805,113.38496188512595,2.6557506251594165,0.0046885467403663846,0.783046230154756,-445.2658999333057,445.2658999333057,0.34254792404970635,2024.9874064666515,2551.3871777418417,14.833333333333334,False,"SOC floor violated (min 0.005, unmet 445 Wh); did not refill (end SOC 0.783)"
6.0,0.36,1.3,0.34,0.4,0.0,0.144,0.44606429664317643,3,mixed,28+28+12,3,68,16x12E,11.533877977533505,1.608349888074926,22.38318929663327,0.31522404061394377,10.144855347094946,12.173826416513934,12.375627441497867,66.12560670491702,104.40537396288647,1.9628669953752043,0.40867772562353505,0.6718300491980819,-446.5382587119793,0.0,0.3692369823736593,1496.7298221710023,1849.8122334976993,14.0,False,did not refill (end SOC 0.672)
5.5,0.36,1.6,0.34,0.6,0.0,0.216,0.4207279971802974,2,mixed,29+29+12,3,70,19x10E,10.575273206916298,1.6445848315939628,18.393699989730006,0.3085155410442577,9.606520350004324,11.527824420005189,11.718916908447127,91.7452440205494,94.75286887376171,2.983663181390331,0.0021157594817328637,0.5175433460758452,-446.73312769073357,227.30989090265737,0.0940910227054843,1540.7512875289733,2108.453209363226,15.166666666666666,False,"SOC floor violated (min 0.002, unmet 227 Wh); did not refill (end SOC 0.518)"
5.0,0.4,1.6,0.28,0.6,0.0,0.24,0.4486040083947966,2,mixed,28+28+18,3,74,19x10E,10.68238226754308,1.6717766413431674,14.954150800859422,0.29985849300895845,9.57620380605237,11.491444567262842,11.68193400032014,100.68442028821391,103.98507831100412,2.9126055248295266,0.0045991204053863095,0.5153515307337655,-448.8504213111825,354.38618799039637,0.4034576880438602,1628.7942182449153,2325.0317897813234,15.333333333333332,False,"SOC floor violated (min 0.005, unmet 354 Wh); did not refill (end SOC 0.515)"
5.0,0.4,1.6,0.34,0.6,0.0,0.24,0.4486040083947966,2,mixed,28+28+18,3,74,19x10E,10.68238226754308,1.6717766413431674,14.954150800859422,0.29985849300895845,9.57620380605237,11.491444567262842,11.68193400032014,100.68442028821391,103.98507831100412,2.9126055248295266,0.0045991204053863095,0.5153515307337655,-448.8504213111825,354.38618799039637,0.4034576880438602,1628.7942182449153,2325.0317897813234,15.333333333333332,False,"SOC floor violated (min 0.005, unmet 354 Wh); did not refill (end SOC 0.515)"
5.5,0.36,1.6,0.34,0.4,0.5,0.144,1.5987395917999254,2,mixed,29+29+12,3,70,19x10E,10.755419485191343,1.7313277518287837,17.472139499899562,0.3065303248151072,9.442184467207388,11.330621360648866,11.518444886798546,92.34602986264137,95.20062863036345,2.9236171030595535,0.0028192669118647217,0.5139543430637348,-450.2001046004322,237.19552263842388,0.3814224731272198,1540.7512875289733,2121.52033915161,15.166666666666666,False,"SOC floor violated (min 0.003, unmet 237 Wh); did not refill (end SOC 0.514)"
5.0,0.4,1.6,0.28,0.6,0.5,0.24,1.496015551656488,2,mixed,29+29+21+8+8+7,6,102,19x10E,11.572089916094967,1.8393624882650381,13.591665677373372,0.295217654171122,9.502123843021819,11.402548611626182,11.591564449254184,111.85684713962597,115.49006106747188,2.6405535001526497,0.007762484469495691,0.9675750874246424,-452.69838458587907,452.69838458587907,0.43109013574578364,2245.0947332565042,2599.0798636655727,14.5,False,"SOC floor violated (min 0.008, unmet 453 Wh)"
4.5,0.36,1.6,0.34,0.4,0.0,0.144,0.34912303194307287,2,mixed,20+20+10,3,50,22x12E,9.621759363032133,1.2094105748997037,16.743693515065658,0.304806476071805,10.68535152261652,12.822421827139824,13.03497437873388,64.8801128767081,66.53404733049433,7.299245543762838,0.13010840559651723,0.5088461444150574,-455.13462449505454,0.0,0.16275564782949084,1100.5366339492666,1451.7324633827716,15.166666666666666,False,"SOC floor violated (min 0.130, unmet 0 Wh); did not refill (end SOC 0.509)"
5.0,0.45,1.3,0.28,0.4,0.5,0.18000000000000002,1.5492179662130843,2,mixed,29+29+27+9+5,5,99,19x10E,11.622664711243942,1.9932888508775328,12.54208590440563,0.2909550779756991,9.147789978794139,10.977347974552966,11.15931541823732,111.96400840472867,115.29100137415683,2.608704782572908,0.003094858918160432,0.904319792982194,-456.5604142826149,456.5604142826149,0.14287539623488854,2179.062535219549,2598.742634923049,14.5,False,"SOC floor violated (min 0.003, unmet 457 Wh); did not refill (end SOC 0.904)"
5.0,0.45,1.3,0.34,0.4,0.5,0.18000000000000002,1.5492179662130843,2,mixed,29+29+27+9+5,5,99,19x10E,11.622664711243942,1.9932888508775328,12.54208590440563,0.2909550779756991,9.147789978794139,10.977347974552966,11.15931541823732,111.96400840472867,115.29100137415683,2.608704782572908,0.003094858918160432,0.904319792982194,-456.5604142826149,456.5604142826149,0.14287539623488854,2179.062535219549,2598.742634923049,14.5,False,"SOC floor violated (min 0.003, unmet 457 Wh); did not refill (end SOC 0.904)"
5.5,0.4,1.6,0.28,0.6,0.5,0.24,1.6327806457453082,2,mixed,29+29+21+13+13+7,6,112,18x10E,11.993244117376205,2.0212449033192494,14.96602413211978,0.29989522153878384,9.227994291224176,11.07359314946901,11.25715601387675,113.67375540342763,117.14187775399311,2.084735021414934,0.009703518996320078,0.9999999999999997,-461.7994098673674,461.7994098673674,153.8686387148459,2465.202060046358,2642.273332796164,14.166666666666668,False,"SOC floor violated (min 0.010, unmet 462 Wh)"
5.5,0.4,1.6,0.34,0.6,0.5,0.24,1.6327806457453082,2,mixed,29+29+21+13+13+7,6,112,18x10E,11.993244117376205,2.0212449033192494,14.96602413211978,0.29989522153878384,9.227994291224176,11.07359314946901,11.25715601387675,113.67375540342763,117.14187775399311,2.084735021414934,0.009703518996320078,0.9999999999999997,-461.7994098673674,461.7994098673674,153.8686387148459,2465.202060046358,2642.273332796164,14.166666666666668,False,"SOC floor violated (min 0.010, unmet 462 Wh)"
5.5,0.3,1.3,0.34,0.6,0.5,0.18,1.588793187686289,2,mixed,28+28+12,3,68,19x10E,10.088867498008701,1.5106551825223546,20.024424071078418,0.3115806824088972,9.790096800020336,11.748116160024404,11.942860343291814,89.68731875485095,92.94569154552747,3.143881056672907,0.00833082883114795,0.5008404566063137,-462.8681189183009,207.96117334723255,0.2930112088421346,1496.7298221710023,2061.277943100739,15.166666666666666,False,"SOC floor violated (min 0.008, unmet 208 Wh); did not refill (end SOC 0.501)"
5.0,0.36,1.3,0.28,1.0,1.0,0.36,2.5,2,mixed,29+29+16+8+1,5,83,19x10E,11.050131418422609,1.7999999999999998,13.888888888888891,0.2963076923076923,9.386332148224295,11.263598577869153,11.450311092098715,109.65274397710752,113.06863566947487,2.7685055225995545,0.004970708786627793,0.6090605645433034,-464.59105336605774,464.59105336605774,0.42094302636733616,1826.890812355782,2541.839565399824,15.166666666666666,False,"SOC floor violated (min 0.005, unmet 465 Wh); did not refill (end SOC 0.609)"
5.0,0.36,1.3,0.34,1.0,1.0,0.36,2.5,2,mixed,29+29+16+8+1,5,83,19x10E,11.050131418422609,1.7999999999999998,13.888888888888891,0.2963076923076923,9.386332148224295,11.263598577869153,11.450311092098715,109.65274397710752,113.06863566947487,2.7685055225995545,0.004970708786627793,0.6090605645433034,-464.59105336605774,464.59105336605774,0.42094302636733616,1826.890812355782,2541.839565399824,15.166666666666666,False,"SOC floor violated (min 0.005, unmet 465 Wh); did not refill (end SOC 0.609)"
4.5,0.36,1.3,0.28,0.6,0.5,0.216,1.3582788216710497,3,mixed,24+24+14+7,4,69,22x12E,11.537179987314563,1.491592150320631,13.576097189601784,0.29515924272408095,10.535938784837075,12.64312654180449,12.852706981663294,82.95889672796153,85.11404840769669,5.956468587061293,0.2681350689416159,0.6577806394970324,-466.8958533688001,0.0,0.25063369354959164,1518.740554849989,1890.769078535324,14.833333333333334,False,did not refill (end SOC 0.658)
4.5,0.4,1.6,0.28,0.6,0.0,0.24,0.426630507363234,3,mixed,26+26+18,3,70,22x12E,11.665619843331838,1.5082608811781175,13.426059279733174,0.2945893715836541,10.535717702847867,12.64286124341744,12.85243728552285,83.96940718676169,86.13524890027001,5.884990075939245,0.25948527606096317,0.6560771731072184,-469.36417616764055,0.0,0.2719607693258391,1540.751287528973,1915.1193215227822,14.833333333333334,False,did not refill (end SOC 0.656)
4.5,0.4,1.6,0.34,0.6,0.0,0.24,0.426630507363234,3,mixed,26+26+18,3,70,22x12E,11.665619843331838,1.5082608811781175,13.426059279733174,0.2945893715836541,10.535717702847867,12.64286124341744,12.85243728552285,83.96940718676169,86.13524890027001,5.884990075939245,0.25948527606096317,0.6560771731072184,-469.36417616764055,0.0,0.2719607693258391,1540.751287528973,1915.1193215227822,14.833333333333334,False,did not refill (end SOC 0.656)
4.0,0.3,1.3,0.28,1.0,1.0,0.3,2.0,2,mixed,24+24+12,3,60,22x12E,9.471593719681966,1.2,13.333333333333334,0.2942307692307692,10.643129750754142,12.77175570090497,12.983468378834301,74.61922300778728,76.52778471873248,7.334114919145668,0.008862971977703462,0.49321580545888283,-470.2335319267192,2.571206177864497,0.2498942737736769,1320.6439607391208,1688.0384075853913,15.0,False,"SOC floor violated (min 0.009, unmet 3 Wh); did not refill (end SOC 0.493)"
4.0,0.3,1.3,0.34,1.0,1.0,0.3,2.0,2,mixed,24+24+12,3,60,22x12E,9.471593719681966,1.2,13.333333333333334,0.2942307692307692,10.643129750754142,12.77175570090497,12.983468378834301,74.61922300778728,76.52778471873248,7.334114919145668,0.008862971977703462,0.49321580545888283,-470.2335319267192,2.571206177864497,0.2498942737736769,1320.6439607391208,1688.0384075853913,15.0,False,"SOC floor violated (min 0.009, unmet 3 Wh); did not refill (end SOC 0.493)"
5.0,0.45,1.6,0.28,0.6,0.0,0.27,0.507554081913427,2,mixed,29+29+21+7+6+6,6,98,19x10E,11.659201148899822,1.8913597347444169,13.218003714866173,0.2937777304224623,9.405800808099189,11.286960969719026,11.474060753691072,112.64392111504216,116.17844567686598,2.6130773062329626,0.005109533428358707,0.8773974029194161,-470.26645407913503,470.26645407913503,0.3619227657996049,2157.0518025405627,2616.4430026713853,14.666666666666668,False,"SOC floor violated (min 0.005, unmet 470 Wh); did not refill (end SOC 0.877)"
5.0,0.45,1.6,0.34,0.6,0.0,0.27,0.507554081913427,2,mixed,29+29+21+7+6+6,6,98,19x10E,11.659201148899822,1.8913597347444169,13.218003714866173,0.2937777304224623,9.405800808099189,11.286960969719026,11.474060753691072,112.64392111504216,116.17844567686598,2.6130773062329626,0.005109533428358707,0.8773974029194161,-470.26645407913503,470.26645407913503,0.3619227657996049,2157.0518025405627,2616.4430026713853,14.666666666666668,False,"SOC floor violated (min 0.005, unmet 470 Wh); did not refill (end SOC 0.877)"
5.0,0.45,1.3,0.28,0.6,0.5,0.27,1.5585896476907553,2,mixed,29+29+27+9+8,5,102,19x10E,11.825762105258786,2.080546136584336,12.016075760301513,0.2885387223715107,9.03180064345259,10.838160772143107,11.017820960971841,113.53035119106835,116.77931630424395,2.5490000862403166,0.0008769007285373658,0.948341357319885,-470.556798536868,470.556798536868,0.3143176018816085,2245.0947332565042,2635.5935971608137,14.5,False,"SOC floor violated (min 0.001, unmet 471 Wh); did not refill (end SOC 0.948)"
5.0,0.45,1.3,0.34,0.6,0.5,0.27,1.5585896476907553,2,mixed,29+29+27+9+8,5,102,19x10E,11.825762105258786,2.080546136584336,12.016075760301513,0.2885387223715107,9.03180064345259,10.838160772143107,11.017820960971841,113.53035119106835,116.77931630424395,2.5490000862403166,0.0008769007285373658,0.948341357319885,-470.556798536868,470.556798536868,0.3143176018816085,2245.0947332565042,2635.5935971608137,14.5,False,"SOC floor violated (min 0.001, unmet 471 Wh); did not refill (end SOC 0.948)"
5.5,0.3,1.3,0.34,0.4,0.0,0.12,0.3529443121020869,3,mixed,21+21+10,3,52,22x12E,10.70483400064827,1.2185299761783757,24.8249945355237,0.31826631968059665,11.228462918766636,13.474155502519963,13.697511602580084,67.75803388144811,69.88396439489402,6.589994700212384,0.39440202832555016,0.6531241522623544,-473.6431033718484,0.0,0.1118862761443431,1144.5580993072372,1524.9718660235235,15.166666666666666,False,did not refill (end SOC 0.653)
5.0,0.3,1.6,0.34,0.4,0.0,0.12,0.30240916561737635,2,mixed,18+18+8,3,44,22x12E,9.344328043253272,1.1044336498111278,22.636036129717088,0.31556952969753804,11.019266139785962,13.223119367743154,13.442314134499124,60.437015854732685,62.185586146876624,7.592356279266823,0.18164335781134291,0.4827182189809778,-480.37420046437546,0.0,0.18045698301551916,968.4722378753552,1345.4969421878134,15.416666666666668,False,"SOC floor violated (min 0.182, unmet 0 Wh); did not refill (end SOC 0.483)"
5.0,0.52,1.3,0.28,0.4,0.0,0.20800000000000002,0.6105551169334263,2,mixed,29+29+29+9+7+3,6,106,19x10E,11.846775153212164,2.010493196483229,12.434759811040495,0.2904786499435413,9.19596306476556,11.035155677718672,11.218081378351307,114.37467983855893,117.83408212015776,2.5531885708968836,0.0067389775510741864,0.9999999905573086,-480.45844094525046,480.45844094525046,24.963316821340186,2333.137663972446,2658.4332048475458,14.333333333333332,False,"SOC floor violated (min 0.007, unmet 480 Wh)"
5.0,0.52,1.3,0.34,0.4,0.0,0.20800000000000002,0.6105551169334263,2,mixed,29+29+29+9+7+3,6,106,19x10E,11.846775153212164,2.010493196483229,12.434759811040495,0.2904786499435413,9.19596306476556,11.035155677718672,11.218081378351307,114.37467983855893,117.83408212015776,2.5531885708968836,0.0067389775510741864,0.9999999905573086,-480.45844094525046,480.45844094525046,24.963316821340186,2333.137663972446,2658.4332048475458,14.333333333333332,False,"SOC floor violated (min 0.007, unmet 480 Wh)"
5.0,0.45,1.3,0.28,0.4,0.5,0.18000000000000002,1.5492179662130843,2,mixed,29+29+27+9+5+5,6,104,19x10E,11.770664711243942,1.9932888508775328,12.54208590440563,0.2909550779756991,9.205848531123685,11.047018237348421,11.230140579251463,114.42491372422779,117.88690144073833,2.5701283180353847,0.004323009598810677,0.9815957046149424,-482.5196178136659,482.5196178136659,0.418997807054172,2289.116198614474,2659.0868126883274,14.5,False,"SOC floor violated (min 0.004, unmet 483 Wh)"
5.0,0.45,1.3,0.34,0.4,0.5,0.18000000000000002,1.5492179662130843,2,mixed,29+29+27+9+5+5,6,104,19x10E,11.770664711243942,1.9932888508775328,12.54208590440563,0.2909550779756991,9.205848531123685,11.047018237348421,11.230140579251463,114.42491372422779,117.88690144073833,2.5701283180353847,0.004323009598810677,0.9815957046149424,-482.5196178136659,482.5196178136659,0.418997807054172,2289.116198614474,2659.0868126883274,14.5,False,"SOC floor violated (min 0.004, unmet 483 Wh)"
6.0,0.3,1.3,0.34,0.4,0.0,0.12,0.3677616452701203,3,mixed,23+23,2,46,22x12E,10.762526317421953,1.3261970961486216,27.145286401656865,0.32065005584329564,10.79198979917868,12.950387759014415,13.165061554606195,62.803288434105106,64.56677708296152,6.551946399084493,0.4340887651081772,0.6466304021040346,-483.0525473512539,0.0,0.26289734249356533,1012.4937032333257,1402.5624907086146,15.333333333333332,False,did not refill (end SOC 0.647)
5.5,0.3,1.6,0.34,0.6,0.5,0.18,1.5674060041490667,2,mixed,29+29+10+1,4,69,19x10E,10.387295001352207,1.5080887204978881,20.05850159134743,0.31163941898415515,9.94228564329605,11.93074277195526,12.128514289128711,93.84237149530603,97.48630266519345,3.0374822970589617,0.007488308588036714,0.4793075451505128,-483.66891138460454,267.7413099183353,0.28832317361515075,1518.7405548499887,2163.7976526930343,15.333333333333332,False,"SOC floor violated (min 0.007, unmet 268 Wh); did not refill (end SOC 0.479)"
5.0,0.45,1.6,0.28,0.4,0.5,0.18000000000000002,1.5187444642653243,2,mixed,29+29+24+8+7,5,97,19x10E,11.74257327286487,1.9850610053516375,12.594071382492071,0.29118292600564694,9.213892895604333,11.0566714747252,11.239953834779508,113.23151710167657,116.64282017927869,2.581515829431204,0.007753123881662582,0.855732250055042,-483.9651906836287,483.9651906836287,0.22074060584815314,2135.041069861578,2629.3952391645125,14.666666666666668,False,"SOC floor violated (min 0.008, unmet 484 Wh); did not refill (end SOC 0.856)"
5.0,0.45,1.6,0.34,0.4,0.5,0.18000000000000002,1.5187444642653243,2,mixed,29+29+24+8+7,5,97,19x10E,11.74257327286487,1.9850610053516375,12.594071382492071,0.29118292600564694,9.213892895604333,11.0566714747252,11.239953834779508,113.23151710167657,116.64282017927869,2.581515829431204,0.007753123881662582,0.855732250055042,-483.9651906836287,483.9651906836287,0.22074060584815314,2135.041069861578,2629.3952391645125,14.666666666666668,False,"SOC floor violated (min 0.008, unmet 484 Wh); did not refill (end SOC 0.856)"
4.0,0.4,1.3,0.28,0.4,0.0,0.16000000000000003,0.41415633173434313,2,mixed,19+19+18,3,56,22x12E,9.5124228831078,1.2193975196162425,13.121233840983514,0.2933914534781433,10.58086979471229,12.697043753654748,12.90751795922397,71.54198387821417,73.33699645426407,7.316491804950349,0.042968331733172986,0.477548159158647,-485.36847825274697,0.0,0.3469361814396355,1232.601030023179,1613.0131418802612,15.083333333333332,False,"SOC floor violated (min 0.043, unmet 0 Wh); did not refill (end SOC 0.478)"
4.0,0.4,1.3,0.34,0.4,0.0,0.16000000000000003,0.41415633173434313,2,mixed,19+19+18,3,56,22x12E,9.5124228831078,1.2193975196162425,13.121233840983514,0.2933914534781433,10.58086979471229,12.697043753654748,12.90751795922397,71.54198387821417,73.33699645426407,7.316491804950349,0.042968331733172986,0.477548159158647,-485.36847825274697,0.0,0.3469361814396355,1232.601030023179,1613.0131418802612,15.083333333333332,False,"SOC floor violated (min 0.043, unmet 0 Wh); did not refill (end SOC 0.478)"
5.5,0.3,1.6,0.34,0.6,0.5,0.18,1.5674060041490667,2,mixed,29+29+10+1+1,5,70,19x10E,10.503295001352207,1.5080887204978881,20.05850159134743,0.31163941898415515,9.997646692944707,11.997176031533648,12.19604878831881,95.76162023501688,99.57802881515042,2.9962386042134046,0.002915292192489101,0.475720464137184,-487.1340316434803,289.8753197097384,0.21949349162878679,1540.751287528973,2211.3544266682215,15.333333333333332,False,"SOC floor violated (min 0.003, unmet 290 Wh); did not refill (end SOC 0.476)"
5.0,0.36,1.3,0.28,0.6,0.5,0.216,1.4956291289888761,2,mixed,28+28+14,3,70,19x10E,10.430282207877797,1.6553705945743977,15.10235839753309,0.3003128143040936,9.509306829738819,11.411168195686582,11.600326916976533,97.42969800488164,100.53291460934771,2.994625938100775,0.00892146093923549,0.47355295879622367,-489.2278418028479,321.0185368089379,0.13991967544567885,1540.751287528973,2244.6900932551202,15.5,False,"SOC floor violated (min 0.009, unmet 321 Wh); did not refill (end SOC 0.474)"
5.0,0.36,1.3,0.34,0.6,0.5,0.216,1.4956291289888761,2,mixed,28+28+14,3,70,19x10E,10.430282207877797,1.6553705945743977,15.10235839753309,0.3003128143040936,9.509306829738819,11.411168195686582,11.600326916976533,97.42969800488164,100.53291460934771,2.994625938100775,0.00892146093923549,0.47355295879622367,-489.2278418028479,321.0185368089379,0.13991967544567885,1540.751287528973,2244.6900932551202,15.5,False,"SOC floor violated (min 0.009, unmet 321 Wh); did not refill (end SOC 0.474)"
5.0,0.3,1.6,0.34,1.0,1.0,0.3,2.5,2,mixed,29+29+12+3+3,5,76,19x10E,10.540956147528831,1.5,16.666666666666668,0.3046153846153847,10.042522721928005,12.051027266313605,12.250792695131656,108.75199447581852,113.08100408300753,2.930843843435208,0.0024196264367392258,0.47329890606813485,-489.4732567381817,471.0356446554017,0.10137008497754132,1672.8156836028852,2526.4836982801503,15.583333333333334,False,"SOC floor violated (min 0.002, unmet 471 Wh); did not refill (end SOC 0.473)"
5.0,0.3,1.6,0.34,0.4,0.5,0.12,1.42721258952334,2,mixed,26+26+10,3,62,18x12E,9.815697673289126,1.3068982661142012,19.129262505131685,0.3099628172460683,10.382170222161944,12.458604266594334,12.66512594883694,81.01406439614689,83.22110674064241,3.6467883071088374,0.00802748850156977,0.47092959502555165,-491.7620112053171,92.9955449984106,0.14190966573944763,1364.665426097091,1843.8330862172418,15.166666666666666,False,"SOC floor violated (min 0.008, unmet 93 Wh); did not refill (end SOC 0.471)"
5.0,0.36,1.3,0.28,1.0,1.0,0.36,2.5,2,mixed,29+29+16+8+1+1,6,84,19x10E,11.166131418422609,1.7999999999999998,13.888888888888891,0.2963076923076923,9.435470565700019,11.322564678840022,11.510254652350511,111.67608600979818,115.22875703641743,2.733924592676816,0.00530038587764637,0.6096665449032677,-492.61290238104164,492.61290238104164,0.30724015950114847,1848.9015450347683,2591.311935718064,15.25,False,"SOC floor violated (min 0.005, unmet 493 Wh); did not refill (end SOC 0.610)"
5.0,0.36,1.3,0.34,1.0,1.0,0.36,2.5,2,mixed,29+29+16+8+1+1,6,84,19x10E,11.166131418422609,1.7999999999999998,13.888888888888891,0.2963076923076923,9.435470565700019,11.322564678840022,11.510254652350511,111.67608600979818,115.22875703641743,2.733924592676816,0.00530038587764637,0.6096665449032677,-492.61290238104164,492.61290238104164,0.30724015950114847,1848.9015450347683,2591.311935718064,15.25,False,"SOC floor violated (min 0.005, unmet 493 Wh); did not refill (end SOC 0.610)"
6.0,0.3,1.3,0.34,0.4,0.5,0.12,1.7154242772003512,3,mixed,29+29+12+2+2,5,74,18x12E,11.730906239700865,1.5687763698960633,22.94782143001371,0.31598506980969104,10.359378748744234,12.43125449849308,12.637322813729533,88.4729607279672,90.96295739531476,3.0136332331567424,0.22008804823287614,0.6398606075198651,-492.8619797037155,0.0,0.29895081728766587,1628.7942182449153,2026.1760269218914,14.833333333333334,False,did not refill (end SOC 0.640)
4.5,0.4,1.3,0.28,0.4,0.5,0.16000000000000003,1.37674418394554,2,mixed,29+29+21,3,79,19x10E,10.397744539313194,1.5904186041469297,12.732496933322604,0.29178056054198526,9.686397722548188,11.623677267057825,11.816358672749036,110.60509522162918,114.4359128864241,2.9531518066293776,0.007592892970340076,0.523093028638756,-494.3323191772788,494.3323191772788,0.4409039849251641,1738.847881639842,2567.084235469867,15.5,False,"SOC floor violated (min 0.008, unmet 494 Wh); did not refill (end SOC 0.523)"
4.5,0.4,1.3,0.34,0.4,0.5,0.16000000000000003,1.37674418394554,2,mixed,29+29+21,3,79,19x10E,10.397744539313194,1.5904186041469297,12.732496933322604,0.29178056054198526,9.686397722548188,11.623677267057825,11.816358672749036,110.60509522162918,114.4359128864241,2.9531518066293776,0.007592892970340076,0.523093028638756,-494.3323191772788,494.3323191772788,0.4409039849251641,1738.847881639842,2567.084235469867,15.5,False,"SOC floor violated (min 0.008, unmet 494 Wh); did not refill (end SOC 0.523)"
5.0,0.45,1.3,0.28,0.6,0.5,0.27,1.5585896476907553,2,mixed,29+29+27+9+8+8,6,110,19x10E,11.997762105258785,2.080546136584336,12.016075760301513,0.2885387223715107,9.097245127652608,10.916694153183128,11.097656160868738,116.34383859543007,119.76311559073231,2.5065346057151223,0.002047878289139944,0.9999999999993462,-496.1596407071482,496.1596407071482,81.28695263821487,2421.180594688388,2705.305137244902,14.333333333333332,False,"SOC floor violated (min 0.002, unmet 496 Wh)"
5.0,0.45,1.3,0.34,0.6,0.5,0.27,1.5585896476907553,2,mixed,29+29+27+9+8+8,6,110,19x10E,11.997762105258785,2.080546136584336,12.016075760301513,0.2885387223715107,9.097245127652608,10.916694153183128,11.097656160868738,116.34383859543007,119.76311559073231,2.5065346057151223,0.002047878289139944,0.9999999999993462,-496.1596407071482,496.1596407071482,81.28695263821487,2421.180594688388,2705.305137244902,14.333333333333332,False,"SOC floor violated (min 0.002, unmet 496 Wh)"
4.5,0.3,1.3,0.34,0.6,0.0,0.18,0.3521334814483306,2,mixed,18+18+10,3,46,22x12E,9.1917409951879,1.1222560177737997,18.044011062796155,0.3077861190504683,10.841799387153285,13.010159264583942,13.225823870351263,62.923704848718494,64.66644374012569,7.677616585129785,0.14839050843450494,0.4660889090944709,-496.43811381474114,0.0,0.2462862329662047,1012.4937032333257,1405.27265342811,15.333333333333332,False,"SOC floor violated (min 0.148, unmet 0 Wh); did not refill (end SOC 0.466)"
5.0,0.36,1.6,0.28,1.0,1.0,0.36,2.5,2,mixed,29+29+14+7+1,5,80,19x10E,11.194632181050316,1.7999999999999998,13.888888888888891,0.2963076923076923,9.447504578055215,11.337005493666258,11.524934847231451,111.3879766743623,114.91793401576527,2.7288678172909124,0.0013767034014605262,0.5319627696110111,-497.0117751640621,497.0117751640621,0.1579769953239302,1760.8586143188277,2583.316077586635,15.5,False,"SOC floor violated (min 0.001, unmet 497 Wh); did not refill (end SOC 0.532)"
5.0,0.52,1.6,0.28,0.4,0.0,0.20800000000000002,0.544874025431344,2,mixed,29+29+29+8+4+4,6,103,19x10E,11.93010753544471,1.990000695934579,12.562809676937857,0.2910461345741194,9.275642766666516,11.13077131999982,11.315282005825823,115.18421883656792,118.70196187825299,2.5370100426380016,0.00563213154505404,0.9549708790001379,-497.181476498461,497.181476498461,0.2525866206544028,2267.105465935491,2677.8398109736318,14.5,False,"SOC floor violated (min 0.006, unmet 497 Wh)"
5.0,0.52,1.6,0.34,0.4,0.0,0.20800000000000002,0.544874025431344,2,mixed,29+29+29+8+4+4,6,103,19x10E,11.93010753544471,1.990000695934579,12.562809676937857,0.2910461345741194,9.275642766666516,11.13077131999982,11.315282005825823,115.18421883656792,118.70196187825299,2.5370100426380016,0.00563213154505404,0.9549708790001379,-497.181476498461,497.181476498461,0.2525866206544028,2267.105465935491,2677.8398109736318,14.5,False,"SOC floor violated (min 0.006, unmet 497 Wh)"
5.0,0.45,1.6,0.28,0.6,0.5,0.27,1.5274677676504065,2,mixed,29+29+24+8+8,5,98,19x10E,11.92996248123689,2.0749441981770733,12.04851678515671,0.28869385297355793,9.083741720613256,10.900490064735907,11.081183463231135,114.48071317576205,117.8074815212301,2.5270337098715903,0.006594469860514252,0.8636301740514921,-498.9211979238122,498.9211979238122,0.22616977876926114,2157.0518025405627,2658.5869541093107,14.666666666666668,False,"SOC floor violated (min 0.007, unmet 499 Wh); did not refill (end SOC 0.864)"
5.0,0.45,1.6,0.34,0.6,0.5,0.27,1.5274677676504065,2,mixed,29+29+24+8+8,5,98,19x10E,11.92996248123689,2.0749441981770733,12.04851678515671,0.28869385297355793,9.083741720613256,10.900490064735907,11.081183463231135,114.48071317576205,117.8074815212301,2.5270337098715903,0.006594469860514252,0.8636301740514921,-498.9211979238122,498.9211979238122,0.22616977876926114,2157.0518025405627,2658.5869541093107,14.666666666666668,False,"SOC floor violated (min 0.007, unmet 499 Wh); did not refill (end SOC 0.864)"
5.0,0.4,1.3,0.34,0.4,0.0,0.16000000000000003,0.4587942593310043,2,mixed,24+24+21,3,69,19x10E,10.13767128198301,1.5101106222394411,16.5550785696255,0.30433539815336935,9.815516795406786,11.778620154488143,11.973869991207334,96.20978634531711,99.64152823049673,3.0993582037426575,0.004437716845074508,0.457815502524213,-504.43022456161026,301.21672842459003,0.09252097997528826,1518.7405548499887,2218.20467831164,15.5,False,"SOC floor violated (min 0.004, unmet 301 Wh); did not refill (end SOC 0.458)"
5.5,0.3,1.3,0.34,0.4,0.5,0.12,1.5814564984119155,2,mixed,27+27+12,3,66,19x10E,9.931841944218592,1.4396621697141447,21.01187392178705,0.313205443032607,9.950228466382804,11.940274159659364,12.138203675127057,89.6649147219741,93.13077462727672,3.196763500052258,0.005368523386476186,0.45773223229095517,-504.51066360693727,210.86876195151243,0.29528624002964676,1452.7083568130333,2061.9954058400017,15.333333333333332,False,"SOC floor violated (min 0.005, unmet 211 Wh); did not refill (end SOC 0.458)"
4.5,0.4,1.3,0.28,0.6,0.0,0.24,0.47579028497746806,2,mixed,24+24+21+7,4,76,19x10E,10.32031976560701,1.516126445596395,13.356405766033786,0.2943204633984138,9.883876598580084,11.860651918296101,12.057261565271435,110.7134408685875,114.8455279606571,2.981714178404979,0.0007579612329283829,0.4567117116840733,-505.4964865131852,500.2255866823312,0.22640209004040912,1672.8156836028852,2571.556639946688,15.666666666666668,False,"SOC floor violated (min 0.001, unmet 500 Wh); did not refill (end SOC 0.457)"
4.5,0.3,1.3,0.28,1.0,1.0,0.3,2.25,3,mixed,28+28+12,3,68,22x12E,11.109972933658053,1.3499999999999999,15.000000000000002,0.29999999999999993,10.86771061363914,13.041252736366967,13.25743276713391,83.58981144239903,85.94009369442641,6.222253101884639,0.2597146150949492,0.630826942246366,-505.9517606850156,0.0,0.41511278585523326,1496.7298221710023,1907.6997285944963,14.833333333333334,False,did not refill (end SOC 0.631)
4.5,0.3,1.3,0.34,1.0,1.0,0.3,2.25,3,mixed,28+28+12,3,68,22x12E,11.109972933658053,1.3499999999999999,15.000000000000002,0.29999999999999993,10.86771061363914,13.041252736366967,13.25743276713391,83.58981144239903,85.94009369442641,6.222253101884639,0.2597146150949492,0.630826942246366,-505.9517606850156,0.0,0.41511278585523326,1496.7298221710023,1907.6997285944963,14.833333333333334,False,did not refill (end SOC 0.631)
5.0,0.52,1.3,0.28,0.4,0.0,0.20800000000000002,0.6105551169334263,2,mixed,29+29+29+9+7+3+3,7,109,19x10E,11.978775153212165,2.010493196483229,12.434759811040495,0.2904786499435413,9.247053108546012,11.096463730255214,11.280405711835053,116.59768938606791,120.16324839677242,2.5195931759083017,0.008601475580146149,0.999999999994292,-508.2509069252604,508.2509069252604,64.08114242453436,2399.169862009403,2712.811615702453,14.333333333333332,False,"SOC floor violated (min 0.009, unmet 508 Wh)"
5.0,0.52,1.3,0.34,0.4,0.0,0.20800000000000002,0.6105551169334263,2,mixed,29+29+29+9+7+3+3,7,109,19x10E,11.978775153212165,2.010493196483229,12.434759811040495,0.2904786499435413,9.247053108546012,11.096463730255214,11.280405711835053,116.59768938606791,120.16324839677242,2.5195931759083017,0.008601475580146149,0.999999999994292,-508.2509069252604,508.2509069252604,64.08114242453436,2399.169862009403,2712.811615702453,14.333333333333332,False,"SOC floor violated (min 0.009, unmet 508 Wh)"
5.0,0.45,1.6,0.28,0.4,0.5,0.18000000000000002,1.5187444642653243,2,mixed,29+29+24+8+7+7,6,104,19x10E,11.90657327286487,1.9850610053516375,12.594071382492071,0.29118292600564694,9.27801167479637,11.133614009755643,11.318171817799987,116.00592878984705,119.55010154570444,2.539010805670538,0.008890671484092854,0.9703070527598712,-510.09321995099316,510.09321995099316,0.2803977983069963,2289.116198614474,2697.8119321369777,14.5,False,"SOC floor violated (min 0.009, unmet 510 Wh)"
5.0,0.45,1.6,0.34,0.4,0.5,0.18000000000000002,1.5187444642653243,2,mixed,29+29+24+8+7+7,6,104,19x10E,11.90657327286487,1.9850610053516375,12.594071382492071,0.29118292600564694,9.27801167479637,11.133614009755643,11.318171817799987,116.00592878984705,119.55010154570444,2.539010805670538,0.008890671484092854,0.9703070527598712,-510.09321995099316,510.09321995099316,0.2803977983069963,2289.116198614474,2697.8119321369777,14.5,False,"SOC floor violated (min 0.009, unmet 510 Wh)"
4.5,0.45,1.3,0.28,0.4,0.0,0.18000000000000002,0.4968104820660935,2,mixed,24+24+21+7,4,76,19x10E,10.415855215870932,1.5516388301578454,13.050717477816667,0.29310636478092833,9.815232619586011,11.778279143503212,11.973523327409234,111.02135378647282,115.06655358246383,2.9511920669063447,0.00752240367041325,0.4616634343993088,-511.2662842441955,511.2662842441955,0.2079832882231815,1672.8156836028852,2577.885389192262,15.75,False,"SOC floor violated (min 0.008, unmet 511 Wh); did not refill (end SOC 0.462)"
4.5,0.45,1.3,0.34,0.4,0.0,0.18000000000000002,0.4968104820660935,2,mixed,24+24+21+7,4,76,19x10E,10.415855215870932,1.5516388301578454,13.050717477816667,0.29310636478092833,9.815232619586011,11.778279143503212,11.973523327409234,111.02135378647282,115.06655358246383,2.9511920669063447,0.00752240367041325,0.4616634343993088,-511.2662842441955,511.2662842441955,0.2079832882231815,1672.8156836028852,2577.885389192262,15.75,False,"SOC floor violated (min 0.008, unmet 511 Wh); did not refill (end SOC 0.462)"
5.0,0.4,1.3,0.28,1.0,1.0,0.4,2.5,2,mixed,29+29+27+13+13,5,111,19x10E,11.708034479965479,2.0,12.5,0.2907692307692307,9.165907028632091,10.999088434358509,11.181416261616791,117.74293952272636,121.27948153344529,2.5682843785606777,0.0,0.9999999999995735,-512.2665709215136,512.2665709215136,84.73120992730296,2443.1913273673736,2740.017121315721,14.333333333333332,False,"SOC floor violated (min 0.000, unmet 512 Wh)"
5.0,0.4,1.3,0.34,1.0,1.0,0.4,2.5,2,mixed,29+29+27+13+13,5,111,19x10E,11.708034479965479,2.0,12.5,0.2907692307692307,9.165907028632091,10.999088434358509,11.181416261616791,117.74293952272636,121.27948153344529,2.5682843785606777,0.0,0.9999999999995735,-512.2665709215136,512.2665709215136,84.73120992730296,2443.1913273673736,2740.017121315721,14.333333333333332,False,"SOC floor violated (min 0.000, unmet 512 Wh)"
4.5,0.3,1.3,0.34,0.4,0.5,0.12,1.3122039256221436,2,mixed,22+22,2,44,22x12E,9.191613117190926,1.1811967066119857,17.143630596535328,0.3057710527654022,10.567766376366798,12.681319651640157,12.891533204576843,61.858090445659975,63.39221320617524,7.647449092557192,0.15875912098053913,0.449239599390701,-512.7145469885828,0.0,0.30294087707818795,968.4722378753551,1377.6342141602222,15.5,False,"SOC floor violated (min 0.159, unmet 0 Wh); did not refill (end SOC 0.449)"
5.5,0.3,1.3,0.34,0.6,0.0,0.18,0.3878193054161349,3,mixed,24+24,2,48,22x12E,10.860116896158617,1.366538316649936,22.13622525723082,0.31487897050260794,10.679595224955216,12.81551426994626,13.027952317515524,65.90779566711771,67.7100238521015,6.458397208290811,0.40553273599855544,0.625372138109836,-513.8557718788476,0.0,0.21832839646242874,1056.5151685912963,1477.2562212652654,15.416666666666668,False,did not refill (end SOC 0.625)
5.0,0.36,1.6,0.34,0.4,0.0,0.144,0.3667479449487575,3,mixed,23+23+10,3,56,22x12E,11.198942950982081,1.3392175561089317,18.66761668853638,0.3090678215231372,10.954975192344838,13.145970230813806,13.363886124816355,73.12828383096527,75.20847751008056,6.247038062019692,0.3460627274855515,0.6249495385561531,-514.4681186321342,0.0,0.12475761724178842,1232.601030023179,1653.4538561086824,15.166666666666666,False,did not refill (end SOC 0.625)
6.0,0.3,1.6,0.34,0.4,0.0,0.12,0.3297497516853135,3,mixed,23+23,2,46,22x12E,10.946045951631032,1.3193549553033563,27.28606115836553,0.32078163547493554,10.911796461896099,13.094155754275318,13.311212738834222,64.12304841830627,65.98775162659484,6.446095292029159,0.42007814604383387,0.624465147000648,-515.1700019960609,0.0,0.09834180835044273,1012.4937032333257,1434.803139309814,15.5,False,did not refill (end SOC 0.624)
5.0,0.3,1.6,0.34,1.0,1.0,0.3,2.5,2,mixed,29+29+12+3,4,73,19x10E,10.408956147528832,1.5,16.666666666666668,0.3046153846153847,9.979445464271027,11.975334557125231,12.173845255854697,106.1132265775896,110.20882484630647,2.978269391071243,0.0060033402236056455,0.4448671292053695,-516.9383531876131,443.77795912185417,0.22607574965358995,1606.7834855659296,2460.847423434783,15.666666666666668,False,"SOC floor violated (min 0.006, unmet 444 Wh); did not refill (end SOC 0.445)"
6.0,0.3,1.6,0.34,0.4,0.0,0.12,0.3297497516853135,2,mixed,23+23+10,3,56,18x12E,9.782887791065102,1.3193549553033563,27.28606115836553,0.32078163547493554,10.315758326413839,12.378909991696606,12.584110611373552,72.93994786679548,74.87792338849195,3.698852688780813,0.020969391623187037,0.44176897572519724,-519.9311694494594,0.0,0.15230379404083885,1232.601030023179,1647.6775325780782,15.166666666666666,False,"SOC floor violated (min 0.021, unmet 0 Wh); did not refill (end SOC 0.442)"
4.5,0.4,1.3,0.28,0.4,0.5,0.16000000000000003,1.37674418394554,2,mixed,29+29+21+7,4,86,19x10E,10.561744539313194,1.5904186041469297,12.732496933322604,0.29178056054198526,9.762488943655462,11.714986732386555,11.909181741365972,113.87206116204717,117.95914683366573,2.8964755842296817,0.0059657091443846705,0.6247873681867128,-520.7729758453673,520.7729758453673,0.31565140447337586,1892.9230103927396,2648.691467515794,15.25,False,"SOC floor violated (min 0.006, unmet 521 Wh); did not refill (end SOC 0.625)"
4.5,0.4,1.3,0.34,0.4,0.5,0.16000000000000003,1.37674418394554,2,mixed,29+29+21+7,4,86,19x10E,10.561744539313194,1.5904186041469297,12.732496933322604,0.29178056054198526,9.762488943655462,11.714986732386555,11.909181741365972,113.87206116204717,117.95914683366573,2.8964755842296817,0.0059657091443846705,0.6247873681867128,-520.7729758453673,520.7729758453673,0.31565140447337586,1892.9230103927396,2648.691467515794,15.25,False,"SOC floor violated (min 0.006, unmet 521 Wh); did not refill (end SOC 0.625)"
4.0,0.4,1.3,0.28,0.6,0.5,0.24,1.2453047623958522,3,mixed,27+27+21+7,4,82,22x12E,11.643226060728649,1.4792487619833365,10.81630109228392,0.2821478901064903,10.62831718738001,12.75398062485601,12.965398651913619,97.01670033226544,99.62487360882584,5.832686993762828,0.14586762813109716,0.618413903405292,-523.9382539657319,0.0,0.10163854879667511,1804.8800796767975,2232.526410782544,14.75,False,"SOC floor violated (min 0.146, unmet 0 Wh); did not refill (end SOC 0.618)"
6.0,0.3,1.3,0.34,0.6,0.0,0.18,0.4044425740935926,3,mixed,25+25+12,3,62,19x12E,11.266783765703455,1.488533108891231,24.18488361795019,0.3175282094443994,10.422434619612483,12.506921543534979,12.714244163434936,79.02499346541468,81.20661219739267,3.8358623207832623,0.296033139091843,0.6170076009386701,-525.975986239867,0.0,0.3820945137081134,1364.665426097091,1796.234411757751,15.0,False,did not refill (end SOC 0.617)
5.0,0.36,1.6,0.28,1.0,1.0,0.36,2.5,2,mixed,29+29+14+7+1+1,6,81,19x10E,11.310632181050316,1.7999999999999998,13.888888888888891,0.2963076923076923,9.496326466153992,11.39559175938479,11.584492275842198,113.45384332371653,117.12624762332486,2.694908272163735,0.001522835295116886,0.5321658718535159,-526.0143121921689,526.0143121921689,0.09563175506860114,1782.8693469978134,2634.107676315864,15.5,False,"SOC floor violated (min 0.002, unmet 526 Wh); did not refill (end SOC 0.532)"
5.0,0.3,1.3,0.34,1.0,1.0,0.3,2.5,2,mixed,29+29+12+1+1,5,72,19x10E,10.321684518415998,1.5,16.666666666666668,0.3046153846153847,9.9375221599986,11.92502659199832,12.122703354167486,105.1133237137148,109.0999172665793,3.00697737437218,0.0056458938923300145,0.43521108386296486,-526.2660929883759,431.43032335635223,0.18957862576995527,1584.7727528869439,2435.9413820696936,15.666666666666668,False,"SOC floor violated (min 0.006, unmet 431 Wh); did not refill (end SOC 0.435)"
5.5,0.3,1.6,0.34,0.4,0.5,0.12,1.5606728476146494,2,mixed,28+28+10,3,66,19x10E,10.11514959610119,1.4359211125706368,21.066616915914956,0.3132910616322041,10.054704551672742,12.065645462007291,12.265653211257183,92.19140837282283,95.92315628214075,3.128348405142155,0.005998828657981892,0.4342139480639283,-527.2293261702453,250.47192807785805,0.31527190347096595,1452.708356813033,2124.313658176941,15.5,False,"SOC floor violated (min 0.006, unmet 250 Wh); did not refill (end SOC 0.434)"
5.0,0.36,1.6,0.34,1.0,1.0,0.36,2.5,2,mixed,29+29+14+1+1,5,74,19x10E,11.146632181050316,1.7999999999999998,13.888888888888891,0.2963076923076923,9.427228459912282,11.312674151894738,11.500200173792408,110.54545136710942,114.01819733908177,2.7430693268127073,0.008267570427173554,0.4339700303081495,-527.4649507223276,512.0510623783721,0.3350526332596667,1628.7942182449158,2561.4515915817224,15.833333333333332,False,"SOC floor violated (min 0.008, unmet 512 Wh); did not refill (end SOC 0.434)"
5.0,0.36,1.6,0.34,1.0,1.0,0.36,2.5,2,mixed,29+29+14+1,4,73,19x10E,11.030632181050317,1.7999999999999998,13.888888888888891,0.2963076923076923,9.37804685614108,11.253656227369294,11.440203930926108,108.53837685508168,111.87688696182511,2.7777579559831187,0.008280587059974856,0.4334475157160695,-527.9696998182768,483.95514601260686,0.08707057336037019,1606.7834855659296,2512.1855437270265,15.833333333333332,False,"SOC floor violated (min 0.008, unmet 484 Wh); did not refill (end SOC 0.433)"
4.0,0.3,1.6,0.28,1.0,1.0,0.3,2.0,2,mixed,24+24+10,3,58,22x12E,9.656298005972763,1.2,13.333333333333334,0.2942307692307692,10.746403825326578,12.895684590391893,13.109451591758074,76.59991299361276,78.6238666199627,7.19373148549875,0.006565356834167141,0.43255049515566346,-528.836221679629,36.21745255194563,0.3588114709808654,1276.6224953811497,1736.276168879459,15.166666666666666,False,"SOC floor violated (min 0.007, unmet 36 Wh); did not refill (end SOC 0.433)"
4.0,0.3,1.6,0.34,1.0,1.0,0.3,2.0,2,mixed,24+24+10,3,58,22x12E,9.656298005972763,1.2,13.333333333333334,0.2942307692307692,10.746403825326578,12.895684590391893,13.109451591758074,76.59991299361276,78.6238666199627,7.19373148549875,0.006565356834167141,0.43255049515566346,-528.836221679629,36.21745255194563,0.3588114709808654,1276.6224953811497,1736.276168879459,15.166666666666666,False,"SOC floor violated (min 0.007, unmet 36 Wh); did not refill (end SOC 0.433)"
5.0,0.3,1.3,0.34,1.0,1.0,0.3,2.5,2,mixed,29+29+12+1,4,71,19x10E,10.205684518415998,1.5,16.666666666666668,0.3046153846153847,9.881523079018752,11.857827694822502,12.05439052568824,102.88962228223643,106.68884667813997,3.0498861736647034,0.0011418691002653726,0.43213459204400856,-529.2379840854878,395.56761162381184,0.26901422493224675,1562.7620202079595,2381.0111380728804,15.666666666666668,False,"SOC floor violated (min 0.001, unmet 396 Wh); did not refill (end SOC 0.432)"
5.0,0.3,1.3,0.34,0.6,0.5,0.18,1.4540034507457689,3,mixed,26+26,2,52,22x12E,10.916154794084123,1.3744804140894922,18.18869133654476,0.30809131160982944,10.67613395139811,12.811360741677733,13.023729937742695,70.48100682509217,72.32249755669424,6.394753465419018,0.3656574932944923,0.6099031625357962,-536.2703174856313,0.0,0.10766213359137566,1144.5580993072372,1587.5037501427587,15.333333333333332,False,did not refill (end SOC 0.610)
6.0,0.3,1.3,0.34,0.6,0.0,0.18,0.4044425740935926,2,mixed,25+25+12,3,62,19x10E,9.988783765703454,1.488533108891231,24.18488361795019,0.3175282094443994,9.813535676608627,11.776242811930352,11.971453240319864,85.00922431630258,88.10698713573794,3.198510671811994,0.004920816150696018,0.42461150374793316,-536.5052873794965,151.27674526594845,0.20196648191605604,1364.6654260970909,1946.8105144580875,15.416666666666668,False,"SOC floor violated (min 0.005, unmet 151 Wh); did not refill (end SOC 0.425)"
4.0,0.4,1.3,0.28,0.4,0.5,0.16000000000000003,1.2378385233258826,2,mixed,26+26+21+7,4,80,16x12E,10.118962989838433,1.417081245598212,11.290813458790572,0.2848378307193081,10.123229386154607,12.147875263385528,12.349246105687234,96.79311749842176,128.2369765502035,2.13225299014222,0.002827447351992217,0.422848545834026,-538.2083047243309,298.4048293828385,0.1827774856760224,1760.8586143188277,2491.2701946034413,14.833333333333334,False,"SOC floor violated (min 0.003, unmet 298 Wh); did not refill (end SOC 0.423)"
5.0,0.4,1.6,0.34,0.4,0.0,0.16000000000000003,0.41037840318928526,2,mixed,25+25+18,3,68,19x10E,10.290417184402033,1.4984908167654285,16.68345225762799,0.3046571773818805,9.927454318140796,11.912945181768956,12.110421674862144,98.63151504010824,102.32265888803379,3.044754385435115,0.008354395472769106,0.42002366241272665,-540.937142109306,346.4422845452683,0.2387258018718074,1496.7298221710023,2277.9158930286444,15.666666666666668,False,"SOC floor violated (min 0.008, unmet 346 Wh); did not refill (end SOC 0.420)"
5.0,0.36,1.6,0.28,0.6,0.5,0.216,1.4709668198479715,2,mixed,28+28+12,3,68,19x10E,10.584217035868082,1.651819222058108,15.134828113242857,0.3004111600045448,9.589513167176701,11.50741580061204,11.69816998290675,99.29472044233174,102.55816894558286,2.946408668868527,0.009647404877734205,0.41937673033909156,-541.5620784924374,357.88669608081995,0.21909996374271756,1496.7298221710023,2289.9967407677823,15.75,False,"SOC floor violated (min 0.010, unmet 358 Wh); did not refill (end SOC 0.419)"
5.0,0.36,1.6,0.34,0.6,0.5,0.216,1.4709668198479715,2,mixed,28+28+12,3,68,19x10E,10.584217035868082,1.651819222058108,15.134828113242857,0.3004111600045448,9.589513167176701,11.50741580061204,11.69816998290675,99.29472044233174,102.55816894558286,2.946408668868527,0.009647404877734205,0.41937673033909156,-541.5620784924374,357.88669608081995,0.21909996374271756,1496.7298221710023,2289.9967407677823,15.75,False,"SOC floor violated (min 0.010, unmet 358 Wh); did not refill (end SOC 0.419)"
5.0,0.4,1.6,0.28,1.0,1.0,0.4,2.5,2,mixed,29+29+24+16+16,5,114,19x10E,11.88672037006464,2.0,12.5,0.2907692307692307,9.235586378886683,11.08270365466402,11.266417540552071,120.10535073720969,123.75385347072752,2.525089257867769,0.0013448381748917375,0.9999999999999948,-541.8040871711582,541.8040871711582,122.05229928606303,2509.2235254043276,2797.7972774503596,14.333333333333332,False,"SOC floor violated (min 0.001, unmet 542 Wh)"
5.0,0.4,1.6,0.34,1.0,1.0,0.4,2.5,2,mixed,29+29+24+16+16,5,114,19x10E,11.88672037006464,2.0,12.5,0.2907692307692307,9.235586378886683,11.08270365466402,11.266417540552071,120.10535073720969,123.75385347072752,2.525089257867769,0.0013448381748917375,0.9999999999999948,-541.8040871711582,541.8040871711582,122.05229928606303,2509.2235254043276,2797.7972774503596,14.333333333333332,False,"SOC floor violated (min 0.001, unmet 542 Wh)"
5.5,0.3,1.6,0.34,0.6,0.0,0.18,0.3483344655398164,3,mixed,24+24,2,48,22x12E,11.045995220174365,1.361800135864778,22.213244956676757,0.3149874094779834,10.789322835777266,12.94718740293272,13.16180814740355,67.24558376368165,69.1436712059861,6.353711061394221,0.3911915089691809,0.6026456977617464,-546.7863839432295,0.0,0.33239270239220287,1056.515168591296,1510.0277535879482,15.5,False,did not refill (end SOC 0.603)
4.0,0.4,1.3,0.28,0.4,0.5,0.16000000000000003,1.2378385233258826,3,mixed,26+26+21+7,4,80,22x12E,11.501417461810142,1.417081245598212,11.290813458790572,0.2848378307193081,10.792616806216865,12.951140167460236,13.165826435448972,96.17949871187605,98.88602449243729,5.928863761798655,0.1511467947560452,0.6014543779197121,-548.5126063943371,0.0,0.27366730488547236,1760.858614318828,2213.1177887401786,14.833333333333334,False,"SOC floor violated (min 0.151, unmet 0 Wh); did not refill (end SOC 0.601)"
5.0,0.4,1.3,0.28,1.0,1.0,0.4,2.5,2,mixed,29+29+27+13+13+9,6,120,19x10E,11.888034479965478,2.0,12.5,0.2907692307692307,9.236096874620925,11.08331624954511,11.267040290192286,120.92805717659691,124.62227766871139,2.52164270912552,0.009970251103116386,0.9999999999999999,-550.9252746405269,550.9252746405269,241.9753828150677,2641.2879214782415,2818.5998737441264,14.166666666666668,False,"SOC floor violated (min 0.010, unmet 551 Wh)"
5.0,0.4,1.3,0.34,1.0,1.0,0.4,2.5,2,mixed,29+29+27+13+13+9,6,120,19x10E,11.888034479965478,2.0,12.5,0.2907692307692307,9.236096874620925,11.08331624954511,11.267040290192286,120.92805717659691,124.62227766871139,2.52164270912552,0.009970251103116386,0.9999999999999999,-550.9252746405269,550.9252746405269,241.9753828150677,2641.2879214782415,2818.5998737441264,14.166666666666668,False,"SOC floor violated (min 0.010, unmet 551 Wh)"
4.5,0.4,1.3,0.28,0.6,0.5,0.24,1.384812165683202,2,mixed,29+29+21+7+3,5,89,19x10E,10.837912938689142,1.6615699465093123,12.187269059928504,0.2893480360167756,9.67524484179636,11.610293810155632,11.802753363223989,116.64860351878387,120.71799824671764,2.807513345284184,0.0029736354712534517,0.6556090921086254,-551.4920552463594,551.4920552463594,0.09908888660001716,1958.9552084296947,2715.5128045475435,15.166666666666666,False,"SOC floor violated (min 0.003, unmet 551 Wh); did not refill (end SOC 0.656)"
4.5,0.4,1.3,0.34,0.6,0.5,0.24,1.384812165683202,2,mixed,29+29+21+7+3,5,89,19x10E,10.837912938689142,1.6615699465093123,12.187269059928504,0.2893480360167756,9.67524484179636,11.610293810155632,11.802753363223989,116.64860351878387,120.71799824671764,2.807513345284184,0.0029736354712534517,0.6556090921086254,-551.4920552463594,551.4920552463594,0.09908888660001716,1958.9552084296947,2715.5128045475435,15.166666666666666,False,"SOC floor violated (min 0.003, unmet 551 Wh); did not refill (end SOC 0.656)"
4.5,0.3,1.6,0.34,0.4,0.5,0.12,1.293317848355444,2,mixed,22+22,2,44,22x12E,9.387298500523425,1.17779721270398,17.193112516805986,0.30588727477935107,10.695066816212407,12.834080179454888,13.0468259872501,63.545599039780626,65.16072579185442,7.493567515349782,0.13143515291759605,0.4070094387329244,-553.5088821839951,0.0,0.08428993896879078,968.4722378753551,1418.553766555352,15.666666666666668,False,"SOC floor violated (min 0.131, unmet 0 Wh); did not refill (end SOC 0.407)"
5.5,0.3,1.6,0.34,0.4,0.0,0.12,0.31638983679641164,3,mixed,21+21+8,3,50,22x12E,10.87783348747534,1.211950170623354,24.95977205435866,0.31841690645744386,11.349514145139914,13.619416974167896,13.845181020001704,69.31591438697714,71.57570332546588,6.480718793455627,0.37354089710611055,0.5965311821686554,-555.6463170376182,0.0,0.11940274160974103,1100.5366339492666,1562.978467009471,15.416666666666668,False,did not refill (end SOC 0.597)
6.0,0.3,1.6,0.34,0.6,0.0,0.18,0.36332022724263985,2,mixed,26+26+10,3,62,19x10E,10.168517330150754,1.4835984272691167,24.265326343238158,0.3176231071679016,9.917885352749526,11.90146242329943,12.098748570945798,87.22735492614088,90.54922588614825,3.133278203484525,0.006021554827654985,0.4046504610317849,-555.7876546432957,186.88709686303733,0.2244522248053613,1364.6654260970909,2001.6924213874395,15.5,False,"SOC floor violated (min 0.006, unmet 187 Wh); did not refill (end SOC 0.405)"
4.5,0.36,1.3,0.28,0.4,0.5,0.144,1.3507978314067701,3,mixed,23+23+12+6,4,64,22x12E,11.365035140957419,1.4257723315838622,14.202828566258315,0.2974094929373038,10.695688582123148,12.834826298547778,13.047584474483672,82.23184802297563,84.43563997345717,6.0713623174630715,0.26648787657831424,0.5941565625686839,-559.087140837977,0.0,0.29284353640511535,1408.6868914550619,1873.214830776535,15.083333333333332,False,did not refill (end SOC 0.594)
5.0,0.36,1.3,0.34,0.4,0.5,0.144,1.4876369168177235,2,mixed,26+26+14,3,66,19x10E,10.249403884695111,1.5813295740326283,15.809481091437656,0.3023631810267888,9.644651872597224,11.573582247116668,11.765433246161288,96.95045976220493,100.19392022010774,3.0559008959603773,0.0070734786253946625,0.3994039230997348,-560.8558102856562,325.962181835746,0.15830851314384256,1452.708356813033,2233.5695830706127,15.75,False,"SOC floor violated (min 0.007, unmet 326 Wh); did not refill (end SOC 0.399)"
4.0,0.36,1.3,0.28,0.6,0.0,0.216,0.4027487605843451,2,mixed,20+20+12,3,52,22x12E,9.444973720490896,1.2099958215241455,13.223186159309162,0.29379825772251295,10.58417205125674,12.701006461508088,12.911546355422054,71.15818444776376,72.94137909092188,7.372204950141962,0.036511126383786174,0.39688665369455184,-563.2874925310629,0.0,0.3050468876434209,1144.558099307237,1603.2507803203603,15.333333333333332,False,"SOC floor violated (min 0.037, unmet 0 Wh); did not refill (end SOC 0.397)"
4.0,0.36,1.3,0.34,0.6,0.0,0.216,0.4027487605843451,2,mixed,20+20+12,3,52,22x12E,9.444973720490896,1.2099958215241455,13.223186159309162,0.29379825772251295,10.58417205125674,12.701006461508088,12.911546355422054,71.15818444776376,72.94137909092188,7.372204950141962,0.036511126383786174,0.39688665369455184,-563.2874925310629,0.0,0.3050468876434209,1144.558099307237,1603.2507803203603,15.333333333333332,False,"SOC floor violated (min 0.037, unmet 0 Wh); did not refill (end SOC 0.397)"
5.0,0.3,1.3,0.34,0.6,0.0,0.18,0.3704226647042824,3,mixed,21+21+10,3,52,22x12E,10.758393424517068,1.2444507197645138,20.089184411200087,0.3116921339142135,11.138669259745049,13.366403111694058,13.587973040162012,71.66431690975534,73.86815499091708,6.525911816167264,0.35302513681544745,0.5881939201376672,-567.7270097205202,0.0,0.17172689023808255,1144.558099307237,1618.859882697438,15.416666666666668,False,did not refill (end SOC 0.588)
4.5,0.4,1.6,0.34,0.6,0.5,0.24,1.3586462081040374,2,mixed,29+29+21+3,4,82,19x10E,10.839289578954926,1.657383393296646,12.218054121877861,0.2894911660411403,9.688072211670464,11.625686654004557,11.818401368561162,116.01536983200072,120.05005964158076,2.8104484054339247,0.007452490298849677,0.5318023555297328,-568.4070029438652,568.4070029438652,0.2725723307723472,1804.8800796767978,2698.663739349451,15.5,False,"SOC floor violated (min 0.007, unmet 568 Wh); did not refill (end SOC 0.532)"
4.0,0.3,1.3,0.28,0.6,0.5,0.18,1.1828288891427603,2,mixed,20+20+10,3,50,22x12E,9.19221288159742,1.1019394666971312,14.519853842749795,0.2984737730756048,10.941569343904835,13.129883212685801,13.34753243812942,69.54742318424668,71.46596926924946,7.637444366034023,0.055763573753280365,0.39088742279986627,-569.0827495753292,0.0,0.12854724629444308,1100.5366339492666,1565.445798144442,15.5,False,"SOC floor violated (min 0.056, unmet 0 Wh); did not refill (end SOC 0.391)"
4.0,0.3,1.3,0.34,0.6,0.5,0.18,1.1828288891427603,2,mixed,20+20+10,3,50,22x12E,9.19221288159742,1.1019394666971312,14.519853842749795,0.2984737730756048,10.941569343904835,13.129883212685801,13.34753243812942,69.54742318424668,71.46596926924946,7.637444366034023,0.055763573753280365,0.39088742279986627,-569.0827495753292,0.0,0.12854724629444308,1100.5366339492666,1565.445798144442,15.5,False,"SOC floor violated (min 0.056, unmet 0 Wh); did not refill (end SOC 0.391)"
5.5,0.36,1.3,0.34,0.4,0.0,0.144,0.4282951994852384,2,mixed,25+25+12,3,62,19x10E,9.996288732923274,1.4785117630888114,20.459762820421293,0.31231632328595216,9.850435987072247,11.820523184486696,12.016467632260317,88.62832603779619,91.91937598146056,3.1793666045163222,0.00364378960649934,0.3907528548198232,-569.2127422440508,206.456881122921,0.110273050196002,1364.6654260970909,2034.7794952662975,15.583333333333334,False,"SOC floor violated (min 0.004, unmet 206 Wh); did not refill (end SOC 0.391)"
5.0,0.3,1.6,0.34,0.4,0.5,0.12,1.42721258952334,3,mixed,26+26,2,52,22x12E,10.978855833855055,1.3068982661142012,19.129262505131685,0.3099628172460683,10.980095047105783,13.17611405652694,13.394529633596893,71.87258517229255,73.92281454447097,6.382972568025102,0.35079495134965494,0.5856498379446483,-571.4133848182046,0.0,0.16717192744192505,1144.558099307237,1622.5398462462263,15.416666666666668,False,did not refill (end SOC 0.586)
4.5,0.4,1.6,0.34,0.4,0.5,0.16000000000000003,1.351156728492692,2,mixed,29+29+18+1,4,77,19x10E,10.654924616214574,1.5842776148382463,12.781850737736715,0.2919905088944189,9.824444352003422,11.789333222404105,11.984760645694042,115.1613682880695,119.37633684617393,2.8679057601948603,0.006323588685381219,0.44329598221318006,-572.0531990359481,572.0531990359481,0.2482650504286757,1694.8264162818707,2678.2950821381887,15.833333333333332,False,"SOC floor violated (min 0.006, unmet 572 Wh); did not refill (end SOC 0.443)"
5.0,0.3,1.6,0.34,0.6,0.5,0.18,1.4335814312951325,3,mixed,26+26,2,52,22x12E,11.105167958320669,1.372029771755416,18.2211789530006,0.3081591755513884,10.777778335758788,12.933334002910545,13.14772510468496,71.97471936399995,73.91335266729415,6.288247588456228,0.3497054355813638,0.5846144667746167,-572.9136376435804,0.0,0.1679604172066599,1144.558099307237,1624.0332005892817,15.416666666666668,False,did not refill (end SOC 0.585)
5.0,0.3,1.3,0.34,0.4,0.0,0.12,0.33743891939486287,2,mixed,18+18,2,36,22x12E,8.978056664831206,1.1107390054910753,22.507537663131856,0.31539491984793944,10.770444043814713,12.924532852577656,13.138778060933072,57.12566075799328,58.657894424981585,7.899618695654949,0.20466091669069086,0.38640350540381857,-573.4142137799112,0.0,0.12751936953533813,792.386376443472,1263.0183552499095,16.166666666666668,False,did not refill (end SOC 0.386)
4.5,0.4,1.3,0.28,0.4,0.0,0.16000000000000003,0.4370924833503401,3,mixed,21+21+18,3,60,22x12E,11.110697613360959,1.3649021960040817,14.836227869868152,0.2994905232135357,10.808572675600685,12.970287210720821,13.185290872175115,79.21890577288337,81.39926068784095,6.242449569232457,0.29003584476012506,0.5837591635376677,-574.1529720339196,0.0,0.360479904758904,1320.643960739121,1800.5135402980034,15.166666666666666,False,did not refill (end SOC 0.584)
4.5,0.4,1.3,0.34,0.4,0.0,0.16000000000000003,0.4370924833503401,3,mixed,21+21+18,3,60,22x12E,11.110697613360959,1.3649021960040817,14.836227869868152,0.2994905232135357,10.808572675600685,12.970287210720821,13.185290872175115,79.21890577288337,81.39926068784095,6.242449569232457,0.29003584476012506,0.5837591635376677,-574.1529720339196,0.0,0.360479904758904,1320.643960739121,1800.5135402980034,15.166666666666666,False,did not refill (end SOC 0.584)
6.0,0.3,1.6,0.34,0.4,0.5,0.12,1.6937566833442634,3,mixed,29+29+10+2,4,70,18x12E,11.76763168696563,1.5648762030019674,23.00501466565834,0.316060073019193,10.388503480592297,12.466204176710756,12.672851839856886,88.25572127768639,90.75342342543581,3.0079338038964516,0.21510501045154773,0.5832352176051315,-574.9121696901644,0.0,0.15926244046594698,1540.7512875289735,2020.6166299942065,15.0,False,did not refill (end SOC 0.583)
4.5,0.4,1.6,0.28,0.4,0.0,0.16000000000000003,0.3908048928230273,3,mixed,22+22+18,3,62,22x12E,11.295300379739004,1.3537931742775267,14.9579717084973,0.29987031882811876,10.942616565278708,13.13113987833445,13.34880993506047,81.04048980927843,83.36368986685997,6.143440794550219,0.2750071123627311,0.5831340974760697,-575.058692757175,0.0,0.13002773855465102,1364.665426097091,1845.4933559313206,15.166666666666666,False,did not refill (end SOC 0.583)
4.5,0.4,1.6,0.34,0.4,0.0,0.16000000000000003,0.3908048928230273,3,mixed,22+22+18,3,62,22x12E,11.295300379739004,1.3537931742775267,14.9579717084973,0.29987031882811876,10.942616565278708,13.13113987833445,13.34880993506047,81.04048980927843,83.36368986685997,6.143440794550219,0.2750071123627311,0.5831340974760697,-575.058692757175,0.0,0.13002773855465102,1364.665426097091,1845.4933559313206,15.166666666666666,False,did not refill (end SOC 0.583)
4.5,0.45,1.3,0.28,0.6,0.0,0.27,0.5388295271434997,2,mixed,29+29+24+8+1,5,91,19x10E,10.984257554297482,1.7169893148858297,11.793899836439293,0.28745335675604006,9.581864096164361,11.498236915397234,11.688838942701294,118.4643065153771,122.46505940083918,2.7584528819054777,0.008958633408135385,0.6847416434438962,-578.8492963587373,578.8492963587373,0.18179084077138202,2002.9766737876669,2758.483340190654,15.166666666666666,False,"SOC floor violated (min 0.009, unmet 579 Wh); did not refill (end SOC 0.685)"
4.5,0.45,1.3,0.34,0.6,0.0,0.27,0.5388295271434997,2,mixed,29+29+24+8+1,5,91,19x10E,10.984257554297482,1.7169893148858297,11.793899836439293,0.28745335675604006,9.581864096164361,11.498236915397234,11.688838942701294,118.4643065153771,122.46505940083918,2.7584528819054777,0.008958633408135385,0.6847416434438962,-578.8492963587373,578.8492963587373,0.18179084077138202,2002.9766737876669,2758.483340190654,15.166666666666666,False,"SOC floor violated (min 0.009, unmet 579 Wh); did not refill (end SOC 0.685)"
4.5,0.3,1.3,0.34,0.6,0.5,0.18,1.3187108526089395,2,mixed,23+23+10,3,56,19x12E,9.452376746244406,1.2382453023130726,16.3537870583256,0.30382067342519403,10.466840744158722,12.560208892990465,12.768414837604517,78.1590886256379,80.180819764063,4.584284143901093,0.006231950157524448,0.3802478217823298,-579.3606041582694,66.07414783999461,0.13239506730780803,1232.601030023179,1773.0028416919263,15.5,False,"SOC floor violated (min 0.006, unmet 66 Wh); did not refill (end SOC 0.380)"
5.0,0.36,1.6,0.34,0.6,0.0,0.216,0.4019128346549774,2,mixed,27+27+12,3,66,19x10E,10.25729894450027,1.4978754481903167,16.690306280274616,0.3046742183578066,9.913502139129449,11.896202566955338,12.093401523905436,98.62221925221517,102.28941627202491,3.0543697598610535,0.004483165476313318,0.37945153150538696,-580.1298205657961,350.0667084545653,0.2155617952825454,1452.708356813033,2276.882037714931,15.833333333333332,False,"SOC floor violated (min 0.004, unmet 350 Wh); did not refill (end SOC 0.379)"
4.5,0.3,1.6,0.34,0.6,0.0,0.18,0.3161633617503496,2,mixed,18+18+8,3,44,22x12E,9.373179387418721,1.117939603410042,18.113679789347824,0.30793368877230626,10.969396705780198,13.163276046936238,13.381478813061996,64.61636219136096,66.47836448920836,7.531055890408145,0.1138859986844594,0.3783276335321737,-581.2155060079202,0.0,0.1320042024456285,968.4722378753551,1446.1542115499024,15.75,False,"SOC floor violated (min 0.114, unmet 0 Wh); did not refill (end SOC 0.378)"
5.0,0.3,1.3,0.34,0.4,0.5,0.12,1.447071179713179,2,mixed,24+24+12,3,60,17x12E,9.593981955070438,1.3104728123483722,19.077084060370474,0.3098638298118912,10.25023660439259,12.300283925271108,12.504181189679771,86.60233158685112,88.92581292508416,2.973769586660395,0.002912465957887261,0.3778004794189498,-581.7247368812945,180.86348173686488,0.10908434633540054,1320.6439607391208,1977.8183025697028,15.666666666666668,False,"SOC floor violated (min 0.003, unmet 181 Wh); did not refill (end SOC 0.378)"
4.5,0.52,1.3,0.28,0.4,0.0,0.20800000000000002,0.5824051384167303,2,mixed,29+27+27+8,4,91,19x10E,11.124350666980433,1.8197104031860198,11.128144327001435,0.283941524677401,9.366657615518708,11.23998913862245,11.42631028789606,119.01805731299734,122.73453194578823,2.710461793102237,0.0036161885263743913,0.677010626662368,-582.194257189871,582.194257189871,0.15933479535896092,2002.9766737876669,2769.2622347682436,15.166666666666666,False,"SOC floor violated (min 0.004, unmet 582 Wh); did not refill (end SOC 0.677)"
4.5,0.52,1.3,0.34,0.4,0.0,0.20800000000000002,0.5824051384167303,2,mixed,29+27+27+8,4,91,19x10E,11.124350666980433,1.8197104031860198,11.128144327001435,0.283941524677401,9.366657615518708,11.23998913862245,11.42631028789606,119.01805731299734,122.73453194578823,2.710461793102237,0.0036161885263743913,0.677010626662368,-582.194257189871,582.194257189871,0.15933479535896092,2002.9766737876669,2769.2622347682436,15.166666666666666,False,"SOC floor violated (min 0.004, unmet 582 Wh); did not refill (end SOC 0.677)"
4.5,0.4,1.3,0.28,0.6,0.5,0.24,1.384812165683202,2,mixed,29+29+21+7+3+3,6,92,19x10E,10.969912938689143,1.6615699465093123,12.187269059928504,0.2893480360167756,9.733986184851256,11.680783421821507,11.874411455152208,119.32627707420161,123.59682923559956,2.7653574945473465,0.002225733445853759,0.68728329270965,-582.5534342563363,582.5534342563363,0.20162187971543233,2024.9874064666515,2781.5538605398438,15.166666666666666,False,"SOC floor violated (min 0.002, unmet 583 Wh); did not refill (end SOC 0.687)"
4.5,0.4,1.3,0.34,0.6,0.5,0.24,1.384812165683202,2,mixed,29+29+21+7+3+3,6,92,19x10E,10.969912938689143,1.6615699465093123,12.187269059928504,0.2893480360167756,9.733986184851256,11.680783421821507,11.874411455152208,119.32627707420161,123.59682923559956,2.7653574945473465,0.002225733445853759,0.68728329270965,-582.5534342563363,582.5534342563363,0.20162187971543233,2024.9874064666515,2781.5538605398438,15.166666666666666,False,"SOC floor violated (min 0.002, unmet 583 Wh); did not refill (end SOC 0.687)"
4.5,0.52,1.6,0.28,0.4,0.0,0.20800000000000002,0.5194742222283792,2,mixed,29+29+28,3,86,19x10E,11.095669631185526,1.8000759573352543,11.24952528668686,0.28461278778341,9.405454618227624,11.28654554187315,11.473638439451202,117.94790508305114,121.65993351976213,2.7240276615944454,0.006070883542096115,0.5923962237716291,-583.3840985387484,583.3840985387484,0.3334815795373593,1892.9230103927398,2742.611299408328,15.416666666666668,False,"SOC floor violated (min 0.006, unmet 583 Wh); did not refill (end SOC 0.592)"
4.5,0.52,1.6,0.34,0.4,0.0,0.20800000000000002,0.5194742222283792,2,mixed,29+29+28,3,86,19x10E,11.095669631185526,1.8000759573352543,11.24952528668686,0.28461278778341,9.405454618227624,11.28654554187315,11.473638439451202,117.94790508305114,121.65993351976213,2.7240276615944454,0.006070883542096115,0.5923962237716291,-583.3840985387484,583.3840985387484,0.3334815795373593,1892.9230103927398,2742.611299408328,15.416666666666668,False,"SOC floor violated (min 0.006, unmet 583 Wh); did not refill (end SOC 0.592)"
4.5,0.3,1.3,0.34,0.4,0.0,0.12,0.3211396626139514,2,mixed,17+17+8,3,42,22x12E,8.922130673339103,1.0028051392705113,20.193354827370374,0.3118699097685295,11.299896446271372,13.559875735525646,13.784652788233734,62.97392422827403,64.92389905987557,7.9505447049180615,0.13290894124017885,0.3731555229890691,-586.2117647925593,0.0,0.15502031845062447,924.4507725173843,1407.2989759366587,15.833333333333332,False,"SOC floor violated (min 0.133, unmet 0 Wh); did not refill (end SOC 0.373)"
4.0,0.4,1.6,0.28,0.4,0.0,0.16000000000000003,0.37011659834047966,2,mixed,19+19+15,3,53,22x12E,9.664640855285375,1.208827983601715,13.23596096139985,0.29384878917107965,10.711716172981781,12.854059407578136,13.067136403660067,73.06280125747935,74.9658538670234,7.208781839961509,0.009704530434495552,0.37163308420351004,-587.6824406594093,0.2963094469692701,0.20728718270593421,1166.5688319862234,1649.8417650781041,15.416666666666668,False,"SOC floor violated (min 0.010, unmet 0 Wh); did not refill (end SOC 0.372)"
4.0,0.4,1.6,0.34,0.4,0.0,0.16000000000000003,0.37011659834047966,2,mixed,19+19+15,3,53,22x12E,9.664640855285375,1.208827983601715,13.23596096139985,0.29384878917107965,10.711716172981781,12.854059407578136,13.067136403660067,73.06280125747935,74.9658538670234,7.208781839961509,0.009704530434495552,0.37163308420351004,-587.6824406594093,0.2963094469692701,0.20728718270593421,1166.5688319862234,1649.8417650781041,15.416666666666668,False,"SOC floor violated (min 0.010, unmet 0 Wh); did not refill (end SOC 0.372)"
4.5,0.45,1.6,0.34,0.6,0.0,0.27,0.48284103617450086,2,mixed,29+29+21+1,4,80,19x10E,10.93718324813528,1.7069113865114103,11.863533256630856,0.2877979013158492,9.589494310295963,11.507393172355156,11.698146979549604,117.02250657753001,120.9491312183407,2.7767234940877374,0.004134417516265693,0.48353019761487787,-587.8411719825625,587.8411719825625,0.23339284067704824,1760.8586143188277,2720.934811147398,15.75,False,"SOC floor violated (min 0.004, unmet 588 Wh); did not refill (end SOC 0.484)"
5.5,0.36,1.6,0.34,0.4,0.0,0.144,0.3835149184829639,2,mixed,26+26+10,3,62,19x10E,10.164663221014068,1.4688392223923201,20.594493623836772,0.3125376910323436,9.96570014765256,11.958840177183072,12.157077454667244,91.03496330657438,94.58504060355398,3.1173803077114295,0.004823059928498212,0.36961189947179585,-589.6349051102452,245.37609644826787,0.11009079241305031,1364.6654260970909,2094.127257057866,15.75,False,"SOC floor violated (min 0.005, unmet 245 Wh); did not refill (end SOC 0.370)"
6.0,0.36,1.6,0.34,0.4,0.0,0.144,0.3995382367315819,2,mixed,29+29,2,58,19x10E,10.277369585447524,1.5983002591340216,22.523928025579647,0.3154173027089611,9.606390828302684,11.527668993963221,11.718758905965059,83.55011401591494,86.36798417481509,3.108579915821837,0.00943567450764789,0.3681874117479432,-591.0109602514868,146.46694747579676,0.3508055896635405,1276.62249538115,1908.6849877061281,15.666666666666668,False,"SOC floor violated (min 0.009, unmet 146 Wh); did not refill (end SOC 0.368)"
4.5,0.3,1.6,0.28,1.0,1.0,0.3,2.25,3,mixed,28+28+10,3,66,22x12E,11.288119040884764,1.3499999999999999,15.000000000000002,0.29999999999999993,10.954494846014065,13.145393815216877,13.363300154190936,85.366794948415,87.83287455158528,6.12234720789007,0.23766785583445765,0.5710269827623847,-592.6019019773045,0.0,0.21417644885719747,1452.708356813033,1950.5867819233001,15.166666666666666,False,did not refill (end SOC 0.571)
4.5,0.3,1.6,0.34,1.0,1.0,0.3,2.25,3,mixed,28+28+10,3,66,22x12E,11.288119040884764,1.3499999999999999,15.000000000000002,0.29999999999999993,10.954494846014065,13.145393815216877,13.363300154190936,85.366794948415,87.83287455158528,6.12234720789007,0.23766785583445765,0.5710269827623847,-592.6019019773045,0.0,0.21417644885719747,1452.708356813033,1950.5867819233001,15.166666666666666,False,did not refill (end SOC 0.571)
5.0,0.3,1.3,0.34,0.6,0.0,0.18,0.3704226647042824,2,mixed,21+21+10,3,52,19x12E,9.424206936515883,1.2444507197645138,20.089184411200087,0.3116921339142135,10.42514260879055,12.51017113054866,12.717547617652542,72.39112875492017,74.31826233225512,4.629505166423502,0.01684915849899257,0.36538024034231203,-593.7226878293266,0.0,0.13421794512657925,1144.558099307237,1633.7677255254432,15.5,False,"SOC floor violated (min 0.017, unmet 0 Wh); did not refill (end SOC 0.365)"
4.5,0.45,1.3,0.28,0.4,0.0,0.18000000000000002,0.4968104820660935,2,mixed,24+24+21,3,69,19x10E,10.251855215870933,1.5516388301578454,13.050717477816667,0.29310636478092833,9.737654506173554,11.685185407408264,11.87888641082848,107.78300208602222,111.56576217034633,3.00995747646644,0.007777414308151124,0.3622980163656544,-596.7001161907779,487.75520883825106,0.3880569267541283,1518.740554849988,2496.7389007321135,16.083333333333332,False,"SOC floor violated (min 0.008, unmet 488 Wh); did not refill (end SOC 0.362)"
4.5,0.45,1.3,0.34,0.4,0.0,0.18000000000000002,0.4968104820660935,2,mixed,24+24+21,3,69,19x10E,10.251855215870933,1.5516388301578454,13.050717477816667,0.29310636478092833,9.737654506173554,11.685185407408264,11.87888641082848,107.78300208602222,111.56576217034633,3.00995747646644,0.007777414308151124,0.3622980163656544,-596.7001161907779,487.75520883825106,0.3880569267541283,1518.740554849988,2496.7389007321135,16.083333333333332,False,"SOC floor violated (min 0.008, unmet 488 Wh); did not refill (end SOC 0.362)"
4.5,0.4,1.6,0.28,0.6,0.5,0.24,1.3586462081040374,2,mixed,29+29+21+7+3,5,89,19x10E,11.003289578954925,1.657383393296646,12.218054121877861,0.2894911660411403,9.761088021986103,11.713305626383322,11.907472768289319,119.35114508577443,123.63740967411101,2.758101463051087,0.007648401119276012,0.6343310659408862,-596.9984965013405,596.9984965013405,0.1963784265506483,1958.955208429695,2781.575108490839,15.333333333333332,False,"SOC floor violated (min 0.008, unmet 597 Wh); did not refill (end SOC 0.634)"
4.5,0.3,1.6,0.28,1.0,1.0,0.3,2.25,2,mixed,28+28+10,3,66,17x12E,9.920870879245147,1.3499999999999999,15.000000000000002,0.29999999999999993,10.269669414200072,12.323603297040085,12.527887118063239,102.20097438051155,104.8690268526469,2.799281468164693,0.007707931870354285,0.36172602206266885,-597.2526626874619,410.04730832722,0.22859223935268128,1452.708356813033,2353.9454672033503,16.083333333333332,False,"SOC floor violated (min 0.008, unmet 410 Wh); did not refill (end SOC 0.362)"
4.5,0.3,1.6,0.34,1.0,1.0,0.3,2.25,2,mixed,28+28+10,3,66,17x12E,9.920870879245147,1.3499999999999999,15.000000000000002,0.29999999999999993,10.269669414200072,12.323603297040085,12.527887118063239,102.20097438051155,104.8690268526469,2.799281468164693,0.007707931870354285,0.36172602206266885,-597.2526626874619,410.04730832722,0.22859223935268128,1452.708356813033,2353.9454672033503,16.083333333333332,False,"SOC floor violated (min 0.008, unmet 410 Wh); did not refill (end SOC 0.362)"
4.5,0.4,1.3,0.28,0.6,0.0,0.24,0.47579028497746806,2,mixed,24+24+21,3,69,19x10E,10.15631976560701,1.516126445596395,13.356405766033786,0.2943204633984138,9.805029861112118,11.766035833334541,11.961077064409078,107.40736999113751,111.26967638763566,3.042502801805171,0.0024994818960815905,0.3596530951154584,-599.2551101184672,476.56649893812005,0.10220523863847575,1518.740554849988,2488.3534720929206,16.083333333333332,False,"SOC floor violated (min 0.002, unmet 477 Wh); did not refill (end SOC 0.360)"
4.5,0.4,1.3,0.34,0.6,0.0,0.24,0.47579028497746806,2,mixed,24+24+21,3,69,19x10E,10.15631976560701,1.516126445596395,13.356405766033786,0.2943204633984138,9.805029861112118,11.766035833334541,11.961077064409078,107.40736999113751,111.26967638763566,3.042502801805171,0.0024994818960815905,0.3596530951154584,-599.2551101184672,476.56649893812005,0.10220523863847575,1518.740554849988,2488.3534720929206,16.083333333333332,False,"SOC floor violated (min 0.002, unmet 477 Wh); did not refill (end SOC 0.360)"
4.5,0.4,1.6,0.34,0.6,0.5,0.24,1.3586462081040374,2,mixed,29+29+21+3+3,5,85,19x10E,10.971289578954925,1.657383393296646,12.218054121877861,0.2894911660411403,9.746883985797005,11.696260782956406,11.890145378787192,118.69148369991751,122.92728287355538,2.768226579759407,0.007131801570770412,0.5637560187247733,-599.3172561745607,599.3172561745607,0.0989357257146087,1870.912277713755,2764.5999017739578,15.5,False,"SOC floor violated (min 0.007, unmet 599 Wh); did not refill (end SOC 0.564)"
4.5,0.4,1.6,0.28,0.4,0.5,0.16000000000000003,1.351156728492692,2,mixed,29+29+18+6+1,5,83,19x10E,10.810924616214574,1.5842776148382463,12.781850737736715,0.2919905088944189,9.896103433411719,11.875324120094062,12.072176982740485,118.43987315261951,122.9244492411495,2.814998001569493,0.006035217157030873,0.5249098024872496,-601.3469549507163,601.3469549507163,0.1583660100875998,1826.8908123557824,2760.3021377413334,15.583333333333334,False,"SOC floor violated (min 0.006, unmet 601 Wh); did not refill (end SOC 0.525)"
4.5,0.4,1.6,0.28,0.6,0.0,0.24,0.426630507363234,2,mixed,26+26+18,3,70,19x10E,10.33143335533065,1.5082608811781175,13.426059279733174,0.2945893715836541,9.914949463635624,11.897939356362748,12.095167103429494,110.51801215337441,114.68762035489519,2.980130845028636,0.009345014556781927,0.3573588328074664,-601.4713675079875,529.1991236212453,0.18961228290262255,1540.7512875289735,2565.0942225929034,16.166666666666668,False,"SOC floor violated (min 0.009, unmet 529 Wh); did not refill (end SOC 0.357)"
4.5,0.4,1.6,0.34,0.6,0.0,0.24,0.426630507363234,2,mixed,26+26+18,3,70,19x10E,10.33143335533065,1.5082608811781175,13.426059279733174,0.2945893715836541,9.914949463635624,11.897939356362748,12.095167103429494,110.51801215337441,114.68762035489519,2.980130845028636,0.009345014556781927,0.3573588328074664,-601.4713675079875,529.1991236212453,0.18961228290262255,1540.7512875289735,2565.0942225929034,16.166666666666668,False,"SOC floor violated (min 0.009, unmet 529 Wh); did not refill (end SOC 0.357)"
4.5,0.4,1.6,0.34,0.4,0.5,0.16000000000000003,1.351156728492692,2,mixed,29+29+18+1+1,5,78,19x10E,10.770924616214574,1.5842776148382463,12.781850737736715,0.2919905088944189,9.87777886903268,11.853334642839215,12.049822994041406,117.58850895701796,122.00217000925446,2.8284581910548514,0.004612619773017789,0.4385644845500287,-604.9922859689515,604.9922859689515,0.1618650113530447,1716.8371489608571,2737.801308473998,15.916666666666666,False,"SOC floor violated (min 0.005, unmet 605 Wh); did not refill (end SOC 0.439)"
5.5,0.4,1.6,0.34,0.4,0.0,0.16000000000000003,0.4290000000310116,3,mixed,27+27+18,3,72,16x12E,11.834213251258042,1.642960000007443,18.411890733714127,0.3085527272725569,10.16727685802171,12.200732229626052,12.402979262338228,77.91431591110599,113.69467919967809,1.8799975151461585,0.30092588980906765,0.5623711884826116,-605.1441478886958,0.0,0.36735594346510203,1584.772752886944,2095.820426989413,14.333333333333332,False,did not refill (end SOC 0.562)
4.5,0.36,1.3,0.28,1.0,1.0,0.36,2.25,2,mixed,26+26+14+7,4,73,19x10E,10.500906961880883,1.6199999999999999,12.500000000000002,0.2907692307692308,9.645046978361856,11.574056374034226,11.765915232505677,116.15977080249874,120.13511212207595,2.8984380713169973,0.007833861879800631,0.36660865844183005,-605.905862785879,605.905862785879,0.15337952045801134,1606.7834855659298,2698.6433944866753,16.25,False,"SOC floor violated (min 0.008, unmet 606 Wh); did not refill (end SOC 0.367)"
4.5,0.36,1.3,0.34,1.0,1.0,0.36,2.25,2,mixed,26+26+14+7,4,73,19x10E,10.500906961880883,1.6199999999999999,12.500000000000002,0.2907692307692308,9.645046978361856,11.574056374034226,11.765915232505677,116.15977080249874,120.13511212207595,2.8984380713169973,0.007833861879800631,0.36660865844183005,-605.905862785879,605.905862785879,0.15337952045801134,1606.7834855659298,2698.6433944866753,16.25,False,"SOC floor violated (min 0.008, unmet 606 Wh); did not refill (end SOC 0.367)"
4.5,0.3,1.3,0.28,1.0,1.0,0.3,2.25,2,mixed,28+28+12,3,68,16x12E,9.727518461686344,1.3499999999999999,15.000000000000002,0.29999999999999993,10.16910184491972,12.202922213903664,12.405205549176499,74.73691697466147,111.15720433748038,2.298835929459719,0.009669449621245541,0.3497248783260278,-608.8457675370571,18.874311547409498,0.20533036114022113,1496.7298221710023,2019.6787373386499,14.5,False,"SOC floor violated (min 0.010, unmet 19 Wh); did not refill (end SOC 0.350)"
4.5,0.3,1.3,0.34,1.0,1.0,0.3,2.25,2,mixed,28+28+12,3,68,16x12E,9.727518461686344,1.3499999999999999,15.000000000000002,0.29999999999999993,10.16910184491972,12.202922213903664,12.405205549176499,74.73691697466147,111.15720433748038,2.298835929459719,0.009669449621245541,0.3497248783260278,-608.8457675370571,18.874311547409498,0.20533036114022113,1496.7298221710023,2019.6787373386499,14.5,False,"SOC floor violated (min 0.010, unmet 19 Wh); did not refill (end SOC 0.350)"
4.5,0.36,1.3,0.28,0.6,0.5,0.216,1.3582788216710497,2,mixed,24+24+14+7,4,69,19x10E,10.202993499313378,1.491592150320631,13.576097189601784,0.29515924272408095,9.908027644654378,11.889633173585255,12.086723232127385,108.95574744733104,113.05162801395888,3.024330176687601,0.004487915884962286,0.3475190806632956,-610.9765680792564,503.58218999321315,0.18670334970716357,1518.740554849988,2527.0223365078614,16.166666666666668,False,"SOC floor violated (min 0.004, unmet 504 Wh); did not refill (end SOC 0.348)"
4.5,0.45,1.3,0.28,0.6,0.0,0.27,0.5388295271434997,2,mixed,29+29+24+8+1+1,6,92,19x10E,11.100257554297482,1.7169893148858297,11.793899836439293,0.28745335675604006,9.632326183167741,11.55879141980129,11.750397236763426,120.78639187367119,124.95777118441893,2.722620929777674,0.009090418271235171,0.6821486781579409,-611.5586001945003,611.5586001945003,0.08821005064715118,2024.9874064666515,2815.720588879718,15.166666666666666,False,"SOC floor violated (min 0.009, unmet 612 Wh); did not refill (end SOC 0.682)"
4.5,0.45,1.3,0.34,0.6,0.0,0.27,0.5388295271434997,2,mixed,29+29+24+8+1+1,6,92,19x10E,11.100257554297482,1.7169893148858297,11.793899836439293,0.28745335675604006,9.632326183167741,11.55879141980129,11.750397236763426,120.78639187367119,124.95777118441893,2.722620929777674,0.009090418271235171,0.6821486781579409,-611.5586001945003,611.5586001945003,0.08821005064715118,2024.9874064666515,2815.720588879718,15.166666666666666,False,"SOC floor violated (min 0.009, unmet 612 Wh); did not refill (end SOC 0.682)"
5.0,0.3,1.6,0.34,0.6,0.0,0.18,0.33265133972193933,3,mixed,21+21+10,3,52,22x12E,10.950171342338905,1.2399181607666325,20.162621043103908,0.31181765093261626,11.258029858381722,13.509635830058066,13.733580074405692,73.44659495615848,75.78697440219469,6.406860041619159,0.33383567920013113,0.5579245567611147,-611.5873172531448,0.0,0.21320366163992688,1144.5580993072372,1662.6115042391184,15.5,False,did not refill (end SOC 0.558)
4.5,0.36,1.6,0.28,0.6,0.5,0.216,1.334833955011557,3,mixed,25+25+12,3,62,22x12E,11.55135985822049,1.4882160895216643,13.606894954689452,0.295274663606097,10.55436254704574,12.665235056454888,12.875181980996869,82.63468309323409,84.76849541064863,5.953610282096671,0.25821070004233454,0.5578651129253097,-611.6734513712262,0.0,0.26317489604870187,1364.6654260970909,1881.9032520149924,15.25,False,did not refill (end SOC 0.558)
4.5,0.36,1.6,0.34,0.6,0.5,0.216,1.334833955011557,3,mixed,25+25+12,3,62,22x12E,11.55135985822049,1.4882160895216643,13.606894954689452,0.295274663606097,10.55436254704574,12.665235056454888,12.875181980996869,82.63468309323409,84.76849541064863,5.953610282096671,0.25821070004233454,0.5578651129253097,-611.6734513712262,0.0,0.26317489604870187,1364.6654260970909,1881.9032520149924,15.25,False,did not refill (end SOC 0.558)
5.0,0.3,1.3,0.34,0.4,0.5,0.12,1.447071179713179,3,mixed,24+24,2,48,22x12E,10.757230116710055,1.3104728123483722,19.077084060370474,0.3098638298118912,10.853871388127152,13.024645665752582,13.24055040724257,69.9561896118464,71.87444121891582,6.51389768182235,0.3618516057469219,0.5578563044052383,-611.6862149168097,0.0,0.22407373424455912,1056.515168591296,1574.9339807432339,15.666666666666668,False,did not refill (end SOC 0.558)
4.5,0.52,1.6,0.28,0.4,0.0,0.20800000000000002,0.5194742222283792,2,mixed,29+29+28+7,4,93,19x10E,11.259669631185528,1.8000759573352543,11.24952528668686,0.28461278778341,9.474708508251199,11.369650209901438,11.558120702872694,121.10039829776777,125.03305034702832,2.675314276316438,0.007767441538518017,0.699435410379506,-611.9392467984018,611.9392467984018,0.19608197893711457,2046.998139145637,2821.147985581558,15.166666666666666,False,"SOC floor violated (min 0.008, unmet 612 Wh); did not refill (end SOC 0.699)"
4.5,0.52,1.6,0.34,0.4,0.0,0.20800000000000002,0.5194742222283792,2,mixed,29+29+28+7,4,93,19x10E,11.259669631185528,1.8000759573352543,11.24952528668686,0.28461278778341,9.474708508251199,11.369650209901438,11.558120702872694,121.10039829776777,125.03305034702832,2.675314276316438,0.007767441538518017,0.699435410379506,-611.9392467984018,611.9392467984018,0.19608197893711457,2046.998139145637,2821.147985581558,15.166666666666666,False,"SOC floor violated (min 0.008, unmet 612 Wh); did not refill (end SOC 0.699)"
5.5,0.36,1.3,0.34,0.4,0.0,0.144,0.4282951994852384,3,mixed,25+25+12,3,62,19x12E,11.274288732923274,1.4785117630888114,20.459762820421293,0.31231632328595216,10.461179007140755,12.553414808568906,12.761508130154406,82.64499022484212,84.84181311464168,3.8188001414237767,0.25809753856361667,0.5573231359965386,-612.4587759410156,0.0,0.25095527871652595,1364.6654260970909,1882.7019656819532,15.25,False,did not refill (end SOC 0.557)
4.5,0.52,1.3,0.28,0.4,0.0,0.20800000000000002,0.5824051384167303,2,mixed,29+27+27+8+3,5,94,19x10E,11.256350666980433,1.8197104031860198,11.128144327001435,0.283941524677401,9.422065463958036,11.306478556749644,11.493901876554485,121.54879621161042,125.43492846718759,2.6715312247266545,0.005148140895761039,0.7125763525569611,-613.2126514409093,613.2126514409093,0.2767373274312573,2069.008871824622,2831.4986106695746,15.166666666666666,False,"SOC floor violated (min 0.005, unmet 613 Wh); did not refill (end SOC 0.713)"
4.5,0.52,1.3,0.34,0.4,0.0,0.20800000000000002,0.5824051384167303,2,mixed,29+27+27+8+3,5,94,19x10E,11.256350666980433,1.8197104031860198,11.128144327001435,0.283941524677401,9.422065463958036,11.306478556749644,11.493901876554485,121.54879621161042,125.43492846718759,2.6715312247266545,0.005148140895761039,0.7125763525569611,-613.2126514409093,613.2126514409093,0.2767373274312573,2069.008871824622,2831.4986106695746,15.166666666666666,False,"SOC floor violated (min 0.005, unmet 613 Wh); did not refill (end SOC 0.713)"
5.0,0.3,1.6,0.34,0.4,0.0,0.12,0.30240916561737635,2,mixed,18+18,2,36,22x12E,9.172328043253273,1.1044336498111278,22.636036129717088,0.31556952969753804,10.917379911070576,13.10085589328469,13.31802394357374,58.793209511218265,60.442805943212434,7.737336194252475,0.1764976375000062,0.34438339040605137,-614.0056448677543,0.0,0.09485324362759387,792.3863764434719,1303.5464678785213,16.416666666666668,False,"SOC floor violated (min 0.176, unmet 0 Wh); did not refill (end SOC 0.344)"
4.0,0.3,1.3,0.28,0.4,0.5,0.12,1.1767718610457285,2,mixed,19+19+10,3,48,22x12E,9.077104836434058,1.051818934988231,15.211743645002006,0.3006424499283939,11.12888443360513,13.354661320326155,13.576036609454585,69.62962540852685,71.62639248232854,7.750989356543278,0.047097767743966415,0.34290424044798007,-615.4345037272512,0.0,0.26541519034243893,1056.515168591296,1567.7507354196607,15.666666666666668,False,"SOC floor violated (min 0.047, unmet 0 Wh); did not refill (end SOC 0.343)"
4.0,0.3,1.3,0.34,0.4,0.5,0.12,1.1767718610457285,2,mixed,19+19+10,3,48,22x12E,9.077104836434058,1.051818934988231,15.211743645002006,0.3006424499283939,11.12888443360513,13.354661320326155,13.576036609454585,69.62962540852685,71.62639248232854,7.750989356543278,0.047097767743966415,0.34290424044798007,-615.4345037272512,0.0,0.26541519034243893,1056.515168591296,1567.7507354196607,15.666666666666668,False,"SOC floor violated (min 0.047, unmet 0 Wh); did not refill (end SOC 0.343)"
4.5,0.45,1.3,0.28,0.4,0.5,0.18000000000000002,1.4094228339681143,2,mixed,29+29+24+8+1,5,91,19x10E,11.163251441075165,1.7980441651713908,11.26223726438319,0.2846822507633712,9.439383377631668,11.327260053158001,11.515027860154662,121.17958699729535,125.07280646838748,2.6962302977139223,0.0040264399182884415,0.6564567413999058,-615.5548893387579,615.5548893387579,0.31270575510386084,2002.9766737876669,2822.3757583071283,15.25,False,"SOC floor violated (min 0.004, unmet 616 Wh); did not refill (end SOC 0.656)"
4.5,0.45,1.3,0.34,0.4,0.5,0.18000000000000002,1.4094228339681143,2,mixed,29+29+24+8+1,5,91,19x10E,11.163251441075165,1.7980441651713908,11.26223726438319,0.2846822507633712,9.439383377631668,11.327260053158001,11.515027860154662,121.17958699729535,125.07280646838748,2.6962302977139223,0.0040264399182884415,0.6564567413999058,-615.5548893387579,615.5548893387579,0.31270575510386084,2002.9766737876669,2822.3757583071283,15.25,False,"SOC floor violated (min 0.004, unmet 616 Wh); did not refill (end SOC 0.656)"
6.0,0.36,1.3,0.34,0.4,0.0,0.144,0.44606429664317643,2,mixed,28+28,2,56,19x10E,10.100145961504026,1.608349888074926,22.38318929663327,0.31522404061394377,9.493404975652785,11.392085970783342,11.580928373077713,81.60688974282836,84.24303887578208,3.1677680009655487,0.003149304858047791,0.34251478036762717,-615.8107221648721,117.2569759108889,0.19848773656196764,1232.601030023179,1860.533263269164,15.666666666666668,False,"SOC floor violated (min 0.003, unmet 117 Wh); did not refill (end SOC 0.343)"
5.0,0.36,1.6,0.34,0.4,0.5,0.144,1.463588302802556,2,mixed,26+26+12,3,64,19x10E,10.403732125654976,1.5761350734053523,15.861584721914548,0.3025070287364671,9.732990809901985,11.679588971882382,11.873197205257524,98.96906661527899,102.39776339090292,3.0049909205779017,0.004753439611111692,0.34248172237951974,-615.8426561813839,363.9713133768496,0.1622068093124748,1408.6868914550623,2282.687172971682,16.0,False,"SOC floor violated (min 0.005, unmet 364 Wh); did not refill (end SOC 0.342)"
5.0,0.36,1.6,0.34,0.4,0.5,0.144,1.463588302802556,3,mixed,26+26+12,3,64,17x12E,11.648670452016546,1.5761350734053523,15.861584721914548,0.3025070287364671,10.29887796457099,12.358653557485187,12.563518393732458,66.7814882006538,113.24553531694288,2.352771228497815,0.3846901819762041,0.5547811038635857,-616.1421805016643,0.0,0.09574549314520434,1408.686891455062,1931.9081722731514,14.333333333333332,False,did not refill (end SOC 0.555)
4.5,0.45,1.6,0.28,0.6,0.0,0.27,0.48284103617450086,2,mixed,29+29+21+7+1,5,87,19x10E,11.10118324813528,1.7069113865114103,11.863533256630856,0.2877979013158492,9.661122688405936,11.593347226087122,11.78552586188937,120.3032107014951,124.4693844248195,2.7257396567499645,0.005612414073213064,0.5867720084990752,-616.3192980241811,616.3192980241811,0.21378905052520852,1914.9337430717248,2803.036714627746,15.416666666666668,False,"SOC floor violated (min 0.006, unmet 616 Wh); did not refill (end SOC 0.587)"
5.5,0.36,1.3,0.34,0.6,0.0,0.216,0.4687516852914388,2,mixed,29+29,2,58,19x10E,10.206213322277723,1.651500242681967,18.31667911285031,0.3083572735304826,9.417626208483544,11.301151450180251,11.488486464506675,86.92494317228233,89.59659543270108,3.105578486042476,0.009788926168466631,0.34178740010444736,-616.5133714991038,200.1955320677319,0.22411193698474463,1276.6224953811497,1988.0171295948528,15.833333333333332,False,"SOC floor violated (min 0.010, unmet 200 Wh); did not refill (end SOC 0.342)"
4.5,0.36,1.3,0.28,0.6,0.0,0.216,0.4259422355063571,3,mixed,23+23+12,3,58,22x12E,11.062279543612952,1.3573356819129154,14.918932928559974,0.29974920745596867,10.815015113284247,12.978018135941095,13.193149950087907,79.18262519076978,81.36370487216669,6.2707423522386705,0.2861652021637223,0.5543107808154557,-616.8236785984046,0.0,0.3392424705792057,1276.6224953811495,1799.2856951505742,15.333333333333332,False,did not refill (end SOC 0.554)
4.5,0.36,1.3,0.34,0.6,0.0,0.216,0.4259422355063571,3,mixed,23+23+12,3,58,22x12E,11.062279543612952,1.3573356819129154,14.918932928559974,0.29974920745596867,10.815015113284247,12.978018135941095,13.193149950087907,79.18262519076978,81.36370487216669,6.2707423522386705,0.2861652021637223,0.5543107808154557,-616.8236785984046,0.0,0.3392424705792057,1276.6224953811495,1799.2856951505742,15.333333333333332,False,did not refill (end SOC 0.554)
6.0,0.36,1.6,0.34,0.4,0.0,0.144,0.3995382367315819,3,mixed,29+29,2,58,16x12E,11.507101601477002,1.5983002591340216,22.523928025579647,0.3154173027089611,10.164879582723225,12.19785549926787,12.40005484548321,64.74396342149029,103.4655780599743,1.972828676732151,0.4035119269814927,0.5535240866668657,-617.9635984197116,0.0,0.21353318887397182,1276.6224953811495,1801.710461181363,14.5,False,did not refill (end SOC 0.554)
5.0,0.36,1.3,0.34,0.6,0.0,0.216,0.4478819785745004,2,mixed,25+25+12,3,62,19x10E,10.052535111563689,1.504495004914728,16.61687138763013,0.3044909075562075,9.79243896930019,11.750926763160226,11.945717536757925,95.45490715891182,98.82114090002524,3.1285969030437335,0.007811081548213998,0.33798962097498775,-620.1820261381619,318.6406357922444,0.1885288785974571,1364.6654260970909,2197.847641742786,16.0,False,"SOC floor violated (min 0.008, unmet 319 Wh); did not refill (end SOC 0.338)"
4.5,0.45,1.6,0.34,0.6,0.0,0.27,0.48284103617450086,2,mixed,29+29+21+1+1,5,81,19x10E,11.05318324813528,1.7069113865114103,11.863533256630856,0.2877979013158492,9.6402133742438,11.56825604909256,11.760018757719383,119.33217150450854,123.42776791955184,2.7405485912645213,0.0038306545781837797,0.48123673855929333,-620.4514687304245,620.4514687304245,0.15574587110368654,1782.8693469978132,2777.760786532316,15.75,False,"SOC floor violated (min 0.004, unmet 620 Wh); did not refill (end SOC 0.481)"
4.0,0.4,1.3,0.28,0.6,0.5,0.24,1.2453047623958522,3,mixed,27+27+21,3,75,22x12E,11.479226060728648,1.4792487619833365,10.81630109228392,0.2821478901064903,10.553199453330999,12.663839343997198,12.873763132329174,94.74102514414145,97.23562715851628,5.919460521072783,0.1569873869535446,0.5513354329259847,-621.134957690248,0.0,0.17065363360821212,1650.804950923901,2176.236021588767,15.0,False,"SOC floor violated (min 0.157, unmet 0 Wh); did not refill (end SOC 0.551)"
4.0,0.4,1.3,0.34,0.6,0.5,0.24,1.2453047623958522,3,mixed,27+27+21,3,75,22x12E,11.479226060728648,1.4792487619833365,10.81630109228392,0.2821478901064903,10.553199453330999,12.663839343997198,12.873763132329174,94.74102514414145,97.23562715851628,5.919460521072783,0.1569873869535446,0.5513354329259847,-621.134957690248,0.0,0.17065363360821212,1650.804950923901,2176.236021588767,15.0,False,"SOC floor violated (min 0.157, unmet 0 Wh); did not refill (end SOC 0.551)"
4.0,0.3,1.6,0.28,0.6,0.5,0.18,1.1644943732591284,2,mixed,20+20+10,3,50,22x12E,9.393567386633855,1.0997393247910954,14.54890230740756,0.2985689715234622,11.071815736428933,13.286178883714719,13.50641896478048,71.77013447483584,73.81586292919135,7.469148668060332,0.019775397828140036,0.3347464401528668,-623.3149388123306,0.0,0.11498538653328794,1100.5366339492668,1619.5309645156854,15.666666666666668,False,"SOC floor violated (min 0.020, unmet 0 Wh); did not refill (end SOC 0.335)"
4.0,0.3,1.6,0.34,0.6,0.5,0.18,1.1644943732591284,2,mixed,20+20+10,3,50,22x12E,9.393567386633855,1.0997393247910954,14.54890230740756,0.2985689715234622,11.071815736428933,13.286178883714719,13.50641896478048,71.77013447483584,73.81586292919135,7.469148668060332,0.019775397828140036,0.3347464401528668,-623.3149388123306,0.0,0.11498538653328794,1100.5366339492668,1619.5309645156854,15.666666666666668,False,"SOC floor violated (min 0.020, unmet 0 Wh); did not refill (end SOC 0.335)"
5.0,0.3,1.6,0.34,0.6,0.5,0.18,1.4335814312951325,2,mixed,26+26+10,3,62,16x12E,9.91071348634896,1.372029771755416,18.2211789530006,0.3081591755513884,10.181672936361585,12.2180075236339,12.420540922515464,96.78871797386095,99.38940658041086,2.31093386036052,0.008941807434595514,0.33462928170004624,-623.4281138777553,341.04389473101605,0.14117340523198862,1364.6654260970909,2223.5180161745134,16.083333333333332,False,"SOC floor violated (min 0.009, unmet 341 Wh); did not refill (end SOC 0.335)"
4.5,0.36,1.6,0.34,0.4,0.0,0.144,0.34912303194307287,2,mixed,20+20,2,40,22x12E,9.433759363032133,1.2094105748997037,16.743693515065658,0.304806476071805,10.580445766982157,12.696534920378587,12.90700069120649,62.98542939323423,64.53736645044334,7.444245761431522,0.12433504085178738,0.3311745835423739,-626.7653522980669,0.0,0.2480334882952988,880.4293071594138,1403.8071457190836,16.166666666666668,False,"SOC floor violated (min 0.124, unmet 0 Wh); did not refill (end SOC 0.331)"
4.5,0.45,1.3,0.28,0.6,0.5,0.27,1.4181536279394673,2,mixed,29+29+27+9+3,5,97,19x10E,11.36951570292096,1.8752676530291041,10.798458538593328,0.28204213152037244,9.327984182095248,11.193581018514298,11.379132877518355,123.15686249922933,126.96563155779441,2.6334890499293016,0.005038797817556879,0.7574925531275188,-629.3583084941058,629.3583084941058,0.12008255229050964,2135.041069861578,2870.04362150857,15.0,False,"SOC floor violated (min 0.005, unmet 629 Wh); did not refill (end SOC 0.757)"
4.5,0.45,1.3,0.34,0.6,0.5,0.27,1.4181536279394673,2,mixed,29+29+27+9+3,5,97,19x10E,11.36951570292096,1.8752676530291041,10.798458538593328,0.28204213152037244,9.327984182095248,11.193581018514298,11.379132877518355,123.15686249922933,126.96563155779441,2.6334890499293016,0.005038797817556879,0.7574925531275188,-629.3583084941058,629.3583084941058,0.12008255229050964,2135.041069861578,2870.04362150857,15.0,False,"SOC floor violated (min 0.005, unmet 629 Wh); did not refill (end SOC 0.757)"
4.5,0.4,1.6,0.28,0.6,0.5,0.24,1.3586462081040374,2,mixed,29+29+21+7+3+3,6,92,19x10E,11.135289578954927,1.657383393296646,12.218054121877861,0.2894911660411403,9.819462491756116,11.78335499010734,11.978683314448121,122.11698505942488,126.62051330836843,2.716467861404129,0.007353810054739347,0.6654187656251475,-630.078902105263,630.078902105263,0.3017020491435763,2024.9874064666517,2850.2135136044685,15.25,False,"SOC floor violated (min 0.007, unmet 630 Wh); did not refill (end SOC 0.665)"
5.5,0.36,1.6,0.34,0.6,0.0,0.216,0.4207279971802974,2,mixed,29+29,2,58,19x10E,10.3712732069163,1.6445848315939628,18.393699989730006,0.3085155410442577,9.513412904018741,11.41609548482249,11.605335883964909,88.75414865355131,91.54697975366223,3.052270592119059,0.009401247532944175,0.32542940708167273,-632.3151927591041,228.91158576375088,0.3026590732488531,1276.6224953811497,2032.442216486125,16.0,False,"SOC floor violated (min 0.009, unmet 229 Wh); did not refill (end SOC 0.325)"
4.5,0.4,1.6,0.28,0.4,0.0,0.16000000000000003,0.3908048928230273,2,mixed,22+22+18,3,62,17x12E,9.928052218099388,1.3537931742775267,14.9579717084973,0.29987031882811876,10.258983128330529,12.310779753996634,12.514851003882205,97.29825629023225,99.82168695747332,2.8205811075742067,0.002911011145249531,0.3251760679122563,-632.5599183967604,343.5426866248993,0.10515004047678407,1364.6654260970909,2235.1353104145724,16.083333333333332,False,"SOC floor violated (min 0.003, unmet 344 Wh); did not refill (end SOC 0.325)"
4.5,0.4,1.6,0.34,0.4,0.0,0.16000000000000003,0.3908048928230273,2,mixed,22+22+18,3,62,17x12E,9.928052218099388,1.3537931742775267,14.9579717084973,0.29987031882811876,10.258983128330529,12.310779753996634,12.514851003882205,97.29825629023225,99.82168695747332,2.8205811075742067,0.002911011145249531,0.3251760679122563,-632.5599183967604,343.5426866248993,0.10515004047678407,1364.6654260970909,2235.1353104145724,16.083333333333332,False,"SOC floor violated (min 0.003, unmet 344 Wh); did not refill (end SOC 0.325)"
4.5,0.45,1.6,0.28,0.4,0.0,0.18000000000000002,0.4437516691652656,2,mixed,25+25+18,3,68,19x10E,10.393665485153631,1.5373129506746217,13.172334228442985,0.2935961384384745,9.8503502708506,11.820420325020718,12.016363067730955,110.23342988536476,114.28432520000526,2.961922479320317,0.007574087118782824,0.32341897388560836,-634.2572712265023,531.8398352277383,0.16961885124623302,1496.7298221710025,2556.659181327655,16.333333333333336,False,"SOC floor violated (min 0.008, unmet 532 Wh); did not refill (end SOC 0.323)"
4.5,0.45,1.6,0.34,0.4,0.0,0.18000000000000002,0.4437516691652656,2,mixed,25+25+18,3,68,19x10E,10.393665485153631,1.5373129506746217,13.172334228442985,0.2935961384384745,9.8503502708506,11.820420325020718,12.016363067730955,110.23342988536476,114.28432520000526,2.961922479320317,0.007574087118782824,0.32341897388560836,-634.2572712265023,531.8398352277383,0.16961885124623302,1496.7298221710025,2556.659181327655,16.333333333333336,False,"SOC floor violated (min 0.008, unmet 532 Wh); did not refill (end SOC 0.323)"
4.5,0.4,1.6,0.28,0.4,0.5,0.16000000000000003,1.351156728492692,2,mixed,29+29+18+6+1+1,6,84,19x10E,10.926924616214574,1.5842776148382463,12.781850737736715,0.2919905088944189,9.949053810522877,11.938864572627452,12.136770721891448,120.95196335775029,125.64949676113135,2.7763679611741447,0.004283163874193131,0.5186660608417496,-635.3485354071842,635.3485354071842,0.41392493025653226,1848.9015450347683,2821.9932322808613,15.666666666666668,False,"SOC floor violated (min 0.004, unmet 635 Wh); did not refill (end SOC 0.519)"
4.5,0.3,1.3,0.34,0.6,0.5,0.18,1.3187108526089395,3,mixed,23+23+10,3,56,22x12E,10.786563234245593,1.2382453023130726,16.3537870583256,0.30382067342519403,11.181154579736168,13.417385495683401,13.639800540304087,78.16131577716986,80.50337673435322,6.469853745198838,0.29264147889367814,0.540409768202419,-636.9662458746948,0.0,0.10551531978362286,1232.601030023179,1775.7790967881333,15.5,False,did not refill (end SOC 0.540)
5.0,0.4,1.3,0.34,0.4,0.0,0.16000000000000003,0.4587942593310043,3,mixed,24+24+21,3,69,19x12E,11.41567128198301,1.5101106222394411,16.5550785696255,0.30433539815336935,10.415851880839025,12.49902225700683,12.706213933351039,90.01453563081185,92.39666280688368,3.7288442267932016,0.19481662263784388,0.5398809545332146,-637.732496881372,0.0,0.17629633643790515,1518.7405548499887,2061.3909785281153,15.166666666666666,False,"SOC floor violated (min 0.195, unmet 0 Wh); did not refill (end SOC 0.540)"
6.0,0.3,1.3,0.34,0.4,0.0,0.12,0.3677616452701203,2,mixed,23+23+10,3,56,16x12E,9.568071845450243,1.3261970961486216,27.145286401656865,0.32065005584329564,10.175520341348099,12.210624409617719,12.413035421344656,84.80103871219019,87.05507857590433,2.452984896151744,0.003630385925007356,0.3197735098335894,-637.7787895007526,168.20096145230664,0.1608960248151258,1232.6010300231787,1933.4450846575944,15.916666666666666,False,"SOC floor violated (min 0.004, unmet 168 Wh); did not refill (end SOC 0.320)"
5.5,0.36,1.6,0.34,0.4,0.5,0.144,1.5987395917999254,2,mixed,29+29,2,58,19x10E,10.551419485191342,1.7313277518287837,17.472139499899562,0.3065303248151072,9.352209967937098,11.222651961524518,11.408685718815603,89.4588742648432,92.1199830823175,2.988914082329226,0.00821888071925873,0.3197159443219651,-637.8343977849818,239.1744175407691,0.2071585184729739,1276.6224953811497,2048.3018528960315,16.0,False,"SOC floor violated (min 0.008, unmet 239 Wh); did not refill (end SOC 0.320)"
4.5,0.3,1.6,0.34,0.4,0.0,0.12,0.28771221945048153,2,mixed,17+17+8,3,42,22x12E,9.121472492931504,0.9967881995010865,20.31524852534927,0.31207561711107396,11.45986447550302,13.751837370603623,13.979796500449243,65.20095168118496,67.33188138069053,7.766387972642585,0.09597538777240683,0.3167653853011903,-640.6846377990502,0.0,0.09533578899376967,924.4507725173842,1461.6927004695208,16.083333333333332,False,"SOC floor violated (min 0.096, unmet 0 Wh); did not refill (end SOC 0.317)"
4.0,0.36,1.6,0.28,0.6,0.0,0.216,0.36122152190996115,2,mixed,20+20+10,3,50,22x12E,9.616311990761574,1.2040158991550345,13.288861061742315,0.29405700436348403,10.706231032006398,12.847477238407677,13.060445124301918,72.91764690789446,74.81168569893286,7.245344876433279,0.009465477954677889,0.31589314244475036,-641.5272243983711,8.2803836307962,0.24299745718882448,1100.5366339492666,1645.8071823814519,15.666666666666668,False,"SOC floor violated (min 0.009, unmet 8 Wh); did not refill (end SOC 0.316)"
4.0,0.36,1.6,0.34,0.6,0.0,0.216,0.36122152190996115,2,mixed,20+20+10,3,50,22x12E,9.616311990761574,1.2040158991550345,13.288861061742315,0.29405700436348403,10.706231032006398,12.847477238407677,13.060445124301918,72.91764690789446,74.81168569893286,7.245344876433279,0.009465477954677889,0.31589314244475036,-641.5272243983711,8.2803836307962,0.24299745718882448,1100.5366339492666,1645.8071823814519,15.666666666666668,False,"SOC floor violated (min 0.009, unmet 8 Wh); did not refill (end SOC 0.316)"
4.0,0.4,1.3,0.28,0.4,0.5,0.16000000000000003,1.2378385233258826,3,mixed,26+26+21,3,73,22x12E,11.337417461810142,1.417081245598212,11.290813458790572,0.2848378307193081,10.71539396954232,12.858472763450784,13.071622918103262,93.86772740606919,96.44126520475437,6.019068763009166,0.1622755466912982,0.535107964075735,-644.64856005426,0.0,0.3120474320404523,1606.7834855659294,2155.772836450604,15.083333333333332,False,"SOC floor violated (min 0.162, unmet 0 Wh); did not refill (end SOC 0.535)"
4.0,0.4,1.3,0.34,0.4,0.5,0.16000000000000003,1.2378385233258826,3,mixed,26+26+21,3,73,22x12E,11.337417461810142,1.417081245598212,11.290813458790572,0.2848378307193081,10.71539396954232,12.858472763450784,13.071622918103262,93.86772740606919,96.44126520475437,6.019068763009166,0.1622755466912982,0.535107964075735,-644.64856005426,0.0,0.3120474320404523,1606.7834855659294,2155.772836450604,15.083333333333332,False,"SOC floor violated (min 0.162, unmet 0 Wh); did not refill (end SOC 0.535)"
4.5,0.36,1.6,0.28,0.4,0.5,0.144,1.3279157997136048,3,mixed,24+24+12,3,60,22x12E,11.403303855049137,1.4208298127381387,14.252234728222238,0.2975784679405764,10.732299087347078,12.878758904816493,13.09224533534317,82.19768859576435,84.41845085419459,6.0555317045512576,0.2585634740785098,0.5345069480045515,-645.5194323414049,0.0,0.3094236557334173,1320.643960739121,1871.806069016541,15.416666666666668,False,did not refill (end SOC 0.535)
4.5,0.36,1.6,0.34,0.4,0.5,0.144,1.3279157997136048,3,mixed,24+24+12,3,60,22x12E,11.403303855049137,1.4208298127381387,14.252234728222238,0.2975784679405764,10.732299087347078,12.878758904816493,13.09224533534317,82.19768859576435,84.41845085419459,6.0555317045512576,0.2585634740785098,0.5345069480045515,-645.5194323414049,0.0,0.3094236557334173,1320.643960739121,1871.806069016541,15.416666666666668,False,did not refill (end SOC 0.535)
4.5,0.36,1.3,0.28,0.4,0.5,0.144,1.3507978314067701,3,mixed,23+23+12,3,58,22x12E,11.20903514095742,1.4257723315838622,14.202828566258315,0.2974094929373038,10.622028768669363,12.746434522403236,12.957727460507094,80.42278066067753,82.52558651602159,6.157941753838447,0.27295100938799866,0.5344306282665132,-645.6300196418223,0.0,0.1803596253938681,1276.6224953811495,1828.1958194479714,15.416666666666668,False,did not refill (end SOC 0.534)
4.5,0.36,1.3,0.34,0.4,0.5,0.144,1.3507978314067701,3,mixed,23+23+12,3,58,22x12E,11.20903514095742,1.4257723315838622,14.202828566258315,0.2974094929373038,10.622028768669363,12.746434522403236,12.957727460507094,80.42278066067753,82.52558651602159,6.157941753838447,0.27295100938799866,0.5344306282665132,-645.6300196418223,0.0,0.1803596253938681,1276.6224953811495,1828.1958194479714,15.416666666666668,False,did not refill (end SOC 0.534)
5.5,0.3,1.3,0.34,0.4,0.0,0.12,0.3529443121020869,3,mixed,21+21,2,42,22x12E,10.51683400064827,1.2185299761783757,24.8249945355237,0.31826631968059665,11.129428149403173,13.355313779283808,13.57669988398344,65.90920156890755,67.91394275328872,6.714695500528675,0.3899532322686537,0.5340467844833003,-646.1862092836977,0.0,0.23548383265619321,924.4507725173843,1477.6917053634681,16.083333333333332,False,did not refill (end SOC 0.534)
5.0,0.36,1.3,0.34,0.4,0.0,0.144,0.4097021380205588,3,mixed,23+23,2,46,22x12E,10.835661200039167,1.3484956618124406,18.53917717940512,0.308810889365194,10.738691870112012,12.886430244134415,13.10004383962011,69.68075841253459,71.53100353286811,6.45529955817172,0.3596363737670741,0.5328629034194955,-647.901652945151,0.0,0.13037503325734315,1012.4937032333257,1567.2943499568537,15.916666666666666,False,did not refill (end SOC 0.533)
4.5,0.45,1.3,0.28,0.4,0.5,0.18000000000000002,1.4094228339681143,2,mixed,29+29+24+8+1+1,6,92,19x10E,11.279251441075164,1.7980441651713908,11.26223726438319,0.2846822507633712,9.488300068341534,11.38596008200984,11.574700937708167,123.47100693182821,127.52241838334783,2.6619423559059707,0.005242116593308522,0.655418751967589,-648.5683305207244,648.5683305207244,0.2265432928952933,2024.9874064666517,2878.4163989437047,15.333333333333332,False,"SOC floor violated (min 0.005, unmet 649 Wh); did not refill (end SOC 0.655)"
4.5,0.45,1.3,0.34,0.4,0.5,0.18000000000000002,1.4094228339681143,2,mixed,29+29+24+8+1+1,6,92,19x10E,11.279251441075164,1.7980441651713908,11.26223726438319,0.2846822507633712,9.488300068341534,11.38596008200984,11.574700937708167,123.47100693182821,127.52241838334783,2.6619423559059707,0.005242116593308522,0.655418751967589,-648.5683305207244,648.5683305207244,0.2265432928952933,2024.9874064666517,2878.4163989437047,15.333333333333332,False,"SOC floor violated (min 0.005, unmet 649 Wh); did not refill (end SOC 0.655)"
4.5,0.4,1.3,0.28,0.4,0.0,0.16000000000000003,0.4370924833503401,2,mixed,21+21+18,3,60,16x12E,9.72824314138925,1.3649021960040817,14.836227869868152,0.2994905232135357,10.113812343835916,12.136574812603099,12.33775833150519,68.0030557945768,105.61179671211555,2.318454136246939,0.06476591495298685,0.3077993815005211,-649.3457974704966,0.0,0.13608578711682875,1320.6439607391203,1866.2223160433334,14.583333333333332,False,"SOC floor violated (min 0.065, unmet 0 Wh); did not refill (end SOC 0.308)"
4.5,0.4,1.3,0.34,0.4,0.0,0.16000000000000003,0.4370924833503401,2,mixed,21+21+18,3,60,16x12E,9.72824314138925,1.3649021960040817,14.836227869868152,0.2994905232135357,10.113812343835916,12.136574812603099,12.33775833150519,68.0030557945768,105.61179671211555,2.318454136246939,0.06476591495298685,0.3077993815005211,-649.3457974704966,0.0,0.13608578711682875,1320.6439607391203,1866.2223160433334,14.583333333333332,False,"SOC floor violated (min 0.065, unmet 0 Wh); did not refill (end SOC 0.308)"
4.5,0.45,1.6,0.28,0.6,0.0,0.27,0.48284103617450086,2,mixed,29+29+21+7+1+1,6,88,19x10E,11.21718324813528,1.7069113865114103,11.863533256630856,0.2877979013158492,9.71146767353845,11.65376120824614,11.846941304321101,122.68794071962455,127.03046545573545,2.69033005911164,0.005709825712090626,0.5839086743942035,-649.9179075910358,649.9179075910358,0.12204652499018445,1936.9444757507104,2861.42203752794,15.5,False,"SOC floor violated (min 0.006, unmet 650 Wh); did not refill (end SOC 0.584)"
5.5,0.3,1.6,0.34,0.6,0.0,0.18,0.3483344655398164,2,mixed,24+24+10,3,58,16x12E,9.851540748202657,1.361800135864778,22.213244956676757,0.3149874094779834,10.189288092675763,12.227145711210916,12.429830590453413,90.95211525518067,93.39185867652871,2.3535906715632677,0.005278613139550263,0.3067170768245182,-650.3913037875154,260.41205701083334,0.09750945397918542,1276.6224953811497,2082.1654015433414,16.083333333333332,False,"SOC floor violated (min 0.005, unmet 260 Wh); did not refill (end SOC 0.307)"
5.5,0.36,1.6,0.34,0.6,0.0,0.216,0.4207279971802974,3,mixed,29+29+12,3,70,16x12E,11.805005222945777,1.6445848315939628,18.393699989730006,0.3085155410442577,10.149704559719787,12.179645471663743,12.38154295697605,78.29620738274642,113.90129831769084,1.8824020416667169,0.29472680159812903,0.5310471580498383,-650.5326679857843,0.0,0.2739074329476061,1540.7512875289735,2097.3573410678923,14.5,False,did not refill (end SOC 0.531)
4.5,0.45,1.6,0.28,0.4,0.5,0.18000000000000002,1.3804065640366652,2,mixed,29+29+21+7+3,5,89,19x10E,11.29435757129619,1.7902097722898995,11.31152355072766,0.28495009325504617,9.51540448177049,11.418485378124588,11.607765393645744,123.10367114104702,127.15760743185018,2.661282566686193,0.0036641000370838707,0.5996184702107747,-651.2083414405948,651.2083414405948,0.23313225402192472,1958.955208429695,2869.2843938811848,15.416666666666668,False,"SOC floor violated (min 0.004, unmet 651 Wh); did not refill (end SOC 0.600)"
4.5,0.45,1.6,0.34,0.4,0.5,0.18000000000000002,1.3804065640366652,2,mixed,29+29+21+7+3,5,89,19x10E,11.29435757129619,1.7902097722898995,11.31152355072766,0.28495009325504617,9.51540448177049,11.418485378124588,11.607765393645744,123.10367114104702,127.15760743185018,2.661282566686193,0.0036641000370838707,0.5996184702107747,-651.2083414405948,651.2083414405948,0.23313225402192472,1958.955208429695,2869.2843938811848,15.416666666666668,False,"SOC floor violated (min 0.004, unmet 651 Wh); did not refill (end SOC 0.600)"
5.5,0.3,1.3,0.34,0.6,0.5,0.18,1.588793187686289,2,mixed,28+28,2,56,19x10E,9.8848674980087,1.5106551825223546,20.024424071078418,0.3115806824088972,9.690611945840619,11.628734335008742,11.821499569847914,86.61483844951236,89.62720246202181,3.2202237653494152,0.009418413104626225,0.3047907638634783,-652.2521221078799,203.07540370235816,0.1395010002332692,1232.601030023179,1982.8550348883693,16.0,False,"SOC floor violated (min 0.009, unmet 203 Wh); did not refill (end SOC 0.305)"
5.5,0.3,1.3,0.34,1.0,1.0,0.3,2.75,3,mixed,29+29+14+5,4,77,16x12E,11.782885516006713,1.65,18.333333333333336,0.3083916083916084,10.12353773884794,12.148245286617527,12.34962226265771,85.71990496098861,119.59072605454188,1.8626453076487197,0.2348228018917999,0.5253381870195339,-658.8049670086953,0.0,0.23039928306468008,1694.8264162818707,2259.0505194524926,14.5,False,did not refill (end SOC 0.525)
5.0,0.36,1.6,0.34,0.4,0.0,0.144,0.3667479449487575,2,mixed,23+23+10,3,56,17x12E,9.831694789342464,1.3392175561089317,18.66761668853638,0.3090678215231372,10.264482918102786,12.317379501723343,12.521560153189839,88.07293163524848,90.33755040254286,2.8961794976556763,0.005991654662359913,0.2954659338449832,-661.2599079057462,222.97170902162475,0.34970732162638757,1232.6010300231787,2011.4898729230981,16.166666666666668,False,"SOC floor violated (min 0.006, unmet 223 Wh); did not refill (end SOC 0.295)"
4.0,0.4,1.6,0.28,0.4,0.5,0.16000000000000003,1.213620883668245,2,mixed,27+27+18,3,72,16x12E,10.121141490113466,1.4112690120803788,11.337314050716731,0.28508932159267586,10.145145839947874,12.174175007937448,12.37598181139268,95.81640332850738,127.55981107268951,2.136824771419952,0.009658085736984325,0.29519944057727276,-661.5173404023545,316.46015366750004,0.09449835969429188,1584.772752886944,2457.348497645772,15.25,False,"SOC floor violated (min 0.010, unmet 316 Wh); did not refill (end SOC 0.295)"
4.0,0.4,1.6,0.34,0.4,0.5,0.16000000000000003,1.213620883668245,2,mixed,27+27+18,3,72,16x12E,10.121141490113466,1.4112690120803788,11.337314050716731,0.28508932159267586,10.145145839947874,12.174175007937448,12.37598181139268,95.81640332850738,127.55981107268951,2.136824771419952,0.009658085736984325,0.29519944057727276,-661.5173404023545,316.46015366750004,0.09449835969429188,1584.772752886944,2457.348497645772,15.25,False,"SOC floor violated (min 0.010, unmet 316 Wh); did not refill (end SOC 0.295)"
4.5,0.45,1.3,0.28,0.6,0.5,0.27,1.4181536279394673,2,mixed,29+29+27+9+3+3,6,100,19x10E,11.50151570292096,1.8752676530291041,10.798458538593328,0.28204213152037244,9.381976837207688,11.258372204649225,11.444998083219904,125.72338402407311,129.70113336521234,2.5962631070539226,0.007498683101649559,0.7938488459234476,-662.0158260350024,662.0158260350024,0.2230689708783989,2201.0732678985332,2933.160960648,15.0,False,"SOC floor violated (min 0.007, unmet 662 Wh); did not refill (end SOC 0.794)"
4.5,0.45,1.3,0.34,0.6,0.5,0.27,1.4181536279394673,2,mixed,29+29+27+9+3+3,6,100,19x10E,11.50151570292096,1.8752676530291041,10.798458538593328,0.28204213152037244,9.381976837207688,11.258372204649225,11.444998083219904,125.72338402407311,129.70113336521234,2.5962631070539226,0.007498683101649559,0.7938488459234476,-662.0158260350024,662.0158260350024,0.2230689708783989,2201.0732678985332,2933.160960648,15.0,False,"SOC floor violated (min 0.007, unmet 662 Wh); did not refill (end SOC 0.794)"
4.5,0.36,1.6,0.28,1.0,1.0,0.36,2.25,2,mixed,26+26+12+6,4,70,19x10E,10.654359617476013,1.6199999999999999,12.500000000000002,0.2907692307692308,9.715264251204292,11.658317101445151,11.85157271887928,118.57931552955849,122.74792182838705,2.8497259003644744,0.006303662378650673,0.29308506425439573,-663.5598279302537,658.9276649457215,0.19758683517083733,1540.7512875289738,2756.8207360924057,16.583333333333332,False,"SOC floor violated (min 0.006, unmet 659 Wh); did not refill (end SOC 0.293)"
4.5,0.45,1.6,0.28,0.6,0.5,0.27,1.3885530521498692,2,mixed,29+29+24+8+5,5,95,19x10E,11.501305119996367,1.8699395493869768,10.829227076692701,0.2822242889098469,9.39524756507066,11.27429707808479,11.461186937401711,125.01025934362399,128.967929785323,2.5998335837148163,0.006453505421406916,0.701940926363215,-664.5065288204565,664.5065288204565,0.09646574276071836,2091.019604503607,2915.2056464819784,15.166666666666666,False,"SOC floor violated (min 0.006, unmet 665 Wh); did not refill (end SOC 0.702)"
4.5,0.45,1.6,0.34,0.6,0.5,0.27,1.3885530521498692,2,mixed,29+29+24+8+5,5,95,19x10E,11.501305119996367,1.8699395493869768,10.829227076692701,0.2822242889098469,9.39524756507066,11.27429707808479,11.461186937401711,125.01025934362399,128.967929785323,2.5998335837148163,0.006453505421406916,0.701940926363215,-664.5065288204565,664.5065288204565,0.09646574276071836,2091.019604503607,2915.2056464819784,15.166666666666666,False,"SOC floor violated (min 0.006, unmet 665 Wh); did not refill (end SOC 0.702)"
4.5,0.3,1.3,0.34,0.6,0.0,0.18,0.3521334814483306,2,mixed,18+18,2,36,22x12E,9.003740995187899,1.1222560177737997,18.044011062796155,0.3077861190504683,10.73035214071062,12.876422568852744,13.089870270800906,61.03328699892317,62.662054658231064,7.838333524860703,0.13791281734738117,0.2889506847787834,-667.5536385036952,0.0,0.1668409922970723,792.386376443472,1356.8789147806897,16.583333333333332,False,"SOC floor violated (min 0.138, unmet 0 Wh); did not refill (end SOC 0.289)"
5.0,0.36,1.3,0.34,0.4,0.0,0.144,0.4097021380205588,2,mixed,23+23+12,3,58,16x12E,9.65720672806746,1.3484956618124406,18.53917717940512,0.308810889365194,10.137933463789844,12.165520156547812,12.367183491727605,93.59832362434595,95.95551723314763,2.383503166947708,0.004685105486283217,0.2856933772142649,-670.70019761102,302.6581291725669,0.35125370255767285,1276.6224953811497,2144.431584651786,16.333333333333336,False,"SOC floor violated (min 0.005, unmet 303 Wh); did not refill (end SOC 0.286)"
5.5,0.3,1.3,0.34,0.6,0.5,0.18,1.588793187686289,3,mixed,28+28+12,3,68,18x12E,11.349895825443959,1.5106551825223546,20.024424071078418,0.3115806824088972,10.383929107799737,12.460714929359684,12.667271599279532,90.57562459009307,93.0187151530919,3.1075937511177227,0.1868123768457375,0.5151191302239155,-673.6123803055464,0.0,0.28084060758139506,1496.7298221710023,2075.192032588472,15.25,False,"SOC floor violated (min 0.187, unmet 0 Wh); did not refill (end SOC 0.515)"
5.5,0.3,1.6,0.34,0.4,0.5,0.12,1.5606728476146494,2,mixed,28+28,2,56,19x10E,9.927149596101192,1.4359211125706368,21.066616915914956,0.3132910616322041,9.960828024228483,11.95299362907418,12.151133990489345,89.10402162953291,92.55373944673455,3.201140346289234,0.008260120560557919,0.2805908800753696,-675.629209847193,242.04549752451024,0.08471956275389776,1232.6010300231787,2045.2318321921075,16.25,False,"SOC floor violated (min 0.008, unmet 242 Wh); did not refill (end SOC 0.281)"
4.5,0.4,1.3,0.28,1.0,1.0,0.4,2.25,2,mixed,29+29+24+10+10,5,102,19x10E,11.23189858808151,1.8,11.25,0.28461538461538466,9.463216663191746,11.355859995830095,11.54410189351511,127.07104784978398,131.2067121930893,2.65770760618579,0.00923745257128251,0.8210789057257954,-678.4018781018337,678.4018781018337,0.31823400358157505,2245.094733256504,2966.9261274845626,15.0,False,"SOC floor violated (min 0.009, unmet 678 Wh); did not refill (end SOC 0.821)"
4.5,0.4,1.3,0.34,1.0,1.0,0.4,2.25,2,mixed,29+29+24+10+10,5,102,19x10E,11.23189858808151,1.8,11.25,0.28461538461538466,9.463216663191746,11.355859995830095,11.54410189351511,127.07104784978398,131.2067121930893,2.65770760618579,0.00923745257128251,0.8210789057257954,-678.4018781018337,678.4018781018337,0.31823400358157505,2245.094733256504,2966.9261274845626,15.0,False,"SOC floor violated (min 0.009, unmet 678 Wh); did not refill (end SOC 0.821)"
4.0,0.45,1.3,0.28,0.4,0.0,0.18000000000000002,0.4710318751196979,2,mixed,21+21+21+7,4,70,16x12E,9.991431202663668,1.3871786062823184,11.534203257993212,0.28613169492047663,10.167076920377905,12.200492304453485,12.402735360014676,92.22832570242845,124.84636732386049,2.178348610554413,0.004415051286977122,0.2758312250745215,-680.2270365780122,266.0263229906741,0.26202614580851125,1540.7512875289738,2381.6058511809274,15.166666666666666,False,"SOC floor violated (min 0.004, unmet 266 Wh); did not refill (end SOC 0.276)"
5.5,0.4,1.3,0.34,0.4,0.0,0.16000000000000003,0.4794418001213123,2,mixed,27+27,2,54,19x10E,10.199847570876676,1.655066032029115,18.277216385689112,0.3082756661455511,9.404541502270227,11.285449802724273,11.472524536639089,86.27879920206178,88.88213691147783,3.110138998471019,0.009429514439731185,0.27488653778867905,-681.1396044961359,206.06891799144836,0.11220318414498938,1188.5795646652084,1970.867048097459,16.25,False,"SOC floor violated (min 0.009, unmet 206 Wh); did not refill (end SOC 0.275)"
4.0,0.4,1.6,0.28,0.6,0.0,0.24,0.4034013545605723,2,mixed,22+22+18,3,62,17x12E,9.916345458895325,1.3445442167296915,11.899943342076533,0.2879764521607344,10.288136761769131,12.345764114122957,12.550415286827397,67.50193507602755,113.68040745567593,2.7606117788422346,0.05583415411757643,0.27438279157979256,-681.6262233339204,0.0,0.14082108945785166,1364.6654260970913,1942.590135462963,14.416666666666666,False,"SOC floor violated (min 0.056, unmet 0 Wh); did not refill (end SOC 0.274)"
4.0,0.4,1.6,0.34,0.6,0.0,0.24,0.4034013545605723,2,mixed,22+22+18,3,62,17x12E,9.916345458895325,1.3445442167296915,11.899943342076533,0.2879764521607344,10.288136761769131,12.345764114122957,12.550415286827397,67.50193507602755,113.68040745567593,2.7606117788422346,0.05583415411757643,0.27438279157979256,-681.6262233339204,0.0,0.14082108945785166,1364.6654260970913,1942.590135462963,14.416666666666666,False,"SOC floor violated (min 0.056, unmet 0 Wh); did not refill (end SOC 0.274)"
4.0,0.45,1.6,0.28,0.6,0.0,0.27,0.4567166790459668,3,mixed,25+25+21+7,4,78,22x12E,11.894334152131838,1.5222090022282742,10.51104018999922,0.2802890335574304,10.58964432876618,12.707573194519416,12.918221942741564,100.02176694454039,102.67371678594343,5.688404863467045,0.10761353932489418,0.5081254746882823,-683.746187176679,0.0,0.39560629861165,1716.8371489608571,2304.1689594214963,15.083333333333332,False,"SOC floor violated (min 0.108, unmet 0 Wh); did not refill (end SOC 0.508)"
5.0,0.36,1.6,0.34,0.4,0.0,0.144,0.3667479449487575,3,mixed,23+23,2,46,22x12E,11.01094295098208,1.3392175561089317,18.66761668853638,0.3090678215231372,10.862633791252057,13.035160549502468,13.251239592337464,71.17494665528805,73.13608797763679,6.356766091884,0.34315028590885743,0.5076616500691413,-684.4182690498142,0.0,0.15511151582456623,1012.4937032333256,1603.7244218621604,16.083333333333332,False,did not refill (end SOC 0.508)
4.5,0.45,1.6,0.28,0.4,0.5,0.18000000000000002,1.3804065640366652,2,mixed,29+29+21+7+3+3,6,92,19x10E,11.426357571296192,1.7902097722898995,11.31152355072766,0.28495009325504617,9.570847422158854,11.485016906590625,11.67539979069055,125.77382545411888,130.02452687661182,2.622849631184845,0.005381868379523752,0.6335215310068849,-684.5103486549049,684.5103486549049,0.37729923320566877,2024.9874064666515,2935.4112232271314,15.333333333333332,False,"SOC floor violated (min 0.005, unmet 685 Wh); did not refill (end SOC 0.634)"
4.5,0.45,1.6,0.34,0.4,0.5,0.18000000000000002,1.3804065640366652,2,mixed,29+29+21+7+3+3,6,92,19x10E,11.426357571296192,1.7902097722898995,11.31152355072766,0.28495009325504617,9.570847422158854,11.485016906590625,11.67539979069055,125.77382545411888,130.02452687661182,2.622849631184845,0.005381868379523752,0.6335215310068849,-684.5103486549049,684.5103486549049,0.37729923320566877,2024.9874064666515,2935.4112232271314,15.333333333333332,False,"SOC floor violated (min 0.005, unmet 685 Wh); did not refill (end SOC 0.634)"
4.0,0.36,1.3,0.28,0.4,0.0,0.144,0.3695019793824801,2,mixed,17+17+10,3,44,22x12E,9.134797030793527,1.0878124275466157,14.708418101166028,0.2990850391926945,10.97794099743609,13.173529196923306,13.391901925730144,68.92157262588782,70.84087206809208,7.694784090094801,0.042414043402701496,0.2710606065003037,-684.8354541207066,0.0,0.29787534169075985,968.472237875355,1549.3121969387612,16.083333333333332,False,"SOC floor violated (min 0.042, unmet 0 Wh); did not refill (end SOC 0.271)"
4.0,0.36,1.3,0.34,0.4,0.0,0.144,0.3695019793824801,2,mixed,17+17+10,3,44,22x12E,9.134797030793527,1.0878124275466157,14.708418101166028,0.2990850391926945,10.97794099743609,13.173529196923306,13.391901925730144,68.92157262588782,70.84087206809208,7.694784090094801,0.042414043402701496,0.2710606065003037,-684.8354541207066,0.0,0.29787534169075985,968.472237875355,1549.3121969387612,16.083333333333332,False,"SOC floor violated (min 0.042, unmet 0 Wh); did not refill (end SOC 0.271)"
4.5,0.36,1.3,0.28,0.6,0.0,0.216,0.4259422355063571,2,mixed,23+23+12,3,58,16x12E,9.679825071641245,1.3573356819129154,14.918932928559974,0.29974920745596867,10.116692991011796,12.140031589214155,12.341272409825615,67.77918783382796,105.44946005420667,2.331100000740333,0.05979323129677097,0.27043699942688754,-685.4378585536266,0.0,0.2376377977895269,1276.6224953811493,1858.289715402079,14.666666666666668,False,"SOC floor violated (min 0.060, unmet 0 Wh); did not refill (end SOC 0.270)"
4.5,0.36,1.3,0.34,0.6,0.0,0.216,0.4259422355063571,2,mixed,23+23+12,3,58,16x12E,9.679825071641245,1.3573356819129154,14.918932928559974,0.29974920745596867,10.116692991011796,12.140031589214155,12.341272409825615,67.77918783382796,105.44946005420667,2.331100000740333,0.05979323129677097,0.27043699942688754,-685.4378585536266,0.0,0.2376377977895269,1276.6224953811493,1858.289715402079,14.666666666666668,False,"SOC floor violated (min 0.060, unmet 0 Wh); did not refill (end SOC 0.270)"
4.5,0.3,1.3,0.34,0.4,0.5,0.12,1.3122039256221436,3,mixed,22+22+10,3,54,22x12E,10.657613117190925,1.1811967066119857,17.143630596535328,0.3057710527654022,11.379346215170662,13.655215458204793,13.881572922288896,78.36427310755724,80.85999004524513,6.55718581626663,0.2855486678767145,0.5060051161941426,-686.8185866346874,0.0,0.2518756720309897,1188.5795646652082,1781.5401957287825,15.666666666666668,False,did not refill (end SOC 0.506)
5.5,0.3,1.6,0.34,0.4,0.0,0.12,0.31638983679641164,3,mixed,21+21,2,42,22x12E,10.70583348747534,1.211950170623354,24.95977205435866,0.31841690645744386,11.259427513657156,13.511313016388588,13.735285062834668,67.57460815141735,69.70911709138454,6.592275031863736,0.3712620926507835,0.5059647683543377,-686.8770506545646,0.0,0.2170082343000885,924.4507725173842,1518.3330399187714,16.25,False,did not refill (end SOC 0.506)
4.5,0.3,1.6,0.34,0.6,0.5,0.18,1.2993035492544234,3,mixed,23+23+10,3,56,22x12E,10.981883147406224,1.2359164259105309,16.38460301640648,0.3039002931312639,11.292557387706713,13.551068865248055,13.77569992971973,80.20734103342788,82.70103374492835,6.348039768153821,0.2705030121154782,0.505700168931703,-687.2604552179623,0.0,0.12651136089777873,1232.601030023179,1825.9647651240555,15.583333333333334,False,did not refill (end SOC 0.506)
4.0,0.4,1.6,0.28,0.6,0.5,0.24,1.2205686848003234,3,mixed,28+28+18,3,74,22x12E,11.645913363217225,1.4752909895680517,10.84531805124399,0.2823191398744593,10.64379206748443,12.772550480981316,12.984276333686479,96.56946787000716,99.15336393185652,5.835882928295813,0.1359458326977906,0.5055806090577373,-687.4336974753387,0.0,0.18396386856057134,1628.7942182449153,2220.49164409318,15.166666666666666,False,"SOC floor violated (min 0.136, unmet 0 Wh); did not refill (end SOC 0.506)"
4.0,0.4,1.6,0.34,0.6,0.5,0.24,1.2205686848003234,3,mixed,28+28+18,3,74,22x12E,11.645913363217225,1.4752909895680517,10.84531805124399,0.2823191398744593,10.64379206748443,12.772550480981316,12.984276333686479,96.56946787000716,99.15336393185652,5.835882928295813,0.1359458326977906,0.5055806090577373,-687.4336974753387,0.0,0.18396386856057134,1628.7942182449153,2220.49164409318,15.166666666666666,False,"SOC floor violated (min 0.136, unmet 0 Wh); did not refill (end SOC 0.506)"
4.5,0.4,1.3,0.28,0.4,0.5,0.16000000000000003,1.37674418394554,3,mixed,29+29+21,3,79,17x12E,11.642682865674763,1.5904186041469297,12.732496933322604,0.29178056054198526,10.249891296068375,12.299869555282049,12.503759950832423,85.22186042084773,127.28451905941091,2.29428999493962,0.23212912810406808,0.5055559652051986,-687.4694064176672,0.0,0.12628404076465927,1738.847881639842,2331.930350273125,14.333333333333332,False,did not refill (end SOC 0.506)
4.5,0.4,1.3,0.34,0.4,0.5,0.16000000000000003,1.37674418394554,3,mixed,29+29+21,3,79,17x12E,11.642682865674763,1.5904186041469297,12.732496933322604,0.29178056054198526,10.249891296068375,12.299869555282049,12.503759950832423,85.22186042084773,127.28451905941091,2.29428999493962,0.23212912810406808,0.5055559652051986,-687.4694064176672,0.0,0.12628404076465927,1738.847881639842,2331.930350273125,14.333333333333332,False,did not refill (end SOC 0.506)
4.5,0.36,1.3,0.28,1.0,1.0,0.36,2.25,2,mixed,26+26+14,3,66,19x10E,10.336906961880883,1.6199999999999999,12.500000000000002,0.2907692307692308,9.569433872546123,11.483320647055347,11.673675412887347,112.85089818868862,116.58225467261386,2.955256580982716,0.00379838481877846,0.26809835957371186,-687.6969846517943,581.4167230280134,0.11558784172128374,1452.7083568130329,2615.784837410643,16.666666666666664,False,"SOC floor violated (min 0.004, unmet 581 Wh); did not refill (end SOC 0.268)"
4.5,0.36,1.3,0.34,1.0,1.0,0.36,2.25,2,mixed,26+26+14,3,66,19x10E,10.336906961880883,1.6199999999999999,12.500000000000002,0.2907692307692308,9.569433872546123,11.483320647055347,11.673675412887347,112.85089818868862,116.58225467261386,2.955256580982716,0.00379838481877846,0.26809835957371186,-687.6969846517943,581.4167230280134,0.11558784172128374,1452.7083568130329,2615.784837410643,16.666666666666664,False,"SOC floor violated (min 0.004, unmet 581 Wh); did not refill (end SOC 0.268)"
5.5,0.3,1.3,0.34,0.4,0.5,0.12,1.5814564984119155,2,mixed,27+27,2,54,19x10E,9.727841944218593,1.4396621697141447,21.01187392178705,0.313205443032607,9.847509438010892,11.81701132561307,12.012897558598995,86.45054891842491,89.63725959074563,3.277867021216069,0.007122007178749061,0.2665183673259478,-689.2232571631343,206.7951171884418,0.2771352699868146,1188.5795646652084,1979.5101817526868,16.25,False,"SOC floor violated (min 0.007, unmet 207 Wh); did not refill (end SOC 0.267)"
4.0,0.3,1.6,0.28,1.0,1.0,0.3,2.0,2,mixed,24+24,2,48,22x12E,9.468298005972763,1.2,13.333333333333334,0.2942307692307692,10.641277910319467,12.76953349238336,12.981209333582642,74.23326671404614,76.12556262569052,7.339332146024151,0.007570262621121739,0.26634110546495654,-689.394492120852,35.25741506536221,0.19005232465921412,1056.5151685912963,1676.7367684302737,16.0,False,"SOC floor violated (min 0.008, unmet 35 Wh); did not refill (end SOC 0.266)"
4.0,0.3,1.6,0.34,1.0,1.0,0.3,2.0,2,mixed,24+24,2,48,22x12E,9.468298005972763,1.2,13.333333333333334,0.2942307692307692,10.641277910319467,12.76953349238336,12.981209333582642,74.23326671404614,76.12556262569052,7.339332146024151,0.007570262621121739,0.26634110546495654,-689.394492120852,35.25741506536221,0.19005232465921412,1056.5151685912963,1676.7367684302737,16.0,False,"SOC floor violated (min 0.008, unmet 35 Wh); did not refill (end SOC 0.266)"
5.5,0.4,1.6,0.34,0.4,0.0,0.16000000000000003,0.4290000000310116,2,mixed,27+27,2,54,19x10E,10.352481235228565,1.642960000007443,18.411890733714127,0.3085527272725569,9.509488995590308,11.411386794708369,11.600549139633584,88.0164383768558,90.77985663568417,3.0611177696914247,0.00944345405646857,0.26019633827658495,-695.3303372248189,234.63146023769227,0.13264255536926345,1188.5795646652084,2013.5807276955568,16.333333333333336,False,"SOC floor violated (min 0.009, unmet 235 Wh); did not refill (end SOC 0.260)"
4.5,0.36,1.3,0.28,0.4,0.5,0.144,1.3507978314067701,2,mixed,23+23+12+6,4,64,19x10E,10.030848652956234,1.4257723315838622,14.202828566258315,0.2974094929373038,10.04829083907382,12.057949006888583,12.257829174844101,108.75225059327458,113.08448446085966,3.080009573357974,0.0034985569019951625,0.25955233695088525,-695.9524425054449,523.0240469831609,0.10916639781880613,1408.686891455062,2521.8237292675503,16.666666666666664,False,"SOC floor violated (min 0.003, unmet 523 Wh); did not refill (end SOC 0.260)"
4.5,0.45,1.6,0.28,0.6,0.5,0.27,1.3885530521498692,2,mixed,29+29+24+8+5+5,6,100,19x10E,11.649305119996367,1.8699395493869768,10.829227076692701,0.2822242889098469,9.45550385393716,11.346604624724591,11.534693099540593,127.94827351841516,132.10503218806812,2.5587634277938798,0.009694103523978887,0.774011281269353,-697.6318299874753,697.6318299874753,0.428510570709444,2201.0732678985332,2987.822995913046,15.083333333333332,False,"SOC floor violated (min 0.010, unmet 698 Wh); did not refill (end SOC 0.774)"
4.5,0.45,1.6,0.34,0.6,0.5,0.27,1.3885530521498692,2,mixed,29+29+24+8+5+5,6,100,19x10E,11.649305119996367,1.8699395493869768,10.829227076692701,0.2822242889098469,9.45550385393716,11.346604624724591,11.534693099540593,127.94827351841516,132.10503218806812,2.5587634277938798,0.009694103523978887,0.774011281269353,-697.6318299874753,697.6318299874753,0.428510570709444,2201.0732678985332,2987.822995913046,15.083333333333332,False,"SOC floor violated (min 0.010, unmet 698 Wh); did not refill (end SOC 0.774)"
4.5,0.36,1.6,0.28,0.6,0.0,0.216,0.38213259298716656,3,mixed,23+23+10,3,56,22x12E,11.226466017041503,1.3510270933901518,14.988596527095828,0.29996488569606317,10.920385083652219,13.104462100382662,13.321689929435083,80.76114982851946,83.05784119356107,6.180569846757517,0.2646025150636098,0.4978038288978438,-698.7022519270243,0.0,0.0967774068450519,1232.601030023179,1837.4066905931427,15.666666666666668,False,did not refill (end SOC 0.498)
4.5,0.36,1.6,0.34,0.6,0.0,0.216,0.38213259298716656,3,mixed,23+23+10,3,56,22x12E,11.226466017041503,1.3510270933901518,14.988596527095828,0.29996488569606317,10.920385083652219,13.104462100382662,13.321689929435083,80.76114982851946,83.05784119356107,6.180569846757517,0.2646025150636098,0.4978038288978438,-698.7022519270243,0.0,0.0967774068450519,1232.601030023179,1837.4066905931427,15.666666666666668,False,did not refill (end SOC 0.498)
5.0,0.45,1.6,0.34,0.4,0.0,0.18000000000000002,0.465756598298709,2,mixed,29+29,2,58,19x10E,10.525265195512674,1.7007542815406513,14.699360319912534,0.2990560352804127,9.424193321911517,11.30903198629382,11.496497633357292,96.9840014364893,99.9716335317924,2.965418959960207,0.005337594019500656,0.25595985035238855,-699.4227845595926,359.07424585398144,0.12458544807275491,1276.6224953811497,2229.7743058492433,16.583333333333332,False,"SOC floor violated (min 0.005, unmet 359 Wh); did not refill (end SOC 0.256)"
4.5,0.4,1.3,0.28,1.0,1.0,0.4,2.25,2,mixed,29+29+24+10+10+8,6,110,19x10E,11.40389858808151,1.8,11.25,0.28461538461538466,9.535398990974226,11.442478789169071,11.63215653460488,130.68836971178575,135.0772634322118,2.6073739616728764,0.0,0.9344913664567781,-702.6169106840724,702.6169106840724,0.46737693448380685,2421.180594688388,3057.1181399968004,14.75,False,"SOC floor violated (min 0.000, unmet 703 Wh); did not refill (end SOC 0.934)"
4.5,0.4,1.3,0.34,1.0,1.0,0.4,2.25,2,mixed,29+29+24+10+10+8,6,110,19x10E,11.40389858808151,1.8,11.25,0.28461538461538466,9.535398990974226,11.442478789169071,11.63215653460488,130.68836971178575,135.0772634322118,2.6073739616728764,0.0,0.9344913664567781,-702.6169106840724,702.6169106840724,0.46737693448380685,2421.180594688388,3057.1181399968004,14.75,False,"SOC floor violated (min 0.000, unmet 703 Wh); did not refill (end SOC 0.934)"
4.5,0.36,1.3,0.28,0.6,0.5,0.216,1.3582788216710497,2,mixed,24+24+14,3,62,19x10E,10.038993499313378,1.491592150320631,13.576097189601784,0.29515924272408095,9.82807566019457,11.793690792233482,11.989190449349328,105.66261771453331,109.48687473765632,3.086613805607235,0.003985329874962444,0.2525134946466085,-702.7519641713761,482.21478915221127,0.11106491320375866,1364.6654260970913,2443.947376651711,16.666666666666664,False,"SOC floor violated (min 0.004, unmet 482 Wh); did not refill (end SOC 0.253)"
4.5,0.36,1.3,0.34,0.6,0.5,0.216,1.3582788216710497,2,mixed,24+24+14,3,62,19x10E,10.038993499313378,1.491592150320631,13.576097189601784,0.29515924272408095,9.82807566019457,11.793690792233482,11.989190449349328,105.66261771453331,109.48687473765632,3.086613805607235,0.003985329874962444,0.2525134946466085,-702.7519641713761,482.21478915221127,0.11106491320375866,1364.6654260970913,2443.947376651711,16.666666666666664,False,"SOC floor violated (min 0.004, unmet 482 Wh); did not refill (end SOC 0.253)"
5.0,0.4,1.3,0.28,0.6,0.0,0.24,0.5001615757312022,3,mixed,28+28+21+7,4,84,16x12E,11.941721009963917,1.6800258521169924,14.880723393927315,0.29963005332599096,10.100059384567144,12.120071261480573,12.320981207110098,94.80622939615141,126.65238148204037,1.8104683742779502,0.155944560872782,0.4937955252685978,-704.5102838858018,0.0,0.27374634081234694,1848.9015450347683,2457.887950323584,14.5,False,"SOC floor violated (min 0.156, unmet 0 Wh); did not refill (end SOC 0.494)"
5.0,0.4,1.3,0.34,0.6,0.0,0.24,0.5001615757312022,3,mixed,28+28+21+7,4,84,16x12E,11.941721009963917,1.6800258521169924,14.880723393927315,0.29963005332599096,10.100059384567144,12.120071261480573,12.320981207110098,94.80622939615141,126.65238148204037,1.8104683742779502,0.155944560872782,0.4937955252685978,-704.5102838858018,0.0,0.27374634081234694,1848.9015450347683,2457.887950323584,14.5,False,"SOC floor violated (min 0.156, unmet 0 Wh); did not refill (end SOC 0.494)"
4.5,0.3,1.3,0.28,1.0,1.0,0.3,2.25,3,mixed,28+28,2,56,22x12E,10.905972933658052,1.3499999999999999,15.000000000000002,0.29999999999999993,10.767472537795083,12.920967045354098,13.135153144639945,81.07514675804177,83.2778882523471,6.343055111318337,0.26116812713766935,0.4929520797189752,-705.732436487205,0.0,0.3573571071277659,1232.601030023179,1844.1597013122087,15.666666666666668,False,did not refill (end SOC 0.493)
4.5,0.3,1.3,0.34,1.0,1.0,0.3,2.25,3,mixed,28+28,2,56,22x12E,10.905972933658052,1.3499999999999999,15.000000000000002,0.29999999999999993,10.767472537795083,12.920967045354098,13.135153144639945,81.07514675804177,83.2778882523471,6.343055111318337,0.26116812713766935,0.4929520797189752,-705.732436487205,0.0,0.3573571071277659,1232.601030023179,1844.1597013122087,15.666666666666668,False,did not refill (end SOC 0.493)
4.0,0.3,1.6,0.28,0.4,0.5,0.12,1.1589138994069248,2,mixed,19+19+8,3,46,22x12E,9.262598897692785,1.0486045018932464,15.258374316639054,0.300781535975773,11.259238515572022,13.511086218686426,13.73505450559075,71.76098040309304,73.90409769765317,7.58810241140459,0.00866260108770283,0.24915098048312495,-706.0001528533013,4.832133508911599,0.09111070582320124,1012.4937032333256,1619.2298749228435,16.083333333333332,False,"SOC floor violated (min 0.009, unmet 5 Wh); did not refill (end SOC 0.249)"
4.0,0.3,1.6,0.34,0.4,0.5,0.12,1.1589138994069248,2,mixed,19+19+8,3,46,22x12E,9.262598897692785,1.0486045018932464,15.258374316639054,0.300781535975773,11.259238515572022,13.511086218686426,13.73505450559075,71.76098040309304,73.90409769765317,7.58810241140459,0.00866260108770283,0.24915098048312495,-706.0001528533013,4.832133508911599,0.09111070582320124,1012.4937032333256,1619.2298749228435,16.083333333333332,False,"SOC floor violated (min 0.009, unmet 5 Wh); did not refill (end SOC 0.249)"
6.0,0.3,1.6,0.34,0.6,0.0,0.18,0.36332022724263985,2,mixed,26+26,2,52,19x10E,9.980517330150754,1.4835984272691167,24.265326343238158,0.3176231071679016,9.825774516995342,11.79092942039441,11.986383303268992,84.45136476842757,87.53459454287852,3.2041521863936495,0.006258358242540079,0.24685379673448213,-708.2192323544903,182.47921413061738,0.11798363316444119,1144.5580993072372,1930.4708493797177,16.333333333333336,False,"SOC floor violated (min 0.006, unmet 182 Wh); did not refill (end SOC 0.247)"
4.0,0.45,1.3,0.28,0.4,0.0,0.18000000000000002,0.4710318751196979,3,mixed,21+21+21+7,4,70,22x12E,11.373885674635376,1.3871786062823184,11.534203257993212,0.28613169492047663,10.84767555719465,13.01721066863358,13.232992162921905,93.77460967678346,96.44850827564667,6.015402535416939,0.15724696424615733,0.491125875380543,-708.3786065735932,0.0,0.2206547930316122,1540.7512875289733,2153.764420099607,15.333333333333332,False,"SOC floor violated (min 0.157, unmet 0 Wh); did not refill (end SOC 0.491)"
6.0,0.3,1.3,0.34,0.4,0.5,0.12,1.7154242772003512,3,mixed,29+29+12+2,4,72,17x12E,11.590816238627177,1.5687763698960633,22.94782143001371,0.31598506980969104,10.297337330394267,12.35680479647312,12.5616389864918,95.58011101595928,98.2807626324886,2.4258094878456125,0.1422662831550056,0.49105800954681905,-708.4769441666592,0.0,0.3323009178641065,1584.772752886944,2197.5533660276506,15.25,False,"SOC floor violated (min 0.142, unmet 0 Wh); did not refill (end SOC 0.491)"
4.5,0.36,1.3,0.34,0.4,0.0,0.144,0.3901586067935855,3,mixed,20+20+12,3,52,22x12E,10.73380509286932,1.2182742590674143,16.621872989010964,0.30450344413444735,11.244826726755283,13.49379207210634,13.717473680329148,77.5543568106357,79.92231355824445,6.509231505597554,0.289258828572192,0.4901094627604114,-709.8513884601639,0.0,0.26853936914229115,1144.5580993072374,1760.6428768940668,15.833333333333332,False,did not refill (end SOC 0.490)
4.5,0.3,1.6,0.34,0.6,0.0,0.18,0.3161633617503496,2,mixed,18+18,2,36,22x12E,9.20117938741872,1.117939603410042,18.113679789347824,0.30793368877230626,10.86828522566722,13.041942270800664,13.258133731725282,62.828905436895376,64.5784362139704,7.67393954095627,0.10668571815147314,0.24381452562617556,-711.1551682451144,0.0,0.092095843706628,792.3863764434722,1400.4320343878485,16.833333333333332,False,"SOC floor violated (min 0.107, unmet 0 Wh); did not refill (end SOC 0.244)"
5.0,0.36,1.3,0.34,0.6,0.5,0.216,1.4956291289888761,2,mixed,28+28,2,56,19x10E,10.210282207877798,1.6553705945743977,15.10235839753309,0.3003128143040936,9.408485157305414,11.290182188766495,11.477335369697169,93.95541414001035,96.82021467977246,3.070356634146642,0.0034287541848849225,0.24323559766193395,-711.7144126585719,317.02961834342824,0.09563282680813619,1232.6010300231787,2156.1772100301514,16.583333333333332,False,"SOC floor violated (min 0.003, unmet 317 Wh); did not refill (end SOC 0.243)"
4.0,0.4,1.6,0.28,0.4,0.5,0.16000000000000003,1.213620883668245,3,mixed,27+27+18,3,72,22x12E,11.503595962085175,1.4112690120803788,11.337314050716731,0.28508932159267586,10.815842545758104,12.979011054909725,13.194159328307615,95.72772206936828,98.41625574171456,5.933031681577648,0.1406968957494002,0.4886962039544786,-711.8992004699605,0.0,0.30971873299311287,1584.772752886944,2200.9899992978785,15.25,False,"SOC floor violated (min 0.141, unmet 0 Wh); did not refill (end SOC 0.489)"
4.0,0.4,1.6,0.34,0.4,0.5,0.16000000000000003,1.213620883668245,3,mixed,27+27+18,3,72,22x12E,11.503595962085175,1.4112690120803788,11.337314050716731,0.28508932159267586,10.815842545758104,12.979011054909725,13.194159328307615,95.72772206936828,98.41625574171456,5.933031681577648,0.1406968957494002,0.4886962039544786,-711.8992004699605,0.0,0.30971873299311287,1584.772752886944,2200.9899992978785,15.25,False,"SOC floor violated (min 0.141, unmet 0 Wh); did not refill (end SOC 0.489)"
4.5,0.3,1.3,0.34,0.4,0.0,0.12,0.3211396626139514,2,mixed,17+17,2,34,22x12E,8.750130673339102,1.0028051392705113,20.193354827370374,0.3118699097685295,11.190447218253823,13.428536661904587,13.651136555289847,61.100330530820756,62.92061879561684,8.11587935736163,0.12540422344549015,0.24123033521282689,-713.6514961844092,0.0,0.15811931386320427,748.3649110855014,1358.9982599045297,17.083333333333336,False,"SOC floor violated (min 0.125, unmet 0 Wh); did not refill (end SOC 0.241)"
5.0,0.3,1.3,0.34,0.4,0.0,0.12,0.33743891939486287,3,mixed,18+18+10,3,46,22x12E,10.444056664831205,1.1107390054910753,22.507537663131856,0.31539491984793944,11.616546826839793,13.93985619220775,14.17093204062795,72.28899130435515,74.8303259023874,6.738749453422457,0.3306556302610945,0.48613773173313035,-715.6064267186941,0.0,0.18317943081000246,1012.4937032333255,1634.8429123224346,16.166666666666668,False,did not refill (end SOC 0.486)
4.5,0.4,1.6,0.28,1.0,1.0,0.4,2.25,2,mixed,29+29+21+10+10,5,99,19x10E,11.373051410537636,1.8,11.25,0.28461538461538466,9.52249378479712,11.426992541756544,11.61641357738772,129.25212902132748,133.53291011955207,2.619435045993565,0.007458127034580828,0.7397513501825936,-718.1706414359263,718.1706414359263,0.17263148227128272,2179.0625352195498,3019.864662879498,15.166666666666666,False,"SOC floor violated (min 0.007, unmet 718 Wh); did not refill (end SOC 0.740)"
4.5,0.4,1.6,0.34,1.0,1.0,0.4,2.25,2,mixed,29+29+21+10+10,5,99,19x10E,11.373051410537636,1.8,11.25,0.28461538461538466,9.52249378479712,11.426992541756544,11.61641357738772,129.25212902132748,133.53291011955207,2.619435045993565,0.007458127034580828,0.7397513501825936,-718.1706414359263,718.1706414359263,0.17263148227128272,2179.0625352195498,3019.864662879498,15.166666666666666,False,"SOC floor violated (min 0.007, unmet 718 Wh); did not refill (end SOC 0.740)"
5.0,0.3,1.6,0.34,0.4,0.5,0.12,1.42721258952334,2,mixed,26+26,2,52,17x12E,9.611607672215438,1.3068982661142012,19.129262505131685,0.3099628172460683,10.273669158212794,12.328402989855352,12.532766373613883,86.36176002469686,88.68863707859487,2.972038568640051,0.0033014885638945474,0.23500111314960678,-719.6689246974798,210.8527049078621,0.21193599756178827,1144.5580993072372,1970.133818496961,16.5,False,"SOC floor violated (min 0.003, unmet 211 Wh); did not refill (end SOC 0.235)"
4.5,0.36,1.6,0.28,0.6,0.5,0.216,1.334833955011557,2,mixed,25+25+12,3,62,19x10E,10.217173370219303,1.4882160895216643,13.606894954689452,0.295274663606097,9.926149979469573,11.911379975363486,12.108830522608088,108.65830126949565,112.76505704020323,3.0218869366012604,0.008551723148031268,0.23337653780934747,-721.2382644761702,536.8075407526783,0.2468232063411809,1364.6654260970913,2516.888750510415,16.916666666666668,False,"SOC floor violated (min 0.009, unmet 537 Wh); did not refill (end SOC 0.233)"
4.5,0.36,1.6,0.34,0.6,0.5,0.216,1.334833955011557,2,mixed,25+25+12,3,62,19x10E,10.217173370219303,1.4882160895216643,13.606894954689452,0.295274663606097,9.926149979469573,11.911379975363486,12.108830522608088,108.65830126949565,112.76505704020323,3.0218869366012604,0.008551723148031268,0.23337653780934747,-721.2382644761702,536.8075407526783,0.2468232063411809,1364.6654260970913,2516.888750510415,16.916666666666668,False,"SOC floor violated (min 0.009, unmet 537 Wh); did not refill (end SOC 0.233)"
4.5,0.52,1.3,0.28,0.6,0.0,0.312,0.6284588974595883,2,mixed,29+29+29+9+7+2,6,105,19x10E,11.835076674265226,2.0027194506715946,10.111251475192562,0.27768480510524457,9.209242929437767,11.05109151532532,11.234281378453213,130.97347867419103,134.9860776292213,2.4933334346061073,0.0011643530805032273,0.8374867441820741,-721.2428396237245,721.2428396237245,0.3342317864432876,2311.1269312934596,3059.476878775834,15.0,False,"SOC floor violated (min 0.001, unmet 721 Wh); did not refill (end SOC 0.837)"
4.5,0.52,1.3,0.34,0.6,0.0,0.312,0.6284588974595883,2,mixed,29+29+29+9+7+2,6,105,19x10E,11.835076674265226,2.0027194506715946,10.111251475192562,0.27768480510524457,9.209242929437767,11.05109151532532,11.234281378453213,130.97347867419103,134.9860776292213,2.4933334346061073,0.0011643530805032273,0.8374867441820741,-721.2428396237245,721.2428396237245,0.3342317864432876,2311.1269312934596,3059.476878775834,15.0,False,"SOC floor violated (min 0.001, unmet 721 Wh); did not refill (end SOC 0.837)"
4.5,0.36,1.6,0.28,0.6,0.0,0.216,0.38213259298716656,2,mixed,23+23+10,3,56,17x12E,9.859217855401887,1.3510270933901518,14.988596527095828,0.29996488569606317,10.23381711631275,12.280580539575299,12.484151188235304,96.85510128576333,99.34431794830286,2.839970357584027,0.009740292185563205,0.23074727051603494,-723.7781366815102,371.570808767028,0.29841690177773234,1232.601030023179,2222.5692516617232,16.75,False,"SOC floor violated (min 0.010, unmet 372 Wh); did not refill (end SOC 0.231)"
4.5,0.36,1.6,0.34,0.6,0.0,0.216,0.38213259298716656,2,mixed,23+23+10,3,56,17x12E,9.859217855401887,1.3510270933901518,14.988596527095828,0.29996488569606317,10.23381711631275,12.280580539575299,12.484151188235304,96.85510128576333,99.34431794830286,2.839970357584027,0.009740292185563205,0.23074727051603494,-723.7781366815102,371.570808767028,0.29841690177773234,1232.601030023179,2222.5692516617232,16.75,False,"SOC floor violated (min 0.010, unmet 372 Wh); did not refill (end SOC 0.231)"
4.0,0.3,1.3,0.34,0.6,0.0,0.18,0.3327984198905627,2,mixed,16+16+10,3,42,22x12E,8.92008377894894,0.9999358103868674,16.001027099739257,0.30288739281979904,11.314799301884202,13.577759162261042,13.802832661930173,68.70312610679986,70.7996446805981,7.907037415581499,0.036838981413597996,0.2304997328318958,-724.0172580843886,0.0,0.08707563866133701,924.4507725173842,1544.7736257478361,16.416666666666668,False,"SOC floor violated (min 0.037, unmet 0 Wh); did not refill (end SOC 0.230)"
6.0,0.3,1.3,0.34,0.6,0.0,0.18,0.4044425740935926,2,mixed,25+25,2,50,19x10E,9.784783765703454,1.488533108891231,24.18488361795019,0.3175282094443994,9.712808274752176,11.65536992970261,11.848576692959089,82.10879327704473,84.9702308612979,3.2766130492237933,0.004252897007417354,0.2293296984453803,-725.1475113017626,151.41430285334695,0.25500207823970794,1100.5366339492666,1872.3102736629812,16.416666666666668,False,"SOC floor violated (min 0.004, unmet 151 Wh); did not refill (end SOC 0.229)"
4.0,0.4,1.3,0.28,0.6,0.5,0.24,1.2453047623958522,2,mixed,27+27+21,3,75,19x10E,10.145039572727462,1.4792487619833365,10.81630109228392,0.2821478901064903,9.920983212049473,11.905179854459368,12.102527624589307,124.02480662751074,128.78722290398002,2.976525754690044,0.008126993809653734,0.33562418756135376,-726.238267490381,726.238267490381,0.20163863465383494,1650.8049509239008,2892.710349156819,16.416666666666668,False,"SOC floor violated (min 0.008, unmet 726 Wh); did not refill (end SOC 0.336)"
4.0,0.4,1.3,0.34,0.6,0.5,0.24,1.2453047623958522,2,mixed,27+27+21,3,75,19x10E,10.145039572727462,1.4792487619833365,10.81630109228392,0.2821478901064903,9.920983212049473,11.905179854459368,12.102527624589307,124.02480662751074,128.78722290398002,2.976525754690044,0.008126993809653734,0.33562418756135376,-726.238267490381,726.238267490381,0.20163863465383494,1650.8049509239008,2892.710349156819,16.416666666666668,False,"SOC floor violated (min 0.008, unmet 726 Wh); did not refill (end SOC 0.336)"
5.0,0.36,1.6,0.28,0.6,0.5,0.216,1.4709668198479715,2,mixed,28+28,2,56,19x10E,10.380217035868082,1.651819222058108,15.134828113242857,0.3004111600045448,9.496649478623203,11.395979374347844,11.584886316155355,95.99080398233204,99.0194172811544,3.0151164609651935,0.0034140725627065643,0.22700830804492814,-727.3899744285994,350.9356807627431,0.08964614993294025,1232.601030023179,2205.7367419924262,16.75,False,"SOC floor violated (min 0.003, unmet 351 Wh); did not refill (end SOC 0.227)"
5.0,0.36,1.6,0.34,0.6,0.5,0.216,1.4709668198479715,2,mixed,28+28,2,56,19x10E,10.380217035868082,1.651819222058108,15.134828113242857,0.3004111600045448,9.496649478623203,11.395979374347844,11.584886316155355,95.99080398233204,99.0194172811544,3.0151164609651935,0.0034140725627065643,0.22700830804492814,-727.3899744285994,350.9356807627431,0.08964614993294025,1232.601030023179,2205.7367419924262,16.75,False,"SOC floor violated (min 0.003, unmet 351 Wh); did not refill (end SOC 0.227)"
6.0,0.3,1.6,0.34,0.6,0.0,0.18,0.36332022724263985,3,mixed,26+26,2,52,19x12E,11.258517330150754,1.4835984272691167,24.265326343238158,0.3176231071679016,10.43592303365257,12.523107640383083,12.730698571233328,78.46494135179277,80.63176651995482,3.843147890631998,0.279301189513798,0.4763240993776258,-729.8263800018201,0.0,0.16649446475326238,1144.5580993072374,1780.6737625523301,15.916666666666666,False,did not refill (end SOC 0.476)
4.0,0.4,1.3,0.28,0.4,0.5,0.16000000000000003,1.2378385233258826,2,mixed,26+26+21,3,73,19x10E,10.003230973808956,1.417081245598212,11.290813458790572,0.2848378307193081,10.065172501864456,12.078207002237347,12.278422979500933,123.88172620449718,128.92808109419366,3.022976508843197,0.004104729291496521,0.296510076699947,-730.1576664894583,730.1576664894583,0.129427005343274,1606.7834855659298,2890.5885610065225,16.583333333333332,False,"SOC floor violated (min 0.004, unmet 730 Wh); did not refill (end SOC 0.297)"
4.0,0.4,1.3,0.34,0.4,0.5,0.16000000000000003,1.2378385233258826,2,mixed,26+26+21,3,73,19x10E,10.003230973808956,1.417081245598212,11.290813458790572,0.2848378307193081,10.065172501864456,12.078207002237347,12.278422979500933,123.88172620449718,128.92808109419366,3.022976508843197,0.004104729291496521,0.296510076699947,-730.1576664894583,730.1576664894583,0.129427005343274,1606.7834855659298,2890.5885610065225,16.583333333333332,False,"SOC floor violated (min 0.004, unmet 730 Wh); did not refill (end SOC 0.297)"
5.0,0.4,1.6,0.28,0.6,0.0,0.24,0.4486040083947966,2,mixed,28+28,2,56,19x10E,10.43038226754308,1.6717766413431674,14.954150800859422,0.29985849300895845,9.462577196505826,11.355092635806992,11.543321813248273,96.59607983311994,99.60902614272052,2.9961529433412277,0.004421417743920778,0.22353844920323718,-730.7418580696728,362.16444701526086,0.2542988693747882,1232.601030023179,2220.1497767394794,16.75,False,"SOC floor violated (min 0.004, unmet 362 Wh); did not refill (end SOC 0.224)"
5.0,0.4,1.6,0.34,0.6,0.0,0.24,0.4486040083947966,2,mixed,28+28,2,56,19x10E,10.43038226754308,1.6717766413431674,14.954150800859422,0.29985849300895845,9.462577196505826,11.355092635806992,11.543321813248273,96.59607983311994,99.60902614272052,2.9961529433412277,0.004421417743920778,0.22353844920323718,-730.7418580696728,362.16444701526086,0.2542988693747882,1232.601030023179,2220.1497767394794,16.75,False,"SOC floor violated (min 0.004, unmet 362 Wh); did not refill (end SOC 0.224)"
4.0,0.3,1.3,0.28,0.6,0.5,0.18,1.1828288891427603,2,mixed,20+20,2,40,22x12E,9.00421288159742,1.1019394666971312,14.519853842749795,0.2984737730756048,10.82910232549919,12.994922790599027,13.210334826963587,67.30780359105617,69.09308158486728,7.800478416495101,0.050656437987349666,0.22232236976711647,-731.9165908049655,0.0,0.27394947882091475,880.4293071594138,1508.6280979727712,16.583333333333332,False,"SOC floor violated (min 0.051, unmet 0 Wh); did not refill (end SOC 0.222)"
4.0,0.3,1.3,0.34,0.6,0.5,0.18,1.1828288891427603,2,mixed,20+20,2,40,22x12E,9.00421288159742,1.1019394666971312,14.519853842749795,0.2984737730756048,10.82910232549919,12.994922790599027,13.210334826963587,67.30780359105617,69.09308158486728,7.800478416495101,0.050656437987349666,0.22232236976711647,-731.9165908049655,0.0,0.27394947882091475,880.4293071594138,1508.6280979727712,16.583333333333332,False,"SOC floor violated (min 0.051, unmet 0 Wh); did not refill (end SOC 0.222)"
4.0,0.36,1.6,0.28,0.4,0.0,0.144,0.33049322809804865,2,mixed,17+17+10,3,44,22x12E,9.32320049850111,1.0793865372691784,14.823234724123584,0.2994496209835451,11.13377557046722,13.360530684560663,13.582003267972585,71.09858636533687,73.14676943160171,7.535460256423491,0.009429113750152382,0.2200406423760073,-734.120739464777,3.559956656484655,0.20764686408282174,968.4722378753551,1602.0688096094486,16.333333333333336,False,"SOC floor violated (min 0.009, unmet 4 Wh); did not refill (end SOC 0.220)"
4.0,0.36,1.6,0.34,0.4,0.0,0.144,0.33049322809804865,2,mixed,17+17+10,3,44,22x12E,9.32320049850111,1.0793865372691784,14.823234724123584,0.2994496209835451,11.13377557046722,13.360530684560663,13.582003267972585,71.09858636533687,73.14676943160171,7.535460256423491,0.009429113750152382,0.2200406423760073,-734.120739464777,3.559956656484655,0.20764686408282174,968.4722378753551,1602.0688096094486,16.333333333333336,False,"SOC floor violated (min 0.009, unmet 4 Wh); did not refill (end SOC 0.220)"
5.0,0.3,1.3,0.34,0.6,0.0,0.18,0.3704226647042824,3,mixed,21+21,2,42,22x12E,10.57039342451707,1.2444507197645138,20.089184411200087,0.3116921339142135,11.040917723846826,13.249101268616192,13.468726727748399,69.68762936261439,71.78111938454042,6.648646776935127,0.34736833742551276,0.4715304233833154,-736.772416517576,0.0,0.14651416887965732,924.450772517384,1568.2042798671803,16.5,False,did not refill (end SOC 0.472)
5.5,0.36,1.6,0.34,0.4,0.0,0.144,0.3835149184829639,2,mixed,26+26,2,52,19x10E,9.97666322101407,1.4688392223923201,20.594493623836772,0.3125376910323436,9.87310998097956,11.847731977175473,12.044127455057895,88.06759256890834,91.35745409446282,3.188777606700249,0.003619362665215194,0.21552574370894523,-738.4821315771588,239.8538647467507,0.13233849239324985,1144.5580993072374,2018.0220279683342,16.583333333333332,False,"SOC floor violated (min 0.004, unmet 240 Wh); did not refill (end SOC 0.216)"
5.0,0.3,1.3,0.34,1.0,1.0,0.3,2.5,3,mixed,29+29+12+1,4,71,19x12E,11.483684518415998,1.5,16.666666666666668,0.3046153846153847,10.481982884413776,12.578379461296532,12.78688661271141,95.97769061540255,98.57937232610197,3.683930907020146,0.13593674484092338,0.47017447998714096,-738.7371784986326,0.0,0.16105465286513027,1562.7620202079593,2206.0124829290535,15.333333333333332,False,"SOC floor violated (min 0.136, unmet 0 Wh); did not refill (end SOC 0.470)"
5.5,0.3,1.3,0.34,0.4,0.5,0.12,1.5814564984119155,3,mixed,27+27,2,54,19x12E,11.005841944218592,1.4396621697141447,21.01187392178705,0.313205443032607,10.474415286218898,12.569298343462677,12.777654960540676,80.66674475849906,82.91011351132107,3.9235751861383696,0.260444968792534,0.4694718232747553,-739.7553280748797,0.0,0.29322367038015307,1188.5795646652082,1834.3227190186979,15.833333333333332,False,did not refill (end SOC 0.469)
4.5,0.36,1.6,0.28,1.0,1.0,0.36,2.25,2,mixed,26+26+12,3,64,19x10E,10.498359617476012,1.6199999999999999,12.500000000000002,0.2907692307692308,9.6438770438625,11.572652452635,11.76448803881985,115.34886825269064,119.27979338641708,2.902605294141462,0.0016176441621096691,0.21375314475696994,-740.1944621647671,632.7017577254536,0.1731320620210397,1408.6868914550619,2675.5617369061774,17.083333333333336,False,"SOC floor violated (min 0.002, unmet 633 Wh); did not refill (end SOC 0.214)"
4.5,0.36,1.6,0.34,1.0,1.0,0.36,2.25,2,mixed,26+26+12,3,64,19x10E,10.498359617476012,1.6199999999999999,12.500000000000002,0.2907692307692308,9.6438770438625,11.572652452635,11.76448803881985,115.34886825269064,119.27979338641708,2.902605294141462,0.0016176441621096691,0.21375314475696994,-740.1944621647671,632.7017577254536,0.1731320620210397,1408.6868914550619,2675.5617369061774,17.083333333333336,False,"SOC floor violated (min 0.002, unmet 633 Wh); did not refill (end SOC 0.214)"
4.5,0.3,1.6,0.34,0.4,0.5,0.12,1.293317848355444,3,mixed,22+22+10,3,54,22x12E,10.853298500523424,1.17779721270398,17.193112516805986,0.30588727477935107,11.499899950375413,13.799879940450495,14.028635454235419,80.56382517711933,83.23812958064767,6.429737583589011,0.2615364772721033,0.4687943289057736,-740.737017415534,0.0,0.23855432549238742,1188.5795646652082,1835.3719568796846,15.833333333333332,False,did not refill (end SOC 0.469)
6.0,0.36,1.6,0.34,0.4,0.0,0.144,0.3995382367315819,3,mixed,29+29+12,3,70,17x12E,11.726307911809092,1.5983002591340216,22.523928025579647,0.3154173027089611,10.261241554404158,12.31348986528499,12.517606039684603,95.36970396866697,97.8953531646055,2.3962158487051464,0.14015112112904646,0.4656143152387851,-745.3448572190005,0.0,0.10008438561837707,1540.7512875289733,2190.761854946143,15.333333333333332,False,"SOC floor violated (min 0.140, unmet 0 Wh); did not refill (end SOC 0.466)"
4.0,0.36,1.6,0.28,0.6,0.5,0.216,1.1980636454752494,2,mixed,22+22+12,3,56,18x12E,9.8342917879938,1.3245211649484359,12.079837169399166,0.2888428342089619,10.322634326714628,12.387161192057553,12.592498588835896,99.34698433004202,101.92905031261682,3.5321332413802824,0.005720121001838696,0.20829437130332454,-745.4676373209885,409.9080769171527,0.2101469682789651,1232.6010300231787,2282.6172579642484,16.916666666666668,False,"SOC floor violated (min 0.006, unmet 410 Wh); did not refill (end SOC 0.208)"
4.0,0.36,1.6,0.34,0.6,0.5,0.216,1.1980636454752494,2,mixed,22+22+12,3,56,18x12E,9.8342917879938,1.3245211649484359,12.079837169399166,0.2888428342089619,10.322634326714628,12.387161192057553,12.592498588835896,99.34698433004202,101.92905031261682,3.5321332413802824,0.005720121001838696,0.20829437130332454,-745.4676373209885,409.9080769171527,0.2101469682789651,1232.6010300231787,2282.6172579642484,16.916666666666668,False,"SOC floor violated (min 0.006, unmet 410 Wh); did not refill (end SOC 0.208)"
5.5,0.36,1.3,0.34,0.4,0.0,0.144,0.4282951994852384,2,mixed,25+25,2,50,19x10E,9.792288732923275,1.4785117630888114,20.459762820421293,0.31231632328595216,9.749406136960472,11.699287364352566,11.89322213070551,85.54315953903787,88.5787705323411,3.2582011731381098,0.008837895112402443,0.2070701414766205,-746.6502433335846,212.70739470104743,0.28669588731357365,1100.5366339492666,1955.0440086383594,16.75,False,"SOC floor violated (min 0.009, unmet 213 Wh); did not refill (end SOC 0.207)"
4.0,0.36,1.6,0.28,0.4,0.5,0.144,1.1916324633003623,2,mixed,21+21+10,3,52,19x12E,9.703490668456137,1.2653926120728782,12.644296993160022,0.2914012812083851,10.490587204991382,12.588704645989658,12.79738295417833,90.8216818462929,93.22534594402036,4.391551410269907,0.007166920092239421,0.20550207382804891,-748.1649966821047,289.14575373751626,0.13757878614505495,1144.5580993072374,2076.946623678074,16.833333333333332,False,"SOC floor violated (min 0.007, unmet 289 Wh); did not refill (end SOC 0.206)"
4.0,0.36,1.6,0.34,0.4,0.5,0.144,1.1916324633003623,2,mixed,21+21+10,3,52,19x12E,9.703490668456137,1.2653926120728782,12.644296993160022,0.2914012812083851,10.490587204991382,12.588704645989658,12.79738295417833,90.8216818462929,93.22534594402036,4.391551410269907,0.007166920092239421,0.20550207382804891,-748.1649966821047,289.14575373751626,0.13757878614505495,1144.5580993072374,2076.946623678074,16.833333333333332,False,"SOC floor violated (min 0.007, unmet 289 Wh); did not refill (end SOC 0.206)"
5.0,0.36,1.6,0.34,0.6,0.0,0.216,0.4019128346549774,2,mixed,27+27,2,54,19x10E,10.053298944500272,1.4978754481903167,16.690306280274616,0.3046742183578066,9.81442581381303,11.777310976575635,11.97253911153602,95.04502749663288,98.41740946602381,3.130840316498745,0.009046002495222465,0.2035134786635421,-750.0859796110184,351.41603692999047,0.18119465626892503,1188.5795646652082,2184.96836553571,16.916666666666668,False,"SOC floor violated (min 0.009, unmet 351 Wh); did not refill (end SOC 0.204)"
4.0,0.45,1.3,0.28,0.6,0.0,0.27,0.5098574397874889,2,mixed,25+25+21,3,71,19x10E,10.237063486705479,1.531774339161748,10.44540281877021,0.2798751487862705,9.793518604671624,11.752222325605947,11.947034575263888,124.71039776126129,129.26954333789254,2.942951793618424,0.001437880632813783,0.257894011710072,-751.6709700726356,751.6709700726356,0.2600915290495559,1562.76202020796,2905.343494104735,16.916666666666668,False,"SOC floor violated (min 0.001, unmet 752 Wh); did not refill (end SOC 0.258)"
4.0,0.45,1.3,0.34,0.6,0.0,0.27,0.5098574397874889,2,mixed,25+25+21,3,71,19x10E,10.237063486705479,1.531774339161748,10.44540281877021,0.2798751487862705,9.793518604671624,11.752222325605947,11.947034575263888,124.71039776126129,129.26954333789254,2.942951793618424,0.001437880632813783,0.257894011710072,-751.6709700726356,751.6709700726356,0.2600915290495559,1562.76202020796,2905.343494104735,16.916666666666668,False,"SOC floor violated (min 0.001, unmet 752 Wh); did not refill (end SOC 0.258)"
4.5,0.3,1.6,0.28,1.0,1.0,0.3,2.25,3,mixed,28+28,2,56,22x12E,11.100119040884763,1.3499999999999999,15.000000000000002,0.29999999999999993,10.862890034339712,13.035468041207654,13.251552181219099,82.99514024034794,85.31788288519779,6.23095749563455,0.24029030771378942,0.4608368198985268,-752.2674479670345,0.0,0.10891740244399153,1232.601030023179,1890.852430701289,15.833333333333332,False,did not refill (end SOC 0.461)
4.5,0.3,1.6,0.34,1.0,1.0,0.3,2.25,3,mixed,28+28,2,56,22x12E,11.100119040884763,1.3499999999999999,15.000000000000002,0.29999999999999993,10.862890034339712,13.035468041207654,13.251552181219099,82.99514024034794,85.31788288519779,6.23095749563455,0.24029030771378942,0.4608368198985268,-752.2674479670345,0.0,0.10891740244399153,1232.601030023179,1890.852430701289,15.833333333333332,False,did not refill (end SOC 0.461)
4.5,0.3,1.6,0.34,0.6,0.5,0.18,1.2993035492544234,2,mixed,23+23,2,46,19x12E,9.459696659405038,1.2359164259105309,16.38460301640648,0.3039002931312639,10.480753390608445,12.576904068730133,12.785386763107267,77.87767672988078,79.89483021128348,4.584291376057078,0.006030030830792508,0.20018773356071615,-753.2986493803481,102.72268223378707,0.24207750252970445,1012.4937032333254,1764.0247965042113,16.583333333333332,False,"SOC floor violated (min 0.006, unmet 103 Wh); did not refill (end SOC 0.200)"
4.5,0.4,1.6,0.28,1.0,1.0,0.4,2.25,2,mixed,29+29+21+10+10+7,6,106,19x10E,11.537051410537636,1.8,11.25,0.28461538461538466,9.590905473306286,11.509086567967543,11.699868445955724,132.77646434169503,137.30876540252183,2.5722355512839115,0.00968598324994693,0.844592215558624,-753.9403888248823,753.9403888248823,0.25098943951470665,2333.1376639724463,3107.425853748119,15.0,False,"SOC floor violated (min 0.010, unmet 754 Wh); did not refill (end SOC 0.845)"
4.5,0.4,1.6,0.34,1.0,1.0,0.4,2.25,2,mixed,29+29+21+10+10+7,6,106,19x10E,11.537051410537636,1.8,11.25,0.28461538461538466,9.590905473306286,11.509086567967543,11.699868445955724,132.77646434169503,137.30876540252183,2.5722355512839115,0.00968598324994693,0.844592215558624,-753.9403888248823,753.9403888248823,0.25098943951470665,2333.1376639724463,3107.425853748119,15.0,False,"SOC floor violated (min 0.010, unmet 754 Wh); did not refill (end SOC 0.845)"
4.5,0.52,1.6,0.28,0.6,0.0,0.312,0.5626433822143527,2,mixed,29+29+29+8+3+3,6,101,19x10E,11.922930434678149,1.9890298235005857,10.180842821331401,0.27815282654698853,9.275115080136395,11.130138096163673,11.31463828527198,132.07942139737963,136.15697918045024,2.474989094542529,0.008303361844991749,0.7559826180440332,-756.1271673810895,756.1271673810895,0.182249444211268,2223.0840005775194,3085.9245406209116,15.166666666666666,False,"SOC floor violated (min 0.008, unmet 756 Wh); did not refill (end SOC 0.756)"
4.5,0.52,1.6,0.34,0.6,0.0,0.312,0.5626433822143527,2,mixed,29+29+29+8+3+3,6,101,19x10E,11.922930434678149,1.9890298235005857,10.180842821331401,0.27815282654698853,9.275115080136395,11.130138096163673,11.31463828527198,132.07942139737963,136.15697918045024,2.474989094542529,0.008303361844991749,0.7559826180440332,-756.1271673810895,756.1271673810895,0.182249444211268,2223.0840005775194,3085.9245406209116,15.166666666666666,False,"SOC floor violated (min 0.008, unmet 756 Wh); did not refill (end SOC 0.756)"
4.5,0.52,1.3,0.28,0.6,0.0,0.312,0.6284588974595883,2,mixed,29+29+29+9+7+2+2,7,107,19x10E,11.959076674265226,2.0027194506715946,10.111251475192562,0.27768480510524457,9.257361356795561,11.108833628154674,11.292980660964062,133.4585518529179,137.5885845956806,2.461321742741496,0.005288781414091613,0.8572000622366162,-757.1602971055496,757.1602971055496,0.3379861409312662,2355.1483966514315,3120.1755391548795,15.0,False,"SOC floor violated (min 0.005, unmet 757 Wh); did not refill (end SOC 0.857)"
4.5,0.52,1.3,0.34,0.6,0.0,0.312,0.6284588974595883,2,mixed,29+29+29+9+7+2+2,7,107,19x10E,11.959076674265226,2.0027194506715946,10.111251475192562,0.27768480510524457,9.257361356795561,11.108833628154674,11.292980660964062,133.4585518529179,137.5885845956806,2.461321742741496,0.005288781414091613,0.8572000622366162,-757.1602971055496,757.1602971055496,0.3379861409312662,2355.1483966514315,3120.1755391548795,15.0,False,"SOC floor violated (min 0.005, unmet 757 Wh); did not refill (end SOC 0.857)"
4.5,0.36,1.6,0.28,0.4,0.5,0.144,1.3279157997136048,2,mixed,24+24+12,3,60,19x10E,10.06911736704795,1.4208298127381387,14.252234728222238,0.2975784679405764,10.08493539017915,12.101922468214978,12.302531568000484,109.06642534689149,113.47536797784453,3.0674875404669737,0.007082955789814284,0.19470767015239424,-758.5923906327872,554.186503666799,0.2221610183404851,1320.64396073912,2527.7219829702294,17.166666666666668,False,"SOC floor violated (min 0.007, unmet 554 Wh); did not refill (end SOC 0.195)"
4.5,0.36,1.6,0.34,0.4,0.5,0.144,1.3279157997136048,2,mixed,24+24+12,3,60,19x10E,10.06911736704795,1.4208298127381387,14.252234728222238,0.2975784679405764,10.08493539017915,12.101922468214978,12.302531568000484,109.06642534689149,113.47536797784453,3.0674875404669737,0.007082955789814284,0.19470767015239424,-758.5923906327872,554.186503666799,0.2221610183404851,1320.64396073912,2527.7219829702294,17.166666666666668,False,"SOC floor violated (min 0.007, unmet 554 Wh); did not refill (end SOC 0.195)"
5.5,0.3,1.3,0.34,0.6,0.0,0.18,0.3878193054161349,2,mixed,24+24+10,3,58,16x12E,9.665662424186909,1.366538316649936,22.13622525723082,0.31487897050260794,10.075192534051386,12.090231040861662,12.29064633617332,120.2047645495055,91.26816326526826,2.3976023026857534,9.654503087004607e-05,0.2798820651712318,-759.2231564815288,759.2231564815288,2.4969416905814406,1276.622495381149,2603.3516586844644,18.416666666666668,False,"SOC floor violated (min 0.000, unmet 759 Wh); did not refill (end SOC 0.280)"
4.0,0.4,1.3,0.28,0.6,0.5,0.24,1.2453047623958522,2,mixed,27+27+21+7,4,82,19x10E,10.309039572727462,1.4792487619833365,10.81630109228392,0.2821478901064903,10.000850735189438,12.001020882227325,12.19995737368262,128.0802255634014,133.20264682673746,2.9143907648090295,0.00877497995700254,0.42512886428335817,-761.1442848385547,761.1442848385547,0.3582943837839281,1804.880079676798,2994.477915189716,16.083333333333332,False,"SOC floor violated (min 0.009, unmet 761 Wh); did not refill (end SOC 0.425)"
4.5,0.3,1.6,0.34,0.4,0.0,0.12,0.28771221945048153,2,mixed,17+17,2,34,22x12E,8.949472492931504,0.9967881995010865,20.31524852534927,0.31207561711107396,11.351303199152397,13.621563838982876,13.847363472601932,63.23828914572459,65.2260329632856,7.926815831027351,0.0870296567714956,0.18725837362192924,-765.7884110812164,0.0,0.16517409043554207,748.3649110855014,1410.970564947799,17.333333333333332,False,"SOC floor violated (min 0.087, unmet 0 Wh); did not refill (end SOC 0.187)"
4.5,0.36,1.3,0.28,0.4,0.5,0.144,1.3507978314067701,2,mixed,23+23+12,3,58,19x10E,9.874848652956233,1.4257723315838622,14.202828566258315,0.2974094929373038,9.969849031118521,11.963818837342226,12.162138644237347,105.48022568335982,109.5237469554851,3.1420915730370385,0.0032424500164777697,0.1857409780912299,-767.2542151638719,500.87255056129527,0.2429404438010157,1276.6224953811497,2439.156145093497,17.166666666666668,False,"SOC floor violated (min 0.003, unmet 501 Wh); did not refill (end SOC 0.186)"
4.5,0.36,1.3,0.34,0.4,0.5,0.144,1.3507978314067701,2,mixed,23+23+12,3,58,19x10E,9.874848652956233,1.4257723315838622,14.202828566258315,0.2974094929373038,9.969849031118521,11.963818837342226,12.162138644237347,105.48022568335982,109.5237469554851,3.1420915730370385,0.0032424500164777697,0.1857409780912299,-767.2542151638719,500.87255056129527,0.2429404438010157,1276.6224953811497,2439.156145093497,17.166666666666668,False,"SOC floor violated (min 0.003, unmet 501 Wh); did not refill (end SOC 0.186)"
5.0,0.3,1.3,0.34,0.6,0.5,0.18,1.4540034507457689,2,mixed,26+26,2,52,19x10E,9.581968306082937,1.3744804140894922,18.18869133654476,0.30809131160982944,10.002453393160797,12.002944071792957,12.201912443251489,92.6024976426852,96.25408080593704,3.2999080710327853,0.00846963607464128,0.18534449561578378,-767.6372172351528,320.8503610793268,0.2380718426251794,1144.5580993072374,2128.021025567201,17.0,False,"SOC floor violated (min 0.008, unmet 321 Wh); did not refill (end SOC 0.185)"
5.0,0.36,1.3,0.34,0.4,0.5,0.144,1.4876369168177235,2,mixed,26+26,2,52,19x10E,10.029403884695112,1.5813295740326283,15.809481091437656,0.3023631810267888,9.540580779517699,11.448696935421237,11.638477756771247,93.35745004656661,96.34004498233045,3.1353433472118546,0.007415835911758397,0.18370587976336997,-769.2201201485847,332.474986984304,0.22374447989294308,1144.5580993072374,2141.208416089961,17.083333333333336,False,"SOC floor violated (min 0.007, unmet 332 Wh); did not refill (end SOC 0.184)"
4.0,0.3,1.6,0.34,0.6,0.0,0.18,0.298732218071772,2,mixed,17+17+8,3,42,22x12E,9.122951332202684,0.9958478661686126,16.06671113486219,0.30306427502155037,11.466203089318215,13.759443707181857,13.987528924460085,71.24068013293683,73.50675078913638,7.718788960316646,0.008069124010739582,0.18132034402429784,-771.5245476725282,14.54910167393874,0.13038562676049043,924.450772517384,1606.5830138906229,16.583333333333332,False,"SOC floor violated (min 0.008, unmet 15 Wh); did not refill (end SOC 0.181)"
5.5,0.3,1.3,0.34,0.4,0.0,0.12,0.3529443121020869,2,mixed,21+21,2,42,18x12E,9.16567584008234,1.2185299761783757,24.8249945355237,0.31826631968059665,10.389929180847378,12.467915017016853,12.674591040130963,72.0868842122288,74.02301012586133,3.9620717865956796,0.008669654578237634,0.17818924543593234,-774.5491889088893,29.07182379020229,0.08736401536674401,924.450772517384,1624.1221339673357,16.75,False,"SOC floor violated (min 0.009, unmet 29 Wh); did not refill (end SOC 0.178)"
5.0,0.3,1.6,0.34,0.6,0.0,0.18,0.33265133972193933,2,mixed,21+21,2,42,19x12E,9.42798485433772,1.2399181607666325,20.162621043103908,0.31181765093261626,10.44627313099614,12.535527757195368,12.743324571735538,72.13479494121441,74.06150051015304,4.632019918061346,0.0079087936390299,0.17714980156871107,-775.553291684625,29.15088997645382,0.08415648334243522,924.450772517384,1625.2036939639424,16.75,False,"SOC floor violated (min 0.008, unmet 29 Wh); did not refill (end SOC 0.177)"
4.0,0.3,1.3,0.28,0.4,0.5,0.12,1.1767718610457285,2,mixed,19+19,2,38,22x12E,8.889104836434058,1.051818934988231,15.211743645002006,0.3006424499283939,11.013033771307295,13.215640525568753,13.43471131831977,67.30571488059448,69.18087906344267,7.924159129377575,0.03949970236860659,0.176944397083222,-775.7517124176076,0.0,0.1401434318281325,836.4078418014428,1508.6195700961102,16.916666666666668,False,"SOC floor violated (min 0.039, unmet 0 Wh); did not refill (end SOC 0.177)"
4.0,0.3,1.3,0.34,0.4,0.5,0.12,1.1767718610457285,2,mixed,19+19,2,38,22x12E,8.889104836434058,1.051818934988231,15.211743645002006,0.3006424499283939,11.013033771307295,13.215640525568753,13.43471131831977,67.30571488059448,69.18087906344267,7.924159129377575,0.03949970236860659,0.176944397083222,-775.7517124176076,0.0,0.1401434318281325,836.4078418014428,1508.6195700961102,16.916666666666668,False,"SOC floor violated (min 0.039, unmet 0 Wh); did not refill (end SOC 0.177)"
5.0,0.3,1.6,0.34,0.6,0.0,0.18,0.33265133972193933,3,mixed,21+21,2,42,22x12E,10.762171342338906,1.2399181607666325,20.162621043103908,0.31181765093261626,11.160968689322369,13.393162427186843,13.615175934946102,71.42913867842181,73.62994178615287,6.5266094180166965,0.3273616175736012,0.4423451634717961,-779.0618581293675,0.0,0.12011971034244931,924.450772517384,1610.4385510721488,16.666666666666664,False,did not refill (end SOC 0.442)
4.0,0.36,1.3,0.28,0.4,0.5,0.144,1.2132812680256477,2,mixed,20+20+12,3,52,18x12E,9.500605642747987,1.2700687538935398,12.597743193783947,0.29119894814883723,10.361210074774405,12.433452089729286,12.639556833624136,95.82895838839053,98.33692012070568,3.680414232927703,0.00982276416210381,0.17252359869547182,-780.0222036601742,377.30069933430576,0.19393934813279282,1144.5580993072374,2196.8237430145045,17.25,False,"SOC floor violated (min 0.010, unmet 377 Wh); did not refill (end SOC 0.173)"
4.0,0.36,1.3,0.34,0.4,0.5,0.144,1.2132812680256477,2,mixed,20+20+12,3,52,18x12E,9.500605642747987,1.2700687538935398,12.597743193783947,0.29119894814883723,10.361210074774405,12.433452089729286,12.639556833624136,95.82895838839053,98.33692012070568,3.680414232927703,0.00982276416210381,0.17252359869547182,-780.0222036601742,377.30069933430576,0.19393934813279282,1144.5580993072374,2196.8237430145045,17.25,False,"SOC floor violated (min 0.010, unmet 377 Wh); did not refill (end SOC 0.173)"
4.5,0.3,1.3,0.34,0.6,0.5,0.18,1.3187108526089395,2,mixed,23+23,2,46,18x12E,9.247405073679662,1.2382453023130726,16.3537870583256,0.30382067342519403,10.352733765847082,12.4232805190165,12.62921665253978,82.05749108007464,84.18143193168508,3.8617108681559285,0.008031103674642302,0.17135729403377653,-781.1488539633718,175.04978654032527,0.11798817819536585,1012.4937032333256,1864.2473718830693,17.0,False,"SOC floor violated (min 0.008, unmet 175 Wh); did not refill (end SOC 0.171)"
4.0,0.3,1.6,0.28,0.6,0.5,0.18,1.1644943732591284,2,mixed,20+20,2,40,22x12E,9.205567386633854,1.0997393247910954,14.54890230740756,0.2985689715234622,10.96046179357141,13.152554152285692,13.370579185523185,69.44912984287777,71.37177042061128,7.629436786277587,0.013319040968215566,0.1683444192290558,-784.0592910247321,0.0,0.14456437739445724,880.4293071594138,1560.7182604176314,16.75,False,"SOC floor violated (min 0.013, unmet 0 Wh); did not refill (end SOC 0.168)"
4.0,0.3,1.6,0.34,0.6,0.5,0.18,1.1644943732591284,2,mixed,20+20,2,40,22x12E,9.205567386633854,1.0997393247910954,14.54890230740756,0.2985689715234622,10.96046179357141,13.152554152285692,13.370579185523185,69.44912984287777,71.37177042061128,7.629436786277587,0.013319040968215566,0.1683444192290558,-784.0592910247321,0.0,0.14456437739445724,880.4293071594138,1560.7182604176314,16.75,False,"SOC floor violated (min 0.013, unmet 0 Wh); did not refill (end SOC 0.168)"
4.0,0.45,1.3,0.28,0.6,0.0,0.27,0.5098574397874889,2,mixed,25+25+21+7,4,78,19x10E,10.401063486705478,1.531774339161748,10.44540281877021,0.2798751487862705,9.87165406815419,11.845984881785027,12.042351398712327,128.65105714656937,133.5299641858241,2.8826264432732094,0.004991191933603527,0.34857127422539896,-784.9555602121155,784.9555602121155,0.2437664828995807,1716.837148960857,3004.623749898672,16.416666666666668,False,"SOC floor violated (min 0.005, unmet 785 Wh); did not refill (end SOC 0.349)"
4.0,0.45,1.3,0.34,0.6,0.0,0.27,0.5098574397874889,2,mixed,25+25+21+7,4,78,19x10E,10.401063486705478,1.531774339161748,10.44540281877021,0.2798751487862705,9.87165406815419,11.845984881785027,12.042351398712327,128.65105714656937,133.5299641858241,2.8826264432732094,0.004991191933603527,0.34857127422539896,-784.9555602121155,784.9555602121155,0.2437664828995807,1716.837148960857,3004.623749898672,16.416666666666668,False,"SOC floor violated (min 0.005, unmet 785 Wh); did not refill (end SOC 0.349)"
4.0,0.4,1.6,0.28,0.6,0.5,0.24,1.2205686848003234,2,mixed,28+28+18,3,74,19x10E,10.311726875216038,1.4752909895680517,10.84531805124399,0.2823191398744593,10.015561567898267,12.01867388147792,12.21790300018293,127.54864787879227,132.6513860191577,2.9163068119320927,0.0046126856512737745,0.28677628378068626,-786.4829732203982,786.4829732203982,0.19707289897133978,1628.7942182449158,2978.1624006086518,16.75,False,"SOC floor violated (min 0.005, unmet 786 Wh); did not refill (end SOC 0.287)"
4.0,0.4,1.6,0.34,0.6,0.5,0.24,1.2205686848003234,2,mixed,28+28+18,3,74,19x10E,10.311726875216038,1.4752909895680517,10.84531805124399,0.2823191398744593,10.015561567898267,12.01867388147792,12.21790300018293,127.54864787879227,132.6513860191577,2.9163068119320927,0.0046126856512737745,0.28677628378068626,-786.4829732203982,786.4829732203982,0.19707289897133978,1628.7942182449158,2978.1624006086518,16.75,False,"SOC floor violated (min 0.005, unmet 786 Wh); did not refill (end SOC 0.287)"
4.0,0.45,1.3,0.28,0.4,0.5,0.18000000000000002,1.2687815315068947,2,mixed,26+26+24,3,76,19x10E,10.433352154666162,1.6025710135068616,9.983956944901708,0.2768118311463376,9.666110171940316,11.599332206328379,11.791610052937967,128.23915502547217,132.72562467835948,2.8670292916781137,0.0036646307795012434,0.3188885951733125,-786.5940487370356,786.5940487370356,0.2790423985744657,1672.8156836028854,2991.014370536938,16.583333333333332,False,"SOC floor violated (min 0.004, unmet 787 Wh); did not refill (end SOC 0.319)"
4.0,0.45,1.3,0.34,0.4,0.5,0.18000000000000002,1.2687815315068947,2,mixed,26+26+24,3,76,19x10E,10.433352154666162,1.6025710135068616,9.983956944901708,0.2768118311463376,9.666110171940316,11.599332206328379,11.791610052937967,128.23915502547217,132.72562467835948,2.8670292916781137,0.0036646307795012434,0.3188885951733125,-786.5940487370356,786.5940487370356,0.2790423985744657,1672.8156836028854,2991.014370536938,16.583333333333332,False,"SOC floor violated (min 0.004, unmet 787 Wh); did not refill (end SOC 0.319)"
5.0,0.36,1.6,0.34,0.4,0.5,0.144,1.463588302802556,2,mixed,26+26,2,52,19x10E,10.199732125654977,1.5761350734053523,15.861584721914548,0.3025070287364671,9.63709445488776,11.564513345865313,11.756214013082833,95.53850535685352,98.71104249927068,3.0770703894048053,0.005027866802911127,0.1652749781842985,-787.0243710739677,367.7750789086777,0.14060001571376662,1144.5580993072374,2194.338754275789,17.25,False,"SOC floor violated (min 0.005, unmet 368 Wh); did not refill (end SOC 0.165)"
4.0,0.45,1.3,0.28,0.6,0.5,0.27,1.2768340838119103,2,mixed,29+29+24,3,82,19x10E,10.61902524082027,1.669830135086144,9.581812942413203,0.27390158069338805,9.553326673908488,11.463992008690186,11.65402637082164,130.214834061687,134.589820950166,2.8030905601053853,0.0001362902783858689,0.4057640813013231,-787.3380460694646,787.3380460694646,0.2019951059118649,1804.880079676798,3039.426748106914,16.166666666666668,False,"SOC floor violated (min 0.000, unmet 787 Wh); did not refill (end SOC 0.406)"
4.0,0.45,1.3,0.34,0.6,0.5,0.27,1.2768340838119103,2,mixed,29+29+24,3,82,19x10E,10.61902524082027,1.669830135086144,9.581812942413203,0.27390158069338805,9.553326673908488,11.463992008690186,11.65402637082164,130.214834061687,134.589820950166,2.8030905601053853,0.0001362902783858689,0.4057640813013231,-787.3380460694646,787.3380460694646,0.2019951059118649,1804.880079676798,3039.426748106914,16.166666666666668,False,"SOC floor violated (min 0.000, unmet 787 Wh); did not refill (end SOC 0.406)"
5.0,0.36,1.3,0.34,0.6,0.0,0.216,0.4478819785745004,2,mixed,25+25,2,50,19x10E,9.848535111563688,1.504495004914728,16.61687138763013,0.3044909075562075,9.692568812392253,11.631082574870703,11.823886735614915,92.03217674266766,95.13497104292883,3.2061536906151296,0.009468512784865435,0.16212056313615897,-790.0715360104704,323.9145035648845,0.1168167310248324,1100.5366339492664,2109.716103350783,17.25,False,"SOC floor violated (min 0.009, unmet 324 Wh); did not refill (end SOC 0.162)"
5.5,0.3,1.6,0.34,0.6,0.0,0.18,0.3483344655398164,2,mixed,24+24,2,48,16x12E,9.663540748202658,1.361800135864778,22.213244956676757,0.3149874094779834,10.091597112344566,12.109916534813479,12.310658149288956,88.4769455751297,90.77520003918441,2.4021885170581823,0.00941248948252811,0.15959679733491774,-792.5094937744694,274.6555730135005,0.1785778718542552,1056.5151685912965,2018.9599114354805,17.25,False,"SOC floor violated (min 0.009, unmet 275 Wh); did not refill (end SOC 0.160)"
5.0,0.36,1.3,0.28,0.6,0.5,0.216,1.4956291289888761,3,mixed,28+28+14+7,4,77,16x12E,11.824014223907275,1.6553705945743977,15.10235839753309,0.3003128143040936,10.124726557257771,12.149671868709325,12.351072492674035,92.26610094622887,124.76328103463878,1.8374269350070973,0.1704295715948065,0.43304507024058064,-792.5376932213987,0.0,0.38932269537922554,1694.8264162818712,2392.277240186582,14.833333333333334,False,"SOC floor violated (min 0.170, unmet 0 Wh); did not refill (end SOC 0.433)"
5.5,0.3,1.3,0.34,0.6,0.0,0.18,0.3878193054161349,2,mixed,24+24,2,48,19x10E,9.52593040815743,1.366538316649936,22.13622525723082,0.31487897050260794,10.002101208680097,12.002521450416117,12.201482816236153,86.96223546046598,90.36638363049589,3.3472519777313745,0.006289949291826688,0.15918202903020087,-792.910159956826,245.96975208384308,0.246713939969009,1056.5151685912965,1990.6390092272334,17.083333333333336,False,"SOC floor violated (min 0.006, unmet 246 Wh); did not refill (end SOC 0.159)"
4.0,0.3,1.3,0.28,1.0,1.0,0.3,2.0,2,mixed,24+24,2,48,19x12E,9.211407231680779,1.2,13.333333333333334,0.2942307692307692,10.49592738870927,12.595112866451123,12.803897401343976,88.10517265975611,90.42438494972882,4.643987073932175,0.006651037066099427,0.1591589249341045,-792.932478513655,265.51831935304165,0.23704705343018753,1056.5151685912965,2010.1788267914594,17.25,False,"SOC floor violated (min 0.007, unmet 266 Wh); did not refill (end SOC 0.159)"
4.0,0.3,1.3,0.34,1.0,1.0,0.3,2.0,2,mixed,24+24,2,48,19x12E,9.211407231680779,1.2,13.333333333333334,0.2942307692307692,10.49592738870927,12.595112866451123,12.803897401343976,88.10517265975611,90.42438494972882,4.643987073932175,0.006651037066099427,0.1591589249341045,-792.932478513655,265.51831935304165,0.23704705343018753,1056.5151685912965,2010.1788267914594,17.25,False,"SOC floor violated (min 0.007, unmet 266 Wh); did not refill (end SOC 0.159)"
4.0,0.36,1.6,0.28,0.6,0.0,0.216,0.36122152190996115,2,mixed,20+20,2,40,22x12E,9.428311990761573,1.2040158991550345,13.288861061742315,0.29405700436348403,10.601060449606988,12.721272539528385,12.932148376733887,70.6994180935982,72.47157876569133,7.391380363710494,0.009239145720506416,0.1563312195641662,-795.6640419010155,17.172650995390963,0.20591926789556322,880.4293071594136,1589.3388390070083,16.916666666666668,False,"SOC floor violated (min 0.009, unmet 17 Wh); did not refill (end SOC 0.156)"
4.0,0.36,1.6,0.34,0.6,0.0,0.216,0.36122152190996115,2,mixed,20+20,2,40,22x12E,9.428311990761573,1.2040158991550345,13.288861061742315,0.29405700436348403,10.601060449606988,12.721272539528385,12.932148376733887,70.6994180935982,72.47157876569133,7.391380363710494,0.009239145720506416,0.1563312195641662,-795.6640419010155,17.172650995390963,0.20591926789556322,880.4293071594136,1589.3388390070083,16.916666666666668,False,"SOC floor violated (min 0.009, unmet 17 Wh); did not refill (end SOC 0.156)"
4.5,0.3,1.6,0.28,1.0,1.0,0.3,2.25,2,mixed,28+28,2,56,16x12E,9.717664568913055,1.3499999999999999,15.000000000000002,0.29999999999999993,10.163949933401966,12.19673992008236,12.3989207737535,73.73686290114394,110.34274810538463,2.304354443215475,0.007203189995934322,0.15348533323143623,-798.4131680984326,46.04334595478022,0.12485328549212818,1232.6010300231785,1973.03669559826,15.166666666666666,False,"SOC floor violated (min 0.007, unmet 46 Wh); did not refill (end SOC 0.153)"
4.5,0.3,1.6,0.34,1.0,1.0,0.3,2.25,2,mixed,28+28,2,56,16x12E,9.717664568913055,1.3499999999999999,15.000000000000002,0.29999999999999993,10.163949933401966,12.19673992008236,12.3989207737535,73.73686290114394,110.34274810538463,2.304354443215475,0.007203189995934322,0.15348533323143623,-798.4131680984326,46.04334595478022,0.12485328549212818,1232.6010300231785,1973.03669559826,15.166666666666666,False,"SOC floor violated (min 0.007, unmet 46 Wh); did not refill (end SOC 0.153)"
4.5,0.3,1.3,0.34,0.6,0.5,0.18,1.3187108526089395,3,mixed,23+23,2,46,22x12E,10.598563234245592,1.2382453023130726,16.3537870583256,0.30382067342519403,11.083287587707101,13.29994510524852,13.520413383885087,75.88879172242663,78.10395884781587,6.593080916048202,0.2899853156400561,0.4284934435581774,-799.1330002842009,0.0,0.2460441694102305,1012.4937032333255,1718.129352039114,16.416666666666668,False,did not refill (end SOC 0.428)
4.5,0.36,1.6,0.34,0.4,0.0,0.144,0.34912303194307287,3,mixed,20+20+10,3,50,22x12E,10.899759363032134,1.2094105748997037,16.743693515065658,0.304806476071805,11.372868652479607,13.647442382975528,13.873670995661978,79.43867928517204,81.96827517474051,6.404471853847084,0.26254226179358386,0.42826498704140187,-799.4640337770086,0.0,0.13139181577916284,1100.5366339492666,1806.3434706457492,16.166666666666668,False,did not refill (end SOC 0.428)
4.5,0.45,1.3,0.28,1.0,1.0,0.45,2.25,2,mixed,29+29+27+9+7,5,101,19x10E,11.719663313139986,2.025,10.0,0.2769230769230769,9.113674283412516,11.141537345223224,11.117697955838361,135.22428815716893,137.95333088626785,2.4997391839010605,0.0044269698910657605,0.7358159023849309,-800.3041675746623,800.3041675746623,0.4516008293882265,2223.0840005775194,3149.262039651662,15.25,False,"SOC floor violated (min 0.004, unmet 800 Wh); did not refill (end SOC 0.736)"
4.5,0.45,1.3,0.34,1.0,1.0,0.45,2.25,2,mixed,29+29+27+9+7,5,101,19x10E,11.719663313139986,2.025,10.0,0.2769230769230769,9.113674283412516,11.141537345223224,11.117697955838361,135.22428815716893,137.95333088626785,2.4997391839010605,0.0044269698910657605,0.7358159023849309,-800.3041675746623,800.3041675746623,0.4516008293882265,2223.0840005775194,3149.262039651662,15.25,False,"SOC floor violated (min 0.004, unmet 800 Wh); did not refill (end SOC 0.736)"
6.0,0.3,1.6,0.34,0.4,0.0,0.12,0.3297497516853135,2,mixed,23+23,2,46,16x12E,9.563591479659323,1.3193549553033563,27.28606115836553,0.32078163547493554,10.199482360397448,12.239378832476937,12.442266495653246,84.3805675778528,86.63161754607098,2.4586256726795552,0.005051768130862128,0.1513789757821847,-800.4479093944095,212.0127528345796,0.23135087577378616,1012.4937032333256,1920.3282091539354,17.25,False,"SOC floor violated (min 0.005, unmet 212 Wh); did not refill (end SOC 0.151)"
4.0,0.4,1.3,0.28,0.6,0.0,0.24,0.4500270848225105,2,mixed,21+21+18,3,60,16x12E,9.709600882922265,1.3520043335716017,11.834281594151891,0.2876536586435365,10.152198405900718,12.18263808708086,12.384585179873827,86.13600810405504,119.98585788851302,2.2615711650241233,0.003861236056384533,0.14952155376851337,-802.2421790596161,211.0839005084727,0.14645134958641629,1320.64396073912,2229.3462760344746,15.666666666666668,False,"SOC floor violated (min 0.004, unmet 211 Wh); did not refill (end SOC 0.150)"
4.0,0.4,1.3,0.34,0.6,0.0,0.24,0.4500270848225105,2,mixed,21+21+18,3,60,16x12E,9.709600882922265,1.3520043335716017,11.834281594151891,0.2876536586435365,10.152198405900718,12.18263808708086,12.384585179873827,86.13600810405504,119.98585788851302,2.2615711650241233,0.003861236056384533,0.14952155376851337,-802.2421790596161,211.0839005084727,0.14645134958641629,1320.64396073912,2229.3462760344746,15.666666666666668,False,"SOC floor violated (min 0.004, unmet 211 Wh); did not refill (end SOC 0.150)"
4.0,0.45,1.3,0.28,0.4,0.0,0.18000000000000002,0.4710318751196979,3,mixed,21+21+21,3,63,22x12E,11.209885674635377,1.3871786062823184,11.534203257993212,0.28613169492047663,10.769185302720535,12.923022363264641,13.137242532796508,91.49553620798247,94.03580289059035,6.108001349529566,0.1654063449348112,0.42418350939428756,-805.3780948876772,0.0,0.34399697773542687,1386.676158776077,2097.061758013308,15.666666666666668,False,"SOC floor violated (min 0.165, unmet 0 Wh); did not refill (end SOC 0.424)"
4.0,0.45,1.3,0.34,0.4,0.0,0.18000000000000002,0.4710318751196979,3,mixed,21+21+21,3,63,22x12E,11.209885674635377,1.3871786062823184,11.534203257993212,0.28613169492047663,10.769185302720535,12.923022363264641,13.137242532796508,91.49553620798247,94.03580289059035,6.108001349529566,0.1654063449348112,0.42418350939428756,-805.3780948876772,0.0,0.34399697773542687,1386.676158776077,2097.061758013308,15.666666666666668,False,"SOC floor violated (min 0.165, unmet 0 Wh); did not refill (end SOC 0.424)"
4.5,0.4,1.3,0.28,0.6,0.0,0.24,0.47579028497746806,3,mixed,24+24+21+7,4,76,19x12E,11.598319765607009,1.516126445596395,13.356405766033786,0.2943204633984138,10.4779971678237,12.57359660138844,12.782024469100824,103.23392909855616,106.0678759018926,3.611889163890156,0.06952658444080759,0.4240665067496947,-805.5476317196924,0.0,0.12687200840654117,1672.8156836028852,2382.1751706609193,15.333333333333332,False,"SOC floor violated (min 0.070, unmet 0 Wh); did not refill (end SOC 0.424)"
5.0,0.3,1.3,0.34,0.6,0.5,0.18,1.4540034507457689,2,mixed,26+26+12,3,64,16x12E,9.737700322112415,1.3744804140894922,18.18869133654476,0.30809131160982944,10.083408783341643,12.10009054000997,12.300669272598114,124.89720148459408,97.34580343983492,2.351715410630108,0.008836721222281506,0.3589483667100157,-805.7933498492717,805.7933498492717,2.364579152946071,1408.6868914550619,2705.336597850497,17.75,False,"SOC floor violated (min 0.009, unmet 806 Wh); did not refill (end SOC 0.359)"
4.5,0.3,1.3,0.28,1.0,1.0,0.3,2.25,2,mixed,28+28,2,56,19x10E,9.571786445656867,1.3499999999999999,15.000000000000002,0.29999999999999993,10.087372658802291,12.104847190562749,12.305504772390579,106.56184509576897,110.8503042192486,3.2385737519410402,0.0028141224168700546,0.14570993134112237,-805.9242063244758,532.072361404025,0.31395290867552816,1232.6010300231783,2465.001895007452,17.583333333333332,False,"SOC floor violated (min 0.003, unmet 532 Wh); did not refill (end SOC 0.146)"
4.5,0.3,1.3,0.34,1.0,1.0,0.3,2.25,2,mixed,28+28,2,56,19x10E,9.571786445656867,1.3499999999999999,15.000000000000002,0.29999999999999993,10.087372658802291,12.104847190562749,12.305504772390579,106.56184509576897,110.8503042192486,3.2385737519410402,0.0028141224168700546,0.14570993134112237,-805.9242063244758,532.072361404025,0.31395290867552816,1232.6010300231783,2465.001895007452,17.583333333333332,False,"SOC floor violated (min 0.003, unmet 532 Wh); did not refill (end SOC 0.146)"
5.0,0.4,1.6,0.34,0.4,0.0,0.16000000000000003,0.41037840318928526,2,mixed,25+25,2,50,19x10E,10.038417184402032,1.4984908167654285,16.68345225762799,0.3046571773818805,9.80514513854682,11.766174166256183,11.96121769042448,94.23947156971917,97.56799971392049,3.139044302833609,0.005919312525183776,0.1425009639953386,-809.0240687805028,359.1029875451797,0.2451136374923782,1100.5366339492664,2163.6601279559254,17.416666666666664,False,"SOC floor violated (min 0.006, unmet 359 Wh); did not refill (end SOC 0.143)"
5.0,0.3,1.6,0.34,0.4,0.0,0.12,0.30240916561737635,3,mixed,18+18+8,3,44,22x12E,10.622328043253273,1.1044336498111278,22.636036129717088,0.31556952969753804,11.748664141637331,14.098396969964798,14.332100890312296,74.3466104591904,77.06060467595006,6.613876903115414,0.3007039814539378,0.4215213692906682,-809.2355358978218,0.0,0.1321334310746754,968.4722378753552,1684.4474414615404,16.583333333333332,False,did not refill (end SOC 0.422)
4.0,0.45,1.6,0.28,0.6,0.0,0.27,0.4567166790459668,2,mixed,25+25+21,3,71,19x10E,10.396147664130652,1.5222090022282742,10.51104018999922,0.2802890335574304,9.90028110567043,11.880337326804517,12.07727329152731,128.13083451002348,133.01584042664183,2.887108584597949,0.0011430922028856632,0.23180898707443195,-809.9677713695045,809.9677713695045,0.13458341142247812,1562.7620202079602,2988.9279858305135,17.083333333333336,False,"SOC floor violated (min 0.001, unmet 810 Wh); did not refill (end SOC 0.232)"
4.0,0.45,1.6,0.34,0.6,0.0,0.27,0.4567166790459668,2,mixed,25+25+21,3,71,19x10E,10.396147664130652,1.5222090022282742,10.51104018999922,0.2802890335574304,9.90028110567043,11.880337326804517,12.07727329152731,128.13083451002348,133.01584042664183,2.887108584597949,0.0011430922028856632,0.23180898707443195,-809.9677713695045,809.9677713695045,0.13458341142247812,1562.7620202079602,2988.9279858305135,17.083333333333336,False,"SOC floor violated (min 0.001, unmet 810 Wh); did not refill (end SOC 0.232)"
5.0,0.3,1.3,0.34,0.4,0.5,0.12,1.447071179713179,2,mixed,24+24,2,48,16x12E,9.374775644738348,1.3104728123483722,19.077084060370474,0.3098638298118912,10.13245965462304,12.158951585547646,12.360506035951596,91.04191568261365,93.43117928700262,2.4672134449334155,0.007436084717122659,0.14003280185473038,-811.4083134083305,317.29956714199994,0.27432583171952274,1056.5151685912965,2080.3370845109002,17.583333333333332,False,"SOC floor violated (min 0.007, unmet 317 Wh); did not refill (end SOC 0.140)"
5.5,0.3,1.3,0.34,0.4,0.0,0.12,0.3529443121020869,4,mixed,21+21+10,3,52,22x12E,11.982834000648271,1.2185299761783757,24.8249945355237,0.31826631968059665,11.879826884962178,14.255792261954612,14.492105265934859,82.00407504599168,85.21530139592532,5.818573809597695,0.4302194969422639,0.5596462158703558,-812.1235109384726,0.0,0.13928955389406283,1144.5580993072374,1873.2524075116007,16.166666666666668,False,did not refill (end SOC 0.560)
4.5,0.4,1.3,0.28,0.4,0.5,0.16000000000000003,1.37674418394554,3,mixed,29+29+21+7,4,86,18x12E,11.822772866748451,1.5904186041469297,12.732496933322604,0.29178056054198526,10.3288601853208,12.394632222384958,12.600093463674156,115.47831478160164,118.61668564027043,2.8675533040832653,0.009301507725389055,0.4185123931400004,-813.5955423401394,69.88465137127938,0.26085650392298376,1892.9230103927396,2678.678768866909,15.333333333333332,False,"SOC floor violated (min 0.009, unmet 70 Wh); did not refill (end SOC 0.419)"
4.5,0.4,1.3,0.34,0.4,0.5,0.16000000000000003,1.37674418394554,3,mixed,29+29+21+7,4,86,18x12E,11.822772866748451,1.5904186041469297,12.732496933322604,0.29178056054198526,10.3288601853208,12.394632222384958,12.600093463674156,115.47831478160164,118.61668564027043,2.8675533040832653,0.009301507725389055,0.4185123931400004,-813.5955423401394,69.88465137127938,0.26085650392298376,1892.9230103927396,2678.678768866909,15.333333333333332,False,"SOC floor violated (min 0.009, unmet 70 Wh); did not refill (end SOC 0.419)"
5.5,0.36,1.6,0.34,0.4,0.0,0.144,0.3835149184829639,3,mixed,26+26,2,52,19x12E,11.25466322101407,1.4688392223923201,20.594493623836772,0.3125376910323436,10.486427792696393,12.583713351235671,12.792308920574381,82.01786898299268,84.20520617781477,3.8314582032736233,0.23982081493561744,0.41754388579500795,-814.9989094830333,0.0,0.27133856941081425,1144.5580993072374,1865.5629969512584,16.166666666666668,False,did not refill (end SOC 0.418)
5.0,0.4,1.3,0.34,0.4,0.0,0.16000000000000003,0.4587942593310043,2,mixed,24+24,2,48,19x10E,9.86167128198301,1.5101106222394411,16.5550785696255,0.30433539815336935,9.680980138296103,11.617176165955323,11.80974980529427,91.59014657360007,94.66438409143954,3.203555406983345,0.008183159445340699,0.13306711942551783,-818.1371626349497,327.94805590676293,0.09994329223409673,1056.5151685912965,2097.889875172528,17.583333333333332,False,"SOC floor violated (min 0.008, unmet 328 Wh); did not refill (end SOC 0.133)"
4.5,0.36,1.3,0.28,0.6,0.0,0.216,0.4259422355063571,3,mixed,23+23,2,46,22x12E,10.858279543612953,1.3573356819129154,14.918932928559974,0.29974920745596867,10.714830996393921,12.857797195672704,13.070936151687599,76.84272254498907,78.8885486812431,6.391783226823866,0.27910687802362805,0.41374055908903634,-820.5099298799862,0.0,0.1320840320208513,1012.4937032333255,1739.5690371016417,16.5,False,did not refill (end SOC 0.414)
4.5,0.36,1.3,0.34,0.6,0.0,0.216,0.4259422355063571,3,mixed,23+23,2,46,22x12E,10.858279543612953,1.3573356819129154,14.918932928559974,0.29974920745596867,10.714830996393921,12.857797195672704,13.070936151687599,76.84272254498907,78.8885486812431,6.391783226823866,0.27910687802362805,0.41374055908903634,-820.5099298799862,0.0,0.1320840320208513,1012.4937032333255,1739.5690371016417,16.5,False,did not refill (end SOC 0.414)
4.0,0.45,1.3,0.28,0.4,0.5,0.18000000000000002,1.2687815315068947,2,mixed,26+26+24+8,4,84,19x10E,10.60535215466616,1.6025710135068616,9.983956944901708,0.2768118311463376,9.74546025584481,11.69455230701377,11.888408582069763,132.34191361307444,137.13399153623965,2.8075631455982255,0.008331071114934786,0.4295381387642983,-820.7575739022027,820.7575739022027,0.26846414695269516,1848.9015450347686,3093.7438704452748,16.166666666666668,False,"SOC floor violated (min 0.008, unmet 821 Wh); did not refill (end SOC 0.430)"
4.0,0.45,1.3,0.34,0.4,0.5,0.18000000000000002,1.2687815315068947,2,mixed,26+26+24+8,4,84,19x10E,10.60535215466616,1.6025710135068616,9.983956944901708,0.2768118311463376,9.74546025584481,11.69455230701377,11.888408582069763,132.34191361307444,137.13399153623965,2.8075631455982255,0.008331071114934786,0.4295381387642983,-820.7575739022027,820.7575739022027,0.26846414695269516,1848.9015450347686,3093.7438704452748,16.166666666666668,False,"SOC floor violated (min 0.008, unmet 821 Wh); did not refill (end SOC 0.430)"
4.0,0.52,1.3,0.28,0.4,0.0,0.20800000000000002,0.5526617076998015,2,mixed,29+24+24+8,4,85,19x10E,10.690848927108334,1.6284304528023381,9.825411931142575,0.2756929130998988,9.706662686496932,11.647995223796318,11.841079739276305,132.63524228027086,137.37379607523903,2.782102682228526,0.00810336278822368,0.4454680136021992,-821.0841901607374,821.0841901607374,0.10070037097679099,1870.9122777137545,3100.7593656033073,16.083333333333332,False,"SOC floor violated (min 0.008, unmet 821 Wh); did not refill (end SOC 0.445)"
4.0,0.52,1.3,0.34,0.4,0.0,0.20800000000000002,0.5526617076998015,2,mixed,29+24+24+8,4,85,19x10E,10.690848927108334,1.6284304528023381,9.825411931142575,0.2756929130998988,9.706662686496932,11.647995223796318,11.841079739276305,132.63524228027086,137.37379607523903,2.782102682228526,0.00810336278822368,0.4454680136021992,-821.0841901607374,821.0841901607374,0.10070037097679099,1870.9122777137545,3100.7593656033073,16.083333333333332,False,"SOC floor violated (min 0.008, unmet 821 Wh); did not refill (end SOC 0.445)"
4.0,0.3,1.6,0.28,0.4,0.5,0.12,1.1589138994069248,2,mixed,19+19,2,38,22x12E,9.090598897692784,1.0486045018932464,15.258374316639054,0.300781535975773,11.154210554408634,13.38505266529036,13.606931740521416,69.57278183683448,71.57432605302914,7.741854314205443,0.009001387171596048,0.1298491384114234,-821.245732294565,9.389614765745993,0.18960314488326208,836.4078418014429,1563.2571875433443,17.25,False,"SOC floor violated (min 0.009, unmet 9 Wh); did not refill (end SOC 0.130)"
4.0,0.3,1.6,0.34,0.4,0.5,0.12,1.1589138994069248,2,mixed,19+19,2,38,22x12E,9.090598897692784,1.0486045018932464,15.258374316639054,0.300781535975773,11.154210554408634,13.38505266529036,13.606931740521416,69.57278183683448,71.57432605302914,7.741854314205443,0.009001387171596048,0.1298491384114234,-821.245732294565,9.389614765745993,0.18960314488326208,836.4078418014429,1563.2571875433443,17.25,False,"SOC floor violated (min 0.009, unmet 9 Wh); did not refill (end SOC 0.130)"
4.0,0.45,1.3,0.28,0.6,0.5,0.27,1.2768340838119103,2,mixed,29+29+24+8,4,90,19x10E,10.79102524082027,1.669830135086144,9.581812942413203,0.27390158069338805,9.630385148762493,11.556462178514991,11.748029384504461,134.23581118421606,138.90272478927548,2.74620406900943,0.004457599790377945,0.5200221806350176,-822.88730795715,822.88730795715,0.36883907223241624,1980.9659411086802,3139.7725961958263,15.833333333333332,False,"SOC floor violated (min 0.004, unmet 823 Wh); did not refill (end SOC 0.520)"
4.0,0.45,1.3,0.34,0.6,0.5,0.27,1.2768340838119103,2,mixed,29+29+24+8,4,90,19x10E,10.79102524082027,1.669830135086144,9.581812942413203,0.27390158069338805,9.630385148762493,11.556462178514991,11.748029384504461,134.23581118421606,138.90272478927548,2.74620406900943,0.004457599790377945,0.5200221806350176,-822.88730795715,822.88730795715,0.36883907223241624,1980.9659411086802,3139.7725961958263,15.833333333333332,False,"SOC floor violated (min 0.004, unmet 823 Wh); did not refill (end SOC 0.520)"
4.0,0.4,1.6,0.28,0.4,0.0,0.16000000000000003,0.37011659834047966,2,mixed,19+19,2,38,22x12E,9.436640855285376,1.208827983601715,13.23596096139985,0.29384878917107965,10.584611204856875,12.70153344582825,12.912082075366689,70.38545803229813,72.14361914184614,7.384743995360193,0.008709925447376796,0.12580398647569568,-825.153349064478,23.312574821778078,0.10202728647718591,836.4078418014429,1581.118580264602,17.25,False,"SOC floor violated (min 0.009, unmet 23 Wh); did not refill (end SOC 0.126)"
4.0,0.4,1.6,0.34,0.4,0.0,0.16000000000000003,0.37011659834047966,2,mixed,19+19,2,38,22x12E,9.436640855285376,1.208827983601715,13.23596096139985,0.29384878917107965,10.584611204856875,12.70153344582825,12.912082075366689,70.38545803229813,72.14361914184614,7.384743995360193,0.008709925447376796,0.12580398647569568,-825.153349064478,23.312574821778078,0.10202728647718591,836.4078418014429,1581.118580264602,17.25,False,"SOC floor violated (min 0.009, unmet 23 Wh); did not refill (end SOC 0.126)"
4.0,0.52,1.6,0.28,0.4,0.0,0.20800000000000002,0.49263346414198567,2,mixed,28+24+24,3,76,19x10E,10.641867270639045,1.6097016408122995,9.93973019243862,0.2765032943879294,9.740576798872105,11.688692158646527,11.882451292187053,131.11457317786653,135.8194598262439,2.8027672179889453,0.0,0.29270667421596414,-830.4319437084445,830.4319437084445,0.23915631253572417,1672.8156836028857,3060.8601844695136,16.75,False,"SOC floor violated (min 0.000, unmet 830 Wh); did not refill (end SOC 0.293)"
4.0,0.52,1.6,0.34,0.4,0.0,0.20800000000000002,0.49263346414198567,2,mixed,28+24+24,3,76,19x10E,10.641867270639045,1.6097016408122995,9.93973019243862,0.2765032943879294,9.740576798872105,11.688692158646527,11.882451292187053,131.11457317786653,135.8194598262439,2.8027672179889453,0.0,0.29270667421596414,-830.4319437084445,830.4319437084445,0.23915631253572417,1672.8156836028857,3060.8601844695136,16.75,False,"SOC floor violated (min 0.000, unmet 830 Wh); did not refill (end SOC 0.293)"
4.5,0.45,1.3,0.28,1.0,1.0,0.45,2.25,2,mixed,29+29+27+9+7+7,6,108,19x10E,11.883663313139985,2.025,10.0,0.2769230769230769,9.177219197728357,11.217791242402233,11.195215885712043,138.69911728008657,141.539416560187,2.4576022520193987,0.009649355874327224,0.8455011550321407,-837.6030755042345,837.6030755042345,0.11906511140219558,2377.1591293304164,3234.1048166362943,15.083333333333332,False,"SOC floor violated (min 0.010, unmet 838 Wh); did not refill (end SOC 0.846)"
4.5,0.45,1.3,0.34,1.0,1.0,0.45,2.25,2,mixed,29+29+27+9+7+7,6,108,19x10E,11.883663313139985,2.025,10.0,0.2769230769230769,9.177219197728357,11.217791242402233,11.195215885712043,138.69911728008657,141.539416560187,2.4576022520193987,0.009649355874327224,0.8455011550321407,-837.6030755042345,837.6030755042345,0.11906511140219558,2377.1591293304164,3234.1048166362943,15.083333333333332,False,"SOC floor violated (min 0.010, unmet 838 Wh); did not refill (end SOC 0.846)"
4.5,0.45,1.6,0.28,1.0,1.0,0.45,2.25,2,mixed,29+29+24+8+7,5,97,19x10E,11.836124120614665,2.025,10.0,0.2769230769230769,9.158844611839207,11.195741739335253,11.37792908130332,136.8306482344355,141.09060310954845,2.4787743275236385,0.007084981285625461,0.6347227680110221,-840.8693587151408,840.8693587151408,0.44458232817565124,2135.041069861578,3200.1451740649236,15.5,False,"SOC floor violated (min 0.007, unmet 841 Wh); did not refill (end SOC 0.635)"
4.5,0.45,1.6,0.34,1.0,1.0,0.45,2.25,2,mixed,29+29+24+8+7,5,97,19x10E,11.836124120614665,2.025,10.0,0.2769230769230769,9.158844611839207,11.195741739335253,11.37792908130332,136.8306482344355,141.09060310954845,2.4787743275236385,0.007084981285625461,0.6347227680110221,-840.8693587151408,840.8693587151408,0.44458232817565124,2135.041069861578,3200.1451740649236,15.5,False,"SOC floor violated (min 0.007, unmet 841 Wh); did not refill (end SOC 0.635)"
4.0,0.45,1.6,0.28,0.4,0.5,0.18000000000000002,1.2413056184350446,3,mixed,27+27+21,3,75,18x12E,11.844325373601487,1.595152516977462,10.030388837248761,0.277132823784629,10.32291870449707,12.387502445396484,12.592845499005412,83.8280631233606,137.34504904448104,2.785660819995792,0.22075101406795894,0.39786971558844786,-843.506782112339,0.0,0.18464583189507758,1650.8049509239008,2400.284881211294,14.5,False,did not refill (end SOC 0.398)
4.0,0.45,1.6,0.34,0.4,0.5,0.18000000000000002,1.2413056184350446,3,mixed,27+27+21,3,75,18x12E,11.844325373601487,1.595152516977462,10.030388837248761,0.277132823784629,10.32291870449707,12.387502445396484,12.592845499005412,83.8280631233606,137.34504904448104,2.785660819995792,0.22075101406795894,0.39786971558844786,-843.506782112339,0.0,0.18464583189507758,1650.8049509239008,2400.284881211294,14.5,False,did not refill (end SOC 0.398)
4.0,0.45,1.6,0.28,0.4,0.5,0.18000000000000002,1.2413056184350446,2,mixed,27+27+21,3,75,19x10E,10.58329704616623,1.595152516977462,10.030388837248761,0.277132823784629,9.757933081086216,11.70951969730346,11.903624081261158,131.21058509252742,135.94774391293672,2.8186991662450156,0.006994997237532389,0.28205746420784494,-844.6299855615871,844.6299855615871,0.3755096727599394,1650.8049509239008,3062.608917198565,16.916666666666668,False,"SOC floor violated (min 0.007, unmet 845 Wh); did not refill (end SOC 0.282)"
4.0,0.45,1.6,0.34,0.4,0.5,0.18000000000000002,1.2413056184350446,2,mixed,27+27+21,3,75,19x10E,10.58329704616623,1.595152516977462,10.030388837248761,0.277132823784629,9.757933081086216,11.70951969730346,11.903624081261158,131.21058509252742,135.94774391293672,2.8186991662450156,0.006994997237532389,0.28205746420784494,-844.6299855615871,844.6299855615871,0.3755096727599394,1650.8049509239008,3062.608917198565,16.916666666666668,False,"SOC floor violated (min 0.007, unmet 845 Wh); did not refill (end SOC 0.282)"
4.0,0.45,1.6,0.28,0.6,0.0,0.27,0.4567166790459668,2,mixed,25+25+21+7,4,78,19x10E,10.560147664130652,1.5222090022282742,10.51104018999922,0.2802890335574304,9.978064380917978,11.973677257101572,12.172160483380548,132.2424077287876,137.4774001592421,2.8278972891024434,0.0056204002066506855,0.3200371712170535,-845.3307406095433,845.3307406095433,0.16173948712755504,1716.8371489608571,3092.643979350106,16.583333333333332,False,"SOC floor violated (min 0.006, unmet 845 Wh); did not refill (end SOC 0.320)"
4.5,0.3,1.3,0.34,0.4,0.5,0.12,1.3122039256221436,3,mixed,22+22,2,44,22x12E,10.469613117190926,1.1811967066119857,17.143630596535328,0.3057710527654022,11.278533979903514,13.534240775884216,13.758592887332744,76.01454218276533,78.34788937264038,6.685574211655828,0.2815094488784027,0.39601191234012817,-846.1987390191542,0.0,0.18586383013924151,968.4722378753551,1721.265779512958,16.75,False,did not refill (end SOC 0.396)
4.0,0.45,1.6,0.28,0.6,0.5,0.27,1.2488417794068711,2,mixed,29+29+21,3,79,19x10E,10.754008347376834,1.6647915202932366,9.610813008695382,0.27411959767961963,9.628390735649356,11.554068882779227,11.745596415989079,132.7196807684659,137.2915294837403,2.761753081592722,0.0041987477947479646,0.33669529466897974,-846.3040161557059,846.3040161557059,0.40226799506673905,1738.8478816398417,3099.180216414815,16.583333333333332,False,"SOC floor violated (min 0.004, unmet 846 Wh); did not refill (end SOC 0.337)"
4.0,0.45,1.6,0.34,0.6,0.5,0.27,1.2488417794068711,2,mixed,29+29+21,3,79,19x10E,10.754008347376834,1.6647915202932366,9.610813008695382,0.27411959767961963,9.628390735649356,11.554068882779227,11.745596415989079,132.7196807684659,137.2915294837403,2.761753081592722,0.0041987477947479646,0.33669529466897974,-846.3040161557059,846.3040161557059,0.40226799506673905,1738.8478816398417,3099.180216414815,16.583333333333332,False,"SOC floor violated (min 0.004, unmet 846 Wh); did not refill (end SOC 0.337)"
4.5,0.4,1.6,0.28,0.6,0.0,0.24,0.426630507363234,2,mixed,26+26,2,52,19x10E,10.07943335533065,1.5082608811781175,13.426059279733174,0.2945893715836541,9.79328232039998,11.751938784479975,11.946746333981377,105.46916737800514,109.22572884856476,3.07419838062507,0.008689864389907632,0.10382536682536526,-846.3846956466972,547.9057706559933,0.28713516615992535,1144.5580993072376,2433.486339106273,18.083333333333332,False,"SOC floor violated (min 0.009, unmet 548 Wh); did not refill (end SOC 0.104)"
4.5,0.4,1.6,0.34,0.6,0.0,0.24,0.426630507363234,2,mixed,26+26,2,52,19x10E,10.07943335533065,1.5082608811781175,13.426059279733174,0.2945893715836541,9.79328232039998,11.751938784479975,11.946746333981377,105.46916737800514,109.22572884856476,3.07419838062507,0.008689864389907632,0.10382536682536526,-846.3846956466972,547.9057706559933,0.28713516615992535,1144.5580993072376,2433.486339106273,18.083333333333332,False,"SOC floor violated (min 0.009, unmet 548 Wh); did not refill (end SOC 0.104)"
4.5,0.3,1.3,0.34,0.6,0.0,0.18,0.3521334814483306,3,mixed,18+18+10,3,46,22x12E,10.4697409951879,1.1222560177737997,18.044011062796155,0.3077861190504683,11.570988097811806,13.885185717374167,14.115355313521638,77.75179278701016,80.36799325476692,6.685790292426537,0.26858670195513373,0.39583158391120116,-846.4600349126695,0.0,0.1632169952824647,1012.4937032333254,1765.4465136907663,16.583333333333332,False,did not refill (end SOC 0.396)
4.0,0.36,1.3,0.28,0.4,0.0,0.144,0.3695019793824801,2,mixed,17+17,2,34,22x12E,8.946797030793528,1.0878124275466157,14.708418101166028,0.2990850391926945,10.864387162947926,13.037264595537511,13.253378516366654,66.6853231192166,68.46987239727966,7.86036429642558,0.023895728899790417,0.10347539060775685,-846.7227726729069,0.0,0.17420009485617527,748.3649110855014,1491.6011878490872,17.75,False,"SOC floor violated (min 0.024, unmet 0 Wh); did not refill (end SOC 0.103)"
4.0,0.36,1.3,0.34,0.4,0.0,0.144,0.3695019793824801,2,mixed,17+17,2,34,22x12E,8.946797030793528,1.0878124275466157,14.708418101166028,0.2990850391926945,10.864387162947926,13.037264595537511,13.253378516366654,66.6853231192166,68.46987239727966,7.86036429642558,0.023895728899790417,0.10347539060775685,-846.7227726729069,0.0,0.17420009485617527,748.3649110855014,1491.6011878490872,17.75,False,"SOC floor violated (min 0.024, unmet 0 Wh); did not refill (end SOC 0.103)"
4.5,0.3,1.6,0.34,0.6,0.5,0.18,1.2993035492544234,3,mixed,23+23,2,46,22x12E,10.793883147406225,1.2359164259105309,16.38460301640648,0.3039002931312639,11.195480896264492,13.43457707551739,13.657277098608521,77.88367087474158,80.22177840817974,6.468128999330476,0.2670967468575737,0.3950467594358434,-847.597245577463,0.0,0.18758613638032645,1012.4937032333254,1766.5490652001185,16.583333333333332,False,did not refill (end SOC 0.395)
5.0,0.36,1.6,0.34,0.4,0.0,0.144,0.3667479449487575,2,mixed,23+23,2,46,16x12E,9.628488479010372,1.3392175561089317,18.66761668853638,0.3090678215231372,10.157853379150025,12.189424054980028,12.391483636256954,92.79974196039568,95.16272933471986,2.396431880196448,0.008967033300980542,0.10147153853337751,-848.6584937767573,364.8780092128058,0.27650648674979905,1012.4937032333258,2121.1748156809167,18.083333333333332,False,"SOC floor violated (min 0.009, unmet 365 Wh); did not refill (end SOC 0.101)"
4.0,0.4,1.3,0.28,0.6,0.0,0.24,0.4500270848225105,3,mixed,21+21+18,3,60,22x12E,11.092055354893972,1.3520043335716017,11.834281594151891,0.2876536586435365,10.850891516287781,13.021069819545337,13.236915285553227,90.58641404133137,93.14996273419156,6.1877676234202,0.16755148466358352,0.3942156404691387,-848.801536960218,0.0,0.1826665763488447,1320.643960739121,2074.795955592573,15.916666666666666,False,"SOC floor violated (min 0.168, unmet 0 Wh); did not refill (end SOC 0.394)"
4.0,0.4,1.3,0.34,0.6,0.0,0.24,0.4500270848225105,3,mixed,21+21+18,3,60,22x12E,11.092055354893972,1.3520043335716017,11.834281594151891,0.2876536586435365,10.850891516287781,13.021069819545337,13.236915285553227,90.58641404133137,93.14996273419156,6.1877676234202,0.16755148466358352,0.3942156404691387,-848.801536960218,0.0,0.1826665763488447,1320.643960739121,2074.795955592573,15.916666666666666,False,"SOC floor violated (min 0.168, unmet 0 Wh); did not refill (end SOC 0.394)"
4.5,0.36,1.6,0.28,0.4,0.5,0.144,1.3279157997136048,3,mixed,24+24,2,48,22x12E,11.199303855049136,1.4208298127381387,14.252234728222238,0.2975784679405764,10.635867850566393,12.763041420679672,12.974609645203701,79.83697305068875,81.9251070760527,6.168722993902323,0.25170977830423885,0.3941318832283641,-848.9229012021003,0.0,0.18585442024233362,1056.5151685912965,1811.7483584067645,16.5,False,did not refill (end SOC 0.394)
4.5,0.36,1.6,0.34,0.4,0.5,0.144,1.3279157997136048,3,mixed,24+24,2,48,22x12E,11.199303855049136,1.4208298127381387,14.252234728222238,0.2975784679405764,10.635867850566393,12.763041420679672,12.974609645203701,79.83697305068875,81.9251070760527,6.168722993902323,0.25170977830423885,0.3941318832283641,-848.9229012021003,0.0,0.18585442024233362,1056.5151685912965,1811.7483584067645,16.5,False,did not refill (end SOC 0.394)
5.0,0.36,1.3,0.34,0.4,0.0,0.144,0.4097021380205588,2,mixed,23+23,2,46,19x10E,9.50147471203798,1.3484956618124406,18.53917717940512,0.308810889365194,10.055859131308944,12.067030957570733,12.267061673668945,91.62832943426088,95.24061458040893,3.3336265533576133,0.007725354893501988,0.0997935695038215,-850.2794118593084,343.0873858744369,0.2635256124682866,1012.4937032333258,2101.0546410613197,17.916666666666668,False,"SOC floor violated (min 0.008, unmet 343 Wh); did not refill (end SOC 0.100)"
4.0,0.3,1.3,0.34,0.4,0.0,0.12,0.3039104742554,2,mixed,14+14+8,3,36,22x12E,8.662974033821005,0.894703885365972,17.883011644076316,0.30744069726781853,11.788058811978878,14.145670574374654,14.38015813180537,68.99907513405205,71.47068927750712,8.1526363604193,0.008686145158713816,0.09931237729482799,-850.7442435331961,12.392762363462907,0.16686363281685718,792.3863764434723,1551.8373273044197,17.583333333333332,False,"SOC floor violated (min 0.009, unmet 12 Wh); did not refill (end SOC 0.099)"
5.0,0.3,1.3,0.34,0.6,0.0,0.18,0.3704226647042824,2,mixed,21+21,2,42,17x12E,9.203145262877452,1.2444507197645138,20.089184411200087,0.3116921339142135,10.30214684986376,12.362576219836512,12.56750608060903,83.43987825380879,85.69034901487854,3.1234552769498456,0.003478969804364594,0.09501734653939711,-854.8932432429424,221.3904570598953,0.24420272926704809,924.4507725173845,1896.247441887915,17.916666666666668,False,"SOC floor violated (min 0.003, unmet 221 Wh); did not refill (end SOC 0.095)"
4.0,0.52,1.3,0.28,0.4,0.0,0.20800000000000002,0.5526617076998015,2,mixed,29+24+24+8+3,5,88,19x10E,10.822848927108334,1.6284304528023381,9.825411931142575,0.2756929130998988,9.766402970950473,11.719683565140567,11.913956431782113,135.84470555414495,140.82605310648802,2.7382599346327283,0.009380085806467472,0.47313358755083174,-861.5267261985693,861.5267261985693,0.22060699247161134,1936.94447575071,3180.12371371822,16.0,False,"SOC floor violated (min 0.009, unmet 862 Wh); did not refill (end SOC 0.473)"
4.0,0.52,1.3,0.34,0.4,0.0,0.20800000000000002,0.5526617076998015,2,mixed,29+24+24+8+3,5,88,19x10E,10.822848927108334,1.6284304528023381,9.825411931142575,0.2756929130998988,9.766402970950473,11.719683565140567,11.913956431782113,135.84470555414495,140.82605310648802,2.7382599346327283,0.009380085806467472,0.47313358755083174,-861.5267261985693,861.5267261985693,0.22060699247161134,1936.94447575071,3180.12371371822,16.0,False,"SOC floor violated (min 0.009, unmet 862 Wh); did not refill (end SOC 0.473)"
4.5,0.36,1.6,0.28,0.6,0.0,0.216,0.38213259298716656,3,mixed,23+23,2,46,22x12E,11.038466017041504,1.3510270933901518,14.988596527095828,0.29996488569606317,10.828561876982372,12.994274252378846,13.20967553816482,78.55027116355573,80.7145547905885,6.289827796264453,0.2594633080180716,0.3850363180564062,-862.1023751362673,0.0,0.12553988307013358,1012.4937032333254,1781.0779211902482,16.666666666666664,False,did not refill (end SOC 0.385)
4.5,0.36,1.6,0.34,0.6,0.0,0.216,0.38213259298716656,3,mixed,23+23,2,46,22x12E,11.038466017041504,1.3510270933901518,14.988596527095828,0.29996488569606317,10.828561876982372,12.994274252378846,13.20967553816482,78.55027116355573,80.7145547905885,6.289827796264453,0.2594633080180716,0.3850363180564062,-862.1023751362673,0.0,0.12553988307013358,1012.4937032333254,1781.0779211902482,16.666666666666664,False,did not refill (end SOC 0.385)
4.0,0.4,1.6,0.28,0.6,0.0,0.24,0.4034013545605723,3,mixed,22+22+18,3,62,22x12E,11.283593620534942,1.3445442167296915,11.899943342076533,0.2879764521607344,10.974496973302431,13.169396367962916,13.387700588390237,92.90336154100986,95.62589901948638,6.08212471445259,0.14737635918213732,0.3849724328606808,-862.1949447848737,0.0,0.2645299260217856,1364.6654260970909,2131.9147330584697,15.833333333333332,False,"SOC floor violated (min 0.147, unmet 0 Wh); did not refill (end SOC 0.385)"
4.0,0.4,1.6,0.34,0.6,0.0,0.24,0.4034013545605723,3,mixed,22+22+18,3,62,22x12E,11.283593620534942,1.3445442167296915,11.899943342076533,0.2879764521607344,10.974496973302431,13.169396367962916,13.387700588390237,92.90336154100986,95.62589901948638,6.08212471445259,0.14737635918213732,0.3849724328606808,-862.1949447848737,0.0,0.2645299260217856,1364.6654260970909,2131.9147330584697,15.833333333333332,False,"SOC floor violated (min 0.147, unmet 0 Wh); did not refill (end SOC 0.385)"
4.5,0.36,1.3,0.34,0.4,0.0,0.144,0.3901586067935855,2,mixed,20+20,2,40,18x12E,9.17864693230339,1.2182742590674143,16.621872989010964,0.30450344413444735,10.398369540768343,12.47804344892201,12.684887367311607,81.08379593042451,83.18592737985364,3.902039813241829,0.0072788754405077915,0.0852883414143008,-864.2914621937854,197.9976336427234,0.16781909686767565,880.4293071594136,1838.4487134059789,18.083333333333332,False,"SOC floor violated (min 0.007, unmet 198 Wh); did not refill (end SOC 0.085)"
4.0,0.52,1.6,0.28,0.4,0.0,0.20800000000000002,0.49263346414198567,2,mixed,28+24+24+7,4,83,19x10E,10.805867270639046,1.6097016408122995,9.93973019243862,0.2765032943879294,9.81534502331958,11.778414027983496,11.973660447819737,135.1162744809986,140.1314541776164,2.7474513707487502,0.00410423404991089,0.38460859739766934,-866.6862024821717,866.6862024821717,0.15392216098501166,1826.8908123557826,3161.2402985513577,16.333333333333336,False,"SOC floor violated (min 0.004, unmet 867 Wh); did not refill (end SOC 0.385)"
4.0,0.52,1.6,0.34,0.4,0.0,0.20800000000000002,0.49263346414198567,2,mixed,28+24+24+7,4,83,19x10E,10.805867270639046,1.6097016408122995,9.93973019243862,0.2765032943879294,9.81534502331958,11.778414027983496,11.973660447819737,135.1162744809986,140.1314541776164,2.7474513707487502,0.00410423404991089,0.38460859739766934,-866.6862024821717,866.6862024821717,0.15392216098501166,1826.8908123557826,3161.2402985513577,16.333333333333336,False,"SOC floor violated (min 0.004, unmet 867 Wh); did not refill (end SOC 0.385)"
6.0,0.3,1.3,0.34,0.4,0.0,0.12,0.3677616452701203,2,mixed,23+23,2,46,16x12E,9.380071845450244,1.3261970961486216,27.145286401656865,0.32065005584329564,10.075056617034148,12.090067940440978,12.290480532097188,115.06542194527731,84.61131346847368,2.504175300461544,0.005588105390898209,0.08268138699279312,-866.8097801649618,799.1577124005795,2.5594076369814225,1012.4937032333256,2570.5105402407767,21.666666666666668,False,"SOC floor violated (min 0.006, unmet 799 Wh); did not refill (end SOC 0.083)"
4.0,0.36,1.3,0.28,0.6,0.5,0.216,1.2202214234589919,2,mixed,21+21+12,3,54,16x12E,9.600893265724478,1.3277118849780947,12.050807242916243,0.2887047742076786,10.187141736205376,12.224570083446451,12.42721226745862,114.9761287452979,117.96215984669274,2.2999447482644277,0.00682470763974076,0.081202472677502,-868.238411393533,703.9563198252625,0.27222898798507816,1188.579564665208,2655.103753169469,18.75,False,"SOC floor violated (min 0.007, unmet 704 Wh); did not refill (end SOC 0.081)"
4.0,0.36,1.3,0.34,0.6,0.5,0.216,1.2202214234589919,2,mixed,21+21+12,3,54,16x12E,9.600893265724478,1.3277118849780947,12.050807242916243,0.2887047742076786,10.187141736205376,12.224570083446451,12.42721226745862,114.9761287452979,117.96215984669274,2.2999447482644277,0.00682470763974076,0.081202472677502,-868.238411393533,703.9563198252625,0.27222898798507816,1188.579564665208,2655.103753169469,18.75,False,"SOC floor violated (min 0.007, unmet 704 Wh); did not refill (end SOC 0.081)"
4.0,0.45,1.6,0.28,0.4,0.0,0.18000000000000002,0.4204953692446093,3,mixed,22+22+18,3,62,22x12E,11.360904645120177,1.3735337496960445,11.648785480182568,0.2867220973689211,10.895200807423054,13.074240968907665,13.290967833423613,93.20522702985953,95.8762578313646,6.030822965548012,0.1440326652687634,0.38027847964180317,-868.9964829990272,0.0,0.2228034573754165,1364.6654260970909,2138.7388669289157,15.833333333333332,False,"SOC floor violated (min 0.144, unmet 0 Wh); did not refill (end SOC 0.380)"
4.0,0.45,1.6,0.34,0.4,0.0,0.18000000000000002,0.4204953692446093,3,mixed,22+22+18,3,62,22x12E,11.360904645120177,1.3735337496960445,11.648785480182568,0.2867220973689211,10.895200807423054,13.074240968907665,13.290967833423613,93.20522702985953,95.8762578313646,6.030822965548012,0.1440326652687634,0.38027847964180317,-868.9964829990272,0.0,0.2228034573754165,1364.6654260970909,2138.7388669289157,15.833333333333332,False,"SOC floor violated (min 0.144, unmet 0 Wh); did not refill (end SOC 0.380)"
4.0,0.45,1.6,0.28,0.4,0.5,0.18000000000000002,1.2413056184350446,2,mixed,27+27+21+7,4,82,19x10E,10.74729704616623,1.595152516977462,10.030388837248761,0.277132823784629,9.83324746470594,11.799896957647126,11.995499492075236,135.25250797204973,140.30662961471515,2.762494157105632,0.0005879697689832441,0.3622606761310443,-870.3117286875312,870.3117286875312,0.26218608169122365,1804.8800796767982,3164.3872804527355,16.416666666666668,False,"SOC floor violated (min 0.001, unmet 870 Wh); did not refill (end SOC 0.362)"
4.0,0.36,1.3,0.28,1.0,1.0,0.36,2.0,2,mixed,22+22+14+7,4,65,19x10E,10.077505135878809,1.44,11.11111111111111,0.2838461538461538,10.021753520261843,12.026104224314212,12.225456513068561,129.30979377176885,134.50371272379786,2.976847053337138,0.0016502750425046557,0.1323944064984455,-871.7865610492743,871.7865610492743,0.11326119671793813,1430.6976241340474,3015.031390813944,17.916666666666668,False,"SOC floor violated (min 0.002, unmet 872 Wh); did not refill (end SOC 0.132)"
4.0,0.3,1.6,0.34,0.4,0.0,0.12,0.27217613832466364,2,mixed,14+14+8,3,36,22x12E,8.867193245802339,0.8889917048984394,17.997918216602347,0.3076878589226637,11.964448415868695,14.357338099042433,14.59533439086547,72.00922733952918,74.76643750754586,7.937499751027792,0.006747471408001648,0.07752701303600043,-871.7889054072236,64.22373523431247,0.16785337623464375,792.3863764434723,1624.5349496428,18.083333333333332,False,"SOC floor violated (min 0.007, unmet 64 Wh); did not refill (end SOC 0.078)"
5.0,0.4,1.6,0.28,0.6,0.0,0.24,0.4486040083947966,3,mixed,28+28+18,3,74,16x12E,11.912114283572558,1.6717766413431674,14.954150800859422,0.29985849300895845,10.11238855684036,12.134866268208432,12.336021465201018,93.17884846821065,125.39345442965008,1.8205282759059185,0.15394872871617057,0.378104241842353,-872.1469535704305,0.0,0.09915037192504528,1628.7942182449158,2406.2238168900117,15.0,False,"SOC floor violated (min 0.154, unmet 0 Wh); did not refill (end SOC 0.378)"
5.0,0.4,1.6,0.34,0.6,0.0,0.24,0.4486040083947966,3,mixed,28+28+18,3,74,16x12E,11.912114283572558,1.6717766413431674,14.954150800859422,0.29985849300895845,10.11238855684036,12.134866268208432,12.336021465201018,93.17884846821065,125.39345442965008,1.8205282759059185,0.15394872871617057,0.378104241842353,-872.1469535704305,0.0,0.09915037192504528,1628.7942182449158,2406.2238168900117,15.0,False,"SOC floor violated (min 0.154, unmet 0 Wh); did not refill (end SOC 0.378)"
4.0,0.36,1.6,0.28,0.4,0.0,0.144,0.33049322809804865,2,mixed,17+17,2,34,22x12E,9.13520049850111,1.0793865372691784,14.823234724123584,0.2994496209835451,11.020948997839575,13.22513879740749,13.444367039503279,68.77124731446284,70.69759360206095,7.69971362776565,0.008702114350193448,0.07507766149944407,-874.1549789915371,23.018821568136897,0.14438701080663088,748.3649110855014,1541.9074844154018,18.083333333333332,False,"SOC floor violated (min 0.009, unmet 23 Wh); did not refill (end SOC 0.075)"
4.0,0.36,1.6,0.34,0.4,0.0,0.144,0.33049322809804865,2,mixed,17+17,2,34,22x12E,9.13520049850111,1.0793865372691784,14.823234724123584,0.2994496209835451,11.020948997839575,13.22513879740749,13.444367039503279,68.77124731446284,70.69759360206095,7.69971362776565,0.008702114350193448,0.07507766149944407,-874.1549789915371,23.018821568136897,0.14438701080663088,748.3649110855014,1541.9074844154018,18.083333333333332,False,"SOC floor violated (min 0.009, unmet 23 Wh); did not refill (end SOC 0.075)"
4.5,0.36,1.6,0.28,0.6,0.5,0.216,1.334833955011557,2,mixed,25+25,2,50,19x10E,10.013173370219302,1.4882160895216643,13.606894954689452,0.295274663606097,9.826555680689804,11.791866816827765,11.987336238576862,104.58193811231999,108.35165162067385,3.0995004375002884,0.0013549158416048899,0.07483683880390815,-874.3876137154248,541.0017196099574,0.1795713958560204,1100.5366339492664,2410.6999389916323,18.5,False,"SOC floor violated (min 0.001, unmet 541 Wh); did not refill (end SOC 0.075)"
4.5,0.36,1.6,0.34,0.6,0.5,0.216,1.334833955011557,2,mixed,25+25,2,50,19x10E,10.013173370219302,1.4882160895216643,13.606894954689452,0.295274663606097,9.826555680689804,11.791866816827765,11.987336238576862,104.58193811231999,108.35165162067385,3.0995004375002884,0.0013549158416048899,0.07483683880390815,-874.3876137154248,541.0017196099574,0.1795713958560204,1100.5366339492664,2410.6999389916323,18.5,False,"SOC floor violated (min 0.001, unmet 541 Wh); did not refill (end SOC 0.075)"
4.5,0.36,1.6,0.34,1.0,1.0,0.36,2.25,2,mixed,26+26,2,52,19x10E,10.294359617476012,1.6199999999999999,12.500000000000002,0.2907692307692308,9.54971937610962,11.459663251331543,11.64962585725078,111.27677565342748,114.91329296991975,2.973494472877156,0.008452029327137803,0.07340765334319484,-875.7682068704737,654.8980860940895,0.26109620724351734,1144.5580993072379,2569.734331593836,18.75,False,"SOC floor violated (min 0.008, unmet 655 Wh); did not refill (end SOC 0.073)"
4.5,0.45,1.6,0.28,0.4,0.0,0.18000000000000002,0.4437516691652656,2,mixed,25+25,2,50,19x10E,10.14166548515363,1.5373129506746217,13.172334228442985,0.2935961384384745,9.73020403432944,11.676244841195327,11.869797640150983,105.28876481780819,108.95048071072259,3.0536694799289084,0.002005180486924111,0.07244429545400478,-876.6988105914314,554.6859390155429,0.09528546247770464,1100.5366339492664,2426.7646500473575,18.583333333333336,False,"SOC floor violated (min 0.002, unmet 555 Wh); did not refill (end SOC 0.072)"
4.5,0.45,1.6,0.34,0.4,0.0,0.18000000000000002,0.4437516691652656,2,mixed,25+25,2,50,19x10E,10.14166548515363,1.5373129506746217,13.172334228442985,0.2935961384384745,9.73020403432944,11.676244841195327,11.869797640150983,105.28876481780819,108.95048071072259,3.0536694799289084,0.002005180486924111,0.07244429545400478,-876.6988105914314,554.6859390155429,0.09528546247770464,1100.5366339492664,2426.7646500473575,18.583333333333336,False,"SOC floor violated (min 0.002, unmet 555 Wh); did not refill (end SOC 0.072)"
4.0,0.3,1.6,0.34,0.6,0.0,0.18,0.298732218071772,2,mixed,17+17,2,34,22x12E,8.950951332202683,0.9958478661686126,16.06671113486219,0.30306427502155037,11.357599457989496,13.629119349587395,13.855044228115657,68.97937525021237,71.11324769590314,7.879856126739361,0.007674363969390065,0.07155716658225503,-877.5557770815417,25.949398881711225,0.2383380594899466,748.3649110855014,1548.1304179754277,18.083333333333332,False,"SOC floor violated (min 0.008, unmet 26 Wh); did not refill (end SOC 0.072)"
5.0,0.3,1.3,0.34,0.4,0.0,0.12,0.33743891939486287,3,mixed,18+18,2,36,22x12E,10.256056664831206,1.1107390054910753,22.507537663131856,0.31539491984793944,11.511519235541778,13.813823082650133,14.04280972675441,70.110674271405,72.4992178682574,6.874418019783482,0.31773117352386193,0.3739187648030729,-878.2117098003474,0.0,0.18416283956004875,792.3863764434724,1577.5845799940541,17.75,False,did not refill (end SOC 0.374)
4.0,0.4,1.3,0.28,0.4,0.0,0.16000000000000003,0.41415633173434313,3,mixed,19+19+18,3,56,22x12E,10.7904228831078,1.2193975196162425,13.121233840983514,0.2933914534781433,11.269250382959536,13.523100459551442,13.747267902089991,88.151562962495,90.89989743736386,6.409799153840937,0.18312691933779246,0.37337507263581116,-878.9995197507096,0.0,0.25598281582288723,1232.6010300231787,2017.1661311530145,16.166666666666668,False,"SOC floor violated (min 0.183, unmet 0 Wh); did not refill (end SOC 0.373)"
4.0,0.4,1.3,0.34,0.4,0.0,0.16000000000000003,0.41415633173434313,3,mixed,19+19+18,3,56,22x12E,10.7904228831078,1.2193975196162425,13.121233840983514,0.2933914534781433,11.269250382959536,13.523100459551442,13.747267902089991,88.151562962495,90.89989743736386,6.409799153840937,0.18312691933779246,0.37337507263581116,-878.9995197507096,0.0,0.25598281582288723,1232.6010300231787,2017.1661311530145,16.166666666666668,False,"SOC floor violated (min 0.183, unmet 0 Wh); did not refill (end SOC 0.373)"
4.0,0.36,1.3,0.28,0.6,0.0,0.216,0.4027487605843451,2,mixed,20+20,2,40,19x12E,9.184787232489711,1.2099958215241455,13.223186159309162,0.29379825772251295,10.437369635042879,12.524843562051455,12.732463268634158,84.01162119769864,86.17500338945894,4.676008892430587,0.008663909485822912,0.07003516146009087,-879.0260340295522,252.94950850640794,0.22804343453150366,880.4293071594136,1907.9972289501459,18.583333333333336,False,"SOC floor violated (min 0.009, unmet 253 Wh); did not refill (end SOC 0.070)"
4.0,0.36,1.3,0.34,0.6,0.0,0.216,0.4027487605843451,2,mixed,20+20,2,40,19x12E,9.184787232489711,1.2099958215241455,13.223186159309162,0.29379825772251295,10.437369635042879,12.524843562051455,12.732463268634158,84.01162119769864,86.17500338945894,4.676008892430587,0.008663909485822912,0.07003516146009087,-879.0260340295522,252.94950850640794,0.22804343453150366,880.4293071594136,1907.9972289501459,18.583333333333336,False,"SOC floor violated (min 0.009, unmet 253 Wh); did not refill (end SOC 0.070)"
4.5,0.36,1.3,0.34,0.6,0.5,0.216,1.3582788216710497,2,mixed,24+24,2,48,19x10E,9.818993499313377,1.491592150320631,13.576097189601784,0.29515924272408095,9.719790201643935,11.663748241972721,11.857093889417778,101.43014066663095,104.92450275894879,3.1717607262719887,0.002710366659288725,0.06849007855532055,-880.5185841155603,501.3469083135817,0.23043972900530818,1056.515168591296,2333.251170665853,18.583333333333336,False,"SOC floor violated (min 0.003, unmet 501 Wh); did not refill (end SOC 0.068)"
4.0,0.4,1.6,0.28,0.6,0.5,0.24,1.2205686848003234,2,mixed,28+28,2,56,19x10E,10.059726875216038,1.4752909895680517,10.84531805124399,0.2823191398744593,9.892423469175686,11.870908163010823,12.06768782396739,121.37746844545484,125.95148719029325,3.012454039276625,0.008968702074219433,0.06843286319215407,-880.5738541563792,808.865710391266,0.14227822878900534,1232.601030023178,2816.3105046438436,18.916666666666664,False,"SOC floor violated (min 0.009, unmet 809 Wh); did not refill (end SOC 0.068)"
4.0,0.4,1.6,0.34,0.6,0.5,0.24,1.2205686848003234,2,mixed,28+28,2,56,19x10E,10.059726875216038,1.4752909895680517,10.84531805124399,0.2823191398744593,9.892423469175686,11.870908163010823,12.06768782396739,121.37746844545484,125.95148719029325,3.012454039276625,0.008968702074219433,0.06843286319215407,-880.5738541563792,808.865710391266,0.14227822878900534,1232.601030023178,2816.3105046438436,18.916666666666664,False,"SOC floor violated (min 0.009, unmet 809 Wh); did not refill (end SOC 0.068)"
4.0,0.3,1.3,0.34,0.6,0.0,0.18,0.3327984198905627,2,mixed,16+16,2,32,22x12E,8.732083778948939,0.9999358103868674,16.001027099739257,0.30288739281979904,11.194928785271987,13.433914542326384,13.656603582849465,66.34614349263529,68.33543892104626,8.08879795389627,0.01402846278644018,0.066441218586314,-882.4977828456207,0.0,0.13900593060692756,704.3434457275308,1483.4143432985438,18.416666666666668,False,"SOC floor violated (min 0.014, unmet 0 Wh); did not refill (end SOC 0.066)"
4.5,0.4,1.3,0.34,0.6,0.0,0.24,0.47579028497746806,2,mixed,24+24,2,48,19x10E,9.880319765607009,1.516126445596395,13.356405766033786,0.2943204633984138,9.670885419904604,11.605062503885524,11.797435339521645,102.1026622303323,105.56026230312632,3.1467933773415364,0.003568761277902132,0.06622719825052771,-882.7045264899903,514.4339209919972,0.12447980497571957,1056.515168591296,2348.616293910141,18.75,False,"SOC floor violated (min 0.004, unmet 514 Wh); did not refill (end SOC 0.066)"
4.0,0.36,1.3,0.28,1.0,1.0,0.36,2.0,2,mixed,22+22+14,3,58,19x10E,9.91350513587881,1.44,11.11111111111111,0.2838461538461538,9.939872671487539,11.927847205785046,12.125570724227362,125.08176093944805,129.90882198167657,3.0420653067058248,0.0018532198464623981,0.06590711592569116,-883.0137260157823,852.895047489967,0.2375150288145633,1276.6224953811488,2906.499822844755,18.916666666666664,False,"SOC floor violated (min 0.002, unmet 853 Wh); did not refill (end SOC 0.066)"
4.0,0.36,1.3,0.34,1.0,1.0,0.36,2.0,2,mixed,22+22+14,3,58,19x10E,9.91350513587881,1.44,11.11111111111111,0.2838461538461538,9.939872671487539,11.927847205785046,12.125570724227362,125.08176093944805,129.90882198167657,3.0420653067058248,0.0018532198464623981,0.06590711592569116,-883.0137260157823,852.895047489967,0.2375150288145633,1276.6224953811488,2906.499822844755,18.916666666666664,False,"SOC floor violated (min 0.002, unmet 853 Wh); did not refill (end SOC 0.066)"
4.0,0.45,1.6,0.28,0.6,0.5,0.27,1.2488417794068711,2,mixed,29+29+21+7,4,86,19x10E,10.918008347376833,1.6647915202932366,9.610813008695382,0.27411959767961963,9.701530038672248,11.641836046406697,11.834818463477545,136.65767922678555,141.51627036591702,2.7083449288671777,0.009941184074409273,0.4325202369715223,-883.3897608576107,883.3897608576107,0.1817575010265481,1892.9230103927396,3197.438382771134,16.25,False,"SOC floor violated (min 0.010, unmet 883 Wh); did not refill (end SOC 0.433)"
4.0,0.45,1.6,0.34,0.6,0.5,0.27,1.2488417794068711,2,mixed,29+29+21+7,4,86,19x10E,10.918008347376833,1.6647915202932366,9.610813008695382,0.27411959767961963,9.701530038672248,11.641836046406697,11.834818463477545,136.65767922678555,141.51627036591702,2.7083449288671777,0.009941184074409273,0.4325202369715223,-883.3897608576107,883.3897608576107,0.1817575010265481,1892.9230103927396,3197.438382771134,16.25,False,"SOC floor violated (min 0.010, unmet 883 Wh); did not refill (end SOC 0.433)"
4.0,0.4,1.3,0.34,0.6,0.5,0.24,1.2453047623958522,2,mixed,27+27,2,54,19x10E,9.869039572727463,1.4792487619833365,10.81630109228392,0.2821478901064903,9.785100425490397,11.742120510588476,11.936765306189246,117.5397671141917,121.76428483054434,3.084407593106852,0.008994504341102312,0.0649164690690886,-883.9706908792604,755.0624800492841,0.09653628809801162,1188.579564665208,2722.0769993223707,19.0,False,"SOC floor violated (min 0.009, unmet 755 Wh); did not refill (end SOC 0.065)"
4.5,0.36,1.6,0.28,0.6,0.0,0.216,0.38213259298716656,2,mixed,23+23,2,46,16x12E,9.656011545069795,1.3510270933901518,14.988596527095828,0.29996488569606317,10.127804471753516,12.153365366104218,12.354827215811321,66.57281668109525,104.55972903083845,2.34213560072891,0.019925742385912368,0.06370036619146807,-885.1454462590418,0.0,0.11373862472928309,1012.4937032333258,1794.3052032608084,15.666666666666668,False,"SOC floor violated (min 0.020, unmet 0 Wh); did not refill (end SOC 0.064)"
4.5,0.36,1.6,0.34,0.6,0.0,0.216,0.38213259298716656,2,mixed,23+23,2,46,16x12E,9.656011545069795,1.3510270933901518,14.988596527095828,0.29996488569606317,10.127804471753516,12.153365366104218,12.354827215811321,66.57281668109525,104.55972903083845,2.34213560072891,0.019925742385912368,0.06370036619146807,-885.1454462590418,0.0,0.11373862472928309,1012.4937032333258,1794.3052032608084,15.666666666666668,False,"SOC floor violated (min 0.020, unmet 0 Wh); did not refill (end SOC 0.064)"
6.0,0.3,1.3,0.34,0.6,0.0,0.18,0.4044425740935926,3,mixed,25+25,2,50,18x12E,11.04581209313871,1.488533108891231,24.18488361795019,0.3175282094443994,10.319722644691263,12.383667173629515,12.588946651354641,83.32617842096839,85.61342675843792,3.222572054514316,0.21855556169037338,0.36554706727119646,-890.3422995240363,0.0,0.15481924345384118,1100.5366339492666,1896.982644634249,16.5,False,did not refill (end SOC 0.366)
4.0,0.52,1.3,0.28,0.6,0.0,0.312,0.5950012625750547,2,mixed,29+26+26+9,4,90,19x10E,11.0637069148659,1.7877602626156115,8.949745854956493,0.2687988347906706,9.424192329024802,11.309030794829761,11.496496422142776,138.9715143086662,143.37923639312461,2.6494884312516693,0.0,0.4793571367373291,-892.9361774917322,892.9361774917322,0.27957152354005643,1980.9659411086802,3250.578120083645,16.0,False,"SOC floor violated (min 0.000, unmet 893 Wh); did not refill (end SOC 0.479)"
4.0,0.52,1.3,0.34,0.6,0.0,0.312,0.5950012625750547,2,mixed,29+26+26+9,4,90,19x10E,11.0637069148659,1.7877602626156115,8.949745854956493,0.2687988347906706,9.424192329024802,11.309030794829761,11.496496422142776,138.9715143086662,143.37923639312461,2.6494884312516693,0.0,0.4793571367373291,-892.9361774917322,892.9361774917322,0.27957152354005643,1980.9659411086802,3250.578120083645,16.0,False,"SOC floor violated (min 0.000, unmet 893 Wh); did not refill (end SOC 0.479)"
4.5,0.36,1.6,0.28,0.4,0.5,0.144,1.3279157997136048,2,mixed,24+24,2,48,19x10E,9.865117367047949,1.4208298127381387,14.252234728222238,0.2975784679405764,9.98225240406837,11.978702884882045,12.177269419136884,104.77758385354447,108.80399815932385,3.148687171915466,0.007223899904582009,0.05422517277254045,-894.2984831017259,568.7735813635799,0.16898479012094705,1056.5151685912963,2414.458549488478,19.083333333333332,False,"SOC floor violated (min 0.007, unmet 569 Wh); did not refill (end SOC 0.054)"
4.5,0.36,1.6,0.34,0.4,0.5,0.144,1.3279157997136048,2,mixed,24+24,2,48,19x10E,9.865117367047949,1.4208298127381387,14.252234728222238,0.2975784679405764,9.98225240406837,11.978702884882045,12.177269419136884,104.77758385354447,108.80399815932385,3.148687171915466,0.007223899904582009,0.05422517277254045,-894.2984831017259,568.7735813635799,0.16898479012094705,1056.5151685912963,2414.458549488478,19.083333333333332,False,"SOC floor violated (min 0.007, unmet 569 Wh); did not refill (end SOC 0.054)"
4.5,0.4,1.6,0.28,0.4,0.0,0.16000000000000003,0.3908048928230273,3,mixed,22+22,2,44,22x12E,11.043300379739005,1.3537931742775267,14.9579717084973,0.29987031882811876,10.8198622529274,12.98383470351288,13.1990629367524,78.09006819718444,80.23600206952929,6.28900630632368,0.25723789435898614,0.36277034468121544,-894.3657705569188,0.0,0.14030029014031578,968.4722378753551,1769.3620016615366,16.916666666666668,False,did not refill (end SOC 0.363)
4.5,0.4,1.6,0.34,0.4,0.0,0.16000000000000003,0.3908048928230273,3,mixed,22+22,2,44,22x12E,11.043300379739005,1.3537931742775267,14.9579717084973,0.29987031882811876,10.8198622529274,12.98383470351288,13.1990629367524,78.09006819718444,80.23600206952929,6.28900630632368,0.25723789435898614,0.36277034468121544,-894.3657705569188,0.0,0.14030029014031578,968.4722378753551,1769.3620016615366,16.916666666666668,False,did not refill (end SOC 0.363)
4.5,0.4,1.3,0.28,0.4,0.0,0.16000000000000003,0.4370924833503401,3,mixed,21+21,2,42,22x12E,10.85869761336096,1.3649021960040817,14.836227869868152,0.2994905232135357,10.68529588538375,12.8223550624605,13.034906507321123,76.35304289813642,78.36858893951016,6.39105134411379,0.26973724693135803,0.36225255219254693,-895.1160518729995,0.0,0.10601587156180987,924.4507725173843,1726.2459275046624,17.166666666666668,False,did not refill (end SOC 0.362)
4.5,0.4,1.3,0.34,0.4,0.0,0.16000000000000003,0.4370924833503401,3,mixed,21+21,2,42,22x12E,10.85869761336096,1.3649021960040817,14.836227869868152,0.2994905232135357,10.68529588538375,12.8223550624605,13.034906507321123,76.35304289813642,78.36858893951016,6.39105134411379,0.26973724693135803,0.36225255219254693,-895.1160518729995,0.0,0.10601587156180987,924.4507725173843,1726.2459275046624,17.166666666666668,False,did not refill (end SOC 0.362)
4.0,0.3,1.3,0.28,1.0,1.0,0.3,2.0,3,mixed,24+24+12,3,60,22x12E,10.749593719681965,1.2,13.333333333333334,0.2942307692307692,11.338454234433447,13.606145081320136,13.831689123887221,92.42611029296482,95.38137605086624,6.411601813980588,0.1470863461763909,0.36164484030471056,-895.9966263984744,0.0,0.20344614440588416,1320.643960739121,2121.8687730943752,16.0,False,"SOC floor violated (min 0.147, unmet 0 Wh); did not refill (end SOC 0.362)"
4.0,0.3,1.3,0.34,1.0,1.0,0.3,2.0,3,mixed,24+24+12,3,60,22x12E,10.749593719681965,1.2,13.333333333333334,0.2942307692307692,11.338454234433447,13.606145081320136,13.831689123887221,92.42611029296482,95.38137605086624,6.411601813980588,0.1470863461763909,0.36164484030471056,-895.9966263984744,0.0,0.20344614440588416,1320.643960739121,2121.8687730943752,16.0,False,"SOC floor violated (min 0.147, unmet 0 Wh); did not refill (end SOC 0.362)"
4.5,0.3,1.6,0.34,0.4,0.5,0.12,1.293317848355444,3,mixed,22+22,2,44,22x12E,10.665298500523425,1.17779721270398,17.193112516805986,0.30588727477935107,11.399864666878734,13.679837600254482,13.906603216494934,78.13125452403114,80.62998425943947,6.55486911015421,0.256667043653067,0.3603893972609378,-897.8157633689011,0.0,0.10380704193311747,968.4722378753551,1772.8494442025617,16.916666666666668,False,did not refill (end SOC 0.360)
4.5,0.36,1.3,0.28,0.6,0.0,0.216,0.4259422355063571,2,mixed,23+23,2,46,19x10E,9.524093055611766,1.3573356819129154,14.918932928559974,0.29974920745596867,10.034982772590428,12.041979327108514,12.241594771579566,100.65750301528406,104.58915162320034,3.2819947953986195,0.0021324099202229656,0.04577573136327107,-902.4606435030802,505.0970498681877,0.108834859335636,1012.4937032333258,2315.1106780224072,19.083333333333332,False,"SOC floor violated (min 0.002, unmet 505 Wh); did not refill (end SOC 0.046)"
4.5,0.36,1.3,0.34,0.6,0.0,0.216,0.4259422355063571,2,mixed,23+23,2,46,19x10E,9.524093055611766,1.3573356819129154,14.918932928559974,0.29974920745596867,10.034982772590428,12.041979327108514,12.241594771579566,100.65750301528406,104.58915162320034,3.2819947953986195,0.0021324099202229656,0.04577573136327107,-902.4606435030802,505.0970498681877,0.108834859335636,1012.4937032333258,2315.1106780224072,19.083333333333332,False,"SOC floor violated (min 0.002, unmet 505 Wh); did not refill (end SOC 0.046)"
4.5,0.36,1.3,0.34,0.4,0.5,0.144,1.3507978314067701,2,mixed,23+23,2,46,19x10E,9.670848652956233,1.4257723315838622,14.202828566258315,0.2974094929373038,9.86633031977713,11.839596383732557,12.035857000886772,101.38647669204744,105.08463835006296,3.2254028545381894,0.0020803187431905693,0.043398967999663064,-904.7565969123254,518.9548537641087,0.19959987017436254,1012.4937032333257,2331.1498886228774,19.166666666666668,False,"SOC floor violated (min 0.002, unmet 519 Wh); did not refill (end SOC 0.043)"
4.5,0.4,1.6,0.28,0.4,0.0,0.16000000000000003,0.3908048928230273,2,mixed,22+22,2,44,16x12E,9.660845907767296,1.3537931742775267,14.9579717084973,0.29987031882811876,10.11998495288214,12.143981943458568,12.34528824763356,65.89649456555634,103.99075789705816,2.3428194431235085,0.01545431527578114,0.04052444684087747,-907.5333843517124,0.0,0.2101207567138014,968.4722378753547,1772.6190201139489,15.833333333333332,False,"SOC floor violated (min 0.015, unmet 0 Wh); did not refill (end SOC 0.041)"
4.5,0.4,1.6,0.34,0.4,0.0,0.16000000000000003,0.3908048928230273,2,mixed,22+22,2,44,16x12E,9.660845907767296,1.3537931742775267,14.9579717084973,0.29987031882811876,10.11998495288214,12.143981943458568,12.34528824763356,65.89649456555634,103.99075789705816,2.3428194431235085,0.01545431527578114,0.04052444684087747,-907.5333843517124,0.0,0.2101207567138014,968.4722378753547,1772.6190201139489,15.833333333333332,False,"SOC floor violated (min 0.015, unmet 0 Wh); did not refill (end SOC 0.041)"
5.0,0.3,1.6,0.34,0.6,0.5,0.18,1.4335814312951325,2,mixed,26+26,2,52,16x12E,9.72271348634896,1.372029771755416,18.2211789530006,0.3081591755513884,10.084640607463944,12.101568728956734,12.302171964937182,124.299018471949,96.56319579375214,2.3591744396329974,0.007842218117777838,0.13034100300750961,-908.9584642557005,908.9584642557005,2.359108934229795,1144.558099307238,2766.1010639530823,20.5,False,"SOC floor violated (min 0.008, unmet 909 Wh); did not refill (end SOC 0.130)"
4.5,0.36,1.3,0.34,0.4,0.0,0.144,0.3901586067935855,3,mixed,20+20,2,40,22x12E,10.52980509286932,1.2182742590674143,16.621872989010964,0.30450344413444735,11.137458054970148,13.364949665964177,13.586495501198995,75.09946039012179,77.31168494225248,6.645117191914928,0.27598820237089333,0.3521515614434316,-909.7523874684675,0.0,0.10531548789498875,880.4293071594137,1696.950860997781,17.416666666666664,False,did not refill (end SOC 0.352)
4.0,0.4,1.3,0.34,0.4,0.5,0.16000000000000003,1.2378385233258826,2,mixed,26+26,2,52,19x10E,9.727230973808956,1.417081245598212,11.290813458790572,0.2848378307193081,9.925346752625506,11.910416103150608,12.10785067264147,117.12149564888344,121.57657734077873,3.1354845148074304,0.002194013236029699,0.03715529160501566,-910.7879883095549,761.5507997769631,0.13033806055352196,1144.558099307238,2711.335019994378,19.416666666666668,False,"SOC floor violated (min 0.002, unmet 762 Wh); did not refill (end SOC 0.037)"
4.0,0.4,1.6,0.28,0.4,0.5,0.16000000000000003,1.213620883668245,2,mixed,27+27,2,54,19x10E,9.917409474083987,1.4112690120803788,11.337314050716731,0.28508932159267586,10.04251915834025,12.051022990008299,12.250788347939617,121.21275002485477,126.07812495121138,3.06024929990611,0.0,0.03698136702584056,-910.955999453038,817.4343807474098,0.16443016204615782,1188.579564665208,2811.4056356756405,19.416666666666668,False,"SOC floor violated (min 0.000, unmet 817 Wh); did not refill (end SOC 0.037)"
4.0,0.4,1.6,0.34,0.4,0.5,0.16000000000000003,1.213620883668245,2,mixed,27+27,2,54,19x10E,9.917409474083987,1.4112690120803788,11.337314050716731,0.28508932159267586,10.04251915834025,12.051022990008299,12.250788347939617,121.21275002485477,126.07812495121138,3.06024929990611,0.0,0.03698136702584056,-910.955999453038,817.4343807474098,0.16443016204615782,1188.579564665208,2811.4056356756405,19.416666666666668,False,"SOC floor violated (min 0.000, unmet 817 Wh); did not refill (end SOC 0.037)"
4.0,0.36,1.6,0.28,0.4,0.5,0.144,1.1916324633003623,2,mixed,21+21,2,42,18x12E,9.498518995891393,1.2653926120728782,12.644296993160022,0.2914012812083851,10.379196874335792,12.45503624920295,12.661498785738848,95.32772256312417,97.82857848968398,3.6861436632931857,0.005444332453666417,0.0351216295435721,-912.7525058609093,446.4535025746829,0.1665876862456,924.4507725173847,2178.9107885239437,19.583333333333332,False,"SOC floor violated (min 0.005, unmet 446 Wh); did not refill (end SOC 0.035)"
4.0,0.36,1.6,0.34,0.4,0.5,0.144,1.1916324633003623,2,mixed,21+21,2,42,18x12E,9.498518995891393,1.2653926120728782,12.644296993160022,0.2914012812083851,10.379196874335792,12.45503624920295,12.661498785738848,95.32772256312417,97.82857848968398,3.6861436632931857,0.005444332453666417,0.0351216295435721,-912.7525058609093,446.4535025746829,0.1665876862456,924.4507725173847,2178.9107885239437,19.583333333333332,False,"SOC floor violated (min 0.005, unmet 446 Wh); did not refill (end SOC 0.035)"
4.0,0.4,1.3,0.28,1.0,1.0,0.4,2.0,2,mixed,29+29+24+8+4,5,94,19x10E,10.765787841241599,1.6,10.0,0.2769230769230769,9.826783013619725,11.79213961634367,11.987613560189605,141.1887024258121,146.5035686012474,2.734249988500144,5.022476023974591e-05,0.5269385703575178,-913.9611031078523,913.9611031078523,0.2387920542509126,2069.008871824622,3311.933598652224,15.833333333333332,False,"SOC floor violated (min 0.000, unmet 914 Wh); did not refill (end SOC 0.527)"
4.0,0.4,1.3,0.34,1.0,1.0,0.4,2.0,2,mixed,29+29+24+8+4,5,94,19x10E,10.765787841241599,1.6,10.0,0.2769230769230769,9.826783013619725,11.79213961634367,11.987613560189605,141.1887024258121,146.5035686012474,2.734249988500144,5.022476023974591e-05,0.5269385703575178,-913.9611031078523,913.9611031078523,0.2387920542509126,2069.008871824622,3311.933598652224,15.833333333333332,False,"SOC floor violated (min 0.000, unmet 914 Wh); did not refill (end SOC 0.527)"
4.0,0.36,1.6,0.28,1.0,1.0,0.36,2.0,2,mixed,24+24+12,3,60,19x10E,10.115530125581612,1.44,11.11111111111111,0.2838461538461538,10.040643030646635,12.048771636775962,12.248499674856122,129.57421598149557,134.8154345893176,2.9650375218285285,0.0,0.06431111493087928,-916.4191428963524,916.4191428963524,0.17453885946384182,1320.6439607391196,3016.424044812322,18.916666666666664,False,"SOC floor violated (min 0.000, unmet 916 Wh); did not refill (end SOC 0.064)"
4.0,0.36,1.6,0.34,1.0,1.0,0.36,2.0,2,mixed,24+24+12,3,60,19x10E,10.115530125581612,1.44,11.11111111111111,0.2838461538461538,10.040643030646635,12.048771636775962,12.248499674856122,129.57421598149557,134.8154345893176,2.9650375218285285,0.0,0.06431111493087928,-916.4191428963524,916.4191428963524,0.17453885946384182,1320.6439607391196,3016.424044812322,18.916666666666664,False,"SOC floor violated (min 0.000, unmet 916 Wh); did not refill (end SOC 0.064)"
4.0,0.45,1.6,0.34,0.4,0.5,0.18000000000000002,1.2413056184350446,2,mixed,27+27,2,54,19x10E,10.30729704616623,1.595152516977462,10.030388837248761,0.277132823784629,9.629854794889848,11.555825753867817,11.74738241008093,124.71619045635916,128.97408495315628,2.9153632022786815,0.005018685630148578,0.030824339999394768,-916.9036875605846,890.9542679886456,0.1967255467208441,1188.579564665208,2890.574973481212,19.916666666666668,False,"SOC floor violated (min 0.005, unmet 891 Wh); did not refill (end SOC 0.031)"
5.5,0.3,1.3,0.34,1.0,1.0,0.3,2.75,3,mixed,29+29+14+5+5,5,82,16x12E,11.930885516006713,1.65,18.333333333333336,0.3083916083916084,10.186918142122932,12.224301770547518,12.426939506835845,118.8715626331704,122.04834014291495,1.835961579229287,0.006492774609436417,0.3452652003355293,-919.730724713818,132.0950564745294,0.10604895566116448,1804.8800796767978,2759.3906491106377,15.666666666666668,False,"SOC floor violated (min 0.006, unmet 132 Wh); did not refill (end SOC 0.345)"
4.0,0.36,1.3,0.28,1.0,1.0,0.36,2.0,3,mixed,22+22+14+7,4,65,22x12E,11.411691623879996,1.44,11.11111111111111,0.2838461538461538,10.664542194092826,12.79745063291139,13.009589246240031,98.2926724651025,100.95752311215821,5.948258156429456,0.09621894203130563,0.3414849307806526,-925.2083352988343,0.0,0.1941335007570224,1430.697624134047,2260.5650152261624,15.916666666666666,False,"SOC floor violated (min 0.096, unmet 0 Wh); did not refill (end SOC 0.341)"
4.0,0.4,1.3,0.28,0.4,0.0,0.16000000000000003,0.41415633173434313,2,mixed,19+19,2,38,18x12E,9.187264722541869,1.2193975196162425,13.121233840983514,0.2933914534781433,10.398457252463308,12.478148702955968,12.684994366102817,90.73892773376754,93.11905166423493,3.840282582896437,0.00946153710826589,0.01976861829114616,-927.5835147307528,406.5767364944903,0.1546421685629416,836.4078418014429,2066.064699367063,20.5,False,"SOC floor violated (min 0.009, unmet 407 Wh); did not refill (end SOC 0.020)"
4.0,0.4,1.3,0.34,0.4,0.0,0.16000000000000003,0.41415633173434313,2,mixed,19+19,2,38,18x12E,9.187264722541869,1.2193975196162425,13.121233840983514,0.2933914534781433,10.398457252463308,12.478148702955968,12.684994366102817,90.73892773376754,93.11905166423493,3.840282582896437,0.00946153710826589,0.01976861829114616,-927.5835147307528,406.5767364944903,0.1546421685629416,836.4078418014429,2066.064699367063,20.5,False,"SOC floor violated (min 0.009, unmet 407 Wh); did not refill (end SOC 0.020)"
5.0,0.3,1.6,0.34,0.4,0.0,0.12,0.30240916561737635,3,mixed,18+18,2,36,22x12E,10.450328043253274,1.1044336498111278,22.636036129717088,0.31556952969753804,11.65315695321267,13.983788343855204,14.215592439330095,72.27380340424456,74.83258897346622,6.735574120177596,0.2909212668610571,0.3378801071196008,-930.4317247836984,0.0,0.1568281319145844,792.3863764434723,1629.7107629864336,18.083333333333332,False,did not refill (end SOC 0.338)
4.0,0.3,1.3,0.34,0.4,0.0,0.12,0.3039104742554,2,mixed,14+14,2,28,22x12E,8.490974033821004,0.894703885365972,17.883011644076316,0.30744069726781853,11.670448433037445,14.004538119644932,14.236686176490663,66.66624102670416,68.95775855388572,8.337134296866918,0.00952424323675305,0.01598843153875752,-931.2351751335602,44.23552465815902,0.23078021769875906,616.3005150115893,1488.2010557799742,20.416666666666664,False,"SOC floor violated (min 0.010, unmet 44 Wh); did not refill (end SOC 0.016)"
4.5,0.4,1.3,0.28,0.4,0.0,0.16000000000000003,0.4370924833503401,2,mixed,21+21,2,42,19x10E,9.524511125359773,1.3649021960040817,14.836227869868152,0.2994905232135357,10.0073486296528,12.00881835558336,12.207884102875045,99.84009508459307,103.6915313128526,3.28532737743944,0.005572110632310553,0.014768488065967669,-932.4136405282752,537.947165078922,0.13369994419997983,924.4507725173847,2289.963261848171,20.416666666666664,False,"SOC floor violated (min 0.006, unmet 538 Wh); did not refill (end SOC 0.015)"
4.5,0.4,1.3,0.34,0.4,0.0,0.16000000000000003,0.4370924833503401,2,mixed,21+21,2,42,19x10E,9.524511125359773,1.3649021960040817,14.836227869868152,0.2994905232135357,10.0073486296528,12.00881835558336,12.207884102875045,99.84009508459307,103.6915313128526,3.28532737743944,0.005572110632310553,0.014768488065967669,-932.4136405282752,537.947165078922,0.13369994419997983,924.4507725173847,2289.963261848171,20.416666666666664,False,"SOC floor violated (min 0.006, unmet 538 Wh); did not refill (end SOC 0.015)"
4.0,0.52,1.3,0.28,0.6,0.0,0.312,0.5950012625750547,2,mixed,29+26+26+9+7,5,97,19x10E,11.2277069148659,1.7877602626156115,8.949745854956493,0.2687988347906706,9.493783924091563,11.392540708909875,11.581390649230245,142.9975088835757,147.52992608446675,2.599843153278949,0.0036010068551603665,0.5772653185418036,-934.2501909255773,934.2501909255773,0.20973011246853446,2135.041069861578,3349.3326551131595,15.75,False,"SOC floor violated (min 0.004, unmet 934 Wh); did not refill (end SOC 0.577)"
4.0,0.52,1.3,0.34,0.6,0.0,0.312,0.5950012625750547,2,mixed,29+26+26+9+7,5,97,19x10E,11.2277069148659,1.7877602626156115,8.949745854956493,0.2687988347906706,9.493783924091563,11.392540708909875,11.581390649230245,142.9975088835757,147.52992608446675,2.599843153278949,0.0036010068551603665,0.5772653185418036,-934.2501909255773,934.2501909255773,0.20973011246853446,2135.041069861578,3349.3326551131595,15.75,False,"SOC floor violated (min 0.004, unmet 934 Wh); did not refill (end SOC 0.577)"
4.0,0.52,1.6,0.28,0.6,0.0,0.312,0.5324707978642856,2,mixed,29+29+29+8,4,95,19x10E,11.236418185146722,1.7747539259557716,9.01533433226998,0.26936160897306755,9.532203896566424,11.438644675879708,11.628258864635372,142.58197846236243,147.2134127849426,2.601301471407165,0.0028024384280865965,0.5421221504465263,-934.6525311072711,934.6525311072711,0.3120577634573962,2091.0196045036078,3339.7908633977613,15.833333333333332,False,"SOC floor violated (min 0.003, unmet 935 Wh); did not refill (end SOC 0.542)"
4.0,0.52,1.6,0.34,0.6,0.0,0.312,0.5324707978642856,2,mixed,29+29+29+8,4,95,19x10E,11.236418185146722,1.7747539259557716,9.01533433226998,0.26936160897306755,9.532203896566424,11.438644675879708,11.628258864635372,142.58197846236243,147.2134127849426,2.601301471407165,0.0028024384280865965,0.5421221504465263,-934.6525311072711,934.6525311072711,0.3120577634573962,2091.0196045036078,3339.7908633977613,15.833333333333332,False,"SOC floor violated (min 0.003, unmet 935 Wh); did not refill (end SOC 0.542)"
6.0,0.3,1.6,0.34,0.6,0.5,0.18,1.700837857809784,3,mixed,29+29+12+3,4,73,16x12E,11.914415591787082,1.644100542937174,21.89647108545214,0.314536528020439,10.198132148484515,12.237758578181417,12.44061938300059,105.946950655301,108.9122517652251,1.887637870929112,0.033251047844834854,0.3332589503113059,-937.1277809989177,0.0,0.40691118003182797,1606.7834855659296,2447.4376583099183,15.666666666666668,False,"SOC floor violated (min 0.033, unmet 0 Wh); did not refill (end SOC 0.333)"
4.0,0.45,1.3,0.34,0.4,0.0,0.18000000000000002,0.4710318751196979,2,mixed,21+21,2,42,19x10E,9.59969918663419,1.3871786062823184,11.534203257993212,0.28613169492047663,9.96577482834804,11.958929794017648,12.15716855704699,114.21571086630018,118.61908012711923,3.1915036663914638,0.00957323268417155,0.00957323268417155,-937.4322572270903,864.3860474353477,0.0,924.4507725173844,2621.1770607912204,24.0,False,"SOC floor violated (min 0.010, unmet 864 Wh); did not refill (end SOC 0.010)"
4.0,0.3,1.6,0.34,0.4,0.0,0.12,0.27217613832466364,2,mixed,14+14,2,28,22x12E,8.69519324580234,0.8889917048984394,17.997918216602347,0.3076878589226637,11.847840915444502,14.217409098533402,14.45308583898766,69.53812537930717,72.08277087796355,8.117151849253059,0.009016444455222006,0.009016444455222006,-937.9701146562555,104.30718806896077,0.0,616.3005150115895,1555.276622850005,21.5,False,"SOC floor violated (min 0.009, unmet 104 Wh); did not refill (end SOC 0.009)"
4.0,0.36,1.3,0.28,0.4,0.5,0.144,1.2132812680256477,2,mixed,20+20,2,40,17x12E,9.2805156416743,1.2700687538935398,12.597743193783947,0.29119894814883723,10.240493516477681,12.288592219773216,12.492295675097326,101.5668938849598,104.18231389522161,2.992691086875266,0.008841377170241332,0.008841377170241332,-938.1392296535469,607.6500775714236,0.0,880.4293071594137,2321.964486589467,22.333333333333336,False,"SOC floor violated (min 0.009, unmet 608 Wh); did not refill (end SOC 0.009)"
4.0,0.36,1.3,0.34,0.4,0.5,0.144,1.2132812680256477,2,mixed,20+20,2,40,17x12E,9.2805156416743,1.2700687538935398,12.597743193783947,0.29119894814883723,10.240493516477681,12.288592219773216,12.492295675097326,101.5668938849598,104.18231389522161,2.992691086875266,0.008841377170241332,0.008841377170241332,-938.1392296535469,607.6500775714236,0.0,880.4293071594137,2321.964486589467,22.333333333333336,False,"SOC floor violated (min 0.009, unmet 608 Wh); did not refill (end SOC 0.009)"
4.0,0.4,1.3,0.28,0.6,0.0,0.24,0.4500270848225105,2,mixed,21+21,2,42,19x10E,9.505868866892786,1.3520043335716017,11.834281594151891,0.2876536586435365,10.045124340524707,12.054149208629648,12.253966388732605,113.81809378353266,118.35125723280213,3.2266128288123945,0.008813518842879458,0.008813518842879458,-938.1661407977783,854.0786750507483,0.0,924.4507725173844,2611.6342508047915,24.0,False,"SOC floor violated (min 0.009, unmet 854 Wh); did not refill (end SOC 0.009)"
4.0,0.4,1.3,0.34,0.6,0.0,0.24,0.4500270848225105,2,mixed,21+21,2,42,19x10E,9.505868866892786,1.3520043335716017,11.834281594151891,0.2876536586435365,10.045124340524707,12.054149208629648,12.253966388732605,113.81809378353266,118.35125723280213,3.2266128288123945,0.008813518842879458,0.008813518842879458,-938.1661407977783,854.0786750507483,0.0,924.4507725173844,2611.6342508047915,24.0,False,"SOC floor violated (min 0.009, unmet 854 Wh); did not refill (end SOC 0.009)"
4.0,0.36,1.6,0.28,0.6,0.5,0.216,1.1980636454752494,2,mixed,22+22,2,44,16x12E,9.598995476588023,1.3245211649484359,12.079837169399166,0.2888428342089619,10.19839647216811,12.238075766601732,12.440941829336216,114.35711245676343,117.32825622762802,2.3044332293685588,0.008212026952969008,0.008212026952969008,-938.747181963432,822.4193865482798,0.0,968.4722378753553,2624.57069896231,24.0,False,"SOC floor violated (min 0.008, unmet 822 Wh); did not refill (end SOC 0.008)"
4.0,0.36,1.6,0.34,0.6,0.5,0.216,1.1980636454752494,2,mixed,22+22,2,44,16x12E,9.598995476588023,1.3245211649484359,12.079837169399166,0.2888428342089619,10.19839647216811,12.238075766601732,12.440941829336216,114.35711245676343,117.32825622762802,2.3044332293685588,0.008212026952969008,0.008212026952969008,-938.747181963432,822.4193865482798,0.0,968.4722378753553,2624.57069896231,24.0,False,"SOC floor violated (min 0.008, unmet 822 Wh); did not refill (end SOC 0.008)"
4.0,0.4,1.6,0.34,1.0,1.0,0.4,2.0,2,mixed,29+29+21+4,4,83,19x10E,10.744985863988303,1.6,10.0,0.2769230769230769,9.817284621111,11.7807415453332,11.976026547565047,139.87362082362364,145.08029062846055,2.74445932445215,0.0,0.3432413697498471,-939.3155844385566,939.3155844385566,0.2830874452432444,1826.890812355783,3275.5830341528485,16.583333333333332,False,"SOC floor violated (min 0.000, unmet 939 Wh); did not refill (end SOC 0.343)"
4.0,0.45,1.6,0.34,0.6,0.0,0.27,0.4567166790459668,2,mixed,25+25,2,50,19x10E,10.120147664130652,1.5222090022282742,10.51104018999922,0.2802890335574304,9.767979308159727,11.721575169791672,11.915879392864992,121.55225419454062,125.90777415195264,2.9896424763339877,0.0014464601470948503,0.006289326544276389,-940.604510558229,875.2057785466218,0.13523694013257997,1100.5366339492666,2810.683620537673,20.916666666666668,False,"SOC floor violated (min 0.001, unmet 875 Wh); did not refill (end SOC 0.006)"
5.0,0.36,1.6,0.34,0.6,0.0,0.216,0.4019128346549774,3,mixed,27+27,2,54,19x12E,11.33129894450027,1.4978754481903167,16.690306280274616,0.3046742183578066,10.419585598202822,12.503502717843386,12.710768665132353,89.06426864847488,91.41107944814722,3.761930343711784,0.1664588262067715,0.3303958706225376,-941.276383467943,0.0,0.33486389150796936,1188.5795646652084,2035.3390961275866,16.416666666666668,False,"SOC floor violated (min 0.166, unmet 0 Wh); did not refill (end SOC 0.330)"
4.0,0.4,1.6,0.28,0.6,0.0,0.24,0.4034013545605723,2,mixed,22+22,2,44,16x12E,9.649139148563235,1.3445442167296915,11.899943342076533,0.2879764521607344,10.148577893641164,12.178293472369397,12.38016854608866,83.94035873959729,118.23869193151123,2.2832193702121724,0.004803204850176609,0.004803204850176609,-942.0401041147294,307.7813153785234,0.0,968.4722378753553,2114.649581065123,17.583333333333332,False,"SOC floor violated (min 0.005, unmet 308 Wh); did not refill (end SOC 0.005)"
4.0,0.4,1.6,0.34,0.6,0.0,0.24,0.4034013545605723,2,mixed,22+22,2,44,16x12E,9.649139148563235,1.3445442167296915,11.899943342076533,0.2879764521607344,10.148577893641164,12.178293472369397,12.38016854608866,83.94035873959729,118.23869193151123,2.2832193702121724,0.004803204850176609,0.004803204850176609,-942.0401041147294,307.7813153785234,0.0,968.4722378753553,2114.649581065123,17.583333333333332,False,"SOC floor violated (min 0.005, unmet 308 Wh); did not refill (end SOC 0.005)"
4.5,0.3,1.6,0.34,0.6,0.0,0.18,0.3161633617503496,3,mixed,18+18+8,3,44,22x12E,10.651179387418722,1.117939603410042,18.113679789347824,0.30793368877230626,11.693327897994259,14.03199347759311,14.264596651768894,79.98759933828106,82.76912998201571,6.56040969282919,0.23477935226493432,0.32857446376387983,-943.915602006138,0.0,0.23727472485029108,968.4722378753551,1818.7095101842704,17.166666666666668,False,did not refill (end SOC 0.329)
4.0,0.36,1.3,0.28,0.6,0.5,0.216,1.2202214234589919,3,mixed,21+21+12,3,54,22x12E,10.983347737696187,1.3277118849780947,12.050807242916243,0.2887047742076786,10.89591971956234,13.075103663474808,13.291844828560022,89.21931051950313,91.76231021711429,6.2623822045945134,0.1646478519534517,0.32683684607891117,-946.4334100316577,0.0,0.27632543001345766,1188.5795646652084,2040.5478668416324,16.416666666666668,False,"SOC floor violated (min 0.165, unmet 0 Wh); did not refill (end SOC 0.327)"
4.0,0.36,1.3,0.34,0.6,0.5,0.216,1.2202214234589919,3,mixed,21+21+12,3,54,22x12E,10.983347737696187,1.3277118849780947,12.050807242916243,0.2887047742076786,10.89591971956234,13.075103663474808,13.291844828560022,89.21931051950313,91.76231021711429,6.2623822045945134,0.1646478519534517,0.32683684607891117,-946.4334100316577,0.0,0.27632543001345766,1188.5795646652084,2040.5478668416324,16.416666666666668,False,"SOC floor violated (min 0.165, unmet 0 Wh); did not refill (end SOC 0.327)"
5.0,0.36,1.6,0.28,0.6,0.5,0.216,1.4709668198479715,3,mixed,28+28+12,3,68,16x12E,11.81394905189756,1.651819222058108,15.134828113242857,0.3004111600045448,10.131289798997019,12.157547758796422,12.359078938482718,90.9605517161067,123.73467952214067,1.843283168768751,0.16177822207351691,0.32601539259004764,-947.6236961370209,0.0,0.2612301520115577,1496.7298221710028,2349.8268594893498,15.25,False,"SOC floor violated (min 0.162, unmet 0 Wh); did not refill (end SOC 0.326)"
5.0,0.36,1.6,0.34,0.6,0.5,0.216,1.4709668198479715,3,mixed,28+28+12,3,68,16x12E,11.81394905189756,1.651819222058108,15.134828113242857,0.3004111600045448,10.131289798997019,12.157547758796422,12.359078938482718,90.9605517161067,123.73467952214067,1.843283168768751,0.16177822207351691,0.32601539259004764,-947.6236961370209,0.0,0.2612301520115577,1496.7298221710028,2349.8268594893498,15.25,False,"SOC floor violated (min 0.162, unmet 0 Wh); did not refill (end SOC 0.326)"
4.0,0.36,1.3,0.34,1.0,1.0,0.36,2.0,2,mixed,22+22,2,44,19x10E,9.693505135878809,1.44,11.11111111111111,0.2838461538461538,9.828961310888305,11.794753573065966,11.99027084750721,119.67257820739198,124.05211851805679,3.1320422378083883,0.00883999013559748,0.00883999013559748,-951.0030182553431,951.0030182553431,0.0,968.4722378753553,2752.1418769774036,24.0,False,"SOC floor violated (min 0.009, unmet 951 Wh); did not refill (end SOC 0.009)"
4.0,0.36,1.3,0.28,0.6,0.0,0.216,0.4027487605843451,3,mixed,20+20+12,3,52,22x12E,10.722973720490895,1.2099958215241455,13.223186159309162,0.29379825772251295,11.27753373236495,13.533040478837938,13.757372693405575,87.79661471471863,90.53704565168344,6.4527894623426985,0.17409473719973673,0.3194261111342914,-957.1715649664117,0.0,0.23679439057452592,1144.5580993072374,2007.443615935736,16.583333333333332,False,"SOC floor violated (min 0.174, unmet 0 Wh); did not refill (end SOC 0.319)"
4.0,0.36,1.3,0.34,0.6,0.0,0.216,0.4027487605843451,3,mixed,20+20+12,3,52,22x12E,10.722973720490895,1.2099958215241455,13.223186159309162,0.29379825772251295,11.27753373236495,13.533040478837938,13.757372693405575,87.79661471471863,90.53704565168344,6.4527894623426985,0.17409473719973673,0.3194261111342914,-957.1715649664117,0.0,0.23679439057452592,1144.5580993072374,2007.443615935736,16.583333333333332,False,"SOC floor violated (min 0.174, unmet 0 Wh); did not refill (end SOC 0.319)"
4.5,0.36,1.6,0.34,0.4,0.0,0.144,0.34912303194307287,3,mixed,20+20,2,40,22x12E,10.711759363032133,1.2094105748997037,16.743693515065658,0.304806476071805,11.274361926633398,13.529234311960078,13.75350343310491,77.10179103840073,79.47026194735406,6.527171209078651,0.2515011620097246,0.31841981604732933,-958.6296865474199,0.0,0.17567320773881906,880.4293071594138,1745.6406732540652,17.583333333333332,False,did not refill (end SOC 0.318)
4.0,0.4,1.3,0.28,1.0,1.0,0.4,2.0,2,mixed,29+29+24+8+4+4,6,98,19x10E,10.905787841241597,1.6,10.0,0.2769230769230769,9.890471146482467,11.86856537577896,12.065306201216726,144.92278170155956,150.54495293873865,2.687058475569154,0.0019373633082052331,0.5692894028567118,-959.6695247256415,959.6695247256415,0.08738396347344235,2157.0518025405627,3404.529673544162,15.75,False,"SOC floor violated (min 0.002, unmet 960 Wh); did not refill (end SOC 0.569)"
4.0,0.4,1.3,0.34,1.0,1.0,0.4,2.0,2,mixed,29+29+24+8+4+4,6,98,19x10E,10.905787841241597,1.6,10.0,0.2769230769230769,9.890471146482467,11.86856537577896,12.065306201216726,144.92278170155956,150.54495293873865,2.687058475569154,0.0019373633082052331,0.5692894028567118,-959.6695247256415,959.6695247256415,0.08738396347344235,2157.0518025405627,3404.529673544162,15.75,False,"SOC floor violated (min 0.002, unmet 960 Wh); did not refill (end SOC 0.569)"
5.0,0.36,1.3,0.34,0.6,0.0,0.216,0.4478819785745004,3,mixed,25+25+12,3,62,18x12E,11.313563438998946,1.504495004914728,16.61687138763013,0.3044909075562075,10.3884985235351,12.466198228242119,12.672845792782681,97.02608544728847,99.64274461662113,3.087356758575137,0.10167145673014577,0.3176541409150997,-959.7391498140205,0.0,0.12006190221446644,1364.6654260970909,2229.3412691588064,16.083333333333332,False,"SOC floor violated (min 0.102, unmet 0 Wh); did not refill (end SOC 0.318)"
4.0,0.36,1.6,0.28,0.6,0.5,0.216,1.1980636454752494,3,mixed,22+22+12,3,56,22x12E,11.18544994855973,1.3245211649484359,12.079837169399166,0.2888428342089619,11.008945644900333,13.210734773880398,13.429724245797264,91.60626339386639,94.30267350498211,6.1461003981129325,0.14416809602767497,0.316844197019194,-960.912758519188,0.0,0.12417191286639687,1232.6010300231787,2098.99809812876,16.416666666666668,False,"SOC floor violated (min 0.144, unmet 0 Wh); did not refill (end SOC 0.317)"
4.0,0.36,1.6,0.34,0.6,0.5,0.216,1.1980636454752494,3,mixed,22+22+12,3,56,22x12E,11.18544994855973,1.3245211649484359,12.079837169399166,0.2888428342089619,11.008945644900333,13.210734773880398,13.429724245797264,91.60626339386639,94.30267350498211,6.1461003981129325,0.14416809602767497,0.316844197019194,-960.912758519188,0.0,0.12417191286639687,1232.6010300231787,2098.99809812876,16.416666666666668,False,"SOC floor violated (min 0.144, unmet 0 Wh); did not refill (end SOC 0.317)"
5.5,0.3,1.3,0.34,0.4,0.0,0.12,0.3529443121020869,4,mixed,21+21,2,42,22x12E,11.79483400064827,1.2185299761783757,24.8249945355237,0.31826631968059665,11.786266509428698,14.143519811314437,14.377971716340133,79.70878769089933,82.72084214943376,5.925144926005081,0.42235349240441467,0.47738025672247897,-971.0613440121706,0.0,0.0966582082528203,924.4507725173844,1812.3382540238354,17.583333333333332,False,did not refill (end SOC 0.477)
4.5,0.45,1.6,0.28,0.4,0.0,0.18000000000000002,0.4437516691652656,3,mixed,25+25+18,3,68,19x12E,11.671665485153632,1.5373129506746217,13.172334228442985,0.2935961384384745,10.438394888722142,12.52607386646657,12.733713967351239,102.9050281384508,105.67405784110568,3.5867486799768598,0.053518431968438154,0.3097661982444587,-971.1687787437793,0.0,0.19834711355464188,1496.7298221710023,2372.103665419269,15.916666666666666,False,"SOC floor violated (min 0.054, unmet 0 Wh); did not refill (end SOC 0.310)"
4.5,0.45,1.6,0.34,0.4,0.0,0.18000000000000002,0.4437516691652656,3,mixed,25+25+18,3,68,19x12E,11.671665485153632,1.5373129506746217,13.172334228442985,0.2935961384384745,10.438394888722142,12.52607386646657,12.733713967351239,102.9050281384508,105.67405784110568,3.5867486799768598,0.053518431968438154,0.3097661982444587,-971.1687787437793,0.0,0.19834711355464188,1496.7298221710023,2372.103665419269,15.916666666666666,False,"SOC floor violated (min 0.054, unmet 0 Wh); did not refill (end SOC 0.310)"
4.0,0.36,1.6,0.28,1.0,1.0,0.36,2.0,2,mixed,24+24,2,48,19x10E,9.911530125581612,1.44,11.11111111111111,0.2838461538461538,9.938882490493658,11.926658988592388,12.124362810397088,124.32294424609417,129.10705338717005,3.045972891841963,0.00527548862989216,0.00527548862989216,-971.4220098501288,971.4220098501288,0.0,1056.515168591296,2863.750661906262,24.0,False,"SOC floor violated (min 0.005, unmet 971 Wh); did not refill (end SOC 0.005)"
4.0,0.36,1.6,0.34,1.0,1.0,0.36,2.0,2,mixed,24+24,2,48,19x10E,9.911530125581612,1.44,11.11111111111111,0.2838461538461538,9.938882490493658,11.926658988592388,12.124362810397088,124.32294424609417,129.10705338717005,3.045972891841963,0.00527548862989216,0.00527548862989216,-971.4220098501288,971.4220098501288,0.0,1056.515168591296,2863.750661906262,24.0,False,"SOC floor violated (min 0.005, unmet 971 Wh); did not refill (end SOC 0.005)"
5.0,0.3,1.3,0.34,0.6,0.0,0.18,0.3704226647042824,4,mixed,21+21+10,3,52,20x13E,11.998058374885042,1.2444507197645138,20.089184411200087,0.3116921339142135,11.762918363318436,14.115502035982123,14.349489500692474,88.88142481987573,91.56716199311634,4.799332450257781,0.3715932371023627,0.4769014038752384,-971.9864877130394,0.0,0.11486283417212324,1144.5580993072374,2032.8496016141119,16.666666666666664,False,did not refill (end SOC 0.477)
4.5,0.3,1.3,0.34,0.4,0.0,0.12,0.3211396626139514,3,mixed,17+17+8,3,42,22x12E,10.200130673339103,1.0028051392705113,20.193354827370374,0.3118699097685295,12.08211712561056,14.498540550732672,14.738877503454459,79.27265402496025,82.50292180241946,6.848571295043676,0.23434836223934216,0.3086042151542272,-972.8524922415247,0.0,0.11492844837255234,924.4507725173844,1803.809626133983,17.416666666666664,False,did not refill (end SOC 0.309)
4.5,0.45,1.3,0.28,0.4,0.0,0.18000000000000002,0.4968104820660935,3,mixed,24+24+21+7,4,76,18x12E,11.67688354330619,1.5516388301578454,13.050717477816667,0.29310636478092833,10.392417941714175,12.47090153005701,12.677627059494931,112.44885503361155,115.5535742396894,2.9226248382462985,0.0071591887359453085,0.3075412109462347,-974.3927853389058,53.983666057367536,0.1673982334543839,1672.8156836028852,2604.3864542568313,15.75,False,"SOC floor violated (min 0.007, unmet 54 Wh); did not refill (end SOC 0.308)"
4.5,0.45,1.3,0.34,0.4,0.0,0.18000000000000002,0.4968104820660935,3,mixed,24+24+21+7,4,76,18x12E,11.67688354330619,1.5516388301578454,13.050717477816667,0.29310636478092833,10.392417941714175,12.47090153005701,12.677627059494931,112.44885503361155,115.5535742396894,2.9226248382462985,0.0071591887359453085,0.3075412109462347,-974.3927853389058,53.983666057367536,0.1673982334543839,1672.8156836028852,2604.3864542568313,15.75,False,"SOC floor violated (min 0.007, unmet 54 Wh); did not refill (end SOC 0.308)"
5.5,0.36,1.3,0.34,0.4,0.0,0.144,0.4282951994852384,3,mixed,25+25,2,50,18x12E,11.05331706035853,1.4785117630888114,20.459762820421293,0.31231632328595216,10.358154178279383,12.429785013935259,12.635828970068843,87.04655606963176,89.34704090240405,3.206064242595046,0.17561659863990434,0.30422781617995004,-979.1938943552523,0.0,0.15865082563641525,1100.5366339492666,1985.604153639363,16.833333333333332,False,"SOC floor violated (min 0.176, unmet 0 Wh); did not refill (end SOC 0.304)"
4.0,0.52,1.6,0.28,0.6,0.0,0.312,0.5324707978642856,2,mixed,29+29+29+8+3,5,98,19x10E,11.368418185146721,1.7747539259557716,9.01533433226998,0.26936160897306755,9.588030277823584,11.505636333388301,11.696361018111956,145.9280280935587,150.67174799477098,2.562002737331353,0.00628140040749044,0.5721720717872321,-979.3304463216685,979.3304463216685,0.4979390449856851,2157.0518025405627,3421.013053438654,15.833333333333332,False,"SOC floor violated (min 0.006, unmet 979 Wh); did not refill (end SOC 0.572)"
4.0,0.52,1.6,0.34,0.6,0.0,0.312,0.5324707978642856,2,mixed,29+29+29+8+3,5,98,19x10E,11.368418185146721,1.7747539259557716,9.01533433226998,0.26936160897306755,9.588030277823584,11.505636333388301,11.696361018111956,145.9280280935587,150.67174799477098,2.562002737331353,0.00628140040749044,0.5721720717872321,-979.3304463216685,979.3304463216685,0.4979390449856851,2157.0518025405627,3421.013053438654,15.833333333333332,False,"SOC floor violated (min 0.006, unmet 979 Wh); did not refill (end SOC 0.572)"
4.0,0.4,1.6,0.28,1.0,1.0,0.4,2.0,2,mixed,29+29+21+7+4,5,90,19x10E,10.908985863988303,1.6,10.0,0.2769230769230769,9.891921185384,11.870305422460799,12.06707509200985,144.22501232111497,149.78725024449207,2.68907949237906,0.002865655651742873,0.4316958139172735,-982.2455014618935,982.2455014618935,0.39658918443646485,1980.9659411086802,3384.50763961294,16.25,False,"SOC floor violated (min 0.003, unmet 982 Wh); did not refill (end SOC 0.432)"
4.0,0.36,1.3,0.28,0.4,0.5,0.144,1.2132812680256477,3,mixed,20+20+12,3,52,22x12E,10.851763803313917,1.2700687538935398,12.597743193783947,0.29119894814883723,11.073502286033268,13.288202743239921,13.508476373077661,88.8924469146103,91.53077785479401,6.356602687664644,0.1614437894496791,0.30198274678775566,-982.446999904542,0.0,0.11789484569898434,1144.5580993072374,2032.7664861786632,16.666666666666664,False,"SOC floor violated (min 0.161, unmet 0 Wh); did not refill (end SOC 0.302)"
4.0,0.36,1.3,0.34,0.4,0.5,0.144,1.2132812680256477,3,mixed,20+20+12,3,52,22x12E,10.851763803313917,1.2700687538935398,12.597743193783947,0.29119894814883723,11.073502286033268,13.288202743239921,13.508476373077661,88.8924469146103,91.53077785479401,6.356602687664644,0.1614437894496791,0.30198274678775566,-982.446999904542,0.0,0.11789484569898434,1144.5580993072374,2032.7664861786632,16.666666666666664,False,"SOC floor violated (min 0.161, unmet 0 Wh); did not refill (end SOC 0.302)"
4.0,0.4,1.6,0.34,1.0,1.0,0.4,2.0,2,mixed,29+29+21+4+4,5,87,19x10E,10.884985863988303,1.6,10.0,0.2769230769230769,9.881033975983465,11.857240771180157,12.053793872829411,143.57827600067083,149.08684406598374,2.6971089469027856,0.0008630231082238544,0.3828671526411654,-983.8574878065704,983.8574878065704,0.25942869141787384,1914.9337430717253,3367.651931844709,16.416666666666668,False,"SOC floor violated (min 0.001, unmet 984 Wh); did not refill (end SOC 0.383)"
4.0,0.3,1.3,0.28,0.6,0.5,0.18,1.1828288891427603,3,mixed,20+20+10,3,50,22x12E,10.470212881597421,1.1019394666971312,14.519853842749795,0.2984737730756048,11.677431711781953,14.012918054138343,14.245205022063645,87.03457401279971,90.07662123714971,6.628815682216089,0.17563182852339027,0.3008083543406854,-984.1486945603468,0.0,0.09588183422478616,1100.5366339492666,1990.6311147483702,16.833333333333332,False,"SOC floor violated (min 0.176, unmet 0 Wh); did not refill (end SOC 0.301)"
4.0,0.3,1.3,0.34,0.6,0.5,0.18,1.1828288891427603,3,mixed,20+20+10,3,50,22x12E,10.470212881597421,1.1019394666971312,14.519853842749795,0.2984737730756048,11.677431711781953,14.012918054138343,14.245205022063645,87.03457401279971,90.07662123714971,6.628815682216089,0.17563182852339027,0.3008083543406854,-984.1486945603468,0.0,0.09588183422478616,1100.5366339492666,1990.6311147483702,16.833333333333332,False,"SOC floor violated (min 0.176, unmet 0 Wh); did not refill (end SOC 0.301)"
5.5,0.4,1.3,0.34,0.4,0.0,0.16000000000000003,0.4794418001213123,3,mixed,27+27+21,3,75,16x12E,11.705579586906154,1.655066032029115,18.277216385689112,0.3082756661455511,10.07481888521315,12.089782662255779,12.29019052496086,136.52312142486014,112.3698019816801,1.897759187617388,0.006695699473821558,0.29985389449246347,-985.5317068804204,454.8749696173521,2.039250240840886,1650.8049509239008,2991.507231334918,17.166666666666668,False,"SOC floor violated (min 0.007, unmet 455 Wh); did not refill (end SOC 0.300)"
4.5,0.4,1.6,0.34,0.4,0.5,0.16000000000000003,1.351156728492692,3,mixed,29+29+18+1,4,77,18x12E,11.915952943649831,1.5842776148382463,12.781850737736715,0.2919905088944189,10.389560971322497,12.467473165586997,12.67414186429312,116.32013964242915,119.51278285807965,2.8473303098071874,0.005700822396118181,0.2965651307006488,-990.2971256147598,109.42000689242793,0.2368945494365325,1694.8264162818707,2697.4905507448084,15.916666666666666,False,"SOC floor violated (min 0.006, unmet 109 Wh); did not refill (end SOC 0.297)"
4.0,0.4,1.6,0.28,0.4,0.0,0.16000000000000003,0.37011659834047966,3,mixed,19+19+15,3,53,22x12E,10.942640855285376,1.208827983601715,13.23596096139985,0.29384878917107965,11.397963700580219,13.677556440696263,13.9042842429971,90.1351619140733,93.06693448286384,6.314968837266408,0.15070435117282763,0.29502249408137415,-992.5324060760888,0.0,0.13883294080082936,1166.5688319862231,2064.7435514422245,16.666666666666664,False,"SOC floor violated (min 0.151, unmet 0 Wh); did not refill (end SOC 0.295)"
4.0,0.4,1.6,0.34,0.4,0.0,0.16000000000000003,0.37011659834047966,3,mixed,19+19+15,3,53,22x12E,10.942640855285376,1.208827983601715,13.23596096139985,0.29384878917107965,11.397963700580219,13.677556440696263,13.9042842429971,90.1351619140733,93.06693448286384,6.314968837266408,0.15070435117282763,0.29502249408137415,-992.5324060760888,0.0,0.13883294080082936,1166.5688319862231,2064.7435514422245,16.666666666666664,False,"SOC floor violated (min 0.151, unmet 0 Wh); did not refill (end SOC 0.295)"
4.0,0.3,1.6,0.28,1.0,1.0,0.3,2.0,3,mixed,24+24+10,3,58,22x12E,10.934298005972764,1.2,13.333333333333334,0.2942307692307692,11.435450525097277,13.722540630116733,13.950014118713938,94.89121915936418,98.02865510635561,6.29310081719761,0.11331717171775686,0.29034078498892457,-999.3162025510483,0.0,0.09877087602389878,1276.6224953811497,2181.181482422756,16.416666666666668,False,"SOC floor violated (min 0.113, unmet 0 Wh); did not refill (end SOC 0.290)"
4.0,0.3,1.6,0.34,1.0,1.0,0.3,2.0,3,mixed,24+24+10,3,58,22x12E,10.934298005972764,1.2,13.333333333333334,0.2942307692307692,11.435450525097277,13.722540630116733,13.950014118713938,94.89121915936418,98.02865510635561,6.29310081719761,0.11331717171775686,0.29034078498892457,-999.3162025510483,0.0,0.09877087602389878,1276.6224953811497,2181.181482422756,16.416666666666668,False,"SOC floor violated (min 0.113, unmet 0 Wh); did not refill (end SOC 0.290)"
5.0,0.45,1.3,0.28,0.4,0.0,0.18000000000000002,0.5212041727516119,3,mixed,28+28+24,3,80,19x10E,11.946926028609862,1.7157251266429352,14.571098605355347,0.2986414580314265,9.996608426513879,11.995930111816653,12.19478221545076,122.8956794532836,127.84837479557586,2.5330596255829936,0.007241090555196629,0.2895787724339387,-1000.4203587432228,205.11093697752437,0.215160965228326,1760.8586143188277,2869.1178696171305,16.0,False,"SOC floor violated (min 0.007, unmet 205 Wh); did not refill (end SOC 0.290)"
5.0,0.45,1.3,0.34,0.4,0.0,0.18000000000000002,0.5212041727516119,3,mixed,28+28+24,3,80,19x10E,11.946926028609862,1.7157251266429352,14.571098605355347,0.2986414580314265,9.996608426513879,11.995930111816653,12.19478221545076,122.8956794532836,127.84837479557586,2.5330596255829936,0.007241090555196629,0.2895787724339387,-1000.4203587432228,205.11093697752437,0.215160965228326,1760.8586143188277,2869.1178696171305,16.0,False,"SOC floor violated (min 0.007, unmet 205 Wh); did not refill (end SOC 0.290)"
4.5,0.3,1.3,0.34,0.6,0.0,0.18,0.3521334814483306,3,mixed,18+18,2,36,22x12E,10.2817409951879,1.1222560177737997,18.044011062796155,0.3077861190504683,11.46663022304627,13.759956267655523,13.988049981459449,75.31889411080176,77.76476381408818,6.820960175723395,0.2523347585060333,0.2884707276987135,-1002.0259155645641,0.0,0.17069563048249728,792.3863764434724,1701.1057420273237,18.5,False,did not refill (end SOC 0.288)
4.0,0.45,1.3,0.28,0.6,0.0,0.27,0.5098574397874889,3,mixed,25+25+21+7,4,78,19x12E,11.679063486705479,1.531774339161748,10.44540281877021,0.2798751487862705,10.460563110343655,12.552675732412386,12.760756802605364,120.36676805629008,123.69282602186911,3.5056058590250134,0.00677977429499255,0.2871307878403284,-1003.9674884193641,171.85618076327802,0.3107039017175547,1716.837148960857,2795.41089707558,16.0,False,"SOC floor violated (min 0.007, unmet 172 Wh); did not refill (end SOC 0.287)"
4.0,0.45,1.3,0.34,0.6,0.0,0.27,0.5098574397874889,3,mixed,25+25+21+7,4,78,19x12E,11.679063486705479,1.531774339161748,10.44540281877021,0.2798751487862705,10.460563110343655,12.552675732412386,12.760756802605364,120.36676805629008,123.69282602186911,3.5056058590250134,0.00677977429499255,0.2871307878403284,-1003.9674884193641,171.85618076327802,0.3107039017175547,1716.837148960857,2795.41089707558,16.0,False,"SOC floor violated (min 0.007, unmet 172 Wh); did not refill (end SOC 0.287)"
5.0,0.3,1.3,0.34,0.4,0.5,0.12,1.447071179713179,4,mixed,24+24,2,48,20x13E,11.996895067078029,1.3104728123483722,19.077084060370474,0.3098638298118912,11.462223481165275,13.75466817739833,13.982674232482834,86.80720067490701,89.26259131675305,4.78674392662501,0.37823255092133573,0.4585551604920951,-1007.4314299292722,0.0,0.1509801951598438,1056.5151685912963,1980.3559348038655,17.083333333333336,False,did not refill (end SOC 0.459)
4.0,0.4,1.3,0.34,0.4,0.5,0.16000000000000003,1.2378385233258826,3,mixed,26+26,2,52,22x12E,11.061417461810143,1.417081245598212,11.290813458790572,0.2848378307193081,10.584161685748626,12.700994022898351,12.911533710622079,90.09916354594466,92.46695615025193,6.1752744011458605,0.14747380432174398,0.2833591530454974,-1009.4325872370742,0.0,0.240657923369915,1144.5580993072374,2059.5464214839135,16.75,False,"SOC floor violated (min 0.147, unmet 0 Wh); did not refill (end SOC 0.283)"
4.5,0.36,1.3,0.28,0.6,0.5,0.216,1.3582788216710497,3,mixed,24+24+14,3,62,19x12E,11.316993499313377,1.491592150320631,13.576097189601784,0.29515924272408095,10.434915531443709,12.52189863773245,12.729469527392213,99.27476403798863,101.94028755925568,3.7166967708369163,0.07646032170699987,0.2803294003188917,-1013.822698937926,0.0,0.13795698968470776,1364.6654260970909,2283.252144201553,16.25,False,"SOC floor violated (min 0.076, unmet 0 Wh); did not refill (end SOC 0.280)"
4.5,0.36,1.3,0.34,0.6,0.5,0.216,1.3582788216710497,3,mixed,24+24+14,3,62,19x12E,11.316993499313377,1.491592150320631,13.576097189601784,0.29515924272408095,10.434915531443709,12.52189863773245,12.729469527392213,99.27476403798863,101.94028755925568,3.7166967708369163,0.07646032170699987,0.2803294003188917,-1013.822698937926,0.0,0.13795698968470776,1364.6654260970909,2283.252144201553,16.25,False,"SOC floor violated (min 0.076, unmet 0 Wh); did not refill (end SOC 0.280)"
4.0,0.4,1.6,0.28,0.4,0.5,0.16000000000000003,1.213620883668245,3,mixed,27+27,2,54,22x12E,11.251595962085174,1.4112690120803788,11.337314050716731,0.28508932159267586,10.69671958032656,12.836063496391871,13.048842180899554,92.19692779621434,94.68360026518958,6.072714071340822,0.13048385174116628,0.2781919292465232,-1016.9198945217879,0.0,0.153061939714681,1188.5795646652086,2110.9618652149584,16.666666666666664,False,"SOC floor violated (min 0.130, unmet 0 Wh); did not refill (end SOC 0.278)"
4.0,0.4,1.6,0.34,0.4,0.5,0.16000000000000003,1.213620883668245,3,mixed,27+27,2,54,22x12E,11.251595962085174,1.4112690120803788,11.337314050716731,0.28508932159267586,10.69671958032656,12.836063496391871,13.048842180899554,92.19692779621434,94.68360026518958,6.072714071340822,0.13048385174116628,0.2781919292465232,-1016.9198945217879,0.0,0.153061939714681,1188.5795646652086,2110.9618652149584,16.666666666666664,False,"SOC floor violated (min 0.130, unmet 0 Wh); did not refill (end SOC 0.278)"
4.0,0.36,1.3,0.28,1.0,1.0,0.36,2.0,3,mixed,22+22+14,3,58,22x12E,11.247691623879994,1.44,11.11111111111111,0.2838461538461538,10.587633603128245,12.705160323753892,12.91576907470838,95.92749565130048,98.46555013007298,6.038968654993731,0.10146562154354213,0.2761099721117635,-1019.9366504100547,0.0,0.3124553555968248,1276.6224953811497,2201.5068087619084,16.416666666666668,False,"SOC floor violated (min 0.101, unmet 0 Wh); did not refill (end SOC 0.276)"
4.0,0.36,1.3,0.34,1.0,1.0,0.36,2.0,3,mixed,22+22+14,3,58,22x12E,11.247691623879994,1.44,11.11111111111111,0.2838461538461538,10.587633603128245,12.705160323753892,12.91576907470838,95.92749565130048,98.46555013007298,6.038968654993731,0.10146562154354213,0.2761099721117635,-1019.9366504100547,0.0,0.3124553555968248,1276.6224953811497,2201.5068087619084,16.416666666666668,False,"SOC floor violated (min 0.101, unmet 0 Wh); did not refill (end SOC 0.276)"
5.5,0.3,1.6,0.34,0.4,0.0,0.12,0.31638983679641164,4,mixed,21+21,2,42,22x12E,11.98383348747534,1.211950170623354,24.95977205435866,0.31841690645744386,11.912528431414536,14.295034117697442,14.531997619429195,81.85570839909772,85.09014778044222,5.818475865277666,0.4025254513755943,0.45018342078171586,-1023.6056310497248,0.0,0.13023549046306826,924.4507725173845,1864.7522477117577,17.75,False,did not refill (end SOC 0.450)
4.0,0.4,1.6,0.28,1.0,1.0,0.4,2.0,2,mixed,29+29+21+7+4+4,6,94,19x10E,11.048985863988303,1.6,10.0,0.2769230769230769,9.955192606900475,11.94623112828057,12.144259390217323,148.06799625368362,153.9550996954787,2.6427412611043506,0.005420936675551135,0.47278086493211574,-1029.339896841669,1029.339896841669,0.25912141641761366,2069.008871824622,3479.74755371581,16.166666666666668,False,"SOC floor violated (min 0.005, unmet 1029 Wh); did not refill (end SOC 0.473)"
4.0,0.36,1.6,0.28,1.0,1.0,0.36,2.0,3,mixed,24+24+12,3,60,22x12E,11.4497166135828,1.44,11.11111111111111,0.2838461538461538,10.682295121254535,12.818754145505443,13.031245899295438,98.33860715059868,100.997430718861,5.930523948085959,0.08069501930552016,0.26588783860261667,-1034.7485218648085,0.0,0.13647033825374422,1320.6439607391203,2260.2893170070142,16.416666666666668,False,"SOC floor violated (min 0.081, unmet 0 Wh); did not refill (end SOC 0.266)"
4.0,0.36,1.6,0.34,1.0,1.0,0.36,2.0,3,mixed,24+24+12,3,60,22x12E,11.4497166135828,1.44,11.11111111111111,0.2838461538461538,10.682295121254535,12.818754145505443,13.031245899295438,98.33860715059868,100.997430718861,5.930523948085959,0.08069501930552016,0.26588783860261667,-1034.7485218648085,0.0,0.13647033825374422,1320.6439607391203,2260.2893170070142,16.416666666666668,False,"SOC floor violated (min 0.081, unmet 0 Wh); did not refill (end SOC 0.266)"
5.5,0.3,1.6,0.34,1.0,1.0,0.3,2.75,3,mixed,29+29+12+5,4,75,16x12E,11.946961235189972,1.65,18.333333333333336,0.3083916083916084,10.193778777442734,12.23253453293128,12.435308740681469,118.23197904594589,121.387540202361,1.8364442268925034,0.008974377252071883,0.26543053400984673,-1035.411156219732,153.17314927330855,0.40173310592373324,1650.8049509239008,2742.2860594946023,16.166666666666668,False,"SOC floor violated (min 0.009, unmet 153 Wh); did not refill (end SOC 0.265)"
4.0,0.36,1.6,0.28,0.4,0.5,0.144,1.1916324633003623,3,mixed,21+21+10,3,52,22x12E,11.037677156457322,1.2653926120728782,12.644296993160022,0.2914012812083851,11.188571603435674,13.426285924122809,13.648848507859007,91.1571008966691,93.93647412700567,6.243583853259217,0.13519568265652698,0.2640002289187996,-1037.4836682966593,0.0,0.313791426329742,1144.5580993072374,2087.457648568273,16.916666666666668,False,"SOC floor violated (min 0.135, unmet 0 Wh); did not refill (end SOC 0.264)"
4.0,0.36,1.6,0.34,0.4,0.5,0.144,1.1916324633003623,3,mixed,21+21+10,3,52,22x12E,11.037677156457322,1.2653926120728782,12.644296993160022,0.2914012812083851,11.188571603435674,13.426285924122809,13.648848507859007,91.1571008966691,93.93647412700567,6.243583853259217,0.13519568265652698,0.2640002289187996,-1037.4836682966593,0.0,0.313791426329742,1144.5580993072374,2087.457648568273,16.916666666666668,False,"SOC floor violated (min 0.135, unmet 0 Wh); did not refill (end SOC 0.264)"
5.5,0.36,1.3,0.34,0.4,0.5,0.144,1.6238979058029053,3,mixed,29+29+14,3,72,19x10E,11.88733732697823,1.7367619476534273,17.417470506462536,0.3064059566970607,9.911071177810925,11.893285413373109,12.090436013745512,111.21336811238407,115.49175398253752,2.58706547624834,0.008801351279212662,0.26069865403700215,-1042.2676503003838,52.77856450045867,0.1579601464955568,1584.772752886944,2583.3479216584387,16.0,False,"SOC floor violated (min 0.009, unmet 53 Wh); did not refill (end SOC 0.261)"
4.5,0.4,1.3,0.34,0.6,0.0,0.24,0.47579028497746806,3,mixed,24+24,2,48,17x12E,11.125258091968579,1.516126445596395,13.356405766033786,0.2943204633984138,10.262089195487992,12.31450703458559,12.518640070225082,73.74627575583332,118.41817910571436,2.4384526612010937,0.25238460345848296,0.2595412886790534,-1043.9446727040518,0.0,0.167320164384036,1056.5151685912965,2007.2858449390503,16.0,False,did not refill (end SOC 0.260)
5.5,0.36,1.3,0.34,0.6,0.0,0.216,0.4687516852914388,3,mixed,29+29+14,3,72,19x10E,11.704213322277722,1.651500242681967,18.31667911285031,0.3083572735304826,10.085100785266683,12.102120942320019,12.302733332137473,111.24212359940684,115.81666019685896,2.630514496979316,0.00847566748694736,0.25865908945854876,-1045.2229793745628,52.851169539438146,0.13088462863543643,1584.772752886944,2586.4072591653876,16.0,False,"SOC floor violated (min 0.008, unmet 53 Wh); did not refill (end SOC 0.259)"
4.5,0.3,1.6,0.34,0.4,0.0,0.12,0.28771221945048153,3,mixed,17+17+8,3,42,22x12E,10.399472492931505,0.9967881995010865,20.31524852534927,0.31207561711107396,12.236371689606154,14.683646027527384,14.927051405382672,82.39714047749378,85.88123255373152,6.691761124770657,0.19597541610356792,0.25629563370787034,-1048.647626757296,0.0,0.21238880612488367,924.4507725173845,1879.3069469363402,17.75,False,"SOC floor violated (min 0.196, unmet 0 Wh); did not refill (end SOC 0.256)"
4.0,0.3,1.3,0.28,0.4,0.5,0.12,1.1767718610457285,3,mixed,19+19+10,3,48,22x12E,10.355104836434059,1.051818934988231,15.211743645002006,0.3006424499283939,11.886533178367042,14.26383981404045,14.50028621931984,87.88522675783092,91.17493232095353,6.697078662058061,0.15758583673299775,0.2560207112063301,-1049.0459894620276,0.0,0.12503071847201613,1056.5151685912965,2011.450954739019,17.25,False,"SOC floor violated (min 0.158, unmet 0 Wh); did not refill (end SOC 0.256)"
4.0,0.3,1.3,0.34,0.4,0.5,0.12,1.1767718610457285,3,mixed,19+19+10,3,48,22x12E,10.355104836434059,1.051818934988231,15.211743645002006,0.3006424499283939,11.886533178367042,14.26383981404045,14.50028621931984,87.88522675783092,91.17493232095353,6.697078662058061,0.15758583673299775,0.2560207112063301,-1049.0459894620276,0.0,0.12503071847201613,1056.5151685912965,2011.450954739019,17.25,False,"SOC floor violated (min 0.158, unmet 0 Wh); did not refill (end SOC 0.256)"
5.0,0.4,1.3,0.28,0.6,0.0,0.24,0.5001615757312022,3,mixed,28+28+21,3,77,19x10E,11.82598899393444,1.6800258521169924,14.880723393927315,0.29963005332599096,10.050998360987617,12.06119803318514,12.26113205904978,122.50840299868362,127.55235593163147,2.5614464493206968,0.006421201010607785,0.25460050627874375,-1051.1038664021003,210.3222538907298,0.09224238275565473,1694.8264162818712,2859.29230719876,16.25,False,"SOC floor violated (min 0.006, unmet 210 Wh); did not refill (end SOC 0.255)"
5.0,0.4,1.3,0.34,0.6,0.0,0.24,0.5001615757312022,3,mixed,28+28+21,3,77,19x10E,11.82598899393444,1.6800258521169924,14.880723393927315,0.29963005332599096,10.050998360987617,12.06119803318514,12.26113205904978,122.50840299868362,127.55235593163147,2.5614464493206968,0.006421201010607785,0.25460050627874375,-1051.1038664021003,210.3222538907298,0.09224238275565473,1694.8264162818712,2859.29230719876,16.25,False,"SOC floor violated (min 0.006, unmet 210 Wh); did not refill (end SOC 0.255)"
4.0,0.45,1.3,0.28,1.0,1.0,0.45,2.0,2,mixed,29+29+27+9+1,5,95,19x10E,11.2153858383297,1.8,8.88888888888889,0.2682692307692308,9.456257857295165,11.552637633882403,11.74074110730068,149.77161605485378,154.83796530431374,2.584168147720727,0.006858594623166604,0.48500472716884907,-1053.778612661192,1053.778612661192,0.3287928706162001,2091.019604503607,3514.2051877705762,16.166666666666668,False,"SOC floor violated (min 0.007, unmet 1054 Wh); did not refill (end SOC 0.485)"
4.0,0.45,1.3,0.34,1.0,1.0,0.45,2.0,2,mixed,29+29+27+9+1,5,95,19x10E,11.2153858383297,1.8,8.88888888888889,0.2682692307692308,9.456257857295165,11.552637633882403,11.74074110730068,149.77161605485378,154.83796530431374,2.584168147720727,0.006858594623166604,0.48500472716884907,-1053.778612661192,1053.778612661192,0.3287928706162001,2091.019604503607,3514.2051877705762,16.166666666666668,False,"SOC floor violated (min 0.007, unmet 1054 Wh); did not refill (end SOC 0.485)"
4.0,0.3,1.6,0.28,0.6,0.5,0.18,1.1644943732591284,3,mixed,20+20+10,3,50,22x12E,10.671567386633855,1.0997393247910954,14.54890230740756,0.2985689715234622,11.800969212695039,14.161163055234047,14.395907425798939,89.89822312043229,93.17477375856609,6.486980018432045,0.14196546497191292,0.2526243772873801,-1053.9672773105863,0.0,0.13630649216829127,1100.5366339492666,2060.220163470798,17.083333333333336,False,"SOC floor violated (min 0.142, unmet 0 Wh); did not refill (end SOC 0.253)"
4.0,0.3,1.6,0.34,0.6,0.5,0.18,1.1644943732591284,3,mixed,20+20+10,3,50,22x12E,10.671567386633855,1.0997393247910954,14.54890230740756,0.2985689715234622,11.800969212695039,14.161163055234047,14.395907425798939,89.89822312043229,93.17477375856609,6.486980018432045,0.14196546497191292,0.2526243772873801,-1053.9672773105863,0.0,0.13630649216829127,1100.5366339492666,2060.220163470798,17.083333333333336,False,"SOC floor violated (min 0.142, unmet 0 Wh); did not refill (end SOC 0.253)"
4.0,0.36,1.6,0.28,0.6,0.0,0.216,0.36122152190996115,3,mixed,20+20+10,3,50,22x12E,10.894311990761574,1.2040158991550345,13.288861061742315,0.29405700436348403,11.395470010852849,13.674564013023419,13.901242210955763,90.03644423224407,92.96009486284527,6.343481094580357,0.14037308728487535,0.2519933756747413,-1054.8815986472998,0.0,0.16089955197580724,1100.5366339492666,2061.0965784355226,17.083333333333336,False,"SOC floor violated (min 0.140, unmet 0 Wh); did not refill (end SOC 0.252)"
4.0,0.36,1.6,0.34,0.6,0.0,0.216,0.36122152190996115,3,mixed,20+20+10,3,50,22x12E,10.894311990761574,1.2040158991550345,13.288861061742315,0.29405700436348403,11.395470010852849,13.674564013023419,13.901242210955763,90.03644423224407,92.96009486284527,6.343481094580357,0.14037308728487535,0.2519933756747413,-1054.8815986472998,0.0,0.16089955197580724,1100.5366339492666,2061.0965784355226,17.083333333333336,False,"SOC floor violated (min 0.140, unmet 0 Wh); did not refill (end SOC 0.252)"
4.0,0.52,1.3,0.22,0.4,0.5,0.20800000000000002,1.3125649095242835,2,mixed,29+29+29+9+7+2,6,105,19x10E,11.575203387854868,1.8655202517715765,8.576695956425949,0.2654342198752683,9.436539901562881,11.323847881875457,11.511559126568807,152.48216676983108,157.1538863024625,2.4845309504684447,0.006211561837385244,0.6479374821638882,-1056.7296635434657,1056.7296635434657,0.502070270979279,2311.126931293459,3578.50299858118,15.666666666666668,False,"SOC floor violated (min 0.006, unmet 1057 Wh); did not refill (end SOC 0.648)"
4.0,0.52,1.3,0.28,0.4,0.5,0.20800000000000002,1.3125649095242835,2,mixed,29+29+29+9+7+2,6,105,19x10E,11.575203387854868,1.8655202517715765,8.576695956425949,0.2654342198752683,9.436539901562881,11.323847881875457,11.511559126568807,152.48216676983108,157.1538863024625,2.4845309504684447,0.006211561837385244,0.6479374821638882,-1056.7296635434657,1056.7296635434657,0.502070270979279,2311.126931293459,3578.50299858118,15.666666666666668,False,"SOC floor violated (min 0.006, unmet 1057 Wh); did not refill (end SOC 0.648)"
4.0,0.52,1.3,0.34,0.4,0.5,0.20800000000000002,1.3125649095242835,2,mixed,29+29+29+9+7+2,6,105,19x10E,11.575203387854868,1.8655202517715765,8.576695956425949,0.2654342198752683,9.436539901562881,11.323847881875457,11.511559126568807,152.48216676983108,157.1538863024625,2.4845309504684447,0.006211561837385244,0.6479374821638882,-1056.7296635434657,1056.7296635434657,0.502070270979279,2311.126931293459,3578.50299858118,15.666666666666668,False,"SOC floor violated (min 0.006, unmet 1057 Wh); did not refill (end SOC 0.648)"
4.5,0.45,1.6,0.28,1.0,1.0,0.45,2.25,2,mixed,29+29+24+8+7+7,6,104,18x10E,11.983152448049921,2.025,10.0,0.2769230769230769,9.215554623863884,11.263793753764865,11.447109168846037,152.4069670642901,157.47151881044917,1.961056307461403,0.00510605044041108,0.6258161338291647,-1058.0623593454877,1058.0623593454877,0.28360667399630773,2289.116198614475,3579.5497614487704,15.75,False,"SOC floor violated (min 0.005, unmet 1058 Wh); did not refill (end SOC 0.626)"
4.5,0.45,1.6,0.34,1.0,1.0,0.45,2.25,2,mixed,29+29+24+8+7+7,6,104,18x10E,11.983152448049921,2.025,10.0,0.2769230769230769,9.215554623863884,11.263793753764865,11.447109168846037,152.4069670642901,157.47151881044917,1.961056307461403,0.00510605044041108,0.6258161338291647,-1058.0623593454877,1058.0623593454877,0.28360667399630773,2289.116198614475,3579.5497614487704,15.75,False,"SOC floor violated (min 0.005, unmet 1058 Wh); did not refill (end SOC 0.626)"
4.5,0.3,1.6,0.34,0.6,0.0,0.18,0.3161633617503496,3,mixed,18+18,2,36,22x12E,10.479179387418721,1.117939603410042,18.113679789347824,0.30793368877230626,11.598529087245751,13.9182349046949,14.148952345016253,77.67200780329017,80.29786417752783,6.681042904319735,0.22188430962813324,0.24943934089547082,-1058.5823950424628,0.0,0.20328941168876113,792.3863764434724,1757.4762905146722,18.916666666666664,False,did not refill (end SOC 0.249)
4.0,0.45,1.3,0.28,1.0,1.0,0.45,2.0,2,mixed,29+29+27+9+1+1,6,96,19x10E,11.3313858383297,1.8,8.88888888888889,0.2682692307692308,9.505034784947348,11.406041741936818,11.80024368902425,150.95437552295013,158.10171320107168,2.549070115260834,0.0,0.4705401880211904,-1061.6928278468638,1061.6928278468638,0.19205354749850062,2113.030337182592,3558.892491029431,16.166666666666668,False,"SOC floor violated (min 0.000, unmet 1062 Wh); did not refill (end SOC 0.471)"
4.0,0.45,1.3,0.34,1.0,1.0,0.45,2.0,2,mixed,29+29+27+9+1+1,6,96,19x10E,11.3313858383297,1.8,8.88888888888889,0.2682692307692308,9.505034784947348,11.406041741936818,11.80024368902425,150.95437552295013,158.10171320107168,2.549070115260834,0.0,0.4705401880211904,-1061.6928278468638,1061.6928278468638,0.19205354749850062,2113.030337182592,3558.892491029431,16.166666666666668,False,"SOC floor violated (min 0.000, unmet 1062 Wh); did not refill (end SOC 0.471)"
4.0,0.45,1.6,0.34,0.6,0.0,0.27,0.4567166790459668,3,mixed,25+25,2,50,18x12E,11.38117599156591,1.5222090022282742,10.51104018999922,0.2802890335574304,10.358690941469593,12.430429129763512,12.636483763167325,71.39392046783108,128.0020347222506,2.94176263099959,0.2460254026887361,0.24667044923337825,-1062.594519060835,0.0,0.2851871360843129,1100.5366339492673,2069.9057195359674,15.583333333333334,False,did not refill (end SOC 0.247)
4.5,0.4,1.3,0.28,0.6,0.0,0.24,0.47579028497746806,3,mixed,24+24+21,3,69,18x12E,11.417348093042266,1.516126445596395,13.356405766033786,0.2943204633984138,10.395930291056633,12.475116349267958,12.681911746207502,109.30691048427303,112.31110320719633,3.003548394947226,0.0088364746538247,0.24153650746952457,-1070.0336006766588,34.49217092205877,0.26383342061246273,1518.740554849988,2526.898694618779,16.166666666666668,False,"SOC floor violated (min 0.009, unmet 34 Wh); did not refill (end SOC 0.242)"
4.5,0.4,1.3,0.34,0.6,0.0,0.24,0.47579028497746806,3,mixed,24+24+21,3,69,18x12E,11.417348093042266,1.516126445596395,13.356405766033786,0.2943204633984138,10.395930291056633,12.475116349267958,12.681911746207502,109.30691048427303,112.31110320719633,3.003548394947226,0.0088364746538247,0.24153650746952457,-1070.0336006766588,34.49217092205877,0.26383342061246273,1518.740554849988,2526.898694618779,16.166666666666668,False,"SOC floor violated (min 0.009, unmet 34 Wh); did not refill (end SOC 0.242)"
4.5,0.45,1.3,0.28,0.4,0.0,0.18000000000000002,0.4968104820660935,3,mixed,24+24+21,3,69,18x12E,11.512883543306188,1.5516388301578454,13.050717477816667,0.29310636478092833,10.31917993739229,12.383015924870747,12.588284607085692,109.86981667247069,112.8285539054475,2.9687119950215255,0.009851172185257278,0.23988146552710746,-1072.4317564512214,44.964989506212326,0.20529285874977768,1518.740554849988,2539.8058136948666,16.25,False,"SOC floor violated (min 0.010, unmet 45 Wh); did not refill (end SOC 0.240)"
4.5,0.45,1.3,0.34,0.4,0.0,0.18000000000000002,0.4968104820660935,3,mixed,24+24+21,3,69,18x12E,11.512883543306188,1.5516388301578454,13.050717477816667,0.29310636478092833,10.31917993739229,12.383015924870747,12.588284607085692,109.86981667247069,112.8285539054475,2.9687119950215255,0.009851172185257278,0.23988146552710746,-1072.4317564512214,44.964989506212326,0.20529285874977768,1518.740554849988,2539.8058136948666,16.25,False,"SOC floor violated (min 0.010, unmet 45 Wh); did not refill (end SOC 0.240)"
4.0,0.3,1.3,0.28,1.0,1.0,0.3,2.0,3,mixed,24+24,2,48,22x12E,10.545593719681966,1.2,13.333333333333334,0.2942307692307692,11.230351359396735,13.476421631276082,13.699815296115762,89.32359927002913,92.06944052204379,6.549039530707276,0.1404946721854826,0.23489702094804765,-1079.6542166462789,0.0,0.23558207124341257,1056.5151685912965,2041.8431707231223,17.416666666666664,False,"SOC floor violated (min 0.140, unmet 0 Wh); did not refill (end SOC 0.235)"
4.0,0.3,1.3,0.34,1.0,1.0,0.3,2.0,3,mixed,24+24,2,48,22x12E,10.545593719681966,1.2,13.333333333333334,0.2942307692307692,11.230351359396735,13.476421631276082,13.699815296115762,89.32359927002913,92.06944052204379,6.549039530707276,0.1404946721854826,0.23489702094804765,-1079.6542166462789,0.0,0.23558207124341257,1056.5151685912965,2041.8431707231223,17.416666666666664,False,"SOC floor violated (min 0.140, unmet 0 Wh); did not refill (end SOC 0.235)"
4.0,0.45,1.6,0.28,1.0,1.0,0.45,2.0,2,mixed,29+29+24+8+4,5,94,19x10E,11.367879286996665,1.8,8.88888888888889,0.2682692307692308,9.520328265918437,11.424393919102124,11.818900083453373,151.0753265778529,158.24185486772112,2.541272133276379,0.006781193118466337,0.44104568269572075,-1080.1547601498328,1080.1547601498328,0.21275796813873643,2069.0088718246225,3561.3484321149667,16.25,False,"SOC floor violated (min 0.007, unmet 1080 Wh); did not refill (end SOC 0.441)"
4.0,0.45,1.6,0.34,1.0,1.0,0.45,2.0,2,mixed,29+29+24+8+4,5,94,19x10E,11.367879286996665,1.8,8.88888888888889,0.2682692307692308,9.520328265918437,11.424393919102124,11.818900083453373,151.0753265778529,158.24185486772112,2.541272133276379,0.006781193118466337,0.44104568269572075,-1080.1547601498328,1080.1547601498328,0.21275796813873643,2069.0088718246225,3561.3484321149667,16.25,False,"SOC floor violated (min 0.007, unmet 1080 Wh); did not refill (end SOC 0.441)"
5.5,0.3,1.3,0.34,0.6,0.5,0.18,1.588793187686289,3,mixed,28+28,2,56,17x12E,11.12980582437027,1.5106551825223546,20.024424071078418,0.3115806824088972,10.282756947394427,12.339308336873312,12.54385249454226,96.65128833442608,99.31399557785836,2.520439968330633,0.08612000874555362,0.23370652578436849,-1081.37924413845,0.0,0.3034706301851481,1232.601030023179,2218.935547541107,16.75,False,"SOC floor violated (min 0.086, unmet 0 Wh); did not refill (end SOC 0.234)"
4.5,0.3,1.3,0.34,0.4,0.0,0.12,0.3211396626139514,3,mixed,17+17,2,34,22x12E,10.028130673339103,1.0028051392705113,20.193354827370374,0.3118699097685295,11.979816504648154,14.375779805577784,14.614081798759946,76.78598581668696,79.80829337789879,6.985653425473352,0.2192663860478113,0.23362613889582348,-1081.4957247399518,0.0,0.14565607833367028,748.3649110855015,1736.4640436259438,19.5,False,did not refill (end SOC 0.234)
4.0,0.52,1.3,0.22,0.6,0.5,0.312,1.3213036540676684,2,mixed,29+29+29+9+7+4,6,107,19x10E,11.74364921904962,1.938831160046075,8.252394705488316,0.2622621132672371,9.32352176623722,11.188226119484664,11.373689212304955,154.8856241184308,159.44026230349138,2.4338450808482857,0.004603310854947178,0.6648412319786609,-1085.6148505237713,1085.6148505237713,0.12320909092941197,2355.148396651432,3635.210297051167,15.666666666666668,False,"SOC floor violated (min 0.005, unmet 1086 Wh); did not refill (end SOC 0.665)"
4.0,0.52,1.3,0.28,0.6,0.5,0.312,1.3213036540676684,2,mixed,29+29+29+9+7+4,6,107,19x10E,11.74364921904962,1.938831160046075,8.252394705488316,0.2622621132672371,9.32352176623722,11.188226119484664,11.373689212304955,154.8856241184308,159.44026230349138,2.4338450808482857,0.004603310854947178,0.6648412319786609,-1085.6148505237713,1085.6148505237713,0.12320909092941197,2355.148396651432,3635.210297051167,15.666666666666668,False,"SOC floor violated (min 0.005, unmet 1086 Wh); did not refill (end SOC 0.665)"
4.0,0.52,1.3,0.34,0.6,0.5,0.312,1.3213036540676684,2,mixed,29+29+29+9+7+4,6,107,19x10E,11.74364921904962,1.938831160046075,8.252394705488316,0.2622621132672371,9.32352176623722,11.188226119484664,11.373689212304955,154.8856241184308,159.44026230349138,2.4338450808482857,0.004603310854947178,0.6648412319786609,-1085.6148505237713,1085.6148505237713,0.12320909092941197,2355.148396651432,3635.210297051167,15.666666666666668,False,"SOC floor violated (min 0.005, unmet 1086 Wh); did not refill (end SOC 0.665)"
5.0,0.36,1.3,0.34,0.4,0.5,0.144,1.4876369168177235,3,mixed,26+26,2,52,16x12E,11.259135900724589,1.5813295740326283,15.809481091437656,0.3023631810267888,10.108571406502065,12.130285687802479,12.331364954205181,82.99300158153434,117.36240956676697,1.9565591275071172,0.19406458933928386,0.22965137705193922,-1087.25515465174,0.0,0.08396811474698869,1144.5580993072379,2138.19494984238,16.25,False,"SOC floor violated (min 0.194, unmet 0 Wh); did not refill (end SOC 0.230)"
5.0,0.3,1.3,0.34,0.6,0.0,0.18,0.3704226647042824,4,mixed,21+21,2,42,22x12E,11.84839342451707,1.2444507197645138,20.089184411200087,0.3116921339142135,11.689322236301042,14.027186683561249,14.25971017728741,84.62410676378055,87.61928052786561,5.8711698596203705,0.37680384776208786,0.41701424865316145,-1087.6884716020922,0.0,0.13053392187451016,924.4507725173845,1928.7000071015623,18.083333333333332,False,did not refill (end SOC 0.417)
4.5,0.36,1.6,0.28,1.0,1.0,0.36,2.25,3,mixed,26+26+12+6,4,70,17x12E,11.899297943837581,1.6199999999999999,12.500000000000002,0.2907692307692308,10.267190294752549,12.320628353703059,12.524862860189092,96.43217012615065,136.08880416199224,2.2133913884017966,0.09879566304963473,0.22863556458495757,-1088.7270669163963,0.0,0.11818914439536361,1540.7512875289735,2534.7581918352666,15.416666666666668,False,"SOC floor violated (min 0.099, unmet 0 Wh); did not refill (end SOC 0.229)"
4.0,0.52,1.6,0.22,0.4,0.5,0.20800000000000002,1.2804384110940128,2,mixed,29+29+29+8+4+4,6,103,19x10E,11.691400394003395,1.855496784261332,8.623027609487103,0.26586792760407696,9.509367100233238,11.411240520279884,11.600400440467912,154.7014588856123,159.57288933692902,2.4560179215556843,0.0,0.5848671489232166,-1091.5895748767286,1091.5895748767286,0.3414565135738338,2267.10546593549,3632.618361940451,15.833333333333332,False,"SOC floor violated (min 0.000, unmet 1092 Wh); did not refill (end SOC 0.585)"
4.0,0.52,1.6,0.28,0.4,0.5,0.20800000000000002,1.2804384110940128,2,mixed,29+29+29+8+4+4,6,103,19x10E,11.691400394003395,1.855496784261332,8.623027609487103,0.26586792760407696,9.509367100233238,11.411240520279884,11.600400440467912,154.7014588856123,159.57288933692902,2.4560179215556843,0.0,0.5848671489232166,-1091.5895748767286,1091.5895748767286,0.3414565135738338,2267.10546593549,3632.618361940451,15.833333333333332,False,"SOC floor violated (min 0.000, unmet 1092 Wh); did not refill (end SOC 0.585)"
4.0,0.52,1.6,0.34,0.4,0.5,0.20800000000000002,1.2804384110940128,2,mixed,29+29+29+8+4+4,6,103,19x10E,11.691400394003395,1.855496784261332,8.623027609487103,0.26586792760407696,9.509367100233238,11.411240520279884,11.600400440467912,154.7014588856123,159.57288933692902,2.4560179215556843,0.0,0.5848671489232166,-1091.5895748767286,1091.5895748767286,0.3414565135738338,2267.10546593549,3632.618361940451,15.833333333333332,False,"SOC floor violated (min 0.000, unmet 1092 Wh); did not refill (end SOC 0.585)"
4.0,0.52,1.3,0.22,0.4,0.5,0.20800000000000002,1.3125649095242835,2,mixed,29+29+29+9+7+2+2,7,107,19x10E,11.699203387854869,1.8655202517715765,8.576695956425949,0.2654342198752683,9.486949981176164,11.384339977411395,11.573053977234062,155.7238176456884,160.60595010424694,2.4494870424906594,0.0,0.6501179397069035,-1092.6270877737102,1092.6270877737102,0.435190773628977,2355.1483966514315,3658.0560606511663,15.666666666666668,False,"SOC floor violated (min 0.000, unmet 1093 Wh); did not refill (end SOC 0.650)"
4.0,0.52,1.3,0.28,0.4,0.5,0.20800000000000002,1.3125649095242835,2,mixed,29+29+29+9+7+2+2,7,107,19x10E,11.699203387854869,1.8655202517715765,8.576695956425949,0.2654342198752683,9.486949981176164,11.384339977411395,11.573053977234062,155.7238176456884,160.60595010424694,2.4494870424906594,0.0,0.6501179397069035,-1092.6270877737102,1092.6270877737102,0.435190773628977,2355.1483966514315,3658.0560606511663,15.666666666666668,False,"SOC floor violated (min 0.000, unmet 1093 Wh); did not refill (end SOC 0.650)"
4.0,0.52,1.3,0.34,0.4,0.5,0.20800000000000002,1.3125649095242835,2,mixed,29+29+29+9+7+2+2,7,107,19x10E,11.699203387854869,1.8655202517715765,8.576695956425949,0.2654342198752683,9.486949981176164,11.384339977411395,11.573053977234062,155.7238176456884,160.60595010424694,2.4494870424906594,0.0,0.6501179397069035,-1092.6270877737102,1092.6270877737102,0.435190773628977,2355.1483966514315,3658.0560606511663,15.666666666666668,False,"SOC floor violated (min 0.000, unmet 1093 Wh); did not refill (end SOC 0.650)"
4.0,0.36,1.3,0.28,0.4,0.0,0.144,0.3695019793824801,3,mixed,17+17+10,3,44,22x12E,10.412797030793527,1.0878124275466157,14.708418101166028,0.2990850391926945,11.72074298606625,14.0648915832795,14.298040097204712,86.4155551731986,89.46653365170519,6.670042458179226,0.15677079879906314,0.22204578731206204,-1098.275654184822,0.0,0.09803588987789169,968.4722378753551,1972.7876914408932,17.833333333333336,False,"SOC floor violated (min 0.157, unmet 0 Wh); did not refill (end SOC 0.222)"
4.0,0.36,1.3,0.34,0.4,0.0,0.144,0.3695019793824801,3,mixed,17+17+10,3,44,22x12E,10.412797030793527,1.0878124275466157,14.708418101166028,0.2990850391926945,11.72074298606625,14.0648915832795,14.298040097204712,86.4155551731986,89.46653365170519,6.670042458179226,0.15677079879906314,0.22204578731206204,-1098.275654184822,0.0,0.09803588987789169,968.4722378753551,1972.7876914408932,17.833333333333336,False,"SOC floor violated (min 0.157, unmet 0 Wh); did not refill (end SOC 0.222)"
4.0,0.52,1.3,0.28,0.4,0.0,0.20800000000000002,0.5526617076998015,3,mixed,29+24+24+8,4,85,17x12E,11.935787253469904,1.6284304528023381,9.825411931142575,0.2756929130998988,10.256268367925633,12.30752204151076,12.511539289499453,118.52022956754247,153.0404541547093,2.1441236749485983,0.004085244197086265,0.21711719540706217,-1105.4171838551667,138.3168588990154,0.17048261388590663,1870.9122777137543,3017.9074186119483,15.5,False,"SOC floor violated (min 0.004, unmet 138 Wh); did not refill (end SOC 0.217)"
4.0,0.52,1.3,0.34,0.4,0.0,0.20800000000000002,0.5526617076998015,3,mixed,29+24+24+8,4,85,17x12E,11.935787253469904,1.6284304528023381,9.825411931142575,0.2756929130998988,10.256268367925633,12.30752204151076,12.511539289499453,118.52022956754247,153.0404541547093,2.1441236749485983,0.004085244197086265,0.21711719540706217,-1105.4171838551667,138.3168588990154,0.17048261388590663,1870.9122777137543,3017.9074186119483,15.5,False,"SOC floor violated (min 0.004, unmet 138 Wh); did not refill (end SOC 0.217)"
4.0,0.45,1.6,0.28,1.0,1.0,0.45,2.0,2,mixed,29+29+24+8+4+4,6,98,19x10E,11.507879286996666,1.8,8.88888888888889,0.2682692307692308,9.578772209878736,11.494526651854482,11.890195380618113,154.77963046820443,162.3984130613608,2.499434386671295,0.0,0.47258113509275956,-1115.429888083868,1115.429888083868,0.11247848235471025,2157.0518025405627,3654.3915948833164,16.166666666666668,False,"SOC floor violated (min 0.000, unmet 1115 Wh); did not refill (end SOC 0.473)"
4.0,0.45,1.6,0.34,1.0,1.0,0.45,2.0,2,mixed,29+29+24+8+4+4,6,98,19x10E,11.507879286996666,1.8,8.88888888888889,0.2682692307692308,9.578772209878736,11.494526651854482,11.890195380618113,154.77963046820443,162.3984130613608,2.499434386671295,0.0,0.47258113509275956,-1115.429888083868,1115.429888083868,0.11247848235471025,2157.0518025405627,3654.3915948833164,16.166666666666668,False,"SOC floor violated (min 0.000, unmet 1115 Wh); did not refill (end SOC 0.473)"
4.0,0.45,1.3,0.28,0.4,0.5,0.18000000000000002,1.2687815315068947,3,mixed,26+26+24+8,4,84,17x12E,11.85029048102773,1.6025710135068616,9.983956944901708,0.2768118311463376,10.301591058922186,12.361909270706624,12.566828075709706,148.13741197719273,152.27194737457302,2.166531804254352,0.004104228499971555,0.20954998518298995,-1116.3820714698475,597.4401644552654,0.41882513481048034,1848.9015450347683,3464.584179850713,16.916666666666668,False,"SOC floor violated (min 0.004, unmet 597 Wh); did not refill (end SOC 0.210)"
4.0,0.45,1.3,0.34,0.4,0.5,0.18000000000000002,1.2687815315068947,3,mixed,26+26+24+8,4,84,17x12E,11.85029048102773,1.6025710135068616,9.983956944901708,0.2768118311463376,10.301591058922186,12.361909270706624,12.566828075709706,148.13741197719273,152.27194737457302,2.166531804254352,0.004104228499971555,0.20954998518298995,-1116.3820714698475,597.4401644552654,0.41882513481048034,1848.9015450347683,3464.584179850713,16.916666666666668,False,"SOC floor violated (min 0.004, unmet 597 Wh); did not refill (end SOC 0.210)"
4.0,0.45,1.6,0.28,0.6,0.0,0.27,0.4567166790459668,3,mixed,25+25+21,3,71,19x12E,11.674147664130652,1.5222090022282742,10.51104018999922,0.2802890335574304,10.491169347410178,12.589403216892213,12.798093105032772,119.7555940452272,123.06469500050108,3.513187995962469,0.007997602730849098,0.20922093379179463,-1116.8588669356895,195.66479505743743,0.0953742420778513,1562.76202020796,2778.6767558370716,16.583333333333332,False,"SOC floor violated (min 0.008, unmet 196 Wh); did not refill (end SOC 0.209)"
4.0,0.45,1.6,0.34,0.6,0.0,0.27,0.4567166790459668,3,mixed,25+25+21,3,71,19x12E,11.674147664130652,1.5222090022282742,10.51104018999922,0.2802890335574304,10.491169347410178,12.589403216892213,12.798093105032772,119.7555940452272,123.06469500050108,3.513187995962469,0.007997602730849098,0.20922093379179463,-1116.8588669356895,195.66479505743743,0.0953742420778513,1562.76202020796,2778.6767558370716,16.583333333333332,False,"SOC floor violated (min 0.008, unmet 196 Wh); did not refill (end SOC 0.209)"
4.0,0.52,1.3,0.22,0.6,0.5,0.312,1.3213036540676684,2,mixed,29+29+29+9+7+4+4,7,111,19x10E,11.883649219049621,1.938831160046075,8.252394705488316,0.2622621132672371,9.378931538375703,11.254717846050843,11.441283147668509,158.50206373171125,163.27522045838802,2.3957859187085115,0.0,0.7025544878146541,-1121.776779475541,1121.776779475541,0.30493382847196193,2443.191327367374,3724.2235986772757,15.583333333333334,False,"SOC floor violated (min 0.000, unmet 1122 Wh); did not refill (end SOC 0.703)"
4.0,0.52,1.3,0.28,0.6,0.5,0.312,1.3213036540676684,2,mixed,29+29+29+9+7+4+4,7,111,19x10E,11.883649219049621,1.938831160046075,8.252394705488316,0.2622621132672371,9.378931538375703,11.254717846050843,11.441283147668509,158.50206373171125,163.27522045838802,2.3957859187085115,0.0,0.7025544878146541,-1121.776779475541,1121.776779475541,0.30493382847196193,2443.191327367374,3724.2235986772757,15.583333333333334,False,"SOC floor violated (min 0.000, unmet 1122 Wh); did not refill (end SOC 0.703)"
4.0,0.52,1.3,0.34,0.6,0.5,0.312,1.3213036540676684,2,mixed,29+29+29+9+7+4+4,7,111,19x10E,11.883649219049621,1.938831160046075,8.252394705488316,0.2622621132672371,9.378931538375703,11.254717846050843,11.441283147668509,158.50206373171125,163.27522045838802,2.3957859187085115,0.0,0.7025544878146541,-1121.776779475541,1121.776779475541,0.30493382847196193,2443.191327367374,3724.2235986772757,15.583333333333334,False,"SOC floor violated (min 0.000, unmet 1122 Wh); did not refill (end SOC 0.703)"
4.5,0.3,1.3,0.34,0.4,0.5,0.12,1.3122039256221436,4,mixed,22+22+10,3,54,22x12E,11.935613117190925,1.1811967066119857,17.143630596535328,0.3057710527654022,12.042307205643295,14.450768646771953,14.690313702282886,96.73656941814902,100.65246328830892,5.760509081680222,0.3084859398077468,0.39806044131940227,-1124.307227370915,0.0,0.14523537578696022,1188.5795646652084,2228.7625986375124,17.083333333333336,False,did not refill (end SOC 0.398)
5.0,0.3,1.3,0.34,0.4,0.0,0.12,0.33743891939486287,4,mixed,18+18+10,3,46,22x12E,11.722056664831205,1.1107390054910753,22.507537663131856,0.31539491984793944,12.306777416914072,14.768132900296886,15.012938785842957,89.59716420808918,93.50527071167518,5.894863483568874,0.34594951266427804,0.3972218006376833,-1125.927481167996,0.0,0.10481903007069704,1012.4937032333258,2054.757606641561,17.75,False,did not refill (end SOC 0.397)
4.0,0.3,1.3,0.28,0.6,0.5,0.18,1.1828288891427603,3,mixed,20+20,2,40,22x12E,10.28221288159742,1.1019394666971312,14.519853842749795,0.2984737730756048,11.572118598250915,13.886542317901098,14.116734401914536,84.17665513521415,87.0295277166355,6.765676783904502,0.1627656068567768,0.2007977372203617,-1129.0640787676957,0.0,0.0871331076440427,880.4293071594136,1915.6927830611598,18.583333333333336,False,"SOC floor violated (min 0.163, unmet 0 Wh); did not refill (end SOC 0.201)"
4.0,0.3,1.3,0.34,0.6,0.5,0.18,1.1828288891427603,3,mixed,20+20,2,40,22x12E,10.28221288159742,1.1019394666971312,14.519853842749795,0.2984737730756048,11.572118598250915,13.886542317901098,14.116734401914536,84.17665513521415,87.0295277166355,6.765676783904502,0.1627656068567768,0.2007977372203617,-1129.0640787676957,0.0,0.0871331076440427,880.4293071594136,1915.6927830611598,18.583333333333336,False,"SOC floor violated (min 0.163, unmet 0 Wh); did not refill (end SOC 0.201)"
4.0,0.52,1.6,0.22,0.6,0.5,0.312,1.2886899525424482,2,mixed,29+29+29+8+4+4,6,103,19x10E,11.84589997209302,1.9320475101288292,8.281369850440747,0.2625556365809641,9.380447970340247,11.256537564408296,11.443133030825193,156.67413987253423,161.3694515343017,2.4099510050351625,0.009812885036050465,0.5802212008979752,-1134.2906532629472,1134.2906532629472,0.19174299712611048,2267.10546593549,3678.1331262067674,15.916666666666666,False,"SOC floor violated (min 0.010, unmet 1134 Wh); did not refill (end SOC 0.580)"
4.0,0.52,1.6,0.28,0.6,0.5,0.312,1.2886899525424482,2,mixed,29+29+29+8+4+4,6,103,19x10E,11.84589997209302,1.9320475101288292,8.281369850440747,0.2625556365809641,9.380447970340247,11.256537564408296,11.443133030825193,156.67413987253423,161.3694515343017,2.4099510050351625,0.009812885036050465,0.5802212008979752,-1134.2906532629472,1134.2906532629472,0.19174299712611048,2267.10546593549,3678.1331262067674,15.916666666666666,False,"SOC floor violated (min 0.010, unmet 1134 Wh); did not refill (end SOC 0.580)"
4.0,0.52,1.6,0.34,0.6,0.5,0.312,1.2886899525424482,2,mixed,29+29+29+8+4+4,6,103,19x10E,11.84589997209302,1.9320475101288292,8.281369850440747,0.2625556365809641,9.380447970340247,11.256537564408296,11.443133030825193,156.67413987253423,161.3694515343017,2.4099510050351625,0.009812885036050465,0.5802212008979752,-1134.2906532629472,1134.2906532629472,0.19174299712611048,2267.10546593549,3678.1331262067674,15.916666666666666,False,"SOC floor violated (min 0.010, unmet 1134 Wh); did not refill (end SOC 0.580)"
4.0,0.36,1.3,0.28,0.6,0.5,0.216,1.2202214234589919,3,mixed,21+21,2,42,22x12E,10.779347737696188,1.3277118849780947,12.050807242916243,0.2887047742076786,10.794257374086337,12.953108848903604,13.167827750997636,86.44430882380011,88.82360019716164,6.386636478587001,0.14562575065422367,0.19470233271444387,-1137.8963198967708,0.0,0.1314469976269746,924.4507725173844,1968.344337168033,18.25,False,"SOC floor violated (min 0.146, unmet 0 Wh); did not refill (end SOC 0.195)"
4.0,0.36,1.3,0.34,0.6,0.5,0.216,1.2202214234589919,3,mixed,21+21,2,42,22x12E,10.779347737696188,1.3277118849780947,12.050807242916243,0.2887047742076786,10.794257374086337,12.953108848903604,13.167827750997636,86.44430882380011,88.82360019716164,6.386636478587001,0.14562575065422367,0.19470233271444387,-1137.8963198967708,0.0,0.1314469976269746,924.4507725173844,1968.344337168033,18.25,False,"SOC floor violated (min 0.146, unmet 0 Wh); did not refill (end SOC 0.195)"
4.0,0.52,1.6,0.22,0.4,0.5,0.20800000000000002,1.2804384110940128,2,mixed,29+29+29+8+4+4+3,7,106,19x10E,11.823400394003395,1.855496784261332,8.623027609487103,0.26586792760407696,9.562898467789175,11.47547816134701,11.665702925189477,158.2284806347294,163.33613640761808,2.419160495820836,0.0038755464083135537,0.6128463950830196,-1141.5241006346655,1141.5241006346655,0.4778114831803487,2333.1376639724467,3719.1960573787496,15.833333333333332,False,"SOC floor violated (min 0.004, unmet 1142 Wh); did not refill (end SOC 0.613)"
4.0,0.52,1.6,0.28,0.4,0.5,0.20800000000000002,1.2804384110940128,2,mixed,29+29+29+8+4+4+3,7,106,19x10E,11.823400394003395,1.855496784261332,8.623027609487103,0.26586792760407696,9.562898467789175,11.47547816134701,11.665702925189477,158.2284806347294,163.33613640761808,2.419160495820836,0.0038755464083135537,0.6128463950830196,-1141.5241006346655,1141.5241006346655,0.4778114831803487,2333.1376639724467,3719.1960573787496,15.833333333333332,False,"SOC floor violated (min 0.004, unmet 1142 Wh); did not refill (end SOC 0.613)"
4.0,0.52,1.6,0.34,0.4,0.5,0.20800000000000002,1.2804384110940128,2,mixed,29+29+29+8+4+4+3,7,106,19x10E,11.823400394003395,1.855496784261332,8.623027609487103,0.26586792760407696,9.562898467789175,11.47547816134701,11.665702925189477,158.2284806347294,163.33613640761808,2.419160495820836,0.0038755464083135537,0.6128463950830196,-1141.5241006346655,1141.5241006346655,0.4778114831803487,2333.1376639724467,3719.1960573787496,15.833333333333332,False,"SOC floor violated (min 0.004, unmet 1142 Wh); did not refill (end SOC 0.613)"
4.0,0.3,1.6,0.28,1.0,1.0,0.3,2.0,3,mixed,24+24,2,48,22x12E,10.746298005972763,1.2,13.333333333333334,0.2942307692307692,11.336715975078803,13.604059170094564,13.829568635281541,91.94154019363438,94.87245560659206,6.416462358221249,0.10856593197281289,0.1908603207605623,-1143.4633952179452,0.0,0.2927843043253849,1056.5151685912965,2105.40367188036,17.583333333333332,False,"SOC floor violated (min 0.109, unmet 0 Wh); did not refill (end SOC 0.191)"
4.0,0.3,1.6,0.34,1.0,1.0,0.3,2.0,3,mixed,24+24,2,48,22x12E,10.746298005972763,1.2,13.333333333333334,0.2942307692307692,11.336715975078803,13.604059170094564,13.829568635281541,91.94154019363438,94.87245560659206,6.416462358221249,0.10856593197281289,0.1908603207605623,-1143.4633952179452,0.0,0.2927843043253849,1056.5151685912965,2105.40367188036,17.583333333333332,False,"SOC floor violated (min 0.109, unmet 0 Wh); did not refill (end SOC 0.191)"
4.0,0.36,1.3,0.28,0.6,0.0,0.216,0.4027487605843451,3,mixed,20+20,2,40,22x12E,10.518973720490896,1.2099958215241455,13.223186159309162,0.29379825772251295,11.169743470835332,13.403692165002399,13.62588022033703,84.90634667571454,87.45554481937783,6.589945959538719,0.15338286554870667,0.18988534263966092,-1144.8761385151313,0.0,0.1889565763510035,880.4293071594136,1931.348043650028,18.666666666666668,False,"SOC floor violated (min 0.153, unmet 0 Wh); did not refill (end SOC 0.190)"
4.0,0.36,1.3,0.34,0.6,0.0,0.216,0.4027487605843451,3,mixed,20+20,2,40,22x12E,10.518973720490896,1.2099958215241455,13.223186159309162,0.29379825772251295,11.169743470835332,13.403692165002399,13.62588022033703,84.90634667571454,87.45554481937783,6.589945959538719,0.15338286554870667,0.18988534263966092,-1144.8761385151313,0.0,0.1889565763510035,880.4293071594136,1931.348043650028,18.666666666666668,False,"SOC floor violated (min 0.153, unmet 0 Wh); did not refill (end SOC 0.190)"
4.0,0.36,1.6,0.28,0.6,0.5,0.216,1.1980636454752494,3,mixed,22+22,2,44,22x12E,10.981449948559732,1.3245211649484359,12.079837169399166,0.2888428342089619,10.908093233786177,13.089711880543412,13.306695200648484,88.7489764281583,91.28037526419035,6.267688322912848,0.12777434582894387,0.1858386884592129,-1150.7397404226006,0.0,0.22195848216255004,968.472237875355,2024.9528773889842,18.083333333333332,False,"SOC floor violated (min 0.128, unmet 0 Wh); did not refill (end SOC 0.186)"
4.0,0.36,1.6,0.34,0.6,0.5,0.216,1.1980636454752494,3,mixed,22+22,2,44,22x12E,10.981449948559732,1.3245211649484359,12.079837169399166,0.2888428342089619,10.908093233786177,13.089711880543412,13.306695200648484,88.7489764281583,91.28037526419035,6.267688322912848,0.12777434582894387,0.1858386884592129,-1150.7397404226006,0.0,0.22195848216255004,968.472237875355,2024.9528773889842,18.083333333333332,False,"SOC floor violated (min 0.128, unmet 0 Wh); did not refill (end SOC 0.186)"
5.0,0.36,1.3,0.28,0.6,0.5,0.216,1.4956291289888761,3,mixed,28+28+14,3,70,19x10E,11.708282207877797,1.6553705945743977,15.10235839753309,0.3003128143040936,10.07505491607406,12.090065899288872,12.290478457109657,120.85141499613908,125.86703998022212,2.5936952511426625,0.009547718767177343,0.18582467486031468,-1150.760046127404,221.88301688539173,0.15425371389699194,1540.7512875289738,2816.797241041944,16.75,False,"SOC floor violated (min 0.010, unmet 222 Wh); did not refill (end SOC 0.186)"
5.0,0.36,1.3,0.34,0.6,0.5,0.216,1.4956291289888761,3,mixed,28+28+14,3,70,19x10E,11.708282207877797,1.6553705945743977,15.10235839753309,0.3003128143040936,10.07505491607406,12.090065899288872,12.290478457109657,120.85141499613908,125.86703998022212,2.5936952511426625,0.009547718767177343,0.18582467486031468,-1150.760046127404,221.88301688539173,0.15425371389699194,1540.7512875289738,2816.797241041944,16.75,False,"SOC floor violated (min 0.010, unmet 222 Wh); did not refill (end SOC 0.186)"
4.5,0.3,1.6,0.34,0.4,0.0,0.12,0.28771221945048153,3,mixed,17+17,2,34,22x12E,10.227472492931504,0.9967881995010865,20.31524852534927,0.31207561711107396,12.134759274430884,14.561711129317061,14.803095237392554,79.72606421747842,83.03524055513148,6.825337707122737,0.17869606896630988,0.18537188883405986,-1151.4161330794473,0.0,0.2088154632470503,748.3649110855015,1806.1107171804745,20.166666666666668,False,"SOC floor violated (min 0.179, unmet 0 Wh); did not refill (end SOC 0.185)"
4.0,0.4,1.3,0.28,0.6,0.0,0.24,0.4500270848225105,3,mixed,21+21,2,42,22x12E,10.840055354893973,1.3520043335716017,11.834281594151891,0.2876536586435365,10.726922857400634,12.872307428880761,13.085686915673236,87.16648128479741,89.52253770168245,6.338225413931621,0.13655486864193514,0.18301214890284226,-1154.8353962397816,0.0,0.21039959762005128,924.4507725173844,1985.1501991627536,18.416666666666668,False,"SOC floor violated (min 0.137, unmet 0 Wh); did not refill (end SOC 0.183)"
4.0,0.4,1.3,0.34,0.6,0.0,0.24,0.4500270848225105,3,mixed,21+21,2,42,22x12E,10.840055354893973,1.3520043335716017,11.834281594151891,0.2876536586435365,10.726922857400634,12.872307428880761,13.085686915673236,87.16648128479741,89.52253770168245,6.338225413931621,0.13655486864193514,0.18301214890284226,-1154.8353962397816,0.0,0.21039959762005128,924.4507725173844,1985.1501991627536,18.416666666666668,False,"SOC floor violated (min 0.137, unmet 0 Wh); did not refill (end SOC 0.183)"
4.5,0.36,1.3,0.34,0.4,0.0,0.144,0.3901586067935855,4,mixed,20+20+12,3,52,20x13E,11.973470043237294,1.2182742590674143,16.621872989010964,0.30450344413444735,11.876430488162159,14.25171658579459,14.487962028796186,96.6484264096796,99.68727144478633,4.775399617051232,0.30295548730873884,0.3798493865504333,-1159.4909851845628,0.0,0.2643176528627696,1144.5580993072376,2219.8212007330158,17.333333333333332,False,did not refill (end SOC 0.380)
4.0,0.3,1.6,0.28,0.4,0.5,0.12,1.1589138994069248,3,mixed,19+19+8,3,46,22x12E,10.540598897692785,1.0486045018932464,15.258374316639054,0.300781535975773,12.01089122920493,14.413069475045916,14.651989605308605,90.72871580858862,94.29113801527248,6.559662937736891,0.11355795092453565,0.1787293137029741,-1161.0412244443905,0.0,0.1941595687328359,1012.4937032333257,2079.160581163446,17.916666666666668,False,"SOC floor violated (min 0.114, unmet 0 Wh); did not refill (end SOC 0.179)"
4.0,0.3,1.6,0.34,0.4,0.5,0.12,1.1589138994069248,3,mixed,19+19+8,3,46,22x12E,10.540598897692785,1.0486045018932464,15.258374316639054,0.300781535975773,12.01089122920493,14.413069475045916,14.651989605308605,90.72871580858862,94.29113801527248,6.559662937736891,0.11355795092453565,0.1787293137029741,-1161.0412244443905,0.0,0.1941595687328359,1012.4937032333257,2079.160581163446,17.916666666666668,False,"SOC floor violated (min 0.114, unmet 0 Wh); did not refill (end SOC 0.179)"
4.0,0.45,1.3,0.28,0.4,0.0,0.18000000000000002,0.4710318751196979,2,mixed,21+21+21,3,63,16x12E,9.827431202663668,1.3871786062823184,11.534203257993212,0.28613169492047663,10.083290147320705,12.099948176784846,12.300524549470376,143.5871544016652,121.48579825539065,2.2208007728117574,0.008999010960906733,0.16422189214835384,-1164.154697334863,1164.154697334863,1.9480305851304536,1386.6761587760768,3230.3191623394428,19.666666666666664,False,"SOC floor violated (min 0.009, unmet 1164 Wh); did not refill (end SOC 0.164)"
4.0,0.45,1.3,0.34,0.4,0.0,0.18000000000000002,0.4710318751196979,2,mixed,21+21+21,3,63,16x12E,9.827431202663668,1.3871786062823184,11.534203257993212,0.28613169492047663,10.083290147320705,12.099948176784846,12.300524549470376,143.5871544016652,121.48579825539065,2.2208007728117574,0.008999010960906733,0.16422189214835384,-1164.154697334863,1164.154697334863,1.9480305851304536,1386.6761587760768,3230.3191623394428,19.666666666666664,False,"SOC floor violated (min 0.009, unmet 1164 Wh); did not refill (end SOC 0.164)"
4.0,0.4,1.6,0.28,0.6,0.0,0.24,0.4034013545605723,3,mixed,22+22,2,44,22x12E,11.031593620534942,1.3445442167296915,11.899943342076533,0.2879764521607344,10.851256572116494,13.021507886539792,13.237360614222482,89.37093130497487,91.88042057781479,6.229192039743182,0.12012808602139421,0.17595147938274117,-1165.066306374408,0.0,0.12195092989181096,968.472237875355,2039.3319146382198,18.25,False,"SOC floor violated (min 0.120, unmet 0 Wh); did not refill (end SOC 0.176)"
4.0,0.4,1.6,0.34,0.6,0.0,0.24,0.4034013545605723,3,mixed,22+22,2,44,22x12E,11.031593620534942,1.3445442167296915,11.899943342076533,0.2879764521607344,10.851256572116494,13.021507886539792,13.237360614222482,89.37093130497487,91.88042057781479,6.229192039743182,0.12012808602139421,0.17595147938274117,-1165.066306374408,0.0,0.12195092989181096,968.472237875355,2039.3319146382198,18.25,False,"SOC floor violated (min 0.120, unmet 0 Wh); did not refill (end SOC 0.176)"
4.0,0.36,1.6,0.28,0.4,0.0,0.144,0.33049322809804865,3,mixed,17+17+10,3,44,22x12E,10.601200498501111,1.0793865372691784,14.823234724123584,0.2994496209835451,11.872371423722127,14.246845708466552,14.483010408733389,89.31414275912314,92.64852660851633,6.533071136293352,0.1204984531384199,0.1733754376381497,-1168.798990862321,0.0,0.20516785115455366,968.4722378753551,2042.989998673758,18.166666666666664,False,"SOC floor violated (min 0.120, unmet 0 Wh); did not refill (end SOC 0.173)"
4.0,0.36,1.6,0.34,0.4,0.0,0.144,0.33049322809804865,3,mixed,17+17+10,3,44,22x12E,10.601200498501111,1.0793865372691784,14.823234724123584,0.2994496209835451,11.872371423722127,14.246845708466552,14.483010408733389,89.31414275912314,92.64852660851633,6.533071136293352,0.1204984531384199,0.1733754376381497,-1168.798990862321,0.0,0.20516785115455366,968.4722378753551,2042.989998673758,18.166666666666664,False,"SOC floor violated (min 0.120, unmet 0 Wh); did not refill (end SOC 0.173)"
4.0,0.45,1.3,0.28,0.6,0.0,0.27,0.5098574397874889,3,mixed,25+25+21,3,71,18x12E,11.498091814140736,1.531774339161748,10.44540281877021,0.2798751487862705,10.379201431538597,12.455041717846315,12.661504345033897,127.37267726766277,130.89707203627876,2.9018779685842278,0.009417139935886953,0.17304311570839737,-1169.2805253385322,326.0331077783733,0.10170703134650219,1562.76202020796,2961.321318240178,17.083333333333336,False,"SOC floor violated (min 0.009, unmet 326 Wh); did not refill (end SOC 0.173)"
4.0,0.45,1.3,0.34,0.6,0.0,0.27,0.5098574397874889,3,mixed,25+25+21,3,71,18x12E,11.498091814140736,1.531774339161748,10.44540281877021,0.2798751487862705,10.379201431538597,12.455041717846315,12.661504345033897,127.37267726766277,130.89707203627876,2.9018779685842278,0.009417139935886953,0.17304311570839737,-1169.2805253385322,326.0331077783733,0.10170703134650219,1562.76202020796,2961.321318240178,17.083333333333336,False,"SOC floor violated (min 0.009, unmet 326 Wh); did not refill (end SOC 0.173)"
4.0,0.45,1.3,0.34,0.4,0.0,0.18000000000000002,0.4710318751196979,3,mixed,21+21,2,42,22x12E,10.933885674635377,1.3871786062823184,11.534203257993212,0.28613169492047663,10.635784334350687,12.762941201220825,12.97450776444389,87.78645001841488,90.116925606879,6.268408515631712,0.12850385049344343,0.17287762759525935,-1169.5203176144691,0.0,0.11133494675396112,924.4507725173844,1999.8866224775454,18.416666666666668,False,"SOC floor violated (min 0.129, unmet 0 Wh); did not refill (end SOC 0.173)"
4.0,0.52,1.6,0.22,0.6,0.5,0.312,1.2886899525424482,2,mixed,29+29+29+8+4+4+3,7,106,19x10E,11.97789997209302,1.9320475101288292,8.281369850440747,0.2625556365809641,9.432566797192765,11.319080156631317,11.506712368503907,160.1312201341218,165.04493156838083,2.374425076751965,0.0033515250764036327,0.5985563052017043,-1171.1840543207416,1171.1840543207416,0.2827111678294211,2333.1376639724467,3762.868450645852,15.916666666666666,False,"SOC floor violated (min 0.003, unmet 1171 Wh); did not refill (end SOC 0.599)"
4.0,0.52,1.6,0.28,0.6,0.5,0.312,1.2886899525424482,2,mixed,29+29+29+8+4+4+3,7,106,19x10E,11.97789997209302,1.9320475101288292,8.281369850440747,0.2625556365809641,9.432566797192765,11.319080156631317,11.506712368503907,160.1312201341218,165.04493156838083,2.374425076751965,0.0033515250764036327,0.5985563052017043,-1171.1840543207416,1171.1840543207416,0.2827111678294211,2333.1376639724467,3762.868450645852,15.916666666666666,False,"SOC floor violated (min 0.003, unmet 1171 Wh); did not refill (end SOC 0.599)"
4.0,0.52,1.6,0.34,0.6,0.5,0.312,1.2886899525424482,2,mixed,29+29+29+8+4+4+3,7,106,19x10E,11.97789997209302,1.9320475101288292,8.281369850440747,0.2625556365809641,9.432566797192765,11.319080156631317,11.506712368503907,160.1312201341218,165.04493156838083,2.374425076751965,0.0033515250764036327,0.5985563052017043,-1171.1840543207416,1171.1840543207416,0.2827111678294211,2333.1376639724467,3762.868450645852,15.916666666666666,False,"SOC floor violated (min 0.003, unmet 1171 Wh); did not refill (end SOC 0.599)"
4.0,0.36,1.3,0.28,0.4,0.5,0.144,1.2132812680256477,3,mixed,20+20,2,40,22x12E,10.647763803313916,1.2700687538935398,12.597743193783947,0.29119894814883723,10.968924261933518,13.16270911432022,13.380902482613362,86.03609833293957,88.52581249246015,6.487869320435243,0.13871175469278252,0.17162612815910222,-1171.3337402974607,0.0,0.17901461194649923,880.4293071594136,1957.7298831480757,18.833333333333332,False,"SOC floor violated (min 0.139, unmet 0 Wh); did not refill (end SOC 0.172)"
4.0,0.36,1.3,0.34,0.4,0.5,0.144,1.2132812680256477,3,mixed,20+20,2,40,22x12E,10.647763803313916,1.2700687538935398,12.597743193783947,0.29119894814883723,10.968924261933518,13.16270911432022,13.380902482613362,86.03609833293957,88.52581249246015,6.487869320435243,0.13871175469278252,0.17162612815910222,-1171.3337402974607,0.0,0.17901461194649923,880.4293071594136,1957.7298831480757,18.833333333333332,False,"SOC floor violated (min 0.139, unmet 0 Wh); did not refill (end SOC 0.172)"
4.0,0.3,1.3,0.34,0.6,0.0,0.18,0.3327984198905627,3,mixed,16+16+10,3,42,22x12E,10.19808377894894,0.9999358103868674,16.001027099739257,0.30288739281979904,12.098225525835929,14.517870631003113,14.758528011327382,87.58468053804984,91.11057825113161,6.797146011625297,0.1307616103899352,0.17161099382909992,-1171.3556699416342,0.0,0.13497482422479123,924.4507725173844,2001.7185951445651,18.416666666666668,False,"SOC floor violated (min 0.131, unmet 0 Wh); did not refill (end SOC 0.172)"
4.0,0.45,1.6,0.28,0.4,0.0,0.18000000000000002,0.4204953692446093,3,mixed,22+22,2,44,22x12E,11.108904645120177,1.3735337496960445,11.648785480182568,0.2867220973689211,10.773688166498253,12.928425799797903,13.142735540101809,89.71625389948808,92.18232319225015,6.174901674540949,0.11571012731103443,0.17040795956201973,-1173.0988665946334,0.0,0.08943605284756254,968.472237875355,2047.3699920210988,18.25,False,"SOC floor violated (min 0.116, unmet 0 Wh); did not refill (end SOC 0.170)"
4.0,0.45,1.6,0.34,0.4,0.0,0.18000000000000002,0.4204953692446093,3,mixed,22+22,2,44,22x12E,11.108904645120177,1.3735337496960445,11.648785480182568,0.2867220973689211,10.773688166498253,12.928425799797903,13.142735540101809,89.71625389948808,92.18232319225015,6.174901674540949,0.11571012731103443,0.17040795956201973,-1173.0988665946334,0.0,0.08943605284756254,968.472237875355,2047.3699920210988,18.25,False,"SOC floor violated (min 0.116, unmet 0 Wh); did not refill (end SOC 0.170)"
6.0,0.36,1.3,0.34,0.4,0.0,0.144,0.44606429664317643,3,mixed,28+28,2,56,19x10E,11.378145961504027,1.608349888074926,22.38318929663327,0.31522404061394377,10.076133967182429,12.091360760618914,12.291794782877803,100.28327357330988,104.42704914207165,2.748521474194786,0.04341938853057937,0.16701490353384343,-1178.0154047794608,0.0,0.14672139352201677,1232.601030023179,2315.459680110044,17.083333333333336,False,"SOC floor violated (min 0.043, unmet 0 Wh); did not refill (end SOC 0.167)"
4.0,0.4,1.3,0.28,0.4,0.0,0.16000000000000003,0.41415633173434313,3,mixed,19+19,2,38,22x12E,10.538422883107799,1.2193975196162425,13.121233840983514,0.2933914534781433,11.13688170230186,13.364258042762232,13.58579241321463,84.59898636013163,87.12104143576543,6.577556914180487,0.14388147009634328,0.1657642016071521,-1179.8276718712366,0.0,0.11288812194542311,836.4078418014427,1922.3554342524212,19.25,False,"SOC floor violated (min 0.144, unmet 0 Wh); did not refill (end SOC 0.166)"
4.0,0.4,1.3,0.34,0.4,0.0,0.16000000000000003,0.41415633173434313,3,mixed,19+19,2,38,22x12E,10.538422883107799,1.2193975196162425,13.121233840983514,0.2933914534781433,11.13688170230186,13.364258042762232,13.58579241321463,84.59898636013163,87.12104143576543,6.577556914180487,0.14388147009634328,0.1657642016071521,-1179.8276718712366,0.0,0.11288812194542311,836.4078418014427,1922.3554342524212,19.25,False,"SOC floor violated (min 0.144, unmet 0 Wh); did not refill (end SOC 0.166)"
5.0,0.36,1.3,0.34,0.4,0.5,0.144,1.4876369168177235,3,mixed,26+26+14,3,66,16x12E,11.47913590072459,1.5813295740326283,15.809481091437656,0.3023631810267888,10.206852796697019,12.248223356036423,12.451257631613691,117.95694949493496,121.11793567093204,1.9134317448003475,0.008637356327751148,0.16333037029519976,-1183.3542934422555,193.41575477822266,0.14129728941860736,1452.7083568130329,2733.0936911104395,17.0,False,"SOC floor violated (min 0.009, unmet 193 Wh); did not refill (end SOC 0.163)"
4.0,0.36,1.6,0.28,0.4,0.5,0.144,1.1916324633003623,3,mixed,21+21,2,42,22x12E,10.849677156457323,1.2653926120728782,12.644296993160022,0.2914012812083851,11.092877313433002,13.311452776119602,13.532111813166674,88.44933665631427,91.07675763177551,6.361978454848835,0.12003737127562604,0.161001298682766,-1186.729118208672,0.0,0.14061159411747562,924.4507725173844,2017.0159433686151,18.583333333333336,False,"SOC floor violated (min 0.120, unmet 0 Wh); did not refill (end SOC 0.161)"
4.0,0.36,1.6,0.34,0.4,0.5,0.144,1.1916324633003623,3,mixed,21+21,2,42,22x12E,10.849677156457323,1.2653926120728782,12.644296993160022,0.2914012812083851,11.092877313433002,13.311452776119602,13.532111813166674,88.44933665631427,91.07675763177551,6.361978454848835,0.12003737127562604,0.161001298682766,-1186.729118208672,0.0,0.14061159411747562,924.4507725173844,2017.0159433686151,18.583333333333336,False,"SOC floor violated (min 0.120, unmet 0 Wh); did not refill (end SOC 0.161)"
5.0,0.4,1.6,0.34,0.4,0.0,0.16000000000000003,0.41037840318928526,3,mixed,25+25,2,50,18x12E,11.29944551183729,1.4984908167654285,16.68345225762799,0.3046571773818805,10.402793376589399,12.483352051907278,12.690283969048213,95.72782964660463,98.31062818565374,3.0987518917235755,0.07197004493740734,0.15996864133835964,-1188.225438700717,0.0,0.1289496996546108,1100.5366339492664,2194.0408688107486,17.583333333333332,False,"SOC floor violated (min 0.072, unmet 0 Wh); did not refill (end SOC 0.160)"
4.0,0.3,1.3,0.28,0.4,0.5,0.12,1.1767718610457285,3,mixed,19+19,2,38,22x12E,10.167104836434058,1.051818934988231,15.211743645002006,0.3006424499283939,11.778137166455352,14.133764599746423,14.368054796232338,84.8912623128941,87.93475352414325,6.841036215812601,0.13983409313055653,0.1593726210922175,-1189.0890720373768,0.0,0.11486507866315657,836.4078418014427,1931.5932544952848,19.333333333333336,False,"SOC floor violated (min 0.140, unmet 0 Wh); did not refill (end SOC 0.159)"
4.0,0.3,1.3,0.34,0.4,0.5,0.12,1.1767718610457285,3,mixed,19+19,2,38,22x12E,10.167104836434058,1.051818934988231,15.211743645002006,0.3006424499283939,11.778137166455352,14.133764599746423,14.368054796232338,84.8912623128941,87.93475352414325,6.841036215812601,0.13983409313055653,0.1593726210922175,-1189.0890720373768,0.0,0.11486507866315657,836.4078418014427,1931.5932544952848,19.333333333333336,False,"SOC floor violated (min 0.140, unmet 0 Wh); did not refill (end SOC 0.159)"
6.0,0.3,1.3,0.34,0.4,0.0,0.12,0.3677616452701203,4,mixed,23+23,2,46,19x12E,11.984339829420765,1.3261970961486216,27.145286401656865,0.32065005584329564,11.388105207372615,13.665726248847138,13.89225794642632,92.40254113772723,95.80152260673945,3.6056142926261585,0.31999986301586564,0.3644929680098535,-1189.1595858049632,0.0,0.17004094141319942,1012.4937032333258,2117.771627663773,18.083333333333332,False,did not refill (end SOC 0.364)
4.0,0.45,1.6,0.28,0.4,0.0,0.18000000000000002,0.4204953692446093,2,mixed,22+22+18,3,62,17x12E,9.99365648348056,1.3735337496960445,11.648785480182568,0.2867220973689211,10.218590375412509,12.262308450495011,12.465576209481807,144.33150147769706,114.22753843921168,2.729369082433361,0.008194891967254724,0.17422126420942152,-1189.7651573042492,1189.7651573042492,2.5857670954719083,1364.6654260970913,3223.540183310776,20.0,False,"SOC floor violated (min 0.008, unmet 1190 Wh); did not refill (end SOC 0.174)"
4.0,0.45,1.6,0.34,0.4,0.0,0.18000000000000002,0.4204953692446093,2,mixed,22+22+18,3,62,17x12E,9.99365648348056,1.3735337496960445,11.648785480182568,0.2867220973689211,10.218590375412509,12.262308450495011,12.465576209481807,144.33150147769706,114.22753843921168,2.729369082433361,0.008194891967254724,0.17422126420942152,-1189.7651573042492,1189.7651573042492,2.5857670954719083,1364.6654260970913,3223.540183310776,20.0,False,"SOC floor violated (min 0.008, unmet 1190 Wh); did not refill (end SOC 0.174)"
4.0,0.3,1.6,0.28,0.6,0.5,0.18,1.1644943732591284,3,mixed,20+20,2,40,22x12E,10.483567386633855,1.0997393247910954,14.54890230740756,0.2985689715234622,11.696559040413527,14.035870848496232,14.26853829641765,86.94141080328862,89.9894523527111,6.621378645966052,0.12656608184007917,0.15482435885740078,-1195.6795040156262,0.0,0.09760991300377833,880.4293071594134,1982.0880704884894,18.916666666666664,False,"SOC floor violated (min 0.127, unmet 0 Wh); did not refill (end SOC 0.155)"
4.0,0.3,1.6,0.34,0.6,0.5,0.18,1.1644943732591284,3,mixed,20+20,2,40,22x12E,10.483567386633855,1.0997393247910954,14.54890230740756,0.2985689715234622,11.696559040413527,14.035870848496232,14.26853829641765,86.94141080328862,89.9894523527111,6.621378645966052,0.12656608184007917,0.15482435885740078,-1195.6795040156262,0.0,0.09760991300377833,880.4293071594134,1982.0880704884894,18.916666666666664,False,"SOC floor violated (min 0.127, unmet 0 Wh); did not refill (end SOC 0.155)"
4.5,0.3,1.3,0.34,0.6,0.5,0.18,1.3187108526089395,4,mixed,23+23,2,46,22x12E,11.876563234245593,1.2382453023130726,16.3537870583256,0.30382067342519403,11.732498232329656,14.078997878795587,14.312380227572426,92.8293408811886,96.18374591288104,5.812803235457079,0.3159244514993092,0.3593466944192436,-1199.1021863820213,0.0,0.10922490122840145,1012.4937032333258,2127.751077586047,18.083333333333332,False,did not refill (end SOC 0.359)
4.0,0.36,1.6,0.28,0.6,0.0,0.216,0.36122152190996115,3,mixed,20+20,2,40,22x12E,10.706311990761574,1.2040158991550345,13.288861061742315,0.29405700436348403,11.296717953183188,13.556061543819826,13.780775370080503,87.2813397400601,90.01456863297868,6.4670988119740205,0.12225783330357913,0.15043957634058808,-1202.0330538824878,0.0,0.09342386629251465,880.4293071594134,1988.4182982260302,19.0,False,"SOC floor violated (min 0.122, unmet 0 Wh); did not refill (end SOC 0.150)"
4.0,0.36,1.6,0.34,0.6,0.0,0.216,0.36122152190996115,3,mixed,20+20,2,40,22x12E,10.706311990761574,1.2040158991550345,13.288861061742315,0.29405700436348403,11.296717953183188,13.556061543819826,13.780775370080503,87.2813397400601,90.01456863297868,6.4670988119740205,0.12225783330357913,0.15043957634058808,-1202.0330538824878,0.0,0.09342386629251465,880.4293071594134,1988.4182982260302,19.0,False,"SOC floor violated (min 0.122, unmet 0 Wh); did not refill (end SOC 0.150)"
4.0,0.45,1.3,0.28,0.4,0.5,0.18000000000000002,1.2687815315068947,3,mixed,26+26+24,3,76,17x12E,11.67829048102773,1.6025710135068616,9.983956944901708,0.2768118311463376,10.226557025856883,12.271868431028258,12.475294662282066,112.36684804949866,148.38994535153398,2.205635603124807,0.00938045904546322,0.14741957192634342,-1206.4090402787285,91.04711658852096,0.3581417645926047,1672.815683602886,2873.9949059297523,15.75,False,"SOC floor violated (min 0.009, unmet 91 Wh); did not refill (end SOC 0.147)"
4.0,0.45,1.3,0.34,0.4,0.5,0.18000000000000002,1.2687815315068947,3,mixed,26+26+24,3,76,17x12E,11.67829048102773,1.6025710135068616,9.983956944901708,0.2768118311463376,10.226557025856883,12.271868431028258,12.475294662282066,112.36684804949866,148.38994535153398,2.205635603124807,0.00938045904546322,0.14741957192634342,-1206.4090402787285,91.04711658852096,0.3581417645926047,1672.815683602886,2873.9949059297523,15.75,False,"SOC floor violated (min 0.009, unmet 91 Wh); did not refill (end SOC 0.147)"
4.0,0.45,1.3,0.28,0.6,0.5,0.27,1.2768340838119103,3,mixed,29+29+24,3,82,16x12E,11.848757256849748,1.669830135086144,9.581812942413203,0.27390158069338805,10.091336849334258,12.10960421920111,12.310340656536013,141.5392587767732,163.92986481940773,1.6951366838744457,0.00661777548808049,0.13955253858961683,-1217.8083715836453,513.9311160698114,0.20438414678699957,1804.8800796767982,3439.2741044516483,16.75,False,"SOC floor violated (min 0.007, unmet 514 Wh); did not refill (end SOC 0.140)"
4.0,0.45,1.3,0.34,0.6,0.5,0.27,1.2768340838119103,3,mixed,29+29+24,3,82,16x12E,11.848757256849748,1.669830135086144,9.581812942413203,0.27390158069338805,10.091336849334258,12.10960421920111,12.310340656536013,141.5392587767732,163.92986481940773,1.6951366838744457,0.00661777548808049,0.13955253858961683,-1217.8083715836453,513.9311160698114,0.20438414678699957,1804.8800796767982,3439.2741044516483,16.75,False,"SOC floor violated (min 0.007, unmet 514 Wh); did not refill (end SOC 0.140)"
4.0,0.52,1.6,0.28,0.4,0.0,0.20800000000000002,0.49263346414198567,3,mixed,28+24+24,3,76,17x12E,11.886805597000615,1.6097016408122995,9.93973019243862,0.2765032943879294,10.29457296078574,12.353487552942887,12.558266754240552,115.752697850456,151.0302691776258,2.1636852139136367,0.009679334136632266,0.1365795886306556,-1222.11617607418,144.67068863114034,0.3276505150949067,1672.815683602886,2943.2251166388983,15.916666666666666,False,"SOC floor violated (min 0.010, unmet 145 Wh); did not refill (end SOC 0.137)"
4.0,0.52,1.6,0.34,0.4,0.0,0.20800000000000002,0.49263346414198567,3,mixed,28+24+24,3,76,17x12E,11.886805597000615,1.6097016408122995,9.93973019243862,0.2765032943879294,10.29457296078574,12.353487552942887,12.558266754240552,115.752697850456,151.0302691776258,2.1636852139136367,0.009679334136632266,0.1365795886306556,-1222.11617607418,144.67068863114034,0.3276505150949067,1672.815683602886,2943.2251166388983,15.916666666666666,False,"SOC floor violated (min 0.010, unmet 145 Wh); did not refill (end SOC 0.137)"
4.0,0.36,1.6,0.28,1.0,1.0,0.36,2.0,3,mixed,24+24,2,48,22x12E,11.245716613582799,1.44,11.11111111111111,0.2838461538461538,10.586704007789535,12.704044809347442,12.914635068831549,95.3970702807071,97.89823935937164,6.043138304674574,0.06602064837730173,0.1359172248046862,-1223.0759412580096,0.0,0.28468684781536047,1056.5151685912963,2184.7451319655197,17.916666666666668,False,"SOC floor violated (min 0.066, unmet 0 Wh); did not refill (end SOC 0.136)"
4.0,0.36,1.6,0.34,1.0,1.0,0.36,2.0,3,mixed,24+24,2,48,22x12E,11.245716613582799,1.44,11.11111111111111,0.2838461538461538,10.586704007789535,12.704044809347442,12.914635068831549,95.3970702807071,97.89823935937164,6.043138304674574,0.06602064837730173,0.1359172248046862,-1223.0759412580096,0.0,0.28468684781536047,1056.5151685912963,2184.7451319655197,17.916666666666668,False,"SOC floor violated (min 0.066, unmet 0 Wh); did not refill (end SOC 0.136)"
4.0,0.4,1.6,0.28,0.4,0.0,0.16000000000000003,0.37011659834047966,3,mixed,19+19,2,38,22x12E,10.714640855285374,1.208827983601715,13.23596096139985,0.29384878917107965,11.27859510343405,13.53431412412086,13.75866745143602,86.81614910722118,89.51902879247028,6.463993616586615,0.11386601365875545,0.12910679430738273,-1232.9442550486024,0.0,0.10920468272666993,836.4078418014428,1975.3000572093927,19.666666666666664,False,"SOC floor violated (min 0.114, unmet 0 Wh); did not refill (end SOC 0.129)"
4.0,0.4,1.6,0.34,0.4,0.0,0.16000000000000003,0.37011659834047966,3,mixed,19+19,2,38,22x12E,10.714640855285374,1.208827983601715,13.23596096139985,0.29384878917107965,11.27859510343405,13.53431412412086,13.75866745143602,86.81614910722118,89.51902879247028,6.463993616586615,0.11386601365875545,0.12910679430738273,-1232.9442550486024,0.0,0.10920468272666993,836.4078418014428,1975.3000572093927,19.666666666666664,False,"SOC floor violated (min 0.114, unmet 0 Wh); did not refill (end SOC 0.129)"
4.5,0.36,1.3,0.28,1.0,1.0,0.36,2.25,3,mixed,26+26+14+7,4,73,16x12E,11.730638977910361,1.6199999999999999,12.500000000000002,0.2907692307692308,10.194167767087263,12.233001320504716,12.435783266020131,141.57922500581589,145.42967958908272,1.7844779949464147,0.007646686963511597,0.1280714389981439,-1234.4444848916894,558.0613714316888,0.25452834826308407,1606.7834855659296,3301.9667412850126,17.75,False,"SOC floor violated (min 0.008, unmet 558 Wh); did not refill (end SOC 0.128)"
4.5,0.36,1.3,0.34,1.0,1.0,0.36,2.25,3,mixed,26+26+14+7,4,73,16x12E,11.730638977910361,1.6199999999999999,12.500000000000002,0.2907692307692308,10.194167767087263,12.233001320504716,12.435783266020131,141.57922500581589,145.42967958908272,1.7844779949464147,0.007646686963511597,0.1280714389981439,-1234.4444848916894,558.0613714316888,0.25452834826308407,1606.7834855659296,3301.9667412850126,17.75,False,"SOC floor violated (min 0.008, unmet 558 Wh); did not refill (end SOC 0.128)"
5.0,0.3,1.6,0.34,0.4,0.0,0.12,0.30240916561737635,4,mixed,18+18+8,3,44,22x12E,11.900328043253273,1.1044336498111278,22.636036129717088,0.31556952969753804,12.43535250672679,14.922423008072148,15.169786503758914,92.4473879166564,96.70036958709966,5.785621721492613,0.3107648997774387,0.339655581507385,-1237.1454165277323,0.0,0.12464051968876551,968.472237875355,2121.774294047995,18.583333333333336,False,did not refill (end SOC 0.340)
4.0,0.36,1.3,0.28,0.4,0.0,0.144,0.3695019793824801,3,mixed,17+17,2,34,22x12E,10.224797030793528,1.0878124275466157,14.708418101166028,0.2990850391926945,11.61445375507005,13.93734450608406,14.168378719210894,83.5499133574172,86.40778734802745,6.808948646849394,0.12390877289462798,0.1249378878792142,-1238.9850004630187,0.0,0.2942306181065675,748.3649110855013,1893.295230218085,21.166666666666664,False,"SOC floor violated (min 0.124, unmet 0 Wh); did not refill (end SOC 0.125)"
4.0,0.36,1.3,0.34,0.4,0.0,0.144,0.3695019793824801,3,mixed,17+17,2,34,22x12E,10.224797030793528,1.0878124275466157,14.708418101166028,0.2990850391926945,11.61445375507005,13.93734450608406,14.168378719210894,83.5499133574172,86.40778734802745,6.808948646849394,0.12390877289462798,0.1249378878792142,-1238.9850004630187,0.0,0.2942306181065675,748.3649110855013,1893.295230218085,21.166666666666664,False,"SOC floor violated (min 0.124, unmet 0 Wh); did not refill (end SOC 0.125)"
5.5,0.36,1.3,0.34,0.6,0.0,0.216,0.4687516852914388,3,mixed,29+29,2,58,19x10E,11.484213322277723,1.651500242681967,18.31667911285031,0.3083572735304826,9.989868094180249,11.987841713016298,12.186559738250356,107.18952432977922,111.39719576254613,2.6952058778652037,0.009882671602031674,0.12328496606269519,-1241.3800841751545,58.77802569019624,0.26022470301747685,1276.6224953811497,2480.950366085877,17.25,False,"SOC floor violated (min 0.010, unmet 59 Wh); did not refill (end SOC 0.123)"
4.5,0.36,1.6,0.28,0.6,0.5,0.216,1.334833955011557,3,mixed,25+25,2,50,19x12E,11.291173370219303,1.4882160895216643,13.606894954689452,0.295274663606097,10.434820660962078,12.521784793154493,12.72935379565473,98.31890460108887,100.94067428729623,3.730030613014951,0.04023848928846073,0.11727181864608757,-1250.0931347818191,0.0,0.21456236545472387,1100.5366339492664,2255.602809350551,17.916666666666668,False,"SOC floor violated (min 0.040, unmet 0 Wh); did not refill (end SOC 0.117)"
4.5,0.36,1.6,0.34,0.6,0.5,0.216,1.334833955011557,3,mixed,25+25,2,50,19x12E,11.291173370219303,1.4882160895216643,13.606894954689452,0.295274663606097,10.434820660962078,12.521784793154493,12.72935379565473,98.31890460108887,100.94067428729623,3.730030613014951,0.04023848928846073,0.11727181864608757,-1250.0931347818191,0.0,0.21456236545472387,1100.5366339492664,2255.602809350551,17.916666666666668,False,"SOC floor violated (min 0.040, unmet 0 Wh); did not refill (end SOC 0.117)"
4.0,0.3,1.6,0.34,0.6,0.0,0.18,0.298732218071772,3,mixed,17+17+8,3,42,22x12E,10.400951332202684,0.9958478661686126,16.06671113486219,0.30306427502155037,12.243017853867359,14.69162142464083,14.935159007708931,91.08660883834477,94.93449722148236,6.63790708109749,0.08524269397227296,0.1134614471702044,-1255.6143630503736,0.0,0.19269521934349498,924.4507725173846,2085.6387114012136,18.916666666666664,False,"SOC floor violated (min 0.085, unmet 0 Wh); did not refill (end SOC 0.113)"
5.5,0.36,1.6,0.34,0.6,0.0,0.216,0.4207279971802974,3,mixed,29+29,2,58,19x10E,11.649273206916298,1.6445848315939628,18.393699989730006,0.3085155410442577,10.082534679750092,12.09904161570011,12.299602960657312,109.65961460884522,114.14507179544185,2.64892236007306,0.009382619242278909,0.11100403665143577,-1259.1751508920695,101.38880318088307,0.14085305992572353,1276.6224953811493,2541.3600104240354,17.416666666666664,False,"SOC floor violated (min 0.009, unmet 101 Wh); did not refill (end SOC 0.111)"
5.5,0.36,1.6,0.34,0.4,0.5,0.144,1.5987395917999254,3,mixed,29+29,2,58,19x10E,11.829419485191343,1.7313277518287837,17.472139499899562,0.3065303248151072,9.902401254116803,11.882881504940164,12.079859643564406,109.45868487361469,113.6130344990007,2.606320652640462,0.006786715792911539,0.11062177871056621,-1259.7290426483896,93.91377165430765,0.2119726810156687,1276.6224953811493,2534.35790533389,17.416666666666664,False,"SOC floor violated (min 0.007, unmet 94 Wh); did not refill (end SOC 0.111)"
4.0,0.3,1.6,0.28,0.4,0.5,0.12,1.1589138994069248,3,mixed,19+19,2,38,22x12E,10.368598897692785,1.0486045018932464,15.258374316639054,0.300781535975773,11.912492151574849,14.294990581889818,14.531953361944563,87.86324452774869,91.17743752854801,6.688150359426051,0.09931299195238211,0.11039572642238593,-1260.0565924139628,0.0,0.1846753961478136,836.407841801443,2002.2508234192392,19.916666666666668,False,"SOC floor violated (min 0.099, unmet 0 Wh); did not refill (end SOC 0.110)"
4.0,0.3,1.6,0.34,0.4,0.5,0.12,1.1589138994069248,3,mixed,19+19,2,38,22x12E,10.368598897692785,1.0486045018932464,15.258374316639054,0.300781535975773,11.912492151574849,14.294990581889818,14.531953361944563,87.86324452774869,91.17743752854801,6.688150359426051,0.09931299195238211,0.11039572642238593,-1260.0565924139628,0.0,0.1846753961478136,836.407841801443,2002.2508234192392,19.916666666666668,False,"SOC floor violated (min 0.099, unmet 0 Wh); did not refill (end SOC 0.110)"
5.0,0.3,1.3,0.34,0.4,0.0,0.12,0.33743891939486287,4,mixed,18+18,2,36,22x12E,11.534056664831205,1.1107390054910753,22.507537663131856,0.31539491984793944,12.207689597935918,14.649227517523101,14.89206235244804,86.70190344682491,90.39467504943218,6.0105867957873595,0.3235496706705498,0.325546735554445,-1264.4037069088122,0.0,0.16210118188888717,792.3863764434725,1973.1549213991589,20.666666666666668,False,did not refill (end SOC 0.326)
4.5,0.3,1.3,0.34,0.4,0.5,0.12,1.3122039256221436,4,mixed,22+22,2,44,22x12E,11.747613117190925,1.1811967066119857,17.143630596535328,0.3057710527654022,11.947090494601929,14.336508593522314,14.574159602324215,93.74093291530161,97.3913353755277,5.870397026784037,0.29838864635685003,0.325514863326133,-1264.465284053911,0.0,0.1947591341708919,968.472237875355,2148.9470028834207,18.75,False,did not refill (end SOC 0.326)
4.5,0.36,1.3,0.34,0.4,0.5,0.144,1.3507978314067701,3,mixed,23+23,2,46,19x12E,10.948848652956233,1.4257723315838622,14.202828566258315,0.2974094929373038,10.498024554465058,12.59762946535807,12.806455716981679,95.61708724292474,98.2071571442728,3.8675655363606913,0.05212934494790453,0.10245031354800528,-1271.5694956689404,0.0,0.2039937427026608,1012.4937032333258,2189.2713174460596,18.416666666666668,False,"SOC floor violated (min 0.052, unmet 0 Wh); did not refill (end SOC 0.102)"
5.5,0.4,1.3,0.34,0.4,0.0,0.16000000000000003,0.4794418001213123,3,mixed,27+27,2,54,19x10E,11.477847570876676,1.655066032029115,18.277216385689112,0.3082756661455511,9.976334744643871,11.971601693572646,12.17005051400146,106.29386018176587,110.44031076958069,2.699969566526642,0.008608708915330545,0.08605501409260098,-1295.3262845798213,68.08818005620584,0.26947412207768195,1188.5795646652084,2456.276885438245,17.916666666666668,False,"SOC floor violated (min 0.009, unmet 68 Wh); did not refill (end SOC 0.086)"
4.0,0.3,1.3,0.34,0.6,0.0,0.18,0.3327984198905627,3,mixed,16+16,2,32,22x12E,10.010083778948939,0.9999358103868674,16.001027099739257,0.30288739281979904,11.98619239539313,14.383430874471756,14.621859696597607,84.44909150825725,87.69938047690528,6.9482719300202955,0.08536633849108928,0.08536633849108928,-1296.3241755264116,0.0,0.0,704.3434457275309,1906.7781961981848,24.0,False,"SOC floor violated (min 0.085, unmet 0 Wh); did not refill (end SOC 0.085)"
4.5,0.3,1.3,0.34,0.6,0.0,0.18,0.3521334814483306,4,mixed,18+18+10,3,46,22x12E,11.7477409951879,1.1222560177737997,18.044011062796155,0.3077861190504683,12.25687224246576,14.708246690958912,14.952059864927433,96.96586754083826,101.15476668960783,5.8452981858722,0.27630140040520457,0.30635993747254064,-1301.4726008030514,0.0,0.12048503824977057,1012.493703233326,2229.8706913692854,18.583333333333336,False,did not refill (end SOC 0.306)
4.0,0.36,1.6,0.28,0.4,0.0,0.144,0.33049322809804865,3,mixed,17+17,2,34,22x12E,10.41320049850111,1.0793865372691784,14.823234724123584,0.2994496209835451,11.766629151216684,14.11995498146002,14.354016261003187,86.33534315264147,89.4260377251939,6.6702967473227055,0.08087796295063882,0.08087796295063882,-1302.8278316845242,0.0,0.0,748.3649110855013,1957.1993932843097,22.333333333333336,False,"SOC floor violated (min 0.081, unmet 0 Wh); did not refill (end SOC 0.081)"
4.0,0.36,1.6,0.34,0.4,0.0,0.144,0.33049322809804865,3,mixed,17+17,2,34,22x12E,10.41320049850111,1.0793865372691784,14.823234724123584,0.2994496209835451,11.766629151216684,14.11995498146002,14.354016261003187,86.33534315264147,89.4260377251939,6.6702967473227055,0.08087796295063882,0.08087796295063882,-1302.8278316845242,0.0,0.0,748.3649110855013,1957.1993932843097,22.333333333333336,False,"SOC floor violated (min 0.081, unmet 0 Wh); did not refill (end SOC 0.081)"
4.0,0.4,1.6,0.28,0.6,0.5,0.24,1.2205686848003234,3,mixed,28+28,2,56,19x12E,11.337726875216038,1.4752909895680517,10.84531805124399,0.2823191398744593,10.502014162654138,12.602416995184965,12.811322607922586,114.07257987709268,117.21361279154445,3.6453933228798205,0.00985320914605706,0.07985477276928947,-1304.3104342572997,194.82421355410168,0.12293970350684802,1232.601030023178,2635.8028563083285,18.25,False,"SOC floor violated (min 0.010, unmet 195 Wh); did not refill (end SOC 0.080)"
4.0,0.4,1.6,0.34,0.6,0.5,0.24,1.2205686848003234,3,mixed,28+28,2,56,19x12E,11.337726875216038,1.4752909895680517,10.84531805124399,0.2823191398744593,10.502014162654138,12.602416995184965,12.811322607922586,114.07257987709268,117.21361279154445,3.6453933228798205,0.00985320914605706,0.07985477276928947,-1304.3104342572997,194.82421355410168,0.12293970350684802,1232.601030023178,2635.8028563083285,18.25,False,"SOC floor violated (min 0.010, unmet 195 Wh); did not refill (end SOC 0.080)"
4.5,0.36,1.3,0.34,0.4,0.0,0.144,0.3901586067935855,4,mixed,20+20,2,40,22x12E,11.80780509286932,1.2182742590674143,16.621872989010964,0.30450344413444735,11.793983153995061,14.152779784794072,14.387385188980637,92.04975173923025,95.44374625396604,5.850868795191604,0.2938797753237046,0.303601078438981,-1306.8027164558887,0.0,0.16115812229965223,880.4293071594133,2103.33568555293,19.833333333333332,False,did not refill (end SOC 0.304)
5.5,0.4,1.6,0.34,0.4,0.0,0.16000000000000003,0.4290000000310116,3,mixed,27+27,2,54,19x10E,11.630481235228563,1.642960000007443,18.411890733714127,0.3085527272725569,10.079379488209137,12.095255385850963,12.295753967874127,108.71083214886231,113.14786459320504,2.6567716412268902,0.008627444854931663,0.07568428529002813,-1310.3534706147493,112.05142890245716,0.10851131160171808,1188.5795646652082,2515.3124135350645,18.083333333333332,False,"SOC floor violated (min 0.009, unmet 112 Wh); did not refill (end SOC 0.076)"
4.5,0.36,1.3,0.28,1.0,1.0,0.36,2.25,3,mixed,26+26+14,3,66,16x12E,11.566638977910362,1.6199999999999999,12.500000000000002,0.2907692307692308,10.122657254384682,12.147188705261618,12.348548166742834,114.06760699983039,141.98038945360074,1.815673644300793,0.005469647093162329,0.07388047285797573,-1312.9671948287933,150.28407314451394,0.13236878929474707,1452.708356813033,2819.990240785764,16.75,False,"SOC floor violated (min 0.005, unmet 150 Wh); did not refill (end SOC 0.074)"
4.5,0.36,1.3,0.34,1.0,1.0,0.36,2.25,3,mixed,26+26+14,3,66,16x12E,11.566638977910362,1.6199999999999999,12.500000000000002,0.2907692307692308,10.122657254384682,12.147188705261618,12.348548166742834,114.06760699983039,141.98038945360074,1.815673644300793,0.005469647093162329,0.07388047285797573,-1312.9671948287933,150.28407314451394,0.13236878929474707,1452.708356813033,2819.990240785764,16.75,False,"SOC floor violated (min 0.005, unmet 150 Wh); did not refill (end SOC 0.074)"
5.0,0.45,1.6,0.34,0.4,0.0,0.18000000000000002,0.465756598298709,3,mixed,29+29,2,58,19x10E,11.803265195512672,1.7007542815406513,14.699360319912534,0.2990560352804127,9.979958727920776,11.97595047350493,12.174471382052776,119.65425066411011,124.38917116327197,2.575557718476375,0.006626409536096312,0.06808788071057914,-1321.3606608503708,276.7536548128327,0.16341689607911883,1276.622495381149,2778.5332321005553,18.333333333333332,False,"SOC floor violated (min 0.007, unmet 277 Wh); did not refill (end SOC 0.068)"
5.0,0.36,1.3,0.34,0.6,0.0,0.216,0.4478819785745004,3,mixed,25+25,2,50,17x12E,11.093473437925258,1.504495004914728,16.61687138763013,0.3044909075562075,10.286955191048857,12.344346229258628,12.548973898209265,103.47904137932942,106.24344189720979,2.4991085912234325,0.009887246600540377,0.06648628650078739,-1323.681370860359,50.04859307804133,0.09557601656456663,1100.5366339492664,2378.931562662078,18.416666666666668,False,"SOC floor violated (min 0.010, unmet 50 Wh); did not refill (end SOC 0.066)"
4.5,0.4,1.6,0.28,0.6,0.0,0.24,0.426630507363234,3,mixed,26+26,2,52,18x12E,11.340461682765907,1.5082608811781175,13.426059279733174,0.2945893715836541,10.387847934089809,12.46541752090777,12.672052143951145,107.55133376075905,110.46726330232362,3.0312519073691493,0.005724322792252927,0.0646779082708567,-1326.3017109155285,102.25861238618666,0.10155874645836012,1144.5580993072376,2477.5126168652982,18.416666666666668,False,"SOC floor violated (min 0.006, unmet 102 Wh); did not refill (end SOC 0.065)"
4.5,0.4,1.6,0.34,0.6,0.0,0.24,0.426630507363234,3,mixed,26+26,2,52,18x12E,11.340461682765907,1.5082608811781175,13.426059279733174,0.2945893715836541,10.387847934089809,12.46541752090777,12.672052143951145,107.55133376075905,110.46726330232362,3.0312519073691493,0.005724322792252927,0.0646779082708567,-1326.3017109155285,102.25861238618666,0.10155874645836012,1144.5580993072376,2477.5126168652982,18.416666666666668,False,"SOC floor violated (min 0.006, unmet 102 Wh); did not refill (end SOC 0.065)"
5.0,0.36,1.3,0.34,0.6,0.5,0.216,1.4956291289888761,3,mixed,28+28,2,56,19x10E,11.488282207877797,1.6553705945743977,15.10235839753309,0.3003128143040936,9.979950307242369,11.975940368690843,12.174461109734917,116.37389407248943,120.98289747286834,2.6585643368810716,0.005827518808500448,0.06196481172855158,-1330.2329878053288,232.03876948631762,0.2629453537398021,1232.601030023178,2698.707060058521,18.416666666666668,False,"SOC floor violated (min 0.006, unmet 232 Wh); did not refill (end SOC 0.062)"
4.5,0.3,1.6,0.34,0.4,0.5,0.12,1.293317848355444,4,mixed,22+22,2,44,22x12E,11.943298500523424,1.17779721270398,17.193112516805986,0.30588727477935107,12.063555638494506,14.476266766193406,14.716234494614099,96.50163207950806,100.43069263769328,5.7576001423092285,0.27109547548284196,0.2910489320741253,-1331.05346323279,0.0,0.2050963470830081,968.4722378753546,2215.3570509859505,19.083333333333332,False,did not refill (end SOC 0.291)
5.0,0.3,1.6,0.34,0.4,0.0,0.12,0.30240916561737635,4,mixed,18+18,2,36,22x12E,11.728328043253272,1.1044336498111278,22.636036129717088,0.31556952969753804,12.345158963325268,14.814190755990321,15.059760125602082,89.67466843813541,93.64704892759602,5.889527005882538,0.28984183936245916,0.28984183936245916,-1333.385566351729,0.0,0.0,792.3863764434723,2042.1229937388973,21.5,False,did not refill (end SOC 0.290)
4.0,0.3,1.3,0.34,0.4,0.0,0.12,0.3039104742554,3,mixed,14+14+8,3,36,20x13E,9.902638984188979,0.894703885365972,17.883011644076316,0.30744069726781853,12.603299617421852,15.123959540906222,15.37466383327483,89.38812565973332,92.79655157141852,5.850584543559138,0.058218901698012956,0.058218901698012956,-1335.6608114395792,0.0,0.0,792.3863764434723,2033.836080612804,21.5,False,"SOC floor violated (min 0.058, unmet 0 Wh); did not refill (end SOC 0.058)"
4.0,0.3,1.6,0.34,0.6,0.0,0.18,0.298732218071772,3,mixed,17+17,2,34,22x12E,10.228951332202683,0.9958478661686126,16.06671113486219,0.30306427502155037,12.141364764010167,14.569637716812199,14.81115322100149,88.04693179871096,91.63478864863838,6.772297073479665,0.05597532266239571,0.05597532266239571,-1338.9117574621887,0.0,0.0,748.3649110855013,1993.1263631690538,24.0,False,"SOC floor violated (min 0.056, unmet 0 Wh); did not refill (end SOC 0.056)"
5.0,0.4,1.6,0.28,0.6,0.0,0.24,0.4486040083947966,3,mixed,28+28,2,56,19x10E,11.70838226754308,1.6717766413431674,14.954150800859422,0.29985849300895845,10.025539894255273,12.030647873106327,12.230075480248837,119.58462925196699,124.40453622595419,2.5976194691424417,0.007840785387903317,0.05242782104340655,-1344.0520873081039,294.8417981335404,0.17255400064010115,1232.601030023178,2775.335613660647,18.75,False,"SOC floor violated (min 0.008, unmet 295 Wh); did not refill (end SOC 0.052)"
5.0,0.4,1.6,0.34,0.6,0.0,0.24,0.4486040083947966,3,mixed,28+28,2,56,19x10E,11.70838226754308,1.6717766413431674,14.954150800859422,0.29985849300895845,10.025539894255273,12.030647873106327,12.230075480248837,119.58462925196699,124.40453622595419,2.5976194691424417,0.007840785387903317,0.05242782104340655,-1344.0520873081039,294.8417981335404,0.17255400064010115,1232.601030023178,2775.335613660647,18.75,False,"SOC floor violated (min 0.008, unmet 295 Wh); did not refill (end SOC 0.052)"
5.0,0.36,1.6,0.28,0.6,0.5,0.216,1.4709668198479715,3,mixed,28+28,2,56,19x10E,11.658217035868082,1.651819222058108,15.134828113242857,0.3004111600045448,10.064292714440016,12.077151257328019,12.277349733898108,119.09227312416512,123.9691392014956,2.61128430616655,0.005882285400834273,0.05184474368762032,-1344.8969663966382,282.55196053132016,0.24512017138320036,1232.601030023178,2763.818101885929,18.75,False,"SOC floor violated (min 0.006, unmet 283 Wh); did not refill (end SOC 0.052)"
5.0,0.36,1.6,0.34,0.6,0.5,0.216,1.4709668198479715,3,mixed,28+28,2,56,19x10E,11.658217035868082,1.651819222058108,15.134828113242857,0.3004111600045448,10.064292714440016,12.077151257328019,12.277349733898108,119.09227312416512,123.9691392014956,2.61128430616655,0.005882285400834273,0.05184474368762032,-1344.8969663966382,282.55196053132016,0.24512017138320036,1232.601030023178,2763.818101885929,18.75,False,"SOC floor violated (min 0.006, unmet 283 Wh); did not refill (end SOC 0.052)"
4.5,0.45,1.6,0.28,0.4,0.0,0.18000000000000002,0.4437516691652656,3,mixed,25+25,2,50,18x12E,11.402693812588888,1.5373129506746217,13.172334228442985,0.2935961384384745,10.317418280685228,12.380901936822273,12.586135576237986,107.60290041169704,110.46321942561863,3.007631377477177,0.008066299815420695,0.049814288981800466,-1347.839095265371,124.59546408390673,0.2561092965925494,1100.5366339492666,2477.2479247860024,18.833333333333332,False,"SOC floor violated (min 0.008, unmet 125 Wh); did not refill (end SOC 0.050)"
4.5,0.45,1.6,0.34,0.4,0.0,0.18000000000000002,0.4437516691652656,3,mixed,25+25,2,50,18x12E,11.402693812588888,1.5373129506746217,13.172334228442985,0.2935961384384745,10.317418280685228,12.380901936822273,12.586135576237986,107.60290041169704,110.46321942561863,3.007631377477177,0.008066299815420695,0.049814288981800466,-1347.839095265371,124.59546408390673,0.2561092965925494,1100.5366339492666,2477.2479247860024,18.833333333333332,False,"SOC floor violated (min 0.008, unmet 125 Wh); did not refill (end SOC 0.050)"
5.0,0.4,1.3,0.34,0.4,0.0,0.16000000000000003,0.4587942593310043,3,mixed,24+24,2,48,17x12E,11.10660960834458,1.5101106222394411,16.5550785696255,0.30433539815336935,10.273887870149391,12.328665444179268,12.533033178546209,102.98813163419184,105.72977577496518,2.4971315806591474,0.007917699233941426,0.049147096036326166,-1348.8058578433634,56.0904041232695,0.09952970674660477,1056.515168591296,2366.1087909596545,18.75,False,"SOC floor violated (min 0.008, unmet 56 Wh); did not refill (end SOC 0.049)"
4.5,0.36,1.6,0.28,1.0,1.0,0.36,2.25,3,mixed,26+26+12,3,64,16x12E,11.72809163350549,1.6199999999999999,12.500000000000002,0.2907692307692308,10.193060859518688,12.231673031422426,12.43443295838023,140.6849746044544,144.47338758076197,1.7880985970318464,0.004651172789751235,0.04835580323769887,-1349.9524411085742,613.3523529243196,0.10106661890889748,1408.6868914550614,3275.0657543070806,19.083333333333332,False,"SOC floor violated (min 0.005, unmet 613 Wh); did not refill (end SOC 0.048)"
4.5,0.36,1.6,0.34,1.0,1.0,0.36,2.25,3,mixed,26+26+12,3,64,16x12E,11.72809163350549,1.6199999999999999,12.500000000000002,0.2907692307692308,10.193060859518688,12.231673031422426,12.43443295838023,140.6849746044544,144.47338758076197,1.7880985970318464,0.004651172789751235,0.04835580323769887,-1349.9524411085742,613.3523529243196,0.10106661890889748,1408.6868914550614,3275.0657543070806,19.083333333333332,False,"SOC floor violated (min 0.005, unmet 613 Wh); did not refill (end SOC 0.048)"
4.5,0.36,1.3,0.34,0.6,0.5,0.216,1.3582788216710497,3,mixed,24+24,2,48,18x12E,11.080021826748634,1.491592150320631,13.576097189601784,0.29515924272408095,10.325086831053595,12.390104197264312,12.595490379153183,104.2053430319809,106.97175363779508,3.1119630088237895,0.007885454492360038,0.04503417166698276,-1354.765485254542,79.08134194383534,0.09532287501786858,1056.515168591296,2394.9908200137684,18.916666666666664,False,"SOC floor violated (min 0.008, unmet 79 Wh); did not refill (end SOC 0.045)"
5.0,0.36,1.6,0.34,0.4,0.5,0.144,1.463588302802556,3,mixed,26+26,2,52,16x12E,11.429464141684454,1.5761350734053523,15.861584721914548,0.3025070287364671,10.201514877876868,12.241817853452241,12.444745947378578,116.35251663907754,119.44598704207037,1.9276008415124355,0.006212920733346101,0.03550994645156859,-1368.5660875916772,269.46749607915575,0.11652518029868729,1144.5580993072376,2686.6388053515825,19.416666666666668,False,"SOC floor violated (min 0.006, unmet 269 Wh); did not refill (end SOC 0.036)"
4.5,0.36,1.6,0.34,0.4,0.0,0.144,0.34912303194307287,4,mixed,20+20,2,40,22x12E,11.989759363032134,1.2094105748997037,16.743693515065658,0.304806476071805,11.927977241652957,14.313572689983548,14.550843498782202,94.6901412621077,98.35696294091794,5.74711046152969,0.26614567894501523,0.27104487752434414,-1369.701296622967,0.0,0.22064671544770556,880.4293071594133,2166.008403112883,20.333333333333332,False,did not refill (end SOC 0.271)
4.0,0.4,1.3,0.34,0.6,0.5,0.24,1.2453047623958522,3,mixed,27+27,2,54,18x12E,11.130067900162718,1.4792487619833365,10.81630109228392,0.2821478901064903,10.391464276070282,12.469757131284338,12.676463690446408,120.76705393377696,124.09553953489075,3.028494836010065,0.0033062261207610242,0.033573111075622296,-1371.3725620514233,329.85841402038784,0.11176090664825367,1188.579564665208,2793.66485341574,19.416666666666668,False,"SOC floor violated (min 0.003, unmet 330 Wh); did not refill (end SOC 0.034)"
4.0,0.45,1.6,0.34,0.4,0.5,0.18000000000000002,1.2413056184350446,3,mixed,27+27,2,54,16x12E,11.537029062195709,1.595152516977462,10.030388837248761,0.277132823784629,10.188126667334368,12.225752000801242,12.428413777020944,153.11916900504553,157.27525480823365,1.772511894476348,0.009828583583674323,0.009828583583674323,-1405.7783823872558,1056.8727810666098,0.0,1188.579564665209,3554.8600561210783,24.0,False,"SOC floor violated (min 0.010, unmet 1057 Wh); did not refill (end SOC 0.010)"
4.0,0.3,1.6,0.34,0.4,0.0,0.12,0.27217613832466364,3,mixed,14+14,2,28,20x13E,9.934858196170314,0.8889917048984394,17.997918216602347,0.3076878589226637,12.664277880316336,15.197133456379602,15.44905072572352,90.08484082736452,93.59148463338288,5.827431984725204,0.008704172554218879,0.008704172554218879,-1407.4076539689368,112.60605103420565,0.0,616.3005150115895,2042.0361798567424,24.0,False,"SOC floor violated (min 0.009, unmet 113 Wh); did not refill (end SOC 0.009)"
4.0,0.3,1.6,0.34,0.4,0.0,0.12,0.27217613832466364,3,mixed,14+14+8,3,36,20x13E,10.106858196170313,0.8889917048984394,17.997918216602347,0.3076878589226637,12.773434376399,15.3281212516788,15.58220985733452,93.16275663819219,96.90904936069737,5.709427626056928,0.006686910831822169,0.006686910831822169,-1410.3306662046896,7.763563053182683,0.0,792.3863764434723,2115.9061593166048,24.0,False,"SOC floor violated (min 0.007, unmet 8 Wh); did not refill (end SOC 0.007)"
4.0,0.3,1.3,0.34,0.4,0.0,0.12,0.3039104742554,3,mixed,14+14,2,28,22x12E,9.768974033821005,0.894703885365972,17.883011644076316,0.30744069726781853,12.517951518579252,15.021541822295102,15.270548373962878,87.03710037991047,91.08883119684216,7.075496165182196,0.0065378587199697346,0.0065378587199697346,-1410.546642714764,36.26545849162936,0.0,616.3005150115895,1968.8904091178595,24.0,False,"SOC floor violated (min 0.007, unmet 36 Wh); did not refill (end SOC 0.007)"
4.5,0.36,1.6,0.34,1.0,1.0,0.36,2.25,3,mixed,26+26,2,52,16x12E,11.52409163350549,1.6199999999999999,12.500000000000002,0.2907692307692308,10.104022239244985,12.124826687093982,12.325815461657827,111.98403478239413,140.2121211043906,1.8270469976319637,0.005476997630469475,0.005476997630469475,-1412.0838304334497,251.96407826038669,0.0,1144.558099307237,2713.461947441106,18.833333333333332,False,"SOC floor violated (min 0.005, unmet 252 Wh); did not refill (end SOC 0.005)"
4.0,0.36,1.3,0.34,1.0,1.0,0.36,2.0,3,mixed,22+22,2,44,19x12E,10.97150513587881,1.44,11.11111111111111,0.2838461538461538,10.456836283666332,12.548203540399598,12.756210476717063,113.67565712992266,116.77618470902948,3.763957641202354,0.003856375931617085,0.003856375931617085,-1414.4321112750868,322.08102853478084,0.0,968.4722378753553,2609.7660349076987,23.5,False,"SOC floor violated (min 0.004, unmet 322 Wh); did not refill (end SOC 0.004)"
4.5,0.3,1.6,0.34,0.6,0.0,0.18,0.3161633617503496,4,mixed,18+18+8,3,44,22x12E,11.92917938741872,1.117939603410042,18.113679789347824,0.30793368877230626,12.374981639228407,14.849977967074087,15.096140568068567,99.97444961266696,104.50139698180512,5.7363505220756315,0.23586679140286132,0.24748322064128264,-1415.222417721042,0.0,0.12501424258930882,968.4722378753547,2299.380808251033,19.583333333333332,False,did not refill (end SOC 0.247)
4.5,0.3,1.3,0.34,0.6,0.0,0.18,0.3521334814483306,4,mixed,18+18,2,36,22x12E,11.5597409951879,1.1222560177737997,18.044011062796155,0.3077861190504683,12.158402867173931,14.590083440608717,14.831937866011234,93.79390507141574,97.70788314557205,5.960650834838951,0.24367324457304976,0.24367324457304976,-1422.583291484868,0.0,0.0,792.3863764434723,2131.0537217139786,24.0,False,did not refill (end SOC 0.244)
4.0,0.36,1.3,0.28,0.6,0.5,0.216,1.2202214234589919,2,mixed,21+21,2,42,16x12E,9.39689326572448,1.3277118849780947,12.050807242916243,0.2887047742076786,10.078332326154328,12.093998791385193,12.294476543305928,137.77223331906995,113.9123224843344,2.3571495385415075,0.006055437870595183,0.006055437870595183,-1427.8184707966952,1427.8184707966952,0.0,924.4507725173844,3186.5335996576882,24.0,False,"SOC floor violated (min 0.006, unmet 1428 Wh); did not refill (end SOC 0.006)"
4.0,0.36,1.3,0.34,0.6,0.5,0.216,1.2202214234589919,2,mixed,21+21,2,42,16x12E,9.39689326572448,1.3277118849780947,12.050807242916243,0.2887047742076786,10.078332326154328,12.093998791385193,12.294476543305928,137.77223331906995,113.9123224843344,2.3571495385415075,0.006055437870595183,0.006055437870595183,-1427.8184707966952,1427.8184707966952,0.0,924.4507725173844,3186.5335996576882,24.0,False,"SOC floor violated (min 0.006, unmet 1428 Wh); did not refill (end SOC 0.006)"
4.5,0.3,1.3,0.34,0.4,0.0,0.12,0.3211396626139514,4,mixed,17+17+8,3,42,20x13E,11.439795623707075,1.0028051392705113,20.193354827370374,0.3118699097685295,12.795265639590257,15.354318767508307,15.608841639709775,99.7710439843917,103.87985209640789,5.009414714089825,0.225599475246496,0.2298937231049731,-1449.2053269611918,0.0,0.2203265858533913,924.4507725173847,2289.228284693472,20.416666666666664,False,did not refill (end SOC 0.230)
4.0,0.3,1.3,0.28,1.0,1.0,0.3,2.0,4,mixed,24+24+12,3,60,20x13E,11.989258670049939,1.2,13.333333333333334,0.2942307692307692,11.974406338500932,14.369287606201118,14.607481980591636,116.0962622496915,119.9044577150785,4.677140865756721,0.1538393726253438,0.226978805907447,-1454.8369469868123,0.0,0.1532346973726272,1320.64396073912,2690.111515651244,17.75,False,"SOC floor violated (min 0.154, unmet 0 Wh); did not refill (end SOC 0.227)"
4.0,0.3,1.3,0.34,1.0,1.0,0.3,2.0,4,mixed,24+24+12,3,60,20x13E,11.989258670049939,1.2,13.333333333333334,0.2942307692307692,11.974406338500932,14.369287606201118,14.607481980591636,116.0962622496915,119.9044577150785,4.677140865756721,0.1538393726253438,0.226978805907447,-1454.8369469868123,0.0,0.1532346973726272,1320.64396073912,2690.111515651244,17.75,False,"SOC floor violated (min 0.154, unmet 0 Wh); did not refill (end SOC 0.227)"
4.0,0.45,1.6,0.28,0.4,0.0,0.18000000000000002,0.4204953692446093,2,mixed,22+22,2,44,16x12E,9.726450173148468,1.3735337496960445,11.648785480182568,0.2867220973689211,10.081054551921827,12.097265462306192,12.297797364624476,141.58564401768584,118.87184525656653,2.25526645238928,0.0,0.0,-1469.45586539243,1469.45586539243,0.0,968.4722378753553,3278.055456424473,24.0,False,"SOC floor violated (min 0.000, unmet 1469 Wh); did not refill (end SOC 0.000)"
4.0,0.45,1.6,0.34,0.4,0.0,0.18000000000000002,0.4204953692446093,2,mixed,22+22,2,44,16x12E,9.726450173148468,1.3735337496960445,11.648785480182568,0.2867220973689211,10.081054551921827,12.097265462306192,12.297797364624476,141.58564401768584,118.87184525656653,2.25526645238928,0.0,0.0,-1469.45586539243,1469.45586539243,0.0,968.4722378753553,3278.055456424473,24.0,False,"SOC floor violated (min 0.000, unmet 1469 Wh); did not refill (end SOC 0.000)"
4.0,0.36,1.3,0.28,0.6,0.0,0.216,0.4027487605843451,4,mixed,20+20+12,3,52,20x13E,11.962638670858869,1.2099958215241455,13.223186159309162,0.29379825772251295,11.911597407637188,14.293916889164626,14.530861871011556,110.09144986031673,113.62165836284193,4.7134081880092,0.17724718091421243,0.213011003744541,-1481.8227407655468,0.0,0.25740186631451323,1144.5580993072379,2541.316759369605,18.583333333333336,False,"SOC floor violated (min 0.177, unmet 0 Wh); did not refill (end SOC 0.213)"
4.0,0.36,1.3,0.34,0.6,0.0,0.216,0.4027487605843451,4,mixed,20+20+12,3,52,20x13E,11.962638670858869,1.2099958215241455,13.223186159309162,0.29379825772251295,11.911597407637188,14.293916889164626,14.530861871011556,110.09144986031673,113.62165836284193,4.7134081880092,0.17724718091421243,0.213011003744541,-1481.8227407655468,0.0,0.25740186631451323,1144.5580993072379,2541.316759369605,18.583333333333336,False,"SOC floor violated (min 0.177, unmet 0 Wh); did not refill (end SOC 0.213)"
4.5,0.3,1.6,0.34,0.6,0.0,0.18,0.3161633617503496,4,mixed,18+18,2,36,22x12E,11.757179387418722,1.117939603410042,18.113679789347824,0.30793368877230626,12.2854438352432,14.742532602291838,14.986914121151498,96.95737047047498,101.17899645612532,5.839602986812198,0.2042605699515687,0.2042605699515687,-1498.7285788535692,0.0,0.0,792.3863764434723,2206.976891291402,24.0,False,did not refill (end SOC 0.204)
4.0,0.3,1.3,0.28,0.6,0.5,0.18,1.1828288891427603,4,mixed,20+20+10,3,50,22x12E,11.74821288159742,1.1019394666971312,14.519853842749795,0.2984737730756048,12.369595104900707,14.843514125880848,15.08956957816682,109.72921513761419,114.73375488599183,5.77590971321868,0.17057518222741785,0.19195722006144805,-1522.4986508412821,0.0,0.1317360644921474,1100.5366339492666,2538.1068170655976,19.083333333333332,False,"SOC floor violated (min 0.171, unmet 0 Wh); did not refill (end SOC 0.192)"
4.0,0.3,1.3,0.34,0.6,0.5,0.18,1.1828288891427603,4,mixed,20+20+10,3,50,22x12E,11.74821288159742,1.1019394666971312,14.519853842749795,0.2984737730756048,12.369595104900707,14.843514125880848,15.08956957816682,109.72921513761419,114.73375488599183,5.77590971321868,0.17057518222741785,0.19195722006144805,-1522.4986508412821,0.0,0.1317360644921474,1100.5366339492666,2538.1068170655976,19.083333333333332,False,"SOC floor violated (min 0.171, unmet 0 Wh); did not refill (end SOC 0.192)"
4.5,0.3,1.6,0.34,0.4,0.0,0.12,0.28771221945048153,4,mixed,17+17+8,3,42,20x13E,11.639137443299477,0.9967881995010865,20.31524852534927,0.31207561711107396,12.945159434308794,15.534191321170551,15.791695874271154,103.4371434081344,107.88323612129152,4.9041849113834,0.18562608107788775,0.18562608107788775,-1534.7304113575208,0.0,0.0,924.4507725173844,2374.7181967564147,21.25,False,"SOC floor violated (min 0.186, unmet 0 Wh); did not refill (end SOC 0.186)"
4.5,0.3,1.3,0.34,0.4,0.0,0.12,0.3211396626139514,4,mixed,17+17,2,34,20x13E,11.267795623707077,1.0028051392705113,20.193354827370374,0.3118699097685295,12.698711432100007,15.238453718520008,15.491055938590776,96.80779174771239,100.6961108994196,5.1016793441229344,0.18330786510424252,0.18330786510424252,-1539.2092046186033,0.0,0.0,748.3649110855013,2203.387001945084,24.0,False,"SOC floor violated (min 0.183, unmet 0 Wh); did not refill (end SOC 0.183)"
4.0,0.3,1.3,0.28,0.4,0.5,0.12,1.1767718610457285,4,mixed,19+19+10,3,48,20x13E,11.594769786802033,1.051818934988231,15.211743645002006,0.3006424499283939,12.577925613606386,15.093510736327662,15.343710290106836,110.83704364346495,115.17301861702454,4.885902102708764,0.1481854917286377,0.15868260304710421,-1586.7852109129947,0.0,0.23289453936679175,1056.515168591296,2558.1556098330043,19.833333333333332,False,"SOC floor violated (min 0.148, unmet 0 Wh); did not refill (end SOC 0.159)"
4.0,0.3,1.3,0.34,0.4,0.5,0.12,1.1767718610457285,4,mixed,19+19+10,3,48,20x13E,11.594769786802033,1.051818934988231,15.211743645002006,0.3006424499283939,12.577925613606386,15.093510736327662,15.343710290106836,110.83704364346495,115.17301861702454,4.885902102708764,0.1481854917286377,0.15868260304710421,-1586.7852109129947,0.0,0.23289453936679175,1056.515168591296,2558.1556098330043,19.833333333333332,False,"SOC floor violated (min 0.148, unmet 0 Wh); did not refill (end SOC 0.159)"
4.0,0.3,1.3,0.28,1.0,1.0,0.3,2.0,4,mixed,24+24,2,48,22x12E,11.823593719681964,1.2,13.333333333333334,0.2942307692307692,11.891388698989617,14.26966643878754,14.506209429873719,110.87385030213862,115.17314942082096,5.744140513893541,0.14799155709511014,0.15848845387176397,-1587.1603071197521,0.0,0.23286183841768585,1056.515168591296,2558.5278786526073,19.916666666666668,False,"SOC floor violated (min 0.148, unmet 0 Wh); did not refill (end SOC 0.158)"
4.0,0.3,1.3,0.34,1.0,1.0,0.3,2.0,4,mixed,24+24,2,48,22x12E,11.823593719681964,1.2,13.333333333333334,0.2942307692307692,11.891388698989617,14.26966643878754,14.506209429873719,110.87385030213862,115.17314942082096,5.744140513893541,0.14799155709511014,0.15848845387176397,-1587.1603071197521,0.0,0.23286183841768585,1056.515168591296,2558.5278786526073,19.916666666666668,False,"SOC floor violated (min 0.148, unmet 0 Wh); did not refill (end SOC 0.158)"
4.0,0.36,1.3,0.28,0.6,0.0,0.216,0.4027487605843451,4,mixed,20+20,2,40,22x12E,11.796973720490895,1.2099958215241455,13.223186159309162,0.29379825772251295,11.828830807746535,14.19459696929584,14.429895561507738,104.95142811335162,108.91360654822466,5.787709244124656,0.15027208224879748,0.15027208224879748,-1603.0343370953233,0.0,0.0,880.4293071594137,2398.834274720448,24.0,False,"SOC floor violated (min 0.150, unmet 0 Wh); did not refill (end SOC 0.150)"
4.0,0.36,1.3,0.34,0.6,0.0,0.216,0.4027487605843451,4,mixed,20+20,2,40,22x12E,11.796973720490895,1.2099958215241455,13.223186159309162,0.29379825772251295,11.828830807746535,14.19459696929584,14.429895561507738,104.95142811335162,108.91360654822466,5.787709244124656,0.15027208224879748,0.15027208224879748,-1603.0343370953233,0.0,0.0,880.4293071594137,2398.834274720448,24.0,False,"SOC floor violated (min 0.150, unmet 0 Wh); did not refill (end SOC 0.150)"
4.0,0.3,1.6,0.28,0.6,0.5,0.18,1.1644943732591284,4,mixed,20+20+10,3,50,22x12E,11.949567386633856,1.0997393247910954,14.54890230740756,0.2985689715234622,12.487619669757605,14.985143603709124,15.233546795548445,113.60631674155678,119.05703477437494,5.6542875004605,0.13127688069151025,0.14393692239849226,-1615.2738659261129,0.0,0.09115375679754223,1100.5366339492666,2630.625606442297,19.583333333333332,False,"SOC floor violated (min 0.131, unmet 0 Wh); did not refill (end SOC 0.144)"
4.0,0.3,1.6,0.34,0.6,0.5,0.18,1.1644943732591284,4,mixed,20+20+10,3,50,22x12E,11.949567386633856,1.0997393247910954,14.54890230740756,0.2985689715234622,12.487619669757605,14.985143603709124,15.233546795548445,113.60631674155678,119.05703477437494,5.6542875004605,0.13127688069151025,0.14393692239849226,-1615.2738659261129,0.0,0.09115375679754223,1100.5366339492666,2630.625606442297,19.583333333333332,False,"SOC floor violated (min 0.131, unmet 0 Wh); did not refill (end SOC 0.144)"
4.0,0.36,1.3,0.28,0.4,0.5,0.144,1.2132812680256477,4,mixed,20+20,2,40,22x12E,11.925763803313917,1.2700687538935398,12.597743193783947,0.29119894814883723,11.608548902474652,13.930258682969582,14.161175437023285,105.5598079023245,109.31807216928713,5.718958144957676,0.14268940040659084,0.14268940040659084,-1617.6840784144665,0.0,0.0,880.4293071594137,2413.435389655784,24.0,False,"SOC floor violated (min 0.143, unmet 0 Wh); did not refill (end SOC 0.143)"
4.0,0.36,1.3,0.34,0.4,0.5,0.144,1.2132812680256477,4,mixed,20+20,2,40,22x12E,11.925763803313917,1.2700687538935398,12.597743193783947,0.29119894814883723,11.608548902474652,13.930258682969582,14.161175437023285,105.5598079023245,109.31807216928713,5.718958144957676,0.14268940040659084,0.14268940040659084,-1617.6840784144665,0.0,0.0,880.4293071594137,2413.435389655784,24.0,False,"SOC floor violated (min 0.143, unmet 0 Wh); did not refill (end SOC 0.143)"
4.5,0.3,1.6,0.34,0.4,0.0,0.12,0.28771221945048153,4,mixed,17+17,2,34,20x13E,11.467137443299478,0.9967881995010865,20.31524852534927,0.31207561711107396,12.849153407982385,15.418984089578862,15.67457889494483,100.3292833338108,104.507740140531,4.994384105278299,0.13942145892781316,0.13942145892781316,-1623.997741351465,0.0,0.0,748.3649110855013,2287.9028000114627,24.0,False,"SOC floor violated (min 0.139, unmet 0 Wh); did not refill (end SOC 0.139)"
4.0,0.3,1.3,0.28,0.6,0.5,0.18,1.1828288891427603,4,mixed,20+20,2,40,22x12E,11.56021288159742,1.1019394666971312,14.519853842749795,0.2984737730756048,12.27022414334137,14.724268972009643,14.968347741414467,105.98049165857617,110.61141235262131,5.892749916367542,0.13744593267829538,0.13744593267829538,-1627.8144580655332,0.0,0.0,880.4293071594137,2423.5317998058304,24.0,False,"SOC floor violated (min 0.137, unmet 0 Wh); did not refill (end SOC 0.137)"
4.0,0.3,1.3,0.34,0.6,0.5,0.18,1.1828288891427603,4,mixed,20+20,2,40,22x12E,11.56021288159742,1.1019394666971312,14.519853842749795,0.2984737730756048,12.27022414334137,14.724268972009643,14.968347741414467,105.98049165857617,110.61141235262131,5.892749916367542,0.13744593267829538,0.13744593267829538,-1627.8144580655332,0.0,0.0,880.4293071594137,2423.5317998058304,24.0,False,"SOC floor violated (min 0.137, unmet 0 Wh); did not refill (end SOC 0.137)"
4.0,0.36,1.3,0.28,0.4,0.0,0.144,0.3695019793824801,4,mixed,17+17+10,3,44,22x12E,11.690797030793528,1.0878124275466157,14.708418101166028,0.2990850391926945,12.41919658221313,14.903035898655755,15.150078021388957,109.22269991184959,114.30114147713381,5.804682431365757,0.13609089318947282,0.13609089318947282,-1630.4323943579384,0.0,0.0,968.4722378753553,2514.040901797612,21.5,False,"SOC floor violated (min 0.136, unmet 0 Wh); did not refill (end SOC 0.136)"
4.0,0.36,1.3,0.34,0.4,0.0,0.144,0.3695019793824801,4,mixed,17+17+10,3,44,22x12E,11.690797030793528,1.0878124275466157,14.708418101166028,0.2990850391926945,12.41919658221313,14.903035898655755,15.150078021388957,109.22269991184959,114.30114147713381,5.804682431365757,0.13609089318947282,0.13609089318947282,-1630.4323943579384,0.0,0.0,968.4722378753553,2514.040901797612,21.5,False,"SOC floor violated (min 0.136, unmet 0 Wh); did not refill (end SOC 0.136)"
4.0,0.4,1.3,0.28,0.4,0.0,0.16000000000000003,0.41415633173434313,4,mixed,19+19,2,38,22x12E,11.8164228831078,1.2193975196162425,13.121233840983514,0.2933914534781433,11.792850911982425,14.15142109437891,14.386003976056196,104.39951325004908,108.30326635322636,5.780989742198413,0.13433306732465783,0.13433306732465783,-1633.828513928761,0.0,0.0,836.4078418014426,2385.5883180011865,24.0,False,"SOC floor violated (min 0.134, unmet 0 Wh); did not refill (end SOC 0.134)"
4.0,0.4,1.3,0.34,0.4,0.0,0.16000000000000003,0.41415633173434313,4,mixed,19+19,2,38,22x12E,11.8164228831078,1.2193975196162425,13.121233840983514,0.2933914534781433,11.792850911982425,14.15142109437891,14.386003976056196,104.39951325004908,108.30326635322636,5.780989742198413,0.13433306732465783,0.13433306732465783,-1633.828513928761,0.0,0.0,836.4078418014426,2385.5883180011865,24.0,False,"SOC floor violated (min 0.134, unmet 0 Wh); did not refill (end SOC 0.134)"
5.0,0.3,1.6,0.34,0.6,0.0,0.18,0.33265133972193933,4,mixed,21+21,2,42,19x12E,11.983984854337718,1.2399181607666325,20.162621043103908,0.31181765093261626,11.777485127296623,14.132982152755948,14.367259378907042,108.02303414066694,112.43059596687917,3.543730100461369,0.13252104302519074,0.13252104302519074,-1637.3293448753313,0.0,0.0,924.4507725173844,2476.9603812022087,23.0,False,"SOC floor violated (min 0.133, unmet 0 Wh); did not refill (end SOC 0.133)"
4.0,0.36,1.6,0.28,0.6,0.0,0.216,0.36122152190996115,4,mixed,20+20,2,40,22x12E,11.984311990761574,1.2040158991550345,13.288861061742315,0.29405700436348403,11.951953412364073,14.342344094836887,14.58009183658916,108.06494130207174,112.3365095753856,5.680727392258652,0.11146283156420016,0.11146283156420016,-1678.0138094179654,0.0,0.0,880.4293071594137,2473.558591249715,24.0,False,"SOC floor violated (min 0.111, unmet 0 Wh); did not refill (end SOC 0.111)"
4.0,0.36,1.6,0.34,0.6,0.0,0.216,0.36122152190996115,4,mixed,20+20,2,40,22x12E,11.984311990761574,1.2040158991550345,13.288861061742315,0.29405700436348403,11.951953412364073,14.342344094836887,14.58009183658916,108.06494130207174,112.3365095753856,5.680727392258652,0.11146283156420016,0.11146283156420016,-1678.0138094179654,0.0,0.0,880.4293071594137,2473.558591249715,24.0,False,"SOC floor violated (min 0.111, unmet 0 Wh); did not refill (end SOC 0.111)"
4.0,0.3,1.6,0.28,1.0,1.0,0.3,2.0,4,mixed,24+24,2,48,20x13E,11.985962956340737,1.2,13.333333333333334,0.2942307692307692,11.972760409896978,14.367312491876373,14.605474125526097,115.49170014789709,119.26917762354222,4.681320961215816,0.09931641556251813,0.10355293044067795,-1693.2957383886103,0.0,0.12842873303903346,1056.5151685912965,2664.3923951350093,20.666666666666668,False,"SOC floor violated (min 0.099, unmet 0 Wh); did not refill (end SOC 0.104)"
4.0,0.3,1.6,0.34,1.0,1.0,0.3,2.0,4,mixed,24+24,2,48,20x13E,11.985962956340737,1.2,13.333333333333334,0.2942307692307692,11.972760409896978,14.367312491876373,14.605474125526097,115.49170014789709,119.26917762354222,4.681320961215816,0.09931641556251813,0.10355293044067795,-1693.2957383886103,0.0,0.12842873303903346,1056.5151685912965,2664.3923951350093,20.666666666666668,False,"SOC floor violated (min 0.099, unmet 0 Wh); did not refill (end SOC 0.104)"
4.0,0.36,1.6,0.28,0.4,0.0,0.144,0.33049322809804865,4,mixed,17+17+10,3,44,20x13E,11.840865448869083,1.0793865372691784,14.823234724123584,0.2994496209835451,12.547340214919718,15.056808257903661,15.306399408251409,112.16425534219995,116.51257723398713,4.777523392073807,0.10261917331737395,0.10261917331737395,-1695.0997571508335,0.0,0.0,968.4722378753553,2578.4646110504664,22.5,False,"SOC floor violated (min 0.103, unmet 0 Wh); did not refill (end SOC 0.103)"
4.0,0.36,1.6,0.34,0.4,0.0,0.144,0.33049322809804865,4,mixed,17+17+10,3,44,20x13E,11.840865448869083,1.0793865372691784,14.823234724123584,0.2994496209835451,12.547340214919718,15.056808257903661,15.306399408251409,112.16425534219995,116.51257723398713,4.777523392073807,0.10261917331737395,0.10261917331737395,-1695.0997571508335,0.0,0.0,968.4722378753553,2578.4646110504664,22.5,False,"SOC floor violated (min 0.103, unmet 0 Wh); did not refill (end SOC 0.103)"
4.0,0.3,1.3,0.34,0.6,0.0,0.18,0.3327984198905627,4,mixed,16+16+10,3,42,20x13E,11.437748729316912,0.9999358103868674,16.001027099739257,0.30288739281979904,12.812464174654167,15.374957009585,15.62982199430413,110.81604797374918,115.43869440596494,4.954329296185752,0.09998620615581372,0.09998620615581372,-1700.186649706968,0.0,0.0,924.4507725173844,2539.5851513699754,24.0,False,"SOC floor violated (min 0.100, unmet 0 Wh); did not refill (end SOC 0.100)"
4.0,0.3,1.6,0.28,0.4,0.5,0.12,1.1589138994069248,4,mixed,19+19+8,3,46,20x13E,11.780263848060757,1.0486045018932464,15.258374316639054,0.300781535975773,12.697554896752779,15.237065876103333,15.489645090422858,114.14638656521969,118.80926087105347,4.793848145996311,0.098065914609689,0.098065914609689,-1703.896652974081,0.0,0.0,1012.493703233326,2631.170463329859,21.5,False,"SOC floor violated (min 0.098, unmet 0 Wh); did not refill (end SOC 0.098)"
4.0,0.3,1.6,0.34,0.4,0.5,0.12,1.1589138994069248,4,mixed,19+19+8,3,46,20x13E,11.780263848060757,1.0486045018932464,15.258374316639054,0.300781535975773,12.697554896752779,15.237065876103333,15.489645090422858,114.14638656521969,118.80926087105347,4.793848145996311,0.098065914609689,0.098065914609689,-1703.896652974081,0.0,0.0,1012.493703233326,2631.170463329859,21.5,False,"SOC floor violated (min 0.098, unmet 0 Wh); did not refill (end SOC 0.098)"
4.0,0.4,1.6,0.28,0.4,0.0,0.16000000000000003,0.37011659834047966,4,mixed,19+19,2,38,22x12E,11.992640855285375,1.208827983601715,13.23596096139985,0.29384878917107965,11.932284804530578,14.318741765436693,14.556098260090312,107.37326209739717,111.58665460953767,5.680452404750379,0.09726323901599346,0.09726323901599346,-1705.4474222211006,0.0,0.0,836.4078418014426,2456.9582903375276,24.0,False,"SOC floor violated (min 0.097, unmet 0 Wh); did not refill (end SOC 0.097)"
4.0,0.4,1.6,0.34,0.4,0.0,0.16000000000000003,0.37011659834047966,4,mixed,19+19,2,38,22x12E,11.992640855285375,1.208827983601715,13.23596096139985,0.29384878917107965,11.932284804530578,14.318741765436693,14.556098260090312,107.37326209739717,111.58665460953767,5.680452404750379,0.09726323901599346,0.09726323901599346,-1705.4474222211006,0.0,0.0,836.4078418014426,2456.9582903375276,24.0,False,"SOC floor violated (min 0.097, unmet 0 Wh); did not refill (end SOC 0.097)"
4.0,0.3,1.6,0.28,0.6,0.5,0.18,1.1644943732591284,4,mixed,20+20,2,40,22x12E,11.761567386633855,1.0997393247910954,14.54890230740756,0.2985689715234622,12.388997701324358,14.866797241589229,15.113238649486362,109.671049473753,114.70464909174464,5.768870421005514,0.0914397580432497,0.0914397580432497,-1716.6983874604416,0.0,0.0,880.4293071594137,2512.10518737007,24.0,False,"SOC floor violated (min 0.091, unmet 0 Wh); did not refill (end SOC 0.091)"
4.0,0.3,1.6,0.34,0.6,0.5,0.18,1.1644943732591284,4,mixed,20+20,2,40,22x12E,11.761567386633855,1.0997393247910954,14.54890230740756,0.2985689715234622,12.388997701324358,14.866797241589229,15.113238649486362,109.671049473753,114.70464909174464,5.768870421005514,0.0914397580432497,0.0914397580432497,-1716.6983874604416,0.0,0.0,880.4293071594137,2512.10518737007,24.0,False,"SOC floor violated (min 0.091, unmet 0 Wh); did not refill (end SOC 0.091)"
4.0,0.3,1.3,0.28,0.4,0.5,0.12,1.1767718610457285,4,mixed,19+19,2,38,22x12E,11.445104836434059,1.051818934988231,15.211743645002006,0.3006424499283939,12.496484200594937,14.995781040713924,15.244360565418306,108.10236497183523,113.27385558644603,5.93059643918227,0.08817315724414347,0.08817315724414347,-1723.0094602043148,0.0,0.0,836.4078418014426,2474.456759324049,24.0,False,"SOC floor violated (min 0.088, unmet 0 Wh); did not refill (end SOC 0.088)"
4.0,0.3,1.3,0.34,0.4,0.5,0.12,1.1767718610457285,4,mixed,19+19,2,38,22x12E,11.445104836434059,1.051818934988231,15.211743645002006,0.3006424499283939,12.496484200594937,14.995781040713924,15.244360565418306,108.10236497183523,113.27385558644603,5.93059643918227,0.08817315724414347,0.08817315724414347,-1723.0094602043148,0.0,0.0,836.4078418014426,2474.456759324049,24.0,False,"SOC floor violated (min 0.088, unmet 0 Wh); did not refill (end SOC 0.088)"
4.0,0.36,1.3,0.28,0.4,0.0,0.144,0.3695019793824801,4,mixed,17+17,2,34,22x12E,11.502797030793527,1.0878124275466157,14.708418101166028,0.2990850391926945,12.318935166275285,14.78272219953034,15.027769926502303,105.44404076201225,110.13413055490587,5.923094136718984,0.0756598085274278,0.0756598085274278,-1747.1852499250094,0.0,0.0,748.3649110855013,2410.656978288305,24.0,False,"SOC floor violated (min 0.076, unmet 0 Wh); did not refill (end SOC 0.076)"
4.0,0.36,1.3,0.34,0.4,0.0,0.144,0.3695019793824801,4,mixed,17+17,2,34,22x12E,11.502797030793527,1.0878124275466157,14.708418101166028,0.2990850391926945,12.318935166275285,14.78272219953034,15.027769926502303,105.44404076201225,110.13413055490587,5.923094136718984,0.0756598085274278,0.0756598085274278,-1747.1852499250094,0.0,0.0,748.3649110855013,2410.656978288305,24.0,False,"SOC floor violated (min 0.076, unmet 0 Wh); did not refill (end SOC 0.076)"
4.0,0.3,1.6,0.28,0.4,0.5,0.12,1.1589138994069248,4,mixed,19+19,2,38,20x13E,11.608263848060759,1.0486045018932464,15.258374316639054,0.300781535975773,12.60451750356161,15.125421004273932,15.376149522781102,110.79532955441768,115.16273213281288,4.880729942769023,0.05459197859943492,0.05459197859943492,-1787.8882973458917,0.0,0.0,836.4078418014426,2539.0879093060216,24.0,False,"SOC floor violated (min 0.055, unmet 0 Wh); did not refill (end SOC 0.055)"
4.0,0.3,1.6,0.34,0.4,0.5,0.12,1.1589138994069248,4,mixed,19+19,2,38,20x13E,11.608263848060759,1.0486045018932464,15.258374316639054,0.300781535975773,12.60451750356161,15.125421004273932,15.376149522781102,110.79532955441768,115.16273213281288,4.880729942769023,0.05459197859943492,0.05459197859943492,-1787.8882973458917,0.0,0.0,836.4078418014426,2539.0879093060216,24.0,False,"SOC floor violated (min 0.055, unmet 0 Wh); did not refill (end SOC 0.055)"
4.0,0.3,1.6,0.34,0.6,0.0,0.18,0.298732218071772,4,mixed,17+17+8,3,42,20x13E,11.640616282570658,0.9958478661686126,16.06671113486219,0.30306427502155037,12.952092503127071,15.542511003752484,15.800153469158975,114.91551632418215,119.91188942565643,4.84757042137735,0.0488662373998266,0.0488662373998266,-1798.9504293435348,0.0,0.0,924.4507725173844,2637.972391780386,24.0,False,"SOC floor violated (min 0.049, unmet 0 Wh); did not refill (end SOC 0.049)"
4.0,0.3,1.3,0.34,0.6,0.0,0.18,0.3327984198905627,4,mixed,16+16,2,32,20x13E,11.249748729316913,0.9999358103868674,16.001027099739257,0.30288739281979904,12.706729929143398,15.248075914972077,15.500837638640167,107.11606119526355,111.46465131547538,5.055903175717553,0.03196763531579547,0.03196763531579547,-1831.598528569883,0.0,0.0,704.3434457275309,2450.7854686863266,24.0,False,"SOC floor violated (min 0.032, unmet 0 Wh); did not refill (end SOC 0.032)"
4.0,0.36,1.6,0.28,0.4,0.0,0.144,0.33049322809804865,4,mixed,17+17,2,34,22x12E,11.69120049850111,1.0793865372691784,14.823234724123584,0.2994496209835451,12.467790756647442,14.96134890797693,15.209357663931954,109.34836782567635,114.52643942331301,5.801391769667257,0.026963177052343003,0.026963177052343003,-1841.2671419348733,0.0,0.0,748.3649110855013,2504.3608278162283,24.0,False,"SOC floor violated (min 0.027, unmet 0 Wh); did not refill (end SOC 0.027)"
4.0,0.36,1.6,0.34,0.4,0.0,0.144,0.33049322809804865,4,mixed,17+17,2,34,22x12E,11.69120049850111,1.0793865372691784,14.823234724123584,0.2994496209835451,12.467790756647442,14.96134890797693,15.209357663931954,109.34836782567635,114.52643942331301,5.801391769667257,0.026963177052343003,0.026963177052343003,-1841.2671419348733,0.0,0.0,748.3649110855013,2504.3608278162283,24.0,False,"SOC floor violated (min 0.027, unmet 0 Wh); did not refill (end SOC 0.027)"
4.0,0.3,1.6,0.34,0.4,0.0,0.12,0.27217613832466364,4,mixed,14+14+8,3,36,19x10E,11.367006757801153,0.8889917048984394,17.997918216602347,0.3076878589226637,13.546361280975281,16.255633537170336,16.52509717147305,111.69807711940778,116.29375952641483,1.9168600038762347,0.02049080932973825,0.02049080932973825,-1853.7717563749457,0.0,0.0,792.3863764434723,2560.7538508657954,24.0,False,"SOC floor violated (min 0.020, unmet 0 Wh); did not refill (end SOC 0.020)"
4.5,0.3,1.3,0.34,0.6,0.5,0.18,1.3187108526089395,4,mixed,23+23+10,3,56,18x12E,11.991405073679664,1.2382453023130726,16.3537870583256,0.30382067342519403,11.789086158402421,14.146903390082905,14.381411383444364,129.8321740712552,135.33101961440133,2.850946818736132,0.009200004457751512,0.019879690856191283,-1854.9524372658384,17.391981693546803,0.10216411026796852,1232.6010300231783,3018.42579701129,19.916666666666668,False,"SOC floor violated (min 0.009, unmet 17 Wh); did not refill (end SOC 0.020)"
4.5,0.3,1.6,0.34,0.6,0.5,0.18,1.2993035492544234,4,mixed,23+23,2,46,18x12E,11.998724986840296,1.2359164259105309,16.38460301640648,0.3039002931312639,11.803789249659419,14.164547099591301,14.399347566209853,129.45154215123836,134.94686641175744,2.851028483221371,0.008435790628124166,0.008435790628124166,-1877.0620525064642,183.3896847142543,0.0,1012.493703233326,2986.837011629728,24.0,False,"SOC floor violated (min 0.008, unmet 183 Wh); did not refill (end SOC 0.008)"
4.0,0.3,1.3,0.34,0.4,0.0,0.12,0.3039104742554,4,mixed,14+14,2,28,20x13E,11.008638984188979,0.894703885365972,17.883011644076316,0.30744069726781853,13.288489038010812,15.946186845612974,16.2105208963815,111.18709271937571,116.64770353457348,5.1352992729871865,0.007641279561158191,0.007641279561158191,-1878.5970478878423,138.98386589921967,0.0,616.3005150115895,2548.4902252650204,24.0,False,"SOC floor violated (min 0.008, unmet 139 Wh); did not refill (end SOC 0.008)"
4.0,0.36,1.3,0.28,0.6,0.5,0.216,1.2202214234589919,4,mixed,21+21,2,42,18x12E,11.984189577130257,1.3277118849780947,12.050807242916243,0.2887047742076786,11.381535650716838,13.657842780860205,13.884243797101758,141.90024217153564,147.20353067940542,2.7942789784369233,0.007022236422208356,0.007022236422208356,-1879.7930392322935,567.6009686861423,0.0,924.4507725173844,3285.6058121168485,24.0,False,"SOC floor violated (min 0.007, unmet 568 Wh); did not refill (end SOC 0.007)"
4.0,0.36,1.3,0.34,0.6,0.5,0.216,1.2202214234589919,4,mixed,21+21,2,42,18x12E,11.984189577130257,1.3277118849780947,12.050807242916243,0.2887047742076786,11.381535650716838,13.657842780860205,13.884243797101758,141.90024217153564,147.20353067940542,2.7942789784369233,0.007022236422208356,0.007022236422208356,-1879.7930392322935,567.6009686861423,0.0,924.4507725173844,3285.6058121168485,24.0,False,"SOC floor violated (min 0.007, unmet 568 Wh); did not refill (end SOC 0.007)"
4.0,0.3,1.3,0.34,0.4,0.0,0.12,0.3039104742554,4,mixed,14+14+8,3,36,20x13E,11.180638984188978,0.894703885365972,17.883011644076316,0.30744069726781853,13.3918969843641,16.07027638123692,16.336667418413985,115.17886621206642,121.05028158667103,5.032278313371132,0.0069677925228768985,0.0069677925228768985,-1879.8982248458017,57.589433106033205,0.0,792.3863764434723,2644.2927890896035,24.0,False,"SOC floor violated (min 0.007, unmet 58 Wh); did not refill (end SOC 0.007)"
4.0,0.3,1.6,0.34,0.4,0.0,0.12,0.27217613832466364,4,mixed,14+14,2,28,20x13E,11.212858196170313,0.8889917048984394,17.997918216602347,0.3076878589226637,13.454196300845048,16.14503556101406,16.412665853507388,116.38401689209404,122.44027649054011,5.009168353780565,0.006609417810710384,0.006609417810710384,-1880.5906047897076,261.86403800721143,0.0,616.3005150115895,2673.2164054102645,24.0,False,"SOC floor violated (min 0.007, unmet 262 Wh); did not refill (end SOC 0.007)"
4.0,0.3,1.6,0.34,0.6,0.0,0.18,0.298732218071772,4,mixed,17+17,2,34,20x13E,11.468616282570657,0.9958478661686126,16.06671113486219,0.30306427502155037,12.856047307481145,15.427256768977372,15.682988707494815,111.37190932314319,116.05958868936585,4.93820464541378,0.006531893769068276,0.006531893769068276,-1880.7403812381601,9.280992443595265,0.0,748.3649110855013,2552.9258237554322,24.0,False,"SOC floor violated (min 0.007, unmet 9 Wh); did not refill (end SOC 0.007)"
4.0,0.4,1.3,0.28,0.4,0.0,0.16000000000000003,0.41415633173434313,4,mixed,19+19+18,3,56,18x12E,11.99526472254187,1.2193975196162425,13.121233840983514,0.2933914534781433,11.881758309965399,14.258109971958477,14.49446139576158,148.20222124288802,154.78263720674096,2.783640762024472,0.005108771704029496,0.005108771704029496,-1883.4898530678151,407.55610841794214,0.0,1232.601030023179,3436.8533098293315,24.0,False,"SOC floor violated (min 0.005, unmet 408 Wh); did not refill (end SOC 0.005)"
4.0,0.4,1.3,0.34,0.4,0.0,0.16000000000000003,0.41415633173434313,4,mixed,19+19+18,3,56,18x12E,11.99526472254187,1.2193975196162425,13.121233840983514,0.2933914534781433,11.881758309965399,14.258109971958477,14.49446139576158,148.20222124288802,154.78263720674096,2.783640762024472,0.005108771704029496,0.005108771704029496,-1883.4898530678151,407.55610841794214,0.0,1232.601030023179,3436.8533098293315,24.0,False,"SOC floor violated (min 0.005, unmet 408 Wh); did not refill (end SOC 0.005)"
