span_m,chord_m,tail_arm_m,elevator_frac,taper_ratio,taper_start_frac,tip_chord_m,y_taper_m,boom_spacing_m,boom_spacing_set_m,hstab_chord_m,tail_volume_h,incidence_wing_deg,incidence_hstab_deg,n_packs,cells_per_string,one_string_per_bay,string_plan,n_strings,n_cells,inboard_cells,outboard_cells,hstab_cells,motor,prop,mass_kg,wing_area_m2,aspect_ratio,static_margin,v_stall,v_night,v_day,p_night_w,p_day_w,climb_ms,soc_min,soc_end,margin_wh,unmet_wh,spilled_wh,solar_wh,propulsion_wh,battery_night_h,closed,reason
6.0,0.36,1.3,0.34,0.4,0.0,0.144,0.78,1.56,1.56,0.21885521885521886,0.8852044271199989,5.071505169813757,0.47899521140223666,2,one_per_bay,True,24+24+24+12,4,84,24,24,12,A40-10L-V2-kv1100-6.7PG,MJ-21x14EL,10.736065490289976,1.6804799999999998,21.422450728363327,0.6267156108215878,9.05356564607943,10.864278775295316,11.04437191261751,104.36602044492967,107.4534196110251,6.858889688070369,0.0015451158917352548,0.5900704128330551,-376.6719812032688,375.38060607058367,0.43739197093963134,1767.9214216457392,2412.313799909337,15.083333333333332,False,"SOC floor violated (min 0.002, unmet 375 Wh); did not refill (end SOC 0.590); FLAG MJ-21x14EL: thrust table 1.92 N vs similarity 0.00 N (100%) at 1618 rpm, 10.86 m/s; FLAG MJ-21x14EL: thrust table 1.93 N vs similarity 0.00 N (100%) at 1661 rpm, 11.04 m/s"
6.0,0.36,1.3,0.34,0.4,0.0,0.144,0.845,1.69,1.69,0.21885521885521889,0.943749693463914,5.078230293592623,0.5740694627185418,2,one_per_bay,True,26+23+23+13,4,85,26,23,13,A40-10L-V2-kv1100-6.7PG,MJ-21x14EL,10.79495742605294,1.6945200000000002,21.244954323348203,0.6790348859817393,9.040675274077064,10.848810328892476,11.028647051490799,105.08676309137628,108.1997563430852,6.8107834991241605,0.004394273488093996,0.6050548102595156,-386.09523741448334,386.09523741448334,0.11605086956117106,1788.9681052367584,2429.839837354098,15.083333333333332,False,"SOC floor violated (min 0.004, unmet 386 Wh); did not refill (end SOC 0.605); FLAG MJ-21x14EL: thrust table 1.95 N vs similarity 0.00 N (100%) at 1621 rpm, 10.85 m/s; FLAG MJ-21x14EL: thrust table 1.96 N vs similarity 0.00 N (100%) at 1664 rpm, 11.03 m/s"
6.0,0.3,1.3,0.34,0.4,0.5,0.12,1.89,1.56,1.56,0.21885521885521886,0.9994199088448985,5.032511706362962,0.5249476249577936,2,one_per_bay,True,26+26+24+12,4,88,24,26,12,A40-10L-V2-kv1100-6.7PG,MJ-21x14EL,10.611507517613052,1.6001999999999998,22.49718785151856,0.711059761387547,9.223912255735637,11.068694706882765,11.252176371616637,105.82318541081833,109.32333663208169,7.025256547093223,0.009989574548801694,0.6560493527523475,-394.4652152748737,394.4652152748737,0.3749660594664542,1852.108156009821,2451.549490119449,14.916666666666668,False,"SOC floor violated (min 0.010, unmet 394 Wh); did not refill (end SOC 0.656); FLAG MJ-21x14EL: thrust table 1.89 N vs similarity 0.00 N (100%) at 1643 rpm, 11.07 m/s; FLAG MJ-21x14EL: thrust table 1.90 N vs similarity 0.00 N (100%) at 1691 rpm, 11.25 m/s"
6.0,0.3,1.3,0.34,0.4,0.5,0.12,1.9225,1.69,1.69,0.21885521885521889,1.0759020188338344,5.035345329289063,0.6115142674168212,2,one_per_bay,True,26+26+26+13,4,91,26,26,13,A40-10L-V2-kv1100-6.7PG,MJ-21x14EL,10.671682552576016,1.60605,22.41524236480807,0.778319666098801,9.23316658315417,11.079799899785003,11.263465651200717,106.87133582059546,110.42727964950117,6.985472929978908,0.0032408513855073495,0.6955620033237324,-395.74379203861065,395.74379203861065,0.2498289037760107,1915.2482067828832,2477.508211459249,14.833333333333334,False,"SOC floor violated (min 0.003, unmet 396 Wh); did not refill (end SOC 0.696); FLAG MJ-21x14EL: thrust table 1.91 N vs similarity 0.00 N (100%) at 1650 rpm, 11.08 m/s; FLAG MJ-21x14EL: thrust table 1.92 N vs similarity 0.00 N (100%) at 1698 rpm, 11.26 m/s"
6.0,0.36,1.3,0.34,0.4,0.0,0.144,0.65,1.3,1.3,0.21885521885521889,0.7622593677977768,5.05803937557743,0.229146714117215,2,one_per_bay,True,26+26+20+10,4,82,20,26,10,A40-10L-V2-kv1100-6.7PG,MJ-21x14EL,10.618281618764051,1.6524,21.78649237472767,0.5179051271452908,9.079946290807792,10.89593554896935,11.076553448938597,102.96960176467861,106.00854030503892,6.956812376138548,0.00490794429581279,0.5696340737137053,-396.4134847925606,363.1252782662902,0.2650669197418776,1725.8280544636973,2378.1143994588083,15.166666666666666,False,"SOC floor violated (min 0.005, unmet 363 Wh); did not refill (end SOC 0.570); FLAG MJ-21x14EL: thrust table 1.88 N vs similarity 0.00 N (100%) at 1613 rpm, 10.90 m/s; FLAG MJ-21x14EL: thrust table 1.88 N vs similarity 0.00 N (100%) at 1657 rpm, 11.08 m/s"
6.0,0.36,1.6,0.34,0.4,0.0,0.144,0.78,1.56,1.56,0.21885521885521886,1.0894823718399986,5.071812513422974,0.6769811612111628,2,one_per_bay,True,24+24+24+12,4,84,24,24,12,A40-10L-V2-kv1100-6.7PG,MJ-21x14EL,10.958454099951515,1.6804799999999998,21.422450728363327,0.7713422902419542,9.146853543938652,10.976224252726382,11.158173068888983,106.73738218254142,110.07745216468804,6.757751437722832,0.003630172474863646,0.5689790201450429,-413.54758924934674,413.54758924934674,0.14792049107587482,1767.9214216457392,2471.2011238899427,15.166666666666666,False,"SOC floor violated (min 0.004, unmet 414 Wh); did not refill (end SOC 0.569); FLAG MJ-21x14EL: thrust table 1.95 N vs similarity 0.00 N (100%) at 1640 rpm, 10.98 m/s; FLAG MJ-21x14EL: thrust table 1.95 N vs similarity 0.00 N (100%) at 1686 rpm, 11.16 m/s"
6.0,0.36,1.6,0.34,0.4,0.0,0.144,0.65,1.3,1.3,0.21885521885521889,0.9381653757511099,5.0583506388754795,0.46922640796100823,2,one_per_bay,True,26+26+20+10,4,82,20,26,10,A40-10L-V2-kv1100-6.7PG,MJ-21x14EL,10.841064763225589,1.6524,21.78649237472767,0.6374216949480503,9.174705428004664,11.009646513605597,11.192149358244693,105.3191677488595,108.6117776868177,6.853071944796861,0.006317574421325736,0.5477433843336658,-417.55989073367886,400.40324241255706,0.3804915944255024,1725.8280544636973,2436.470362929762,15.25,False,"SOC floor violated (min 0.006, unmet 400 Wh); did not refill (end SOC 0.548); FLAG MJ-21x14EL: thrust table 1.90 N vs similarity 0.00 N (100%) at 1636 rpm, 11.01 m/s; FLAG MJ-21x14EL: thrust table 1.91 N vs similarity 0.00 N (100%) at 1681 rpm, 11.19 m/s"
6.0,0.36,1.6,0.34,0.4,0.0,0.144,0.845,1.69,1.69,0.21885521885521889,1.1615380842632788,5.0785357090571885,0.7566123474109244,2,one_per_bay,True,26+23+23+13,4,85,26,23,13,A40-10L-V2-kv1100-6.7PG,MJ-21x14EL,11.01714876831448,1.6945200000000002,21.244954323348203,0.8357352442852176,9.133242952073697,10.959891542488437,11.141569617344725,107.46529863821918,110.83035591430495,6.710931787775928,0.006846585039424716,0.5838338855724825,-424.66592121866137,424.66592121866137,0.19614329176018092,1788.9681052367587,2488.891839922674,15.166666666666666,False,"SOC floor violated (min 0.007, unmet 425 Wh); did not refill (end SOC 0.584); FLAG MJ-21x14EL: thrust table 1.97 N vs similarity 0.00 N (100%) at 1642 rpm, 10.96 m/s; FLAG MJ-21x14EL: thrust table 1.98 N vs similarity 0.00 N (100%) at 1688 rpm, 11.14 m/s"
6.0,0.3,1.6,0.34,0.4,0.5,0.12,1.89,1.56,1.56,0.21885521885521886,1.2300552724244904,5.032824181065342,0.7005569372655975,2,one_per_bay,True,26+26+24+12,4,88,24,26,12,A40-10L-V2-kv1100-6.7PG,MJ-21x14EL,10.835024092151514,1.6001999999999998,22.49718785151856,0.8751504755539039,9.320550430476212,11.184660516571453,11.370064503708948,108.49052044548945,112.23053347002693,6.919296126599974,0.009970282304746196,0.6298647795004038,-434.4167220482047,434.4167220482047,0.10248326617235766,1852.108156009821,2517.120940160542,15.083333333333332,False,"SOC floor violated (min 0.010, unmet 434 Wh); did not refill (end SOC 0.630); FLAG MJ-21x14EL: thrust table 1.91 N vs similarity 0.00 N (100%) at 1668 rpm, 11.18 m/s; FLAG MJ-21x14EL: thrust table 1.92 N vs similarity 0.00 N (100%) at 1718 rpm, 11.37 m/s"
6.0,0.3,1.6,0.34,0.4,0.5,0.12,1.9225,1.69,1.69,0.21885521885521889,1.3241871001031809,5.03565594706711,0.7718743425229008,2,one_per_bay,True,26+26+26+13,4,91,26,26,13,A40-10L-V2-kv1100-6.7PG,MJ-21x14EL,10.895116932364479,1.60605,22.41524236480807,0.9579318967369859,9.329323869732715,11.195188643679257,11.380767151692018,109.57888421587664,113.37892508754783,6.880589912597355,0.003301611219425595,0.6683374817968838,-436.05077152166064,436.05077152166064,0.33297290584073613,1915.2482067828832,2544.0935890260835,15.0,False,"SOC floor violated (min 0.003, unmet 436 Wh); did not refill (end SOC 0.668); FLAG MJ-21x14EL: thrust table 1.94 N vs similarity 0.00 N (100%) at 1675 rpm, 11.20 m/s; FLAG MJ-21x14EL: thrust table 1.94 N vs similarity 0.00 N (100%) at 1726 rpm, 11.38 m/s"
5.5,0.36,1.3,0.34,0.6,0.5,0.216,1.7974999999999999,1.69,1.69,0.21885521885521889,0.7666064953602238,5.313277835742198,0.807423534428402,2,one_per_bay,True,26+26+26+13,4,91,26,26,13,A40-10L-V2-kv1100-6.7PG,MJ-21x14EL,11.097971055283708,1.8428399999999998,16.41488137874151,0.534712084692372,8.79005781815102,10.548069381781223,10.72292083275621,110.66217243433334,113.72207612937764,6.464191902425236,0.0016459545830979291,0.6635903614661361,-450.8079302551625,450.8079302551625,0.3005185350827955,1915.2482067828832,2563.4312716793947,15.0,False,"SOC floor violated (min 0.002, unmet 451 Wh); did not refill (end SOC 0.664); FLAG MJ-21x14EL: thrust table 2.20 N vs similarity 0.00 N (100%) at 1624 rpm, 10.55 m/s; FLAG MJ-21x14EL: shaft power table 35.3 W vs similarity 29.8 W (16%) at 1666 rpm, 10.72 m/s"
5.5,0.36,1.3,0.34,0.4,0.5,0.144,1.7650000000000001,1.56,1.56,0.21885521885521886,0.7519495186285462,5.285942575745753,0.6809602321391521,2,one_per_bay,True,26+26+24+12,4,88,24,26,12,A40-10L-V2-kv1100-6.7PG,MJ-21x14EL,10.912931870166899,1.7672400000000001,17.117086530408997,0.5185838625501762,8.900957113085413,10.681148535702496,10.858205990668873,109.94366067651731,113.1102031312354,6.637617472596926,0.004636866666411504,0.6163276555954131,-451.15989076999244,451.15989076999244,0.3682278242114319,1852.1081560098207,2546.618981253087,15.166666666666666,False,"SOC floor violated (min 0.005, unmet 451 Wh); did not refill (end SOC 0.616); FLAG MJ-21x14EL: thrust table 2.13 N vs similarity 0.00 N (100%) at 1632 rpm, 10.68 m/s; FLAG MJ-21x14EL: thrust table 2.14 N vs similarity 0.00 N (100%) at 1675 rpm, 10.86 m/s"
5.5,0.36,1.3,0.34,0.6,0.0,0.216,0.78,1.56,1.56,0.21885521885521886,0.8283910100404402,5.230636191507923,0.7169800582907395,2,one_per_bay,True,25+25+24+12,4,86,24,25,12,A40-10L-V2-kv1100-6.7PG,MJ-21x14EL,10.769936080813054,1.69632,17.832720241463875,0.5743351260524252,9.0253992924344,10.83047915092128,11.010012004351672,109.51823661299386,112.82739989943167,6.796037994771227,0.005728880218295885,0.5833570663584996,-451.98171518329843,451.98171518329843,0.140687739485332,1810.0147888277795,2537.6686210753805,15.166666666666666,False,"SOC floor violated (min 0.006, unmet 452 Wh); did not refill (end SOC 0.583); FLAG MJ-21x14EL: thrust table 2.07 N vs similarity 0.00 N (100%) at 1642 rpm, 10.83 m/s; FLAG MJ-21x14EL: thrust table 2.08 N vs similarity 0.00 N (100%) at 1687 rpm, 11.01 m/s"
5.5,0.3,1.3,0.34,0.6,0.5,0.18,1.7000000000000002,1.3,1.3,0.21885521885521889,0.861193349784204,5.132758748545061,0.5228909159915343,2,one_per_bay,True,26+26+20+10,4,82,20,26,10,A40-10L-V2-kv1100-6.7PG,MJ-21x14EL,10.36573832153328,1.524,19.849081364829395,0.5793514087679484,9.341602641995333,11.209923170394399,11.395745927215383,109.17917785223251,112.93394112083443,7.241111895951196,0.0024517540285755174,0.5062680890004967,-457.6250260255202,456.248627612509,0.251745414217627,1725.8280544636973,2532.528653175749,15.416666666666668,False,"SOC floor violated (min 0.002, unmet 456 Wh); did not refill (end SOC 0.506); FLAG MJ-21x14EL: thrust table 1.92 N vs similarity 0.00 N (100%) at 1674 rpm, 11.21 m/s; FLAG MJ-21x14EL: thrust table 1.93 N vs similarity 0.00 N (100%) at 1725 rpm, 11.40 m/s"
6.0,0.3,1.3,0.34,0.6,0.0,0.18,0.845,1.69,1.69,0.21885521885521889,1.185676243871979,5.007777418932082,0.6304101867065581,2,one_per_bay,True,26+21+21+13,4,81,26,21,13,A40-10L-V2-kv1100-6.7PG,MJ-21x14EL,10.475510679960632,1.5413999999999999,23.35539120280265,0.8611140681702213,9.33778086006105,11.20533703207326,11.391083766172851,107.33470203339023,111.10234974188845,7.171876690324048,0.001487441881145449,0.5030363138660551,-460.7469208053908,429.9787691055854,0.2969201423640394,1704.781370872677,2488.371824965981,15.416666666666668,False,"SOC floor violated (min 0.001, unmet 430 Wh); did not refill (end SOC 0.503); FLAG MJ-21x14EL: thrust table 1.88 N vs similarity 0.00 N (100%) at 1664 rpm, 11.21 m/s; FLAG MJ-21x14EL: thrust table 1.89 N vs similarity 0.00 N (100%) at 1714 rpm, 11.39 m/s"
5.5,0.36,1.3,0.34,0.6,0.0,0.216,0.845,1.69,1.69,0.21885521885521889,0.8877461703065991,5.235970645505351,0.8202278203980449,2,one_per_bay,True,26+24+24+13,4,87,26,24,13,A40-10L-V2-kv1100-6.7PG,MJ-21x14EL,10.820359909376016,1.70568,17.734862342291635,0.6256019791333144,9.021646953338838,10.825976344006605,11.005434556069561,110.34107395078657,113.69292675809493,6.7582275705128705,0.008390394407537465,0.5966602029725357,-464.0293940994374,464.0293940994374,0.1795252810824408,1831.0614724188006,2557.7938079500923,15.166666666666666,False,"SOC floor violated (min 0.008, unmet 464 Wh); did not refill (end SOC 0.597); FLAG MJ-21x14EL: thrust table 2.09 N vs similarity 0.00 N (100%) at 1646 rpm, 10.83 m/s; FLAG MJ-21x14EL: thrust table 2.10 N vs similarity 0.00 N (100%) at 1691 rpm, 11.01 m/s"
6.0,0.3,1.3,0.34,0.6,0.0,0.18,0.78,1.56,1.56,0.21885521885521886,1.1055276179618605,5.004450248313432,0.5525932705836929,2,one_per_bay,True,24+22+22+12,4,80,24,22,12,A40-10L-V2-kv1100-6.7PG,MJ-21x14EL,10.427831620997669,1.5335999999999999,23.47417840375587,0.7897466857459732,9.34016843360512,11.208202120326144,11.39399634793569,106.56175301072551,110.28245635756103,7.209992051886739,0.008263143466574734,0.4989604507505833,-464.6842045749365,427.6152640868508,0.23702181503625158,1683.7346872816554,2469.108050705515,15.5,False,"SOC floor violated (min 0.008, unmet 428 Wh); did not refill (end SOC 0.499); FLAG MJ-21x14EL: thrust table 1.86 N vs similarity 0.00 N (100%) at 1660 rpm, 11.21 m/s; FLAG MJ-21x14EL: thrust table 1.87 N vs similarity 0.00 N (100%) at 1710 rpm, 11.39 m/s"
5.5,0.36,1.3,0.34,0.4,0.5,0.144,1.7974999999999999,1.69,1.69,0.21885521885521889,0.8090694336499779,5.290719918686141,0.7954896493892527,2,one_per_bay,True,26+24+24+13,4,87,26,24,13,A40-10L-V2-kv1100-6.7PG,MJ-21x14EL,10.943165482329862,1.7742599999999997,17.04936142391758,0.5672440243666206,8.895627842989317,10.67475341158718,10.851704856942673,110.60138480219622,113.79780355751011,6.613148993967409,0.005701416620382647,0.5930406701449528,-465.42645837357304,465.42645837357304,0.17078554779784244,1831.0614724188006,2562.6682675913116,15.166666666666666,False,"SOC floor violated (min 0.006, unmet 465 Wh); did not refill (end SOC 0.593); FLAG MJ-21x14EL: thrust table 2.15 N vs similarity 0.00 N (100%) at 1634 rpm, 10.67 m/s"
5.5,0.3,1.3,0.34,0.6,0.5,0.18,1.7650000000000001,1.56,1.56,0.21885521885521886,1.0237636178734495,5.137273388747077,0.7513229549054321,2,one_per_bay,True,25+25+24+12,4,86,24,25,12,A40-10L-V2-kv1100-6.7PG,MJ-21x14EL,10.463031635459208,1.5318,19.74800887844366,0.7184856106755906,9.361414812003604,11.233697774404325,11.419914634056552,111.24470279144833,115.16535502970015,7.17431361105805,0.007221295121179642,0.564097568971203,-479.60215276862914,479.60215276862914,0.24395370705018848,1810.0147888277795,2583.8518530596234,15.333333333333332,False,"SOC floor violated (min 0.007, unmet 480 Wh); did not refill (end SOC 0.564); FLAG MJ-21x14EL: thrust table 1.96 N vs similarity 0.00 N (100%) at 1687 rpm, 11.23 m/s; FLAG MJ-21x14EL: thrust table 1.97 N vs similarity 0.00 N (100%) at 1739 rpm, 11.42 m/s"
6.0,0.3,1.6,0.34,0.6,0.0,0.18,0.845,1.69,1.69,0.21885521885521889,1.4592938386116665,5.007093677410214,0.7762103206364391,2,one_per_bay,True,26+21+21+13,4,81,26,21,13,A40-10L-V2-kv1100-6.7PG,MJ-21x14EL,10.699853417114477,1.5413999999999999,23.35539120280265,1.059832699286426,9.43723978085762,11.324687737029144,11.512412903691233,110.20263698519527,114.31832112424168,7.061178810947557,0.009084027696803238,0.4830695232948738,-482.08376614289625,482.08376614289625,0.30849432088949175,1704.7813708726767,2559.846602826576,15.5,False,"SOC floor violated (min 0.009, unmet 482 Wh); did not refill (end SOC 0.483); FLAG MJ-21x14EL: thrust table 1.90 N vs similarity 0.00 N (100%) at 1691 rpm, 11.32 m/s; FLAG MJ-21x14EL: thrust table 1.91 N vs similarity 0.00 N (100%) at 1744 rpm, 11.51 m/s"
6.0,0.3,1.3,0.34,0.6,0.0,0.18,0.65,1.3,1.3,0.21885521885521889,0.9402718117381532,4.997810295798251,0.3454895458264782,2,one_per_bay,True,24+24+20+10,4,78,20,24,10,A40-10L-V2-kv1100-6.7PG,MJ-21x14EL,10.332473503071743,1.5179999999999998,23.715415019762847,0.6441051385834408,9.345015312358631,11.214018374830358,11.399909016343008,105.04975558658498,108.67876653397774,7.287178771550122,0.0025182915361829372,0.47117730824260834,-491.5227202376404,405.56094779161486,0.13498197088070185,1641.6413200996149,2432.0407271308804,15.5,False,"SOC floor violated (min 0.003, unmet 406 Wh); did not refill (end SOC 0.471); FLAG MJ-21x14EL: thrust table 1.82 N vs similarity 0.00 N (100%) at 1652 rpm, 11.21 m/s; FLAG MJ-21x14EL: thrust table 1.83 N vs similarity 0.00 N (100%) at 1702 rpm, 11.40 m/s"
5.5,0.36,1.6,0.34,0.4,0.5,0.144,1.7650000000000001,1.56,1.56,0.21885521885521886,0.9254763306197492,5.286246132619382,0.9134454410547836,2,one_per_bay,True,26+26+24+12,4,88,24,26,12,A40-10L-V2-kv1100-6.7PG,MJ-21x14EL,11.136170668601515,1.7672400000000001,17.117086530408997,0.6382570616002168,8.991536790879161,10.789844149054993,10.968703411065048,112.33347762293216,115.74390328743789,6.541118344540691,0.008916261197772285,0.5973528504957921,-491.72507201871156,491.72507201871156,0.11957535012290539,1852.1081560098207,2605.8446875147947,15.25,False,"SOC floor violated (min 0.009, unmet 492 Wh); did not refill (end SOC 0.597); FLAG MJ-21x14EL: thrust table 2.16 N vs similarity 0.00 N (100%) at 1653 rpm, 10.79 m/s"
6.0,0.3,1.6,0.34,0.6,0.0,0.18,0.78,1.56,1.56,0.21885521885521886,1.360649375953059,5.003763081589663,0.7116718499836667,2,one_per_bay,True,24+22+22+12,4,80,24,22,12,A40-10L-V2-kv1100-6.7PG,MJ-21x14EL,10.652283951151515,1.5335999999999999,23.47417840375587,0.9719959209181207,9.440153809724308,11.32818457166917,11.515967704067785,109.4112464491185,113.47804383915827,7.098227610585897,0.005909264999800228,0.4693025236786995,-493.33376212637626,469.9484628672767,0.23878622199905425,1683.7346872816552,2540.09879281168,15.583333333333334,False,"SOC floor violated (min 0.006, unmet 470 Wh); did not refill (end SOC 0.469); FLAG MJ-21x14EL: thrust table 1.88 N vs similarity 0.00 N (100%) at 1687 rpm, 11.33 m/s; FLAG MJ-21x14EL: thrust table 1.89 N vs similarity 0.00 N (100%) at 1740 rpm, 11.52 m/s"
5.5,0.36,1.6,0.34,0.6,0.0,0.216,0.78,1.56,1.56,0.21885521885521886,1.0195581662036186,5.230944983235694,0.9282482410226388,2,one_per_bay,True,25+25+24+12,4,86,24,25,12,A40-10L-V2-kv1100-6.7PG,MJ-21x14EL,10.994088294751515,1.69632,17.832720241463875,0.7068740012952924,9.118837404191824,10.942604885030189,11.12399640534937,112.08793095942026,115.66765315093977,6.694931225402189,0.008238367321559328,0.5607647786231847,-493.6224267825301,493.6224267825301,0.20209553028022023,1810.0147888277795,2601.1346020192577,15.333333333333332,False,"SOC floor violated (min 0.008, unmet 494 Wh); did not refill (end SOC 0.561); FLAG MJ-21x14EL: thrust table 2.10 N vs similarity 0.00 N (100%) at 1665 rpm, 10.94 m/s; FLAG MJ-21x14EL: thrust table 2.10 N vs similarity 0.00 N (100%) at 1712 rpm, 11.12 m/s"
5.5,0.3,1.3,0.34,0.6,0.5,0.18,1.7974999999999999,1.69,1.69,0.21885521885521889,1.1039133533187224,5.139495407018463,0.8361105816202681,2,one_per_bay,True,26+23+23+13,4,85,26,23,13,A40-10L-V2-kv1100-6.7PG,MJ-21x14EL,10.487678292422169,1.5356999999999998,19.697857654489813,0.7877907375618477,9.36052568604565,11.232630823254778,11.418829996451798,111.93243738864835,115.89736271916875,7.153499624408453,0.008000413003424524,0.540120272532722,-494.43418296248103,494.43418296248103,0.4268366675175094,1788.9681052367587,2600.741183525397,15.333333333333332,False,"SOC floor violated (min 0.008, unmet 494 Wh); did not refill (end SOC 0.540); FLAG MJ-21x14EL: thrust table 1.98 N vs similarity 0.00 N (100%) at 1691 rpm, 11.23 m/s; FLAG MJ-21x14EL: thrust table 1.99 N vs similarity 0.00 N (100%) at 1743 rpm, 11.42 m/s"
5.5,0.36,1.6,0.34,0.6,0.0,0.216,0.845,1.69,1.69,0.21885521885521889,1.0926106711465835,5.236277849264354,1.0140216879338444,2,one_per_bay,True,26+24+24+13,4,87,26,24,13,A40-10L-V2-kv1100-6.7PG,MJ-21x14EL,11.044391571014478,1.70568,17.734862342291635,0.7699716666256178,9.114563445025695,10.937476134030833,11.118782636938635,112.9348584930593,116.55916818632409,6.658092808893515,0.0013197465720352144,0.5641674722661186,-496.7760865071707,496.7760865071707,0.24223361794616355,1831.0614724188006,2621.8472878417238,15.333333333333332,False,"SOC floor violated (min 0.001, unmet 497 Wh); did not refill (end SOC 0.564); FLAG MJ-21x14EL: thrust table 2.12 N vs similarity 0.00 N (100%) at 1669 rpm, 10.94 m/s; FLAG MJ-21x14EL: thrust table 2.13 N vs similarity 0.00 N (100%) at 1716 rpm, 11.12 m/s"
5.5,0.36,1.6,0.34,0.4,0.5,0.144,1.7974999999999999,1.69,1.69,0.21885521885521889,0.9957777644922805,5.291022523930373,1.0079064193403144,2,one_per_bay,True,26+24+24+13,4,87,26,24,13,A40-10L-V2-kv1100-6.7PG,MJ-21x14EL,11.166313866539477,1.7742599999999997,17.04936142391758,0.6981464915281484,8.985868062538996,10.783041675046794,10.961788174957219,113.01775990066638,116.46048029759291,6.517193764086738,0.0004816936285231433,0.5641829312896554,-497.2307287089162,497.2307287089162,0.25045760867376166,1831.0614724188006,2622.2631477227005,15.333333333333332,False,"SOC floor violated (min 0.000, unmet 497 Wh); did not refill (end SOC 0.564); FLAG MJ-21x14EL: thrust table 2.18 N vs similarity 0.00 N (100%) at 1656 rpm, 10.78 m/s"
5.5,0.36,1.3,0.34,0.4,0.0,0.144,0.78,1.56,1.56,0.21885521885521886,0.9489799622150995,5.151461720641788,0.7054439464883598,2,one_per_bay,True,24+22+22+12,4,80,24,22,12,A40-10L-V2-kv1100-6.7PG,MJ-21x14EL,10.467944502105361,1.5544799999999999,19.459883691009214,0.6648906229648502,9.295053404619907,11.154064085543888,11.33896088694282,109.789085172878,113.51349512849757,7.1414176159042215,0.0019475502362255488,0.46504076438768227,-497.45062160149894,472.06101668237926,0.23583194788744657,1683.7346872816552,2546.28516127555,15.583333333333334,False,"SOC floor violated (min 0.002, unmet 472 Wh); did not refill (end SOC 0.465); FLAG MJ-21x14EL: thrust table 1.96 N vs similarity 0.00 N (100%) at 1672 rpm, 11.15 m/s; FLAG MJ-21x14EL: thrust table 1.97 N vs similarity 0.00 N (100%) at 1722 rpm, 11.34 m/s"
5.5,0.36,1.6,0.34,0.6,0.5,0.216,1.7974999999999999,1.69,1.69,0.21885521885521889,0.9435156865971985,5.313696428163398,1.0316808571571012,2,one_per_bay,True,26+26+26+13,4,91,26,26,13,A40-10L-V2-kv1100-6.7PG,MJ-26x15EL,11.412236162064477,1.8428399999999998,16.41488137874151,0.6581071811598423,8.913644575894681,10.696373491073617,10.873683324502945,114.03584553315045,116.20915349202502,12.677416530872057,0.006528605935899313,0.6461153682557086,-506.2957541175843,506.2957541175843,0.09326208819551358,1915.2482067828832,2636.05784643233,15.166666666666666,False,"SOC floor violated (min 0.007, unmet 506 Wh); did not refill (end SOC 0.646); FLAG MJ-26x15EL: shaft power table 42.2 W vs similarity 28.6 W (32%) at 1386 rpm, 10.70 m/s; FLAG MJ-26x15EL: shaft power table 42.1 W vs similarity 29.4 W (30%) at 1411 rpm, 10.87 m/s"
6.0,0.3,1.6,0.34,0.6,0.0,0.18,0.65,1.3,1.3,0.21885521885521889,1.1572576144469577,4.997116184953253,0.5407920061368104,2,one_per_bay,True,24+24+20+10,4,78,20,24,10,A40-10L-V2-kv1100-6.7PG,MJ-21x14EL,10.557145019225588,1.5179999999999998,23.715415019762847,0.79274478594885,9.446068940512644,11.335282728615173,11.523183524540292,107.85267586883086,111.82330218020587,7.1732890677196774,0.009387708298080057,0.4513898152801406,-510.6374384393842,455.88051316986133,0.13429911336353229,1641.6413200996149,2501.5527734467382,15.666666666666668,False,"SOC floor violated (min 0.009, unmet 456 Wh); did not refill (end SOC 0.451); FLAG MJ-21x14EL: thrust table 1.84 N vs similarity 0.00 N (100%) at 1679 rpm, 11.34 m/s; FLAG MJ-21x14EL: thrust table 1.85 N vs similarity 0.00 N (100%) at 1732 rpm, 11.52 m/s"
5.5,0.3,1.3,0.34,0.4,0.5,0.12,1.7650000000000001,1.56,1.56,0.21885521885521886,1.0828073068251065,5.106494122069426,0.736924272943451,2,one_per_bay,True,24+23+23+12,4,82,24,23,12,A40-10L-V2-kv1100-6.7PG,20x15E,10.437841729288229,1.4727,20.5405038364908,0.7632269146952056,9.535906040872051,11.443087249046462,11.632775080696966,112.96965039086723,115.03079200994961,5.743389401385409,0.0020341670615252744,0.48767362435387757,-514.4398797662394,514.4398797662394,0.42878062810603024,1725.8280544636973,2608.4477895398245,15.666666666666668,False,"SOC floor violated (min 0.002, unmet 514 Wh); did not refill (end SOC 0.488); FLAG 20x15E: (11.44 m/s, 1806 rpm) not on the map; used C_T(J) similarity; FLAG 20x15E: (11.63 m/s, 1837 rpm) not on the map; used C_T(J) similarity"
5.5,0.36,1.3,0.34,0.4,0.0,0.144,0.845,1.69,1.69,0.21885521885521889,1.0105874904514431,5.1594127661945155,0.7963064717491107,2,one_per_bay,True,26+20+20+13,4,79,26,20,13,A40-10L-V2-kv1100-6.7PG,MJ-21x14EL,10.510748763468325,1.56852,19.28569607018081,0.7194484030591339,9.272258917554796,11.126710701065754,11.311154075511185,110.31125896676464,114.0335669496934,7.097051732533257,0.004253116091200283,0.4450904877399993,-516.7225888431607,486.0922750154957,0.4025786240781374,1662.6880036906352,2558.48944839342,15.666666666666668,False,"SOC floor violated (min 0.004, unmet 486 Wh); did not refill (end SOC 0.445); FLAG MJ-21x14EL: thrust table 1.98 N vs similarity 0.00 N (100%) at 1672 rpm, 11.13 m/s; FLAG MJ-21x14EL: thrust table 1.99 N vs similarity 0.00 N (100%) at 1722 rpm, 11.31 m/s"
5.5,0.3,1.3,0.34,0.4,0.5,0.12,1.7974999999999999,1.69,1.69,0.21885521885521889,1.1650599844559684,5.11057057859191,0.8177530310211556,2,one_per_bay,True,26+22+22+13,4,83,26,22,13,A40-10L-V2-kv1100-6.7PG,20x15E,10.48198023325119,1.4785499999999998,20.459233708701095,0.8349236665156936,9.537123650587631,11.444548380705157,11.634260432995605,113.75620834707144,115.83736209386713,5.7149804764781695,0.005568484695495838,0.5025506250718604,-526.7450167407376,526.7450167407376,0.1276339978586473,1746.8747380547186,2627.6653776985863,15.583333333333334,False,"SOC floor violated (min 0.006, unmet 527 Wh); did not refill (end SOC 0.503); FLAG 20x15E: (11.44 m/s, 1809 rpm) not on the map; used C_T(J) similarity; FLAG 20x15E: (11.63 m/s, 1840 rpm) not on the map; used C_T(J) similarity"
5.5,0.3,1.6,0.34,0.6,0.5,0.18,1.7000000000000002,1.3,1.3,0.21885521885521889,1.0599302766574819,5.133241166900573,0.7355980397102856,2,one_per_bay,True,26+26+20+10,4,82,20,26,10,A40-10L-V2-kv1100-6.7PG,20x15E,10.70474985251615,1.524,19.849081364829395,0.713047887714398,9.493132249275785,11.391758699130941,11.580595676363982,113.54244083593241,115.6080081569574,5.578656753954558,0.0060061800304164106,0.4868346079826019,-527.2795879956095,527.2795879956095,0.3325779369380655,1725.8280544636973,2622.231641070919,15.666666666666668,False,"SOC floor violated (min 0.006, unmet 527 Wh); did not refill (end SOC 0.487); FLAG 20x15E: (11.39 m/s, 1804 rpm) not on the map; used C_T(J) similarity; FLAG 20x15E: (11.58 m/s, 1835 rpm) not on the map; used C_T(J) similarity"
5.5,0.3,1.3,0.34,0.4,0.5,0.12,1.7000000000000002,1.3,1.3,0.21885521885521889,0.9148741462979123,5.098320941866553,0.5209436828091787,2,one_per_bay,True,24+24+20+10,4,78,20,24,10,A40-10L-V2-kv1100-6.7PG,20x15E,10.333564721362302,1.461,20.704996577686515,0.618314978787078,9.526069089302364,11.431282907162837,11.620775062597017,111.26456726102768,113.27927559234875,5.807596534979857,0.002135192944283536,0.4317658111050074,-529.5942264725629,502.45392150732204,0.28262077288840004,1641.6413200996149,2566.8030656371316,15.833333333333332,False,"SOC floor violated (min 0.002, unmet 502 Wh); did not refill (end SOC 0.432); FLAG 20x15E: (11.43 m/s, 1798 rpm) not on the map; used C_T(J) similarity; FLAG 20x15E: (11.62 m/s, 1829 rpm) not on the map; used C_T(J) similarity"
5.5,0.3,1.6,0.34,0.6,0.5,0.18,1.7650000000000001,1.56,1.56,0.21885521885521886,1.2600167604596302,5.137751252554981,0.92270953467318,2,one_per_bay,True,25+25+24+12,4,86,24,25,12,A40-10L-V2-kv1100-6.7PG,20x15E,10.801942706192076,1.5318,19.74800887844366,0.8842899823699577,9.511820699636885,11.414184839564262,11.603393566645796,115.24392911489761,117.35191179183948,5.526566078995528,0.006105296125032791,0.5436895025494053,-540.0382852028483,540.0382852028483,0.41668316074743217,1810.0147888277795,2663.772151511545,15.5,False,"SOC floor violated (min 0.006, unmet 540 Wh); did not refill (end SOC 0.544); FLAG 20x15E: (11.41 m/s, 1812 rpm) not on the map; used C_T(J) similarity; FLAG 20x15E: (11.60 m/s, 1844 rpm) not on the map; used C_T(J) similarity"
5.5,0.3,1.6,0.34,0.4,0.5,0.12,1.7000000000000002,1.3,1.3,0.21885521885521889,1.1259989492897382,5.098646937193824,0.7210452475351223,2,one_per_bay,True,24+24+20+10,4,78,20,24,10,A40-10L-V2-kv1100-6.7PG,20x15E,10.56074774376615,1.461,20.704996577686515,0.7610030508148653,9.630214921780526,11.556257906136631,11.747821725978318,113.40573615808792,115.46004424315667,5.713946371591915,0.009114378932086765,0.42096716715177335,-543.3060458268409,543.3060458268409,0.08792205630278123,1641.6413200996149,2618.3433248150723,15.916666666666666,False,"SOC floor violated (min 0.009, unmet 543 Wh); did not refill (end SOC 0.421); FLAG 20x15E: (11.56 m/s, 1816 rpm) not on the map; used C_T(J) similarity; FLAG 20x15E: (11.75 m/s, 1847 rpm) not on the map; used C_T(J) similarity"
5.5,0.36,1.6,0.34,0.4,0.0,0.144,0.78,1.56,1.56,0.21885521885521886,1.1679753381108917,5.151938958515169,0.8900755108447234,2,one_per_bay,True,24+22+22+12,4,80,24,22,12,A40-10L-V2-kv1100-6.7PG,20x15E,10.806563465342075,1.5544799999999999,19.459883691009214,0.8183269205721234,9.444195916573529,11.333035099888233,11.520898637701947,114.24002435879473,116.30956102593503,5.500555083024119,0.004867671345211336,0.444461550561805,-544.6225324753054,544.6225324753054,0.2689193554517087,1683.7346872816556,2638.6618007260436,15.833333333333332,False,"SOC floor violated (min 0.005, unmet 545 Wh); did not refill (end SOC 0.444); FLAG 20x15E: (11.33 m/s, 1803 rpm) not on the map; used C_T(J) similarity; FLAG 20x15E: (11.52 m/s, 1834 rpm) not on the map; used C_T(J) similarity"
5.5,0.36,1.3,0.34,0.4,0.0,0.144,0.65,1.3,1.3,0.21885521885521889,0.819144395245372,5.1354732699896966,0.46880575361119403,2,one_per_bay,True,23+23+20+10,4,76,20,23,10,A40-10L-V2-kv1100-6.7PG,MJ-21x14EL,10.334335979379436,1.5264,19.81787211740042,0.5509665368004768,9.320106235556835,11.184127482668202,11.36952263389952,108.08498110439294,111.74126285802127,7.256660042505241,0.0030403351495624543,0.41053950396830313,-550.0988391666192,460.75767456781506,0.1488565971179317,1599.547952917573,2503.8991808267438,15.833333333333332,False,"SOC floor violated (min 0.003, unmet 461 Wh); did not refill (end SOC 0.411); FLAG MJ-21x14EL: thrust table 1.90 N vs similarity 0.00 N (100%) at 1666 rpm, 11.18 m/s; FLAG MJ-21x14EL: thrust table 1.91 N vs similarity 0.00 N (100%) at 1716 rpm, 11.37 m/s"
5.5,0.3,1.6,0.34,0.6,0.5,0.18,1.7974999999999999,1.69,1.69,0.21885521885521889,1.358662588699966,5.13997209593966,0.9923657858531092,2,one_per_bay,True,26+23+23+13,4,85,26,23,13,A40-10L-V2-kv1100-6.7PG,20x15E,10.826539133030037,1.5356999999999998,19.697857654489813,0.9695886000761201,9.51054458501758,11.412653502021096,11.601836844685666,115.83952786749065,117.94251856955631,5.509987244936516,0.008286086679113288,0.523037548223787,-554.8523082832348,554.8523082832348,0.1878849543387074,1788.9681052367587,2677.848840562165,15.583333333333334,False,"SOC floor violated (min 0.008, unmet 555 Wh); did not refill (end SOC 0.523); FLAG 20x15E: (11.41 m/s, 1815 rpm) not on the map; used C_T(J) similarity; FLAG 20x15E: (11.60 m/s, 1846 rpm) not on the map; used C_T(J) similarity"
5.5,0.3,1.6,0.34,0.4,0.5,0.12,1.7650000000000001,1.56,1.56,0.21885521885521886,1.3326859160924387,5.106816683612999,0.8988632089042827,2,one_per_bay,True,24+23+23+12,4,82,24,23,12,A40-10L-V2-kv1100-6.7PG,20x15E,10.664874061317075,1.4727,20.5405038364908,0.9393562027017913,9.63905537543162,11.566866450517944,11.758606124282343,115.13984546547617,117.24147455632684,5.651411346793019,0.009603654342126271,0.47683961184277945,-556.0569951646038,556.0569951646038,0.16754924244989883,1725.8280544636973,2660.8698669285045,15.666666666666668,False,"SOC floor violated (min 0.010, unmet 556 Wh); did not refill (end SOC 0.477); FLAG 20x15E: (11.57 m/s, 1824 rpm) not on the map; used C_T(J) similarity; FLAG 20x15E: (11.76 m/s, 1855 rpm) not on the map; used C_T(J) similarity"
5.0,0.36,1.3,0.34,0.6,0.5,0.216,1.5750000000000002,1.3,1.3,0.21885521885521889,0.654764241289739,5.412280412806806,0.7072406551719788,2,one_per_bay,True,26+26+20+10,4,82,20,26,10,A40-10L-V2-kv1100-6.7PG,MJ-26x15EL,10.715340438456359,1.6668,14.998800095992321,0.42451949978554754,9.081863996139505,10.898236795367406,11.078892842248395,115.50137588297396,117.8686679904801,13.678790423672968,0.0059206523508567276,0.4679309727265811,-558.1112969816024,558.1112969816024,0.11528312293712635,1725.8280544636973,2671.5631810782916,15.75,False,"SOC floor violated (min 0.006, unmet 558 Wh); did not refill (end SOC 0.468); FLAG MJ-26x15EL: thrust table 2.20 N vs similarity 1.85 N (16%) at 1403 rpm, 10.90 m/s; FLAG MJ-26x15EL: shaft power table 42.2 W vs similarity 28.7 W (32%) at 1403 rpm, 10.90 m/s; FLAG MJ-26x15EL: shaft power table 42.1 W vs similarity 29.8 W (29%) at 1430 rpm, 11.08 m/s"
5.5,0.3,1.6,0.34,0.4,0.5,0.12,1.7974999999999999,1.69,1.69,0.21885521885521889,1.433919980868884,5.110891690843276,0.9657101230519198,2,one_per_bay,True,26+22+22+13,4,83,26,22,13,A40-10L-V2-kv1100-6.7PG,20x15E,10.708937220092539,1.4785499999999998,20.459233708701095,1.027598358788546,9.639820152744957,11.567784183293947,11.759539069975675,115.93690691665932,118.06092235958556,5.623748369146274,0.0035801308475043713,0.48156988112416926,-559.0942292246534,559.0942292246534,0.2204530489524501,1746.8747380547186,2680.185894690891,15.666666666666668,False,"SOC floor violated (min 0.004, unmet 559 Wh); did not refill (end SOC 0.482); FLAG 20x15E: (11.57 m/s, 1827 rpm) not on the map; used C_T(J) similarity; FLAG 20x15E: (11.76 m/s, 1858 rpm) not on the map; used C_T(J) similarity"
5.5,0.36,1.6,0.34,0.4,0.0,0.144,0.845,1.69,1.69,0.21885521885521889,1.24379998824793,5.159887841188654,0.9667336267055426,2,one_per_bay,True,26+20+20+13,4,79,26,20,13,A40-10L-V2-kv1100-6.7PG,20x15E,10.849186898255038,1.56852,19.28569607018081,0.8854749576112417,9.420356059554747,11.304427271465697,11.49181658787188,114.74982260268938,116.83658584440222,5.465343818887083,0.0074215077016936415,0.425384056493685,-559.156688129696,559.156688129696,0.09769221017205254,1662.6880036906352,2650.863745335058,15.916666666666666,False,"SOC floor violated (min 0.007, unmet 559 Wh); did not refill (end SOC 0.425); FLAG 20x15E: (11.30 m/s, 1803 rpm) not on the map; used C_T(J) similarity; FLAG 20x15E: (11.49 m/s, 1833 rpm) not on the map; used C_T(J) similarity"
5.0,0.36,1.3,0.28,0.6,0.5,0.216,1.6400000000000001,1.56,1.56,0.2006172839506173,0.7128699089420409,5.419027901744648,0.9216092940336689,2,one_per_bay,True,24+24+24+12,4,84,24,24,12,A40-10L-V2-kv1100-6.7PG,MJ-26x15EL,10.76248948745299,1.67616,14.91504390988927,0.490994574128807,9.076374080402761,10.891648896483312,11.072195738197264,116.36428850486999,118.75153889450775,13.607579668391809,0.0012752461938456208,0.49109409125100517,-559.8718415125916,559.8718415125916,0.28671905701538475,1767.9214216457387,2692.636677363856,15.666666666666668,False,"SOC floor violated (min 0.001, unmet 560 Wh); did not refill (end SOC 0.491); FLAG MJ-26x15EL: thrust table 2.23 N vs similarity 1.89 N (16%) at 1405 rpm, 10.89 m/s; FLAG MJ-26x15EL: shaft power table 42.5 W vs similarity 29.1 W (31%) at 1405 rpm, 10.89 m/s; FLAG MJ-26x15EL: shaft power table 42.4 W vs similarity 30.3 W (29%) at 1432 rpm, 11.07 m/s"
5.5,0.36,1.6,0.34,0.4,0.0,0.144,0.65,1.3,1.3,0.21885521885521889,1.0081777172250732,5.135798045653365,0.6920296034315313,2,one_per_bay,True,23+23+20+10,4,76,20,23,10,A40-10L-V2-kv1100-6.7PG,MJ-21x14EL,10.560676681225589,1.5264,19.81787211740042,0.6781126606775099,9.42161704377765,11.305940452533179,11.493354852383137,111.06454409972658,115.07159159749354,7.142006282336931,0.009606662260340692,0.3899976291392729,-569.9422902514624,514.527113159085,0.11677986097971052,1599.5479529175732,2577.605438375572,16.0,False,"SOC floor violated (min 0.010, unmet 515 Wh); did not refill (end SOC 0.390); FLAG MJ-21x14EL: thrust table 1.93 N vs similarity 0.00 N (100%) at 1693 rpm, 11.31 m/s; FLAG MJ-21x14EL: thrust table 1.94 N vs similarity 0.00 N (100%) at 1747 rpm, 11.49 m/s"
6.0,0.3,1.3,0.34,0.4,0.0,0.12,0.845,1.69,1.69,0.21885521885521889,1.358999558588036,4.948414687810839,0.6111081611590036,2,one_per_bay,True,26+18+18+13,4,75,26,18,13,A40-10L-V2-kv1100-6.7PG,20x15E,10.307806853020422,1.4121000000000001,25.493945188017843,0.9947464539930226,9.677521895058863,11.613026274070636,11.805531122184275,110.41346223790093,112.52422061563998,5.892237208631236,0.0047439397477733476,0.3883899865041434,-571.4952730369974,503.3315540979641,0.2013492082292944,1578.5012693265517,2546.809160731522,16.0,False,"SOC floor violated (min 0.005, unmet 503 Wh); did not refill (end SOC 0.388); FLAG 20x15E: (11.61 m/s, 1809 rpm) not on the map; used C_T(J) similarity; FLAG 20x15E: (11.81 m/s, 1841 rpm) not on the map; used C_T(J) similarity"
5.5,0.3,1.3,0.34,0.6,0.0,0.18,0.78,1.56,1.56,0.21885521885521886,1.192883054458234,5.07115996353027,0.7514127446467913,2,one_per_bay,True,24+20+20+12,4,76,24,20,12,A40-10L-V2-kv1100-6.7PG,20x15E,10.28401190482669,1.4136,21.39926428975665,0.844454678508351,9.661215514435913,11.593458617323096,11.785639099616729,113.09840659227174,115.23921263426202,5.882522933449809,0.007960352236060056,0.3870109829153952,-572.8273905037282,545.4155904626326,0.10281144124900383,1599.5479529175732,2611.309806046939,16.083333333333332,False,"SOC floor violated (min 0.008, unmet 545 Wh); did not refill (end SOC 0.387); FLAG 20x15E: (11.59 m/s, 1818 rpm) not on the map; used C_T(J) similarity; FLAG 20x15E: (11.79 m/s, 1849 rpm) not on the map; used C_T(J) similarity"
5.0,0.36,1.3,0.34,0.6,0.5,0.216,1.6400000000000001,1.56,1.56,0.21885521885521886,0.7776762643004083,5.419079181187083,1.0065893444965042,2,one_per_bay,True,24+24+24+12,4,84,24,24,12,A40-10L-V2-kv1100-6.7PG,MJ-26x15EL,10.799368780382284,1.67616,14.91504390988927,0.5258504553772149,9.091911563536199,10.910293876243438,11.091149788901697,116.95005842014903,119.39145002979767,13.574372578756508,0.005511164570872383,0.49000976129848334,-573.2344392934929,573.2344392934929,0.23076686654221726,1767.9214216457387,2707.146332163979,15.666666666666668,False,"SOC floor violated (min 0.006, unmet 573 Wh); did not refill (end SOC 0.490); FLAG MJ-26x15EL: thrust table 2.24 N vs similarity 1.90 N (15%) at 1408 rpm, 10.91 m/s; FLAG MJ-26x15EL: shaft power table 42.7 W vs similarity 29.4 W (31%) at 1408 rpm, 10.91 m/s; FLAG MJ-26x15EL: shaft power table 42.6 W vs similarity 30.5 W (28%) at 1436 rpm, 11.09 m/s"
5.0,0.36,1.3,0.28,0.6,0.5,0.216,1.6724999999999999,1.69,1.69,0.2006172839506173,0.7683442168042051,5.422409835986132,1.0390342545153963,2,one_per_bay,True,26+22+22+13,4,83,26,22,13,A40-10L-V2-kv1100-6.7PG,MJ-26x15EL,10.78636507816904,1.68084,14.873515623140811,0.5374317411857799,9.07377745265555,10.888532943186659,11.069028132893466,116.86293762031842,119.26895423627394,13.571547721120325,0.004340698757348913,0.47227579478844495,-574.3663287453335,574.3663287453335,0.11978372589508504,1746.8747380547186,2704.5601399692523,15.75,False,"SOC floor violated (min 0.004, unmet 574 Wh); did not refill (end SOC 0.472); FLAG MJ-26x15EL: thrust table 2.25 N vs similarity 1.91 N (15%) at 1406 rpm, 10.89 m/s; FLAG MJ-26x15EL: shaft power table 42.7 W vs similarity 29.4 W (31%) at 1406 rpm, 10.89 m/s; FLAG MJ-26x15EL: shaft power table 42.6 W vs similarity 30.5 W (28%) at 1434 rpm, 11.07 m/s"
5.0,0.36,1.3,0.34,0.4,0.5,0.144,1.5750000000000002,1.3,1.3,0.21885521885521889,0.6940416033645126,5.387565057369299,0.7035035381794947,2,one_per_bay,True,24+24+20+10,4,78,20,24,10,A40-10L-V2-kv1100-6.7PG,MJ-26x15EL,10.564496324610204,1.6002,15.62304711911011,0.45275156806059375,9.203457647847632,11.044149177417157,11.227223959973196,115.98328218211495,118.49870331498086,14.006158082493235,0.002745031620545974,0.38992707918683756,-578.7375586009529,578.7375586009529,0.08661035366552738,1641.6413200996149,2683.7221414336823,16.0,False,"SOC floor violated (min 0.003, unmet 579 Wh); did not refill (end SOC 0.390); FLAG MJ-26x15EL: thrust table 2.15 N vs similarity 1.79 N (17%) at 1414 rpm, 11.04 m/s; FLAG MJ-26x15EL: shaft power table 42.0 W vs similarity 28.6 W (32%) at 1414 rpm, 11.04 m/s; FLAG MJ-26x15EL: shaft power table 41.9 W vs similarity 29.9 W (29%) at 1442 rpm, 11.23 m/s"
6.0,0.3,1.3,0.34,0.4,0.0,0.12,0.78,1.56,1.56,0.21885521885521886,1.2746943750527984,4.943365534159245,0.5430677584185233,2,one_per_bay,True,24+19+19+12,4,74,24,19,12,A40-10L-V2-kv1100-6.7PG,20x15E,10.25311974605746,1.4003999999999999,25.706940874035993,0.917958921150095,9.69205157936716,11.630461895240591,11.823255767207776,109.8059960155016,111.89615110250213,5.933793869531833,0.0089069146842767,0.3804881497141768,-579.1284473761052,501.80937470081864,0.12597676641923644,1557.4545857355315,2532.065145068048,16.0,False,"SOC floor violated (min 0.009, unmet 502 Wh); did not refill (end SOC 0.380); FLAG 20x15E: (11.63 m/s, 1808 rpm) not on the map; used C_T(J) similarity; FLAG 20x15E: (11.82 m/s, 1839 rpm) not on the map; used C_T(J) similarity"
5.0,0.36,1.3,0.34,0.6,0.5,0.216,1.6724999999999999,1.69,1.69,0.21885521885521889,0.8381936910591329,5.4224639638192045,1.1178764468280786,2,one_per_bay,True,26+22+22+13,4,83,26,22,13,A40-10L-V2-kv1100-6.7PG,MJ-26x15EL,10.825382951345247,1.68084,14.873515623140811,0.5762382709443089,9.09017407484512,10.908208889814142,11.089030240422304,117.4940756802126,119.95845317073974,13.536520030695272,0.008429820633222057,0.47028288410601815,-588.1021145930234,588.1021145930234,0.3977898968924561,1746.8747380547186,2719.983565831093,15.833333333333332,False,"SOC floor violated (min 0.008, unmet 588 Wh); did not refill (end SOC 0.470); FLAG MJ-26x15EL: shaft power table 42.9 W vs similarity 29.6 W (31%) at 1410 rpm, 10.91 m/s; FLAG MJ-26x15EL: shaft power table 42.8 W vs similarity 30.8 W (28%) at 1437 rpm, 11.09 m/s"
6.0,0.3,1.6,0.34,0.4,0.0,0.12,0.845,1.69,1.69,0.21885521885521889,1.672614841339121,4.947714375595227,0.7383764084089152,2,one_per_bay,True,26+18+18+13,4,75,26,18,13,A40-10L-V2-kv1100-6.7PG,20x15E,10.533966304905038,1.4121000000000001,25.493945188017843,1.2243033279914124,9.783111175855701,11.739733411026842,11.934338636559682,112.50992592621931,114.66224171156281,5.7971453967668065,0.002172444042988173,0.3684749726060976,-590.7331764625096,534.4922593206368,0.2850368173657121,1578.5012693265517,2597.098029214454,16.166666666666668,False,"SOC floor violated (min 0.002, unmet 534 Wh); did not refill (end SOC 0.368); FLAG 20x15E: (11.74 m/s, 1827 rpm) not on the map; used C_T(J) similarity; FLAG 20x15E: (11.93 m/s, 1859 rpm) not on the map; used C_T(J) similarity"
5.0,0.36,1.6,0.34,0.6,0.5,0.216,1.5750000000000002,1.3,1.3,0.21885521885521889,0.805863681587371,5.412593956636342,0.9856904519326735,2,one_per_bay,True,26+26+20+10,4,82,20,26,10,A40-10L-V2-kv1100-6.7PG,MJ-26x15EL,10.94182445422559,1.6668,14.998800095992321,0.5224855381975969,9.177341202195112,11.012809442634135,11.19536471797974,117.8850451347307,120.44925583837525,13.483722239831168,0.0023869107639383907,0.44289091087624877,-592.611892735481,592.611892735481,0.17008223926016677,1725.8280544636975,2730.1821373133016,15.833333333333332,False,"SOC floor violated (min 0.002, unmet 593 Wh); did not refill (end SOC 0.443); FLAG MJ-26x15EL: thrust table 2.23 N vs similarity 1.88 N (15%) at 1417 rpm, 11.01 m/s; FLAG MJ-26x15EL: shaft power table 42.7 W vs similarity 29.6 W (31%) at 1417 rpm, 11.01 m/s; FLAG MJ-26x15EL: shaft power table 42.7 W vs similarity 30.9 W (27%) at 1446 rpm, 11.20 m/s"
5.0,0.36,1.3,0.28,0.4,0.5,0.144,1.6724999999999999,1.69,1.69,0.2006172839506173,0.8086590249587597,5.404758519329572,1.0189811489090044,2,one_per_bay,True,26+21+21+13,4,81,26,21,13,A40-10L-V2-kv1100-6.7PG,MJ-26x15EL,10.664047776322887,1.62126,15.420105350159753,0.5687455053926256,9.186465748593685,11.02375889831242,11.206495678741415,117.6118960565258,120.16779567652313,13.846699576744921,0.002955314902279278,0.4280775970147189,-592.6458779141062,592.6458779141062,0.39970932602641795,1704.7813708726767,2723.3456939515822,15.916666666666666,False,"SOC floor violated (min 0.003, unmet 593 Wh); did not refill (end SOC 0.428); FLAG MJ-26x15EL: thrust table 2.22 N vs similarity 1.87 N (16%) at 1417 rpm, 11.02 m/s; FLAG MJ-26x15EL: shaft power table 42.6 W vs similarity 29.4 W (31%) at 1417 rpm, 11.02 m/s; FLAG MJ-26x15EL: shaft power table 42.5 W vs similarity 30.8 W (28%) at 1446 rpm, 11.21 m/s"
5.5,0.3,1.6,0.34,0.6,0.0,0.18,0.78,1.56,1.56,0.21885521885521886,1.468163759333211,5.070870309587902,0.8986216650708716,2,one_per_bay,True,24+20+20+12,4,76,24,20,12,A40-10L-V2-kv1100-6.7PG,20x15E,10.511805416442074,1.4136,21.39926428975665,1.0393288350872012,9.767628677771903,11.721154413326284,11.915451661675052,115.30668652780443,117.48700836735964,5.786331913155077,0.005175939074051707,0.3662251940614999,-592.9064625365911,578.5493633854525,0.15735271705483217,1599.5479529175732,2664.4396644104772,16.166666666666668,False,"SOC floor violated (min 0.005, unmet 579 Wh); did not refill (end SOC 0.366); FLAG 20x15E: (11.72 m/s, 1836 rpm) not on the map; used C_T(J) similarity; FLAG 20x15E: (11.92 m/s, 1868 rpm) not on the map; used C_T(J) similarity"
5.0,0.36,1.3,0.34,0.4,0.5,0.144,1.6400000000000001,1.56,1.56,0.21885521885521886,0.8204002701326779,5.39906287294907,0.9874012816188145,2,one_per_bay,True,24+22+22+12,4,80,24,22,12,A40-10L-V2-kv1100-6.7PG,MJ-26x15EL,10.65687587453613,1.6142400000000001,15.487164238279313,0.5579131481954883,9.203322788904812,11.043987346685773,11.227059446633538,117.48827103140964,120.07206173378685,13.875211034671887,0.002193821899255738,0.410974239396439,-593.9422873443799,593.9422873443799,0.2109202879081214,1683.7346872816556,2720.388830372846,16.0,False,"SOC floor violated (min 0.002, unmet 594 Wh); did not refill (end SOC 0.411); FLAG MJ-26x15EL: thrust table 2.20 N vs similarity 1.85 N (16%) at 1418 rpm, 11.04 m/s; FLAG MJ-26x15EL: shaft power table 42.5 W vs similarity 29.3 W (31%) at 1418 rpm, 11.04 m/s; FLAG MJ-26x15EL: shaft power table 42.4 W vs similarity 30.7 W (28%) at 1447 rpm, 11.23 m/s"
5.0,0.36,1.3,0.34,0.6,0.0,0.216,0.78,1.56,1.56,0.21885521885521886,0.8994639185219879,5.332720771442063,1.0046908337939098,2,one_per_bay,True,24+22+22+12,4,80,24,22,12,A40-10L-V2-kv1100-6.7PG,20x15E,10.567022886980537,1.55232,16.104926819212533,0.6151597158989375,9.345433479715098,11.214520175658118,11.400419135337787,117.62351064729367,119.74229403952808,5.560506151660041,0.0008646533392706931,0.41227638174648124,-594.7825942384475,594.7825942384475,0.23840092909635283,1683.7346872816556,2719.9145226729274,16.0,False,"SOC floor violated (min 0.001, unmet 595 Wh); did not refill (end SOC 0.412); FLAG 20x15E: (11.21 m/s, 1807 rpm) not on the map; used C_T(J) similarity; FLAG 20x15E: (11.40 m/s, 1838 rpm) not on the map; used C_T(J) similarity"
5.0,0.36,1.3,0.34,0.6,0.0,0.216,0.65,1.3,1.3,0.21885521885521889,0.7677275124735141,5.319667005485885,0.7487083053922547,2,one_per_bay,True,23+23+20+10,4,76,20,23,10,A40-10L-V2-kv1100-6.7PG,MJ-21x14EL,10.33765221076405,1.5335999999999999,16.301512780386023,0.5038799953367245,9.299694064070511,11.159632876884613,11.34462199008117,114.22237414853632,118.18770545235704,7.211632765892599,0.0062562371644847535,0.3618299984213669,-597.1522215249596,562.131552529854,0.09896129330504877,1599.5479529175732,2652.3987414447947,16.166666666666668,False,"SOC floor violated (min 0.006, unmet 562 Wh); did not refill (end SOC 0.362); FLAG MJ-21x14EL: thrust table 2.06 N vs similarity 0.00 N (100%) at 1696 rpm, 11.16 m/s; FLAG MJ-21x14EL: thrust table 2.07 N vs similarity 0.00 N (100%) at 1748 rpm, 11.34 m/s"
6.0,0.3,1.6,0.34,0.4,0.0,0.12,0.78,1.56,1.56,0.21885521885521886,1.568854615449598,4.942661020960552,0.6811104457575092,2,one_per_bay,True,24+19+19+12,4,74,24,19,12,A40-10L-V2-kv1100-6.7PG,20x15E,10.479443587442075,1.4003999999999999,25.706940874035993,1.1297955952616554,9.798437211629208,11.758124653955049,11.953034744330436,111.90398894630937,114.0355620952042,5.837482669069358,0.006158450365725725,0.3605419581408765,-598.3964684359133,532.9550798080559,0.18318543058529238,1557.4545857355315,2582.3930577111028,16.166666666666668,False,"SOC floor violated (min 0.006, unmet 533 Wh); did not refill (end SOC 0.361); FLAG 20x15E: (11.76 m/s, 1826 rpm) not on the map; used C_T(J) similarity; FLAG 20x15E: (11.95 m/s, 1858 rpm) not on the map; used C_T(J) similarity"
5.0,0.3,1.3,0.34,0.6,0.5,0.18,1.5750000000000002,1.3,1.3,0.21885521885521889,0.9428605074572243,5.220772369045574,0.7922262238628817,2,one_per_bay,True,23+23+20+10,4,76,20,23,10,A40-10L-V2-kv1100-6.7PG,20x15E,10.179961215208456,1.389,17.998560115190784,0.6269840927379534,9.696961957441676,11.636354348930011,11.829245897926056,116.26173067994839,118.36354261351903,5.938919525425881,0.005456237619991039,0.35965485569817135,-599.2534093955665,594.2639344444208,0.08430819654154931,1599.5479529175732,2686.570578803946,16.25,False,"SOC floor violated (min 0.005, unmet 594 Wh); did not refill (end SOC 0.360); FLAG 20x15E: (11.64 m/s, 1833 rpm) not on the map; used C_T(J) similarity; FLAG 20x15E: (11.83 m/s, 1864 rpm) not on the map; used C_T(J) similarity"
5.5,0.3,1.3,0.34,0.6,0.0,0.18,0.845,1.69,1.69,0.21885521885521889,1.2783544852415023,5.0752162117251585,0.8247328396977184,2,one_per_bay,True,26+18+18+13,4,75,26,18,13,A40-10L-V2-kv1100-6.7PG,20x15E,10.315642255789653,1.4214,21.281834810749967,0.9199511573613156,9.649476075490771,11.579371290588925,11.77131825246942,113.62174539910859,115.77417162680965,5.856123528242346,0.0003358053651743888,0.3579462159063244,-600.9039554344905,550.9096190129839,0.1691952075260848,1578.5012693265517,2623.7825616955997,16.166666666666668,False,"SOC floor violated (min 0.000, unmet 551 Wh); did not refill (end SOC 0.358); FLAG 20x15E: (11.58 m/s, 1819 rpm) not on the map; used C_T(J) similarity; FLAG 20x15E: (11.77 m/s, 1850 rpm) not on the map; used C_T(J) similarity"
5.0,0.36,1.6,0.28,0.6,0.5,0.216,1.6400000000000001,1.56,1.56,0.2006172839506173,0.8773783494671272,5.419339936682765,1.1621250512690866,2,one_per_bay,True,24+24+24+12,4,84,24,24,12,A40-10L-V2-kv1100-6.7PG,MJ-26x15EL,10.988863910222223,1.67616,14.91504390988927,0.6043010143123778,9.171331982862464,11.005598379434955,11.188034119648792,118.78815965085234,121.37347885244294,13.414236110399635,0.007929153119654038,0.4755788369361347,-604.3171492930599,604.3171492930599,0.4076253606891017,1767.9214216457385,2752.029271766792,15.833333333333332,False,"SOC floor violated (min 0.008, unmet 604 Wh); did not refill (end SOC 0.476); FLAG MJ-26x15EL: shaft power table 43.1 W vs similarity 30.0 W (30%) at 1420 rpm, 11.01 m/s; FLAG MJ-26x15EL: shaft power table 43.0 W vs similarity 31.4 W (27%) at 1449 rpm, 11.19 m/s"
6.0,0.3,1.3,0.34,0.4,0.0,0.12,0.65,1.3,1.3,0.21885521885521889,1.0976534896287986,4.933300531683811,0.36535610998868884,2,one_per_bay,True,21+21+20+10,4,72,20,21,10,A40-10L-V2-kv1100-6.7PG,20x15E,10.143745532131533,1.377,26.143790849673202,0.7583472299965796,9.721783735381054,11.666140482457264,11.859525785189433,108.63747913617554,110.68756958458042,6.018402939759296,0.007445213349881116,0.354353829265961,-604.3742009290818,489.8765438154219,0.20039699732144572,1515.36121855349,2503.3585411140552,16.166666666666668,False,"SOC floor violated (min 0.007, unmet 490 Wh); did not refill (end SOC 0.354); FLAG 20x15E: (11.67 m/s, 1806 rpm) not on the map; used C_T(J) similarity; FLAG 20x15E: (11.86 m/s, 1838 rpm) not on the map; used C_T(J) similarity"
5.0,0.36,1.3,0.28,1.0,1.0,0.36,2.5,1.56,1.56,0.2006172839506173,0.6278577960676728,5.608213377835554,0.912091709035143,2,one_per_bay,True,26+26+24+12,4,88,24,26,12,A40-10L-V2-kv1100-6.7PG,MJ-26x15EL,11.015475299145299,1.7999999999999998,13.888888888888891,0.4274940898345154,8.86092622981181,10.633111475774172,10.80937263813713,120.16467353295914,122.47835757216946,13.040399384847293,0.0019710322238950095,0.5316538001066874,-605.9163740678939,605.9163740678939,0.16341936496884793,1852.108156009821,2783.4256721210268,15.583333333333334,False,"SOC floor violated (min 0.002, unmet 606 Wh); did not refill (end SOC 0.532); FLAG MJ-26x15EL: shaft power table 44.6 W vs similarity 31.5 W (29%) at 1400 rpm, 10.63 m/s; FLAG MJ-26x15EL: shaft power table 44.5 W vs similarity 32.5 W (27%) at 1426 rpm, 10.81 m/s"
5.0,0.36,1.3,0.34,0.4,0.5,0.144,1.6724999999999999,1.69,1.69,0.21885521885521889,0.8821734817731927,5.404813266879964,1.093898628127952,2,one_per_bay,True,26+21+21+13,4,81,26,21,13,A40-10L-V2-kv1100-6.7PG,MJ-26x15EL,10.703065649499093,1.62126,15.420105350159753,0.6098131195446135,9.203256234607014,11.043907481528416,11.22697825758096,118.26220418203395,120.8811729806041,13.810471742342054,0.0069321765938140205,0.4263364762039976,-606.7066331351442,606.7066331351442,0.2808131086795882,1704.7813708726767,2739.244650757386,16.0,False,"SOC floor violated (min 0.007, unmet 607 Wh); did not refill (end SOC 0.426); FLAG MJ-26x15EL: thrust table 2.23 N vs similarity 1.88 N (15%) at 1421 rpm, 11.04 m/s; FLAG MJ-26x15EL: shaft power table 42.8 W vs similarity 29.7 W (31%) at 1421 rpm, 11.04 m/s; FLAG MJ-26x15EL: shaft power table 42.7 W vs similarity 31.1 W (27%) at 1450 rpm, 11.23 m/s"
5.0,0.36,1.6,0.34,0.6,0.5,0.216,1.6400000000000001,1.56,1.56,0.21885521885521886,0.9571400176005025,5.419390161518498,1.2311516074920565,2,one_per_bay,True,24+24+24+12,4,84,24,24,12,A40-10L-V2-kv1100-6.7PG,MJ-26x15EL,11.025743203151515,1.67616,14.91504390988927,0.6472005604642646,9.186708865074156,11.024050638088987,11.206792254580524,119.40233169254206,122.04622062809136,13.381954255118059,0.0018697649909898539,0.46401699783667155,-608.3038969969862,608.3038969969862,0.29550173141436525,1767.9214216457385,2767.247720261339,15.833333333333332,False,"SOC floor violated (min 0.002, unmet 608 Wh); did not refill (end SOC 0.464); FLAG MJ-26x15EL: shaft power table 43.2 W vs similarity 30.3 W (30%) at 1423 rpm, 11.02 m/s; FLAG MJ-26x15EL: shaft power table 43.2 W vs similarity 31.7 W (26%) at 1452 rpm, 11.21 m/s"
5.0,0.36,1.6,0.28,0.6,0.5,0.216,1.6724999999999999,1.69,1.69,0.2006172839506173,0.9456544206820986,5.42272111277,1.258660761314196,2,one_per_bay,True,26+22+22+13,4,83,26,22,13,A40-10L-V2-kv1100-6.7PG,MJ-26x15EL,11.012684704438271,1.68084,14.873515623140811,0.6614544506901907,9.16847633539018,11.002171602468215,11.184550538265706,119.30879660694703,121.91407968073713,13.379064577469784,0.0006393844840482995,0.4465308494817936,-609.6930777745496,609.6930777745496,0.17249553970307235,1746.8747380547186,2764.687597002693,15.833333333333332,False,"SOC floor violated (min 0.001, unmet 610 Wh); did not refill (end SOC 0.447); FLAG MJ-26x15EL: shaft power table 43.3 W vs similarity 30.3 W (30%) at 1421 rpm, 11.00 m/s; FLAG MJ-26x15EL: shaft power table 43.2 W vs similarity 31.7 W (27%) at 1450 rpm, 11.18 m/s"
5.0,0.3,1.3,0.34,0.6,0.5,0.18,1.6400000000000001,1.56,1.56,0.21885521885521886,1.1198538205925879,5.226178158506909,1.0024274580157968,2,one_per_bay,True,24+21+21+12,4,78,24,21,12,A40-10L-V2-kv1100-6.7PG,20x15E,10.261205821134382,1.3968,17.898052691867125,0.7767683925157601,9.70835926267051,11.650031115204612,11.843149378904664,117.86168911459436,120.0071831188427,5.886867236454417,0.004236527339965981,0.3792284516463614,-610.2942824026237,610.2942824026237,0.2091259635804062,1641.6413200996146,2725.486908450206,16.166666666666668,False,"SOC floor violated (min 0.004, unmet 610 Wh); did not refill (end SOC 0.379); FLAG 20x15E: (11.65 m/s, 1840 rpm) not on the map; used C_T(J) similarity; FLAG 20x15E: (11.84 m/s, 1872 rpm) not on the map; used C_T(J) similarity"
5.0,0.36,1.3,0.34,0.6,0.0,0.216,0.845,1.69,1.69,0.21885521885521889,0.963020556589259,5.339127951655945,1.1017336314642736,2,one_per_bay,True,26+20+20+13,4,79,26,20,13,A40-10L-V2-kv1100-6.7PG,20x15E,10.6013882659435,1.56168,16.00840120895446,0.6693455026238724,9.33252364614006,11.199028375368073,11.384670533195107,118.19960346473638,120.33640582897671,5.533118542782247,0.0031891434448304487,0.3924555037929383,-610.3249341026788,610.3249341026788,0.37376468771456806,1662.6880036906352,2733.52876834024,16.166666666666668,False,"SOC floor violated (min 0.003, unmet 610 Wh); did not refill (end SOC 0.392); FLAG 20x15E: (11.20 m/s, 1808 rpm) not on the map; used C_T(J) similarity; FLAG 20x15E: (11.38 m/s, 1839 rpm) not on the map; used C_T(J) similarity"
5.5,0.3,1.6,0.34,0.6,0.0,0.18,0.845,1.69,1.69,0.21885521885521889,1.5733593664510799,5.075315166462692,0.959742492491416,2,one_per_bay,True,26+18+18+13,4,75,26,18,13,A40-10L-V2-kv1100-6.7PG,20x15E,10.543335307155038,1.4214,21.281834810749967,1.1322475782908503,9.755389335834913,11.706467203001894,11.900520986888775,115.87422354112809,118.02688273599934,5.7606543637173475,0.007138782487627393,0.34696621870020194,-611.5106327356049,594.0039492539803,0.21429538819208577,1578.5012693265517,2677.4850854810857,16.333333333333336,False,"SOC floor violated (min 0.007, unmet 594 Wh); did not refill (end SOC 0.347); FLAG 20x15E: (11.71 m/s, 1837 rpm) not on the map; used C_T(J) similarity; FLAG 20x15E: (11.90 m/s, 1869 rpm) not on the map; used C_T(J) similarity"
5.0,0.36,1.3,0.34,1.0,1.0,0.36,2.5,1.56,1.56,0.21885521885521886,0.6849357775283703,5.608263481539744,1.0084965538059583,2,one_per_bay,True,26+26+24+12,4,88,24,26,12,A40-10L-V2-kv1100-6.7PG,MJ-26x15EL,11.052354592074591,1.7999999999999998,13.888888888888891,0.4578420488849938,8.875746817537005,10.650896181044406,10.827452153899136,120.75164645558145,123.11145859652031,13.009351095863451,0.0067287065477875906,0.5310418048625635,-619.6965064491344,619.6965064491344,0.11066094627294376,1852.108156009821,2797.901267120194,15.583333333333334,False,"SOC floor violated (min 0.007, unmet 620 Wh); did not refill (end SOC 0.531); FLAG MJ-26x15EL: shaft power table 44.7 W vs similarity 31.7 W (29%) at 1403 rpm, 10.65 m/s; FLAG MJ-26x15EL: shaft power table 44.7 W vs similarity 32.7 W (27%) at 1429 rpm, 10.83 m/s"
5.0,0.36,1.3,0.28,1.0,1.0,0.36,2.5,1.69,1.69,0.2006172839506173,0.680179279073312,5.608234489463545,1.0450387149831426,2,one_per_bay,True,26+24+24+13,4,87,26,24,13,A40-10L-V2-kv1100-6.7PG,MJ-26x15EL,11.030999681861347,1.7999999999999998,13.888888888888891,0.47052328197985654,8.867167993039162,10.640601591646995,10.816986914894846,120.64829088281198,122.98749879193582,13.025920472808233,0.00600905637240008,0.5133160864623247,-620.8624183427037,620.8624183427037,0.2978201052809493,1831.061472418801,2795.0523804301856,15.666666666666668,False,"SOC floor violated (min 0.006, unmet 621 Wh); did not refill (end SOC 0.513); FLAG MJ-26x15EL: shaft power table 44.7 W vs similarity 31.7 W (29%) at 1402 rpm, 10.64 m/s; FLAG MJ-26x15EL: shaft power table 44.6 W vs similarity 32.7 W (27%) at 1428 rpm, 10.82 m/s"
5.0,0.3,1.3,0.34,0.6,0.5,0.18,1.6724999999999999,1.69,1.69,0.21885521885521889,1.2069989151251517,5.228880045240312,1.0808031826800182,2,one_per_bay,True,26+20+20+13,4,79,26,20,13,A40-10L-V2-kv1100-6.7PG,20x15E,10.301828124097346,1.4006999999999998,17.848218747768975,0.8512686451255665,9.714005355753631,11.656806426904357,11.850037002444486,118.67901099678421,120.84396636905245,5.861038543039193,0.008696763359217362,0.3939717637625152,-623.3829791493963,623.3829791493963,0.28917126436861074,1662.6880036906352,2745.2550810055955,16.166666666666668,False,"SOC floor violated (min 0.009, unmet 623 Wh); did not refill (end SOC 0.394); FLAG 20x15E: (11.66 m/s, 1844 rpm) not on the map; used C_T(J) similarity; FLAG 20x15E: (11.85 m/s, 1875 rpm) not on the map; used C_T(J) similarity"
6.0,0.3,1.6,0.34,0.4,0.0,0.12,0.65,1.3,1.3,0.21885521885521889,1.3509581410815983,4.932587482313509,0.532767179016528,2,one_per_bay,True,21+21+20+10,4,72,20,21,10,A40-10L-V2-kv1100-6.7PG,20x15E,10.370398152516149,1.377,26.143790849673202,0.9333504369188671,9.829795847881018,11.795755017457221,11.991288892472328,110.72115133548064,112.8301133814077,5.919585694428058,0.004332556193134392,0.33423489161639813,-623.8090946985593,520.6612613631319,0.26721642401287937,1515.36121855349,2553.476341070303,16.333333333333336,False,"SOC floor violated (min 0.004, unmet 521 Wh); did not refill (end SOC 0.334); FLAG 20x15E: (11.80 m/s, 1824 rpm) not on the map; used C_T(J) similarity; FLAG 20x15E: (11.99 m/s, 1856 rpm) not on the map; used C_T(J) similarity"
5.0,0.36,1.6,0.34,0.6,0.5,0.216,1.6724999999999999,1.69,1.69,0.21885521885521889,1.0316230043804713,5.422774130196828,1.322701745843346,2,one_per_bay,True,26+22+22+13,4,83,26,22,13,A40-10L-V2-kv1100-6.7PG,MJ-26x15EL,11.051702577614478,1.68084,14.873515623140811,0.7092163334699187,9.18470390177472,11.021644682129663,11.20434641597773,119.96924929574833,122.63757196561254,13.345015074509007,0.0044941124675233705,0.44449109768427114,-623.988710992743,623.988710992743,0.11220451596345526,1746.8747380547186,2781.0532849018487,15.833333333333332,False,"SOC floor violated (min 0.004, unmet 624 Wh); did not refill (end SOC 0.444); FLAG MJ-26x15EL: shaft power table 43.4 W vs similarity 30.6 W (30%) at 1424 rpm, 11.02 m/s; FLAG MJ-26x15EL: shaft power table 43.4 W vs similarity 32.0 W (26%) at 1454 rpm, 11.20 m/s"
5.0,0.36,1.6,0.34,0.4,0.5,0.144,1.5750000000000002,1.3,1.3,0.21885521885521889,0.8542050502947848,5.387884114184682,0.9662294880988569,2,one_per_bay,True,24+24+20+10,4,78,20,24,10,A40-10L-V2-kv1100-6.7PG,MJ-26x15EL,10.791760136725589,1.6002,15.62304711911011,0.5572326991515001,9.30192346591879,11.162308159102547,11.347341619464506,118.54543567443412,121.28291772687012,13.801948491772189,0.007570707194724318,0.3725962948672243,-624.780711445108,624.780711445108,0.10281474624478784,1641.6413200996146,2746.5340655971636,16.166666666666668,False,"SOC floor violated (min 0.008, unmet 625 Wh); did not refill (end SOC 0.373); FLAG MJ-26x15EL: thrust table 2.18 N vs similarity 1.84 N (16%) at 1430 rpm, 11.16 m/s; FLAG MJ-26x15EL: shaft power table 42.5 W vs similarity 29.7 W (30%) at 1430 rpm, 11.16 m/s; FLAG MJ-26x15EL: shaft power table 42.5 W vs similarity 31.2 W (26%) at 1460 rpm, 11.35 m/s"
5.0,0.36,1.3,0.34,1.0,1.0,0.36,2.5,1.69,1.69,0.21885521885521889,0.7420137589890679,5.608287419019755,1.1340282796875163,2,one_per_bay,True,26+24+24+13,4,87,26,24,13,A40-10L-V2-kv1100-6.7PG,MJ-26x15EL,11.070017555037555,1.7999999999999998,13.888888888888891,0.5044985282203279,8.882836230068081,10.659403476081698,10.836100471224706,121.2798417664859,123.66961090301558,12.993092665013796,0.0,0.5016225297062556,-624.9717125222013,624.9717125222013,0.2378268307630596,1831.061472418801,2810.6309452000746,15.666666666666668,False,"SOC floor violated (min 0.000, unmet 625 Wh); did not refill (end SOC 0.502); FLAG MJ-26x15EL: shaft power table 44.9 W vs similarity 31.9 W (29%) at 1405 rpm, 10.66 m/s; FLAG MJ-26x15EL: shaft power table 44.8 W vs similarity 33.0 W (26%) at 1431 rpm, 10.84 m/s"
5.0,0.36,1.6,0.34,0.6,0.0,0.216,0.65,1.3,1.3,0.21885521885521889,0.944895399967402,5.320153060963946,0.9866667330849903,2,one_per_bay,True,23+23+20+10,4,76,20,23,10,A40-10L-V2-kv1100-6.7PG,20x15E,10.678335737516148,1.5335999999999999,16.301512780386023,0.6201599942605839,9.451690428933183,11.34202851471982,11.530041133050128,118.07071563774912,120.20606743132907,5.547116809131576,0.007626692066219463,0.3473457102634144,-625.9419700527068,625.9419700527068,0.16669491624161262,1599.5479529175732,2730.068205723425,16.333333333333336,False,"SOC floor violated (min 0.008, unmet 626 Wh); did not refill (end SOC 0.347); FLAG 20x15E: (11.34 m/s, 1818 rpm) not on the map; used C_T(J) similarity; FLAG 20x15E: (11.53 m/s, 1849 rpm) not on the map; used C_T(J) similarity"
5.0,0.3,1.3,0.34,0.4,0.5,0.12,1.6400000000000001,1.56,1.56,0.21885521885521886,1.1813763889910562,5.20071614388795,0.9779603981397266,2,one_per_bay,True,24+20+20+12,4,76,24,20,12,A40-10L-V2-kv1100-6.7PG,20x15E,10.153128399595921,1.3452,18.584597085935176,0.8232507241669016,9.840570178737275,11.80868421448473,12.004432412024498,118.19122162368299,120.33269096969556,6.0043631099500185,0.006406058334303936,0.34515593972747416,-626.7659374192914,626.7659374192914,0.15614295471107198,1599.5479529175732,2733.007250621146,16.333333333333336,False,"SOC floor violated (min 0.006, unmet 627 Wh); did not refill (end SOC 0.345); FLAG 20x15E: (11.81 m/s, 1853 rpm) not on the map; used C_T(J) similarity; FLAG 20x15E: (12.00 m/s, 1885 rpm) not on the map; used C_T(J) similarity"
5.5,0.3,1.3,0.34,0.6,0.0,0.18,0.65,1.3,1.3,0.21885521885521889,1.016225189211232,5.063214583685032,0.5575002832328879,2,one_per_bay,True,21+21+20+10,4,72,20,21,10,A40-10L-V2-kv1100-6.7PG,20x15E,10.172751202900765,1.3980000000000001,21.63805436337625,0.689979437878946,9.662274664419686,11.594729597303623,11.786931148163049,111.50396796403574,113.61915119692503,5.957165538948649,0.005647293718992363,0.329516011663433,-628.3675327331237,534.8446102599785,0.1796115918005962,1515.36121855349,2572.311635922337,16.333333333333336,False,"SOC floor violated (min 0.006, unmet 535 Wh); did not refill (end SOC 0.330); FLAG 20x15E: (11.59 m/s, 1812 rpm) not on the map; used C_T(J) similarity; FLAG 20x15E: (11.79 m/s, 1843 rpm) not on the map; used C_T(J) similarity"
5.0,0.3,1.6,0.34,0.6,0.5,0.18,1.5750000000000002,1.3,1.3,0.21885521885521889,1.1604437014858144,5.221106907217826,0.9862011147873104,2,one_per_bay,True,23+23+20+10,4,76,20,23,10,A40-10L-V2-kv1100-6.7PG,20x15E,10.40969789501615,1.389,17.998560115190784,0.7716727295236349,9.805769788505954,11.766923746207144,11.961979695885482,118.634897821662,120.78100805646223,5.839106932675848,0.0019131388383539383,0.3372313199758801,-629.7981115128803,629.7981115128803,0.1187831974805166,1599.5479529175732,2743.6910595200247,16.333333333333336,False,"SOC floor violated (min 0.002, unmet 630 Wh); did not refill (end SOC 0.337); FLAG 20x15E: (11.77 m/s, 1852 rpm) not on the map; used C_T(J) similarity; FLAG 20x15E: (11.96 m/s, 1884 rpm) not on the map; used C_T(J) similarity"
5.0,0.3,1.3,0.34,0.4,0.5,0.12,1.6724999999999999,1.69,1.69,0.21885521885521889,1.2703298137533974,5.20559531076421,1.0534025807649017,2,one_per_bay,True,26+19+19+13,4,77,26,19,13,A40-10L-V2-kv1100-6.7PG,20x15E,10.197230372558884,1.3510499999999999,18.504126420191703,0.899942218489601,9.840545132437503,11.808654158925004,12.004401858244856,119.01937556316568,121.18409616614453,5.973108044636144,0.0005917703798010675,0.34937729688926944,-630.044656775573,630.044656775573,0.21919077433399772,1620.5946365085945,2753.0612048054795,16.333333333333336,False,"SOC floor violated (min 0.001, unmet 630 Wh); did not refill (end SOC 0.349); FLAG 20x15E: (11.81 m/s, 1856 rpm) not on the map; used C_T(J) similarity; FLAG 20x15E: (12.00 m/s, 1888 rpm) not on the map; used C_T(J) similarity"
5.0,0.3,1.3,0.34,1.0,1.0,0.3,2.5,1.56,1.56,0.21885521885521886,0.9863075196408534,5.38576121916633,1.0260400906809046,2,one_per_bay,True,26+26+24+12,4,88,24,26,12,A40-10L-V2-kv1100-6.7PG,20x15E,10.525360664211306,1.5,16.666666666666668,0.6777773882559164,9.488260869885279,11.385913043862335,11.57465311982666,121.6155321051507,123.80509411893564,5.623100906681888,0.009136656041738562,0.5272202153066481,-635.3917997204697,635.3917997204697,0.4005856722821654,1852.1081560098207,2817.019120638497,15.666666666666668,False,"SOC floor violated (min 0.009, unmet 635 Wh); did not refill (end SOC 0.527); FLAG 20x15E: (11.39 m/s, 1835 rpm) not on the map; used C_T(J) similarity; FLAG 20x15E: (11.57 m/s, 1866 rpm) not on the map; used C_T(J) similarity"
5.0,0.36,1.3,0.28,0.6,0.5,0.216,1.5750000000000002,1.3,1.3,0.20061728395061726,0.600200554515594,5.4118365837548525,0.6057460492877222,2,one_per_bay,True,26+26+20,3,72,20,26,0,A40-10L-V2-kv1100-6.7PG,MJ-21x14EL,10.402738306020892,1.6668,14.998800095992321,0.3974864184312791,8.94840936809876,10.738091241718513,10.916092614894845,111.00434253964774,114.24892733958454,6.984829822278696,0.0012184164110926824,0.32026757407843204,-637.3015234402346,522.5240708244714,0.12713024657897046,1515.36121855349,2568.9793710843906,16.333333333333336,False,"SOC floor violated (min 0.001, unmet 523 Wh); did not refill (end SOC 0.320); FLAG MJ-21x14EL: thrust table 2.14 N vs similarity 0.00 N (100%) at 1642 rpm, 10.74 m/s; FLAG MJ-21x14EL: thrust table 2.15 N vs similarity 0.00 N (100%) at 1686 rpm, 10.92 m/s"
5.0,0.36,1.6,0.34,0.6,0.0,0.216,0.78,1.56,1.56,0.21885521885521886,1.107032515103985,5.3330405313019,1.1990635083793593,2,one_per_bay,True,24+22+22+12,4,80,24,22,12,A40-10L-V2-kv1100-6.7PG,20x15E,10.794847309442074,1.55232,16.104926819212533,0.7571196503371538,9.445639761061932,11.334767713274317,11.522659971980316,119.83064878670092,122.01144468300936,5.474407208058592,0.00996065277114125,0.4029493367759186,-638.9100890585835,638.9100890585835,0.35319701785525837,1683.7346872816554,2773.018472068586,16.166666666666668,False,"SOC floor violated (min 0.010, unmet 639 Wh); did not refill (end SOC 0.403); FLAG 20x15E: (11.33 m/s, 1824 rpm) not on the map; used C_T(J) similarity; FLAG 20x15E: (11.52 m/s, 1856 rpm) not on the map; used C_T(J) similarity"
5.0,0.36,1.6,0.28,0.4,0.5,0.144,1.6724999999999999,1.69,1.69,0.2006172839506173,0.9952726461030891,5.405074289460334,1.227676768116598,2,one_per_bay,True,26+21+21+13,4,81,26,21,13,A40-10L-V2-kv1100-6.7PG,MJ-26x15EL,10.891065004188272,1.62126,15.420105350159753,0.6999944681755393,9.283731984496065,11.140478381395278,11.325149977593433,120.22528655698338,123.00415155871099,13.646600551054043,0.00813146160161734,0.41058726504606563,-639.6811312133216,639.6811312133216,0.09429103706932196,1704.7813708726767,2787.637797381427,16.0,False,"SOC floor violated (min 0.008, unmet 640 Wh); did not refill (end SOC 0.411); FLAG MJ-26x15EL: shaft power table 43.2 W vs similarity 30.5 W (29%) at 1433 rpm, 11.14 m/s; FLAG MJ-26x15EL: shaft power table 43.1 W vs similarity 32.1 W (25%) at 1464 rpm, 11.33 m/s"
5.0,0.36,1.3,0.34,0.4,0.0,0.144,0.78,1.56,1.56,0.21885521885521886,1.0226585307100606,5.249187442119953,0.9662724815576869,2,one_per_bay,True,24+19+19+12,4,74,24,19,12,A40-10L-V2-kv1100-6.7PG,20x15E,10.29803707528823,1.42848,17.50112007168459,0.7073265191201403,9.61731622871026,11.540779474452313,11.73208671404781,117.01413364214073,119.144204145228,5.831962634264452,0.0031740374609486952,0.31770734738930567,-639.7747024219307,613.5818009305744,0.21216438955838868,1557.4545857355315,2704.3147361845295,16.5,False,"SOC floor violated (min 0.003, unmet 614 Wh); did not refill (end SOC 0.318); FLAG 20x15E: (11.54 m/s, 1829 rpm) not on the map; used C_T(J) similarity; FLAG 20x15E: (11.73 m/s, 1860 rpm) not on the map; used C_T(J) similarity"
5.0,0.36,1.6,0.28,1.0,1.0,0.36,2.5,1.56,1.56,0.2006172839506173,0.7727480566986742,5.608516385211088,1.1849373645677357,2,one_per_bay,True,26+26+24+12,4,88,24,26,12,A40-10L-V2-kv1100-6.7PG,MJ-26x15EL,11.240399722222222,1.7999999999999998,13.888888888888891,0.526146572104019,8.95093448143993,10.741121377727916,10.919172980349915,122.4306648142244,124.91621522458743,12.861628302925174,0.0012645975613152349,0.5100918161925274,-640.78275575492,640.78275575492,0.25513426073951706,1852.1081560098207,2839.0488756277528,15.666666666666668,False,"SOC floor violated (min 0.001, unmet 641 Wh); did not refill (end SOC 0.510); FLAG MJ-26x15EL: shaft power table 45.1 W vs similarity 32.3 W (28%) at 1413 rpm, 10.74 m/s; FLAG MJ-26x15EL: shaft power table 45.0 W vs similarity 33.4 W (26%) at 1441 rpm, 10.92 m/s"
5.0,0.36,1.6,0.34,0.4,0.5,0.144,1.6400000000000001,1.56,1.56,0.21885521885521886,1.009723409394065,5.399378966571234,1.2002935528498062,2,one_per_bay,True,24+22+22+12,4,80,24,22,12,A40-10L-V2-kv1100-6.7PG,MJ-26x15EL,10.883975297151515,1.6142400000000001,15.487164238279313,0.686662336240601,9.300867861660397,11.161041433992475,11.346053896320058,120.10844625913862,122.91855652726929,13.674432481140665,0.0071931290036906115,0.3930728762256639,-640.8428121016452,640.8428121016452,0.22829932202735154,1683.7346872816554,2784.6152406529986,16.166666666666668,False,"SOC floor violated (min 0.007, unmet 641 Wh); did not refill (end SOC 0.393); FLAG MJ-26x15EL: shaft power table 43.1 W vs similarity 30.4 W (29%) at 1434 rpm, 11.16 m/s; FLAG MJ-26x15EL: shaft power table 43.0 W vs similarity 32.1 W (25%) at 1465 rpm, 11.35 m/s"
5.0,0.3,1.3,0.34,1.0,1.0,0.3,2.5,1.69,1.69,0.21885521885521889,1.0684998129442578,5.385786354166968,1.1134802861409803,2,one_per_bay,True,26+24+24+13,4,87,26,24,13,A40-10L-V2-kv1100-6.7PG,20x15E,10.543023627174268,1.5,16.666666666666668,0.7468464193467285,9.49621881805734,11.395462581668808,11.584360956794919,122.22799012356953,124.4347040005556,5.613507610760351,0.0012048220824289052,0.49646203858834337,-641.121195258831,641.121195258831,0.17406907263472485,1831.061472418801,2831.6771524507985,15.75,False,"SOC floor violated (min 0.001, unmet 641 Wh); did not refill (end SOC 0.496); FLAG 20x15E: (11.40 m/s, 1838 rpm) not on the map; used C_T(J) similarity; FLAG 20x15E: (11.58 m/s, 1869 rpm) not on the map; used C_T(J) similarity"
5.0,0.36,1.6,0.34,0.4,0.5,0.144,1.6724999999999999,1.69,1.69,0.21885521885521889,1.0857519775670064,5.405127897871401,1.2885295751068648,2,one_per_bay,True,26+21+21+13,4,81,26,21,13,A40-10L-V2-kv1100-6.7PG,MJ-26x15EL,10.930082877364478,1.62126,15.420105350159753,0.7505392240549089,9.300346871472222,11.160416245766665,11.345418344579898,120.90665067978391,123.75391313551032,13.61140687979268,0.001402918190993658,0.3975648339597434,-644.0487669587484,644.0487669587484,0.321391081584558,1704.781370872677,2804.3004440892905,16.083333333333332,False,"SOC floor violated (min 0.001, unmet 644 Wh); did not refill (end SOC 0.398); FLAG MJ-26x15EL: shaft power table 43.4 W vs similarity 30.8 W (29%) at 1437 rpm, 11.16 m/s; FLAG MJ-26x15EL: shaft power table 43.3 W vs similarity 32.5 W (25%) at 1468 rpm, 11.35 m/s"
5.0,0.36,1.6,0.34,0.6,0.0,0.216,0.845,1.69,1.69,0.21885521885521889,1.1852560696483188,5.33944653421978,1.2801972264404768,2,one_per_bay,True,26+20+20+13,4,79,26,20,13,A40-10L-V2-kv1100-6.7PG,20x15E,10.829103095405038,1.56168,16.00840120895446,0.8238098493832277,9.432221109891058,11.31866533186927,11.506290667344965,120.43608064403283,122.61410459929706,5.447672582695556,0.0015495039508975524,0.37298503869096045,-645.2806283705763,645.2806283705763,0.12277641145045473,1662.6880036906352,2787.527123106353,16.166666666666668,False,"SOC floor violated (min 0.002, unmet 645 Wh); did not refill (end SOC 0.373); FLAG 20x15E: (11.32 m/s, 1825 rpm) not on the map; used C_T(J) similarity; FLAG 20x15E: (11.51 m/s, 1857 rpm) not on the map; used C_T(J) similarity"
5.0,0.3,1.6,0.34,0.6,0.5,0.18,1.6400000000000001,1.56,1.56,0.21885521885521886,1.3782816253447234,5.226509946533676,1.158862671339211,2,one_per_bay,True,24+21+21+12,4,78,24,21,12,A40-10L-V2-kv1100-6.7PG,20x15E,10.490851173442076,1.3968,17.898052691867125,0.9560226369424739,9.816394486194424,11.779673383433309,11.974940679139788,120.26873397096087,122.45996771227112,5.788373452066267,0.000966163763898676,0.35654780198932634,-646.2242729863516,646.2242729863516,0.2515936456118233,1641.6413200996144,2783.249073986438,16.333333333333336,False,"SOC floor violated (min 0.001, unmet 646 Wh); did not refill (end SOC 0.357); FLAG 20x15E: (11.78 m/s, 1859 rpm) not on the map; used C_T(J) similarity; FLAG 20x15E: (11.97 m/s, 1891 rpm) not on the map; used C_T(J) similarity"
5.5,0.3,1.6,0.34,0.6,0.0,0.18,0.65,1.3,1.3,0.21885521885521889,1.2507386944138237,5.062499382075445,0.7379745411952902,2,one_per_bay,True,21+21+20+10,4,72,20,21,10,A40-10L-V2-kv1100-6.7PG,20x15E,10.400745635016149,1.3980000000000001,21.63805436337625,0.8492054620048565,9.769951434746508,11.723941721695809,11.918285174226126,113.67378743684654,115.83213777790776,5.858866903265845,0.0024937228664407996,0.309231957895958,-647.9619286725047,567.3722355694133,0.21409294534874945,1515.3612185534903,2624.3585260422788,16.5,False,"SOC floor violated (min 0.002, unmet 567 Wh); did not refill (end SOC 0.309); FLAG 20x15E: (11.72 m/s, 1830 rpm) not on the map; used C_T(J) similarity; FLAG 20x15E: (11.92 m/s, 1862 rpm) not on the map; used C_T(J) similarity"
5.0,0.36,1.6,0.34,1.0,1.0,0.36,2.5,1.56,1.56,0.21885521885521886,0.8429978800349173,5.60856548796245,1.2632445646764323,2,one_per_bay,True,26+26+24+12,4,88,24,26,12,A40-10L-V2-kv1100-6.7PG,MJ-26x15EL,11.277279015151514,1.7999999999999998,13.888888888888891,0.5634979063199924,8.965606282337054,10.758727538804465,10.937070992257068,123.04339148322272,125.58203366730372,12.83139525580282,0.006023449559939269,0.5093167978601145,-655.0745799305703,655.0745799305703,0.19964939051315983,1852.1081560098207,2854.1967471313624,15.666666666666668,False,"SOC floor violated (min 0.006, unmet 655 Wh); did not refill (end SOC 0.509); FLAG MJ-26x15EL: shaft power table 45.3 W vs similarity 32.5 W (28%) at 1416 rpm, 10.76 m/s; FLAG MJ-26x15EL: shaft power table 45.2 W vs similarity 33.7 W (25%) at 1444 rpm, 10.94 m/s"
5.0,0.36,1.6,0.28,1.0,1.0,0.36,2.5,1.69,1.69,0.2006172839506173,0.8371437280902303,5.608537074679239,1.292927755272535,2,one_per_bay,True,26+24+24+13,4,87,26,24,13,A40-10L-V2-kv1100-6.7PG,MJ-26x15EL,11.255924104938272,1.7999999999999998,13.888888888888891,0.5791055778213621,8.957113522650115,10.748536227180137,10.926710743023367,122.94626545368612,125.45979498910494,12.847417433761544,0.004909963520956576,0.4916408121142866,-656.0953633032402,656.0953633032402,0.08864482358894676,1831.061472418801,2851.446989555666,15.75,False,"SOC floor violated (min 0.005, unmet 656 Wh); did not refill (end SOC 0.492); FLAG MJ-26x15EL: shaft power table 45.3 W vs similarity 32.5 W (28%) at 1415 rpm, 10.75 m/s; FLAG MJ-26x15EL: shaft power table 45.2 W vs similarity 33.7 W (25%) at 1443 rpm, 10.93 m/s"
5.0,0.36,1.6,0.28,0.6,0.5,0.216,1.5750000000000002,1.3,1.3,0.20061728395061726,0.7387083747884232,5.4121594488207805,0.9032590629092863,2,one_per_bay,True,26+26+20,3,72,20,26,0,A40-10L-V2-kv1100-6.7PG,MJ-21x14EL,10.629222321790124,1.6668,14.998800095992321,0.48921405345388186,9.045295358152252,10.854354429782703,11.034283054894171,113.66497996602163,117.1812950348888,6.876443115702655,0.0024691383198976492,0.29912156009035984,-657.7285729527124,567.4274167804662,0.10166317393366242,1515.3612185534903,2634.331882201026,16.5,False,"SOC floor violated (min 0.002, unmet 567 Wh); did not refill (end SOC 0.299); FLAG MJ-21x14EL: thrust table 2.17 N vs similarity 0.00 N (100%) at 1665 rpm, 10.85 m/s"
5.0,0.36,1.3,0.34,0.4,0.0,0.144,0.845,1.69,1.69,0.21885521885521889,1.0876139760041448,5.260198252525119,1.0537032103473698,2,one_per_bay,True,26+17+17+13,4,73,26,17,13,A40-10L-V2-kv1100-6.7PG,20x15E,10.340753662251192,1.44252,17.330782242187283,0.7641790191170302,9.590227896963441,11.508273476356129,11.699041876024925,117.64489254208694,119.7736847317905,5.792397652328017,0.004379468671801882,0.2976827678960676,-659.1184462123987,630.0343338739885,0.2625425090746572,1536.4079021445104,2719.088563734595,16.666666666666664,False,"SOC floor violated (min 0.004, unmet 630 Wh); did not refill (end SOC 0.298); FLAG 20x15E: (11.51 m/s, 1829 rpm) not on the map; used C_T(J) similarity; FLAG 20x15E: (11.70 m/s, 1860 rpm) not on the map; used C_T(J) similarity"
5.0,0.3,1.6,0.34,0.6,0.5,0.18,1.6724999999999999,1.69,1.69,0.21885521885521889,1.4855371263078792,5.229210474274705,1.2234860284361806,2,one_per_bay,True,26+20+20+13,4,79,26,20,13,A40-10L-V2-kv1100-6.7PG,20x15E,10.531427812655037,1.4006999999999998,17.848218747768975,1.047715255539159,9.821658199046785,11.785989838856143,11.981361840111642,121.10139488303633,123.31397765285253,5.763222731874458,0.005649022178298097,0.37129878365914054,-659.7372232477487,659.7372232477487,0.3741508127498368,1662.6880036906352,2803.3966117614586,16.333333333333336,False,"SOC floor violated (min 0.006, unmet 660 Wh); did not refill (end SOC 0.371); FLAG 20x15E: (11.79 m/s, 1862 rpm) not on the map; used C_T(J) similarity; FLAG 20x15E: (11.98 m/s, 1894 rpm) not on the map; used C_T(J) similarity"
5.0,0.36,1.6,0.34,0.4,0.0,0.144,0.78,1.56,1.56,0.21885521885521886,1.258656653181613,5.249517528304407,1.1373107464857073,2,one_per_bay,True,24+19+19+12,4,74,24,19,12,A40-10L-V2-kv1100-6.7PG,20x15E,10.527311497442074,1.42848,17.50112007168459,0.8705557158401727,9.723786343220484,11.66854361186458,11.861968750385513,119.35358405996062,121.5294144164248,5.735555730958925,2.1701102967730534e-05,0.29648027436994673,-660.2800549586315,649.2828035870801,0.24697326891012494,1557.4545857355313,2760.4421067198077,16.666666666666664,False,"SOC floor violated (min 0.000, unmet 649 Wh); did not refill (end SOC 0.296); FLAG 20x15E: (11.67 m/s, 1847 rpm) not on the map; used C_T(J) similarity; FLAG 20x15E: (11.86 m/s, 1879 rpm) not on the map; used C_T(J) similarity"
5.0,0.3,1.6,0.34,0.4,0.5,0.12,1.6400000000000001,1.56,1.56,0.21885521885521886,1.4540017095274538,5.201052296769528,1.1262603386458045,2,one_per_bay,True,24+20+20+12,4,76,24,20,12,A40-10L-V2-kv1100-6.7PG,20x15E,10.383377918442076,1.3452,18.584597085935176,1.0132316605131095,9.951525363237026,11.941830435884432,12.13978574916841,120.67111282920787,122.85904028082095,5.902018176865935,0.0024120026772392125,0.3217279176054637,-663.7115344141499,663.7115344141499,0.17667168641196676,1599.5479529175732,2792.516163788065,16.5,False,"SOC floor violated (min 0.002, unmet 664 Wh); did not refill (end SOC 0.322); FLAG 20x15E: (11.94 m/s, 1873 rpm) not on the map; used C_T(J) similarity; FLAG 20x15E: (12.14 m/s, 1905 rpm) not on the map; used C_T(J) similarity"
5.0,0.3,1.3,0.34,0.4,0.5,0.12,1.5750000000000002,1.3,1.3,0.21885521885521889,0.9994199088448982,5.190937186924627,0.7776685938511553,2,one_per_bay,True,21+21+20+10,4,72,20,21,10,A40-10L-V2-kv1100-6.7PG,20x15E,10.048924453669995,1.3335000000000001,18.74765654293213,0.6679146914657161,9.832796104736461,11.799355325683754,11.994948881678816,116.33476702847722,118.45026386788885,6.075032570991983,0.004924732896760724,0.2918813507451925,-664.722615180144,613.8010682395034,0.21014450793342238,1515.3612185534903,2687.5480521724894,16.666666666666664,False,"SOC floor violated (min 0.005, unmet 614 Wh); did not refill (end SOC 0.292); FLAG 20x15E: (11.80 m/s, 1846 rpm) not on the map; used C_T(J) similarity; FLAG 20x15E: (11.99 m/s, 1877 rpm) not on the map; used C_T(J) similarity"
5.0,0.4,1.3,0.34,0.4,0.0,0.16000000000000003,0.4587942593310043,0.9175885186620086,0.0,0.20390855962262863,0.49999999999999994,5.304468712176142,-0.11623536545976432,2,one_per_bay,True,24+24+21,3,69,21,24,0,A40-10L-V2-kv1100-6.7PG,MJ-21x14EL,10.04288280206161,1.5101106222394411,16.5550785696255,0.3043353981901263,9.237162187151378,11.084594624581653,11.268339856379736,108.956382505914,112.49195002986278,7.414759354053865,0.006151087380259809,0.28873081186414334,-667.7660357392375,507.66029624230333,0.3679554636312095,1452.221167780429,2521.4699365715405,16.5,False,"SOC floor violated (min 0.006, unmet 508 Wh); did not refill (end SOC 0.289); FLAG MJ-21x14EL: thrust table 1.96 N vs similarity 0.00 N (100%) at 1661 rpm, 11.08 m/s; FLAG MJ-21x14EL: thrust table 1.97 N vs similarity 0.00 N (100%) at 1710 rpm, 11.27 m/s"
5.5,0.3,1.3,0.34,0.4,0.0,0.12,0.845,1.69,1.69,0.21885521885521889,1.4552459862500784,5.012874614442238,0.7876550205371204,2,one_per_bay,True,26+16+16+13,4,71,26,16,13,A40-10L-V2-kv1100-6.7PG,20x15E,10.078966300866577,1.3071000000000002,23.142835284216964,1.055983792815566,9.946432557998403,11.935719069598083,12.133573077019925,114.41062545515624,116.5792569201733,6.117243096536478,0.0021353959701981493,0.28677506076930803,-669.6552912968484,584.0935540733242,0.2408423964618258,1494.31453496247,2641.7583083338773,16.666666666666664,False,"SOC floor violated (min 0.002, unmet 584 Wh); did not refill (end SOC 0.287); FLAG 20x15E: (11.94 m/s, 1849 rpm) not on the map; used C_T(J) similarity; FLAG 20x15E: (12.13 m/s, 1881 rpm) not on the map; used C_T(J) similarity"
5.0,0.36,1.6,0.34,1.0,1.0,0.36,2.5,1.69,1.69,0.21885521885521889,0.9132477033711603,5.608588948384741,1.3652117059903202,2,one_per_bay,True,26+24+24+13,4,87,26,24,13,A40-10L-V2-kv1100-6.7PG,MJ-26x15EL,11.294941978114478,1.7999999999999998,13.888888888888891,0.6209212655019419,8.972624695766202,10.767149634919441,10.945632698349247,123.60651960407937,126.17755694793172,12.81544614258258,0.00953631377676413,0.4900023561591447,-670.8260926901316,670.8260926901316,0.3439649103491741,1831.0614724188013,2867.553275472699,15.833333333333332,False,"SOC floor violated (min 0.010, unmet 671 Wh); did not refill (end SOC 0.490); FLAG MJ-26x15EL: shaft power table 45.4 W vs similarity 32.8 W (28%) at 1418 rpm, 10.77 m/s; FLAG MJ-26x15EL: shaft power table 45.4 W vs similarity 34.0 W (25%) at 1446 rpm, 10.95 m/s"
5.0,0.3,1.6,0.34,1.0,1.0,0.3,2.5,1.56,1.56,0.21885521885521886,1.213916947250281,5.386083085234311,1.2034979849610334,2,one_per_bay,True,26+26+24+12,4,88,24,26,12,A40-10L-V2-kv1100-6.7PG,20x15E,10.753797683442075,1.5,16.666666666666668,0.8341875547765124,9.59067235018367,11.508806820220403,11.699584060933487,123.9866482752387,126.22962195614232,5.532692973746074,0.007772328594088074,0.5056788539273381,-671.4836257182734,671.4836257182734,0.1456836997766094,1852.1081560098207,2874.1840914731947,15.75,False,"SOC floor violated (min 0.008, unmet 671 Wh); did not refill (end SOC 0.506); FLAG 20x15E: (11.51 m/s, 1852 rpm) not on the map; used C_T(J) similarity; FLAG 20x15E: (11.70 m/s, 1884 rpm) not on the map; used C_T(J) similarity"
5.5,0.3,1.3,0.34,0.4,0.0,0.12,0.78,1.56,1.56,0.21885521885521886,1.3665311455897433,5.006802336046708,0.7222248818186112,2,one_per_bay,True,24+17+17+12,4,70,24,17,12,A40-10L-V2-kv1100-6.7PG,20x15E,10.024352255903613,1.2953999999999999,23.351860429211058,0.9757213988462314,9.964143336137528,11.956972003365033,12.155178312821695,113.7792174142363,115.9481038214191,6.162287069354029,0.005961415140082953,0.2792070820839367,-676.965958706917,582.4726526482807,0.13863007207652817,1473.267851371449,2626.606384927666,16.666666666666664,False,"SOC floor violated (min 0.006, unmet 582 Wh); did not refill (end SOC 0.279); FLAG 20x15E: (11.96 m/s, 1849 rpm) not on the map; used C_T(J) similarity; FLAG 20x15E: (12.16 m/s, 1881 rpm) not on the map; used C_T(J) similarity"
5.0,0.3,1.6,0.34,0.4,0.5,0.12,1.6724999999999999,1.69,1.69,0.21885521885521889,1.5634828476964893,5.205929927460188,1.18898173484762,2,one_per_bay,True,26+19+19+13,4,77,26,19,13,A40-10L-V2-kv1100-6.7PG,20x15E,10.427411395780037,1.3510499999999999,18.504126420191703,1.1076211919872014,9.950990146710483,11.941188176052579,12.139132842832499,121.51023203357606,123.7217205201999,5.871620462374862,0.007259271244164884,0.3364053698109193,-677.2669995769426,677.2669995769426,0.2495422320362704,1620.5946365085945,2812.8317324555214,16.5,False,"SOC floor violated (min 0.007, unmet 677 Wh); did not refill (end SOC 0.336); FLAG 20x15E: (11.94 m/s, 1876 rpm) not on the map; used C_T(J) similarity; FLAG 20x15E: (12.14 m/s, 1908 rpm) not on the map; used C_T(J) similarity"
5.0,0.3,1.6,0.34,1.0,1.0,0.3,2.5,1.69,1.69,0.21885521885521889,1.315076692854471,5.386107686743818,1.2745228598831575,2,one_per_bay,True,26+24+24+13,4,87,26,24,13,A40-10L-V2-kv1100-6.7PG,20x15E,10.771460646405039,1.5,16.666666666666668,0.9191955930421273,9.598545391568859,11.51825446988263,11.709188320795358,124.62763538155639,126.87860213763834,5.523087143993707,0.0,0.47473939141613863,-677.7770446205766,677.7770446205766,0.2567131508535745,1831.0614724188013,2889.446144332023,15.833333333333332,False,"SOC floor violated (min 0.000, unmet 678 Wh); did not refill (end SOC 0.475); FLAG 20x15E: (11.52 m/s, 1855 rpm) not on the map; used C_T(J) similarity; FLAG 20x15E: (11.71 m/s, 1887 rpm) not on the map; used C_T(J) similarity"
5.0,0.36,1.6,0.34,0.4,0.0,0.144,0.845,1.69,1.69,0.21885521885521889,1.3386018166204858,5.2605267568592815,1.2117908224775948,2,one_per_bay,True,26+17+17+13,4,73,26,17,13,A40-10L-V2-kv1100-6.7PG,20x15E,10.569863694905038,1.44252,17.330782242187283,0.9405280235286525,9.695886540445146,11.635063848534175,11.82793400538171,119.98809792076372,122.178435949627,5.697088885204666,0.0011333881401572737,0.27658691179057127,-679.4970432103081,666.4200899842957,0.2913801978684892,1536.4079021445104,2775.7768289766545,16.666666666666664,False,"SOC floor violated (min 0.001, unmet 666 Wh); did not refill (end SOC 0.277); FLAG 20x15E: (11.64 m/s, 1847 rpm) not on the map; used C_T(J) similarity; FLAG 20x15E: (11.83 m/s, 1879 rpm) not on the map; used C_T(J) similarity"
5.5,0.3,1.6,0.34,0.4,0.0,0.12,0.845,1.69,1.69,0.21885521885521889,1.7910719830770196,5.012149166765009,0.90636263989006,2,one_per_bay,True,26+16+16+13,4,71,26,16,13,A40-10L-V2-kv1100-6.7PG,20x15E,10.30813148128004,1.3071000000000002,23.142835284216964,1.299672360388389,10.058872894248688,12.070647473098425,12.270738138839045,116.7612971227,118.97663107758486,6.013186444658047,0.007975429622011114,0.2748523777329275,-681.172603109992,628.9581629209861,0.25913892249269566,1494.31453496247,2698.147690954793,16.833333333333332,False,"SOC floor violated (min 0.008, unmet 629 Wh); did not refill (end SOC 0.275); FLAG 20x15E: (12.07 m/s, 1868 rpm) not on the map; used C_T(J) similarity; FLAG 20x15E: (12.27 m/s, 1901 rpm) not on the map; used C_T(J) similarity"
4.5,0.45,1.3,0.28,0.4,0.0,0.18000000000000002,0.4968104820660935,0.993620964132187,0.0,0.22080465841800118,0.5,5.603205504540822,0.4241929743392383,2,one_per_bay,True,24+24+21+7,4,76,21,24,7,A40-10L-V2-kv1100-6.7PG,MJ-26x15EL,10.413066735949533,1.5516388301578454,13.050717477816667,0.29310636489449254,9.279140682186629,11.134968818623955,11.31954908483461,121.7746027138291,124.59628062247307,14.258300531524604,0.0018695485387893174,0.30793259582508703,-681.7286171944555,681.7286171944555,0.28993364911777775,1599.5479529175732,2823.7530494467187,16.5,False,"SOC floor violated (min 0.002, unmet 682 Wh); did not refill (end SOC 0.308); FLAG MJ-26x15EL: shaft power table 43.7 W vs similarity 31.3 W (28%) at 1437 rpm, 11.13 m/s; FLAG MJ-26x15EL: shaft power table 43.7 W vs similarity 33.0 W (24%) at 1468 rpm, 11.32 m/s"
4.5,0.45,1.3,0.34,0.4,0.0,0.18000000000000002,0.4968104820660935,0.993620964132187,0.0,0.22080465841800118,0.5,5.603205504540822,0.4241929743392383,2,one_per_bay,True,24+24+21+7,4,76,21,24,7,A40-10L-V2-kv1100-6.7PG,MJ-26x15EL,10.413066735949533,1.5516388301578454,13.050717477816667,0.29310636489449254,9.279140682186629,11.134968818623955,11.31954908483461,121.7746027138291,124.59628062247307,14.258300531524604,0.0018695485387893174,0.30793259582508703,-681.7286171944555,681.7286171944555,0.28993364911777775,1599.5479529175732,2823.7530494467187,16.5,False,"SOC floor violated (min 0.002, unmet 682 Wh); did not refill (end SOC 0.308); FLAG MJ-26x15EL: shaft power table 43.7 W vs similarity 31.3 W (28%) at 1437 rpm, 11.13 m/s; FLAG MJ-26x15EL: shaft power table 43.7 W vs similarity 33.0 W (24%) at 1468 rpm, 11.32 m/s"
4.5,0.4,1.3,0.28,0.6,0.0,0.24,0.47579028497746806,0.9515805699549361,0.0,0.21146234882137013,0.5,5.568349788978038,0.3635275768755366,2,one_per_bay,True,24+24+21+7,4,76,21,24,7,A40-10L-V2-kv1100-6.7PG,20x15E,10.33817120397617,1.516126445596395,13.356405766033786,0.29432046342304047,9.353365411013952,11.224038493216742,11.410095234531678,121.8447942140903,124.02154955646445,5.661738988988538,0.0012266865404600927,0.31153572694310605,-682.1779127324719,682.1779127324719,0.3857221601192151,1599.5479529175732,2820.6007262059816,16.5,False,"SOC floor violated (min 0.001, unmet 682 Wh); did not refill (end SOC 0.312); FLAG 20x15E: (11.22 m/s, 1824 rpm) not on the map; used C_T(J) similarity; FLAG 20x15E: (11.41 m/s, 1855 rpm) not on the map; used C_T(J) similarity"
5.0,0.36,1.3,0.34,0.4,0.0,0.144,0.65,1.3,1.3,0.21885521885521889,0.8852044271199987,5.229917879034079,0.7413523688703834,2,one_per_bay,True,20+20+20+10,4,70,20,20,10,A40-10L-V2-kv1100-6.7PG,20x15E,10.164603901362304,1.4003999999999999,17.852042273636105,0.5880399541764347,9.650124840664441,11.580149808797328,11.772109675886677,115.34024346974772,117.42586180956982,5.933257610445784,0.009724074401316644,0.27194887703098547,-683.977384788068,612.0522119006756,0.23466275680378956,1473.2678513714495,2663.112774709337,16.833333333333332,False,"SOC floor violated (min 0.010, unmet 612 Wh); did not refill (end SOC 0.272); FLAG 20x15E: (11.58 m/s, 1825 rpm) not on the map; used C_T(J) similarity; FLAG 20x15E: (11.77 m/s, 1857 rpm) not on the map; used C_T(J) similarity"
5.0,0.3,1.6,0.34,0.4,0.5,0.12,1.5750000000000002,1.3,1.3,0.21885521885521889,1.23005527242449,5.191276986186985,0.9606867030116046,2,one_per_bay,True,21+21+20+10,4,72,20,21,10,A40-10L-V2-kv1100-6.7PG,20x15E,10.27931096376615,1.3335000000000001,18.74765654293213,0.8220488510347276,9.944873085664218,11.933847702797062,12.131670689262497,118.77031998953863,120.9318075272994,5.970724417245055,0.00046899101905305447,0.2690734193051737,-686.7550769512022,650.2657381484834,0.21621389123168197,1515.36121855349,2745.978340436191,16.833333333333332,False,"SOC floor violated (min 0.000, unmet 650 Wh); did not refill (end SOC 0.269); FLAG 20x15E: (11.93 m/s, 1865 rpm) not on the map; used C_T(J) similarity; FLAG 20x15E: (12.13 m/s, 1897 rpm) not on the map; used C_T(J) similarity"
5.0,0.3,1.3,0.34,0.6,0.0,0.18,0.845,1.69,1.69,0.21885521885521889,1.3867496014885325,5.161086877287415,1.0481172105310295,2,one_per_bay,True,26+16+16+13,4,71,26,16,13,A40-10L-V2-kv1100-6.7PG,20x15E,10.060632621020423,1.3014000000000001,19.21008145074535,0.9867927493238926,9.959120725942006,11.950944871130407,12.1490512710417,118.7469058696023,120.9206238951164,6.106600814767845,0.008037656642029612,0.26073057894856405,-694.8142607356871,662.7790932513677,0.3436652214168264,1494.3145349624701,2745.5040533866195,16.833333333333332,False,"SOC floor violated (min 0.008, unmet 663 Wh); did not refill (end SOC 0.261); FLAG 20x15E: (11.95 m/s, 1866 rpm) not on the map; used C_T(J) similarity; FLAG 20x15E: (12.15 m/s, 1898 rpm) not on the map; used C_T(J) similarity"
5.5,0.3,1.6,0.34,0.4,0.0,0.12,0.78,1.56,1.56,0.21885521885521886,1.6818844868796838,5.006072506151963,0.850836083586141,2,one_per_bay,True,24+17+17+12,4,70,24,17,12,A40-10L-V2-kv1100-6.7PG,20x15E,10.253668126692075,1.2953999999999999,23.351860429211058,1.2008878755030539,10.077468168924481,12.092961802709377,12.293422364851773,116.11587755904425,118.3368833234401,6.056871602657994,0.0016071636169681398,0.2573050050480095,-698.1233651236229,617.4723080926017,0.1432607242506319,1473.2678513714495,2682.698269395221,16.833333333333332,False,"SOC floor violated (min 0.002, unmet 617 Wh); did not refill (end SOC 0.257); FLAG 20x15E: (12.09 m/s, 1868 rpm) not on the map; used C_T(J) similarity; FLAG 20x15E: (12.29 m/s, 1900 rpm) not on the map; used C_T(J) similarity"
5.0,0.4,1.6,0.34,0.4,0.0,0.16000000000000003,0.41037840318928526,0.8207568063785705,0.0,0.1823904013828404,0.49999999999999994,5.296789191112757,-0.13130106354764637,2,one_per_bay,True,25+25+18,3,68,18,25,0,A40-10L-V2-kv1100-6.7PG,MJ-21x14EL,10.195628704480633,1.4984908167654285,16.68345225762799,0.3046571773996734,9.343158486139926,11.21179018336791,11.397643888973509,110.80882804433621,114.6169793177038,7.354587300788459,0.0025371209227405787,0.2533620562740775,-701.9322536392411,540.1886222116358,0.16740507707521007,1431.174484189408,2567.3383157354356,16.666666666666664,False,"SOC floor violated (min 0.003, unmet 540 Wh); did not refill (end SOC 0.253); FLAG MJ-21x14EL: thrust table 1.96 N vs similarity 0.00 N (100%) at 1683 rpm, 11.21 m/s; FLAG MJ-21x14EL: thrust table 1.97 N vs similarity 0.00 N (100%) at 1734 rpm, 11.40 m/s"
5.0,0.36,1.6,0.34,0.4,0.0,0.144,0.65,1.3,1.3,0.21885521885521889,1.0894823718399984,5.230252724539341,0.9476914476438025,2,one_per_bay,True,20+20+20+10,4,70,20,20,10,A40-10L-V2-kv1100-6.7PG,20x15E,10.394207102516148,1.4003999999999999,17.852042273636105,0.7237414820633044,9.758507154174803,11.710208585009763,11.904324388404577,117.66452534486697,119.79351202932445,5.833923292207216,0.00604488917529873,0.25112407052033203,-704.0941478773592,647.9159285608436,0.24282561401685496,1473.2678513714493,2719.02893062504,16.916666666666668,False,"SOC floor violated (min 0.006, unmet 648 Wh); did not refill (end SOC 0.251); FLAG 20x15E: (11.71 m/s, 1844 rpm) not on the map; used C_T(J) similarity; FLAG 20x15E: (11.90 m/s, 1875 rpm) not on the map; used C_T(J) similarity"
6.0,0.3,1.3,0.34,0.6,0.0,0.18,0.4044425740935926,0.8088851481871852,0.0,0.1797522550592151,0.5,4.986155150008012,-0.7570935920650823,2,one_per_bay,True,25+25+12,3,62,12,25,0,A40-10L-V2-kv1100-6.7PG,MJ-21x14EL,9.893995285782054,1.488533108891231,24.18488361795019,0.31752820949521565,9.234648151419586,11.081577781703503,11.265273004411249,98.94880771555927,102.02963642942467,7.579494741503366,0.00171273984363279,0.24866187838514386,-706.472625479951,371.9932665291865,0.17839126249189735,1304.8943826432835,2277.8776005274085,16.5,False,"SOC floor violated (min 0.002, unmet 372 Wh); did not refill (end SOC 0.249); FLAG MJ-21x14EL: thrust table 1.71 N vs similarity 0.00 N (100%) at 1607 rpm, 11.08 m/s; FLAG MJ-21x14EL: thrust table 1.71 N vs similarity 0.00 N (100%) at 1652 rpm, 11.27 m/s"
5.0,0.3,1.3,0.34,0.6,0.0,0.18,0.78,1.56,1.56,0.21885521885521886,1.2952280426716625,5.155703315946161,0.9788231115623789,2,one_per_bay,True,24+17+17+12,4,70,24,17,12,A40-10L-V2-kv1100-6.7PG,20x15E,10.013050978057459,1.2936,19.32591218305504,0.9067642833878763,9.965451116911584,11.9585413402939,12.156773664069313,117.9619278180574,120.11262197021264,6.143328085741068,0.0029771915849565577,0.24580459395289833,-709.2327622415002,649.8698973950042,0.19435812018256843,1473.2678513714493,2726.1411266984633,17.0,False,"SOC floor violated (min 0.003, unmet 650 Wh); did not refill (end SOC 0.246); FLAG 20x15E: (11.96 m/s, 1864 rpm) not on the map; used C_T(J) similarity; FLAG 20x15E: (12.16 m/s, 1896 rpm) not on the map; used C_T(J) similarity"
6.0,0.3,1.6,0.34,0.6,0.0,0.18,0.36332022724263985,0.7266404544852797,0.0,0.16147565650517803,0.5,4.983394556940765,-0.7610672684923654,2,one_per_bay,True,26+26+10,3,62,10,26,0,A40-10L-V2-kv1100-6.7PG,MJ-21x14EL,10.073728850229354,1.4835984272691167,24.265326343238158,0.3176231071964119,9.333632548583699,11.200359058300439,11.386023274367053,100.75232656862313,104.07365992993364,7.491274384419049,0.006680968335324366,0.23849933216747302,-716.2896451262211,406.71371495323655,0.19652805387853314,1304.8943826432837,2322.412282296576,16.666666666666664,False,"SOC floor violated (min 0.007, unmet 407 Wh); did not refill (end SOC 0.238); FLAG MJ-21x14EL: thrust table 1.71 N vs similarity 0.00 N (100%) at 1628 rpm, 11.20 m/s; FLAG MJ-21x14EL: thrust table 1.72 N vs similarity 0.00 N (100%) at 1675 rpm, 11.39 m/s"
4.5,0.36,1.3,0.34,0.6,0.5,0.216,1.4500000000000002,1.3,1.3,0.21885521885521889,0.7233606977952542,5.551682299863292,1.1002109522421881,2,one_per_bay,True,22+22+20+10,4,74,20,22,10,A40-10L-V2-kv1100-6.7PG,20x15E,10.373503182593073,1.5048,13.456937799043063,0.4607264668915611,9.404529736246138,11.285435683495365,11.472510183360937,123.12629290573483,125.34023477131365,5.658080615601156,0.004439958878954474,0.272999516967359,-716.934977963531,716.934977963531,0.13134339890139773,1557.4545857355313,2850.8976131076347,16.833333333333332,False,"SOC floor violated (min 0.004, unmet 717 Wh); did not refill (end SOC 0.273); FLAG 20x15E: (11.29 m/s, 1833 rpm) not on the map; used C_T(J) similarity; FLAG 20x15E: (11.47 m/s, 1864 rpm) not on the map; used C_T(J) similarity"
5.0,0.3,1.6,0.34,0.6,0.0,0.18,0.845,1.69,1.69,0.21885521885521889,1.7067687402935785,5.161426833020234,1.1724409225798804,2,one_per_bay,True,26+16+16+13,4,71,26,16,13,A40-10L-V2-kv1100-6.7PG,20x15E,10.29139497890504,1.3014000000000001,19.21008145074535,1.2145141530140215,10.072690159563448,12.087228191476138,12.287593709662413,121.30005402833082,123.52226808169706,6.000678281150809,0.003098717226322713,0.2373234922465242,-717.4255064898576,701.4580661676413,0.3091780857807234,1494.31453496247,2806.7567950535163,17.0,False,"SOC floor violated (min 0.003, unmet 701 Wh); did not refill (end SOC 0.237); FLAG 20x15E: (12.09 m/s, 1886 rpm) not on the map; used C_T(J) similarity; FLAG 20x15E: (12.29 m/s, 1918 rpm) not on the map; used C_T(J) similarity"
5.0,0.36,1.3,0.34,0.4,0.5,0.144,1.4876369168177235,0.9505476672708938,0.0,0.21123281492497312,0.5,5.37170287687654,-0.02225334811374946,2,one_per_bay,True,26+26+14,3,66,14,26,0,A40-10L-V2-kv1100-6.7PG,MJ-21x14EL,10.154615404773711,1.5813295740326283,15.809481091437656,0.30236318103740967,9.076831976914072,10.892198372296885,11.072754322468487,109.37204784250656,112.69657531400034,7.238620294209708,0.003066360816125456,0.23593887091329283,-718.7630506977591,526.8442316483803,0.270882059776343,1389.081117007366,2528.754928432536,16.833333333333332,False,"SOC floor violated (min 0.003, unmet 527 Wh); did not refill (end SOC 0.236); FLAG MJ-21x14EL: thrust table 2.04 N vs similarity 0.00 N (100%) at 1646 rpm, 10.89 m/s; FLAG MJ-21x14EL: thrust table 2.05 N vs similarity 0.00 N (100%) at 1692 rpm, 11.07 m/s"
4.5,0.36,1.3,0.28,0.6,0.5,0.216,1.5150000000000001,1.56,1.56,0.2006172839506173,0.7867103499244094,5.560035774583403,1.2968881519562017,2,one_per_bay,True,24+20+20+12,4,76,24,20,12,A40-10L-V2-kv1100-6.7PG,20x15E,10.420593781989705,1.51416,13.373751783166904,0.5321822808151698,9.396672736010768,11.276007283212921,11.462925491968708,124.2167274066091,126.44681414206849,5.622568975125846,0.0,0.292516403435017,-719.8234276915524,719.8234276915524,0.10382086454387007,1599.5479529175732,2877.5554271519886,16.666666666666664,False,"SOC floor violated (min 0.000, unmet 720 Wh); did not refill (end SOC 0.293); FLAG 20x15E: (11.28 m/s, 1836 rpm) not on the map; used C_T(J) similarity; FLAG 20x15E: (11.46 m/s, 1868 rpm) not on the map; used C_T(J) similarity"
5.0,0.3,1.6,0.34,0.6,0.0,0.18,0.78,1.56,1.56,0.21885521885521886,1.5941268217497384,5.1560450025162945,1.1142324915349757,2,one_per_bay,True,24+17+17+12,4,70,24,17,12,A40-10L-V2-kv1100-6.7PG,20x15E,10.243904663442075,1.2936,19.32591218305504,1.1160175795543092,10.07967463336336,12.095609560036033,12.296114013073874,120.5074399943232,122.70627483566042,6.036341051015767,0.008143492137899453,0.23272708581823795,-721.865635099582,698.2666182656667,0.17264358201979135,1473.2678513714495,2787.203931279554,17.166666666666668,False,"SOC floor violated (min 0.008, unmet 698 Wh); did not refill (end SOC 0.233); FLAG 20x15E: (12.10 m/s, 1884 rpm) not on the map; used C_T(J) similarity; FLAG 20x15E: (12.30 m/s, 1916 rpm) not on the map; used C_T(J) similarity"
5.5,0.3,1.3,0.34,0.4,0.0,0.12,0.65,1.3,1.3,0.21885521885521889,1.1795679291533359,4.994747517079784,0.5531027212976956,2,one_per_bay,True,20+18+18+10,4,66,20,18,10,A40-10L-V2-kv1100-6.7PG,20x15E,9.899124165977687,1.272,23.781446540880502,0.8082344348232678,9.992371756846389,11.990846108215665,12.189613936199487,112.33825874441625,114.46517156854769,6.26183636368743,0.009703750680826155,0.2299327578151772,-724.5649559505388,583.3875245778439,0.3471291877800162,1389.081117007366,2591.006599634908,17.0,False,"SOC floor violated (min 0.010, unmet 583 Wh); did not refill (end SOC 0.230); FLAG 20x15E: (11.99 m/s, 1846 rpm) not on the map; used C_T(J) similarity; FLAG 20x15E: (12.19 m/s, 1878 rpm) not on the map; used C_T(J) similarity"
5.5,0.36,1.3,0.34,0.4,0.0,0.144,0.4282951994852384,0.8565903989704768,0.0,0.19035342196793142,0.49999999999999994,5.107838300582939,-0.5012118794390379,2,one_per_bay,True,25+25+12,3,62,12,25,0,A40-10L-V2-kv1100-6.7PG,MJ-21x14EL,9.901500253001876,1.4785117630888114,20.459762820421293,0.31231632329882947,9.269405097234301,11.123286116681161,11.307672723055873,102.42913596625644,105.65414578978785,7.575196481779189,0.005052605134375266,0.22533509856489123,-729.006294786315,433.1294773523123,0.2898539736838958,1304.8943826432837,2361.4118335921225,16.833333333333332,False,"SOC floor violated (min 0.005, unmet 433 Wh); did not refill (end SOC 0.225); FLAG MJ-21x14EL: thrust table 1.78 N vs similarity 0.00 N (100%) at 1630 rpm, 11.12 m/s; FLAG MJ-21x14EL: thrust table 1.79 N vs similarity 0.00 N (100%) at 1676 rpm, 11.31 m/s"
4.5,0.4,1.3,0.34,0.6,0.0,0.24,0.47579028497746806,0.9515805699549361,0.0,0.21146234882137013,0.5,5.568079638473473,0.36303151638936093,2,one_per_bay,True,24+24+21,3,69,21,24,0,A40-10L-V2-kv1100-6.7PG,MJ-26x15EL,10.15353128568561,1.516126445596395,13.356405766033786,0.29432046342304047,9.269463465852263,11.123356159022716,11.307743926463457,119.22477131610903,121.92398642251457,14.628065417977997,0.007527376590399192,0.2223144089679502,-731.9242809369601,681.7283677910705,0.08928904761539631,1452.2211677804287,2759.839148147051,17.166666666666668,False,"SOC floor violated (min 0.008, unmet 682 Wh); did not refill (end SOC 0.222); FLAG MJ-26x15EL: thrust table 2.22 N vs similarity 1.89 N (15%) at 1429 rpm, 11.12 m/s; FLAG MJ-26x15EL: shaft power table 42.9 W vs similarity 30.0 W (30%) at 1429 rpm, 11.12 m/s; FLAG MJ-26x15EL: shaft power table 42.8 W vs similarity 31.6 W (26%) at 1459 rpm, 11.31 m/s"
4.5,0.4,1.6,0.28,0.6,0.0,0.24,0.426630507363234,0.853261014726468,0.0,0.1896135588011805,0.5,5.561785687318281,0.3506479833529763,2,one_per_bay,True,26+26+18,3,70,18,26,0,A40-10L-V2-kv1100-6.7PG,20x15E,10.34928479369981,1.5082608811781175,13.426059279733174,0.29458937159652465,9.382761744410173,11.259314093292208,11.445955585203102,121.20523543845749,123.35364292165772,5.673067296916198,0.0010213936452930956,0.22120287280537468,-732.9980248700081,703.5540314371734,0.11869624152001634,1473.2678513714495,2803.6064349915155,17.166666666666668,False,"SOC floor violated (min 0.001, unmet 704 Wh); did not refill (end SOC 0.221); FLAG 20x15E: (11.26 m/s, 1824 rpm) not on the map; used C_T(J) similarity; FLAG 20x15E: (11.45 m/s, 1855 rpm) not on the map; used C_T(J) similarity"
4.5,0.4,1.6,0.34,0.6,0.0,0.24,0.426630507363234,0.853261014726468,0.0,0.1896135588011805,0.5,5.561785687318281,0.3506479833529763,2,one_per_bay,True,26+26+18,3,70,18,26,0,A40-10L-V2-kv1100-6.7PG,20x15E,10.34928479369981,1.5082608811781175,13.426059279733174,0.29458937159652465,9.382761744410173,11.259314093292208,11.445955585203102,121.20523543845749,123.35364292165772,5.673067296916198,0.0010213936452930956,0.22120287280537468,-732.9980248700081,703.5540314371734,0.11869624152001634,1473.2678513714495,2803.6064349915155,17.166666666666668,False,"SOC floor violated (min 0.001, unmet 704 Wh); did not refill (end SOC 0.221); FLAG 20x15E: (11.26 m/s, 1824 rpm) not on the map; used C_T(J) similarity; FLAG 20x15E: (11.45 m/s, 1855 rpm) not on the map; used C_T(J) similarity"
4.5,0.36,1.3,0.34,0.4,0.5,0.144,1.4500000000000002,1.3,1.3,0.21885521885521889,0.7647103625495381,5.524656247518798,1.0791906925096164,2,one_per_bay,True,21+21+20+10,4,72,20,21,10,A40-10L-V2-kv1100-6.7PG,20x15E,10.255078773977688,1.4472,13.992537313432836,0.49031764517518855,9.534962216419167,11.441954659703,11.631623716838197,123.23689469325261,125.43992814219298,5.782211411690231,0.008076499216587003,0.24437368378337393,-733.5859520711472,733.5859520711472,0.2838810724031866,1515.3612185534903,2853.106706780648,17.0,False,"SOC floor violated (min 0.008, unmet 734 Wh); did not refill (end SOC 0.244); FLAG 20x15E: (11.44 m/s, 1845 rpm) not on the map; used C_T(J) similarity; FLAG 20x15E: (11.63 m/s, 1876 rpm) not on the map; used C_T(J) similarity"
4.5,0.36,1.3,0.28,0.6,0.5,0.216,1.5474999999999999,1.69,1.69,0.2006172839506173,0.8474839008954114,5.564245433609939,1.404677845249344,2,one_per_bay,True,26+19+19+13,4,77,26,19,13,A40-10L-V2-kv1100-6.7PG,20x15E,10.460440147905754,1.51884,13.3325432566959,0.5821431565979474,9.400105316654695,11.280126379985633,11.467112869487535,125.03864926219255,127.28945318495788,5.597887880317047,0.004909980064488515,0.30726797761463737,-733.6878504850877,733.6878504850877,0.1736148308344442,1620.5946365085942,2897.433477726214,16.666666666666664,False,"SOC floor violated (min 0.005, unmet 734 Wh); did not refill (end SOC 0.307); FLAG 20x15E: (11.28 m/s, 1840 rpm) not on the map; used C_T(J) similarity; FLAG 20x15E: (11.47 m/s, 1871 rpm) not on the map; used C_T(J) similarity"
4.5,0.3,1.3,0.34,0.6,0.5,0.18,1.4500000000000002,1.3,1.3,0.21885521885521889,1.041639404825166,5.3286521170856735,1.1003154980905077,2,one_per_bay,True,20+20+20+10,4,70,20,20,10,A40-10L-V2-kv1100-6.7PG,20x15E,9.883230236746918,1.254,16.148325358851675,0.6827487137682251,10.055749385032758,12.066899262039309,12.26692779506933,122.4703801059118,124.69280239066865,6.23399939855779,0.00959103653752159,0.2204770769970423,-733.6991436208571,733.5659430831502,0.20394243286157848,1473.2678513714495,2834.2904729640136,17.25,False,"SOC floor violated (min 0.010, unmet 734 Wh); did not refill (end SOC 0.220); FLAG 20x15E: (12.07 m/s, 1889 rpm) not on the map; used C_T(J) similarity; FLAG 20x15E: (12.27 m/s, 1921 rpm) not on the map; used C_T(J) similarity"
4.5,0.36,1.3,0.28,0.6,0.0,0.216,0.78,1.56,1.56,0.2006172839506173,0.9018872041882222,5.467711052320899,1.272255207174459,2,one_per_bay,True,24+18+18+12,4,72,24,18,12,A40-10L-V2-kv1100-6.7PG,20x15E,10.200388931158935,1.4083199999999998,14.378834355828223,0.617594408249039,9.639875949026328,11.567851138831593,11.75960713541054,123.35131222523405,125.56968127460875,5.858153603333851,0.00693651938999186,0.24234052366463144,-734.4644311163744,734.4644311163744,0.2622555503338913,1515.3612185534903,2855.9600767512457,17.0,False,"SOC floor violated (min 0.007, unmet 734 Wh); did not refill (end SOC 0.242); FLAG 20x15E: (11.57 m/s, 1854 rpm) not on the map; used C_T(J) similarity; FLAG 20x15E: (11.76 m/s, 1886 rpm) not on the map; used C_T(J) similarity"
4.5,0.36,1.3,0.34,0.6,0.5,0.216,1.5150000000000001,1.56,1.56,0.21885521885521886,0.8582294726448103,5.560088733516294,1.3738173578102182,2,one_per_bay,True,24+20+20+12,4,76,24,20,12,A40-10L-V2-kv1100-6.7PG,20x15E,10.457473074918997,1.51416,13.373751783166904,0.5699620921613828,9.413285828539088,11.295942994246905,11.483191669922688,124.80400078746071,127.06344439918902,5.606670090972942,0.004347545742382922,0.29208063169292364,-734.5818184048472,734.5818184048472,0.3260252540157206,1599.5479529175732,2891.865272051745,16.666666666666664,False,"SOC floor violated (min 0.004, unmet 735 Wh); did not refill (end SOC 0.292); FLAG 20x15E: (11.30 m/s, 1840 rpm) not on the map; used C_T(J) similarity; FLAG 20x15E: (11.48 m/s, 1871 rpm) not on the map; used C_T(J) similarity"
4.5,0.36,1.3,0.28,0.4,0.5,0.144,1.5150000000000001,1.56,1.56,0.2006172839506173,0.8273479286154236,5.538656279535891,1.2679270704504888,2,one_per_bay,True,24+19+19+12,4,74,24,19,12,A40-10L-V2-kv1100-6.7PG,20x15E,10.310491356574321,1.46124,13.858093126385809,0.5631117949607459,9.51464651602952,11.417575819235424,11.606840757334751,124.3918487776028,126.613185676116,5.7352051213378585,0.002855277538412096,0.2620884660288586,-736.7932506534182,736.7932506534182,0.26097967967945596,1557.4545857355313,2881.138840360279,16.916666666666668,False,"SOC floor violated (min 0.003, unmet 737 Wh); did not refill (end SOC 0.262); FLAG 20x15E: (11.42 m/s, 1847 rpm) not on the map; used C_T(J) similarity; FLAG 20x15E: (11.61 m/s, 1879 rpm) not on the map; used C_T(J) similarity"
4.5,0.36,1.3,0.28,0.6,0.0,0.216,0.845,1.69,1.69,0.2006172839506173,0.9645561550918619,5.475755352450199,1.3682723180643515,2,one_per_bay,True,26+17+17+13,4,73,26,17,13,A40-10L-V2-kv1100-6.7PG,20x15E,10.248557280274985,1.4176799999999998,14.283900457084817,0.6703489688694281,9.630659163139077,11.556790995766892,11.748363652438522,124.1717698520266,126.41178712669767,5.821632040378976,0.0019192434259043857,0.24710561874234843,-737.8201071253108,737.8201071253108,0.10673097409120776,1536.4079021445107,2875.8025973713425,17.0,False,"SOC floor violated (min 0.002, unmet 738 Wh); did not refill (end SOC 0.247); FLAG 20x15E: (11.56 m/s, 1857 rpm) not on the map; used C_T(J) similarity; FLAG 20x15E: (11.75 m/s, 1888 rpm) not on the map; used C_T(J) similarity"
4.5,0.36,1.3,0.34,0.6,0.0,0.216,0.78,1.56,1.56,0.21885521885521886,0.9838769500235152,5.467765152464732,1.3394289885348907,2,one_per_bay,True,24+18+18+12,4,72,24,18,12,A40-10L-V2-kv1100-6.7PG,20x15E,10.23726822408823,1.4083199999999998,14.378834355828223,0.6614376572132565,9.657286611233832,11.588743933480599,11.780846262201202,123.93404747399245,126.17674618280229,5.840897017539799,0.0013078193903511021,0.23253248001573049,-738.7472039360738,738.7472039360738,0.18052810742439007,1515.3612185534903,2869.7422472193693,17.166666666666668,False,"SOC floor violated (min 0.001, unmet 739 Wh); did not refill (end SOC 0.233); FLAG 20x15E: (11.59 m/s, 1858 rpm) not on the map; used C_T(J) similarity; FLAG 20x15E: (11.78 m/s, 1890 rpm) not on the map; used C_T(J) similarity"
4.5,0.36,1.3,0.28,0.6,0.5,0.216,1.3582788216710497,0.9331152866841987,0.0,0.20735895247435593,0.5,5.5398134002661,0.32259630272709927,2,one_per_bay,True,24+24+14+7,4,69,14,24,7,A40-10L-V2-kv1100-6.7PG,20x15E,10.220844937682537,1.491592150320631,13.576097189601784,0.29515924277757216,9.376313251882458,11.25157590225895,11.438089121034626,120.51491700705293,122.65733148484587,5.745546854490062,0.004769575751230586,0.21435006059474818,-739.6178414654732,701.4009701713534,0.24338649576575597,1452.2211677804287,2786.9978404341887,17.166666666666668,False,"SOC floor violated (min 0.005, unmet 701 Wh); did not refill (end SOC 0.214); FLAG 20x15E: (11.25 m/s, 1821 rpm) not on the map; used C_T(J) similarity; FLAG 20x15E: (11.44 m/s, 1852 rpm) not on the map; used C_T(J) similarity"
5.5,0.36,1.6,0.34,0.4,0.0,0.144,0.3835149184829639,0.7670298369659277,0.0,0.17045107469062548,0.5,5.102629594037149,-0.5114396721504308,2,one_per_bay,True,26+26+10,3,62,10,26,0,A40-10L-V2-kv1100-6.7PG,MJ-21x14EL,10.06987474109267,1.4688392223923201,20.594493623836772,0.31253769113992846,9.378613890878485,11.254336669054181,11.440895652041535,104.4025319044604,107.90181072512655,7.500738775881238,0.009529004461506809,0.21386068738481162,-740.0905759862719,470.75663575921305,0.26377067486305467,1304.8943826432837,2410.1557174517093,17.0,False,"SOC floor violated (min 0.010, unmet 471 Wh); did not refill (end SOC 0.214); FLAG MJ-21x14EL: thrust table 1.78 N vs similarity 0.00 N (100%) at 1653 rpm, 11.25 m/s; FLAG MJ-21x14EL: thrust table 1.79 N vs similarity 0.00 N (100%) at 1702 rpm, 11.44 m/s"
4.5,0.36,1.3,0.34,0.6,0.0,0.216,0.65,1.3,1.3,0.21885521885521889,0.8416926090350599,5.451776539065902,1.100553805632358,2,one_per_bay,True,20+20+20+10,4,70,20,20,10,A40-10L-V2-kv1100-6.7PG,20x15E,10.136654365362302,1.3896,14.572538860103627,0.543259363805968,9.674224679629415,11.609069615555297,11.801508875601831,122.2734900780125,124.46843966730222,5.916711446920507,0.0007420647856650701,0.213127293103937,-740.7990348615969,721.8482984691402,0.2413362200893161,1473.2678513714495,2829.562584065783,17.166666666666668,False,"SOC floor violated (min 0.001, unmet 722 Wh); did not refill (end SOC 0.213); FLAG 20x15E: (11.61 m/s, 1853 rpm) not on the map; used C_T(J) similarity; FLAG 20x15E: (11.80 m/s, 1885 rpm) not on the map; used C_T(J) similarity"
5.0,0.3,1.3,0.34,0.6,0.5,0.18,1.4540034507457689,0.8160138029830752,0.0,0.1813364006269029,0.5,5.210362210725221,-0.3002925701839527,2,one_per_bay,True,26+26+12,3,64,12,26,0,A40-10L-V2-kv1100-6.7PG,20x15E,9.803819744452097,1.3744804140894922,18.18869133654476,0.3080913116286506,9.566258978823884,11.47951077458866,11.669802385571682,110.85013056918616,112.81777175991421,6.1428690068711775,0.009843968395222748,0.2109365820243324,-742.9152617644949,569.6067861447268,0.10541409199937016,1346.987749825325,2553.848681797113,17.166666666666668,False,"SOC floor violated (min 0.010, unmet 570 Wh); did not refill (end SOC 0.211); FLAG 20x15E: (11.48 m/s, 1801 rpm) not on the map; used C_T(J) similarity; FLAG 20x15E: (11.67 m/s, 1831 rpm) not on the map; used C_T(J) similarity"
5.5,0.3,1.6,0.34,0.4,0.0,0.12,0.65,1.3,1.3,0.21885521885521889,1.4517759128041057,4.994007599318358,0.7087086976460446,2,one_per_bay,True,20+18+18+10,4,66,20,18,10,A40-10L-V2-kv1100-6.7PG,20x15E,10.12874141751615,1.272,23.781446540880502,0.9947500736286373,10.107597499458743,12.129116999350492,12.330176892836297,114.67587415758867,116.84941141377855,6.153378025284696,0.004622489615846367,0.20829265839114866,-745.4692919941504,618.5895999971326,0.3119699100781368,1389.081117007366,2647.0734843660994,17.166666666666668,False,"SOC floor violated (min 0.005, unmet 619 Wh); did not refill (end SOC 0.208); FLAG 20x15E: (12.13 m/s, 1865 rpm) not on the map; used C_T(J) similarity; FLAG 20x15E: (12.33 m/s, 1898 rpm) not on the map; used C_T(J) similarity"
4.5,0.36,1.3,0.34,0.6,0.5,0.216,1.5474999999999999,1.69,1.69,0.21885521885521889,0.9245278918859036,5.564301244814773,1.4760866439502927,2,one_per_bay,True,26+19+19+13,4,77,26,19,13,A40-10L-V2-kv1100-6.7PG,20x15E,10.499458021081962,1.51884,13.3325432566959,0.624178179837174,9.417620389133246,11.301144466959895,11.488479365528056,125.67116217373994,127.94849718234688,5.581130487412452,0.0096540517421439,0.3072028059769887,-748.9065050933242,748.9065050933242,0.11869449771869374,1620.5946365085942,2912.8083488995558,16.666666666666664,False,"SOC floor violated (min 0.010, unmet 749 Wh); did not refill (end SOC 0.307); FLAG 20x15E: (11.30 m/s, 1843 rpm) not on the map; used C_T(J) similarity; FLAG 20x15E: (11.49 m/s, 1875 rpm) not on the map; used C_T(J) similarity"
4.5,0.3,1.3,0.34,1.0,1.0,0.3,2.25,1.3,1.3,0.21885521885521889,0.9132477033711605,5.50843594300118,1.1256347211741773,2,one_per_bay,True,24+24+20+10,4,78,20,24,10,A40-10L-V2-kv1100-6.7PG,20x15E,10.117937584439225,1.3499999999999999,15.000000000000002,0.5921157653595382,9.806022078782796,11.767226494539354,11.962287462765,126.31500027859796,128.5829871488015,5.959285277524538,0.006270689396601685,0.3151733961762437,-751.1350535374629,751.1350535374629,0.20583422037882806,1641.6413200996144,2928.191910401167,16.666666666666664,False,"SOC floor violated (min 0.006, unmet 751 Wh); did not refill (end SOC 0.315); FLAG 20x15E: (11.77 m/s, 1880 rpm) not on the map; used C_T(J) similarity; FLAG 20x15E: (11.96 m/s, 1912 rpm) not on the map; used C_T(J) similarity"
4.5,0.3,1.3,0.34,0.6,0.5,0.18,1.5150000000000001,1.56,1.56,0.21885521885521886,1.235850440608527,5.335293300307418,1.2929735623674121,2,one_per_bay,True,24+18+18+12,4,72,24,18,12,A40-10L-V2-kv1100-6.7PG,20x15E,9.964426134672845,1.2618,16.048502139800284,0.8447991998402555,10.065715182467077,12.078858218960493,12.27908499120322,124.204387666874,126.44931339810499,6.1762069858905955,0.009397986632688086,0.23877610382561898,-751.1920367611559,751.1920367611559,0.15781417281583168,1515.3612185534903,2876.245629835049,17.166666666666668,False,"SOC floor violated (min 0.009, unmet 751 Wh); did not refill (end SOC 0.239); FLAG 20x15E: (12.08 m/s, 1896 rpm) not on the map; used C_T(J) similarity; FLAG 20x15E: (12.28 m/s, 1928 rpm) not on the map; used C_T(J) similarity"
4.5,0.36,1.3,0.34,0.4,0.5,0.144,1.5150000000000001,1.56,1.56,0.21885521885521886,0.9025613766713713,5.5387098029918,1.3410826254610104,2,one_per_bay,True,24+19+19+12,4,74,24,19,12,A40-10L-V2-kv1100-6.7PG,20x15E,10.347370649503613,1.46124,13.858093126385809,0.6030873036301768,9.531647656357094,11.437977187628514,11.627580311677924,124.97485548065052,127.22565537005757,5.718458946802798,0.007947909957347959,0.26288091955408915,-751.4562636374608,751.4562636374608,0.18467638168312442,1557.4545857355313,2895.1521307614553,17.0,False,"SOC floor violated (min 0.008, unmet 751 Wh); did not refill (end SOC 0.263); FLAG 20x15E: (11.44 m/s, 1851 rpm) not on the map; used C_T(J) similarity; FLAG 20x15E: (11.63 m/s, 1883 rpm) not on the map; used C_T(J) similarity"
5.0,0.3,1.3,0.34,0.6,0.0,0.18,0.65,1.3,1.3,0.21885521885521889,1.1055276179618603,5.14490319350615,0.7972687081079891,2,one_per_bay,True,20+18+18+10,4,66,20,18,10,A40-10L-V2-kv1100-6.7PG,20x15E,9.901887692131535,1.278,19.561815336463223,0.7424988586083819,9.970279293365147,11.964335152038176,12.162663517691348,116.24351954041715,118.34545738679931,6.2256242676569045,0.008277319797625173,0.20194766130052516,-751.5985591836927,649.050379818838,0.12076482048264243,1389.081117007366,2683.85738794589,17.333333333333332,False,"SOC floor violated (min 0.008, unmet 649 Wh); did not refill (end SOC 0.202); FLAG 20x15E: (11.96 m/s, 1858 rpm) not on the map; used C_T(J) similarity; FLAG 20x15E: (12.16 m/s, 1890 rpm) not on the map; used C_T(J) similarity"
4.5,0.36,1.3,0.28,1.0,1.0,0.36,2.25,1.0046813501725884,0.0,0.2232625222605752,0.5,5.7550961959359075,0.5329910503954758,2,one_per_bay,True,26+26+14+7,4,73,14,26,7,A40-10L-V2-kv1100-6.7PG,MJ-26x15EL,10.498118481959484,1.6199999999999999,12.500000000000002,0.2907692307692308,9.11826019049172,10.941912228590063,11.123292266999218,124.69849920056126,127.43935260017508,13.945425829438179,0.007480970465210046,0.24528428838415214,-752.2916434078674,752.2916434078674,0.2449566594446241,1536.407902144511,2891.9499546107495,17.0,False,"SOC floor violated (min 0.007, unmet 752 Wh); did not refill (end SOC 0.245); FLAG MJ-26x15EL: shaft power table 45.3 W vs similarity 33.0 W (27%) at 1433 rpm, 10.94 m/s; FLAG MJ-26x15EL: shaft power table 45.3 W vs similarity 34.5 W (24%) at 1462 rpm, 11.12 m/s"
4.5,0.36,1.3,0.34,1.0,1.0,0.36,2.25,1.0046813501725884,0.0,0.2232625222605752,0.5,5.7550961959359075,0.5329910503954758,2,one_per_bay,True,26+26+14+7,4,73,14,26,7,A40-10L-V2-kv1100-6.7PG,MJ-26x15EL,10.498118481959484,1.6199999999999999,12.500000000000002,0.2907692307692308,9.11826019049172,10.941912228590063,11.123292266999218,124.69849920056126,127.43935260017508,13.945425829438179,0.007480970465210046,0.24528428838415214,-752.2916434078674,752.2916434078674,0.2449566594446241,1536.407902144511,2891.9499546107495,17.0,False,"SOC floor violated (min 0.007, unmet 752 Wh); did not refill (end SOC 0.245); FLAG MJ-26x15EL: shaft power table 45.3 W vs similarity 33.0 W (27%) at 1433 rpm, 10.94 m/s; FLAG MJ-26x15EL: shaft power table 45.3 W vs similarity 34.5 W (24%) at 1462 rpm, 11.12 m/s"
4.5,0.36,1.3,0.34,0.6,0.0,0.216,0.845,1.69,1.69,0.21885521885521889,1.0522430782820313,5.475812315329171,1.4310744711911383,2,one_per_bay,True,26+17+17+13,4,73,26,17,13,A40-10L-V2-kv1100-6.7PG,20x15E,10.287575153451192,1.4176799999999998,14.283900457084817,0.7187531013675089,9.648974466206518,11.57876935944782,11.77070634333807,124.79881254632193,127.0662770382976,5.803499667837371,0.006532303104704229,0.24690076281135045,-753.0296227618763,753.0296227618763,0.3071359197575383,1536.407902144511,2891.043752555555,17.0,False,"SOC floor violated (min 0.007, unmet 753 Wh); did not refill (end SOC 0.247); FLAG 20x15E: (11.58 m/s, 1860 rpm) not on the map; used C_T(J) similarity; FLAG 20x15E: (11.77 m/s, 1892 rpm) not on the map; used C_T(J) similarity"
4.5,0.36,1.3,0.34,1.0,1.0,0.36,2.25,1.3,1.3,0.21885521885521889,0.6341997940077503,5.755226417355804,1.0998024354282383,2,one_per_bay,True,24+24+20+10,4,78,20,24,10,A40-10L-V2-kv1100-6.7PG,MJ-26x15EL,10.58971208153328,1.6199999999999999,12.500000000000002,0.3985394574535354,9.157951136227508,10.989541363473009,11.171710932462744,126.63805253354415,129.51410193826428,13.856998164600508,0.003086063286825435,0.30518620985395023,-753.6355383486821,753.6355383486821,0.12824132125692955,1641.6413200996144,2940.4042897730005,16.666666666666664,False,"SOC floor violated (min 0.003, unmet 754 Wh); did not refill (end SOC 0.305); FLAG MJ-26x15EL: shaft power table 45.9 W vs similarity 33.9 W (26%) at 1442 rpm, 10.99 m/s; FLAG MJ-26x15EL: shaft power table 45.8 W vs similarity 35.5 W (22%) at 1472 rpm, 11.17 m/s"
4.5,0.3,1.3,0.28,1.0,1.0,0.3,2.25,1.56,1.56,0.2006172839506173,1.0045724737082764,5.508480984323974,1.2800315382462957,2,one_per_bay,True,24+22+22+12,4,80,24,22,12,A40-10L-V2-kv1100-6.7PG,20x15E,10.148384217435858,1.3499999999999999,15.000000000000002,0.6925137903861308,9.82076500861416,11.784918010336991,11.98027224428693,127.44920827913771,129.7452887127469,5.940555387064664,0.0006296313825154883,0.33357012881269676,-754.771445553835,754.771445553835,0.15097160005745752,1683.7346872816556,2956.0016019513578,16.5,False,"SOC floor violated (min 0.001, unmet 755 Wh); did not refill (end SOC 0.334); FLAG 20x15E: (11.78 m/s, 1885 rpm) not on the map; used C_T(J) similarity; FLAG 20x15E: (11.98 m/s, 1917 rpm) not on the map; used C_T(J) similarity"
4.5,0.36,1.3,0.28,0.4,0.5,0.144,1.5474999999999999,1.69,1.69,0.2006172839506173,0.8889837921807194,5.545658613792897,1.3720021791449353,2,one_per_bay,True,26+17+17+13,4,73,26,17,13,A40-10L-V2-kv1100-6.7PG,20x15E,10.338498714090369,1.46826,13.791835233541745,0.6142386504410915,9.50475678586884,11.405708143042608,11.594776355056155,125.04272382417439,127.28205234795293,5.711386814137967,0.004127962352286149,0.24301074057671,-754.9175905012168,754.9175905012168,0.27117336814831694,1536.407902144511,2896.700671446645,17.0,False,"SOC floor violated (min 0.004, unmet 755 Wh); did not refill (end SOC 0.243); FLAG 20x15E: (11.41 m/s, 1849 rpm) not on the map; used C_T(J) similarity; FLAG 20x15E: (11.59 m/s, 1880 rpm) not on the map; used C_T(J) similarity"
4.5,0.3,1.3,0.34,0.6,0.5,0.18,1.5474999999999999,1.69,1.69,0.21885521885521889,1.3313201643157015,5.338612723915039,1.3652479584479833,2,one_per_bay,True,26+17+17+13,4,73,26,17,13,A40-10L-V2-kv1100-6.7PG,20x15E,10.005024083635806,1.2656999999999998,15.999051908035081,0.925254203736548,10.070648366996283,12.08477804039554,12.285102943332138,125.07492346987341,127.34379858960735,6.1475716063703505,0.00380766092285385,0.2422655529199875,-755.1695999717134,755.1695999717134,0.26088232787258053,1536.407902144511,2897.6802891151033,17.0,False,"SOC floor violated (min 0.004, unmet 755 Wh); did not refill (end SOC 0.242); FLAG 20x15E: (12.08 m/s, 1899 rpm) not on the map; used C_T(J) similarity; FLAG 20x15E: (12.29 m/s, 1932 rpm) not on the map; used C_T(J) similarity"
4.5,0.36,1.6,0.34,0.6,0.5,0.216,1.4500000000000002,1.3,1.3,0.21885521885521889,0.890290089594159,5.552011238360612,1.352022216891074,2,one_per_bay,True,22+22+20+10,4,74,20,22,10,A40-10L-V2-kv1100-6.7PG,20x15E,10.603645918516149,1.5048,13.456937799043063,0.567047959251152,9.508280173939065,11.409936208726878,11.599074507823945,125.51060504367429,127.7684724738817,5.567276320840839,0.00266095400563582,0.2538107065294277,-755.6089117126281,755.6089117126281,0.1394416230311132,1557.4545857355313,2908.0595930596373,17.0,False,"SOC floor violated (min 0.003, unmet 756 Wh); did not refill (end SOC 0.254); FLAG 20x15E: (11.41 m/s, 1851 rpm) not on the map; used C_T(J) similarity; FLAG 20x15E: (11.60 m/s, 1882 rpm) not on the map; used C_T(J) similarity"
4.5,0.36,1.3,0.28,1.0,1.0,0.36,2.25,1.56,1.56,0.2006172839506173,0.6976197734085253,5.755269454953304,1.321468037772574,2,one_per_bay,True,24+22+22+12,4,80,24,22,12,A40-10L-V2-kv1100-6.7PG,MJ-26x15EL,10.620158714529914,1.6199999999999999,12.500000000000002,0.4661150512214343,9.171106765320161,11.005328118384194,11.187759378580393,127.61733152296854,130.54253885836133,13.82594230660799,0.0,0.32698190613976746,-756.084797124382,756.084797124382,0.08453408792292312,1683.7346872816556,2964.7550115666972,16.5,False,"SOC floor violated (min 0.000, unmet 756 Wh); did not refill (end SOC 0.327); FLAG MJ-26x15EL: shaft power table 46.2 W vs similarity 34.3 W (26%) at 1446 rpm, 11.01 m/s; FLAG MJ-26x15EL: shaft power table 46.1 W vs similarity 36.1 W (22%) at 1476 rpm, 11.19 m/s"
4.5,0.45,1.6,0.28,0.4,0.0,0.18000000000000002,0.4437516691652656,0.8875033383305312,0.0,0.19722296395081448,0.5,5.589417120153978,0.4006519795989014,2,one_per_bay,True,25+25+18,3,68,18,25,0,A40-10L-V2-kv1100-6.7PG,MJ-26x15EL,10.390877005232232,1.5373129506746217,13.172334228442985,0.2935961384946479,9.312337602872207,11.174805123446648,11.360045741371689,120.95570066184642,123.77321901372974,14.331132076789647,0.007418719408758332,0.19459506527018436,-758.701166949002,717.9147029970333,0.15071586702119077,1431.1744841894076,2801.7202715635185,17.333333333333332,False,"SOC floor violated (min 0.007, unmet 718 Wh); did not refill (end SOC 0.195); FLAG MJ-26x15EL: shaft power table 43.3 W vs similarity 30.8 W (29%) at 1438 rpm, 11.17 m/s; FLAG MJ-26x15EL: shaft power table 43.3 W vs similarity 32.5 W (25%) at 1469 rpm, 11.36 m/s"
4.5,0.45,1.6,0.34,0.4,0.0,0.18000000000000002,0.4437516691652656,0.8875033383305312,0.0,0.19722296395081448,0.5,5.589417120153978,0.4006519795989014,2,one_per_bay,True,25+25+18,3,68,18,25,0,A40-10L-V2-kv1100-6.7PG,MJ-26x15EL,10.390877005232232,1.5373129506746217,13.172334228442985,0.2935961384946479,9.312337602872207,11.174805123446648,11.360045741371689,120.95570066184642,123.77321901372974,14.331132076789647,0.007418719408758332,0.19459506527018436,-758.701166949002,717.9147029970333,0.15071586702119077,1431.1744841894076,2801.7202715635185,17.333333333333332,False,"SOC floor violated (min 0.007, unmet 718 Wh); did not refill (end SOC 0.195); FLAG MJ-26x15EL: shaft power table 43.3 W vs similarity 30.8 W (29%) at 1438 rpm, 11.17 m/s; FLAG MJ-26x15EL: shaft power table 43.3 W vs similarity 32.5 W (25%) at 1469 rpm, 11.36 m/s"
5.0,0.3,1.3,0.34,0.4,0.0,0.12,0.845,1.69,1.69,0.21885521885521889,1.5661641254459686,5.094110892188158,0.9932746714027073,2,one_per_bay,True,26+14+14+13,4,67,26,14,13,A40-10L-V2-kv1100-6.7PG,20x15E,9.8514371179435,1.2021,20.796938690624742,1.1243438940625265,10.25399849124524,12.304798189494287,12.508770285193961,119.51806770811518,121.70912609533866,6.357568996435848,0.008513111222798889,0.1945364248915824,-758.7578135547313,699.9922796671251,0.16882433397291643,1410.1278005983872,2762.8580927106523,17.416666666666664,False,"SOC floor violated (min 0.009, unmet 700 Wh); did not refill (end SOC 0.195); FLAG 20x15E: (12.30 m/s, 1897 rpm) not on the map; used C_T(J) similarity; FLAG 20x15E: (12.51 m/s, 1929 rpm) not on the map; used C_T(J) similarity"
5.0,0.36,1.6,0.34,0.4,0.5,0.144,1.463588302802556,0.8543532112102241,0.0,0.18985626914563208,0.5,5.367727947230984,-0.028709602054548977,2,one_per_bay,True,26+26+12,3,64,12,26,0,A40-10L-V2-kv1100-6.7PG,MJ-21x14EL,10.308943645733576,1.5761350734053523,15.861584721914548,0.3025070287424461,9.16060419938063,10.992725039256756,11.174947382864298,110.79632321093739,114.31380533253606,7.170529749119997,0.0006466527629920091,0.1914085540504799,-761.7793367872364,560.1307450601671,0.15422411987177279,1346.987749825325,2563.1478848934285,17.166666666666668,False,"SOC floor violated (min 0.001, unmet 560 Wh); did not refill (end SOC 0.191); FLAG MJ-21x14EL: thrust table 2.04 N vs similarity 0.00 N (100%) at 1663 rpm, 10.99 m/s; FLAG MJ-21x14EL: thrust table 2.05 N vs similarity 0.00 N (100%) at 1710 rpm, 11.17 m/s"
4.5,0.36,1.3,0.28,0.4,0.0,0.144,0.845,1.69,1.69,0.2006172839506173,1.0792385108423967,5.39524781834896,1.302910624672928,2,one_per_bay,True,26+15+15+13,4,69,26,15,13,A40-10L-V2-kv1100-6.7PG,20x15E,10.036674412644215,1.31652,15.381460213289582,0.7587650707217526,9.88996923039354,11.867963076472247,12.06469391781682,123.84858803940514,126.09570309571087,6.059457436636256,0.0030760529270124574,0.189754758463302,-763.3769033244503,757.5489751580778,0.11107480310362541,1452.2211677804285,2866.972360811715,17.5,False,"SOC floor violated (min 0.003, unmet 758 Wh); did not refill (end SOC 0.190); FLAG 20x15E: (11.87 m/s, 1878 rpm) not on the map; used C_T(J) similarity; FLAG 20x15E: (12.06 m/s, 1911 rpm) not on the map; used C_T(J) similarity"
4.5,0.36,1.6,0.28,0.6,0.5,0.216,1.5150000000000001,1.56,1.56,0.2006172839506173,0.9682588922146578,5.56036310390395,1.514626147348984,2,one_per_bay,True,24+20+20+12,4,76,24,20,12,A40-10L-V2-kv1100-6.7PG,20x15E,10.650637884212783,1.51416,13.373751783166904,0.6549935763879015,9.499826596020311,11.399791915224373,11.588762056114108,126.63851907293375,128.91276267134828,5.532543873531087,0.008529041005357771,0.28301524764912195,-769.3549314548904,769.3549314548904,0.11948038821862401,1599.5479529175732,2935.623203539071,16.833333333333332,False,"SOC floor violated (min 0.009, unmet 769 Wh); did not refill (end SOC 0.283); FLAG 20x15E: (11.40 m/s, 1854 rpm) not on the map; used C_T(J) similarity; FLAG 20x15E: (11.59 m/s, 1886 rpm) not on the map; used C_T(J) similarity"
4.5,0.3,1.3,0.34,1.0,1.0,0.3,2.25,1.56,1.56,0.21885521885521886,1.0958972440453925,5.508535361198149,1.3404133737715684,2,one_per_bay,True,24+22+22+12,4,80,24,22,12,A40-10L-V2-kv1100-6.7PG,20x15E,10.185263510365152,1.3499999999999999,15.000000000000002,0.7416755932093356,9.838593187691458,11.80631182522975,12.002020696548907,128.05686970192818,130.3701665473738,5.922788514018235,0.005932308578510362,0.33420812072378536,-770.0017467342437,770.0017467342437,0.09889844717188367,1683.7346872816556,2970.71459918713,16.5,False,"SOC floor violated (min 0.006, unmet 770 Wh); did not refill (end SOC 0.334); FLAG 20x15E: (11.81 m/s, 1889 rpm) not on the map; used C_T(J) similarity; FLAG 20x15E: (12.00 m/s, 1921 rpm) not on the map; used C_T(J) similarity"
4.5,0.36,1.3,0.34,0.4,0.5,0.144,1.5474999999999999,1.69,1.69,0.21885521885521889,0.969800500560785,5.5457150820463275,1.4400831075271245,2,one_per_bay,True,26+17+17+13,4,73,26,17,13,A40-10L-V2-kv1100-6.7PG,20x15E,10.377516587266577,1.46826,13.791835233541745,0.658591204710753,9.522675545562514,11.427210654675017,11.616635305883499,125.67110606475227,127.94264385908366,5.6937461977362345,0.009032692632181857,0.2433758148140551,-770.0737877990742,770.0737877990742,0.1819152032341525,1536.407902144511,2911.628720481989,17.166666666666668,False,"SOC floor violated (min 0.009, unmet 770 Wh); did not refill (end SOC 0.243); FLAG 20x15E: (11.43 m/s, 1853 rpm) not on the map; used C_T(J) similarity; FLAG 20x15E: (11.62 m/s, 1884 rpm) not on the map; used C_T(J) similarity"
5.0,0.36,1.3,0.34,0.6,0.0,0.216,0.4478819785745004,0.8957639571490008,0.0,0.1990586571241603,0.5,5.2992998367814135,-0.1261926623359706,2,one_per_bay,True,25+25+12,3,62,12,25,0,A40-10L-V2-kv1100-6.7PG,MJ-21x14EL,9.957746631642289,1.504495004914728,16.61687138763013,0.30449090756565,9.215075839309796,11.058091007171754,11.241396898291226,108.18962581403657,111.64633315998341,7.469349271584937,0.0038103983126808495,0.18237776067702838,-770.5030831859906,530.5169780129067,0.31189579313322824,1304.894382643284,2500.171853067501,17.166666666666668,False,"SOC floor violated (min 0.004, unmet 531 Wh); did not refill (end SOC 0.182); FLAG MJ-21x14EL: thrust table 1.95 N vs similarity 0.00 N (100%) at 1655 rpm, 11.06 m/s; FLAG MJ-21x14EL: thrust table 1.96 N vs similarity 0.00 N (100%) at 1702 rpm, 11.24 m/s"
4.5,0.36,1.3,0.34,1.0,1.0,0.36,2.25,1.56,1.56,0.21885521885521886,0.7610397528093004,5.755321420450137,1.408156066726974,2,one_per_bay,True,24+22+22+12,4,80,24,22,12,A40-10L-V2-kv1100-6.7PG,MJ-26x15EL,10.657038007459207,1.6199999999999999,12.500000000000002,0.4992047261985914,9.187016641232976,11.02441996947957,11.207167708241185,128.3017159470818,131.2911130245554,13.791404480598485,0.0035422703368961934,0.324663694228438,-771.9148391126605,771.9148391126605,0.2823377445354609,1683.7346872816554,2981.6616608110185,16.5,False,"SOC floor violated (min 0.004, unmet 772 Wh); did not refill (end SOC 0.325); FLAG MJ-26x15EL: shaft power table 46.3 W vs similarity 34.6 W (25%) at 1449 rpm, 11.02 m/s; FLAG MJ-26x15EL: shaft power table 46.3 W vs similarity 36.4 W (21%) at 1480 rpm, 11.21 m/s"
4.5,0.36,1.6,0.34,0.6,0.0,0.216,0.65,1.3,1.3,0.21885521885521889,1.0359293649662276,5.452114833051196,1.3172184381606982,2,one_per_bay,True,20+20+20+10,4,70,20,20,10,A40-10L-V2-kv1100-6.7PG,20x15E,10.368011054516149,1.3896,14.572538860103627,0.6686269092996528,9.784002974552063,11.740803569462475,11.935426534616518,124.81229266442082,127.05436024055452,5.815563361282942,0.0077900643849393,0.20281062284474902,-772.4958578832998,772.4958578832998,0.1851323102161674,1473.2678513714498,2890.2553021556505,17.416666666666664,False,"SOC floor violated (min 0.008, unmet 772 Wh); did not refill (end SOC 0.203); FLAG 20x15E: (11.74 m/s, 1872 rpm) not on the map; used C_T(J) similarity; FLAG 20x15E: (11.94 m/s, 1904 rpm) not on the map; used C_T(J) similarity"
4.5,0.3,1.3,0.28,1.0,1.0,0.3,2.25,1.69,1.69,0.2006172839506173,1.0882868465172992,5.50850389837884,1.3632980498771412,2,one_per_bay,True,26+20+20+13,4,79,26,20,13,A40-10L-V2-kv1100-6.7PG,20x15E,10.163908600151908,1.3499999999999999,15.000000000000002,0.7622184007150323,9.828273743469328,11.793928492163193,11.989432089542996,128.0828849548928,130.39664313735545,5.930693444520949,0.0031283828884702027,0.3147732401054029,-772.5657888487934,772.5657888487934,0.19471010786401638,1662.6880036906352,2970.956798922137,16.666666666666664,False,"SOC floor violated (min 0.003, unmet 773 Wh); did not refill (end SOC 0.315); FLAG 20x15E: (11.79 m/s, 1888 rpm) not on the map; used C_T(J) similarity; FLAG 20x15E: (11.99 m/s, 1920 rpm) not on the map; used C_T(J) similarity"
4.5,0.3,1.3,0.28,1.0,1.0,0.3,2.25,1.3,1.3,0.20061728395061726,0.8371437280902303,5.50810548806319,1.0528937885264746,2,one_per_bay,True,24+24+20,3,68,20,24,0,A40-10L-V2-kv1100-6.7PG,20x15E,9.89733545200376,1.3499999999999999,15.000000000000002,0.5544102803012656,9.69853223972729,11.638238687672748,11.831161472656285,123.34227127718945,125.54644382961645,6.063811750908727,0.004591821296347472,0.1801396448134825,-772.665103110176,756.877862355249,0.1810586968399394,1431.1744841894078,2854.541632243319,17.5,False,"SOC floor violated (min 0.005, unmet 757 Wh); did not refill (end SOC 0.180); FLAG 20x15E: (11.64 m/s, 1859 rpm) not on the map; used C_T(J) similarity; FLAG 20x15E: (11.83 m/s, 1891 rpm) not on the map; used C_T(J) similarity"
4.5,0.36,1.3,0.34,0.4,0.0,0.144,0.845,1.69,1.69,0.21885521885521889,1.1773511027371604,5.395305981433587,1.359057373292595,2,one_per_bay,True,26+15+15+13,4,69,26,15,13,A40-10L-V2-kv1100-6.7PG,20x15E,10.075692285820423,1.31652,15.381460213289582,0.8135534969351523,9.909174359556948,11.891009231468336,12.088122100413848,124.48932180947776,126.75505338911027,6.04010336922594,0.0074153730387035086,0.18960101123175516,-773.0505068463931,773.0505068463931,0.28999827028375336,1452.221167780429,2882.4709786950625,17.5,False,"SOC floor violated (min 0.007, unmet 773 Wh); did not refill (end SOC 0.190); FLAG 20x15E: (11.89 m/s, 1882 rpm) not on the map; used C_T(J) similarity; FLAG 20x15E: (12.09 m/s, 1915 rpm) not on the map; used C_T(J) similarity"
4.5,0.36,1.6,0.28,0.6,0.5,0.216,1.5474999999999999,1.69,1.69,0.2006172839506173,1.0430571087943525,5.564571460363598,1.6036047114380456,2,one_per_bay,True,26+19+19+13,4,77,26,19,13,A40-10L-V2-kv1100-6.7PG,20x15E,10.690434933278832,1.51884,13.3325432566959,0.7164838850436276,9.502883983662068,11.40346078039448,11.592491738707315,127.47928412541837,129.7746672279366,5.508440465335687,0.0033793364072639467,0.28741586751256376,-773.079423399354,773.079423399354,0.19057883232965384,1620.594636508594,2955.9530645780806,16.833333333333332,False,"SOC floor violated (min 0.003, unmet 773 Wh); did not refill (end SOC 0.287); FLAG 20x15E: (11.40 m/s, 1857 rpm) not on the map; used C_T(J) similarity; FLAG 20x15E: (11.59 m/s, 1889 rpm) not on the map; used C_T(J) similarity"
4.5,0.36,1.3,0.28,1.0,1.0,0.36,2.25,1.69,1.69,0.2006172839506173,0.7557547545259022,5.755291351850553,1.4410131027483757,2,one_per_bay,True,26+20+20+13,4,79,26,20,13,A40-10L-V2-kv1100-6.7PG,MJ-26x15EL,10.635683097245963,1.6199999999999999,12.500000000000002,0.5130316158658873,9.177807408055488,11.013368889666586,11.195933438759054,128.1827376207267,131.14212643174204,13.809739363613852,0.0021129187592152637,0.3083129840390461,-773.3851285059006,773.3851285059006,0.1325864999984674,1662.6880036906352,2978.0878875115404,16.666666666666664,False,"SOC floor violated (min 0.002, unmet 773 Wh); did not refill (end SOC 0.308); FLAG MJ-26x15EL: shaft power table 46.3 W vs similarity 34.6 W (25%) at 1448 rpm, 11.01 m/s; FLAG MJ-26x15EL: shaft power table 46.3 W vs similarity 36.4 W (21%) at 1479 rpm, 11.20 m/s"
4.5,0.36,1.6,0.34,0.4,0.5,0.144,1.4500000000000002,1.3,1.3,0.21885521885521889,0.9411819846763545,5.524989810471832,1.317407512686952,2,one_per_bay,True,21+21+20+10,4,72,20,21,10,A40-10L-V2-kv1100-6.7PG,20x15E,10.48582848651615,1.4472,13.992537313432836,0.6034678709848474,9.641638650929089,11.569966381114906,11.761757441284077,125.70981081947153,127.95823669243678,5.685380003348714,0.00534978832388747,0.22424067543352366,-773.4606273699376,773.4606273699376,0.25930555869945,1515.3612185534903,2912.399703132566,17.166666666666668,False,"SOC floor violated (min 0.005, unmet 773 Wh); did not refill (end SOC 0.224); FLAG 20x15E: (11.57 m/s, 1863 rpm) not on the map; used C_T(J) similarity; FLAG 20x15E: (11.76 m/s, 1895 rpm) not on the map; used C_T(J) similarity"
4.5,0.36,1.6,0.34,0.6,0.5,0.216,1.5150000000000001,1.56,1.56,0.21885521885521886,1.0562824278705356,5.560414920946679,1.577112340692757,2,one_per_bay,True,24+20+20+12,4,76,24,20,12,A40-10L-V2-kv1100-6.7PG,20x15E,10.687517177142075,1.51416,13.373751783166904,0.7014918057370865,9.516259608509088,11.419511530210906,11.60880855587626,127.23556340294016,129.54021519250858,5.516862353550353,0.0027384598135596263,0.2724510683747098,-773.9845590283692,773.9845590283692,0.350524597011289,1599.5479529175732,2950.1701928291395,16.833333333333332,False,"SOC floor violated (min 0.003, unmet 774 Wh); did not refill (end SOC 0.272); FLAG 20x15E: (11.42 m/s, 1858 rpm) not on the map; used C_T(J) similarity; FLAG 20x15E: (11.61 m/s, 1890 rpm) not on the map; used C_T(J) similarity"
5.0,0.3,1.6,0.34,0.6,0.0,0.18,0.65,1.3,1.3,0.21885521885521889,1.3606493759530587,5.145248942364888,0.9629168739009144,2,one_per_bay,True,20+18+18+10,4,66,20,18,10,A40-10L-V2-kv1100-6.7PG,20x15E,10.132924032516149,1.278,19.561815336463223,0.9138447490564701,10.08592465317247,12.103109583806964,12.303738361969263,118.77225379235404,120.92175909587782,6.116207370287813,0.0023185581992323477,0.1786438423886777,-774.1100482525374,687.4884152821462,0.3310904857441391,1389.0811170073657,2744.505875489391,17.5,False,"SOC floor violated (min 0.002, unmet 687 Wh); did not refill (end SOC 0.179); FLAG 20x15E: (12.10 m/s, 1878 rpm) not on the map; used C_T(J) similarity; FLAG 20x15E: (12.30 m/s, 1910 rpm) not on the map; used C_T(J) similarity"
4.5,0.36,1.3,0.28,1.0,1.0,0.36,2.25,1.3,1.3,0.20061728395061726,0.581349811173771,5.7549108403531175,0.9953880446013075,2,one_per_bay,True,24+24+20,3,68,20,24,0,A40-10L-V2-kv1100-6.7PG,MJ-26x15EL,10.369109949097815,1.6199999999999999,12.500000000000002,0.3731607655873904,9.062061088759503,10.874473306511403,11.05473543481295,123.30695480345243,125.9246492503741,14.063807178082378,0.00488396043104088,0.17802438178112706,-774.7084471994311,756.6297907232284,0.14659444607950314,1431.1744841894078,2856.381929187866,17.5,False,"SOC floor violated (min 0.005, unmet 757 Wh); did not refill (end SOC 0.178); FLAG MJ-26x15EL: shaft power table 45.0 W vs similarity 32.4 W (28%) at 1424 rpm, 10.87 m/s; FLAG MJ-26x15EL: shaft power table 45.0 W vs similarity 33.8 W (25%) at 1453 rpm, 11.05 m/s"
4.5,0.36,1.6,0.28,0.6,0.0,0.216,0.78,1.56,1.56,0.2006172839506173,1.1100150205393504,5.4680469726101,1.4623851563335524,2,one_per_bay,True,24+18+18+12,4,72,24,18,12,A40-10L-V2-kv1100-6.7PG,20x15E,10.431548352912783,1.4083199999999998,14.378834355828223,0.7601161947680479,9.748492620919658,11.69819114510359,11.892107739834852,125.89776000183754,128.1714562170719,5.758610886281522,0.0034929253226213455,0.2209525441746938,-774.9506642588562,774.9506642588562,0.22376897126026543,1515.3612185534903,2917.083164181523,17.166666666666668,False,"SOC floor violated (min 0.003, unmet 775 Wh); did not refill (end SOC 0.221); FLAG 20x15E: (11.70 m/s, 1873 rpm) not on the map; used C_T(J) similarity; FLAG 20x15E: (11.89 m/s, 1905 rpm) not on the map; used C_T(J) similarity"
4.5,0.3,1.6,0.34,0.6,0.5,0.18,1.4500000000000002,1.3,1.3,0.21885521885521889,1.282017729015589,5.32900110356238,1.2757267108440793,2,one_per_bay,True,20+20+20+10,4,70,20,20,10,A40-10L-V2-kv1100-6.7PG,20x15E,10.116015850016149,1.254,16.148325358851675,0.8403061092532002,10.173484677341357,12.208181612809627,12.410552131195946,125.19145677501078,127.46559423432058,6.122146649879866,0.003980514958237362,0.19631228490879915,-775.3437984708711,775.3437984708711,0.1508164844670124,1473.2678513714498,2899.376856085786,17.5,False,"SOC floor violated (min 0.004, unmet 775 Wh); did not refill (end SOC 0.196); FLAG 20x15E: (12.21 m/s, 1909 rpm) not on the map; used C_T(J) similarity; FLAG 20x15E: (12.41 m/s, 1942 rpm) not on the map; used C_T(J) similarity"
4.5,0.36,1.3,0.34,0.4,0.0,0.144,0.78,1.56,1.56,0.21885521885521886,1.108740898614948,5.38142887579994,1.2739016674882389,2,one_per_bay,True,24+16+16+12,4,68,24,16,12,A40-10L-V2-kv1100-6.7PG,20x15E,10.01706337325746,1.30248,15.547263681592039,0.7544313849698991,9.933411618176693,11.920093941812032,12.117688937260576,123.58401898136466,125.82634144405642,6.091513279369516,0.0023132472950016993,0.176078040667865,-776.5886127148424,758.8150231478395,0.15478676327264296,1431.1744841894078,2860.4046913550083,17.583333333333332,False,"SOC floor violated (min 0.002, unmet 759 Wh); did not refill (end SOC 0.176); FLAG 20x15E: (11.92 m/s, 1881 rpm) not on the map; used C_T(J) similarity; FLAG 20x15E: (12.12 m/s, 1914 rpm) not on the map; used C_T(J) similarity"
4.5,0.36,1.6,0.28,0.4,0.5,0.144,1.5150000000000001,1.56,1.56,0.2006172839506173,1.0182743736805213,5.538987859086028,1.474986130702567,2,one_per_bay,True,24+19+19+12,4,74,24,19,12,A40-10L-V2-kv1100-6.7PG,20x15E,10.541093118562783,1.46124,13.858093126385809,0.6930606707209179,9.620459194859997,11.544551033831995,11.735920793174577,126.89052778938579,129.16180368538028,5.639488969819488,8.210479194390927e-05,0.24129129023605753,-776.8786410131569,776.8786410131569,0.2521944752822141,1557.454585735531,2941.271598217207,17.0,False,"SOC floor violated (min 0.000, unmet 777 Wh); did not refill (end SOC 0.241); FLAG 20x15E: (11.54 m/s, 1866 rpm) not on the map; used C_T(J) similarity; FLAG 20x15E: (11.74 m/s, 1897 rpm) not on the map; used C_T(J) similarity"
4.5,0.3,1.3,0.34,0.4,0.5,0.12,1.5474999999999999,1.69,1.69,0.21885521885521889,1.3965127208075305,5.323103707463644,1.3289663626109933,2,one_per_bay,True,26+16+16+13,4,71,26,16,13,A40-10L-V2-kv1100-6.7PG,20x15E,9.914072888789653,1.22355,16.550202280250094,0.9751800352105351,10.195979323310205,12.235175187972246,12.43799316888591,125.77547580548391,128.0748694820246,6.252435892700373,0.0014615184652353504,0.20445235667881695,-776.9748241525988,776.9748241525988,0.3202025654517513,1494.3145349624704,2913.9407105085365,17.333333333333332,False,"SOC floor violated (min 0.001, unmet 777 Wh); did not refill (end SOC 0.204); FLAG 20x15E: (12.24 m/s, 1913 rpm) not on the map; used C_T(J) similarity; FLAG 20x15E: (12.44 m/s, 1946 rpm) not on the map; used C_T(J) similarity"
5.0,0.3,1.6,0.34,0.4,0.0,0.12,0.845,1.69,1.69,0.21885521885521889,1.9275866159335,5.094459712540989,1.1033976321748808,2,one_per_bay,True,26+14+14+13,4,67,26,14,13,A40-10L-V2-kv1100-6.7PG,20x15E,10.083362145155037,1.2021,20.796938690624742,1.3838078696154177,10.373997452785135,12.448796943342161,12.655156053208843,122.21234264396792,124.45497667670985,6.243014342312351,0.0019162459556388341,0.1701037704375165,-782.359757757359,740.8763937010395,0.11259193677293429,1410.1278005983872,2827.2995723292433,17.666666666666668,False,"SOC floor violated (min 0.002, unmet 741 Wh); did not refill (end SOC 0.170); FLAG 20x15E: (12.45 m/s, 1918 rpm) not on the map; used C_T(J) similarity; FLAG 20x15E: (12.66 m/s, 1950 rpm) not on the map; used C_T(J) similarity"
5.0,0.3,1.6,0.34,0.6,0.5,0.18,1.4335814312951325,0.73432572518053,0.0,0.16318349446466088,0.5,5.208962025852362,-0.3030670095689729,2,one_per_bay,True,26+26+10,3,62,10,26,0,A40-10L-V2-kv1100-6.7PG,20x15E,9.976832908688642,1.372029771755416,18.2211789530006,0.3081591755629522,9.658914789073622,11.590697746888345,11.782832463252308,112.18856206966647,114.19159132185311,6.069146347731365,0.00803474864027823,0.16988263025217837,-782.5733791763957,603.7880042224502,0.21128711464378705,1304.8943826432835,2585.5451798112085,17.5,False,"SOC floor violated (min 0.008, unmet 604 Wh); did not refill (end SOC 0.170); FLAG 20x15E: (11.59 m/s, 1814 rpm) not on the map; used C_T(J) similarity; FLAG 20x15E: (11.78 m/s, 1845 rpm) not on the map; used C_T(J) similarity"
4.5,0.3,1.3,0.34,0.4,0.5,0.12,1.5150000000000001,1.56,1.56,0.21885521885521886,1.2996883824067746,5.31712311049451,1.2584223647151775,2,one_per_bay,True,24+16+16+12,4,68,24,16,12,A40-10L-V2-kv1100-6.7PG,20x15E,9.85400744682669,1.2177,16.62971175166297,0.8928578973863665,10.189433588145112,12.227320305774134,12.430008079206234,124.64043635211085,126.90975133156769,6.295111658905805,0.002363626623095862,0.16906378235671302,-783.3643862434152,777.5393215890335,0.2995651541672271,1431.1744841894078,2885.7428006539076,17.666666666666668,False,"SOC floor violated (min 0.002, unmet 778 Wh); did not refill (end SOC 0.169); FLAG 20x15E: (12.23 m/s, 1909 rpm) not on the map; used C_T(J) similarity; FLAG 20x15E: (12.43 m/s, 1941 rpm) not on the map; used C_T(J) similarity"
5.0,0.3,1.6,0.34,0.4,0.5,0.12,1.42721258952334,0.7088503580933608,0.0,0.1575223016286094,0.5,5.168779828338077,-0.3888863355903749,2,one_per_bay,True,26+26+10,3,62,10,26,0,A40-10L-V2-kv1100-6.7PG,20x15E,9.85052078422303,1.3068982661142012,19.129262505131685,0.3099628173489449,9.833824603974714,11.800589524769656,11.996203539627205,112.32247549099526,114.31344914658796,6.224116621349673,0.006575948915893371,0.16764725288732857,-784.7327537108406,604.757871894034,0.19097747718797936,1304.8943826432835,2588.6807405452405,17.5,False,"SOC floor violated (min 0.007, unmet 605 Wh); did not refill (end SOC 0.168); FLAG 20x15E: (11.80 m/s, 1831 rpm) not on the map; used C_T(J) similarity; FLAG 20x15E: (12.00 m/s, 1862 rpm) not on the map; used C_T(J) similarity"
4.5,0.3,1.3,0.34,1.0,1.0,0.3,2.25,1.69,1.69,0.21885521885521889,1.1872220143825085,5.508561334757424,1.4190354474768827,2,one_per_bay,True,26+20+20+13,4,79,26,20,13,A40-10L-V2-kv1100-6.7PG,20x15E,10.202926473328114,1.3499999999999999,15.000000000000002,0.8172561827868237,9.84712038150297,11.816544457803564,12.012422951694216,128.73686423419844,131.06927057667207,5.9118844990221255,0.008045111116924275,0.3147824732914909,-788.3092560229882,788.3092560229882,0.1386578212542986,1662.6880036906352,2986.7890547988936,16.666666666666664,False,"SOC floor violated (min 0.008, unmet 788 Wh); did not refill (end SOC 0.315); FLAG 20x15E: (11.82 m/s, 1892 rpm) not on the map; used C_T(J) similarity; FLAG 20x15E: (12.01 m/s, 1924 rpm) not on the map; used C_T(J) similarity"
4.5,0.36,1.6,0.34,0.6,0.5,0.216,1.5474999999999999,1.69,1.69,0.21885521885521889,1.1378804823211122,5.564626073026688,1.661606961226377,2,one_per_bay,True,26+19+19+13,4,77,26,19,13,A40-10L-V2-kv1100-6.7PG,20x15E,10.729452806455038,1.51884,13.3325432566959,0.7682192982611374,9.52020996809206,11.424251961710471,11.613627567758257,128.12127642356967,130.44996932029431,5.491845185291986,0.008300444929251673,0.28752447805787446,-788.7344125615073,788.7344125615073,0.13430365796651006,1620.594636508594,2971.599599925538,16.833333333333332,False,"SOC floor violated (min 0.008, unmet 789 Wh); did not refill (end SOC 0.288); FLAG 20x15E: (11.42 m/s, 1861 rpm) not on the map; used C_T(J) similarity; FLAG 20x15E: (11.61 m/s, 1893 rpm) not on the map; used C_T(J) similarity"
4.5,0.36,1.6,0.28,0.6,0.0,0.216,0.845,1.69,1.69,0.2006172839506173,1.1871460370361377,5.476089570297587,1.543226138749106,2,one_per_bay,True,26+17+17+13,4,73,26,17,13,A40-10L-V2-kv1100-6.7PG,20x15E,10.479618068328831,1.4176799999999998,14.283900457084817,0.8250448847623731,9.738618972284389,11.686342766741266,11.880062955279758,126.72695710263064,129.02438972255774,5.723095311306232,0.00963766848351624,0.23663403393223975,-788.9953461762974,788.9953461762974,0.09176971461131225,1536.407902144511,2937.146093365982,17.166666666666668,False,"SOC floor violated (min 0.010, unmet 789 Wh); did not refill (end SOC 0.237); FLAG 20x15E: (11.69 m/s, 1875 rpm) not on the map; used C_T(J) similarity; FLAG 20x15E: (11.88 m/s, 1907 rpm) not on the map; used C_T(J) similarity"
4.5,0.36,1.3,0.34,1.0,1.0,0.36,2.25,1.69,1.69,0.21885521885521889,0.8244597322100753,5.7553462451421185,1.5210332642164919,2,one_per_bay,True,26+20+20+13,4,79,26,20,13,A40-10L-V2-kv1100-6.7PG,MJ-26x15EL,10.67470097042217,1.6199999999999999,12.500000000000002,0.5500762768757468,9.194626764877066,11.033552117852478,11.21645123686537,128.91966002609837,131.94858934156946,13.77322513552173,0.006244430215793963,0.3062529533206667,-789.783966991295,789.783966991295,0.3606475613598784,1662.6880036906352,2996.2839889398088,16.666666666666664,False,"SOC floor violated (min 0.006, unmet 790 Wh); did not refill (end SOC 0.306); FLAG MJ-26x15EL: shaft power table 46.5 W vs similarity 34.9 W (25%) at 1451 rpm, 11.03 m/s; FLAG MJ-26x15EL: shaft power table 46.5 W vs similarity 36.8 W (21%) at 1483 rpm, 11.22 m/s"
4.5,0.36,1.6,0.34,0.6,0.0,0.216,0.78,1.56,1.56,0.21885521885521886,1.2109254769520186,5.468099876026796,1.5169470196134385,2,one_per_bay,True,24+18+18+12,4,72,24,18,12,A40-10L-V2-kv1100-6.7PG,20x15E,10.468427645842075,1.4083199999999998,14.378834355828223,0.8140771165701618,9.765709639295295,11.718851567154354,11.913110642072517,126.49822097901226,128.78896200246345,5.741823561452797,0.008731689561941362,0.2220633710621934,-790.0663068670797,790.0663068670797,0.15800788457571238,1515.3612185534903,2931.2289103192966,17.333333333333332,False,"SOC floor violated (min 0.009, unmet 790 Wh); did not refill (end SOC 0.222); FLAG 20x15E: (11.72 m/s, 1877 rpm) not on the map; used C_T(J) similarity; FLAG 20x15E: (11.91 m/s, 1909 rpm) not on the map; used C_T(J) similarity"
4.5,0.36,1.6,0.34,0.4,0.5,0.144,1.5150000000000001,1.56,1.56,0.21885521885521886,1.1108447712878415,5.539040213680694,1.5344069146343267,2,one_per_bay,True,24+19+19+12,4,74,24,19,12,A40-10L-V2-kv1100-6.7PG,20x15E,10.577972411492075,1.46124,13.858093126385809,0.7422612967756022,9.637273672564831,11.564728407077796,11.756432639285622,127.48664998355561,129.78399371656735,5.623213216853046,0.005511167657519689,0.2424532621819123,-791.9905288936724,791.9905288936724,0.17701461727705947,1557.454585735531,2955.3781151142466,17.166666666666668,False,"SOC floor violated (min 0.006, unmet 792 Wh); did not refill (end SOC 0.242); FLAG 20x15E: (11.56 m/s, 1869 rpm) not on the map; used C_T(J) similarity; FLAG 20x15E: (11.76 m/s, 1901 rpm) not on the map; used C_T(J) similarity"
4.5,0.36,1.6,0.28,1.0,1.0,0.36,2.25,0.9056075308874147,0.0,0.20124611797498104,0.5,5.755313728612343,0.5333904920526953,2,one_per_bay,True,26+26+12+6,4,70,12,26,6,A40-10L-V2-kv1100-6.7PG,MJ-26x15EL,10.651571137554612,1.6199999999999999,12.500000000000002,0.2907692307692308,9.184659951342283,11.021591941610739,11.204292801198699,126.02907301335388,128.8933176193666,13.809703311318538,0.006483735140888052,0.18938748520686355,-792.6661280774829,792.6661280774829,0.24399539860048472,1473.2678513714495,2923.3153422595637,17.5,False,"SOC floor violated (min 0.006, unmet 793 Wh); did not refill (end SOC 0.189); FLAG MJ-26x15EL: shaft power table 45.6 W vs similarity 33.5 W (26%) at 1442 rpm, 11.02 m/s; FLAG MJ-26x15EL: shaft power table 45.5 W vs similarity 35.2 W (23%) at 1473 rpm, 11.20 m/s"
4.5,0.3,1.6,0.34,1.0,1.0,0.3,2.25,1.3,1.3,0.21885521885521889,1.1239971733798897,5.508775460186151,1.3255288435213748,2,one_per_bay,True,24+24+20+10,4,78,20,24,10,A40-10L-V2-kv1100-6.7PG,20x15E,10.349711570016149,1.3499999999999999,15.000000000000002,0.7287578650578931,9.917700570389712,11.901240684467654,12.09852315643129,129.00700528251883,131.32500502308255,5.855799342041334,0.0027940057164688482,0.29147371600016303,-792.8785320226277,792.8785320226277,0.20430783989421522,1641.6413200996142,2992.7804582544645,16.833333333333332,False,"SOC floor violated (min 0.003, unmet 793 Wh); did not refill (end SOC 0.291); FLAG 20x15E: (11.90 m/s, 1899 rpm) not on the map; used C_T(J) similarity; FLAG 20x15E: (12.10 m/s, 1932 rpm) not on the map; used C_T(J) similarity"
4.5,0.3,1.6,0.34,0.6,0.5,0.18,1.5150000000000001,1.56,1.56,0.21885521885521886,1.5210466961335716,5.335639354792013,1.4345881880079767,2,one_per_bay,True,24+18+18+12,4,72,24,18,12,A40-10L-V2-kv1100-6.7PG,20x15E,10.197129553192076,1.2618,16.048502139800284,1.039752861341853,10.182571304378827,12.219085565254593,12.421636834434004,126.97325808477879,129.27024784604268,6.065943344329546,0.004043936205621067,0.2141859854901101,-793.9067108668442,793.9067108668442,0.11790073094410994,1515.3612185534903,2942.671459109766,17.333333333333332,False,"SOC floor violated (min 0.004, unmet 794 Wh); did not refill (end SOC 0.214); FLAG 20x15E: (12.22 m/s, 1916 rpm) not on the map; used C_T(J) similarity; FLAG 20x15E: (12.42 m/s, 1949 rpm) not on the map; used C_T(J) similarity"
4.5,0.36,1.6,0.34,0.6,0.0,0.216,0.845,1.69,1.69,0.21885521885521889,1.2950684040394234,5.476145279556299,1.5942372013111297,2,one_per_bay,True,26+17+17+13,4,73,26,17,13,A40-10L-V2-kv1100-6.7PG,20x15E,10.518635941505037,1.4176799999999998,14.283900457084817,0.884619201683088,9.756731615673772,11.708077938808525,11.902158423268062,127.37081493555846,129.68669862245028,5.705471501090642,0.0033387907853950557,0.2255895650907806,-794.1477464286336,794.1477464286336,0.2710296584301469,1536.4079021445104,2952.7247636471698,17.166666666666668,False,"SOC floor violated (min 0.003, unmet 794 Wh); did not refill (end SOC 0.226); FLAG 20x15E: (11.71 m/s, 1879 rpm) not on the map; used C_T(J) similarity; FLAG 20x15E: (11.90 m/s, 1911 rpm) not on the map; used C_T(J) similarity"
4.5,0.36,1.6,0.28,0.4,0.5,0.144,1.5474999999999999,1.69,1.69,0.2006172839506173,1.0941338980685777,5.545989199995617,1.5616601989254497,2,one_per_bay,True,26+17+17+13,4,73,26,17,13,A40-10L-V2-kv1100-6.7PG,20x15E,10.569026500803831,1.46826,13.791835233541745,0.7559860313121126,9.610141067072425,11.53216928048691,11.723333792076595,127.55694412617798,129.84606419349905,5.6162564833015916,0.001520298343743733,0.22270102740360193,-795.6345496519591,795.6345496519591,0.24446872992201918,1536.4079021445104,2957.008979488294,17.166666666666668,False,"SOC floor violated (min 0.002, unmet 796 Wh); did not refill (end SOC 0.223); FLAG 20x15E: (11.53 m/s, 1867 rpm) not on the map; used C_T(J) similarity; FLAG 20x15E: (11.72 m/s, 1899 rpm) not on the map; used C_T(J) similarity"
5.0,0.3,1.3,0.34,0.4,0.0,0.12,0.78,1.56,1.56,0.21885521885521886,1.4726282842224876,5.0860444124256325,0.9298263974928657,2,one_per_bay,True,24+14+14+12,4,64,24,14,12,A40-10L-V2-kv1100-6.7PG,20x15E,9.780896134980535,1.1904,21.001344086021508,1.0404529098916178,10.267308642962009,12.32077037155441,12.525007232217922,118.61821475358363,120.78754005882458,6.415034495429024,0.007113794309280013,0.15571545659260463,-796.2588689315439,702.9707845078075,0.10931298802454018,1346.9877498253247,2740.395437243774,17.75,False,"SOC floor violated (min 0.007, unmet 703 Wh); did not refill (end SOC 0.156); FLAG 20x15E: (12.32 m/s, 1895 rpm) not on the map; used C_T(J) similarity; FLAG 20x15E: (12.53 m/s, 1927 rpm) not on the map; used C_T(J) similarity"
5.0,0.3,1.3,0.34,0.4,0.5,0.12,1.447071179713179,0.7882847188527154,0.0,0.17517438196001123,0.5,5.171398593274798,-0.38473110332588023,2,one_per_bay,True,24+24+12,3,60,12,24,0,A40-10L-V2-kv1100-6.7PG,20x15E,9.64489506707803,1.3104728123483722,19.077084060370474,0.3098638298158421,9.71736462002464,11.660837544029567,11.854134941909676,110.50503342785899,112.4676026891988,6.3158897316031695,0.009585691872684057,0.15367834082200799,-798.2267227659403,589.0779649067518,0.18292047188417962,1262.8010154612418,2544.550407590439,17.666666666666668,False,"SOC floor violated (min 0.010, unmet 589 Wh); did not refill (end SOC 0.154); FLAG 20x15E: (11.66 m/s, 1813 rpm) not on the map; used C_T(J) similarity; FLAG 20x15E: (11.85 m/s, 1844 rpm) not on the map; used C_T(J) similarity"
4.5,0.3,1.6,0.28,1.0,1.0,0.3,2.25,1.3,1.3,0.20061728395061726,1.0303307422648988,5.508452485840163,1.2664503292050917,2,one_per_bay,True,24+24+20,3,68,20,24,0,A40-10L-V2-kv1100-6.7PG,20x15E,10.129109437580684,1.3499999999999999,15.000000000000002,0.6823511142169424,9.811434308976565,11.773721170771879,11.968889798847089,126.01075801141084,128.2665149514105,5.95699377111199,0.0,0.15830059382446454,-799.2357457943447,799.2357457943447,0.12199891320028891,1431.1744841894078,2918.356673148863,17.75,False,"SOC floor violated (min 0.000, unmet 799 Wh); did not refill (end SOC 0.158); FLAG 20x15E: (11.77 m/s, 1879 rpm) not on the map; used C_T(J) similarity; FLAG 20x15E: (11.97 m/s, 1911 rpm) not on the map; used C_T(J) similarity"
4.5,0.3,1.3,0.34,0.4,0.5,0.12,1.4500000000000002,1.3,1.3,0.21885521885521889,1.1011829220713347,5.305213840856757,1.072885331795122,2,one_per_bay,True,20+18+18+10,4,66,20,18,10,A40-10L-V2-kv1100-6.7PG,20x15E,9.765876562900765,1.2060000000000002,16.7910447761194,0.7256823194055185,10.192851908725657,12.231422290470789,12.434178060988431,122.83583220742877,125.05442868225794,6.365270102596842,0.0025002379535730684,0.1524883321328327,-799.3762711596836,759.5034292503958,0.3044730579243418,1389.081117007366,2841.741317906423,17.833333333333336,False,"SOC floor violated (min 0.003, unmet 760 Wh); did not refill (end SOC 0.152); FLAG 20x15E: (12.23 m/s, 1903 rpm) not on the map; used C_T(J) similarity; FLAG 20x15E: (12.43 m/s, 1935 rpm) not on the map; used C_T(J) similarity"
5.5,0.3,1.3,0.34,0.6,0.0,0.18,0.3878193054161349,0.7756386108322698,0.0,0.1723641356264474,0.5,5.048350392345629,-0.6291314300169077,2,one_per_bay,True,24+24+10,3,58,10,24,0,A40-10L-V2-kv1100-6.7PG,MJ-21x14EL,9.619141928236031,1.366538316649936,22.13622525723082,0.3148789705667194,9.503225017267374,11.403870020720849,11.592907762859447,103.78954871955972,107.55171905280898,7.929931494430133,0.0037664075494351825,0.15055799131140987,-801.240980393178,478.73605173842776,0.11291972475737802,1220.7076482792006,2395.403276435542,17.5,False,"SOC floor violated (min 0.004, unmet 479 Wh); did not refill (end SOC 0.151); FLAG MJ-21x14EL: thrust table 1.71 N vs similarity 0.00 N (100%) at 1663 rpm, 11.40 m/s; FLAG MJ-21x14EL: thrust table 1.72 N vs similarity 0.00 N (100%) at 1715 rpm, 11.59 m/s"
4.5,0.36,1.3,0.28,0.4,0.5,0.144,1.3507978314067701,0.9031913256270812,0.0,0.20070918344207722,0.5,5.503120671720417,0.21547444703982777,2,one_per_bay,True,23+23+12+6,4,64,12,23,6,A40-10L-V2-kv1100-6.7PG,20x15E,10.048700091325394,1.4257723315838622,14.202828566258315,0.2974094929512588,9.509191731126485,11.411030077351782,11.6001865091051,119.86342145343296,121.99527125605152,5.910649279041919,0.004393499970426939,0.14544436830227642,-806.180740220001,722.6333892687456,0.17351814901023843,1346.9877498253247,2769.868521998525,17.833333333333336,False,"SOC floor violated (min 0.004, unmet 723 Wh); did not refill (end SOC 0.145); FLAG 20x15E: (11.41 m/s, 1830 rpm) not on the map; used C_T(J) similarity; FLAG 20x15E: (11.60 m/s, 1861 rpm) not on the map; used C_T(J) similarity"
4.5,0.3,1.6,0.28,1.0,1.0,0.3,2.25,1.56,1.56,0.2006172839506173,1.2363968907178786,5.508819494322485,1.4509383993713834,2,one_per_bay,True,24+22+22+12,4,80,24,22,12,A40-10L-V2-kv1100-6.7PG,20x15E,10.380158203012781,1.3499999999999999,15.000000000000002,0.8523246650906225,9.93227773215958,11.918733278591496,12.116305718828297,130.1762983104801,132.523282947857,5.837399292548445,0.008523140302805253,0.32063220273315046,-807.6609983251188,807.6609983251188,0.15750401018690732,1683.7346872816554,3021.442380125612,16.666666666666664,False,"SOC floor violated (min 0.009, unmet 808 Wh); did not refill (end SOC 0.321); FLAG 20x15E: (11.92 m/s, 1905 rpm) not on the map; used C_T(J) similarity; FLAG 20x15E: (12.12 m/s, 1937 rpm) not on the map; used C_T(J) similarity"
4.5,0.36,1.6,0.34,1.0,1.0,0.36,2.25,1.3,1.3,0.21885521885521889,0.7805535926249234,5.755547029648269,1.386771254052717,2,one_per_bay,True,24+24+20+10,4,78,20,24,10,A40-10L-V2-kv1100-6.7PG,MJ-26x15EL,10.81864086422559,1.6199999999999999,12.500000000000002,0.49051010148127433,9.256410319002306,11.107692382802767,11.291820497609393,129.52890904192012,132.65425357870618,13.653229805070051,0.008980897433816831,0.2881852601045626,-807.8281326244498,807.8281326244498,0.0935371269255801,1641.6413200996142,3011.0921195197334,16.833333333333332,False,"SOC floor violated (min 0.009, unmet 808 Wh); did not refill (end SOC 0.288); FLAG MJ-26x15EL: shaft power table 46.5 W vs similarity 35.2 W (24%) at 1458 rpm, 11.11 m/s; FLAG MJ-26x15EL: shaft power table 46.4 W vs similarity 37.2 W (20%) at 1491 rpm, 11.29 m/s"
4.5,0.3,1.6,0.34,0.6,0.5,0.18,1.5474999999999999,1.69,1.69,0.21885521885521889,1.638547894542402,5.338957330037946,1.494480699622048,2,one_per_bay,True,26+17+17+13,4,73,26,17,13,A40-10L-V2-kv1100-6.7PG,20x15E,10.237686404780037,1.2656999999999998,15.999051908035081,1.1387744045988282,10.18706961795516,12.224483541546192,12.427124290985239,127.8594211214816,130.18085658148314,6.038092761864223,0.009880288359859544,0.22882127139821595,-808.7120103239018,808.7120103239018,0.19327252222380764,1536.4079021445104,2964.295796270562,17.25,False,"SOC floor violated (min 0.010, unmet 809 Wh); did not refill (end SOC 0.229); FLAG 20x15E: (12.22 m/s, 1920 rpm) not on the map; used C_T(J) similarity; FLAG 20x15E: (12.43 m/s, 1953 rpm) not on the map; used C_T(J) similarity"
4.5,0.36,1.3,0.28,0.6,0.5,0.216,1.4500000000000002,1.3,1.3,0.20061728395061726,0.6630806396456496,5.551329568920126,1.008545250577208,2,one_per_bay,True,22+22+20,3,64,20,22,0,A40-10L-V2-kv1100-6.7PG,MJ-26x15EL,10.132261131867045,1.5048,13.456937799043063,0.43138775319799455,9.29453246569941,11.153438958839292,11.338325397743686,119.82696491782039,122.5814790999712,14.683701959449339,0.0046796132198989905,0.1421992983850743,-809.3154777600182,722.3936256821385,0.11599877376130388,1346.9877498253247,2772.833328817626,17.833333333333336,False,"SOC floor violated (min 0.005, unmet 722 Wh); did not refill (end SOC 0.142); FLAG MJ-26x15EL: shaft power table 43.0 W vs similarity 30.3 W (30%) at 1433 rpm, 11.15 m/s; FLAG MJ-26x15EL: shaft power table 42.9 W vs similarity 31.9 W (26%) at 1463 rpm, 11.34 m/s"
4.5,0.36,1.6,0.28,1.0,1.0,0.36,2.25,1.3,1.3,0.20061728395061726,0.7155074599061797,5.755238199706929,1.3019661398231688,2,one_per_bay,True,24+24+20,3,68,20,24,0,A40-10L-V2-kv1100-6.7PG,MJ-26x15EL,10.598038731790123,1.6199999999999999,12.500000000000002,0.4592747884152497,9.16155085979501,10.993861031754012,11.17610220628968,126.07840744625723,128.92288396505438,13.853559651077989,0.009827061728979276,0.1638817114649952,-810.1671052584868,810.1671052584868,0.30054499074010244,1431.1744841894078,2923.422717242759,17.833333333333336,False,"SOC floor violated (min 0.010, unmet 810 Wh); did not refill (end SOC 0.164); FLAG MJ-26x15EL: shaft power table 45.7 W vs similarity 33.6 W (26%) at 1440 rpm, 10.99 m/s; FLAG MJ-26x15EL: shaft power table 45.6 W vs similarity 35.2 W (23%) at 1471 rpm, 11.18 m/s"
4.5,0.36,1.6,0.28,0.4,0.0,0.144,0.845,1.69,1.69,0.2006172839506173,1.3282935518060268,5.395590568371661,1.4593266155792572,2,one_per_bay,True,26+15+15+13,4,69,26,15,13,A40-10L-V2-kv1100-6.7PG,20x15E,10.268801203378832,1.31652,15.381460213289582,0.9338647024267723,10.003682410001925,12.00441889200231,12.203411711010833,126.51969978262599,128.8181036598062,5.953198782106227,0.009119169552730805,0.17801018678612743,-810.4382290620931,810.4382290620931,0.29696511479554033,1452.2211677804291,2931.0293526718337,17.666666666666668,False,"SOC floor violated (min 0.009, unmet 810 Wh); did not refill (end SOC 0.178); FLAG 20x15E: (12.00 m/s, 1898 rpm) not on the map; used C_T(J) similarity; FLAG 20x15E: (12.20 m/s, 1931 rpm) not on the map; used C_T(J) similarity"
4.5,0.36,1.6,0.28,1.0,1.0,0.36,2.25,1.56,1.56,0.2006172839506173,0.8586089518874157,5.755589157823454,1.5668231147189104,2,one_per_bay,True,24+22+22+12,4,80,24,22,12,A40-10L-V2-kv1100-6.7PG,MJ-26x15EL,10.849087497222222,1.6199999999999999,12.500000000000002,0.5736800630417652,9.269426210996173,11.123311453195408,11.30769847956416,130.5841459543638,133.764278383032,13.622799608700864,0.004602986517089493,0.3073491453055022,-810.9252338514814,810.9252338514814,0.34097043147419964,1683.7346872816556,3037.340474048299,16.666666666666664,False,"SOC floor violated (min 0.005, unmet 811 Wh); did not refill (end SOC 0.307); FLAG MJ-26x15EL: shaft power table 46.8 W vs similarity 35.7 W (24%) at 1463 rpm, 11.12 m/s; FLAG MJ-26x15EL: shaft power table 46.7 W vs similarity 37.8 W (19%) at 1495 rpm, 11.31 m/s"
4.5,0.36,1.6,0.34,0.4,0.5,0.144,1.5474999999999999,1.69,1.69,0.21885521885521889,1.1936006160748123,5.546044438850388,1.6169591248974764,2,one_per_bay,True,26+17+17+13,4,73,26,17,13,A40-10L-V2-kv1100-6.7PG,20x15E,10.608044373980038,1.46826,13.791835233541745,0.8105737904132344,9.627863694328378,11.553436433194053,11.744953482520678,128.19761328606018,130.51617797816937,5.599089312898576,0.00657302695226375,0.22326808505552675,-811.2572383943713,811.2572383943713,0.1653290724999555,1536.4079021445104,2972.19981681285,17.333333333333332,False,"SOC floor violated (min 0.007, unmet 811 Wh); did not refill (end SOC 0.223); FLAG 20x15E: (11.55 m/s, 1871 rpm) not on the map; used C_T(J) similarity; FLAG 20x15E: (11.74 m/s, 1903 rpm) not on the map; used C_T(J) similarity"
4.5,0.36,1.6,0.34,0.4,0.0,0.144,0.78,1.56,1.56,0.21885521885521886,1.3646041829107052,5.381772505609819,1.431487636329841,2,one_per_bay,True,24+16+16+12,4,68,24,16,12,A40-10L-V2-kv1100-6.7PG,20x15E,10.249338114542075,1.30248,15.547263681592039,0.9285309353475681,10.047919140803286,12.057502968963943,12.257375743113494,126.26500090964979,128.55812423626512,5.984262601776174,0.00800162387174514,0.16452506373035256,-811.6916541426921,811.6916541426921,0.09769813946240427,1431.1744841894078,2924.5009490124103,17.833333333333336,False,"SOC floor violated (min 0.008, unmet 812 Wh); did not refill (end SOC 0.165); FLAG 20x15E: (12.06 m/s, 1901 rpm) not on the map; used C_T(J) similarity; FLAG 20x15E: (12.26 m/s, 1934 rpm) not on the map; used C_T(J) similarity"
4.5,0.3,1.6,0.34,1.0,1.0,0.3,2.25,1.56,1.56,0.21885521885521886,1.3487966080558675,5.508872659189833,1.499983407237262,2,one_per_bay,True,24+22+22+12,4,80,24,22,12,A40-10L-V2-kv1100-6.7PG,20x15E,10.417037495942076,1.3499999999999999,15.000000000000002,0.9128314993345669,9.949906105447505,11.939887326537006,12.13781042961488,130.79968931580842,133.16433963287076,5.820111100524533,0.002639523151120324,0.3100620882311559,-812.5457000068305,812.5457000068305,0.10408261976909472,1683.7346872816554,3036.5333125712027,16.666666666666664,False,"SOC floor violated (min 0.003, unmet 813 Wh); did not refill (end SOC 0.310); FLAG 20x15E: (11.94 m/s, 1908 rpm) not on the map; used C_T(J) similarity; FLAG 20x15E: (12.14 m/s, 1941 rpm) not on the map; used C_T(J) similarity"
5.5,0.3,1.6,0.34,0.6,0.0,0.18,0.3483344655398164,0.6966689310796328,0.0,0.15481531796011447,0.5,5.044861415527405,-0.6332891163548722,2,one_per_bay,True,24+24+10,3,58,10,24,0,A40-10L-V2-kv1100-6.7PG,20x15E,9.91766017054234,1.361800135864778,22.213244956676757,0.3149874095140314,9.666331345639438,11.599597614767326,11.791879860954595,107.6760612682597,109.66521875038038,6.137235705182847,0.005398530290360869,0.13862312527887383,-812.7700609806078,548.5869015207923,0.30608346010991616,1220.7076482792006,2476.4919415779777,17.833333333333336,False,"SOC floor violated (min 0.005, unmet 549 Wh); did not refill (end SOC 0.139); FLAG 20x15E: (11.60 m/s, 1797 rpm) not on the map; used C_T(J) similarity; FLAG 20x15E: (11.79 m/s, 1828 rpm) not on the map; used C_T(J) similarity"
6.0,0.3,1.3,0.34,0.4,0.0,0.12,0.3677616452701203,0.7355232905402406,0.0,0.16344962003527752,0.5,4.912896173864719,-0.9079194694738495,2,one_per_bay,True,23+23+10,3,56,10,23,0,A40-10L-V2-kv1100-6.7PG,MJ-21x14EL,9.521551349499367,1.3261970961486216,27.145286401656865,0.32065005589446827,9.597620503169686,11.517144603803624,11.708060056876207,101.01798269217112,104.77929701416456,8.08382583804524,0.0025043051650539376,0.13818046817921006,-813.1976677388831,442.31017287932315,0.20247002305095663,1178.6142810971592,2328.880127705055,17.5,False,"SOC floor violated (min 0.003, unmet 442 Wh); did not refill (end SOC 0.138); FLAG MJ-21x14EL: thrust table 1.60 N vs similarity 0.00 N (100%) at 1659 rpm, 11.52 m/s; FLAG MJ-21x14EL: thrust table 1.61 N vs similarity 0.00 N (100%) at 1712 rpm, 11.71 m/s"
4.5,0.3,1.6,0.34,0.4,0.5,0.12,1.4500000000000002,1.3,1.3,0.21885521885521889,1.3553020579339505,5.305567730312998,1.23882781531823,2,one_per_bay,True,20+18+18+10,4,66,20,18,10,A40-10L-V2-kv1100-6.7PG,20x15E,9.99916799001615,1.2060000000000002,16.7910447761194,0.8931474700375615,10.31387898606346,12.37665478327615,12.581818019195909,125.6399780736956,127.91161371187995,6.248808062256314,0.0064190431862183595,0.1391656267444646,-813.7490911667714,813.7490911667714,0.1512370253726883,1389.081117007366,2908.9892875978144,18.0,False,"SOC floor violated (min 0.006, unmet 814 Wh); did not refill (end SOC 0.139); FLAG 20x15E: (12.38 m/s, 1924 rpm) not on the map; used C_T(J) similarity; FLAG 20x15E: (12.58 m/s, 1957 rpm) not on the map; used C_T(J) similarity"
4.5,0.36,1.3,0.34,0.4,0.0,0.144,0.65,1.3,1.3,0.21885521885521889,0.9628539382708761,5.353717287338416,1.0584070416917264,2,one_per_bay,True,20+17+17+10,4,64,20,17,10,A40-10L-V2-kv1100-6.7PG,20x15E,9.883805548131534,1.2744,15.889830508474576,0.6296569990036094,9.975231144890936,11.970277373869122,12.168704241539256,121.6573024415749,123.8434999317686,6.204298823974161,0.006802624117787957,0.13665571618931582,-814.6705781611209,757.1833884567618,0.17348481246229613,1346.9877498253247,2812.892443538971,18.0,False,"SOC floor violated (min 0.007, unmet 757 Wh); did not refill (end SOC 0.137); FLAG 20x15E: (11.97 m/s, 1878 rpm) not on the map; used C_T(J) similarity; FLAG 20x15E: (12.17 m/s, 1910 rpm) not on the map; used C_T(J) similarity"
4.5,0.3,1.6,0.28,1.0,1.0,0.3,2.25,1.69,1.69,0.2006172839506173,1.3394299649443684,5.508841897121618,1.5185721320893495,2,one_per_bay,True,26+20+20+13,4,79,26,20,13,A40-10L-V2-kv1100-6.7PG,20x15E,10.395682585728832,1.3499999999999999,15.000000000000002,0.9381149547261937,9.939702227476504,11.927642672971805,12.125362800949206,130.82922077396,133.1943957332092,5.827702527608617,0.0,0.2910453001891829,-815.2657208673371,815.2657208673371,0.1914491045437169,1662.6880036906352,3036.8517191163455,16.833333333333332,False,"SOC floor violated (min 0.000, unmet 815 Wh); did not refill (end SOC 0.291); FLAG 20x15E: (11.93 m/s, 1908 rpm) not on the map; used C_T(J) similarity; FLAG 20x15E: (12.13 m/s, 1940 rpm) not on the map; used C_T(J) similarity"
4.5,0.36,1.6,0.34,0.4,0.0,0.144,0.845,1.69,1.69,0.21885521885521889,1.4490475110611203,5.3956474191666395,1.5049314562619123,2,one_per_bay,True,26+15+15+13,4,69,26,15,13,A40-10L-V2-kv1100-6.7PG,20x15E,10.307819076555038,1.31652,15.381460213289582,1.0012966116124953,10.022669647860882,12.027203577433058,12.226574089758092,127.17651938305673,129.49337881626946,5.9343832391399,0.002579635110384764,0.1672846001206641,-815.9132636953519,815.9132636953519,0.18441925538499976,1452.2211677804291,2946.9099082703838,17.666666666666668,False,"SOC floor violated (min 0.003, unmet 816 Wh); did not refill (end SOC 0.167); FLAG 20x15E: (12.03 m/s, 1902 rpm) not on the map; used C_T(J) similarity; FLAG 20x15E: (12.23 m/s, 1935 rpm) not on the map; used C_T(J) similarity"
5.0,0.3,1.3,0.34,0.4,0.0,0.12,0.65,1.3,1.3,0.21885521885521889,1.2746943750527984,5.069940268550221,0.7681257112185111,2,one_per_bay,True,20+16+16+10,4,62,20,16,10,A40-10L-V2-kv1100-6.7PG,20x15E,9.67181416905461,1.167,21.422450728363323,0.8645833897601186,10.311748133473987,12.374097760168784,12.579218609260744,117.27754094710255,119.47078555961477,6.5152780192793225,0.003279921944680058,0.1320203782348076,-819.1483146251759,689.666915357599,0.2518309119538588,1304.894382643284,2707.8204504055184,18.0,False,"SOC floor violated (min 0.003, unmet 690 Wh); did not refill (end SOC 0.132); FLAG 20x15E: (12.37 m/s, 1894 rpm) not on the map; used C_T(J) similarity; FLAG 20x15E: (12.58 m/s, 1927 rpm) not on the map; used C_T(J) similarity"
5.0,0.3,1.6,0.34,0.4,0.0,0.12,0.78,1.56,1.56,0.21885521885521886,1.8124655805815233,5.086395924354435,1.0489758849238198,2,one_per_bay,True,24+14+14+12,4,64,24,14,12,A40-10L-V2-kv1100-6.7PG,20x15E,10.012958153442074,1.1904,21.001344086021508,1.2805574275589142,10.388395955155572,12.466075146186686,12.672720670441468,121.31241782432632,123.52824104876103,6.298323861634145,0.0,0.13169505052432848,-819.4625811934986,744.2311910236203,0.22602795963022496,1346.9877498253247,2804.792967130444,18.0,False,"SOC floor violated (min 0.000, unmet 744 Wh); did not refill (end SOC 0.132); FLAG 20x15E: (12.47 m/s, 1916 rpm) not on the map; used C_T(J) similarity; FLAG 20x15E: (12.67 m/s, 1949 rpm) not on the map; used C_T(J) similarity"
4.5,0.36,1.6,0.28,0.6,0.5,0.216,1.4500000000000002,1.3,1.3,0.20061728395061726,0.8160992487946456,5.55169608043523,1.277603479698543,2,one_per_bay,True,22+22+20,3,64,20,22,0,A40-10L-V2-kv1100-6.7PG,20x15E,10.383043786080684,1.5048,13.456937799043063,0.5309387731667625,9.408853457312592,11.29062414877511,11.47778465591364,122.66323432602859,124.85136640977214,5.657708811101317,0.007137765965006086,0.13088302917332617,-820.2469938185669,775.5460451139855,0.30479009487110764,1346.987749825325,2836.681727646504,18.166666666666664,False,"SOC floor violated (min 0.007, unmet 776 Wh); did not refill (end SOC 0.131); FLAG 20x15E: (11.29 m/s, 1832 rpm) not on the map; used C_T(J) similarity; FLAG 20x15E: (11.48 m/s, 1863 rpm) not on the map; used C_T(J) similarity"
4.5,0.3,1.3,0.34,0.6,0.0,0.18,0.845,1.69,1.69,0.21885521885521889,1.5152300327261254,5.267725166409365,1.3114359114943999,2,one_per_bay,True,26+13+13+13,4,65,26,13,13,A40-10L-V2-kv1100-6.7PG,20x15E,9.791121693943499,1.1814,17.140680548501777,1.0630901289767978,10.311729072403272,12.374074886883927,12.579195356813887,125.12770794194643,127.40360827942004,6.383978683598765,0.007574810311924456,0.12983481372859018,-821.2595699381818,813.1341948281218,0.2093125618542698,1368.0344334163456,2896.341075908655,18.166666666666664,False,"SOC floor violated (min 0.008, unmet 813 Wh); did not refill (end SOC 0.130); FLAG 20x15E: (12.37 m/s, 1922 rpm) not on the map; used C_T(J) similarity; FLAG 20x15E: (12.58 m/s, 1955 rpm) not on the map; used C_T(J) similarity"
4.5,0.4,1.6,0.28,0.4,0.0,0.16000000000000003,0.3908048928230273,0.7816097856460545,0.0,0.17369106342916554,0.5,5.421892683796867,0.09828701847028043,2,one_per_bay,True,22+22+18,3,62,18,22,0,A40-10L-V2-kv1100-6.7PG,20x15E,9.978965330106979,1.3537931742775267,14.9579717084973,0.2998703188534767,9.724792642625273,11.669751171150327,11.863196326935617,118.73877141606808,120.84874388556548,6.055383961681444,0.008374406858935935,0.1290672328570998,-822.0010530600415,721.032644301689,0.0846253795031752,1304.894382643284,2742.214517763498,18.083333333333332,False,"SOC floor violated (min 0.008, unmet 721 Wh); did not refill (end SOC 0.129); FLAG 20x15E: (11.67 m/s, 1845 rpm) not on the map; used C_T(J) similarity; FLAG 20x15E: (11.86 m/s, 1876 rpm) not on the map; used C_T(J) similarity"
4.5,0.4,1.6,0.34,0.4,0.0,0.16000000000000003,0.3908048928230273,0.7816097856460545,0.0,0.17369106342916554,0.5,5.421892683796867,0.09828701847028043,2,one_per_bay,True,22+22+18,3,62,18,22,0,A40-10L-V2-kv1100-6.7PG,20x15E,9.978965330106979,1.3537931742775267,14.9579717084973,0.2998703188534767,9.724792642625273,11.669751171150327,11.863196326935617,118.73877141606808,120.84874388556548,6.055383961681444,0.008374406858935935,0.1290672328570998,-822.0010530600415,721.032644301689,0.0846253795031752,1304.894382643284,2742.214517763498,18.083333333333332,False,"SOC floor violated (min 0.008, unmet 721 Wh); did not refill (end SOC 0.129); FLAG 20x15E: (11.67 m/s, 1845 rpm) not on the map; used C_T(J) similarity; FLAG 20x15E: (11.86 m/s, 1876 rpm) not on the map; used C_T(J) similarity"
4.5,0.36,1.3,0.34,0.6,0.5,0.216,1.3582788216710497,0.9331152866841987,0.0,0.20735895247435593,0.5,5.539540120234218,0.3220944956855609,2,one_per_bay,True,24+24+14,3,62,14,24,0,A40-10L-V2-kv1100-6.7PG,MJ-26x15EL,10.036205019391977,1.491592150320631,13.576097189601784,0.29515924277757216,9.291235555803668,11.149482666964401,11.334303523879354,118.10230300116575,120.77549914562755,14.831714919978339,0.0045988021377924865,0.12571254768067425,-825.2416789404687,706.0868309423843,0.09072910783133636,1304.894382643284,2730.494448894744,18.0,False,"SOC floor violated (min 0.005, unmet 706 Wh); did not refill (end SOC 0.126); FLAG MJ-26x15EL: thrust table 2.17 N vs similarity 1.83 N (16%) at 1427 rpm, 11.15 m/s; FLAG MJ-26x15EL: shaft power table 42.4 W vs similarity 29.5 W (31%) at 1427 rpm, 11.15 m/s; FLAG MJ-26x15EL: shaft power table 42.3 W vs similarity 31.0 W (27%) at 1457 rpm, 11.33 m/s"
6.0,0.3,1.6,0.34,0.4,0.0,0.12,0.3297497516853135,0.659499503370627,0.0,0.14655544515427185,0.5,4.908902784581645,-0.9132393748135597,2,one_per_bay,True,23+23+10,3,56,10,23,0,A40-10L-V2-kv1100-6.7PG,20x15E,9.817710901999005,1.3193549553033563,27.28606115836553,0.3207816355013365,9.770978247652195,11.725173897182634,11.919537775030982,104.91089683928121,106.85409941568813,6.265095560011334,0.0017601820454854686,0.12454793908594669,-826.3666908429755,510.1578800044693,0.1352234934400324,1178.6142810971592,2409.8446066972638,17.833333333333336,False,"SOC floor violated (min 0.002, unmet 510 Wh); did not refill (end SOC 0.125); FLAG 20x15E: (11.73 m/s, 1796 rpm) not on the map; used C_T(J) similarity; FLAG 20x15E: (11.92 m/s, 1827 rpm) not on the map; used C_T(J) similarity"
5.0,0.36,1.3,0.34,0.4,0.0,0.144,0.4097021380205588,0.8194042760411177,0.0,0.18208983908605936,0.5,5.193922261372433,-0.3326365749501963,2,one_per_bay,True,23+23+12,3,58,12,23,0,A40-10L-V2-kv1100-6.7PG,20x15E,9.723326150407141,1.3484956618124406,18.53917717940512,0.30881088938303464,9.618257569439963,11.541909083327957,11.733235048032645,110.17379841282496,112.13901968349882,6.221838251885204,0.005638943428487756,0.12388360752597884,-827.0084351299045,593.7400237144873,0.17291263290503758,1220.7076482792004,2535.9624895318307,18.0,False,"SOC floor violated (min 0.006, unmet 594 Wh); did not refill (end SOC 0.124); FLAG 20x15E: (11.54 m/s, 1803 rpm) not on the map; used C_T(J) similarity; FLAG 20x15E: (11.73 m/s, 1833 rpm) not on the map; used C_T(J) similarity"
4.5,0.36,1.6,0.34,1.0,1.0,0.36,2.25,1.56,1.56,0.21885521885521886,0.9366643111499081,5.755640028644295,1.6372364641970099,2,one_per_bay,True,24+22+22+12,4,80,24,22,12,A40-10L-V2-kv1100-6.7PG,MJ-26x15EL,10.885966790151514,1.6199999999999999,12.500000000000002,0.6144058168598048,9.285167620807568,11.142201144969082,11.326901298782824,131.30195630807998,134.55200812113316,13.589253488932862,0.009238670326354106,0.30630953020208257,-827.5014187560635,827.5014187560635,0.22123856271011277,1683.7346872816556,3055.0806646896444,16.666666666666664,False,"SOC floor violated (min 0.009, unmet 828 Wh); did not refill (end SOC 0.306); FLAG MJ-26x15EL: shaft power table 47.0 W vs similarity 36.1 W (23%) at 1466 rpm, 11.14 m/s; FLAG MJ-26x15EL: shaft power table 46.9 W vs similarity 38.2 W (19%) at 1499 rpm, 11.33 m/s"
4.5,0.36,1.6,0.28,1.0,1.0,0.36,2.25,1.69,1.69,0.2006172839506173,0.9301596978780335,5.755610593000046,1.6639258791115397,2,one_per_bay,True,26+20+20+13,4,79,26,20,13,A40-10L-V2-kv1100-6.7PG,MJ-26x15EL,10.864611879938272,1.6199999999999999,12.500000000000002,0.6314235272195535,9.27605583206353,11.131266998476237,11.315785900981302,131.1894416959747,134.40739929401684,13.606918542155494,0.007581504633615534,0.2899822753616743,-829.1209885278503,829.1209885278503,0.09036547447641397,1662.6880036906352,3051.6086301560263,16.833333333333332,False,"SOC floor violated (min 0.008, unmet 829 Wh); did not refill (end SOC 0.290); FLAG MJ-26x15EL: shaft power table 47.0 W vs similarity 36.0 W (23%) at 1465 rpm, 11.13 m/s; FLAG MJ-26x15EL: shaft power table 46.9 W vs similarity 38.1 W (19%) at 1498 rpm, 11.32 m/s"
4.5,0.36,1.6,0.34,1.0,1.0,0.36,2.25,0.9056075308874147,0.0,0.20124611797498104,0.5,5.755092558081043,0.5329843704299697,2,one_per_bay,True,26+26+12,3,64,12,26,0,A40-10L-V2-kv1100-6.7PG,MJ-26x15EL,10.495571137554613,1.6199999999999999,12.500000000000002,0.2907692307692308,9.117153860900133,10.94058463308016,11.121942664428799,123.74268047576209,126.43272097396738,13.953521872270025,0.006591767598062523,0.12135340258458081,-829.4526131032949,794.9851795127415,0.09434497967102354,1346.987749825325,2865.5162343244715,18.166666666666664,False,"SOC floor violated (min 0.007, unmet 795 Wh); did not refill (end SOC 0.121); FLAG MJ-26x15EL: shaft power table 45.0 W vs similarity 32.5 W (28%) at 1430 rpm, 10.94 m/s; FLAG MJ-26x15EL: shaft power table 44.9 W vs similarity 34.0 W (24%) at 1459 rpm, 11.12 m/s"
4.5,0.36,1.6,0.28,0.6,0.5,0.216,1.334833955011557,0.8393358200462289,0.0,0.186519071053231,0.5,5.536865878171101,0.31711292277031866,2,one_per_bay,True,25+25+12,3,62,12,25,0,A40-10L-V2-kv1100-6.7PG,20x15E,10.235024808588463,1.4882160895216643,13.606894954689452,0.2952746636392945,9.393451666675324,11.272142000010389,11.45899613539389,119.88790497756932,122.00548164850272,5.749521923646912,0.006555407227417003,0.12044056139286884,-830.3344176944887,740.232696446409,0.1310814319753201,1304.8943826432837,2769.6622500421067,18.166666666666664,False,"SOC floor violated (min 0.007, unmet 740 Wh); did not refill (end SOC 0.120); FLAG 20x15E: (11.27 m/s, 1820 rpm) not on the map; used C_T(J) similarity; FLAG 20x15E: (11.46 m/s, 1851 rpm) not on the map; used C_T(J) similarity"
4.5,0.36,1.6,0.34,0.6,0.5,0.216,1.334833955011557,0.8393358200462289,0.0,0.186519071053231,0.5,5.536865878171101,0.31711292277031866,2,one_per_bay,True,25+25+12,3,62,12,25,0,A40-10L-V2-kv1100-6.7PG,20x15E,10.235024808588463,1.4882160895216643,13.606894954689452,0.2952746636392945,9.393451666675324,11.272142000010389,11.45899613539389,119.88790497756932,122.00548164850272,5.749521923646912,0.006555407227417003,0.12044056139286884,-830.3344176944887,740.232696446409,0.1310814319753201,1304.8943826432837,2769.6622500421067,18.166666666666664,False,"SOC floor violated (min 0.007, unmet 740 Wh); did not refill (end SOC 0.120); FLAG 20x15E: (11.27 m/s, 1820 rpm) not on the map; used C_T(J) similarity; FLAG 20x15E: (11.46 m/s, 1851 rpm) not on the map; used C_T(J) similarity"
4.5,0.3,1.6,0.34,1.0,1.0,0.3,2.25,1.69,1.69,0.21885521885521889,1.4611963253938565,5.5088980553393725,1.563844701315141,2,one_per_bay,True,26+20+20+13,4,79,26,20,13,A40-10L-V2-kv1100-6.7PG,20x15E,10.434700458905038,1.3499999999999999,15.000000000000002,1.0058537634299367,9.95833798392804,11.950005580713647,12.148096410354562,131.49901369456006,133.88323588523022,5.809404743017162,0.004732820741324398,0.29086966824062516,-831.528086565919,831.528086565919,0.13404575854196565,1662.6880036906352,3053.063254369243,16.833333333333332,False,"SOC floor violated (min 0.005, unmet 832 Wh); did not refill (end SOC 0.291); FLAG 20x15E: (11.95 m/s, 1912 rpm) not on the map; used C_T(J) similarity; FLAG 20x15E: (12.15 m/s, 1944 rpm) not on the map; used C_T(J) similarity"
4.5,0.3,1.6,0.34,0.4,0.5,0.12,1.5474999999999999,1.69,1.69,0.21885521885521889,1.7187848871477298,5.323452094786052,1.4521730277538392,2,one_per_bay,True,26+16+16+13,4,71,26,16,13,A40-10L-V2-kv1100-6.7PG,20x15E,10.147179377717539,1.22355,16.550202280250094,1.2002215817975814,10.315150319024664,12.378180382829596,12.583368908049783,128.62409140961944,130.97791507045133,6.139250742807226,0.006694515753398125,0.19065857105647974,-831.8705919662698,831.8705919662698,0.20693699011247918,1494.3145349624704,2982.2780476262537,17.5,False,"SOC floor violated (min 0.007, unmet 832 Wh); did not refill (end SOC 0.191); FLAG 20x15E: (12.38 m/s, 1934 rpm) not on the map; used C_T(J) similarity; FLAG 20x15E: (12.58 m/s, 1967 rpm) not on the map; used C_T(J) similarity"
5.0,0.3,1.6,0.34,0.4,0.0,0.12,0.65,1.3,1.3,0.21885521885521889,1.568854615449598,5.070296113010668,0.9118627845600182,2,one_per_bay,True,20+16+16+10,4,62,20,16,10,A40-10L-V2-kv1100-6.7PG,20x15E,9.90415017001615,1.167,21.422450728363323,1.0641026335509152,10.43486736657232,12.521840839886783,12.729410771453,119.97076232879533,122.1571040554113,6.394562903776559,0.005661487626767988,0.11868487225704219,-832.0304133996973,740.9220000153299,0.11844623139960575,1304.8943826432837,2772.0519559630243,18.166666666666664,False,"SOC floor violated (min 0.006, unmet 741 Wh); did not refill (end SOC 0.119); FLAG 20x15E: (12.52 m/s, 1915 rpm) not on the map; used C_T(J) similarity; FLAG 20x15E: (12.73 m/s, 1948 rpm) not on the map; used C_T(J) similarity"
4.5,0.3,1.6,0.34,0.4,0.5,0.12,1.5150000000000001,1.56,1.56,0.21885521885521886,1.5996164706544918,5.31747368840234,1.3930925420474747,2,one_per_bay,True,24+16+16+12,4,68,24,16,12,A40-10L-V2-kv1100-6.7PG,20x15E,10.087175581817075,1.2177,16.62971175166297,1.0989020275524508,10.309281304692332,12.371137565630798,12.576209344671033,127.47420114158841,129.79742415933777,6.180663502634681,0.006943184592257755,0.15572922886661075,-832.4944478309027,832.4944478309027,0.1603651458198551,1431.1744841894078,2953.7073693409257,17.833333333333336,False,"SOC floor violated (min 0.007, unmet 832 Wh); did not refill (end SOC 0.156); FLAG 20x15E: (12.37 m/s, 1930 rpm) not on the map; used C_T(J) similarity; FLAG 20x15E: (12.58 m/s, 1963 rpm) not on the map; used C_T(J) similarity"
4.5,0.36,1.6,0.34,1.0,1.0,0.36,2.25,1.69,1.69,0.21885521885521889,1.0147196704124004,5.755664331703028,1.7289231704117403,2,one_per_bay,True,26+20+20+13,4,79,26,20,13,A40-10L-V2-kv1100-6.7PG,MJ-26x15EL,10.903629753114478,1.6199999999999999,12.500000000000002,0.6770169561547653,9.292697365436762,11.151236838524115,11.336086773693236,131.96116753132486,135.25477068772366,13.571456567979883,0.00029239733772831386,0.2763901310468125,-835.3010990071812,835.3010990071812,0.2641734362380059,1662.6880036906352,3070.6721767059794,16.833333333333332,False,"SOC floor violated (min 0.000, unmet 835 Wh); did not refill (end SOC 0.276); FLAG MJ-26x15EL: shaft power table 47.2 W vs similarity 36.4 W (23%) at 1469 rpm, 11.15 m/s; FLAG MJ-26x15EL: shaft power table 47.1 W vs similarity 38.6 W (18%) at 1502 rpm, 11.34 m/s"
4.5,0.3,1.3,0.34,0.6,0.0,0.18,0.78,1.56,1.56,0.21885521885521886,1.4167828080338614,5.261107570141057,1.2455231244084402,2,one_per_bay,True,24+14+14+12,4,64,24,14,12,A40-10L-V2-kv1100-6.7PG,20x15E,9.743588758980536,1.1736,17.254601226993866,0.9781180431633821,10.320795560864314,12.384954673037177,12.590255493164536,124.30687656914162,126.55855405960894,6.424512406781077,0.0010022636231532718,0.11505764548908344,-835.5343144575453,799.7548021462928,0.08385888920089357,1346.987749825325,2876.312183229593,18.25,False,"SOC floor violated (min 0.001, unmet 800 Wh); did not refill (end SOC 0.115); FLAG 20x15E: (12.38 m/s, 1920 rpm) not on the map; used C_T(J) similarity; FLAG 20x15E: (12.59 m/s, 1953 rpm) not on the map; used C_T(J) similarity"
4.5,0.36,1.6,0.34,0.4,0.0,0.144,0.65,1.3,1.3,0.21885521885521889,1.1850510009487705,5.354065935194236,1.2479008146039274,2,one_per_bay,True,20+17+17+10,4,64,20,17,10,A40-10L-V2-kv1100-6.7PG,20x15E,10.11637619051615,1.2744,15.889830508474576,0.7749624603121346,10.091909725212531,12.110291670255037,12.3110395032122,124.3313518374333,126.56763593153718,6.0936694718527065,0.0007493333769206263,0.11451968079091088,-836.0539883559801,799.9623159664011,0.30929126432030307,1346.987749825325,2876.811077639492,18.25,False,"SOC floor violated (min 0.001, unmet 800 Wh); did not refill (end SOC 0.115); FLAG 20x15E: (12.11 m/s, 1899 rpm) not on the map; used C_T(J) similarity; FLAG 20x15E: (12.31 m/s, 1931 rpm) not on the map; used C_T(J) similarity"
4.5,0.36,1.3,0.28,0.4,0.5,0.144,1.4500000000000002,1.3,1.3,0.20061728395061726,0.7009844990037432,5.524330260158219,0.9925069909830353,2,one_per_bay,True,21+21+20,3,62,20,21,0,A40-10L-V2-kv1100-6.7PG,20x15E,10.034476641542222,1.4472,13.992537313432836,0.45909458758148547,9.431848999342069,11.318218799210483,11.505836732679189,120.38025797256168,122.51426615153349,5.879518803076604,0.0014958964391320363,0.11249132902537609,-838.0133761614867,744.298769646859,0.0886827233894228,1304.8943826432837,2781.3967383705685,18.25,False,"SOC floor violated (min 0.001, unmet 744 Wh); did not refill (end SOC 0.112); FLAG 20x15E: (11.32 m/s, 1825 rpm) not on the map; used C_T(J) similarity; FLAG 20x15E: (11.51 m/s, 1856 rpm) not on the map; used C_T(J) similarity"
4.5,0.4,1.3,0.28,0.4,0.0,0.16000000000000003,0.4370924833503401,0.8741849667006802,0.0,0.1942633258237398,0.5,5.432325421840086,0.11601619106356598,2,one_per_bay,True,21+21+18,3,60,18,21,0,A40-10L-V2-kv1100-6.7PG,20x15E,9.794362563728933,1.3649021960040817,14.836227869868152,0.29949052326559433,9.595134680120156,11.514161616144186,11.70502762133189,117.07019123686595,119.15458094915843,6.12175754836722,0.007489245449442069,0.11141894912120123,-839.0492951489197,705.3833325890481,0.20705684974323188,1262.801015461242,2701.496131387767,18.333333333333332,False,"SOC floor violated (min 0.007, unmet 705 Wh); did not refill (end SOC 0.111); FLAG 20x15E: (11.51 m/s, 1827 rpm) not on the map; used C_T(J) similarity; FLAG 20x15E: (11.71 m/s, 1858 rpm) not on the map; used C_T(J) similarity"
4.5,0.4,1.3,0.34,0.4,0.0,0.16000000000000003,0.4370924833503401,0.8741849667006802,0.0,0.1942633258237398,0.5,5.432325421840086,0.11601619106356598,2,one_per_bay,True,21+21+18,3,60,18,21,0,A40-10L-V2-kv1100-6.7PG,20x15E,9.794362563728933,1.3649021960040817,14.836227869868152,0.29949052326559433,9.595134680120156,11.514161616144186,11.70502762133189,117.07019123686595,119.15458094915843,6.12175754836722,0.007489245449442069,0.11141894912120123,-839.0492951489197,705.3833325890481,0.20705684974323188,1262.801015461242,2701.496131387767,18.333333333333332,False,"SOC floor violated (min 0.007, unmet 705 Wh); did not refill (end SOC 0.111); FLAG 20x15E: (11.51 m/s, 1827 rpm) not on the map; used C_T(J) similarity; FLAG 20x15E: (11.71 m/s, 1858 rpm) not on the map; used C_T(J) similarity"
4.5,0.3,1.3,0.34,0.6,0.0,0.18,0.65,1.3,1.3,0.21885521885521889,1.212037357010486,5.247862078915875,1.0749804598930646,2,one_per_bay,True,20+16+16+10,4,62,20,16,10,A40-10L-V2-kv1100-6.7PG,20x15E,9.648522889054611,1.158,17.487046632124354,0.8030342823405092,10.339270294549063,12.407124353458876,12.612792672191818,122.68406118559186,124.91170409282452,6.506781524036665,0.009051042250728296,0.10649529780748825,-843.8055423179663,793.8688619171163,0.1893990406961592,1304.8943826432835,2836.6695044439766,18.5,False,"SOC floor violated (min 0.009, unmet 794 Wh); did not refill (end SOC 0.106); FLAG 20x15E: (12.41 m/s, 1916 rpm) not on the map; used C_T(J) similarity; FLAG 20x15E: (12.61 m/s, 1949 rpm) not on the map; used C_T(J) similarity"
4.5,0.36,1.6,0.28,0.4,0.5,0.144,1.4500000000000002,1.3,1.3,0.20061728395061726,0.8627501526199914,5.52467107355927,1.247004474579446,2,one_per_bay,True,21+21+20,3,62,20,21,0,A40-10L-V2-kv1100-6.7PG,20x15E,10.265226354080683,1.4472,13.992537313432836,0.5650394924079819,9.539678556059348,11.447614267271218,11.637377141631106,122.8399551572698,125.0184051326762,5.781149434149369,0.007423014871034323,0.10429718633517474,-845.9289180002212,795.2158435940057,0.17161553405421395,1304.8943826432835,2840.140398639201,18.5,False,"SOC floor violated (min 0.007, unmet 795 Wh); did not refill (end SOC 0.104); FLAG 20x15E: (11.45 m/s, 1844 rpm) not on the map; used C_T(J) similarity; FLAG 20x15E: (11.64 m/s, 1875 rpm) not on the map; used C_T(J) similarity"
4.0,0.4,1.3,0.28,0.4,0.5,0.16000000000000003,1.2378385233258826,0.95135409330353,0.0,0.21141202065549464,0.5,5.837401885632136,0.8186961768503203,2,one_per_bay,True,26+26+21+7,4,80,21,26,7,A40-10L-V2-kv1100-6.7PG,20x15E,10.185082412178117,1.417081245598212,11.290813458790572,0.28483783075190194,9.60281697521559,11.523380370258709,11.714399191329088,132.51620380932718,134.86049004650778,5.7947223566760115,0.009674773382240985,0.3045461540083557,-847.9120976344079,847.9120976344079,0.19553173559556095,1683.7346872816556,3077.189609456972,16.833333333333332,False,"SOC floor violated (min 0.010, unmet 848 Wh); did not refill (end SOC 0.305); FLAG 20x15E: (11.52 m/s, 1884 rpm) not on the map; used C_T(J) similarity; FLAG 20x15E: (11.71 m/s, 1916 rpm) not on the map; used C_T(J) similarity"
4.0,0.4,1.3,0.34,0.4,0.5,0.16000000000000003,1.2378385233258826,0.95135409330353,0.0,0.21141202065549464,0.5,5.8371585442528335,0.8182493442852015,2,one_per_bay,True,26+26+21,3,73,21,26,0,A40-10L-V2-kv1100-6.7PG,20x15E,10.021082412178115,1.417081245598212,11.290813458790572,0.28483783075190194,9.525191037652604,11.430229245183124,11.619703934451762,130.22993605470828,132.53076361037597,5.869470522275957,0.009556402453269908,0.21271706266395765,-849.5580522527462,849.5580522527462,0.1904168652049852,1536.4079021445107,3020.665580054465,17.416666666666664,False,"SOC floor violated (min 0.010, unmet 850 Wh); did not refill (end SOC 0.213); FLAG 20x15E: (11.43 m/s, 1869 rpm) not on the map; used C_T(J) similarity; FLAG 20x15E: (11.62 m/s, 1901 rpm) not on the map; used C_T(J) similarity"
4.5,0.3,1.6,0.34,0.6,0.0,0.18,0.78,1.56,1.56,0.21885521885521886,1.7437326868109064,5.261462772583742,1.3691833205954644,2,one_per_bay,True,24+14+14+12,4,64,24,14,12,A40-10L-V2-kv1100-6.7PG,20x15E,9.977221610442076,1.1736,17.254601226993866,1.2038375915857014,10.44379917023771,12.532559004285252,12.740306606904726,127.21259906913441,129.51934316826924,6.303742272986266,0.004026746017600528,0.10152264602476829,-856.2298466582886,856.2298466582886,0.11892354811800723,1346.9877498253247,2945.789470204483,18.5,False,"SOC floor violated (min 0.004, unmet 856 Wh); did not refill (end SOC 0.102); FLAG 20x15E: (12.53 m/s, 1941 rpm) not on the map; used C_T(J) similarity; FLAG 20x15E: (12.74 m/s, 1975 rpm) not on the map; used C_T(J) similarity"
4.5,0.36,1.3,0.28,0.6,0.0,0.216,0.65,1.3,1.3,0.20061728395061726,0.7715515582821382,5.451446701057318,1.021710168086487,2,one_per_bay,True,20+20+20,3,60,20,20,0,A40-10L-V2-kv1100-6.7PG,20x15E,9.916052232926836,1.3896,14.572538860103627,0.5086650175258709,9.568376442530885,11.482051731037062,11.672385462516809,119.42432751342702,121.54905219615095,6.019238488151038,0.0027730455345709466,0.09351595113075999,-856.3435912076859,744.4492634774268,0.10110182836909112,1262.801015461242,2757.8698460772466,18.5,False,"SOC floor violated (min 0.003, unmet 744 Wh); did not refill (end SOC 0.094); FLAG 20x15E: (11.48 m/s, 1833 rpm) not on the map; used C_T(J) similarity; FLAG 20x15E: (11.67 m/s, 1865 rpm) not on the map; used C_T(J) similarity"
4.5,0.36,1.6,0.28,0.4,0.5,0.144,1.3279157997136048,0.8116631988544195,0.0,0.18036959972990377,0.5,5.498283045515929,0.207513090913237,2,one_per_bay,True,24+24+12,3,60,12,24,0,A40-10L-V2-kv1100-6.7PG,20x15E,10.086968805417111,1.4208298127381387,14.252234728222238,0.2975784679484564,9.54383805285391,11.452605663424693,11.642451278315404,119.56876245251563,121.68669477944638,5.905494786454532,0.001211552466480097,0.09121915671696439,-858.5622946114124,745.6643581851066,0.08963161309447187,1262.801015461242,2761.2989266585105,18.5,False,"SOC floor violated (min 0.001, unmet 746 Wh); did not refill (end SOC 0.091); FLAG 20x15E: (11.45 m/s, 1832 rpm) not on the map; used C_T(J) similarity; FLAG 20x15E: (11.64 m/s, 1863 rpm) not on the map; used C_T(J) similarity"
4.5,0.36,1.6,0.34,0.4,0.5,0.144,1.3279157997136048,0.8116631988544195,0.0,0.18036959972990377,0.5,5.498283045515929,0.207513090913237,2,one_per_bay,True,24+24+12,3,60,12,24,0,A40-10L-V2-kv1100-6.7PG,20x15E,10.086968805417111,1.4208298127381387,14.252234728222238,0.2975784679484564,9.54383805285391,11.452605663424693,11.642451278315404,119.56876245251563,121.68669477944638,5.905494786454532,0.001211552466480097,0.09121915671696439,-858.5622946114124,745.6643581851066,0.08963161309447187,1262.801015461242,2761.2989266585105,18.5,False,"SOC floor violated (min 0.001, unmet 746 Wh); did not refill (end SOC 0.091); FLAG 20x15E: (11.45 m/s, 1832 rpm) not on the map; used C_T(J) similarity; FLAG 20x15E: (11.64 m/s, 1863 rpm) not on the map; used C_T(J) similarity"
4.5,0.3,1.6,0.34,0.6,0.0,0.18,0.845,1.69,1.69,0.21885521885521889,1.8648985018167699,5.2680785417138996,1.4250961889211358,2,one_per_bay,True,26+13+13+13,4,65,26,13,13,A40-10L-V2-kv1100-6.7PG,20x15E,10.024672350655038,1.1814,17.140680548501777,1.308418620279136,10.43398872750383,12.520786473004597,12.728338926720362,128.04085917875983,130.37221932841686,6.264702092944919,0.0002011409190838028,0.10546663352801121,-859.4634547610613,859.4634547610613,0.29583009017002837,1368.0344334163456,2965.9973811258283,18.416666666666668,False,"SOC floor violated (min 0.000, unmet 859 Wh); did not refill (end SOC 0.105); FLAG 20x15E: (12.52 m/s, 1943 rpm) not on the map; used C_T(J) similarity; FLAG 20x15E: (12.73 m/s, 1977 rpm) not on the map; used C_T(J) similarity"
5.0,0.36,1.6,0.34,0.4,0.0,0.144,0.3667479449487575,0.733495889897515,0.0,0.1629990866292552,0.5,5.187839272053557,-0.34457633478193106,2,one_per_bay,True,23+23+10,3,56,10,23,0,A40-10L-V2-kv1100-6.7PG,20x15E,9.882607901350056,1.3392175561089317,18.66761668853638,0.3090678215316769,9.730249319978729,11.676299183974473,11.869852883750314,111.54550035098202,113.52909696772646,6.162971299575725,0.000971265542631097,0.08522531084832546,-864.3523497205176,630.4480025488863,0.08741879664568586,1178.6142810971596,2568.0017898156675,18.5,False,"SOC floor violated (min 0.001, unmet 630 Wh); did not refill (end SOC 0.085); FLAG 20x15E: (11.68 m/s, 1818 rpm) not on the map; used C_T(J) similarity; FLAG 20x15E: (11.87 m/s, 1849 rpm) not on the map; used C_T(J) similarity"
4.5,0.36,1.6,0.28,0.6,0.0,0.216,0.65,1.3,1.3,0.20061728395061726,0.9496019178857085,5.451792434927398,1.2531833694851189,2,one_per_bay,True,20+20+20,3,60,20,20,0,A40-10L-V2-kv1100-6.7PG,20x15E,10.147408922080682,1.3896,14.572538860103627,0.6260492523395333,9.679355288451434,11.615226346141721,11.807767664037643,121.94158355095892,124.12042831909879,5.91483751495032,0.007606240257044483,0.08471967841109426,-864.8407906548829,796.0051825022491,0.14733024590965607,1262.8010154612423,2817.8553698584137,18.833333333333332,False,"SOC floor violated (min 0.008, unmet 796 Wh); did not refill (end SOC 0.085); FLAG 20x15E: (11.62 m/s, 1853 rpm) not on the map; used C_T(J) similarity; FLAG 20x15E: (11.81 m/s, 1884 rpm) not on the map; used C_T(J) similarity"
4.5,0.36,1.3,0.34,0.4,0.5,0.144,1.3507978314067701,0.9031913256270812,0.0,0.20070918344207722,0.5,5.502886127745571,0.21504376859862528,2,one_per_bay,True,23+23+12,3,58,12,23,0,A40-10L-V2-kv1100-6.7PG,20x15E,9.892700091325395,1.4257723315838622,14.202828566258315,0.2974094929512588,9.435090783814593,11.322108940577511,11.509791359483115,117.9257894222373,120.02055357919137,5.9808612538617485,0.009654542757034059,0.08401322737114171,-865.5232223594771,740.4214483785588,0.1361737592577962,1220.7076482792004,2721.0418942779706,18.833333333333332,False,"SOC floor violated (min 0.010, unmet 740 Wh); did not refill (end SOC 0.084); FLAG 20x15E: (11.32 m/s, 1816 rpm) not on the map; used C_T(J) similarity; FLAG 20x15E: (11.51 m/s, 1847 rpm) not on the map; used C_T(J) similarity"
4.5,0.3,1.6,0.34,0.6,0.0,0.18,0.65,1.3,1.3,0.21885521885521889,1.4917382855513674,5.248220988958133,1.2259102225732978,2,one_per_bay,True,20+16+16+10,4,62,20,16,10,A40-10L-V2-kv1100-6.7PG,20x15E,9.882320130016149,1.158,17.487046632124354,0.9883498859575498,10.463788009451777,12.556545611342132,12.764690831089068,125.56036001480443,127.84286736930073,6.3829720588088925,0.000851548595703612,0.08260325681990713,-866.8852539119697,839.7190473439151,0.22139268084575764,1304.8943826432835,2905.4318039664026,18.75,False,"SOC floor violated (min 0.001, unmet 840 Wh); did not refill (end SOC 0.083); FLAG 20x15E: (12.56 m/s, 1938 rpm) not on the map; used C_T(J) similarity; FLAG 20x15E: (12.76 m/s, 1971 rpm) not on the map; used C_T(J) similarity"
4.5,0.36,1.3,0.28,0.6,0.0,0.216,0.4259422355063571,0.8518844710127143,0.0,0.18930766019842743,0.5,5.424239612964714,0.10121698799641798,2,one_per_bay,True,23+23+12,3,58,12,23,0,A40-10L-V2-kv1100-6.7PG,20x15E,9.745944493980927,1.3573356819129154,14.918932928559974,0.299749207468938,9.598029640290221,11.517635568348265,11.708559159958803,116.87736679368113,118.95564813817266,6.1547431982002365,0.0005817734443500349,0.08051419601955029,-868.9032866451143,712.1473390335989,0.09794792906609828,1220.7076482792002,2696.140970218965,18.666666666666668,False,"SOC floor violated (min 0.001, unmet 712 Wh); did not refill (end SOC 0.081); FLAG 20x15E: (11.52 m/s, 1826 rpm) not on the map; used C_T(J) similarity; FLAG 20x15E: (11.71 m/s, 1858 rpm) not on the map; used C_T(J) similarity"
4.5,0.36,1.3,0.34,0.6,0.0,0.216,0.4259422355063571,0.8518844710127143,0.0,0.18930766019842743,0.5,5.424239612964714,0.10121698799641798,2,one_per_bay,True,23+23+12,3,58,12,23,0,A40-10L-V2-kv1100-6.7PG,20x15E,9.745944493980927,1.3573356819129154,14.918932928559974,0.299749207468938,9.598029640290221,11.517635568348265,11.708559159958803,116.87736679368113,118.95564813817266,6.1547431982002365,0.0005817734443500349,0.08051419601955029,-868.9032866451143,712.1473390335989,0.09794792906609828,1220.7076482792002,2696.140970218965,18.666666666666668,False,"SOC floor violated (min 0.001, unmet 712 Wh); did not refill (end SOC 0.081); FLAG 20x15E: (11.52 m/s, 1826 rpm) not on the map; used C_T(J) similarity; FLAG 20x15E: (11.71 m/s, 1858 rpm) not on the map; used C_T(J) similarity"
4.0,0.45,1.3,0.28,0.4,0.0,0.18000000000000002,0.4710318751196979,0.9420637502393958,0.0,0.2093475000183069,0.5,5.787930757764061,0.7576258467849848,2,one_per_bay,True,21+21+21+7,4,70,21,21,7,A40-10L-V2-kv1100-6.7PG,20x15E,10.057550625003351,1.3871786062823184,11.534203257993212,0.28613169493515045,9.644809975649832,11.573771970779797,11.765626114803522,130.3080740292536,132.6267149910364,5.900135693773239,0.009295956554309568,0.1684044982810211,-870.9108842353634,870.9108842353634,0.3240542996916057,1473.2678513714495,3021.6920626330675,17.833333333333336,False,"SOC floor violated (min 0.009, unmet 871 Wh); did not refill (end SOC 0.168); FLAG 20x15E: (11.57 m/s, 1880 rpm) not on the map; used C_T(J) similarity; FLAG 20x15E: (11.77 m/s, 1912 rpm) not on the map; used C_T(J) similarity"
4.0,0.45,1.3,0.28,0.6,0.0,0.27,0.5098574397874889,1.0197148795749778,0.0,0.22660330639021117,0.5,5.949986858992968,1.0559987310017367,2,one_per_bay,True,25+25+21+7,4,78,21,25,7,A40-10L-V2-kv1100-6.7PG,MJ-26x15EL,10.398275006784079,1.531774339161748,10.44540281877021,0.2798751488554378,9.332478706560211,11.198974447872253,11.384615711763105,133.84342304432326,137.24318414833434,14.264415508103315,0.0030356534991287255,0.24974336124329544,-875.5049575763778,875.5049575763778,0.14959635662932175,1641.6413200996142,3115.7571673665034,17.083333333333336,False,"SOC floor violated (min 0.003, unmet 876 Wh); did not refill (end SOC 0.250); FLAG MJ-26x15EL: shaft power table 47.6 W vs similarity 37.3 W (22%) at 1478 rpm, 11.20 m/s; FLAG MJ-26x15EL: shaft power table 47.6 W vs similarity 39.7 W (17%) at 1512 rpm, 11.38 m/s"
4.0,0.45,1.3,0.34,0.6,0.0,0.27,0.5098574397874889,1.0197148795749778,0.0,0.22660330639021117,0.5,5.949986858992968,1.0559987310017367,2,one_per_bay,True,25+25+21+7,4,78,21,25,7,A40-10L-V2-kv1100-6.7PG,MJ-26x15EL,10.398275006784079,1.531774339161748,10.44540281877021,0.2798751488554378,9.332478706560211,11.198974447872253,11.384615711763105,133.84342304432326,137.24318414833434,14.264415508103315,0.0030356534991287255,0.24974336124329544,-875.5049575763778,875.5049575763778,0.14959635662932175,1641.6413200996142,3115.7571673665034,17.083333333333336,False,"SOC floor violated (min 0.003, unmet 876 Wh); did not refill (end SOC 0.250); FLAG MJ-26x15EL: shaft power table 47.6 W vs similarity 37.3 W (22%) at 1478 rpm, 11.20 m/s; FLAG MJ-26x15EL: shaft power table 47.6 W vs similarity 39.7 W (17%) at 1512 rpm, 11.38 m/s"
4.5,0.3,1.3,0.34,0.4,0.0,0.12,0.845,1.69,1.69,0.21885521885521889,1.6953855879415105,5.1976462361146805,1.2388493141347325,2,one_per_bay,True,26+13+12+12,4,63,26,12,13,A40-10L-V2-kv1100-6.7PG,20x15E,9.625219304251193,1.0971,18.457752255947497,1.2006996264477459,10.609525529355034,12.73143063522604,12.94247485943276,126.14237351408612,134.17726451394566,6.606352460520422,0.00894068577379101,0.07084858081811589,-878.2402709297,852.7667949909832,0.24151074726291216,1325.9410662343043,2950.9392905873237,18.583333333333336,False,"SOC floor violated (min 0.009, unmet 853 Wh); did not refill (end SOC 0.071); FLAG 20x15E: (12.73 m/s, 1953 rpm) not on the map; used C_T(J) similarity"
4.0,0.45,1.3,0.28,0.4,0.5,0.18000000000000002,1.2687815315068947,1.0751261260275788,0.0,0.23891691672869642,0.5,6.051381577599226,1.2040070005891121,2,one_per_bay,True,26+26+24+8,4,84,24,26,8,A40-10L-V2-kv1100-6.7PG,MJ-26x15EL,10.602563674744761,1.6025710135068616,9.983956944901708,0.27681183120563035,9.213201212424691,11.055841454909629,11.239110056031963,136.21826711821143,139.54894854786826,13.844316338203974,0.0,0.3247512172115312,-878.5138494732527,878.5138494732527,0.13208742297805287,1767.9214216457387,3173.663407987885,16.666666666666664,False,"SOC floor violated (min 0.000, unmet 879 Wh); did not refill (end SOC 0.325); FLAG MJ-26x15EL: shaft power table 48.9 W vs similarity 38.5 W (21%) at 1474 rpm, 11.06 m/s; FLAG MJ-26x15EL: shaft power table 48.9 W vs similarity 40.7 W (17%) at 1507 rpm, 11.24 m/s"
4.0,0.45,1.3,0.34,0.4,0.5,0.18000000000000002,1.2687815315068947,1.0751261260275788,0.0,0.23891691672869642,0.5,6.051381577599226,1.2040070005891121,2,one_per_bay,True,26+26+24+8,4,84,24,26,8,A40-10L-V2-kv1100-6.7PG,MJ-26x15EL,10.602563674744761,1.6025710135068616,9.983956944901708,0.27681183120563035,9.213201212424691,11.055841454909629,11.239110056031963,136.21826711821143,139.54894854786826,13.844316338203974,0.0,0.3247512172115312,-878.5138494732527,878.5138494732527,0.13208742297805287,1767.9214216457387,3173.663407987885,16.666666666666664,False,"SOC floor violated (min 0.000, unmet 879 Wh); did not refill (end SOC 0.325); FLAG MJ-26x15EL: shaft power table 48.9 W vs similarity 38.5 W (21%) at 1474 rpm, 11.06 m/s; FLAG MJ-26x15EL: shaft power table 48.9 W vs similarity 40.7 W (17%) at 1507 rpm, 11.24 m/s"
4.0,0.45,1.3,0.34,0.4,0.0,0.18000000000000002,0.4710318751196979,0.9420637502393958,0.0,0.2093475000183069,0.5,5.787684305263235,0.7571733014618456,2,one_per_bay,True,21+21+21,3,63,21,21,0,A40-10L-V2-kv1100-6.7PG,20x15E,9.89355062500335,1.3871786062823184,11.534203257993212,0.28613169493515045,9.565851883865228,11.479022260638274,11.669305773705938,128.04311791261975,130.31861198130275,5.97700783047931,0.0020971900570394397,0.08310004030055533,-878.5248106464104,878.5248106464104,0.15600305049696553,1325.941066234304,2964.7915492577267,18.833333333333332,False,"SOC floor violated (min 0.002, unmet 879 Wh); did not refill (end SOC 0.083); FLAG 20x15E: (11.48 m/s, 1865 rpm) not on the map; used C_T(J) similarity; FLAG 20x15E: (11.67 m/s, 1897 rpm) not on the map; used C_T(J) similarity"
5.5,0.3,1.3,0.34,0.4,0.0,0.12,0.3529443121020869,0.7058886242041738,0.0,0.15686413860488777,0.5,4.9681799310264685,-0.7920046636523923,2,one_per_bay,True,21+21+10,3,52,10,21,0,A40-10L-V2-kv1100-6.7PG,20x15E,9.388498951016246,1.2185299761783757,24.8249945355237,0.31826631974748937,9.942457090198326,11.930948508237991,12.128723435825831,106.78489000642058,108.7692117188132,6.618481608694469,0.008563273646431242,0.0693321835061629,-879.7051107330467,583.9678734821197,0.1355862795032614,1094.4275467330765,2452.9243288587663,18.916666666666664,False,"SOC floor violated (min 0.009, unmet 584 Wh); did not refill (end SOC 0.069); FLAG 20x15E: (11.93 m/s, 1820 rpm) not on the map; used C_T(J) similarity; FLAG 20x15E: (12.13 m/s, 1851 rpm) not on the map; used C_T(J) similarity"
4.5,0.3,1.3,0.34,0.6,0.5,0.18,1.3187108526089395,0.7748434104357583,0.0,0.17218742449756808,0.49999999999999994,5.314839184414007,-0.09565024379838549,2,one_per_bay,True,23+23+10,3,56,10,23,0,A40-10L-V2-kv1100-6.7PG,20x15E,9.470228184613568,1.2382453023130726,16.3537870583256,0.3038206734489257,9.905824518579152,11.886989422294983,12.084035656348252,115.89688766186836,117.95128456007046,6.482744467981519,0.001646960752453042,0.062980834785844,-885.8405135968746,713.0006838968833,0.22603463918621,1178.6142810971596,2671.797288375864,19.0,False,"SOC floor violated (min 0.002, unmet 713 Wh); did not refill (end SOC 0.063); FLAG 20x15E: (11.89 m/s, 1851 rpm) not on the map; used C_T(J) similarity; FLAG 20x15E: (12.08 m/s, 1882 rpm) not on the map; used C_T(J) similarity"
4.5,0.36,1.6,0.28,0.6,0.0,0.216,0.38213259298716656,0.7642651859743331,0.0,0.16983670798193184,0.5,5.419276181723949,0.09130659897617832,2,one_per_bay,True,23+23+10,3,56,10,23,0,A40-10L-V2-kv1100-6.7PG,20x15E,9.910130967409478,1.3510270933901518,14.988596527095828,0.2999648857027826,9.701109815033869,11.641331778040643,11.834305836040997,118.29051779196644,120.38976513566354,6.089813411101541,0.005741966063404488,0.05557480998379432,-892.9947335556548,762.8517492091341,0.22835524604748514,1178.6142810971596,2728.768914611117,19.333333333333336,False,"SOC floor violated (min 0.006, unmet 763 Wh); did not refill (end SOC 0.056); FLAG 20x15E: (11.64 m/s, 1841 rpm) not on the map; used C_T(J) similarity; FLAG 20x15E: (11.83 m/s, 1872 rpm) not on the map; used C_T(J) similarity"
4.5,0.36,1.6,0.34,0.6,0.0,0.216,0.38213259298716656,0.7642651859743331,0.0,0.16983670798193184,0.5,5.419276181723949,0.09130659897617832,2,one_per_bay,True,23+23+10,3,56,10,23,0,A40-10L-V2-kv1100-6.7PG,20x15E,9.910130967409478,1.3510270933901518,14.988596527095828,0.2999648857027826,9.701109815033869,11.641331778040643,11.834305836040997,118.29051779196644,120.38976513566354,6.089813411101541,0.005741966063404488,0.05557480998379432,-892.9947335556548,762.8517492091341,0.22835524604748514,1178.6142810971596,2728.768914611117,19.333333333333336,False,"SOC floor violated (min 0.006, unmet 763 Wh); did not refill (end SOC 0.056); FLAG 20x15E: (11.64 m/s, 1841 rpm) not on the map; used C_T(J) similarity; FLAG 20x15E: (11.83 m/s, 1872 rpm) not on the map; used C_T(J) similarity"
4.0,0.4,1.3,0.28,0.6,0.0,0.24,0.4500270848225105,0.900054169645021,0.0,0.2000120376205875,0.5,5.7437546000449204,0.6817123620881476,2,one_per_bay,True,21+21+18,3,60,18,21,0,A40-10L-V2-kv1100-6.7PG,20x15E,9.775720305261947,1.3520043335716017,11.834281594151891,0.28765365867818826,9.631614566644304,11.557937479973164,11.749529141490113,126.9699842592604,129.20826889190084,6.08578599476961,0.008906545610342197,0.0613333498233167,-893.4581902024953,893.4581902024953,0.20812719872160318,1262.8010154612425,2937.7249505079076,19.333333333333336,False,"SOC floor violated (min 0.009, unmet 893 Wh); did not refill (end SOC 0.061); FLAG 20x15E: (11.56 m/s, 1867 rpm) not on the map; used C_T(J) similarity; FLAG 20x15E: (11.75 m/s, 1899 rpm) not on the map; used C_T(J) similarity"
4.0,0.4,1.3,0.34,0.6,0.0,0.24,0.4500270848225105,0.900054169645021,0.0,0.2000120376205875,0.5,5.7437546000449204,0.6817123620881476,2,one_per_bay,True,21+21+18,3,60,18,21,0,A40-10L-V2-kv1100-6.7PG,20x15E,9.775720305261947,1.3520043335716017,11.834281594151891,0.28765365867818826,9.631614566644304,11.557937479973164,11.749529141490113,126.9699842592604,129.20826889190084,6.08578599476961,0.008906545610342197,0.0613333498233167,-893.4581902024953,893.4581902024953,0.20812719872160318,1262.8010154612425,2937.7249505079076,19.333333333333336,False,"SOC floor violated (min 0.009, unmet 893 Wh); did not refill (end SOC 0.061); FLAG 20x15E: (11.56 m/s, 1867 rpm) not on the map; used C_T(J) similarity; FLAG 20x15E: (11.75 m/s, 1899 rpm) not on the map; used C_T(J) similarity"
4.5,0.3,1.6,0.34,0.6,0.5,0.18,1.2993035492544234,0.6972141970176933,0.0,0.15493648820194625,0.5,5.313197173024213,-0.09890396252726674,2,one_per_bay,True,23+23+10,3,56,10,23,0,A40-10L-V2-kv1100-6.7PG,20x15E,9.665548097774199,1.2359164259105309,16.38460301640648,0.3039002931458739,10.016879376525795,12.020255251830953,12.219510584328344,117.76417336428761,119.84808523455537,6.388625222704662,0.001371686444343375,0.05379954607829173,-894.7096384883702,748.5172116483772,0.11810860868864617,1178.6142810971596,2716.2387421266885,19.25,False,"SOC floor violated (min 0.001, unmet 749 Wh); did not refill (end SOC 0.054); FLAG 20x15E: (12.02 m/s, 1868 rpm) not on the map; used C_T(J) similarity; FLAG 20x15E: (12.22 m/s, 1900 rpm) not on the map; used C_T(J) similarity"
5.0,0.3,1.3,0.34,0.6,0.0,0.18,0.3704226647042824,0.7408453294085648,0.0,0.16463229528246492,0.5,5.122977872308261,-0.47498636135491523,2,one_per_bay,True,21+21+10,3,52,10,21,0,A40-10L-V2-kv1100-6.7PG,20x15E,9.442058374885043,1.2444507197645138,20.089184411200087,0.3116921339967368,9.866389173360242,11.83966700803229,12.035928795899439,110.13308466443006,112.17124399197603,6.522777119978695,0.006989760389589143,0.051603145000907985,-896.8313619291229,646.7382420258641,0.14858619128172515,1094.4275467330763,2532.7054421415323,19.333333333333336,False,"SOC floor violated (min 0.007, unmet 647 Wh); did not refill (end SOC 0.052); FLAG 20x15E: (11.84 m/s, 1826 rpm) not on the map; used C_T(J) similarity; FLAG 20x15E: (12.04 m/s, 1857 rpm) not on the map; used C_T(J) similarity"
4.5,0.3,1.3,0.34,0.4,0.5,0.12,1.3122039256221436,0.7488157024885745,0.0,0.16640348943264868,0.5,5.279609663461139,-0.1884557389604442,2,one_per_bay,True,22+22+10,3,54,10,22,0,A40-10L-V2-kv1100-6.7PG,20x15E,9.3412780675589,1.1811967066119857,17.143630596535328,0.3057710527706359,10.072929384732745,12.087515261679295,12.287885538522318,116.12026703670654,118.18517785310215,6.647427900206059,0.00870493786097991,0.04752165487319305,-900.7740813924955,744.2852462166246,0.235534265857441,1136.520913915118,2676.0064316533735,19.583333333333332,False,"SOC floor violated (min 0.009, unmet 744 Wh); did not refill (end SOC 0.048); FLAG 20x15E: (12.09 m/s, 1867 rpm) not on the map; used C_T(J) similarity; FLAG 20x15E: (12.29 m/s, 1899 rpm) not on the map; used C_T(J) similarity"
4.5,0.3,1.6,0.34,0.4,0.0,0.12,0.845,1.69,1.69,0.21885521885521889,2.086628415928013,5.198006980511401,1.3404607333733034,2,one_per_bay,True,26+13+12+12,4,63,26,12,13,A40-10L-V2-kv1100-6.7PG,20x15E,9.85965829653004,1.0971,18.457752255947497,1.477784155627995,10.737954946570978,12.885545935885174,13.099144872519576,129.19316051443457,136.16172015358794,6.477143472103134,0.0005025713515922781,0.05341634207543347,-901.1016194855974,901.1016194855974,0.13636058914234184,1325.9410662343041,3016.05936384546,18.916666666666664,False,"SOC floor violated (min 0.001, unmet 901 Wh); did not refill (end SOC 0.053); FLAG 20x15E: (12.89 m/s, 1976 rpm) not on the map; used C_T(J) similarity"
4.0,0.4,1.6,0.28,0.6,0.0,0.24,0.4034013545605723,0.8068027091211446,0.0,0.17928949087896515,0.49999999999999994,5.736065742644312,0.6667725098513095,2,one_per_bay,True,22+22+18,3,62,18,22,0,A40-10L-V2-kv1100-6.7PG,20x15E,9.967258570902917,1.3445442167296915,11.899943342076533,0.28797645217894374,9.752457601992308,11.70294912239077,11.896944588354506,128.87537620583166,131.1389265150109,6.010179659716636,0.0,0.06533150985579182,-901.593750380511,901.593750380511,0.15858524899115403,1304.8943826432835,2984.1381512934154,19.083333333333332,False,"SOC floor violated (min 0.000, unmet 902 Wh); did not refill (end SOC 0.065); FLAG 20x15E: (11.70 m/s, 1884 rpm) not on the map; used C_T(J) similarity; FLAG 20x15E: (11.90 m/s, 1916 rpm) not on the map; used C_T(J) similarity"
4.0,0.4,1.6,0.34,0.6,0.0,0.24,0.4034013545605723,0.8068027091211446,0.0,0.17928949087896515,0.49999999999999994,5.736065742644312,0.6667725098513095,2,one_per_bay,True,22+22+18,3,62,18,22,0,A40-10L-V2-kv1100-6.7PG,20x15E,9.967258570902917,1.3445442167296915,11.899943342076533,0.28797645217894374,9.752457601992308,11.70294912239077,11.896944588354506,128.87537620583166,131.1389265150109,6.010179659716636,0.0,0.06533150985579182,-901.593750380511,901.593750380511,0.15858524899115403,1304.8943826432835,2984.1381512934154,19.083333333333332,False,"SOC floor violated (min 0.000, unmet 902 Wh); did not refill (end SOC 0.065); FLAG 20x15E: (11.70 m/s, 1884 rpm) not on the map; used C_T(J) similarity; FLAG 20x15E: (11.90 m/s, 1916 rpm) not on the map; used C_T(J) similarity"
4.0,0.3,1.3,0.28,1.0,1.0,0.3,2.0,0.7893522173763262,0.0,0.17541160386140583,0.5,5.661260097347155,0.3639929147582155,2,one_per_bay,True,24+24+12,3,60,12,24,0,A40-10L-V2-kv1100-6.7PG,20x15E,9.43325867004994,1.2,13.333333333333334,0.2942307692307692,10.042781217797478,12.051337461356972,12.251108032163707,127.93102688311319,130.19257009103825,6.488950541650651,0.0,0.04799658586012056,-902.4769280139416,902.4769280139416,0.2506970139747935,1262.801015461242,2960.521589630376,19.5,False,"SOC floor violated (min 0.000, unmet 902 Wh); did not refill (end SOC 0.048); FLAG 20x15E: (12.05 m/s, 1907 rpm) not on the map; used C_T(J) similarity; FLAG 20x15E: (12.25 m/s, 1939 rpm) not on the map; used C_T(J) similarity"
4.0,0.3,1.3,0.34,1.0,1.0,0.3,2.0,0.7893522173763262,0.0,0.17541160386140583,0.5,5.661260097347155,0.3639929147582155,2,one_per_bay,True,24+24+12,3,60,12,24,0,A40-10L-V2-kv1100-6.7PG,20x15E,9.43325867004994,1.2,13.333333333333334,0.2942307692307692,10.042781217797478,12.051337461356972,12.251108032163707,127.93102688311319,130.19257009103825,6.488950541650651,0.0,0.04799658586012056,-902.4769280139416,902.4769280139416,0.2506970139747935,1262.801015461242,2960.521589630376,19.5,False,"SOC floor violated (min 0.000, unmet 902 Wh); did not refill (end SOC 0.048); FLAG 20x15E: (12.05 m/s, 1907 rpm) not on the map; used C_T(J) similarity; FLAG 20x15E: (12.25 m/s, 1939 rpm) not on the map; used C_T(J) similarity"
5.0,0.3,1.6,0.34,0.6,0.0,0.18,0.33265133972193933,0.6653026794438787,0.0,0.1478450398047361,0.5,5.119418102993245,-0.48034699796248614,2,one_per_bay,True,21+21+10,3,52,10,21,0,A40-10L-V2-kv1100-6.7PG,20x15E,9.63383629270688,1.2399181607666325,20.162621043103908,0.31181765097913383,9.984282795942754,11.981139355131305,12.179746277853733,111.9003779297437,113.96832935607371,6.43393731383873,0.00584106585977346,0.0425712004335276,-905.5562203812124,680.1600068574216,0.20008072247176756,1094.4275467330763,2574.742522446813,19.583333333333332,False,"SOC floor violated (min 0.006, unmet 680 Wh); did not refill (end SOC 0.043); FLAG 20x15E: (11.98 m/s, 1843 rpm) not on the map; used C_T(J) similarity; FLAG 20x15E: (12.18 m/s, 1875 rpm) not on the map; used C_T(J) similarity"
5.5,0.3,1.6,0.34,0.4,0.0,0.12,0.31638983679641164,0.6327796735928233,0.0,0.1406177051931655,0.5,4.964132318012722,-0.7986915326060244,2,one_per_bay,True,21+21+8,3,50,8,21,0,A40-10L-V2-kv1100-6.7PG,20x15E,9.561498437843314,1.211950170623354,24.95977205435866,0.31841690649206106,10.060842496280957,12.073010995537148,12.273140840516435,108.3964819778663,110.40773596278918,6.540953263694737,0.006831441177220612,0.03871017567750391,-909.2859702955312,633.7124134203418,0.213718431067349,1052.3341795510355,2490.0633969047153,19.75,False,"SOC floor violated (min 0.007, unmet 634 Wh); did not refill (end SOC 0.039); FLAG 20x15E: (12.07 m/s, 1837 rpm) not on the map; used C_T(J) similarity; FLAG 20x15E: (12.27 m/s, 1869 rpm) not on the map; used C_T(J) similarity"
4.5,0.3,1.3,0.34,0.4,0.0,0.12,0.78,1.56,1.56,0.21885521885521886,1.5965868940055252,5.187733316974647,1.1764087517122257,2,one_per_bay,True,24+12+12+12,4,60,24,12,12,A40-10L-V2-kv1100-6.7PG,20x15E,9.55475138328823,1.0854,18.65671641791045,1.1131118370382178,10.627437019488235,12.752924423385883,12.964324942181753,125.20858707934809,133.27562299954516,6.668635247224926,0.003438486048371296,0.038654781516673,-909.3394810548939,857.7003796457273,0.12540547658112663,1262.801015461242,2923.9967635186454,19.166666666666668,False,"SOC floor violated (min 0.003, unmet 858 Wh); did not refill (end SOC 0.039); FLAG 20x15E: (12.75 m/s, 1952 rpm) not on the map; used C_T(J) similarity"
4.5,0.3,1.6,0.34,0.4,0.5,0.12,1.293317848355444,0.6732713934217759,0.0,0.14961586499857812,0.5,5.276505459642985,-0.19344070328189877,2,one_per_bay,True,22+22+10,3,54,10,22,0,A40-10L-V2-kv1100-6.7PG,20x15E,9.536963450891399,1.17779721270398,17.193112516805986,0.30588727490910417,10.192566438776732,12.231079726532078,12.43382981849381,118.0655739877791,120.16154864638584,6.550655882222859,0.007275416825141686,0.037996748818265626,-909.9751406415554,781.2801542557763,0.2410219406482348,1136.5209139151177,2722.1323388960177,19.916666666666668,False,"SOC floor violated (min 0.007, unmet 781 Wh); did not refill (end SOC 0.038); FLAG 20x15E: (12.23 m/s, 1886 rpm) not on the map; used C_T(J) similarity; FLAG 20x15E: (12.43 m/s, 1918 rpm) not on the map; used C_T(J) similarity"
4.0,0.45,1.6,0.34,0.6,0.0,0.27,0.4567166790459668,0.9134333580919336,0.0,0.20298519060049552,0.5,5.939637392876346,1.0361729106251847,2,one_per_bay,True,25+25+21,3,71,21,25,0,A40-10L-V2-kv1100-6.7PG,MJ-26x15EL,10.393359184209253,1.5222090022282742,10.51104018999922,0.28028903359422475,9.35954158358902,11.231449900306824,11.417629497780224,133.01576587463433,136.4076003548135,14.30648243784606,0.009726834450341214,0.1597759241107251,-912.9713119850078,912.9713119850078,0.09378847478453878,1494.3145349624701,3093.2946936190033,17.833333333333336,False,"SOC floor violated (min 0.010, unmet 913 Wh); did not refill (end SOC 0.160); FLAG MJ-26x15EL: shaft power table 47.3 W vs similarity 36.9 W (22%) at 1478 rpm, 11.23 m/s; FLAG MJ-26x15EL: shaft power table 47.2 W vs similarity 39.3 W (17%) at 1512 rpm, 11.42 m/s"
4.0,0.45,1.6,0.28,0.6,0.0,0.27,0.4567166790459668,0.9134333580919336,0.0,0.20298519060049552,0.5,5.93990136418979,1.036657624648909,2,one_per_bay,True,25+25+21+7,4,78,21,25,7,A40-10L-V2-kv1100-6.7PG,20x15E,10.577999102499813,1.5222090022282742,10.51104018999922,0.28028903359422475,9.442312571684722,11.330775086021665,11.518601160420085,135.79430505503382,138.18995468361584,5.4916981525501445,0.008354053369366262,0.24834439174223252,-914.0277024598521,914.0277024598521,0.35282575523396054,1641.6413200996142,3155.4335937827695,17.166666666666668,False,"SOC floor violated (min 0.008, unmet 914 Wh); did not refill (end SOC 0.248); FLAG 20x15E: (11.33 m/s, 1882 rpm) not on the map; used C_T(J) similarity; FLAG 20x15E: (11.52 m/s, 1914 rpm) not on the map; used C_T(J) similarity"
4.0,0.45,1.6,0.28,0.4,0.0,0.18000000000000002,0.4204953692446093,0.8409907384892186,0.0,0.18688683060167244,0.5,5.771410789565922,0.7293222911321586,2,one_per_bay,True,22+22+18,3,62,18,22,0,A40-10L-V2-kv1100-6.7PG,20x15E,10.04456959548815,1.3735337496960445,11.648785480182568,0.28672209745092275,9.686340945421076,11.62360913450529,11.81628941078834,129.29989614724212,131.58108554688226,5.932264387890482,0.006643547912840974,0.06992000739004996,-916.179145239503,916.179145239503,0.10113779413741023,1304.8943826432835,2994.2232562987333,19.166666666666668,False,"SOC floor violated (min 0.007, unmet 916 Wh); did not refill (end SOC 0.070); FLAG 20x15E: (11.62 m/s, 1880 rpm) not on the map; used C_T(J) similarity; FLAG 20x15E: (11.82 m/s, 1912 rpm) not on the map; used C_T(J) similarity"
4.0,0.45,1.6,0.34,0.4,0.0,0.18000000000000002,0.4204953692446093,0.8409907384892186,0.0,0.18688683060167244,0.5,5.771410789565922,0.7293222911321586,2,one_per_bay,True,22+22+18,3,62,18,22,0,A40-10L-V2-kv1100-6.7PG,20x15E,10.04456959548815,1.3735337496960445,11.648785480182568,0.28672209745092275,9.686340945421076,11.62360913450529,11.81628941078834,129.29989614724212,131.58108554688226,5.932264387890482,0.006643547912840974,0.06992000739004996,-916.179145239503,916.179145239503,0.10113779413741023,1304.8943826432835,2994.2232562987333,19.166666666666668,False,"SOC floor violated (min 0.007, unmet 916 Wh); did not refill (end SOC 0.070); FLAG 20x15E: (11.62 m/s, 1880 rpm) not on the map; used C_T(J) similarity; FLAG 20x15E: (11.82 m/s, 1912 rpm) not on the map; used C_T(J) similarity"
4.0,0.36,1.3,0.34,0.6,0.5,0.216,1.3250000000000002,1.3,1.3,0.21885521885521889,0.8080121950834871,5.727241435652294,1.5579436431281997,2,one_per_bay,True,20+18+18+10,4,66,20,18,10,A40-10L-V2-kv1100-6.7PG,20x15E,10.013049263823842,1.3428,11.915400655347035,0.5030202579274584,9.781180269862487,11.737416323834983,11.931983139869093,131.3628669520008,133.70699858508397,5.979100467110274,0.005142772632577657,0.10493409086762197,-917.3841491968717,917.3841491968717,0.11095858042950604,1389.0811170073657,3045.6015308299957,18.5,False,"SOC floor violated (min 0.005, unmet 917 Wh); did not refill (end SOC 0.105); FLAG 20x15E: (11.74 m/s, 1896 rpm) not on the map; used C_T(J) similarity; FLAG 20x15E: (11.93 m/s, 1928 rpm) not on the map; used C_T(J) similarity"
4.5,0.3,1.6,0.34,0.4,0.0,0.12,0.78,1.56,1.56,0.21885521885521886,1.9650300233914155,5.188096878734861,1.2861806752918352,2,one_per_bay,True,24+12+12+12,4,60,24,12,12,A40-10L-V2-kv1100-6.7PG,20x15E,9.789313667692076,1.0854,18.65671641791045,1.3699837994316524,10.75709407052257,12.908512884627083,13.122492535889599,128.26031784108918,135.25482887832104,6.537281557809198,0.004923279195362324,0.03256435257721954,-917.6465123240564,917.6465123240564,0.15117231598757047,1262.8010154612418,2989.7229278536947,19.5,False,"SOC floor violated (min 0.005, unmet 918 Wh); did not refill (end SOC 0.033); FLAG 20x15E: (12.91 m/s, 1975 rpm) not on the map; used C_T(J) similarity"
4.0,0.36,1.3,0.28,0.6,0.5,0.216,1.3900000000000001,1.56,1.56,0.2006172839506173,0.8776154522341482,5.737843707506817,1.7380966118430012,2,one_per_bay,True,24+16+16+12,4,68,24,16,12,A40-10L-V2-kv1100-6.7PG,20x15E,10.060081413620473,1.35216,11.832919181161992,0.5800826707198047,9.770132611332471,11.724159133598965,11.91850619008612,132.56247462934,134.93846922042113,5.938806853244246,0.0022074066185207627,0.12054404754050432,-919.9950697793076,919.9950697793076,0.2518959611465116,1431.1744841894076,3074.9633604536007,18.333333333333332,False,"SOC floor violated (min 0.002, unmet 920 Wh); did not refill (end SOC 0.121); FLAG 20x15E: (11.72 m/s, 1899 rpm) not on the map; used C_T(J) similarity; FLAG 20x15E: (11.92 m/s, 1931 rpm) not on the map; used C_T(J) similarity"
4.0,0.36,1.3,0.34,0.6,0.0,0.216,0.65,1.3,1.3,0.21885521885521889,0.9314292013821397,5.6197621742182555,1.5162131945526336,2,one_per_bay,True,20+17+17+10,4,64,20,17,10,A40-10L-V2-kv1100-6.7PG,20x15E,9.824815050900765,1.2456,12.845215157353886,0.5883186030073081,10.059737423824812,12.071684908589773,12.271792771515427,130.74223524118196,133.07485045024643,6.219150143886575,0.0019660423081726726,0.08081869126824665,-920.37306808354,920.37306808354,0.08690443788272735,1346.9877498253247,3029.865491035181,18.833333333333332,False,"SOC floor violated (min 0.002, unmet 920 Wh); did not refill (end SOC 0.081); FLAG 20x15E: (12.07 m/s, 1918 rpm) not on the map; used C_T(J) similarity; FLAG 20x15E: (12.27 m/s, 1951 rpm) not on the map; used C_T(J) similarity"
4.5,0.36,1.3,0.34,0.4,0.0,0.144,0.3901586067935855,0.780317213587171,0.0,0.17340382519444825,0.5000000000000001,5.299376684005565,-0.1260891207416832,2,one_per_bay,True,20+20+12,3,52,12,20,0,A40-10L-V2-kv1100-6.7PG,20x15E,9.417470043237294,1.2182742590674143,16.621872989010964,0.304503444159921,9.958830544366892,11.95059665324027,12.14869728087219,115.4632754954627,117.5049094133795,6.546314934358304,0.004114628295692301,0.02693045087595867,-920.6651844538239,749.3993353856501,0.23217694362533337,1094.4275467330765,2658.944875243114,20.166666666666668,False,"SOC floor violated (min 0.004, unmet 749 Wh); did not refill (end SOC 0.027); FLAG 20x15E: (11.95 m/s, 1854 rpm) not on the map; used C_T(J) similarity; FLAG 20x15E: (12.15 m/s, 1886 rpm) not on the map; used C_T(J) similarity"
4.0,0.36,1.3,0.28,0.6,0.0,0.216,0.78,1.56,1.56,0.2006172839506173,0.9952936824711586,5.640162846413079,1.6796985453386633,2,one_per_bay,True,24+15+15+12,4,66,24,15,12,A40-10L-V2-kv1100-6.7PG,20x15E,9.888432717497396,1.2643199999999999,12.655024044545685,0.6665577248481186,10.01726079135598,12.020712949627177,12.219975869211916,131.90061452463948,134.26634748018307,6.153216238556954,0.0,0.09661172856019233,-922.3325954598427,922.3325954598427,0.2672188493567778,1389.0811170073657,3058.429135433881,18.583333333333336,False,"SOC floor violated (min 0.000, unmet 922 Wh); did not refill (end SOC 0.097); FLAG 20x15E: (12.02 m/s, 1918 rpm) not on the map; used C_T(J) similarity; FLAG 20x15E: (12.22 m/s, 1951 rpm) not on the map; used C_T(J) similarity"
4.0,0.4,1.3,0.28,0.4,0.0,0.16000000000000003,0.41415633173434313,0.8283126634686863,0.0,0.18406948061521985,0.5000000000000001,5.5937787742722715,0.40792447226478146,2,one_per_bay,True,19+19+18,3,56,18,19,0,A40-10L-V2-kv1100-6.7PG,20x15E,9.474087833475775,1.2193975196162425,13.121233840983514,0.2933914535544549,9.984120241796857,11.980944290156229,12.179547979358599,124.6687544761114,126.8746479447959,6.456525794576765,0.0,0.023457510875337637,-924.0200444944238,882.791173223924,0.1894028348374898,1178.6142810971594,2880.3222079342527,20.25,False,"SOC floor violated (min 0.000, unmet 883 Wh); did not refill (end SOC 0.023); FLAG 20x15E: (11.98 m/s, 1890 rpm) not on the map; used C_T(J) similarity; FLAG 20x15E: (12.18 m/s, 1922 rpm) not on the map; used C_T(J) similarity"
4.0,0.4,1.3,0.34,0.4,0.0,0.16000000000000003,0.41415633173434313,0.8283126634686863,0.0,0.18406948061521985,0.5000000000000001,5.5937787742722715,0.40792447226478146,2,one_per_bay,True,19+19+18,3,56,18,19,0,A40-10L-V2-kv1100-6.7PG,20x15E,9.474087833475775,1.2193975196162425,13.121233840983514,0.2933914535544549,9.984120241796857,11.980944290156229,12.179547979358599,124.6687544761114,126.8746479447959,6.456525794576765,0.0,0.023457510875337637,-924.0200444944238,882.791173223924,0.1894028348374898,1178.6142810971594,2880.3222079342527,20.25,False,"SOC floor violated (min 0.000, unmet 883 Wh); did not refill (end SOC 0.023); FLAG 20x15E: (11.98 m/s, 1890 rpm) not on the map; used C_T(J) similarity; FLAG 20x15E: (12.18 m/s, 1922 rpm) not on the map; used C_T(J) similarity"
4.5,0.3,1.3,0.34,0.4,0.0,0.12,0.65,1.3,1.3,0.21885521885521889,1.3865096711100613,5.167909043821044,1.0200797277425087,2,one_per_bay,True,20+13+13+10,4,56,20,13,10,A40-10L-V2-kv1100-6.7PG,20x15E,9.429815541362302,1.062,19.06779661016949,0.9284655492324118,10.673407566286244,12.808089079543493,13.020404042473409,123.58517403743967,131.63953928137542,6.786710000246226,0.008559536985562615,0.017329374574887625,-929.9398241606585,874.7574499913055,0.16062685453798525,1178.6142810971594,2877.5904407706353,20.083333333333336,False,"SOC floor violated (min 0.009, unmet 875 Wh); did not refill (end SOC 0.017); FLAG 20x15E: (12.81 m/s, 1951 rpm) not on the map; used C_T(J) similarity"
4.0,0.36,1.3,0.28,0.6,0.5,0.216,1.4224999999999999,1.69,1.69,0.2006172839506173,0.9447984207596845,5.743181013687503,1.8368123302812842,2,one_per_bay,True,26+15+15+13,4,69,26,15,13,A40-10L-V2-kv1100-6.7PG,20x15E,10.099898554736523,1.3568399999999998,11.792105185578256,0.6340271270075943,9.772550868548613,11.727061042258336,11.921456202613724,133.46493109760863,135.8650594141043,5.910803174488572,0.00915233173758398,0.13539785479237101,-935.3724372027112,935.3724372027112,0.1388171717040123,1452.221167780429,3097.1590948554826,18.166666666666664,False,"SOC floor violated (min 0.009, unmet 935 Wh); did not refill (end SOC 0.135); FLAG 20x15E: (11.73 m/s, 1902 rpm) not on the map; used C_T(J) similarity; FLAG 20x15E: (11.92 m/s, 1935 rpm) not on the map; used C_T(J) similarity"
4.5,0.3,1.6,0.34,0.4,0.0,0.12,0.65,1.3,1.3,0.21885521885521889,1.7064734413662292,5.168277746196994,1.1520776238201487,2,one_per_bay,True,20+13+13+10,4,56,20,13,10,A40-10L-V2-kv1100-6.7PG,20x15E,9.664624410016149,1.062,19.06779661016949,1.1427268298245068,10.805478041417315,12.966573649700777,13.181515752825375,126.62799953564958,133.57055277590126,6.651264899538403,0.008547920766651316,0.01277478706684377,-935.7234173522684,935.7234173522684,0.23378994211458584,1178.6142810971587,2942.792379093104,20.583333333333332,False,"SOC floor violated (min 0.009, unmet 936 Wh); did not refill (end SOC 0.013); FLAG 20x15E: (12.97 m/s, 1974 rpm) not on the map; used C_T(J) similarity"
4.0,0.3,1.3,0.28,0.6,0.5,0.18,1.3900000000000001,1.56,1.56,0.2006172839506173,1.263766251217173,5.479045959218977,1.5905132727948086,2,one_per_bay,True,24+15+15+12,4,66,24,15,12,A40-10L-V2-kv1100-6.7PG,20x15E,9.632453201435858,1.1268,14.199503017394392,0.8636361383311811,10.472703007923096,12.567243609507715,12.77556616601971,132.0531353349695,139.8801166321129,6.5082915079814505,0.008599691324701172,0.07683909454558711,-936.2582326047151,936.2582326047151,0.12350208045706523,1389.081117007366,3091.671396732113,18.583333333333336,False,"SOC floor violated (min 0.009, unmet 936 Wh); did not refill (end SOC 0.077); FLAG 20x15E: (12.57 m/s, 1960 rpm) not on the map; used C_T(J) similarity"
4.0,0.36,1.3,0.28,0.6,0.5,0.216,1.2202214234589919,0.8808856938359675,0.0,0.19575237625719447,0.5,5.709807042861767,0.6306477481069845,2,one_per_bay,True,21+21+12,3,54,12,21,0,A40-10L-V2-kv1100-6.7PG,20x15E,9.667012688064162,1.3277118849780947,12.050807242916243,0.28870477427611074,9.665136142994056,11.598163371592866,11.790421842860667,125.63813081278383,127.86596747829671,6.178345709183667,0.007114007329156298,0.013249196663850304,-936.8646647347474,936.8646647347474,0.21229739679333667,1136.5209139151175,2901.441690336972,21.25,False,"SOC floor violated (min 0.007, unmet 937 Wh); did not refill (end SOC 0.013); FLAG 20x15E: (11.60 m/s, 1865 rpm) not on the map; used C_T(J) similarity; FLAG 20x15E: (11.79 m/s, 1897 rpm) not on the map; used C_T(J) similarity"
4.0,0.36,1.3,0.34,0.6,0.5,0.216,1.2202214234589919,0.8808856938359675,0.0,0.19575237625719447,0.5,5.709807042861767,0.6306477481069845,2,one_per_bay,True,21+21+12,3,54,12,21,0,A40-10L-V2-kv1100-6.7PG,20x15E,9.667012688064162,1.3277118849780947,12.050807242916243,0.28870477427611074,9.665136142994056,11.598163371592866,11.790421842860667,125.63813081278383,127.86596747829671,6.178345709183667,0.007114007329156298,0.013249196663850304,-936.8646647347474,936.8646647347474,0.21229739679333667,1136.5209139151175,2901.441690336972,21.25,False,"SOC floor violated (min 0.007, unmet 937 Wh); did not refill (end SOC 0.013); FLAG 20x15E: (11.60 m/s, 1865 rpm) not on the map; used C_T(J) similarity; FLAG 20x15E: (11.79 m/s, 1897 rpm) not on the map; used C_T(J) similarity"
4.0,0.36,1.3,0.34,0.6,0.5,0.216,1.3900000000000001,1.56,1.56,0.21885521885521886,0.9573986751645254,5.7378985608041795,1.8069815358048475,2,one_per_bay,True,24+16+16+12,4,68,24,16,12,A40-10L-V2-kv1100-6.7PG,20x15E,10.096960706549767,1.35216,11.832919181161992,0.6212629479575824,9.788024413149966,11.745629295779958,11.940332255217134,133.207385602564,135.6012227486612,5.920727303788389,0.007430139934404648,0.1221180570660519,-936.9551134658909,936.9551134658909,0.14673355835777357,1431.1744841894076,3090.5423316227448,18.333333333333332,False,"SOC floor violated (min 0.007, unmet 937 Wh); did not refill (end SOC 0.122); FLAG 20x15E: (11.75 m/s, 1903 rpm) not on the map; used C_T(J) similarity; FLAG 20x15E: (11.94 m/s, 1935 rpm) not on the map; used C_T(J) similarity"
4.0,0.36,1.3,0.28,0.6,0.0,0.216,0.845,1.69,1.69,0.2006172839506173,1.063045885023306,5.650453333208729,1.770961710041526,2,one_per_bay,True,26+14+14+13,4,67,26,14,13,A40-10L-V2-kv1100-6.7PG,20x15E,9.936542617013446,1.27368,12.562024998429747,0.7223097944752025,10.004634751983088,12.005561702379707,12.204573465333842,132.79599967787772,135.18720743586735,6.112238390546104,0.007079990379392066,0.11129461685570367,-937.2434129429062,937.2434129429062,0.17101002031000925,1410.1278005983872,3080.255634937996,18.5,False,"SOC floor violated (min 0.007, unmet 937 Wh); did not refill (end SOC 0.111); FLAG 20x15E: (12.01 m/s, 1920 rpm) not on the map; used C_T(J) similarity; FLAG 20x15E: (12.20 m/s, 1953 rpm) not on the map; used C_T(J) similarity"
4.0,0.36,1.3,0.28,0.6,0.0,0.216,0.4027487605843451,0.8054975211686902,0.0,0.17899944911216537,0.5,5.581012202967658,0.38598557197158057,2,one_per_bay,True,20+20+12,3,52,12,20,0,A40-10L-V2-kv1100-6.7PG,20x15E,9.40663867085887,1.2099958215241455,13.223186159309162,0.2937982577409123,9.987091959126078,11.984510350951293,12.183173153426596,124.15493717509186,126.34752018069868,6.507646208784158,0.008543435372255171,0.00903210988117747,-937.9549818547825,937.3971712590505,0.0,1094.427546733077,2863.920942962946,22.083333333333332,False,"SOC floor violated (min 0.009, unmet 937 Wh); did not refill (end SOC 0.009); FLAG 20x15E: (11.98 m/s, 1888 rpm) not on the map; used C_T(J) similarity; FLAG 20x15E: (12.18 m/s, 1920 rpm) not on the map; used C_T(J) similarity"
4.0,0.36,1.3,0.34,0.6,0.0,0.216,0.4027487605843451,0.8054975211686902,0.0,0.17899944911216537,0.5,5.581012202967658,0.38598557197158057,2,one_per_bay,True,20+20+12,3,52,12,20,0,A40-10L-V2-kv1100-6.7PG,20x15E,9.40663867085887,1.2099958215241455,13.223186159309162,0.2937982577409123,9.987091959126078,11.984510350951293,12.183173153426596,124.15493717509186,126.34752018069868,6.507646208784158,0.008543435372255171,0.00903210988117747,-937.9549818547825,937.3971712590505,0.0,1094.427546733077,2863.920942962946,22.083333333333332,False,"SOC floor violated (min 0.009, unmet 937 Wh); did not refill (end SOC 0.009); FLAG 20x15E: (11.98 m/s, 1888 rpm) not on the map; used C_T(J) similarity; FLAG 20x15E: (12.18 m/s, 1920 rpm) not on the map; used C_T(J) similarity"
4.0,0.36,1.3,0.34,0.4,0.5,0.144,1.3250000000000002,1.3,1.3,0.21885521885521889,0.8514018714304523,5.697847623497352,1.5192085128381276,2,one_per_bay,True,20+17+17+10,4,64,20,17,10,A40-10L-V2-kv1100-6.7PG,20x15E,9.910932157362303,1.2942,12.362849636841291,0.5339015141130928,9.912205720019308,11.89464686402317,12.091820032660245,131.5079561045051,133.86882965440913,6.096718212664198,0.005789078277349025,0.08057180811789479,-938.5258493800509,938.5258493800509,0.16703698494879404,1346.9877498253247,3048.1920537201336,18.916666666666664,False,"SOC floor violated (min 0.006, unmet 939 Wh); did not refill (end SOC 0.081); FLAG 20x15E: (11.89 m/s, 1908 rpm) not on the map; used C_T(J) similarity; FLAG 20x15E: (12.09 m/s, 1940 rpm) not on the map; used C_T(J) similarity"
5.0,0.3,1.3,0.34,0.4,0.0,0.12,0.33743891939486287,0.6748778387897257,0.0,0.1499728529260927,0.5,5.03544757119563,-0.6531478256693519,2,one_per_bay,True,18+18+10,3,46,10,18,0,A40-10L-V2-kv1100-6.7PG,20x15E,9.12772161519918,1.1107390054910753,22.507537663131856,0.31539491993742486,10.268072690533527,12.321687228640233,12.525939287705084,110.91926850759836,112.96231069503398,6.929718224827895,0.008394952054771681,0.008394952054771681,-938.5704763150906,743.2346161817502,0.0,968.1474451869524,2544.956753947887,22.583333333333332,False,"SOC floor violated (min 0.008, unmet 743 Wh); did not refill (end SOC 0.008); FLAG 20x15E: (12.32 m/s, 1867 rpm) not on the map; used C_T(J) similarity; FLAG 20x15E: (12.53 m/s, 1899 rpm) not on the map; used C_T(J) similarity"
4.5,0.3,1.3,0.34,0.6,0.0,0.18,0.3521334814483306,0.7042669628966612,0.0,0.15650376935282084,0.5,5.2170093344136435,-0.28717230353035017,2,one_per_bay,True,18+18+10,3,46,10,18,0,A40-10L-V2-kv1100-6.7PG,20x15E,9.153405945555875,1.1222560177737997,18.044011062796155,0.3077861191592509,10.229611567185687,12.275533880622824,12.47902087268099,115.42341596805082,117.45907788398155,6.861013184039944,0.008304680813868693,0.008304680813868693,-938.6576783338028,848.6907608562628,0.0,968.1474451869524,2650.1619832332212,24.0,False,"SOC floor violated (min 0.008, unmet 849 Wh); did not refill (end SOC 0.008); FLAG 20x15E: (12.28 m/s, 1880 rpm) not on the map; used C_T(J) similarity; FLAG 20x15E: (12.48 m/s, 1912 rpm) not on the map; used C_T(J) similarity"
4.5,0.3,1.6,0.34,0.6,0.0,0.18,0.3161633617503496,0.6323267235006992,0.0,0.14051704957561165,0.5,5.213667983340009,-0.29375003907463904,2,one_per_bay,True,18+18+8,3,44,8,18,0,A40-10L-V2-kv1100-6.7PG,20x15E,9.334844337786695,1.117939603410042,18.113679789347824,0.3079336888338083,10.3504235615643,12.420508273877159,12.626398452916495,117.38303084054621,119.45000064919437,6.767873718382243,0.008146531231403228,0.008146531231403228,-938.8104508304646,937.8103180331295,0.0,926.0540780049105,2697.1927401730914,24.0,False,"SOC floor violated (min 0.008, unmet 938 Wh); did not refill (end SOC 0.008); FLAG 20x15E: (12.42 m/s, 1898 rpm) not on the map; used C_T(J) similarity; FLAG 20x15E: (12.63 m/s, 1930 rpm) not on the map; used C_T(J) similarity"
5.0,0.3,1.6,0.34,0.4,0.0,0.12,0.30240916561737635,0.6048183312347527,0.0,0.134404073543395,0.5,5.030791004814093,-0.6609435457428352,2,one_per_bay,True,18+18+8,3,44,8,18,0,A40-10L-V2-kv1100-6.7PG,20x15E,9.305992993621247,1.1044336498111278,22.636036129717088,0.3155695297440107,10.397413081041082,12.476895697249297,12.683720589783253,112.82188819772445,114.89720750577303,6.840517957820491,0.007844982288697011,0.007844982288697011,-939.1017471091187,827.7397761503605,0.0,926.0540780049105,2587.7253167453887,24.0,False,"SOC floor violated (min 0.008, unmet 828 Wh); did not refill (end SOC 0.008); FLAG 20x15E: (12.48 m/s, 1886 rpm) not on the map; used C_T(J) similarity; FLAG 20x15E: (12.68 m/s, 1919 rpm) not on the map; used C_T(J) similarity"
4.0,0.36,1.3,0.34,0.6,0.0,0.216,0.78,1.56,1.56,0.21885521885521886,1.085774926332173,5.640218650113167,1.740493334431651,2,one_per_bay,True,24+15+15+12,4,66,24,15,12,A40-10L-V2-kv1100-6.7PG,20x15E,9.92531201042669,1.2643199999999999,12.655024044545685,0.7138768972518852,10.035923288034752,12.043107945641703,12.242742098805403,132.5545415915861,134.93858171939712,6.134057541664101,0.004912137312468926,0.09805308347102223,-939.232013813124,939.232013813124,0.15517980948776966,1389.0811170073657,3074.023878879725,18.666666666666668,False,"SOC floor violated (min 0.005, unmet 939 Wh); did not refill (end SOC 0.098); FLAG 20x15E: (12.04 m/s, 1922 rpm) not on the map; used C_T(J) similarity; FLAG 20x15E: (12.24 m/s, 1955 rpm) not on the map; used C_T(J) similarity"
4.0,0.3,1.3,0.34,0.6,0.5,0.18,1.3250000000000002,1.3,1.3,0.21885521885521889,1.1635375609202212,5.470206442476555,1.4623888163923309,2,one_per_bay,True,20+16+16+10,4,62,20,16,10,A40-10L-V2-kv1100-6.7PG,20x15E,9.572185304439225,1.119,14.298480786416443,0.7487001514916676,10.476211518765988,12.571453822519185,12.779846170177535,130.56084252533805,138.59739134168169,6.560688353863321,0.0032243453567387757,0.036144037131343586,-941.0544591329914,941.0544591329914,0.1710402640316483,1304.894382643283,3051.633827485744,19.25,False,"SOC floor violated (min 0.003, unmet 941 Wh); did not refill (end SOC 0.036); FLAG 20x15E: (12.57 m/s, 1956 rpm) not on the map; used C_T(J) similarity"
4.0,0.36,1.3,0.34,0.6,0.5,0.216,1.4224999999999999,1.69,1.69,0.21885521885521889,1.0306891862832923,5.7432388133792855,1.9007953614656485,2,one_per_bay,True,26+15+15+13,4,69,26,15,13,A40-10L-V2-kv1100-6.7PG,20x15E,10.13891642791273,1.3568399999999998,11.792105185578256,0.6798085550223374,9.791409305340105,11.749691166408125,11.944461457974743,134.157988728264,136.57744302998148,5.891766146457851,0.0025787434581647332,0.12455611723271502,-941.6916714897845,941.6916714897845,0.3131695541298356,1452.2211677804291,3113.703591713199,18.25,False,"SOC floor violated (min 0.003, unmet 942 Wh); did not refill (end SOC 0.125); FLAG 20x15E: (11.75 m/s, 1906 rpm) not on the map; used C_T(J) similarity; FLAG 20x15E: (11.94 m/s, 1939 rpm) not on the map; used C_T(J) similarity"
4.0,0.36,1.3,0.28,0.4,0.5,0.144,1.3900000000000001,1.56,1.56,0.2006172839506173,0.9194262477560811,5.715396964600654,1.6950907509437994,2,one_per_bay,True,24+15+15+12,4,66,24,15,12,A40-10L-V2-kv1100-6.7PG,20x15E,9.966257065558937,1.30824,12.230171833914266,0.6117335877280149,9.886352326045763,11.863622791254915,12.060281685294212,132.83638071765205,135.20624163083545,6.04341262167621,0.002092601300098541,0.09384993850490159,-941.8613307218548,941.8613307218548,0.1245481642978324,1389.0811170073657,3080.7123954272975,18.666666666666668,False,"SOC floor violated (min 0.002, unmet 942 Wh); did not refill (end SOC 0.094); FLAG 20x15E: (11.86 m/s, 1910 rpm) not on the map; used C_T(J) similarity; FLAG 20x15E: (12.06 m/s, 1942 rpm) not on the map; used C_T(J) similarity"
4.0,0.3,1.3,0.34,0.6,0.5,0.18,1.3900000000000001,1.56,1.56,0.21885521885521886,1.3786540922369162,5.479103243055535,1.638493304665764,2,one_per_bay,True,24+15+15+12,4,66,24,15,12,A40-10L-V2-kv1100-6.7PG,20x15E,9.669332494365152,1.1268,14.199503017394392,0.9249459781250692,10.492732012942978,12.591278415531574,12.799999388147508,132.7298201615635,140.35792639902564,6.486726406234932,0.0017144722168703549,0.06773016429421093,-942.0245887315847,942.0245887315847,0.08368459988100341,1389.081117007366,3106.198917143976,18.666666666666668,False,"SOC floor violated (min 0.002, unmet 942 Wh); did not refill (end SOC 0.068); FLAG 20x15E: (12.59 m/s, 1965 rpm) not on the map; used C_T(J) similarity"
4.5,0.36,1.6,0.34,0.4,0.0,0.144,0.34912303194307287,0.6982460638861457,0.0,0.15516579195441474,0.5,5.292191269683881,-0.14019134159524071,2,one_per_bay,True,20+20+10,3,50,10,20,0,A40-10L-V2-kv1100-6.7PG,20x15E,9.583424313400107,1.2094105748997037,16.743693515065658,0.30480647608406547,10.082941112797224,12.099529335356669,12.300098765062513,117.17388739615484,119.24025093968972,6.476862642364235,0.00032258844148041164,0.004129695280959635,-942.690714358593,808.0578035824302,0.21353381515784045,1052.334179551035,2697.51140332851,21.416666666666668,False,"SOC floor violated (min 0.000, unmet 808 Wh); did not refill (end SOC 0.004); FLAG 20x15E: (12.10 m/s, 1872 rpm) not on the map; used C_T(J) similarity; FLAG 20x15E: (12.30 m/s, 1904 rpm) not on the map; used C_T(J) similarity"
4.0,0.36,1.6,0.28,0.6,0.5,0.216,1.1980636454752494,0.7922545819009975,0.0,0.1760565736713846,0.49999999999999994,5.706553277203362,0.6246189006411305,2,one_per_bay,True,22+22+12,3,56,12,22,0,A40-10L-V2-kv1100-6.7PG,20x15E,9.869114898927705,1.3245211649484359,12.079837169399166,0.28884283425156393,9.777400485069085,11.732880582082903,11.927372210800934,127.60411546079625,129.8614514185645,6.088938400502165,0.0,0.013766993388982558,-943.6482532446425,943.6482532446425,0.10885522892819684,1178.6142810971592,2949.8351129218445,20.75,False,"SOC floor violated (min 0.000, unmet 944 Wh); did not refill (end SOC 0.014); FLAG 20x15E: (11.73 m/s, 1882 rpm) not on the map; used C_T(J) similarity; FLAG 20x15E: (11.93 m/s, 1914 rpm) not on the map; used C_T(J) similarity"
4.0,0.36,1.6,0.34,0.6,0.5,0.216,1.1980636454752494,0.7922545819009975,0.0,0.1760565736713846,0.49999999999999994,5.706553277203362,0.6246189006411305,2,one_per_bay,True,22+22+12,3,56,12,22,0,A40-10L-V2-kv1100-6.7PG,20x15E,9.869114898927705,1.3245211649484359,12.079837169399166,0.28884283425156393,9.777400485069085,11.732880582082903,11.927372210800934,127.60411546079625,129.8614514185645,6.088938400502165,0.0,0.013766993388982558,-943.6482532446425,943.6482532446425,0.10885522892819684,1178.6142810971592,2949.8351129218445,20.75,False,"SOC floor violated (min 0.000, unmet 944 Wh); did not refill (end SOC 0.014); FLAG 20x15E: (11.73 m/s, 1882 rpm) not on the map; used C_T(J) similarity; FLAG 20x15E: (11.93 m/s, 1914 rpm) not on the map; used C_T(J) similarity"
4.0,0.36,1.3,0.34,0.6,0.0,0.216,0.845,1.69,1.69,0.21885521885521889,1.159686420025425,5.6505120812630985,1.8278748828412303,2,one_per_bay,True,26+14+14+13,4,67,26,14,13,A40-10L-V2-kv1100-6.7PG,20x15E,9.975560490189654,1.27368,12.562024998429747,0.774465881259979,10.024258132506487,12.029109759007785,12.228511869400872,133.4983677693803,135.90939921429174,6.092131020919115,9.657789372546563e-05,0.10045400884087963,-943.7419697632156,943.7419697632156,0.09792835318521753,1410.1278005983872,3097.2214994121296,18.5,False,"SOC floor violated (min 0.000, unmet 944 Wh); did not refill (end SOC 0.100); FLAG 20x15E: (12.03 m/s, 1924 rpm) not on the map; used C_T(J) similarity; FLAG 20x15E: (12.23 m/s, 1957 rpm) not on the map; used C_T(J) similarity"
4.0,0.3,1.3,0.34,1.0,1.0,0.3,2.0,1.3,1.3,0.21885521885521889,1.0274036662925554,5.661800784444251,1.5187730473000087,2,one_per_bay,True,20+20+20+10,4,70,20,20,10,A40-10L-V2-kv1100-6.7PG,20x15E,9.779713815208456,1.2,13.333333333333334,0.6533200391827596,10.225538849471821,12.270646619366184,12.47405259709926,134.72867642991304,143.27120846183155,6.292703754324957,0.0,0.09797929637246268,-944.1035446242248,944.1035446242248,0.1428757748583062,1473.2678513714495,3163.319671170789,18.166666666666664,False,"SOC floor violated (min 0.000, unmet 944 Wh); did not refill (end SOC 0.098); FLAG 20x15E: (12.27 m/s, 1946 rpm) not on the map; used C_T(J) similarity"
4.0,0.3,1.3,0.28,0.6,0.5,0.18,1.1828288891427603,0.7313155565710412,0.0,0.16251456807266682,0.5,5.450523332324675,0.16043238289520323,2,one_per_bay,True,20+20+10,3,50,10,20,0,A40-10L-V2-kv1100-6.7PG,20x15E,9.153877831965394,1.1019394666971312,14.519853842749795,0.2984737731062513,10.323749071417456,12.388498885700947,12.593858456932837,123.08271016212653,125.24498605074774,6.84900989553898,0.009041444699033417,0.009041444699033417,-949.504803726952,949.504803726952,0.0,1052.3341795510353,2833.985043891048,24.0,False,"SOC floor violated (min 0.009, unmet 950 Wh); did not refill (end SOC 0.009); FLAG 20x15E: (12.39 m/s, 1916 rpm) not on the map; used C_T(J) similarity; FLAG 20x15E: (12.59 m/s, 1948 rpm) not on the map; used C_T(J) similarity"
4.0,0.3,1.3,0.34,0.6,0.5,0.18,1.1828288891427603,0.7313155565710412,0.0,0.16251456807266682,0.5,5.450523332324675,0.16043238289520323,2,one_per_bay,True,20+20+10,3,50,10,20,0,A40-10L-V2-kv1100-6.7PG,20x15E,9.153877831965394,1.1019394666971312,14.519853842749795,0.2984737731062513,10.323749071417456,12.388498885700947,12.593858456932837,123.08271016212653,125.24498605074774,6.84900989553898,0.009041444699033417,0.009041444699033417,-949.504803726952,949.504803726952,0.0,1052.3341795510353,2833.985043891048,24.0,False,"SOC floor violated (min 0.009, unmet 950 Wh); did not refill (end SOC 0.009); FLAG 20x15E: (12.39 m/s, 1916 rpm) not on the map; used C_T(J) similarity; FLAG 20x15E: (12.59 m/s, 1948 rpm) not on the map; used C_T(J) similarity"
4.0,0.36,1.3,0.28,0.4,0.5,0.144,1.4224999999999999,1.69,1.69,0.2006172839506173,0.9870258867444162,5.7241980157414725,1.7920117621400655,2,one_per_bay,True,26+14+14+13,4,67,26,14,13,A40-10L-V2-kv1100-6.7PG,20x15E,10.010220585874984,1.3152599999999999,12.164895153809894,0.6665105556160906,9.88165689800167,11.857988277602004,12.054553770389175,133.77032765659655,136.16560409956972,6.008807912426967,0.009243489433558206,0.10801829698782447,-957.4101117011323,957.4101117011323,0.2937812829345626,1410.1278005983875,3103.462277824429,18.583333333333336,False,"SOC floor violated (min 0.009, unmet 957 Wh); did not refill (end SOC 0.108); FLAG 20x15E: (11.86 m/s, 1913 rpm) not on the map; used C_T(J) similarity; FLAG 20x15E: (12.05 m/s, 1945 rpm) not on the map; used C_T(J) similarity"
4.0,0.3,1.3,0.28,0.6,0.5,0.18,1.4224999999999999,1.69,1.69,0.2006172839506173,1.3605097258939458,5.483465441265491,1.6605699865000534,2,one_per_bay,True,26+13+13+13,4,65,26,13,13,A40-10L-V2-kv1100-6.7PG,20x15E,9.654888216151909,1.1307,14.150526222693905,0.9440784901638236,10.466794122538625,12.56015294704635,12.768357964265144,132.76215306202468,140.50691773869394,6.486177190561131,0.007930942052949724,0.06242708593140078,-958.0278481572557,958.0278481572557,0.13692228098150847,1368.0344334163456,3106.3062909847145,18.833333333333332,False,"SOC floor violated (min 0.008, unmet 958 Wh); did not refill (end SOC 0.062); FLAG 20x15E: (12.56 m/s, 1962 rpm) not on the map; used C_T(J) similarity"
4.5,0.3,1.3,0.34,0.4,0.0,0.12,0.3211396626139514,0.6422793252279028,0.0,0.14272873875652625,0.5,5.118168042881535,-0.482844611932173,2,one_per_bay,True,17+17+8,3,42,8,17,0,A40-10L-V2-kv1100-6.7PG,20x15E,8.883795623707076,1.0028051392705113,20.193354827370374,0.31186990989156993,10.661167259448428,12.793400711338114,13.005472190612377,116.50115933720481,118.64796308426239,7.251200803905839,0.007714845786108956,0.007714845786108956,-958.2814727435072,958.2814727435072,0.0,883.9607108228695,2676.0278240929233,24.0,False,"SOC floor violated (min 0.008, unmet 958 Wh); did not refill (end SOC 0.008); FLAG 20x15E: (12.79 m/s, 1925 rpm) not on the map; used C_T(J) similarity; FLAG 20x15E: (13.01 m/s, 1958 rpm) not on the map; used C_T(J) similarity"
4.0,0.3,1.3,0.28,1.0,1.0,0.3,2.0,1.56,1.56,0.2006172839506173,1.1301440329218109,5.66184738106749,1.655865183960519,2,one_per_bay,True,24+18+18+12,4,72,24,18,12,A40-10L-V2-kv1100-6.7PG,20x15E,9.810160448205089,1.2,13.333333333333334,0.764095744680851,10.241443777612984,12.289732533135581,12.493454891013206,135.9682111189951,144.286335972031,6.271607509540952,0.00801998920529384,0.1255436617421315,-958.7502812139925,958.7502812139925,0.09631738508163797,1515.3612185534898,3193.1458159741105,18.0,False,"SOC floor violated (min 0.008, unmet 959 Wh); did not refill (end SOC 0.126); FLAG 20x15E: (12.29 m/s, 1952 rpm) not on the map; used C_T(J) similarity"
4.0,0.36,1.3,0.34,0.4,0.5,0.144,1.3900000000000001,1.56,1.56,0.21885521885521886,1.003010452097543,5.715452333345467,1.7608464882693582,2,one_per_bay,True,24+15+15+12,4,66,24,15,12,A40-10L-V2-kv1100-6.7PG,20x15E,10.003136358488229,1.30824,12.230171833914266,0.6551607749374533,9.904627241554461,11.885552689865353,12.08257510773569,133.48659229457377,135.87435468004313,6.024781187111118,0.007385654309653775,0.09548882110037576,-959.0608403412731,959.0608403412731,0.2717493489948784,1389.0811170073657,3096.213967593475,18.75,False,"SOC floor violated (min 0.007, unmet 959 Wh); did not refill (end SOC 0.095); FLAG 20x15E: (11.89 m/s, 1914 rpm) not on the map; used C_T(J) similarity; FLAG 20x15E: (12.08 m/s, 1946 rpm) not on the map; used C_T(J) similarity"
4.0,0.36,1.3,0.28,0.4,0.0,0.144,0.78,1.56,1.56,0.2006172839506173,1.1097599619408807,5.55151945339473,1.5936336547319745,2,one_per_bay,True,24+13+13+12,4,62,24,13,12,A40-10L-V2-kv1100-6.7PG,20x15E,9.70078402137432,1.17648,13.599891200870394,0.7529091811813379,10.285487872562227,12.342585447074672,12.547183928189265,131.56443727327064,133.93253098588235,6.38986777890955,0.00631473578774056,0.05868267950287212,-959.6038669821572,959.6038669821572,0.1455114724148506,1304.8943826432835,3048.4002574079655,19.416666666666668,False,"SOC floor violated (min 0.006, unmet 960 Wh); did not refill (end SOC 0.059); FLAG 20x15E: (12.34 m/s, 1941 rpm) not on the map; used C_T(J) similarity; FLAG 20x15E: (12.55 m/s, 1974 rpm) not on the map; used C_T(J) similarity"
4.0,0.36,1.3,0.28,0.6,0.5,0.216,1.3250000000000002,1.3,1.3,0.20061728395061726,0.7406778454931964,5.726907480300594,1.475993522841895,2,one_per_bay,True,20+18+18,3,56,20,18,0,A40-10L-V2-kv1100-6.7PG,20x15E,9.792447131388375,1.3428,11.915400655347035,0.4709883075405683,9.672833326287062,11.607399991544474,11.799811574850334,128.19454983803013,130.47018643511942,6.085974852638131,0.004462377071088633,0.016439876719181366,-960.524351939068,960.524351939068,0.13112278474168684,1178.6142810971592,2964.0650150532647,20.75,False,"SOC floor violated (min 0.004, unmet 961 Wh); did not refill (end SOC 0.016); FLAG 20x15E: (11.61 m/s, 1875 rpm) not on the map; used C_T(J) similarity; FLAG 20x15E: (11.80 m/s, 1907 rpm) not on the map; used C_T(J) similarity"
4.0,0.4,1.6,0.28,0.4,0.0,0.16000000000000003,0.37011659834047966,0.7402331966809593,0.0,0.1644962658609649,0.5,5.581184174702937,0.38643035264330416,2,one_per_bay,True,19+19+15,3,53,15,19,0,A40-10L-V2-kv1100-6.7PG,20x15E,9.626305805653349,1.208827983601715,13.23596096139985,0.29384878920853114,10.107909095947525,12.12949091513703,12.33055700688675,126.19234955525529,128.4175892590377,6.3987099263443445,0.0034982557017775966,0.004087053273741919,-960.9797819853186,960.9797819853186,0.29640430149951646,1115.4742303240976,2913.2523053756618,21.916666666666664,False,"SOC floor violated (min 0.003, unmet 961 Wh); did not refill (end SOC 0.004); FLAG 20x15E: (12.13 m/s, 1907 rpm) not on the map; used C_T(J) similarity; FLAG 20x15E: (12.33 m/s, 1939 rpm) not on the map; used C_T(J) similarity"
4.0,0.4,1.6,0.34,0.4,0.0,0.16000000000000003,0.37011659834047966,0.7402331966809593,0.0,0.1644962658609649,0.5,5.581184174702937,0.38643035264330416,2,one_per_bay,True,19+19+15,3,53,15,19,0,A40-10L-V2-kv1100-6.7PG,20x15E,9.626305805653349,1.208827983601715,13.23596096139985,0.29384878920853114,10.107909095947525,12.12949091513703,12.33055700688675,126.19234955525529,128.4175892590377,6.3987099263443445,0.0034982557017775966,0.004087053273741919,-960.9797819853186,960.9797819853186,0.29640430149951646,1115.4742303240976,2913.2523053756618,21.916666666666664,False,"SOC floor violated (min 0.003, unmet 961 Wh); did not refill (end SOC 0.004); FLAG 20x15E: (12.13 m/s, 1907 rpm) not on the map; used C_T(J) similarity; FLAG 20x15E: (12.33 m/s, 1939 rpm) not on the map; used C_T(J) similarity"
4.0,0.36,1.3,0.28,0.4,0.5,0.144,1.2132812680256477,0.8531250721025913,0.0,0.18958334931624998,0.5,5.667265994597769,0.5120416535777204,2,one_per_bay,True,20+20+12,3,52,12,20,0,A40-10L-V2-kv1100-6.7PG,20x15E,9.535428753681892,1.2700687538935398,12.597743193783947,0.29119894816768577,9.814546792488319,11.777456150985982,11.97268669244896,125.26753282727276,127.47203803770857,6.334558654602965,0.006756193602299412,0.006756193602299412,-961.2646996311196,961.2646996311196,0.0,1094.427546733077,2889.9112544377244,22.416666666666668,False,"SOC floor violated (min 0.007, unmet 961 Wh); did not refill (end SOC 0.007); FLAG 20x15E: (11.78 m/s, 1877 rpm) not on the map; used C_T(J) similarity; FLAG 20x15E: (11.97 m/s, 1909 rpm) not on the map; used C_T(J) similarity"
4.0,0.36,1.3,0.34,0.4,0.5,0.144,1.2132812680256477,0.8531250721025913,0.0,0.18958334931624998,0.5,5.667265994597769,0.5120416535777204,2,one_per_bay,True,20+20+12,3,52,12,20,0,A40-10L-V2-kv1100-6.7PG,20x15E,9.535428753681892,1.2700687538935398,12.597743193783947,0.29119894816768577,9.814546792488319,11.777456150985982,11.97268669244896,125.26753282727276,127.47203803770857,6.334558654602965,0.006756193602299412,0.006756193602299412,-961.2646996311196,961.2646996311196,0.0,1094.427546733077,2889.9112544377244,22.416666666666668,False,"SOC floor violated (min 0.007, unmet 961 Wh); did not refill (end SOC 0.007); FLAG 20x15E: (11.78 m/s, 1877 rpm) not on the map; used C_T(J) similarity; FLAG 20x15E: (11.97 m/s, 1909 rpm) not on the map; used C_T(J) similarity"
4.0,0.3,1.3,0.34,0.4,0.5,0.12,1.3250000000000002,1.3,1.3,0.21885521885521889,1.2260186948598513,5.449695111450414,1.4217836379070787,2,one_per_bay,True,20+16+16+10,4,62,20,16,10,A40-10L-V2-kv1100-6.7PG,20x15E,9.50042104905461,1.0785,14.83541956420955,0.7935481277557686,10.63102415393465,12.75722898472158,12.968700858641132,131.65469779752112,138.7353260538343,6.663916782428463,0.004050218157261278,0.03645898174037349,-961.8963278610838,961.8963278610838,0.14805114533954367,1304.894382643283,3072.165626648608,19.416666666666668,False,"SOC floor violated (min 0.004, unmet 962 Wh); did not refill (end SOC 0.036); FLAG 20x15E: (12.76 m/s, 1974 rpm) not on the map; used C_T(J) similarity"
4.0,0.36,1.3,0.34,0.4,0.5,0.144,1.4224999999999999,1.69,1.69,0.21885521885521889,1.0767555128120907,5.7242563322340345,1.8532602313666868,2,one_per_bay,True,26+14+14+13,4,67,26,14,13,A40-10L-V2-kv1100-6.7PG,20x15E,10.04923845905119,1.3152599999999999,12.164895153809894,0.7146375264083659,9.900896546732175,11.88107585607861,12.078024063128462,134.46894921778426,136.88361913035132,5.989220709266436,0.002346999312476908,0.0974106289885644,-963.7908078212013,963.7908078212013,0.1741121111376292,1410.1278005983875,3120.133020760507,18.666666666666668,False,"SOC floor violated (min 0.002, unmet 964 Wh); did not refill (end SOC 0.097); FLAG 20x15E: (11.88 m/s, 1917 rpm) not on the map; used C_T(J) similarity; FLAG 20x15E: (12.08 m/s, 1950 rpm) not on the map; used C_T(J) similarity"
4.0,0.36,1.3,0.28,0.4,0.0,0.144,0.845,1.69,1.69,0.2006172839506173,1.1762923337598783,5.568958701887714,1.681317230306286,2,one_per_bay,True,26+13+12+12,4,63,26,12,13,A40-10L-V2-kv1100-6.7PG,20x15E,9.757186679290369,1.1905199999999998,13.439505426200318,0.8091390919319312,10.254339979794512,12.305207975753413,12.50918686432858,132.51501375686746,134.91158374275986,6.333569157755034,0.0020112056433358467,0.060617545512190084,-963.8304692815815,963.8304692815815,0.11912420912721207,1325.9410662343043,3071.744037597802,19.25,False,"SOC floor violated (min 0.002, unmet 964 Wh); did not refill (end SOC 0.061); FLAG 20x15E: (12.31 m/s, 1942 rpm) not on the map; used C_T(J) similarity; FLAG 20x15E: (12.51 m/s, 1975 rpm) not on the map; used C_T(J) similarity"
4.0,0.3,1.3,0.28,0.4,0.5,0.12,1.3900000000000001,1.56,1.56,0.2006172839506173,1.3239737967687566,5.464535762816795,1.5482277501670725,2,one_per_bay,True,24+14+14+12,4,64,24,14,12,A40-10L-V2-kv1100-6.7PG,20x15E,9.551599578051244,1.0902,14.67620620069712,0.9095989264491812,10.602266536071031,12.722719843285237,12.933619671910657,132.91300583029152,139.9744180144779,6.608275731562023,0.002052799996207952,0.04865025974951315,-964.088011585397,964.088011585397,0.09584446523813739,1346.9877498253245,3104.630749832587,19.083333333333332,False,"SOC floor violated (min 0.002, unmet 964 Wh); did not refill (end SOC 0.049); FLAG 20x15E: (12.72 m/s, 1975 rpm) not on the map; used C_T(J) similarity"
4.0,0.3,1.6,0.28,1.0,1.0,0.3,2.0,0.7115124735378854,0.0,0.15811388300841894,0.5,5.66155077672663,0.3645266711343145,2,one_per_bay,True,24+24+10,3,58,10,24,0,A40-10L-V2-kv1100-6.7PG,20x15E,9.617962956340737,1.2,13.333333333333334,0.2942307692307692,10.140624000168009,12.16874880020161,12.370465655414982,129.83958056791,132.1339333127712,6.394367214402509,0.0003277136181616489,0.022041734431693674,-964.5549280591478,964.5549280591478,0.22683144147664316,1220.7076482792,3004.562560361005,20.333333333333332,False,"SOC floor violated (min 0.000, unmet 965 Wh); did not refill (end SOC 0.022); FLAG 20x15E: (12.17 m/s, 1922 rpm) not on the map; used C_T(J) similarity; FLAG 20x15E: (12.37 m/s, 1955 rpm) not on the map; used C_T(J) similarity"
4.0,0.3,1.6,0.34,1.0,1.0,0.3,2.0,0.7115124735378854,0.0,0.15811388300841894,0.5,5.66155077672663,0.3645266711343145,2,one_per_bay,True,24+24+10,3,58,10,24,0,A40-10L-V2-kv1100-6.7PG,20x15E,9.617962956340737,1.2,13.333333333333334,0.2942307692307692,10.140624000168009,12.16874880020161,12.370465655414982,129.83958056791,132.1339333127712,6.394367214402509,0.0003277136181616489,0.022041734431693674,-964.5549280591478,964.5549280591478,0.22683144147664316,1220.7076482792,3004.562560361005,20.333333333333332,False,"SOC floor violated (min 0.000, unmet 965 Wh); did not refill (end SOC 0.022); FLAG 20x15E: (12.17 m/s, 1922 rpm) not on the map; used C_T(J) similarity; FLAG 20x15E: (12.37 m/s, 1955 rpm) not on the map; used C_T(J) similarity"
4.0,0.3,1.3,0.34,1.0,1.0,0.3,2.0,1.56,1.56,0.21885521885521886,1.2328843995510665,5.661903629173947,1.7094802241204488,2,one_per_bay,True,24+18+18+12,4,72,24,18,12,A40-10L-V2-kv1100-6.7PG,20x15E,9.847039741134383,1.2,13.333333333333334,0.8183391761612621,10.260676026865129,12.312811232238154,12.516916157188355,136.64844454849222,144.795220432606,6.251683712616142,0.0014241793828653013,0.11596847608936496,-965.0420102329922,965.0420102329922,0.26386939097456025,1515.3612185534898,3208.443324468495,18.0,False,"SOC floor violated (min 0.001, unmet 965 Wh); did not refill (end SOC 0.116); FLAG 20x15E: (12.31 m/s, 1956 rpm) not on the map; used C_T(J) similarity"
4.0,0.3,1.3,0.34,0.6,0.5,0.18,1.4224999999999999,1.69,1.69,0.21885521885521889,1.484192428247941,5.483525899678867,1.7051367860417215,2,one_per_bay,True,26+13+13+13,4,65,26,13,13,A40-10L-V2-kv1100-6.7PG,20x15E,9.693906089328115,1.1307,14.150526222693905,1.0122479100460504,10.487922294296698,12.585506753156038,12.794132051056119,133.48990731648607,141.02232941375527,6.463417783981583,0.0011448365417186263,0.05322087291518189,-965.0956222513756,965.0956222513756,0.2748586848398299,1368.0344334163458,3122.047587923444,18.916666666666664,False,"SOC floor violated (min 0.001, unmet 965 Wh); did not refill (end SOC 0.053); FLAG 20x15E: (12.59 m/s, 1967 rpm) not on the map; used C_T(J) similarity"
4.0,0.36,1.6,0.34,0.6,0.5,0.216,1.3250000000000002,1.3,1.3,0.21885521885521889,0.994476547795061,5.727586880316702,1.7831367385660855,2,one_per_bay,True,20+18+18+10,4,66,20,18,10,A40-10L-V2-kv1100-6.7PG,20x15E,10.24647135951615,1.3428,11.915400655347035,0.619101855910718,9.894531875692243,11.873438250830691,12.070259852118745,134.1935231660413,136.5899665626277,5.873066218658947,0.0003460683475388811,0.08487343055454231,-965.578426839019,965.578426839019,0.15248070189745042,1389.0811170073657,3113.026180200681,18.833333333333332,False,"SOC floor violated (min 0.000, unmet 966 Wh); did not refill (end SOC 0.085); FLAG 20x15E: (11.87 m/s, 1915 rpm) not on the map; used C_T(J) similarity; FLAG 20x15E: (12.07 m/s, 1948 rpm) not on the map; used C_T(J) similarity"
4.0,0.36,1.3,0.34,0.4,0.0,0.144,0.65,1.3,1.3,0.21885521885521889,1.0554360477199987,5.516740258739381,1.4386469943108464,2,one_per_bay,True,20+14+14+10,4,58,20,14,10,A40-10L-V2-kv1100-6.7PG,20x15E,9.604580837977688,1.1484,13.932427725531173,0.676238479374631,10.358726561252249,12.430471873502698,12.636527215453691,130.08861458702978,132.43980186174338,6.49507630757716,0.008917782693170388,0.029656698064432892,-977.9784698939471,977.9784698939471,0.17585334998128133,1220.7076482792,3010.7477700960026,20.333333333333332,False,"SOC floor violated (min 0.009, unmet 978 Wh); did not refill (end SOC 0.030); FLAG 20x15E: (12.43 m/s, 1943 rpm) not on the map; used C_T(J) similarity; FLAG 20x15E: (12.64 m/s, 1976 rpm) not on the map; used C_T(J) similarity"
4.0,0.36,1.3,0.28,0.6,0.0,0.216,0.65,1.3,1.3,0.20061728395061726,0.8538101012669612,5.619421747397698,1.4450429986006654,2,one_per_bay,True,20+17+17,3,54,20,17,0,A40-10L-V2-kv1100-6.7PG,20x15E,9.604212918465299,1.2456,12.845215157353886,0.5508549183818426,9.946157748263383,11.935389297916059,12.133237838834507,127.54359702425013,129.8104383776921,6.333112183412347,0.007460780596850349,0.009703385656838726,-978.3435574330877,978.3435574330877,0.17498830370960877,1136.520913915118,2946.3356250733755,21.666666666666668,False,"SOC floor violated (min 0.007, unmet 978 Wh); did not refill (end SOC 0.010); FLAG 20x15E: (11.94 m/s, 1897 rpm) not on the map; used C_T(J) similarity; FLAG 20x15E: (12.13 m/s, 1929 rpm) not on the map; used C_T(J) similarity"
4.0,0.36,1.3,0.34,0.4,0.0,0.144,0.78,1.56,1.56,0.21885521885521886,1.2106472312082335,5.551576334497381,1.6481734091316422,2,one_per_bay,True,24+13+13+12,4,62,24,13,12,A40-10L-V2-kv1100-6.7PG,20x15E,9.737663314303614,1.17648,13.599891200870394,0.8063584744992068,10.305020401483427,12.366024481780112,12.571011503117504,132.23200467520195,140.8660339744456,6.369462070229179,0.008523454423934807,0.03315667511361791,-978.924264691787,978.924264691787,0.14341703740457254,1304.8943826432826,3092.4212440514607,19.5,False,"SOC floor violated (min 0.009, unmet 979 Wh); did not refill (end SOC 0.033); FLAG 20x15E: (12.37 m/s, 1945 rpm) not on the map; used C_T(J) similarity"
4.0,0.3,1.3,0.28,0.4,0.5,0.12,1.4224999999999999,1.69,1.69,0.2006172839506173,1.4213172769119593,5.471983735541759,1.6177050600758314,2,one_per_bay,True,26+13+13+13,4,65,26,13,13,A40-10L-V2-kv1100-6.7PG,20x15E,9.593489908767292,1.09605,14.597874184571872,0.9912487236065757,10.597096308934965,12.716515570721958,12.927312553412193,133.85938355954193,140.81408853528785,6.5709739936576375,0.009208475275008754,0.062381816614113704,-979.0634797227735,979.0634797227735,0.09993764952139372,1368.0344334163456,3127.398730307746,19.0,False,"SOC floor violated (min 0.009, unmet 979 Wh); did not refill (end SOC 0.062); FLAG 20x15E: (12.72 m/s, 1978 rpm) not on the map; used C_T(J) similarity"
4.0,0.36,1.3,0.28,1.0,1.0,0.36,2.0,0.9472226608515915,0.0,0.210493924633687,0.5,5.938806050251499,0.863711519132337,2,one_per_bay,True,22+22+14+7,4,65,14,22,7,A40-10L-V2-kv1100-6.7PG,20x15E,10.095356574247969,1.44,11.11111111111111,0.2838461538461538,9.484039159270965,11.380846991125159,11.56950308900404,133.98556067234784,136.36542563636908,5.784744495141506,0.00915281673673395,0.08315107410113641,-979.3364687627318,979.3364687627318,0.11484208566546764,1368.034433416346,3107.552780956455,19.0,False,"SOC floor violated (min 0.009, unmet 979 Wh); did not refill (end SOC 0.083); FLAG 20x15E: (11.38 m/s, 1879 rpm) not on the map; used C_T(J) similarity; FLAG 20x15E: (11.57 m/s, 1911 rpm) not on the map; used C_T(J) similarity"
4.0,0.3,1.3,0.28,1.0,1.0,0.3,2.0,1.3,1.3,0.20061728395061726,0.9417866941015091,5.661458769626605,1.4541748686996974,2,one_per_bay,True,20+20+20,3,60,20,20,0,A40-10L-V2-kv1100-6.7PG,20x15E,9.55911168277299,1.2,13.333333333333334,0.6117171121593291,10.109551705290558,12.13146204634867,12.33256081281259,131.39164939688453,133.73014340095517,6.409759231716169,0.008022580936013556,0.04135009157428008,-979.5220377876011,979.5220377876011,0.23158356100288793,1262.8010154612418,3042.94843604185,19.916666666666668,False,"SOC floor violated (min 0.008, unmet 980 Wh); did not refill (end SOC 0.041); FLAG 20x15E: (12.13 m/s, 1925 rpm) not on the map; used C_T(J) similarity; FLAG 20x15E: (12.33 m/s, 1957 rpm) not on the map; used C_T(J) similarity"
4.0,0.36,1.6,0.28,0.6,0.5,0.216,1.3900000000000001,1.56,1.56,0.2006172839506173,1.0801420950574132,5.7381874278733935,1.9330740224610286,2,one_per_bay,True,24+16+16+12,4,68,24,16,12,A40-10L-V2-kv1100-6.7PG,20x15E,10.293415834912782,1.35216,11.832919181161992,0.7139479024243751,9.882787783820689,11.859345340584825,12.055933328903931,135.42262209347894,137.85177304046616,5.833756414716073,0.009304951006694184,0.11162150490326223,-979.7652266771448,979.7652266771448,0.10656702619371097,1431.1744841894076,3143.503260451937,18.5,False,"SOC floor violated (min 0.009, unmet 980 Wh); did not refill (end SOC 0.112); FLAG 20x15E: (11.86 m/s, 1918 rpm) not on the map; used C_T(J) similarity; FLAG 20x15E: (12.06 m/s, 1951 rpm) not on the map; used C_T(J) similarity"
4.0,0.3,1.3,0.28,1.0,1.0,0.3,2.0,1.69,1.69,0.2006172839506173,1.2243227023319616,5.661871084503314,1.729799054474449,2,one_per_bay,True,26+16+16+13,4,71,26,16,13,A40-10L-V2-kv1100-6.7PG,20x15E,9.825684830921139,1.2,13.333333333333334,0.841005398865865,10.249544014243979,12.299452817092774,12.503336304528075,136.66007192701278,144.8585998102965,6.260485276102296,0.00915850938450565,0.11091169291775085,-980.2746044487952,980.2746044487952,0.21736947838236154,1494.3145349624706,3207.6664722341225,18.166666666666664,False,"SOC floor violated (min 0.009, unmet 980 Wh); did not refill (end SOC 0.111); FLAG 20x15E: (12.30 m/s, 1955 rpm) not on the map; used C_T(J) similarity"
4.0,0.36,1.6,0.34,0.6,0.0,0.216,0.65,1.3,1.3,0.21885521885521889,1.146374401701095,5.620115517044345,1.7117730071712198,2,one_per_bay,True,20+17+17+10,4,64,20,17,10,A40-10L-V2-kv1100-6.7PG,20x15E,10.05914761151615,1.2456,12.845215157353886,0.7240844344705331,10.178998346281286,12.214798015537543,12.417278211588592,133.7179960028304,136.1059536554478,6.105059506411934,0.006671252458659467,0.07047853039584348,-981.5133622460712,981.5133622460712,0.2788623691753168,1346.9877498253245,3100.773699388899,19.166666666666668,False,"SOC floor violated (min 0.007, unmet 982 Wh); did not refill (end SOC 0.070); FLAG 20x15E: (12.21 m/s, 1939 rpm) not on the map; used C_T(J) similarity; FLAG 20x15E: (12.42 m/s, 1972 rpm) not on the map; used C_T(J) similarity"
4.0,0.36,1.3,0.34,1.0,1.0,0.36,2.0,1.3,1.3,0.21885521885521889,0.713474768258719,5.938986013927709,1.59966988073305,2,one_per_bay,True,20+20+20+10,4,70,20,20,10,A40-10L-V2-kv1100-6.7PG,20x15E,10.217283476746918,1.44,11.11111111111111,0.43768172559629315,9.541139121324717,11.44936694558966,11.639158873450809,136.62863580757687,139.05887667327065,5.724991636567469,0.006639433442619061,0.12761868150909725,-982.7289267901353,982.7289267901353,0.23403317482502217,1473.2678513714498,3172.8586242874503,18.333333333333332,False,"SOC floor violated (min 0.007, unmet 983 Wh); did not refill (end SOC 0.128); FLAG 20x15E: (11.45 m/s, 1893 rpm) not on the map; used C_T(J) similarity; FLAG 20x15E: (11.64 m/s, 1925 rpm) not on the map; used C_T(J) similarity"
4.0,0.36,1.6,0.28,0.6,0.0,0.216,0.78,1.56,1.56,0.2006172839506173,1.224976839964503,5.640513682735131,1.8517795196181297,2,one_per_bay,True,24+15+15+12,4,66,24,15,12,A40-10L-V2-kv1100-6.7PG,20x15E,10.122589929312781,1.2643199999999999,12.655024044545685,0.8203787382746075,10.135170775536377,12.162204930643652,12.363813310547869,134.88430865719147,137.3059144645337,6.041047379814433,0.005155949878245861,0.08610912648292562,-983.3833449272743,983.3833449272743,0.08358062342347002,1389.0811170073657,3129.735037777216,18.833333333333332,False,"SOC floor violated (min 0.005, unmet 983 Wh); did not refill (end SOC 0.086); FLAG 20x15E: (12.16 m/s, 1939 rpm) not on the map; used C_T(J) similarity; FLAG 20x15E: (12.36 m/s, 1972 rpm) not on the map; used C_T(J) similarity"
4.0,0.36,1.3,0.34,0.4,0.0,0.144,0.845,1.69,1.69,0.21885521885521889,1.283228000465322,5.56901852769274,1.7327640390660273,2,one_per_bay,True,26+13+12+12,4,63,26,12,13,A40-10L-V2-kv1100-6.7PG,20x15E,9.796204552466577,1.1905199999999998,13.439505426200318,0.8675648934682632,10.274822489593406,12.329786987512087,12.534173313288695,133.23028023834294,141.83575115793275,6.3122424642868475,0.0038798590919854672,0.0335445162391787,-983.6485099328438,983.6485099328438,0.1890341258376722,1325.941066234304,3117.68559001163,19.333333333333336,False,"SOC floor violated (min 0.004, unmet 984 Wh); did not refill (end SOC 0.034); FLAG 20x15E: (12.33 m/s, 1946 rpm) not on the map; used C_T(J) similarity"
4.0,0.36,1.6,0.28,0.6,0.5,0.216,1.4224999999999999,1.69,1.69,0.2006172839506173,1.162828825550381,5.743523330756833,2.015059715140885,2,one_per_bay,True,26+15+15+13,4,69,26,15,13,A40-10L-V2-kv1100-6.7PG,20x15E,10.333189138828832,1.3568399999999998,11.792105185578256,0.7803410793939621,9.884771245701481,11.861725494841776,12.058352938099063,136.3434855217049,138.79732965861783,5.806479274229111,0.005035021336885539,0.11462584990388155,-984.0907058340309,984.0907058340309,0.24700093123332556,1452.221167780429,3165.7397952739348,18.5,False,"SOC floor violated (min 0.005, unmet 984 Wh); did not refill (end SOC 0.115); FLAG 20x15E: (11.86 m/s, 1922 rpm) not on the map; used C_T(J) similarity; FLAG 20x15E: (12.06 m/s, 1955 rpm) not on the map; used C_T(J) similarity"
4.0,0.36,1.3,0.28,1.0,1.0,0.36,2.0,1.56,1.56,0.2006172839506173,0.7848222450845909,5.939030617950325,1.7964953991287207,2,one_per_bay,True,24+18+18+12,4,72,24,18,12,A40-10L-V2-kv1100-6.7PG,20x15E,10.247730109743552,1.44,11.11111111111111,0.5118942080378249,9.555344436793728,11.466413324152473,11.65648782353621,137.70311112237584,140.13636577129034,5.70763277525066,0.004873286724391789,0.1461797234695974,-984.9759836692621,984.9759836692621,0.11528388418206721,1515.36121855349,3199.271423609767,18.083333333333332,False,"SOC floor violated (min 0.005, unmet 985 Wh); did not refill (end SOC 0.146); FLAG 20x15E: (11.47 m/s, 1898 rpm) not on the map; used C_T(J) similarity; FLAG 20x15E: (11.66 m/s, 1930 rpm) not on the map; used C_T(J) similarity"
4.0,0.36,1.6,0.34,0.6,0.5,0.216,1.3900000000000001,1.56,1.56,0.21885521885521886,1.1783368309717235,5.738241039959602,1.9890253103019508,2,one_per_bay,True,24+16+16+12,4,68,24,16,12,A40-10L-V2-kv1100-6.7PG,20x15E,10.330295127842074,1.35216,11.832919181161992,0.7646313205631783,9.900476001154333,11.8805712013852,12.077511042960555,136.08478888089712,138.53228445589713,5.816163084441057,0.003036024376170742,0.10155420585405807,-986.0364150720562,986.0364150720562,0.2424397603555614,1431.1744841894076,3159.292200839439,18.583333333333336,False,"SOC floor violated (min 0.003, unmet 986 Wh); did not refill (end SOC 0.102); FLAG 20x15E: (11.88 m/s, 1922 rpm) not on the map; used C_T(J) similarity; FLAG 20x15E: (12.08 m/s, 1955 rpm) not on the map; used C_T(J) similarity"
4.0,0.36,1.3,0.28,0.4,0.5,0.144,1.3250000000000002,1.3,1.3,0.20061728395061726,0.7804517154779145,5.6975101882249195,1.4414267305962678,2,one_per_bay,True,20+17+17,3,54,20,17,0,A40-10L-V2-kv1100-6.7PG,20x15E,9.690330024926837,1.2942,12.362849636841291,0.4999030686389099,9.801269689701833,11.7615236276422,11.956490061549232,128.3048163583957,130.5994829508423,6.207231773937312,0.0,0.000997697873730755,-986.7717407200947,986.7717407200947,0.21903958580661725,1136.5209139151184,2964.0961480024275,21.916666666666664,False,"SOC floor violated (min 0.000, unmet 987 Wh); did not refill (end SOC 0.001); FLAG 20x15E: (11.76 m/s, 1886 rpm) not on the map; used C_T(J) similarity; FLAG 20x15E: (11.96 m/s, 1919 rpm) not on the map; used C_T(J) similarity"
4.0,0.3,1.3,0.34,1.0,1.0,0.3,2.0,1.69,1.69,0.21885521885521889,1.335624766180322,5.661930494067896,1.7792901517378124,2,one_per_bay,True,26+16+16+13,4,71,26,16,13,A40-10L-V2-kv1100-6.7PG,20x15E,9.864702704097345,1.2,13.333333333333334,0.9017321824498846,10.269874361941946,12.323849234330336,12.52813713216513,137.3880390998727,145.40511853133245,6.239418572056981,0.002087672157612106,0.10101551717463386,-987.1298097736893,987.1298097736893,0.13765198068576723,1494.3145349624706,3224.079235080475,18.166666666666664,False,"SOC floor violated (min 0.002, unmet 987 Wh); did not refill (end SOC 0.101); FLAG 20x15E: (12.32 m/s, 1959 rpm) not on the map; used C_T(J) similarity"
4.0,0.36,1.6,0.28,0.6,0.0,0.216,0.845,1.69,1.69,0.2006172839506173,1.3083641661825307,5.650802361287737,1.9295156350422225,2,one_per_bay,True,26+14+14+13,4,67,26,14,13,A40-10L-V2-kv1100-6.7PG,20x15E,10.17061215442883,1.27368,12.562024998429747,0.8889966701233264,10.121785626254994,12.146142751505993,12.347484874598049,135.78630700741198,138.2337514611564,6.001275485297481,0.0012744145206016293,0.0892075583828591,-987.544818665312,987.544818665312,0.22575102379420758,1410.1278005983872,3151.7204515600465,18.75,False,"SOC floor violated (min 0.001, unmet 988 Wh); did not refill (end SOC 0.089); FLAG 20x15E: (12.15 m/s, 1941 rpm) not on the map; used C_T(J) similarity; FLAG 20x15E: (12.35 m/s, 1974 rpm) not on the map; used C_T(J) similarity"
4.0,0.36,1.6,0.34,0.4,0.5,0.144,1.3250000000000002,1.3,1.3,0.21885521885521889,1.0478792263759413,5.6981972590252585,1.7329405575993837,2,one_per_bay,True,20+17+17+10,4,64,20,17,10,A40-10L-V2-kv1100-6.7PG,20x15E,10.144809485516149,1.2942,12.362849636841291,0.6571095558314989,10.028477467771427,12.034172961325712,12.233659002553898,134.404198466993,136.81924630857173,5.98668304654029,0.0,0.06058249135557707,-988.2377299871712,988.2377299871712,0.15998026032132628,1346.9877498253245,3117.172240455334,19.25,False,"SOC floor violated (min 0.000, unmet 988 Wh); did not refill (end SOC 0.061); FLAG 20x15E: (12.03 m/s, 1928 rpm) not on the map; used C_T(J) similarity; FLAG 20x15E: (12.23 m/s, 1961 rpm) not on the map; used C_T(J) similarity"
4.0,0.36,1.6,0.34,0.6,0.0,0.216,0.78,1.56,1.56,0.21885521885521886,1.3363383708703669,5.640568197920295,1.9011593306456058,2,one_per_bay,True,24+15+15+12,4,66,24,15,12,A40-10L-V2-kv1100-6.7PG,20x15E,10.159469222242075,1.2643199999999999,12.655024044545685,0.878617719694628,10.1536165542415,12.1843398650898,12.386315167628394,135.55310814276748,137.99344408860597,6.022436994944133,0.0,0.07739925910066087,-989.8354342748568,989.8354342748568,0.18205463947901515,1389.0811170073657,3145.6796364844377,18.916666666666664,False,"SOC floor violated (min 0.000, unmet 990 Wh); did not refill (end SOC 0.077); FLAG 20x15E: (12.18 m/s, 1943 rpm) not on the map; used C_T(J) similarity; FLAG 20x15E: (12.39 m/s, 1976 rpm) not on the map; used C_T(J) similarity"
4.0,0.36,1.6,0.34,0.6,0.5,0.216,1.4224999999999999,1.69,1.69,0.21885521885521889,1.2685405369640521,5.743579827971131,2.067029513328019,2,one_per_bay,True,26+15+15+13,4,69,26,15,13,A40-10L-V2-kv1100-6.7PG,20x15E,10.372207012005038,1.3568399999999998,11.792105185578256,0.8366874523351846,9.90341599076689,11.884099188920267,12.081097512642183,137.05339420016838,139.52710470597074,5.787959977637187,0.0,0.1056941282784177,-990.7773347536365,990.7773347536365,0.13745921259135702,1452.221167780429,3182.886868585972,18.5,False,"SOC floor violated (min 0.000, unmet 991 Wh); did not refill (end SOC 0.106); FLAG 20x15E: (11.88 m/s, 1926 rpm) not on the map; used C_T(J) similarity; FLAG 20x15E: (12.08 m/s, 1959 rpm) not on the map; used C_T(J) similarity"
4.0,0.36,1.3,0.34,1.0,1.0,0.36,2.0,1.56,1.56,0.21885521885521886,0.8561697219104628,5.939084468617466,1.8734701694582168,2,one_per_bay,True,24+18+18+12,4,72,24,18,12,A40-10L-V2-kv1100-6.7PG,20x15E,10.284609402672844,1.44,11.11111111111111,0.5482337618073815,9.572522771157509,11.48702732538901,11.677443535458954,138.3573401226097,140.82050003251862,5.690473520747294,0.0,0.13712789382540522,-990.8273228057657,990.8273228057657,0.2824367198091693,1515.3612185534896,3214.9445957504176,18.166666666666664,False,"SOC floor violated (min 0.000, unmet 991 Wh); did not refill (end SOC 0.137); FLAG 20x15E: (11.49 m/s, 1902 rpm) not on the map; used C_T(J) similarity; FLAG 20x15E: (11.68 m/s, 1934 rpm) not on the map; used C_T(J) similarity"
4.0,0.3,1.3,0.28,0.4,0.5,0.12,1.1767718610457285,0.7070874441829142,0.0,0.15713054313962901,0.5,5.415318878007821,0.05729763801762244,2,one_per_bay,True,19+19+10,3,48,10,19,0,A40-10L-V2-kv1100-6.7PG,20x15E,9.038769786802034,1.051818934988231,15.211743645002006,0.3006424499355349,10.50020850974935,12.600250211699219,12.809119906467137,123.49682035365335,125.67433435855799,7.009176030160449,0.004204263507509676,0.004204263507509676,-996.9233091460617,996.9233091460617,0.0,1010.2408123689931,2843.9236884876873,24.0,False,"SOC floor violated (min 0.004, unmet 997 Wh); did not refill (end SOC 0.004); FLAG 20x15E: (12.60 m/s, 1934 rpm) not on the map; used C_T(J) similarity; FLAG 20x15E: (12.81 m/s, 1967 rpm) not on the map; used C_T(J) similarity"
4.0,0.3,1.3,0.34,0.4,0.5,0.12,1.1767718610457285,0.7070874441829142,0.0,0.15713054313962901,0.5,5.415318878007821,0.05729763801762244,2,one_per_bay,True,19+19+10,3,48,10,19,0,A40-10L-V2-kv1100-6.7PG,20x15E,9.038769786802034,1.051818934988231,15.211743645002006,0.3006424499355349,10.50020850974935,12.600250211699219,12.809119906467137,123.49682035365335,125.67433435855799,7.009176030160449,0.004204263507509676,0.004204263507509676,-996.9233091460617,996.9233091460617,0.0,1010.2408123689931,2843.9236884876873,24.0,False,"SOC floor violated (min 0.004, unmet 997 Wh); did not refill (end SOC 0.004); FLAG 20x15E: (12.60 m/s, 1934 rpm) not on the map; used C_T(J) similarity; FLAG 20x15E: (12.81 m/s, 1967 rpm) not on the map; used C_T(J) similarity"
4.0,0.3,1.6,0.28,0.6,0.5,0.18,1.1644943732591284,0.6579774930365136,0.0,0.1462172206446795,0.5,5.448409477697459,0.1564742144399145,2,one_per_bay,True,20+20+10,3,50,10,20,0,A40-10L-V2-kv1100-6.7PG,20x15E,9.35523233700183,1.0997393247910954,14.54890230740756,0.29856897154237466,10.447109923804055,12.536531908564866,12.744345368551476,125.33869702254195,127.55941386134447,6.737770067141886,0.0050809243392537775,0.0050809243392537775,-999.977959883996,999.977959883996,0.0,1052.3341795510353,2888.1287285410067,24.0,False,"SOC floor violated (min 0.005, unmet 1000 Wh); did not refill (end SOC 0.005); FLAG 20x15E: (12.54 m/s, 1935 rpm) not on the map; used C_T(J) similarity; FLAG 20x15E: (12.74 m/s, 1968 rpm) not on the map; used C_T(J) similarity"
4.0,0.3,1.6,0.34,0.6,0.5,0.18,1.1644943732591284,0.6579774930365136,0.0,0.1462172206446795,0.5,5.448409477697459,0.1564742144399145,2,one_per_bay,True,20+20+10,3,50,10,20,0,A40-10L-V2-kv1100-6.7PG,20x15E,9.35523233700183,1.0997393247910954,14.54890230740756,0.29856897154237466,10.447109923804055,12.536531908564866,12.744345368551476,125.33869702254195,127.55941386134447,6.737770067141886,0.0050809243392537775,0.0050809243392537775,-999.977959883996,999.977959883996,0.0,1052.3341795510353,2888.1287285410067,24.0,False,"SOC floor violated (min 0.005, unmet 1000 Wh); did not refill (end SOC 0.005); FLAG 20x15E: (12.54 m/s, 1935 rpm) not on the map; used C_T(J) similarity; FLAG 20x15E: (12.74 m/s, 1968 rpm) not on the map; used C_T(J) similarity"
4.0,0.36,1.6,0.28,0.4,0.5,0.144,1.1916324633003623,0.7665298532014491,0.0,0.17033996735780524,0.5,5.661744563777309,0.5029217029564932,2,one_per_bay,True,21+21+10,3,52,10,21,0,A40-10L-V2-kv1100-6.7PG,20x15E,9.721342106825297,1.2653926120728782,12.644296993160022,0.29140128121906755,9.92805602189163,11.913667226269956,12.1111556884282,127.1260311923789,129.35815250053327,6.25174676800059,0.007367080470526947,0.007367080470526947,-1003.071747904698,1003.071747904698,0.0,1094.427546733077,2931.024748617112,24.0,False,"SOC floor violated (min 0.007, unmet 1003 Wh); did not refill (end SOC 0.007); FLAG 20x15E: (11.91 m/s, 1893 rpm) not on the map; used C_T(J) similarity; FLAG 20x15E: (12.11 m/s, 1926 rpm) not on the map; used C_T(J) similarity"
4.0,0.36,1.6,0.34,0.4,0.5,0.144,1.1916324633003623,0.7665298532014491,0.0,0.17033996735780524,0.5,5.661744563777309,0.5029217029564932,2,one_per_bay,True,21+21+10,3,52,10,21,0,A40-10L-V2-kv1100-6.7PG,20x15E,9.721342106825297,1.2653926120728782,12.644296993160022,0.29140128121906755,9.92805602189163,11.913667226269956,12.1111556884282,127.1260311923789,129.35815250053327,6.25174676800059,0.007367080470526947,0.007367080470526947,-1003.071747904698,1003.071747904698,0.0,1094.427546733077,2931.024748617112,24.0,False,"SOC floor violated (min 0.007, unmet 1003 Wh); did not refill (end SOC 0.007); FLAG 20x15E: (11.91 m/s, 1893 rpm) not on the map; used C_T(J) similarity; FLAG 20x15E: (12.11 m/s, 1926 rpm) not on the map; used C_T(J) similarity"
4.0,0.36,1.6,0.28,0.4,0.5,0.144,1.3900000000000001,1.56,1.56,0.2006172839506173,1.1316015356997922,5.715744488285143,1.8812125574758207,2,one_per_bay,True,24+15+15+12,4,66,24,15,12,A40-10L-V2-kv1100-6.7PG,20x15E,10.200002882112782,1.30824,12.230171833914266,0.7529028772037106,10.001616277376009,12.00193953285121,12.200891252438659,135.77527725624762,138.1995406119296,5.934794536165218,0.008314242329706133,0.08472185020635564,-1003.2949967114924,1003.2949967114924,0.14770521892507796,1389.0811170073657,3150.9299928746555,18.916666666666664,False,"SOC floor violated (min 0.008, unmet 1003 Wh); did not refill (end SOC 0.085); FLAG 20x15E: (12.00 m/s, 1930 rpm) not on the map; used C_T(J) similarity; FLAG 20x15E: (12.20 m/s, 1963 rpm) not on the map; used C_T(J) similarity"
4.0,0.3,1.6,0.34,0.6,0.5,0.18,1.3250000000000002,1.3,1.3,0.21885521885521889,1.4320462288248874,5.470570811487786,1.6192507577266557,2,one_per_bay,True,20+16+16+10,4,62,20,16,10,A40-10L-V2-kv1100-6.7PG,20x15E,9.80770371751615,1.119,14.298480786416443,0.9214771095282059,10.60430910708532,12.725170928502385,12.936111387862319,133.72775121561597,140.65996594881568,6.43110634305564,0.005739042835991465,0.03106476363681244,-1004.0956996999118,1004.0956996999118,0.17776170834289215,1304.8943826432826,3119.5056263519896,19.666666666666664,False,"SOC floor violated (min 0.006, unmet 1004 Wh); did not refill (end SOC 0.031); FLAG 20x15E: (12.73 m/s, 1978 rpm) not on the map; used C_T(J) similarity"
4.0,0.36,1.3,0.34,1.0,1.0,0.36,2.0,0.9472226608515915,0.0,0.210493924633687,0.5,5.938560528286608,0.8632606824941473,2,one_per_bay,True,22+22+14,3,58,14,22,0,A40-10L-V2-kv1100-6.7PG,20x15E,9.93135657424797,1.44,11.11111111111111,0.2838461538461538,9.406689187572495,11.288027025086993,11.475144480665204,131.6380726090304,133.97338156477056,5.8583472432082235,0.003933339117171903,0.019688229960499296,-1005.0022805989455,1005.0022805989455,0.20040605451369942,1220.7076482792,3047.2927148821796,20.583333333333332,False,"SOC floor violated (min 0.004, unmet 1005 Wh); did not refill (end SOC 0.020); FLAG 20x15E: (11.29 m/s, 1864 rpm) not on the map; used C_T(J) similarity; FLAG 20x15E: (11.48 m/s, 1896 rpm) not on the map; used C_T(J) similarity"
4.0,0.36,1.3,0.28,1.0,1.0,0.36,2.0,1.69,1.69,0.2006172839506173,0.85022409884164,5.939053310034554,1.9026438382059665,2,one_per_bay,True,26+16+16+13,4,71,26,16,13,A40-10L-V2-kv1100-6.7PG,20x15E,10.2632544924596,1.44,11.11111111111111,0.5634186495670009,9.562579438312076,11.475095325974491,11.66531374369636,138.3074883596009,140.75641829014305,5.6983972977243,0.0069907202766955195,0.13128797281550939,-1005.7443388112632,1005.7443388112632,0.285545466589672,1494.3145349624706,3213.2569902368155,18.333333333333332,False,"SOC floor violated (min 0.007, unmet 1006 Wh); did not refill (end SOC 0.131); FLAG 20x15E: (11.48 m/s, 1901 rpm) not on the map; used C_T(J) similarity; FLAG 20x15E: (11.67 m/s, 1933 rpm) not on the map; used C_T(J) similarity"
4.0,0.3,1.3,0.28,0.6,0.5,0.18,1.3250000000000002,1.3,1.3,0.20061728395061726,1.0665760975102025,5.469856925539242,1.4052976220960045,2,one_per_bay,True,20+16+16,3,52,20,16,0,A40-10L-V2-kv1100-6.7PG,20x15E,9.35158317200376,1.119,14.298480786416443,0.701023490901396,10.354789630399262,12.425747556479115,12.631724585171392,127.30040121470836,129.58459717147258,6.688143310465013,0.005964111472871479,0.005964111472871479,-1005.9197916027464,1005.9197916027464,0.0,1094.427546733077,2935.209629153003,24.0,False,"SOC floor violated (min 0.006, unmet 1006 Wh); did not refill (end SOC 0.006); FLAG 20x15E: (12.43 m/s, 1933 rpm) not on the map; used C_T(J) similarity; FLAG 20x15E: (12.63 m/s, 1966 rpm) not on the map; used C_T(J) similarity"
4.0,0.3,1.6,0.34,1.0,1.0,0.3,2.0,1.3,1.3,0.21885521885521889,1.2644968200523758,5.662156377025437,1.6962727677183866,2,one_per_bay,True,20+20+20+10,4,70,20,20,10,A40-10L-V2-kv1100-6.7PG,20x15E,10.014473507516149,1.2,13.333333333333334,0.8040862020710886,10.34754183607205,12.41705020328646,12.622883059166599,137.87096832223014,145.45540759226733,6.17505876950297,0.005815198366862945,0.09252885357429004,-1007.0659571771322,1007.0659571771322,0.1029859029083724,1473.2678513714495,3231.2496923245712,18.416666666666668,False,"SOC floor violated (min 0.006, unmet 1007 Wh); did not refill (end SOC 0.093); FLAG 20x15E: (12.42 m/s, 1968 rpm) not on the map; used C_T(J) similarity"
4.0,0.36,1.6,0.34,0.6,0.0,0.216,0.845,1.69,1.69,0.21885521885521889,1.4273063631082155,5.6508597598818096,1.9757427011352862,2,one_per_bay,True,26+14+14+13,4,67,26,14,13,A40-10L-V2-kv1100-6.7PG,20x15E,10.209630027605037,1.27368,12.562024998429747,0.9531887769353586,10.141182320143784,12.16941878417254,12.371146745462793,136.50359678512524,145.24600495559946,5.9817453157749965,0.004095597188413819,0.058475644834901204,-1007.1944220804658,1007.1944220804658,0.09474805123784809,1410.1278005983872,3201.255431723781,18.833333333333332,False,"SOC floor violated (min 0.004, unmet 1007 Wh); did not refill (end SOC 0.058); FLAG 20x15E: (12.17 m/s, 1945 rpm) not on the map; used C_T(J) similarity"
4.0,0.36,1.6,0.28,0.4,0.5,0.144,1.4224999999999999,1.69,1.69,0.2006172839506173,1.2148010913777432,5.724543934405282,1.9626423144077696,2,one_per_bay,True,26+14+14+13,4,67,26,14,13,A40-10L-V2-kv1100-6.7PG,20x15E,10.24390064662883,1.3152599999999999,12.164895153809894,0.8203206838351885,9.996330942414945,11.995597130897933,12.194443714830312,136.72399558441066,139.17419388839738,5.901134915610318,0.003887477719903297,0.08712492403286513,-1007.7209429432924,1007.7209429432924,0.10252309813383911,1410.1278005983872,3174.035251929776,18.833333333333332,False,"SOC floor violated (min 0.004, unmet 1008 Wh); did not refill (end SOC 0.087); FLAG 20x15E: (12.00 m/s, 1933 rpm) not on the map; used C_T(J) similarity; FLAG 20x15E: (12.19 m/s, 1966 rpm) not on the map; used C_T(J) similarity"
4.0,0.36,1.6,0.34,0.4,0.5,0.144,1.3900000000000001,1.56,1.56,0.21885521885521886,1.2344744025815912,5.715798590472867,1.934621991926564,2,one_per_bay,True,24+15+15+12,4,66,24,15,12,A40-10L-V2-kv1100-6.7PG,20x15E,10.236882175042075,1.30824,12.230171833914266,0.8063517229999426,10.019680964946188,12.023617157935425,12.222928219508832,136.4423619307122,138.88505067399,5.916673781738777,0.0016786195189345682,0.07456501168696923,-1009.5985857901815,1009.5985857901815,0.2878918462468694,1389.081117007366,3166.830130053454,19.0,False,"SOC floor violated (min 0.002, unmet 1010 Wh); did not refill (end SOC 0.075); FLAG 20x15E: (12.02 m/s, 1934 rpm) not on the map; used C_T(J) similarity; FLAG 20x15E: (12.22 m/s, 1967 rpm) not on the map; used C_T(J) similarity"
4.0,0.36,1.3,0.28,1.0,1.0,0.36,2.0,1.3,1.3,0.20061728395061726,0.6540185375704924,5.938658807433144,1.5069418284756484,2,one_per_bay,True,20+20+20,3,60,20,20,0,A40-10L-V2-kv1100-6.7PG,20x15E,9.996681344311453,1.44,11.11111111111111,0.40981048363615186,9.437575332982043,11.325090399578452,11.51282224102893,133.34445401738463,135.70422036028114,5.824122161689128,0.0,0.02591494676159633,-1010.246283478638,1010.246283478638,0.2417486817068616,1262.8010154612418,3089.3126673983274,20.166666666666668,False,"SOC floor violated (min 0.000, unmet 1010 Wh); did not refill (end SOC 0.026); FLAG 20x15E: (11.33 m/s, 1873 rpm) not on the map; used C_T(J) similarity; FLAG 20x15E: (11.51 m/s, 1905 rpm) not on the map; used C_T(J) similarity"
4.0,0.3,1.6,0.28,1.0,1.0,0.3,2.0,1.56,1.56,0.2006172839506173,1.3909465020576135,5.662201882985011,1.807624863291327,2,one_per_bay,True,24+18+18+12,4,72,24,18,12,A40-10L-V2-kv1100-6.7PG,20x15E,10.044920140512781,1.2,13.333333333333334,0.9404255319148936,10.363259522814795,12.435911427377754,12.642056938804625,139.1613877198541,146.4916463903028,6.154383299649873,0.0018965996002912582,0.10718166744627755,-1010.8271549665119,1010.8271549665119,0.2883002518568792,1515.3612185534903,3262.633147520775,18.166666666666664,False,"SOC floor violated (min 0.002, unmet 1011 Wh); did not refill (end SOC 0.107); FLAG 20x15E: (12.44 m/s, 1974 rpm) not on the map; used C_T(J) similarity"
4.0,0.36,1.3,0.34,1.0,1.0,0.36,2.0,1.69,1.69,0.21885521885521889,0.9275171987363346,5.93911019149597,1.9736978770736089,2,one_per_bay,True,26+16+16+13,4,71,26,16,13,A40-10L-V2-kv1100-6.7PG,20x15E,10.302272365635806,1.44,11.11111111111111,0.6041016254974717,9.580739251530584,11.4968871018367,11.687466753779821,139.00922146085202,141.4910213679932,5.680234976544611,0.0003039061794127308,0.12055205791358849,-1012.3550646794286,1012.3550646794286,0.1631116202813132,1494.3145349624706,3230.284847867568,18.333333333333332,False,"SOC floor violated (min 0.000, unmet 1012 Wh); did not refill (end SOC 0.121); FLAG 20x15E: (11.50 m/s, 1905 rpm) not on the map; used C_T(J) similarity; FLAG 20x15E: (11.69 m/s, 1937 rpm) not on the map; used C_T(J) similarity"
4.5,0.3,1.6,0.34,0.4,0.0,0.12,0.28771221945048153,0.5754244389009631,0.0,0.12787209744810138,0.5,5.112675355273878,-0.49202093891946275,2,one_per_bay,True,17+17+8,3,42,8,17,0,A40-10L-V2-kv1100-6.7PG,20x15E,9.083137443299478,0.9967881995010865,20.31524852534927,0.312075617175238,10.812602860625617,12.97512343275074,13.190207262471713,118.9250360788635,121.11525840306092,7.135821636919896,0.004196123497979166,0.004196123497979166,-1013.225147355526,1013.225147355526,0.0,883.9607108228695,2734.2008658927125,24.0,False,"SOC floor violated (min 0.004, unmet 1013 Wh); did not refill (end SOC 0.004); FLAG 20x15E: (12.98 m/s, 1948 rpm) not on the map; used C_T(J) similarity; FLAG 20x15E: (13.19 m/s, 1982 rpm) not on the map; used C_T(J) similarity"
4.0,0.36,1.6,0.28,0.6,0.0,0.216,0.36122152190996115,0.7224430438199223,0.0,0.16054289860965415,0.5,5.574955089840633,0.37406124285018505,2,one_per_bay,True,20+20+10,3,50,10,20,0,A40-10L-V2-kv1100-6.7PG,20x15E,9.577976941129547,1.2040158991550345,13.288861061742315,0.2940570043730623,10.102632047358805,12.123158456830565,12.324119577757374,125.94272083258637,128.1613614791961,6.430366909713094,0.007970961797772002,0.007970961797772002,-1017.2841673652206,1017.2841673652206,0.0,1052.3341795510353,2902.625299982054,24.0,False,"SOC floor violated (min 0.008, unmet 1017 Wh); did not refill (end SOC 0.008); FLAG 20x15E: (12.12 m/s, 1905 rpm) not on the map; used C_T(J) similarity; FLAG 20x15E: (12.32 m/s, 1938 rpm) not on the map; used C_T(J) similarity"
4.0,0.36,1.6,0.34,0.6,0.0,0.216,0.36122152190996115,0.7224430438199223,0.0,0.16054289860965415,0.5,5.574955089840633,0.37406124285018505,2,one_per_bay,True,20+20+10,3,50,10,20,0,A40-10L-V2-kv1100-6.7PG,20x15E,9.577976941129547,1.2040158991550345,13.288861061742315,0.2940570043730623,10.102632047358805,12.123158456830565,12.324119577757374,125.94272083258637,128.1613614791961,6.430366909713094,0.007970961797772002,0.007970961797772002,-1017.2841673652206,1017.2841673652206,0.0,1052.3341795510353,2902.625299982054,24.0,False,"SOC floor violated (min 0.008, unmet 1017 Wh); did not refill (end SOC 0.008); FLAG 20x15E: (12.12 m/s, 1905 rpm) not on the map; used C_T(J) similarity; FLAG 20x15E: (12.32 m/s, 1938 rpm) not on the map; used C_T(J) similarity"
4.0,0.36,1.6,0.28,0.6,0.5,0.216,1.3250000000000002,1.3,1.3,0.20061728395061726,0.9116035021454724,5.727260616112929,1.7165793556191313,2,one_per_bay,True,20+18+18,3,56,20,18,0,A40-10L-V2-kv1100-6.7PG,20x15E,10.025869227080683,1.3428,11.915400655347035,0.5796779169730071,9.787439814664113,11.744927777596935,11.939619108226244,131.00327984042815,133.33436628063995,5.976492172412033,0.007602998414313906,0.01238788690961952,-1022.7345662084412,1022.7345662084412,0.1706951064678795,1178.6142810971592,3030.100689474161,21.416666666666668,False,"SOC floor violated (min 0.008, unmet 1023 Wh); did not refill (end SOC 0.012); FLAG 20x15E: (11.74 m/s, 1895 rpm) not on the map; used C_T(J) similarity; FLAG 20x15E: (11.94 m/s, 1927 rpm) not on the map; used C_T(J) similarity"
4.0,0.36,1.6,0.28,1.0,1.0,0.36,2.0,0.8538149682454623,0.0,0.18973665961010275,0.5,5.9388624071774645,0.8638150038329906,2,one_per_bay,True,24+24+12,3,60,12,24,0,A40-10L-V2-kv1100-6.7PG,20x15E,10.133381563950772,1.44,11.11111111111111,0.2838461538461538,9.501883578171324,11.402260293805588,11.591271352095548,133.53639555116052,135.89643473533621,5.773970591077014,0.008886170410184384,0.034155552906894926,-1023.373752891614,1023.373752891614,0.20971295253101607,1262.8010154612418,3093.723640168505,20.25,False,"SOC floor violated (min 0.009, unmet 1023 Wh); did not refill (end SOC 0.034); FLAG 20x15E: (11.40 m/s, 1879 rpm) not on the map; used C_T(J) similarity; FLAG 20x15E: (11.59 m/s, 1911 rpm) not on the map; used C_T(J) similarity"
4.0,0.36,1.6,0.34,1.0,1.0,0.36,2.0,0.8538149682454623,0.0,0.18973665961010275,0.5,5.9388624071774645,0.8638150038329906,2,one_per_bay,True,24+24+12,3,60,12,24,0,A40-10L-V2-kv1100-6.7PG,20x15E,10.133381563950772,1.44,11.11111111111111,0.2838461538461538,9.501883578171324,11.402260293805588,11.591271352095548,133.53639555116052,135.89643473533621,5.773970591077014,0.008886170410184384,0.034155552906894926,-1023.373752891614,1023.373752891614,0.20971295253101607,1262.8010154612418,3093.723640168505,20.25,False,"SOC floor violated (min 0.009, unmet 1023 Wh); did not refill (end SOC 0.034); FLAG 20x15E: (11.40 m/s, 1879 rpm) not on the map; used C_T(J) similarity; FLAG 20x15E: (11.59 m/s, 1911 rpm) not on the map; used C_T(J) similarity"
4.0,0.36,1.6,0.28,0.4,0.0,0.144,0.78,1.56,1.56,0.2006172839506173,1.3658584146964685,5.551878237307899,1.748012189392095,2,one_per_bay,True,24+13+13+12,4,62,24,13,12,A40-10L-V2-kv1100-6.7PG,20x15E,9.935764023712782,1.17648,13.599891200870394,0.9266574537616467,10.409314084263281,12.491176901115937,12.698238527892661,134.6571109030102,142.42282441271453,6.26863086627653,0.007682813906984574,0.027035992734462562,-1025.5005657781123,1025.5005657781123,0.20042707311073588,1304.8943826432826,3144.7749440884827,19.75,False,"SOC floor violated (min 0.008, unmet 1026 Wh); did not refill (end SOC 0.027); FLAG 20x15E: (12.49 m/s, 1963 rpm) not on the map; used C_T(J) similarity"
4.0,0.36,1.6,0.34,0.4,0.5,0.144,1.4224999999999999,1.69,1.69,0.21885521885521889,1.3252375542302655,5.724600923129069,2.012390810953746,2,one_per_bay,True,26+14+14+13,4,67,26,14,13,A40-10L-V2-kv1100-6.7PG,20x15E,10.282918519805039,1.3152599999999999,12.164895153809894,0.8795538786564502,10.015350302887644,12.018420363465172,12.217645279695706,137.4377913323679,139.90783492026318,5.8820986571271945,0.009018260151255997,0.08844219766465712,-1026.1028943241622,1026.1028943241622,0.2142161976509911,1410.1278005983872,3191.063046881971,18.916666666666664,False,"SOC floor violated (min 0.009, unmet 1026 Wh); did not refill (end SOC 0.088); FLAG 20x15E: (12.02 m/s, 1937 rpm) not on the map; used C_T(J) similarity; FLAG 20x15E: (12.22 m/s, 1970 rpm) not on the map; used C_T(J) similarity"
4.0,0.36,1.6,0.28,0.4,0.0,0.144,0.845,1.69,1.69,0.2006172839506173,1.4477444107813888,5.569315238989036,1.824644644371445,2,one_per_bay,True,26+13+12+12,4,63,26,12,13,A40-10L-V2-kv1100-6.7PG,20x15E,9.992035170028831,1.1905199999999998,13.439505426200318,0.9958634977623769,10.37701351011659,12.452416212139909,12.658835317288933,135.6067565244024,143.406828986725,6.214919193832448,0.003936491759026892,0.028077043996475138,-1029.6750456160942,1029.6750456160942,0.10093651438723583,1325.941066234304,3169.0124766275962,19.583333333333332,False,"SOC floor violated (min 0.004, unmet 1030 Wh); did not refill (end SOC 0.028); FLAG 20x15E: (12.45 m/s, 1963 rpm) not on the map; used C_T(J) similarity"
4.0,0.3,1.3,0.28,0.4,0.5,0.12,1.3250000000000002,1.3,1.3,0.20061728395061726,1.1238504702881968,5.449342923075285,1.3675988907475722,2,one_per_bay,True,20+16+16,3,52,20,16,0,A40-10L-V2-kv1100-6.7PG,20x15E,9.279818916619146,1.0785,14.83541956420955,0.7430155818845285,10.506871699734573,12.608246039681488,12.817248278337187,128.34320197374038,136.5249795717558,6.795599633608097,0.005949035572604042,0.005949035572604042,-1030.991064481452,1030.991064481452,0.0,1094.427546733077,2960.236847369785,24.0,False,"SOC floor violated (min 0.006, unmet 1031 Wh); did not refill (end SOC 0.006); FLAG 20x15E: (12.61 m/s, 1951 rpm) not on the map; used C_T(J) similarity"
4.0,0.36,1.6,0.34,1.0,1.0,0.36,2.0,1.3,1.3,0.21885521885521889,0.8781227917030389,5.939323324836909,1.8544950323862068,2,one_per_bay,True,20+20+20+10,4,70,20,20,10,A40-10L-V2-kv1100-6.7PG,20x15E,10.449795107516149,1.44,11.11111111111111,0.5386852007338994,9.649090829128891,11.578908994954668,11.770848293531152,139.41322873954906,141.91207683083232,5.626452112323978,0.004113454363798718,0.1094026487842808,-1031.88870036345,1031.88870036345,0.10921469404258724,1473.2678513714495,3239.6611542512533,18.5,False,"SOC floor violated (min 0.004, unmet 1032 Wh); did not refill (end SOC 0.109); FLAG 20x15E: (11.58 m/s, 1912 rpm) not on the map; used C_T(J) similarity; FLAG 20x15E: (11.77 m/s, 1945 rpm) not on the map; used C_T(J) similarity"
4.0,0.36,1.6,0.34,0.4,0.0,0.144,0.78,1.56,1.56,0.21885521885521886,1.4900273614870565,5.551933775666014,1.7923110925881787,2,one_per_bay,True,24+13+13+12,4,62,24,13,12,A40-10L-V2-kv1100-6.7PG,20x15E,9.972643316642076,1.17648,13.599891200870394,0.9924411993836391,10.42861469243192,12.514337630918304,12.72178318456022,135.33980713758154,142.91047801279493,6.248344641804713,0.0004713890623991492,0.018353108945292424,-1032.037994837152,1032.037994837152,0.11915147309733715,1304.8943826432826,3159.699833282002,19.833333333333332,False,"SOC floor violated (min 0.000, unmet 1032 Wh); did not refill (end SOC 0.018); FLAG 20x15E: (12.51 m/s, 1967 rpm) not on the map; used C_T(J) similarity"
4.0,0.3,1.6,0.28,1.0,1.0,0.3,2.0,1.69,1.69,0.2006172839506173,1.5068587105624143,5.662225032875681,1.8676772192851465,2,one_per_bay,True,26+16+16+13,4,71,26,16,13,A40-10L-V2-kv1100-6.7PG,20x15E,10.060444523228831,1.2,13.333333333333334,1.0350835678349108,10.371264618508604,12.445517542210325,12.651822290655451,139.87333112183185,147.07675145538383,6.1434558112428554,0.003512082593500108,0.09374245792080589,-1033.26245147802,1033.26245147802,0.14250634101433945,1494.3145349624708,3277.179043786285,18.416666666666668,False,"SOC floor violated (min 0.004, unmet 1033 Wh); did not refill (end SOC 0.094); FLAG 20x15E: (12.45 m/s, 1977 rpm) not on the map; used C_T(J) similarity"
4.0,0.36,1.6,0.28,1.0,1.0,0.36,2.0,1.56,1.56,0.2006172839506173,0.9659350708733426,5.939366937846569,2.0143676306763414,2,one_per_bay,True,24+18+18+12,4,72,24,18,12,A40-10L-V2-kv1100-6.7PG,20x15E,10.480241740512783,1.44,11.11111111111111,0.6300236406619384,9.663137451266598,11.595764941519917,11.787983654898087,140.5608041345275,143.05869572723122,5.609254425340147,0.0022102881436700146,0.12649241329242444,-1034.4994829250797,1034.4994829250797,0.23626845498502763,1515.3612185534898,3267.6140182539766,18.333333333333332,False,"SOC floor violated (min 0.002, unmet 1034 Wh); did not refill (end SOC 0.126); FLAG 20x15E: (11.60 m/s, 1917 rpm) not on the map; used C_T(J) similarity; FLAG 20x15E: (11.79 m/s, 1950 rpm) not on the map; used C_T(J) similarity"
4.0,0.36,1.6,0.34,0.4,0.0,0.144,0.65,1.3,1.3,0.21885521885521889,1.2989982125784598,5.517102993993817,1.6113013537695429,2,one_per_bay,True,20+14+14+10,4,58,20,14,10,A40-10L-V2-kv1100-6.7PG,20x15E,9.839823863516148,1.1484,13.932427725531173,0.8322935130764688,10.484816240538622,12.581779488646346,12.790343001059048,133.17710374429046,140.76164331550538,6.368507780377897,0.005969200299224792,0.006688779183989673,-1045.074826887427,1045.074826887427,0.0,1220.7076482792008,3099.6361535408805,20.916666666666668,False,"SOC floor violated (min 0.006, unmet 1045 Wh); did not refill (end SOC 0.007); FLAG 20x15E: (12.58 m/s, 1965 rpm) not on the map; used C_T(J) similarity"
4.0,0.36,1.6,0.28,0.6,0.0,0.216,0.65,1.3,1.3,0.20061728395061726,1.050843201559337,5.619783109214207,1.653971380889518,2,one_per_bay,True,20+17+17,3,54,20,17,0,A40-10L-V2-kv1100-6.7PG,20x15E,9.838545479080684,1.2456,12.845215157353886,0.6779752841622678,10.066764338685765,12.080117206422917,12.280364848435893,130.49457200161876,132.81630848465431,6.215203177936549,0.007148010644788497,0.007148010644788497,-1045.0836180490166,1045.0836180490166,0.0,1136.5209139151189,3015.1588547231463,22.583333333333332,False,"SOC floor violated (min 0.007, unmet 1045 Wh); did not refill (end SOC 0.007); FLAG 20x15E: (12.08 m/s, 1918 rpm) not on the map; used C_T(J) similarity; FLAG 20x15E: (12.28 m/s, 1950 rpm) not on the map; used C_T(J) similarity"
4.0,0.3,1.6,0.28,1.0,1.0,0.3,2.0,1.3,1.3,0.20061728395061726,1.159122085048011,5.6618224697012876,1.643808815150393,2,one_per_bay,True,20+20+20,3,60,20,20,0,A40-10L-V2-kv1100-6.7PG,20x15E,9.793871375080684,1.2,13.333333333333334,0.7528825995807128,10.232937650994806,12.279525181193767,12.4830783355676,134.50689026742376,143.05082736356883,6.288169388631705,0.0069589414629400315,0.011725921337789193,-1047.4179857801073,1047.4179857801073,0.13620142463572193,1262.8010154612418,3139.4931357707214,20.333333333333332,False,"SOC floor violated (min 0.007, unmet 1047 Wh); did not refill (end SOC 0.012); FLAG 20x15E: (12.28 m/s, 1946 rpm) not on the map; used C_T(J) similarity"
4.0,0.36,1.6,0.34,0.4,0.0,0.144,0.845,1.69,1.69,0.21885521885521889,1.5793575390342425,5.569373661410545,1.8664314208416868,2,one_per_bay,True,26+13+12+12,4,63,26,12,13,A40-10L-V2-kv1100-6.7PG,20x15E,10.031053043205038,1.1905199999999998,13.439505426200318,1.067772176576324,10.397254356828276,12.47670522819393,12.683526963392692,136.33990376256068,143.93036839392164,6.193701683846818,0.008791248013880532,0.031083204890126535,-1048.0410359128086,1048.0410359128086,0.17878941590604094,1325.9410662343041,3184.417164984731,19.75,False,"SOC floor violated (min 0.009, unmet 1048 Wh); did not refill (end SOC 0.031); FLAG 20x15E: (12.48 m/s, 1967 rpm) not on the map; used C_T(J) similarity"
4.0,0.36,1.6,0.34,1.0,1.0,0.36,2.0,1.56,1.56,0.21885521885521886,1.0537473500436465,5.939419595894178,2.0768902677640764,2,one_per_bay,True,24+18+18+12,4,72,24,18,12,A40-10L-V2-kv1100-6.7PG,20x15E,10.517121033442075,1.44,11.11111111111111,0.6747492453013926,9.680124498199149,11.616149397838978,11.808706016822024,141.23603507384894,143.7525265576039,5.5925859814018315,0.00811417609772327,0.12857717838227967,-1052.6853964290422,1052.6853964290422,0.14080150295056387,1515.3612185534898,3283.9249601803135,18.333333333333332,False,"SOC floor violated (min 0.008, unmet 1053 Wh); did not refill (end SOC 0.129); FLAG 20x15E: (11.62 m/s, 1921 rpm) not on the map; used C_T(J) similarity; FLAG 20x15E: (11.81 m/s, 1953 rpm) not on the map; used C_T(J) similarity"
4.0,0.36,1.6,0.28,0.4,0.5,0.144,1.3250000000000002,1.3,1.3,0.20061728395061726,0.9605559575112793,5.6978676891001045,1.6697689506947473,2,one_per_bay,True,20+17+17,3,54,20,17,0,A40-10L-V2-kv1100-6.7PG,20x15E,9.924207353080684,1.2942,12.362849636841291,0.6152653152478892,9.918841949334794,11.902610339201752,12.09991551542613,131.17780977564553,133.5260361073994,6.093536009702323,0.001826834273485881,0.001826834273485881,-1055.277391921431,1055.277391921431,0.0,1136.5209139151189,3030.4199754196197,23.083333333333336,False,"SOC floor violated (min 0.002, unmet 1055 Wh); did not refill (end SOC 0.002); FLAG 20x15E: (11.90 m/s, 1907 rpm) not on the map; used C_T(J) similarity; FLAG 20x15E: (12.10 m/s, 1940 rpm) not on the map; used C_T(J) similarity"
4.0,0.36,1.6,0.28,1.0,1.0,0.36,2.0,1.69,1.69,0.2006172839506173,1.0464296601127878,5.939389126863154,2.10058741505591,2,one_per_bay,True,26+16+16+13,4,71,26,16,13,A40-10L-V2-kv1100-6.7PG,20x15E,10.495766123228831,1.44,11.11111111111111,0.6934383379286166,9.670291805852354,11.604350167022824,11.796711194513824,141.19571138714863,143.70588668152234,5.600118774625007,0.0040693213171081166,0.11210699767300221,-1056.3900363940634,1056.3900363940634,0.13023369834144677,1494.3145349624708,3282.5030374106213,18.5,False,"SOC floor violated (min 0.004, unmet 1056 Wh); did not refill (end SOC 0.112); FLAG 20x15E: (11.60 m/s, 1920 rpm) not on the map; used C_T(J) similarity; FLAG 20x15E: (11.80 m/s, 1952 rpm) not on the map; used C_T(J) similarity"
4.0,0.36,1.3,0.28,0.4,0.0,0.144,0.3695019793824801,0.7390039587649602,0.0,0.16422310188046796,0.5,5.441650026943036,0.13346674909065914,2,one_per_bay,True,17+17+10,3,44,10,17,0,A40-10L-V2-kv1100-6.7PG,20x15E,9.096461981161502,1.0878124275466157,14.708418101166028,0.2990850392304082,10.357930659409583,12.4295167912915,12.635556301197365,122.551151206884,124.72135680555482,6.911363298481305,0.009412809188041804,0.009412809188041804,-1063.3780875071182,1063.3780875071182,0.0,926.0540780049105,2821.227628965221,24.0,False,"SOC floor violated (min 0.009, unmet 1063 Wh); did not refill (end SOC 0.009); FLAG 20x15E: (12.43 m/s, 1917 rpm) not on the map; used C_T(J) similarity; FLAG 20x15E: (12.64 m/s, 1950 rpm) not on the map; used C_T(J) similarity"
4.0,0.36,1.3,0.34,0.4,0.0,0.144,0.3695019793824801,0.7390039587649602,0.0,0.16422310188046796,0.5,5.441650026943036,0.13346674909065914,2,one_per_bay,True,17+17+10,3,44,10,17,0,A40-10L-V2-kv1100-6.7PG,20x15E,9.096461981161502,1.0878124275466157,14.708418101166028,0.2990850392304082,10.357930659409583,12.4295167912915,12.635556301197365,122.551151206884,124.72135680555482,6.911363298481305,0.009412809188041804,0.009412809188041804,-1063.3780875071182,1063.3780875071182,0.0,926.0540780049105,2821.227628965221,24.0,False,"SOC floor violated (min 0.009, unmet 1063 Wh); did not refill (end SOC 0.009); FLAG 20x15E: (12.43 m/s, 1917 rpm) not on the map; used C_T(J) similarity; FLAG 20x15E: (12.64 m/s, 1950 rpm) not on the map; used C_T(J) similarity"
4.0,0.36,1.6,0.28,1.0,1.0,0.36,2.0,1.3,1.3,0.20061728395061726,0.8049458923944521,5.939003477034601,1.7791832904083327,2,one_per_bay,True,20+20+20,3,60,20,20,0,A40-10L-V2-kv1100-6.7PG,20x15E,10.229192975080684,1.44,11.11111111111111,0.504382133706033,9.546698186389754,11.456037823667705,11.645940332211346,136.1165100857815,138.53675810774382,5.7238421206446874,0.005501673983429784,0.021960078981872282,-1073.0391603009246,1073.0391603009246,0.2184522032397164,1262.8010154612418,3155.0654228004632,20.583333333333332,False,"SOC floor violated (min 0.006, unmet 1073 Wh); did not refill (end SOC 0.022); FLAG 20x15E: (11.46 m/s, 1892 rpm) not on the map; used C_T(J) similarity; FLAG 20x15E: (11.65 m/s, 1924 rpm) not on the map; used C_T(J) similarity"
4.0,0.36,1.6,0.34,1.0,1.0,0.36,2.0,1.69,1.69,0.21885521885521889,1.1415596292139505,5.939444750570301,2.158300941490967,2,one_per_bay,True,26+16+16+13,4,71,26,16,13,A40-10L-V2-kv1100-6.7PG,20x15E,10.534783996405038,1.44,11.11111111111111,0.7435096929199653,9.688249723356904,11.625899668028284,11.8186179136397,141.91451408346566,144.44946531530636,5.582480452847822,0.009797155355746904,0.11366370639735733,-1075.186292207132,1075.186292207132,0.2855585608807208,1494.3145349624706,3299.679323842333,18.583333333333336,False,"SOC floor violated (min 0.010, unmet 1075 Wh); did not refill (end SOC 0.114); FLAG 20x15E: (11.63 m/s, 1924 rpm) not on the map; used C_T(J) similarity; FLAG 20x15E: (11.82 m/s, 1957 rpm) not on the map; used C_T(J) similarity"
4.0,0.36,1.3,0.28,0.4,0.0,0.144,0.65,1.3,1.3,0.20061728395061726,0.9674830437433319,5.516391934500053,1.3758083182304184,2,one_per_bay,True,20+14+14,3,48,20,14,0,A40-10L-V2-kv1100-6.7PG,20x15E,9.383978705542221,1.1484,13.932427725531173,0.633176123376718,10.239073672954126,12.28688840754495,12.490563619402932,126.84821551228767,129.13130237919654,6.617584371018137,0.0078989865645612,0.0078989865645612,-1081.0971760199398,1081.0971760199398,0.0,1010.2408123689931,2924.3571722948973,24.0,False,"SOC floor violated (min 0.008, unmet 1081 Wh); did not refill (end SOC 0.008); FLAG 20x15E: (12.29 m/s, 1921 rpm) not on the map; used C_T(J) similarity; FLAG 20x15E: (12.49 m/s, 1954 rpm) not on the map; used C_T(J) similarity"
4.0,0.3,1.6,0.28,0.6,0.5,0.18,1.3250000000000002,1.3,1.3,0.20061728395061726,1.3127090430894799,5.47022978392298,1.5728842441139006,2,one_per_bay,True,20+16+16,3,52,20,16,0,A40-10L-V2-kv1100-6.7PG,20x15E,9.587101585080683,1.119,14.298480786416443,0.862798142647872,10.484370851057854,12.581245021269424,12.789799674013786,130.44110007796144,138.44905563712342,6.5545383145534135,0.00700905761328266,0.00700905761328266,-1082.472211383647,1082.472211383647,0.0,1094.427546733077,3010.586401871053,24.0,False,"SOC floor violated (min 0.007, unmet 1082 Wh); did not refill (end SOC 0.007); FLAG 20x15E: (12.58 m/s, 1956 rpm) not on the map; used C_T(J) similarity"
4.0,0.3,1.6,0.28,0.4,0.5,0.12,1.1589138994069248,0.6356555976276993,0.0,0.14125679946670897,0.5,5.411575305625437,0.05121398950099909,2,one_per_bay,True,19+19+8,3,46,8,19,0,A40-10L-V2-kv1100-6.7PG,20x15E,9.224263848060758,1.0486045018932464,15.258374316639054,0.30078153597977814,10.623649956396111,12.748379947675334,12.959705134375522,125.64939308981532,133.61683842119703,6.903328196384987,0.008422367919450014,0.008422367919450014,-1094.8603952383357,1094.8603952383357,0.0,968.1474451869524,2895.58543415555,24.0,False,"SOC floor violated (min 0.008, unmet 1095 Wh); did not refill (end SOC 0.008); FLAG 20x15E: (12.75 m/s, 1953 rpm) not on the map; used C_T(J) similarity"
4.0,0.3,1.6,0.34,0.4,0.5,0.12,1.1589138994069248,0.6356555976276993,0.0,0.14125679946670897,0.5,5.411575305625437,0.05121398950099909,2,one_per_bay,True,19+19+8,3,46,8,19,0,A40-10L-V2-kv1100-6.7PG,20x15E,9.224263848060758,1.0486045018932464,15.258374316639054,0.30078153597977814,10.623649956396111,12.748379947675334,12.959705134375522,125.64939308981532,133.61683842119703,6.903328196384987,0.008422367919450014,0.008422367919450014,-1094.8603952383357,1094.8603952383357,0.0,968.1474451869524,2895.58543415555,24.0,False,"SOC floor violated (min 0.008, unmet 1095 Wh); did not refill (end SOC 0.008); FLAG 20x15E: (12.75 m/s, 1953 rpm) not on the map; used C_T(J) similarity"
4.0,0.3,1.3,0.34,0.4,0.5,0.12,1.4224999999999999,1.69,1.69,0.21885521885521889,1.5505279384494104,5.472012424936345,1.660349037840694,2,one_per_bay,True,26+13+13+13,4,65,26,13,13,A40-10L-V2-kv1100-6.7PG,MJ-20x13E,9.61186786365294,1.09605,14.597874184571872,1.0628241817398631,10.607241718915951,12.72869006269914,12.939688857447115,140.44401804094,142.46816711381473,6.082798941397412,0.005296135762950077,0.051170304222565986,-1100.6422914682662,1100.6422914682662,0.24880833330261254,1368.0344334163458,3259.4277456316836,19.666666666666664,False,"SOC floor violated (min 0.005, unmet 1101 Wh); did not refill (end SOC 0.051); FLAG MJ-20x13E: thrust table 2.16 N vs similarity 2.87 N (25%) at 2183 rpm, 12.73 m/s; FLAG MJ-20x13E: thrust table 2.17 N vs similarity 2.82 N (23%) at 2214 rpm, 12.94 m/s"
4.0,0.3,1.3,0.34,0.4,0.5,0.12,1.3900000000000001,1.56,1.56,0.21885521885521886,1.4443350510204618,5.464593530623908,1.5940276381639142,2,one_per_bay,True,24+14+14+12,4,64,24,14,12,A40-10L-V2-kv1100-6.7PG,20x15E,9.588478870980536,1.0902,14.67620620069712,0.9741716810875545,10.622714807299042,12.74725776875885,12.958564353513534,139.9607081620496,140.46764529162058,6.5860783987541645,0.004377751635466056,0.04877196712198572,-1101.0158253796103,1101.0158253796103,0.21309782388976353,1346.9877498253245,3241.12698916827,19.916666666666668,False,"SOC floor violated (min 0.004, unmet 1101 Wh); did not refill (end SOC 0.049)"
4.0,0.3,1.6,0.28,0.6,0.5,0.18,1.3900000000000001,1.56,1.56,0.2006172839506173,1.5554046168826745,5.4793765774585665,1.7263087560269164,2,one_per_bay,True,24+15+15+12,4,66,24,15,12,A40-10L-V2-kv1100-6.7PG,MJ-20x13E,9.847258634222221,1.1268,14.199503017394392,1.062936785638377,10.588830737349245,12.706596884819094,12.917229449115867,141.02115526989687,143.03850057632621,5.9273865930777925,0.005356513658161305,0.05909659569473489,-1101.297787526262,1101.297787526262,0.09663836447274102,1389.0811170073657,3273.5857803564427,19.5,False,"SOC floor violated (min 0.005, unmet 1101 Wh); did not refill (end SOC 0.059); FLAG MJ-20x13E: thrust table 2.18 N vs similarity 2.89 N (25%) at 2183 rpm, 12.71 m/s; FLAG MJ-20x13E: thrust table 2.19 N vs similarity 2.85 N (23%) at 2214 rpm, 12.92 m/s"
4.0,0.3,1.6,0.34,0.6,0.5,0.18,1.3900000000000001,1.56,1.56,0.21885521885521886,1.6968050365992813,5.479432614053634,1.7652806746047354,2,one_per_bay,True,24+15+15+12,4,66,24,15,12,A40-10L-V2-kv1100-6.7PG,MJ-20x13E,9.884137927151516,1.1268,14.199503017394392,1.1383950500000848,10.608640496666341,12.73036859599961,12.94139521517426,141.65461267460262,143.7112595364485,5.906956422772009,0.0,0.05068756915702872,-1107.8500567172923,1107.8500567172923,0.19252797598786958,1389.081117007366,3288.794227830302,19.583333333333332,False,"SOC floor violated (min 0.000, unmet 1108 Wh); did not refill (end SOC 0.051); FLAG MJ-20x13E: thrust table 2.19 N vs similarity 2.90 N (24%) at 2187 rpm, 12.73 m/s; FLAG MJ-20x13E: thrust table 2.20 N vs similarity 2.86 N (23%) at 2218 rpm, 12.94 m/s"
4.0,0.3,1.3,0.34,0.6,0.0,0.18,0.3327984198905627,0.6655968397811254,0.0,0.14791040860603513,0.5,5.340331153136729,-0.052205984280099926,2,one_per_bay,True,16+16+10,3,42,10,16,0,A40-10L-V2-kv1100-6.7PG,20x15E,8.881748729316913,0.9999358103868674,16.001027099739257,0.3028873929673744,10.675222442478255,12.810266930973905,13.022617995342753,122.84695284989968,130.96162762015,7.212112023294863,0.005567888142098484,0.005567888142098484,-1108.9036561500532,1108.9036561500532,0.0,883.9607108228695,2828.32686839758,24.0,False,"SOC floor violated (min 0.006, unmet 1109 Wh); did not refill (end SOC 0.006); FLAG 20x15E: (12.81 m/s, 1948 rpm) not on the map; used C_T(J) similarity"
4.0,0.3,1.6,0.28,0.4,0.5,0.12,1.3250000000000002,1.3,1.3,0.20061728395061726,1.3832005788162423,5.449719226709587,1.5266505187467057,2,one_per_bay,True,20+16+16,3,52,20,16,0,A40-10L-V2-kv1100-6.7PG,20x15E,9.515716690080684,1.0785,14.83541956420955,0.9144807161655736,10.639578665955643,12.767494399146772,12.97913643905046,131.57333059635005,138.61456471221584,6.657172722803597,0.007486732242874151,0.007486732242874151,-1110.1637817536393,1110.1637817536393,0.0,1094.427546733077,3037.7599343123875,24.0,False,"SOC floor violated (min 0.007, unmet 1110 Wh); did not refill (end SOC 0.007); FLAG 20x15E: (12.77 m/s, 1974 rpm) not on the map; used C_T(J) similarity"
4.0,0.36,1.6,0.28,0.4,0.0,0.144,0.33049322809804865,0.6609864561960973,0.0,0.14688587912555987,0.5,5.431688278493729,0.11651750870303612,2,one_per_bay,True,17+17+10,3,44,10,17,0,A40-10L-V2-kv1100-6.7PG,20x15E,9.284865448869084,1.0793865372691784,14.823234724123584,0.29944962100181677,10.505411337103448,12.606493604524138,12.81546679370937,124.7940928242343,126.99913666989444,6.816366117003957,0.006284821632877609,0.006284821632877609,-1114.3332423823417,1114.3332423823417,0.0,926.0540780049105,2875.05822778164,24.0,False,"SOC floor violated (min 0.006, unmet 1114 Wh); did not refill (end SOC 0.006); FLAG 20x15E: (12.61 m/s, 1939 rpm) not on the map; used C_T(J) similarity; FLAG 20x15E: (12.82 m/s, 1972 rpm) not on the map; used C_T(J) similarity"
4.0,0.36,1.6,0.34,0.4,0.0,0.144,0.33049322809804865,0.6609864561960973,0.0,0.14688587912555987,0.5,5.431688278493729,0.11651750870303612,2,one_per_bay,True,17+17+10,3,44,10,17,0,A40-10L-V2-kv1100-6.7PG,20x15E,9.284865448869084,1.0793865372691784,14.823234724123584,0.29944962100181677,10.505411337103448,12.606493604524138,12.81546679370937,124.7940928242343,126.99913666989444,6.816366117003957,0.006284821632877609,0.006284821632877609,-1114.3332423823417,1114.3332423823417,0.0,926.0540780049105,2875.05822778164,24.0,False,"SOC floor violated (min 0.006, unmet 1114 Wh); did not refill (end SOC 0.006); FLAG 20x15E: (12.61 m/s, 1939 rpm) not on the map; used C_T(J) similarity; FLAG 20x15E: (12.82 m/s, 1972 rpm) not on the map; used C_T(J) similarity"
4.0,0.3,1.3,0.28,0.6,0.0,0.18,0.78,1.56,1.56,0.2006172839506173,1.4332229027584682,5.398086740171415,1.5251479417975649,2,one_per_bay,True,24+12+12+12,4,60,24,12,12,A40-10L-V2-kv1100-6.7PG,20x15E,9.454745954666627,1.0535999999999999,15.186028853454824,0.9898709966973428,10.730026734171116,12.876032081005338,13.089473309980653,138.26325135818746,138.79598942864277,6.730417095022131,0.007299348475156826,0.023020361172832172,-1118.9576272514346,1118.9576272514346,0.17351059382150896,1262.8010154612418,3199.9606416470774,20.916666666666668,False,"SOC floor violated (min 0.007, unmet 1119 Wh); did not refill (end SOC 0.023)"
4.0,0.3,1.3,0.34,0.6,0.0,0.18,0.78,1.56,1.56,0.21885521885521886,1.5635158939183291,5.398145098596691,1.567493730538613,2,one_per_bay,True,24+12+12+12,4,60,24,12,12,A40-10L-V2-kv1100-6.7PG,20x15E,9.49162524759592,1.0535999999999999,15.186028853454824,1.0601422944471106,10.750933201055773,12.901119841266928,13.114976940779748,138.73278560755935,139.2978403635346,6.707510655314792,0.002426405748304097,0.016573007184816673,-1124.1189215897678,1124.1189215897678,0.23319492920226992,1262.8010154612418,3211.2349309530196,21.083333333333332,False,"SOC floor violated (min 0.002, unmet 1124 Wh); did not refill (end SOC 0.017)"
4.0,0.3,1.6,0.28,0.6,0.5,0.18,1.4224999999999999,1.69,1.69,0.2006172839506173,1.6744735087925489,5.483795244155019,1.7847164915123455,2,one_per_bay,True,26+13+13+13,4,65,26,13,13,A40-10L-V2-kv1100-6.7PG,MJ-20x13E,9.86965711793827,1.1307,14.150526222693905,1.161942757124706,10.582568528086583,12.6990822337039,12.90959023040413,141.6645257709117,143.70018813706275,5.907250246145603,0.005621715752636073,0.04639738157191475,-1125.06177616695,1125.06177616695,0.24947872948141733,1368.0344334163458,3288.430545027498,19.833333333333332,False,"SOC floor violated (min 0.006, unmet 1125 Wh); did not refill (end SOC 0.046); FLAG MJ-20x13E: thrust table 2.20 N vs similarity 2.91 N (24%) at 2185 rpm, 12.70 m/s; FLAG MJ-20x13E: thrust table 2.21 N vs similarity 2.87 N (23%) at 2216 rpm, 12.91 m/s"
4.0,0.3,1.6,0.34,0.4,0.5,0.12,1.3250000000000002,1.3,1.3,0.21885521885521889,1.5089460859813555,5.4500627834968505,1.5706563554705455,2,one_per_bay,True,20+16+16+10,4,62,20,16,10,A40-10L-V2-kv1100-6.7PG,20x15E,9.73631882251615,1.0785,14.83541956420955,0.9766746187763307,10.762200325022627,12.914640390027152,13.128721614683935,140.3101181330419,140.91429847305838,6.530113098676878,0.00031346300247813395,0.024784018758247574,-1128.2361481730313,1128.2361481730313,0.13537295430244237,1304.8943826432826,3249.507118021389,20.583333333333332,False,"SOC floor violated (min 0.000, unmet 1128 Wh); did not refill (end SOC 0.025)"
4.0,0.3,1.6,0.28,0.4,0.5,0.12,1.3900000000000001,1.56,1.56,0.2006172839506173,1.6295062114077004,5.464901320819063,1.6778692414005583,2,one_per_bay,True,24+14+14+12,4,64,24,14,12,A40-10L-V2-kv1100-6.7PG,20x15E,9.787387758512782,1.0902,14.67620620069712,1.1195063710143767,10.732331074269121,12.878797289122945,13.092284355932096,141.55061626847868,142.1706538334051,6.476229451693998,0.0008350756978935756,0.03835937757385034,-1129.4632423517976,1129.4632423517976,0.13210095826037835,1346.9877498253245,3279.643270906116,20.083333333333336,False,"SOC floor violated (min 0.001, unmet 1129 Wh); did not refill (end SOC 0.038)"
4.0,0.3,1.6,0.34,0.6,0.5,0.18,1.4224999999999999,1.69,1.69,0.21885521885521889,1.8266983732282354,5.483854389553624,1.8209160083204474,2,one_per_bay,True,26+13+13+13,4,65,26,13,13,A40-10L-V2-kv1100-6.7PG,MJ-20x13E,9.908674991114479,1.1307,14.150526222693905,1.2458435815951392,10.603466013490365,12.724159216188438,12.935082904766945,142.34417451704314,144.42184766326795,5.885688686785856,0.0,0.0379972334850482,-1132.277759173533,1132.277759173533,0.12920214178055053,1368.0344334163458,3304.7440204228046,19.916666666666668,False,"SOC floor violated (min 0.000, unmet 1132 Wh); did not refill (end SOC 0.038); FLAG MJ-20x13E: thrust table 2.22 N vs similarity 2.92 N (24%) at 2189 rpm, 12.72 m/s; FLAG MJ-20x13E: thrust table 2.22 N vs similarity 2.88 N (23%) at 2220 rpm, 12.94 m/s"
4.0,0.3,1.6,0.28,0.4,0.5,0.12,1.4224999999999999,1.69,1.69,0.2006172839506173,1.74931357158395,5.47234763297421,1.736556303218924,2,one_per_bay,True,26+13+13+13,4,65,26,13,13,A40-10L-V2-kv1100-6.7PG,20x15E,9.829223292728832,1.09605,14.597874184571872,1.2199984290542472,10.726503291615098,12.871803949938117,13.085175090746082,142.38741022121374,143.0297517111178,6.440093287814763,0.0,0.043613252841114385,-1132.5961931929592,1132.5961931929592,0.15521090041876798,1368.0344334163458,3299.9207397262358,19.916666666666668,False,"SOC floor violated (min 0.000, unmet 1133 Wh); did not refill (end SOC 0.044)"
4.0,0.3,1.6,0.34,1.0,1.0,0.3,2.0,1.56,1.56,0.21885521885521886,1.517396184062851,5.662256818923529,1.8511728798196678,2,one_per_bay,True,24+18+18+12,4,72,24,18,12,A40-10L-V2-kv1100-6.7PG,20x15E,10.081799433442075,1.2,13.333333333333334,1.0071866783523225,10.38226612139607,12.458719345675282,12.665242935541318,146.28981734585219,146.99627200662658,6.134751497330891,0.0,0.1026780969350232,-1137.6519432196176,1137.6519432196176,0.2041959824695828,1515.3612185534903,3394.605632047783,18.833333333333332,False,"SOC floor violated (min 0.000, unmet 1138 Wh); did not refill (end SOC 0.103)"
4.0,0.3,1.6,0.34,1.0,1.0,0.3,2.0,1.69,1.69,0.21885521885521889,1.6438458660680886,5.662252391869034,1.9078606913295006,2,one_per_bay,True,26+16+16+13,4,71,26,16,13,A40-10L-V2-kv1100-6.7PG,MJ-20x13E,10.078822478114478,1.2,13.333333333333334,1.1098242245537042,10.38073316963584,12.456879803563009,12.66337290001875,145.88448076437186,147.8868943152164,5.691467845129463,0.0,0.08596185409604248,-1138.2650484322949,1138.2650484322949,0.28927975228484826,1494.3145349624708,3391.406473895037,18.916666666666664,False,"SOC floor violated (min 0.000, unmet 1138 Wh); did not refill (end SOC 0.086); FLAG MJ-20x13E: thrust table 2.40 N vs similarity 3.07 N (22%) at 2178 rpm, 12.46 m/s; FLAG MJ-20x13E: thrust table 2.41 N vs similarity 3.03 N (20%) at 2209 rpm, 12.66 m/s"
4.0,0.3,1.3,0.28,0.6,0.0,0.18,0.65,1.3,1.3,0.20061728395061726,1.2294865458244242,5.380867994124515,1.3564231224814742,2,one_per_bay,True,20+13+13,3,46,20,13,0,A40-10L-V2-kv1100-6.7PG,20x15E,9.160054661234529,1.038,15.414258188824663,0.8176114527056614,10.640550785426038,12.768660942511245,12.980322319773512,127.60104564326531,135.23760898109188,6.944249017311337,0.009621911248363778,0.009621911248363778,-1142.958466149578,1142.958466149578,0.0,968.1474451869524,2942.4250954383697,24.0,False,"SOC floor violated (min 0.010, unmet 1143 Wh); did not refill (end SOC 0.010); FLAG 20x15E: (12.77 m/s, 1961 rpm) not on the map; used C_T(J) similarity"
4.0,0.3,1.3,0.28,0.6,0.0,0.18,0.845,1.69,1.69,0.2006172839506173,1.5307860744335604,5.4065697474168655,1.5913301249302156,2,one_per_bay,True,26+13+10+10,4,59,26,10,13,A40-10L-V2-kv1100-6.7PG,20x15E,9.484091601382678,1.0614,15.074429998115697,1.0729520726819004,10.707105485052194,12.848526582062632,13.061511862539144,138.90157214480595,139.43936871904708,6.696413912570634,0.005030944389972753,0.012437591419647386,-1144.7493805006338,1144.7493805006338,0.15067370406145858,1241.7543318702212,3214.9374065297766,21.583333333333336,False,"SOC floor violated (min 0.005, unmet 1145 Wh); did not refill (end SOC 0.012)"
4.0,0.3,1.6,0.34,0.4,0.5,0.12,1.3900000000000001,1.56,1.56,0.21885521885521886,1.7776431397174914,5.464957699554343,1.7150691316033368,2,one_per_bay,True,24+14+14+12,4,64,24,14,12,A40-10L-V2-kv1100-6.7PG,20x15E,9.824267051442074,1.0902,14.67620620069712,1.1989805305692978,10.752532002418839,12.903038402902606,13.116927305703179,142.03915027771947,142.6917824485002,6.454689222180735,0.008312480487829082,0.04368886469765588,-1146.4591978430976,1146.4591978430976,0.23930643937841245,1346.9877498253245,3291.4413633199224,20.166666666666668,False,"SOC floor violated (min 0.008, unmet 1146 Wh); did not refill (end SOC 0.044)"
4.0,0.36,1.6,0.28,0.4,0.0,0.144,0.65,1.3,1.3,0.20061728395061726,1.1907483615302545,5.516763092362481,1.5602669487384053,2,one_per_bay,True,20+14+14,3,48,20,14,0,A40-10L-V2-kv1100-6.7PG,20x15E,9.619221731080684,1.1484,13.932427725531173,0.7792936903098069,10.366618798202813,12.439942557843375,12.646154891831372,129.91056778677225,132.25175748435066,6.489716323086117,0.0009069684786613026,0.0009069684786613026,-1148.052725155146,1148.052725155146,0.0,1010.2408123689931,2997.8536268825274,24.0,False,"SOC floor violated (min 0.001, unmet 1148 Wh); did not refill (end SOC 0.001); FLAG 20x15E: (12.44 m/s, 1943 rpm) not on the map; used C_T(J) similarity; FLAG 20x15E: (12.65 m/s, 1976 rpm) not on the map; used C_T(J) similarity"
4.0,0.3,1.6,0.34,0.4,0.5,0.12,1.4224999999999999,1.69,1.69,0.21885521885521889,1.908342078091582,5.472407021194016,1.7712063897947226,2,one_per_bay,True,26+13+13+13,4,65,26,13,13,A40-10L-V2-kv1100-6.7PG,20x15E,9.868241165905038,1.09605,14.597874184571872,1.3080913006029085,10.747772053786424,12.897326464543708,13.111120682651398,142.91391876053606,143.5911449510893,6.417447175339212,0.005920926049460578,0.04731006888337981,-1150.0243733400066,1150.0243733400066,0.08343888001063249,1368.0344334163458,3312.6429550150788,20.0,False,"SOC floor violated (min 0.006, unmet 1150 Wh); did not refill (end SOC 0.047)"
4.0,0.3,1.3,0.34,0.6,0.0,0.18,0.845,1.69,1.69,0.21885521885521889,1.6699484448366118,5.406631292378547,1.6309732458958766,2,one_per_bay,True,26+13+10+10,4,59,26,10,13,A40-10L-V2-kv1100-6.7PG,20x15E,9.523109474558884,1.0614,15.074429998115697,1.1504271143423301,10.729107575743493,12.874929090892191,13.088352036007711,139.4062725609166,139.97851802869903,6.672314292634294,0.0,0.00613821215344876,-1150.5089457107222,1150.5089457107222,0.16367728385642266,1241.7543318702214,3227.0380937645014,21.75,False,"SOC floor violated (min 0.000, unmet 1151 Wh); did not refill (end SOC 0.006)"
4.0,0.3,1.3,0.34,0.6,0.0,0.18,0.65,1.3,1.3,0.21885521885521889,1.3412580499902813,5.381224732868109,1.4060055282335293,2,one_per_bay,True,20+13+13+10,4,56,20,13,10,A40-10L-V2-kv1100-6.7PG,20x15E,9.380656793669996,1.038,15.414258188824663,0.8732172693884143,10.767917009189139,12.921500411026967,13.135695351718608,136.9625153846333,137.48318441306117,6.807624178892873,0.007470120898874975,0.007470120898874975,-1155.5707953192136,1155.5707953192136,0.0,1178.6142810971587,3167.100369231196,24.0,False,"SOC floor violated (min 0.007, unmet 1156 Wh); did not refill (end SOC 0.007)"
4.0,0.3,1.6,0.28,0.6,0.0,0.18,0.78,1.56,1.56,0.2006172839506173,1.763966649548884,5.398456527493393,1.6450132105830915,2,one_per_bay,True,24+12+12+12,4,60,24,12,12,A40-10L-V2-kv1100-6.7PG,20x15E,9.690876964512782,1.0535999999999999,15.186028853454824,1.2183027651659601,10.863190910241874,13.035829092290248,13.25191921731216,140.38439469408115,140.94214967589255,6.5936427379019396,0.00947585131665657,0.019105225161970062,-1165.9360683869902,1165.9360683869902,0.19510288976806578,1262.8010154612416,3250.6663396942977,21.416666666666668,False,"SOC floor violated (min 0.009, unmet 1166 Wh); did not refill (end SOC 0.019)"
4.0,0.3,1.6,0.34,0.6,0.0,0.18,0.78,1.56,1.56,0.21885521885521886,1.924327254053328,5.398513466635728,1.6794074596235082,2,one_per_bay,True,24+12+12+12,4,60,24,12,12,A40-10L-V2-kv1100-6.7PG,20x15E,9.727756257442074,1.0535999999999999,15.186028853454824,1.3047905162425977,10.883841588791071,13.060609906549285,13.277110813978169,140.8811857043167,141.44269255655604,6.571393302718076,0.004234427722233173,0.012561277596073114,-1171.6494776605673,1171.6494776605673,0.23793167355376468,1262.8010154612418,3262.59901627188,21.416666666666668,False,"SOC floor violated (min 0.004, unmet 1172 Wh); did not refill (end SOC 0.013)"
4.0,0.3,1.6,0.34,0.6,0.0,0.18,0.298732218071772,0.597464436143544,0.0,0.13276987457934858,0.5,5.3364366708650675,-0.06009961816579956,2,one_per_bay,True,17+17+8,3,42,8,17,0,A40-10L-V2-kv1100-6.7PG,20x15E,9.084616282570659,0.9958478661686126,16.06671113486219,0.30306427510528194,10.81858716556688,12.982304598680257,13.197507467936996,125.41048853918609,132.4122649858287,7.090363011921933,0.008430914886583086,0.008430914886583086,-1173.3209999837566,1173.3209999837566,0.0,883.9607108228695,2889.8517249404604,24.0,False,"SOC floor violated (min 0.008, unmet 1173 Wh); did not refill (end SOC 0.008); FLAG 20x15E: (12.98 m/s, 1971 rpm) not on the map; used C_T(J) similarity"
4.0,0.3,1.3,0.34,0.4,0.0,0.12,0.78,1.56,1.56,0.21885521885521886,1.7433320129398568,5.3261211168499525,1.4785263838558296,2,one_per_bay,True,24+12+10+10,4,56,24,10,12,A40-10L-V2-kv1100-6.7PG,20x15E,9.32991800082669,0.9803999999999999,16.31986944104447,1.1945230738000725,11.049713435176418,13.259656122211702,13.479456545254292,138.05911348559968,138.56330913954497,6.930456698936533,0.0,0.0,-1174.212963035643,1174.212963035643,0.0,1178.6142810971587,3193.4187236544117,24.0,False,"SOC floor violated (min 0.000, unmet 1174 Wh); did not refill (end SOC 0.000)"
4.0,0.3,1.3,0.34,0.4,0.0,0.12,0.845,1.69,1.69,0.21885521885521889,1.8478483206700635,5.3408514067776,1.5413871328563782,2,one_per_bay,True,26+13+9+9,4,57,26,9,13,A40-10L-V2-kv1100-6.7PG,20x15E,9.384312859789652,0.9921,16.12740651144038,1.2856963445649574,11.016338377654609,13.219606053185531,13.43874258102347,138.98162266450933,139.49173880891973,6.871732452990622,0.0035190979457496874,0.0035190979457496874,-1179.5935879451904,1179.5935879451904,0.0,1199.6609646881795,3215.8565116991226,23.416666666666664,False,"SOC floor violated (min 0.004, unmet 1180 Wh); did not refill (end SOC 0.004)"
4.0,0.3,1.6,0.28,0.6,0.0,0.18,0.845,1.69,1.69,0.2006172839506173,1.8840443993028437,5.4069382918221445,1.7017757703774798,2,one_per_bay,True,26+13+10+10,4,59,26,10,13,A40-10L-V2-kv1100-6.7PG,20x15E,9.720149549228832,1.0614,15.074429998115697,1.3205563971469545,10.839535817164885,13.007442980597862,13.223062559528609,141.027781783921,141.62478033121457,6.560797748232916,0.0066552421683042495,0.009395180307720217,-1192.8212542562255,1192.8212542562255,0.25104591886597893,1241.7543318702214,3265.811010029732,22.083333333333332,False,"SOC floor violated (min 0.007, unmet 1193 Wh); did not refill (end SOC 0.009)"
4.0,0.3,1.6,0.34,0.6,0.0,0.18,0.845,1.69,1.69,0.21885521885521889,2.05532116287583,5.406998345128171,1.733974864051829,2,one_per_bay,True,26+13+10+10,4,59,26,10,13,A40-10L-V2-kv1100-6.7PG,20x15E,9.759167422405039,1.0614,15.074429998115697,1.4159102945751756,10.86126964196369,13.033523570356428,13.24957547759262,141.560730299018,142.16205061886487,6.5373897522967805,0.0009006404541026993,0.0027944557841118427,-1199.1608393634217,1199.1608393634217,0.2029130634309695,1241.7543318702217,3278.5098377361514,22.25,False,"SOC floor violated (min 0.001, unmet 1199 Wh); did not refill (end SOC 0.003)"
4.0,0.3,1.6,0.34,0.6,0.0,0.18,0.65,1.3,1.3,0.21885521885521889,1.6507791384495767,5.381597632567471,1.5422280073367614,2,one_per_bay,True,20+13+13+10,4,56,20,13,10,A40-10L-V2-kv1100-6.7PG,20x15E,9.616933927516149,1.038,15.414258188824663,1.0747289469395866,10.902683185582157,13.083219822698588,13.30009552635814,139.07848478072677,139.56739071356725,6.668110088071809,0.002728067223419601,0.002728067223419601,-1201.9151930479295,1201.9151930479295,0.0,1178.6142810971587,3217.883634737433,24.0,False,"SOC floor violated (min 0.003, unmet 1202 Wh); did not refill (end SOC 0.003)"
4.0,0.3,1.3,0.34,0.4,0.0,0.12,0.65,1.3,1.3,0.21885521885521889,1.519827908716798,5.296708494930795,1.3247049938549775,2,one_per_bay,True,20+11+11+10,4,52,20,11,10,A40-10L-V2-kv1100-6.7PG,20x15E,9.205128282900764,0.9570000000000001,16.718913270637408,1.0009861286034147,11.10894218931319,13.330730627175827,13.551709226040979,136.10517831136582,136.58879661875312,7.060677937049231,0.002860105442347107,0.002860105442347107,-1214.725329867164,1214.725329867164,0.0,1094.427546733077,3146.5242794728006,24.0,False,"SOC floor violated (min 0.003, unmet 1215 Wh); did not refill (end SOC 0.003)"
4.0,0.3,1.6,0.34,0.4,0.0,0.12,0.845,1.69,1.69,0.21885521885521889,2.274274856209309,5.341224832896381,1.6344923557878381,2,one_per_bay,True,26+13+9+9,4,57,26,9,13,A40-10L-V2-kv1100-6.7PG,20x15E,9.621019935405037,0.9921,16.12740651144038,1.5823955010030244,11.154409530949552,13.385291437139463,13.60717447040329,141.13459556870453,141.80285262878306,6.728418986587123,0.0,0.0,-1226.7760170770684,1226.7760170770684,0.0,1199.6609646881795,3267.230293648913,24.0,False,"SOC floor violated (min 0.000, unmet 1227 Wh); did not refill (end SOC 0.000)"
4.0,0.3,1.6,0.34,0.4,0.0,0.12,0.78,1.56,1.56,0.21885521885521886,2.1456394005413624,5.326496864779805,1.5789243434577658,2,one_per_bay,True,24+12+10+10,4,56,24,10,12,A40-10L-V2-kv1100-6.7PG,20x15E,9.566734669442075,0.9803999999999999,16.31986944104447,1.4701822446770125,11.189069366351038,13.426883239621246,13.649455724835889,140.2131532118173,140.87537673107977,6.785022801337149,0.005588026213139079,0.005588026213139079,-1231.9409853923585,1231.9409853923585,0.0,1178.6142810971587,3245.1156770835923,24.0,False,"SOC floor violated (min 0.006, unmet 1232 Wh); did not refill (end SOC 0.006)"
4.0,0.3,1.6,0.34,0.4,0.0,0.12,0.65,1.3,1.3,0.21885521885521889,1.870557426112982,5.297089620536222,1.444965434490381,2,one_per_bay,True,20+11+11+10,4,52,20,11,10,A40-10L-V2-kv1100-6.7PG,20x15E,9.44216413751615,0.9570000000000001,16.718913270637408,1.231982927511895,11.251063011539062,13.501275613846873,13.725081273977608,138.24981628137203,138.8432685551863,6.909958994688077,0.008407588047096563,0.008407588047096563,-1271.6165529903428,1271.6165529903428,0.0,1094.427546733077,3197.995590752934,24.0,False,"SOC floor violated (min 0.008, unmet 1272 Wh); did not refill (end SOC 0.008)"
4.0,0.3,1.6,0.28,0.6,0.0,0.18,0.65,1.3,1.3,0.20061728395061726,1.5132142102454451,5.381249760987569,1.501960229802728,2,one_per_bay,True,20+13+13,3,46,20,13,0,A40-10L-V2-kv1100-6.7PG,20x15E,9.396331795080684,1.038,15.414258188824663,1.00629101871466,10.776909805023973,12.932291766028767,13.146665591027269,136.88728462114875,137.407159062628,6.800043687499646,0.006929815077954725,0.006929815077954725,-1363.7190091648965,1363.7190091648965,0.0,968.1474451869524,3165.2948309075614,24.0,False,"SOC floor violated (min 0.007, unmet 1364 Wh); did not refill (end SOC 0.007)"
4.0,0.3,1.3,0.34,0.4,0.0,0.12,0.3039104742554,0.6078209485108,0.0,0.1350713216415838,0.5,5.225840804228265,-0.26992050416233515,2,one_per_bay,True,14+14+8,3,36,8,14,0,A40-10L-V2-kv1100-6.7PG,20x15E,8.624638984188978,0.894703885365972,17.883011644076316,0.3074406974426994,11.121018261742542,13.34522191409105,13.566440729668082,129.04076064049502,129.2999147142852,7.605885146181396,0.003878786710272532,0.003878786710272532,-1382.5688180732222,1382.5688180732222,0.0,757.6806092767453,2976.978255371883,24.0,False,"SOC floor violated (min 0.004, unmet 1383 Wh); did not refill (end SOC 0.004)"
4.0,0.3,1.6,0.34,0.4,0.0,0.12,0.27217613832466364,0.5443522766493273,0.0,0.1209671724716342,0.5,5.2201074740552285,-0.2811889280730169,2,one_per_bay,True,14+14+8,3,36,8,14,0,A40-10L-V2-kv1100-6.7PG,20x15E,8.828858196170314,0.8889917048984394,17.997918216602347,0.3076878590143144,11.288004384348293,13.54560526121795,13.770145757543206,130.54122242414434,130.8630986608278,7.471119939787143,0.0017841894442216719,0.0017841894442216719,-1416.6482756478626,1416.6482756478626,0.0,757.6806092767453,3012.989338179476,24.0,False,"SOC floor violated (min 0.002, unmet 1417 Wh); did not refill (end SOC 0.002)"
