span_m,chord_m,tail_arm_m,elevator_frac,taper_ratio,taper_start_frac,tip_chord_m,y_taper_m,boom_spacing_m,boom_spacing_set_m,hstab_chord_m,tail_volume_h,incidence_wing_deg,incidence_hstab_deg,n_packs,cells_per_string,one_string_per_bay,string_plan,n_strings,n_cells,inboard_cells,outboard_cells,hstab_cells,prop,mass_kg,wing_area_m2,aspect_ratio,static_margin,v_stall,v_night,v_day,p_night_w,p_day_w,climb_ms,soc_min,soc_end,margin_wh,unmet_wh,spilled_wh,solar_wh,propulsion_wh,battery_night_h,closed,reason
6.0,0.36,1.3,0.34,1.0,1.0,0.36,3.0,1.1601060959438814,0.0,0.2578013546541958,0.5000000000000001,5.3857965620911905,-0.13190187624625005,2,mixed,False,26+26+16+10+10,5,88,16,36,8,18x10E,11.801312455853601,2.16,16.666666666666664,0.30461538461538473,8.854962538423926,10.625955046108711,10.802097578979817,68.71116872463628,109.22568101019557,2.122059485506007,0.11057539122198115,0.848248021624441,-127.27241111078996,0.0,0.26344619633113925,1936.9444757507104,1957.8466377467691,13.416666666666668,False,"SOC floor violated (min 0.111, unmet 0 Wh); did not refill (end SOC 0.848)"
6.0,0.36,1.3,0.34,0.6,0.5,0.216,1.7686004107020508,1.0744016428082028,0.0,0.23875592055156475,0.5,5.212580610535127,-0.2960215870655978,2,mixed,False,26+26+16+8+8,5,84,16,34,8,19x10E,11.417549268056202,1.982678459141095,18.157255824323304,0.3080254142760585,9.09093918097221,10.909127017166652,11.08996358723289,90.89796087844674,93.47134540562463,2.7398130917570804,0.0064599334958058245,0.8137280656280471,-186.9597042430516,185.13174807702575,0.14419703638901993,1848.9015450347686,2086.427111512099,14.333333333333332,False,"SOC floor violated (min 0.006, unmet 185 Wh); did not refill (end SOC 0.814)"
6.0,0.4,1.3,0.34,0.4,0.0,0.16000000000000003,0.49917527673716505,0.9983505534743301,0.0,0.22185567850381158,0.5,5.126892504257498,-0.4639042302702894,2,mixed,False,26+26+21+7+4,5,84,21,30,7,19x10E,11.05514148561168,1.7998020664169199,20.002199503898495,0.3115422679734135,9.388975996740337,11.266771196088404,11.453536301638609,89.03386395612192,91.73518702654756,2.8563725994768956,0.0056711308748790025,0.8297440885363168,-187.7216875748669,157.29165286629154,0.2888769013121089,1848.9015450347686,2042.9255246277005,14.333333333333332,False,"SOC floor violated (min 0.006, unmet 157 Wh); did not refill (end SOC 0.830)"
6.0,0.4,1.3,0.34,0.6,0.0,0.24,0.5454984328043848,1.0909968656087696,0.0,0.24244374788632467,0.5,5.224585586884794,-0.27255985902256663,2,mixed,False,26+26+24+9+9,5,94,24,35,8,19x10E,11.559427235983819,2.007279749248702,17.93471986825669,0.30755231252488346,9.09102088424147,10.909225061089764,11.09006325639391,92.2831334079016,94.90794072515179,2.7002382755870955,0.007648126280967865,0.9999978986608182,-187.83154002553087,187.83154002553087,6.832224694544129,2069.0088718246216,2121.043274962139,14.0,False,"SOC floor violated (min 0.008, unmet 188 Wh)"
5.5,0.3,1.3,0.34,0.4,0.0,0.12,0.3529443121020869,0.7058886242041738,0.0,0.15686413860488777,0.5,4.97166450981635,-0.7959949508901971,2,mixed,False,21+21+10,3,52,10,21,0,22x12E,9.42683400064827,1.2185299761783757,24.8249945355237,0.31826631974748937,10.536909993900704,12.644291992680843,12.853891751788451,55.68907953337096,57.09827160894611,7.501552987004204,0.2759117762597994,0.7840169245115021,-189.31965092188898,0.0,0.15301001651562984,1144.5580993072372,1230.1600988648033,14.333333333333332,False,did not refill (end SOC 0.784)
6.0,0.45,1.3,0.34,0.4,0.0,0.18000000000000002,0.5665992537056255,1.133198507411251,0.0,0.2518218904169699,0.5,5.242820544119397,-0.23701868376088542,2,mixed,False,26+26+24+9+9,5,94,24,35,8,19x10E,11.658413726077894,2.0429817985005188,17.621302366189855,0.3068657346887886,9.049736459920993,10.859683751905191,11.039700719221484,92.62028178342679,95.22334181044299,2.672800228407525,0.003910165477906492,0.9998098413025412,-189.42278014834235,188.81307717995978,0.3090215362350209,2069.0088718246216,2128.700441403503,14.083333333333334,False,"SOC floor violated (min 0.004, unmet 189 Wh)"
6.0,0.4,1.6,0.34,0.6,0.0,0.24,0.4894789889065679,0.9789579778131358,0.0,0.21754621727942303,0.5,5.22026834531255,-0.28100387238006586,2,mixed,False,26+26+21+10,4,83,21,36,0,19x10E,11.503445844753896,1.998316638225051,18.015163018397324,0.307724680039524,9.089296553020114,10.907155863624137,11.087959758606003,90.45025821394684,92.99484679427653,2.7212171387680693,0.0031031551998993157,0.7946298830523929,-190.20235207689728,177.29367822808968,0.0894591132848023,1826.8908123557821,2075.191837696209,14.416666666666666,False,"SOC floor violated (min 0.003, unmet 177 Wh); did not refill (end SOC 0.795)"
6.0,0.4,1.3,0.34,0.4,0.0,0.16000000000000003,0.49917527673716505,0.9983505534743301,0.0,0.22185567850381158,0.5,5.127081148997577,-0.4635578337250237,2,mixed,False,26+26+21+7+4+4,6,88,21,30,7,19x10E,11.19514148561168,1.7998020664169199,20.002199503898495,0.3115422679734135,9.44823897784773,11.337886773417276,11.525830735631462,90.9051933419455,93.73386850998497,2.815252298308504,0.0025093435533753046,0.8892997515126433,-190.77597412743947,173.8402837707898,0.14036124405355938,1936.9444757507108,2089.539946025734,14.166666666666668,False,"SOC floor violated (min 0.003, unmet 174 Wh); did not refill (end SOC 0.889)"
6.0,0.36,1.3,0.34,0.4,0.5,0.144,1.7596580248182372,1.0386320992729488,0.0,0.23080713315585882,0.5,5.175014604654985,-0.37872854021400726,2,mixed,False,26+26+14+7+6+6,6,85,14,32,7,19x10E,11.350722165495899,1.8920861333607393,19.026617956369936,0.30976757436501645,9.278755789805873,11.134506947767047,11.319079557715066,91.52594670135608,94.23490004923266,2.7655089521620972,0.007954136565657771,0.8281792166327281,-193.60920584796173,193.60920584796173,0.17501362347157823,1870.9122777137547,2102.809269862012,14.333333333333332,False,"SOC floor violated (min 0.008, unmet 194 Wh); did not refill (end SOC 0.828)"
6.0,0.36,1.6,0.34,0.6,0.5,0.216,1.741673575454751,0.9666943018190034,0.0,0.21482095591958011,0.5,5.210953008503842,-0.29923370425886353,2,mixed,False,26+26+14+9+9,5,84,14,35,0,19x10E,11.56999288652958,1.978800994865484,18.192835001302,0.3080999808857109,9.160389393262838,10.992467271915405,11.174685342608916,91.65287701344641,94.30129158532132,2.7055627638416597,0.005563928453889987,0.8043660159377702,-194.81978752254722,194.81978752254722,0.4897104842822521,1848.901545034769,2104.828986755533,14.5,False,"SOC floor violated (min 0.006, unmet 195 Wh); did not refill (end SOC 0.804)"
6.0,0.4,1.6,0.34,0.6,0.0,0.24,0.4894789889065679,0.9789579778131358,0.0,0.21754621727942303,0.5,5.220511353822739,-0.2805576510416572,2,mixed,False,26+26+21+10+10,5,93,21,36,0,19x10E,11.691445844753895,1.998316638225051,18.015163018397324,0.307724680039524,9.163268413270304,10.995922095924364,11.17819743595968,92.8447316515885,95.53755410845595,2.672632598803113,0.008403662936335914,0.9801557346060105,-197.85537611191836,197.85537611191836,0.4997639798534147,2046.998139145637,2134.752980463993,14.166666666666668,False,"SOC floor violated (min 0.008, unmet 198 Wh)"
6.0,0.45,1.6,0.34,0.4,0.0,0.18000000000000002,0.5067021963549303,1.0134043927098606,0.0,0.22520097610619072,0.5,5.235317308087842,-0.2517283904971741,2,mixed,False,26+26+21+10+10,5,93,21,36,7,19x10E,11.7709596333733,2.026809593015831,17.76190527420639,0.3071767386174873,9.129519253632937,10.955423104359523,11.137027107567048,92.9738915692198,95.64280159777876,2.6516471409536586,0.006895868701726661,0.9775985154454849,-198.24285586481227,198.24285586481227,0.48222273163294693,2046.998139145637,2137.6176796087693,14.166666666666668,False,"SOC floor violated (min 0.007, unmet 198 Wh)"
6.0,0.36,1.3,0.34,0.6,0.5,0.216,1.7686004107020508,1.0744016428082028,0.0,0.23875592055156475,0.5,5.212804751458877,-0.29561001109691976,2,mixed,False,26+26+16+8+8+8,6,92,16,34,8,19x10E,11.589549268056201,1.982678459141095,18.157255824323304,0.3080254142760585,9.159158575744506,10.990990290893407,11.173183878217934,93.10991096818694,95.82453632853041,2.6946461554509553,0.004327311510256221,0.9526301761314759,-199.53858668372501,199.53858668372501,0.3275715146241206,2024.9874064666515,2141.3316792798755,14.166666666666668,False,"SOC floor violated (min 0.004, unmet 200 Wh)"
6.0,0.4,1.3,0.34,0.6,0.0,0.24,0.5454984328043848,1.0909968656087696,0.0,0.24244374788632467,0.5,5.2248069969665085,-0.2721532975284,2,mixed,False,26+26+24+9+9+8,6,102,24,35,8,19x10E,11.73142723598382,2.007279749248702,17.93471986825669,0.30755231252488346,9.158406654429783,10.99008798531574,11.172266615453905,94.50985114393939,97.27329210709962,2.656146958263447,0.004751912701273123,0.9999999999999998,-203.6633769821032,203.6633769821032,142.48904723246042,2245.0947332565047,2176.3314105799936,13.833333333333332,False,"SOC floor violated (min 0.005, unmet 204 Wh)"
6.0,0.3,1.3,0.34,1.0,1.0,0.3,3.0,0.9667550799532344,0.0,0.21483446221182986,0.5,5.201072181335043,-0.46754576428112116,2,mixed,False,26+26+14+12+12,5,90,14,38,0,19x10E,11.066233828027828,1.7999999999999998,20.000000000000004,0.3115384615384616,9.39316860733619,11.271802328803426,11.458650833582762,93.46547216917524,96.43449009317973,2.833678435008404,0.0064621423751682686,0.9077191020388092,-210.35307442425244,210.35307442425244,0.09602573984533672,1980.9659411086802,2152.119256819248,14.25,False,"SOC floor violated (min 0.006, unmet 210 Wh); did not refill (end SOC 0.908)"
6.0,0.4,1.3,0.34,0.4,0.5,0.16000000000000003,1.7893630154824944,1.1574520619299782,0.0,0.257211569286021,0.5000000000000001,5.286924520122082,-0.17615725252079395,2,mixed,False,26+26+24+15+15,5,106,24,41,8,19x10E,11.878048248834927,2.109447123715799,17.066083143428536,0.30558755532476517,8.989523456552389,10.787428147862867,10.966247360713334,95.39120859742866,98.03038861713101,2.6073646497720837,0.006182098933244128,0.9999999999999998,-211.19373572605326,211.19373572605326,217.79307634501222,2333.137663972446,2196.220669871939,13.833333333333332,False,"SOC floor violated (min 0.006, unmet 211 Wh)"
6.0,0.45,1.3,0.34,0.4,0.0,0.18000000000000002,0.5665992537056255,1.133198507411251,0.0,0.2518218904169699,0.5,5.243040088003767,-0.2366155490483004,2,mixed,False,26+26+24+9+9+8,6,102,24,35,8,19x10E,11.830413726077895,2.0429817985005188,17.621302366189855,0.3068657346887886,9.116248748553645,10.939498498264372,11.120838525157255,94.82268697165814,97.5607643739635,2.629628034889282,0.009388216498185126,0.9999999999999997,-212.50166141615978,212.50166141615978,144.13546663690437,2245.0947332565047,2183.581607576568,13.833333333333332,False,"SOC floor violated (min 0.009, unmet 213 Wh)"
6.0,0.45,1.6,0.34,0.4,0.0,0.18000000000000002,0.5067021963549303,1.0134043927098606,0.0,0.22520097610619072,0.5,5.235524723224792,-0.25134752704535135,2,mixed,False,26+26+21+10+10+7,6,100,21,36,7,19x10E,11.9349596333733,2.026809593015831,17.76190527420639,0.3071767386174873,9.192898200955407,11.031477841146488,11.214342575640408,95.09566578531698,97.88904151201558,2.610713847918801,0.0048269548182770135,0.999999999999956,-214.68569186095777,214.68569186095777,95.81030888074946,2201.0732678985332,2190.229736114589,14.0,False,"SOC floor violated (min 0.005, unmet 215 Wh)"
6.0,0.3,1.6,0.34,1.0,1.0,0.3,3.0,0.8714212528966688,0.0,0.19364916731037085,0.5,5.200618891526554,-0.4670266896246775,2,mixed,False,26+26+12+12+12,5,88,12,38,0,19x10E,11.222788217817277,1.7999999999999998,20.000000000000004,0.3115384615384616,9.459378002417978,11.351253602901574,11.539419142112052,94.44812478126683,97.5210654750682,2.793074659038628,0.009174474845757572,0.8586219635346022,-230.99741749304624,230.99741749304624,0.18450492680163083,1936.9444757507108,2176.4600881238134,14.333333333333332,False,"SOC floor violated (min 0.009, unmet 231 Wh); did not refill (end SOC 0.859)"
6.0,0.36,1.6,0.34,0.4,0.5,0.144,1.733439304305606,0.9337572172224234,0.0,0.2075016038191957,0.5,5.171792004214301,-0.3839250704656292,2,mixed,False,26+26+14+7+7,5,80,14,33,0,19x10E,11.35624506040306,1.886422889730011,19.083737902031288,0.3098764828934878,9.29493374415756,11.153920492989073,11.338814914107246,90.43988512613966,93.11192615354797,2.7697836147106716,0.00753698057743076,0.7369126478071807,-234.82238221826344,187.87315533454807,0.11983148242154229,1760.8586143188277,2075.9416327877275,14.5,False,"SOC floor violated (min 0.008, unmet 188 Wh); did not refill (end SOC 0.737)"
6.0,0.36,1.3,0.34,0.4,0.5,0.144,1.7596580248182372,1.0386320992729488,0.0,0.23080713315585882,0.5,5.174807151901966,-0.3791094727378741,2,mixed,False,26+26+14+7+6,5,79,14,32,7,19x10E,11.194722165495898,1.8920861333607393,19.026617956369936,0.30976757436501645,9.21477334981055,11.057728019772659,11.24102789378406,89.47895162318474,92.08813670490665,2.809353703767222,0.002434953048352979,0.7213832601351248,-249.82377070946944,171.1319532747241,0.10665778653477057,1738.847881639842,2052.282097232805,14.5,False,"SOC floor violated (min 0.002, unmet 171 Wh); did not refill (end SOC 0.721)"
5.5,0.3,1.6,0.34,0.4,0.0,0.12,0.31638983679641164,0.6327796735928233,0.0,0.1406177051931655,0.5,4.967619271069766,-0.8026845386830148,2,mixed,False,21+21+8,3,50,8,21,0,22x12E,9.59983348747534,1.211950170623354,24.95977205435866,0.31841690649206106,10.661981318534144,12.794377582240973,13.006465254743459,56.74764778952966,58.23059769261401,7.376241405369962,0.25570656540747017,0.7117358980074823,-259.1431225247721,0.0,0.34358878576136215,1100.5366339492666,1255.9079918694158,14.583333333333332,False,did not refill (end SOC 0.712)
6.0,0.36,1.3,0.34,0.6,0.0,0.216,0.48869414444094267,0.9773882888818853,0.0,0.2171973975170643,0.5,5.1248947811860655,-0.4676549397427605,2,mixed,False,26+26+14+6+6,5,78,14,32,0,19x10E,10.985205229090756,1.7983719567994956,20.018105744969485,0.31156977006695225,9.362951546189478,11.235541855427373,11.42178928372974,88.56396720607923,91.30959184751167,2.8749944218818646,0.005001363120404821,0.7108047978636106,-260.0425652637521,162.23436092792727,0.4576885979487564,1716.8371489608571,2031.3898449860646,14.583333333333332,False,"SOC floor violated (min 0.005, unmet 162 Wh); did not refill (end SOC 0.711)"
5.5,0.4,1.3,0.34,0.6,0.0,0.24,0.5233448015239407,1.0466896030478814,0.0,0.23259768953243612,0.5,5.313175629646228,-0.10039265862416569,2,mixed,False,26+26+24+8+6,5,90,24,32,8,19x10E,11.196994345824772,1.8437351682438305,16.406911643830778,0.30395774568631584,9.335764951803432,11.202917942164119,11.388624575903602,97.12522799809007,100.05177671974413,2.7823321238302037,0.0056810038248710105,0.8713065418842456,-262.32337583644266,262.32337583644266,0.16250460451175877,1980.9659411086798,2239.29544293016,14.333333333333332,False,"SOC floor violated (min 0.006, unmet 262 Wh); did not refill (end SOC 0.871)"
6.0,0.4,1.6,0.34,0.4,0.0,0.16000000000000003,0.4467963792362206,0.8935927584724412,0.0,0.19857616852969506,0.5,5.121062335585169,-0.47533425137480645,2,mixed,False,26+26+18+4+4,5,78,18,30,0,19x10E,11.15139689462527,1.787231131016693,20.14288995711532,0.31178401672075223,9.462866769725155,11.355440123670185,11.543675061289456,89.40835843833386,92.1900980899633,2.8335660623389103,0.0023190509640964438,0.6998152746286835,-270.65844470869166,171.84869723572388,0.3112660363669839,1716.8371489608571,2051.7635059352283,14.666666666666668,False,"SOC floor violated (min 0.002, unmet 172 Wh); did not refill (end SOC 0.700)"
5.5,0.45,1.3,0.34,0.4,0.0,0.18000000000000002,0.5444147363222125,1.088829472644425,0.0,0.24196210487799785,0.5,5.336257273766884,-0.058595225007738616,2,mixed,False,26+26+24+8+4,5,88,24,30,8,19x10E,11.279070946605259,1.8794919788069973,16.094774726945687,0.30313940804601924,9.280361103807804,11.136433324569365,11.321037867354267,97.33640940281408,100.24557795155154,2.7580965029842086,0.009728637580641743,0.8324817031623222,-273.05511469312074,273.05511469312074,0.31327636544296544,1936.9444757507106,2243.710926880547,14.5,False,"SOC floor violated (min 0.010, unmet 273 Wh); did not refill (end SOC 0.832)"
5.5,0.4,1.6,0.34,0.6,0.0,0.24,0.4695058333139368,0.9390116666278736,0.0,0.20866925923495241,0.5,5.308617144656504,-0.10957756854203726,2,mixed,False,26+26+21+7+7,5,87,21,33,0,19x10E,11.322359182473049,1.8351209333302299,16.48392727181458,0.3041548928233807,9.409890476853226,11.291868572223871,11.479049707710372,97.82444241981896,100.84187338656561,2.7523414368056187,0.002981457999499065,0.7998880949559088,-276.05881141782675,276.05881141782675,0.16509559591824421,1914.933743071725,2256.452212259748,14.5,False,"SOC floor violated (min 0.003, unmet 276 Wh); did not refill (end SOC 0.800)"
5.5,0.45,1.6,0.34,0.4,0.0,0.18000000000000002,0.48669274633032533,0.9733854926606507,0.0,0.216307887190765,0.5,5.326289131384841,-0.07548534443849908,2,mixed,False,26+26+21+6+6,5,85,21,32,0,19x10E,11.38565970321726,1.8639070415091878,16.22935013728306,0.3034960880809123,9.363008646554182,11.235610375865017,11.421858940005377,97.7602009086168,100.72749194832946,2.734978586737512,0.0015298412273689437,0.7588944216829158,-277.84124539157295,277.84124539157295,0.31720654142255,1870.9122777137545,2253.9395381774584,14.666666666666668,False,"SOC floor violated (min 0.002, unmet 278 Wh); did not refill (end SOC 0.759)"
5.5,0.36,1.3,0.34,0.6,0.5,0.216,1.632376116030971,1.0295044641238844,0.0,0.22877876972035582,0.5,5.298407646861946,-0.1279253593822962,2,mixed,False,26+26+14+7+5+5,6,83,14,31,7,19x10E,11.187112188917972,1.8190621607084598,16.629448214248328,0.30452241720866174,9.394716431724676,11.273659718069611,11.460539012104919,97.47033929039425,100.4647493135668,2.786354593478688,0.0022148213313147834,0.7220941340271718,-279.13926762757967,279.13926762757967,0.1341331914853197,1826.8908123557821,2247.235969852409,14.666666666666668,False,"SOC floor violated (min 0.002, unmet 279 Wh); did not refill (end SOC 0.722)"
5.5,0.4,1.3,0.34,0.6,0.0,0.24,0.5233448015239407,1.0466896030478814,0.0,0.23259768953243612,0.5,5.313383040591236,-0.10001180286974787,2,mixed,False,26+26+24+8+6+6,6,96,24,32,8,19x10E,11.35299434582477,1.8437351682438305,16.406911643830778,0.30395774568631584,9.400574383594126,11.28068926031295,11.467685080474176,99.41131720815473,102.49342326691746,2.7377051648590434,0.003553508102732982,0.968274581499766,-281.4563868344429,281.4563868344429,0.13326352520787782,2113.0303371825926,2295.9221470686452,14.25,False,"SOC floor violated (min 0.004, unmet 281 Wh)"
6.0,0.3,1.3,0.34,1.0,1.0,0.3,3.0,0.9667550799532344,0.0,0.21483446221182986,0.5,5.201672565167531,-0.4682332803596856,2,mixed,False,26+26+14+12,4,78,14,38,0,19x10E,10.862233828027827,1.7999999999999998,20.000000000000004,0.3115384615384616,9.306186901122336,11.167424281346802,11.352542549777937,90.69343198485947,93.48399609017572,2.894782719207427,0.0021699238494684494,0.6875104579961056,-282.54489757576204,190.75625299197773,0.2034412030159487,1716.8371489608571,2082.687632619571,14.666666666666668,False,"SOC floor violated (min 0.002, unmet 191 Wh); did not refill (end SOC 0.688)"
5.5,0.4,1.6,0.34,0.6,0.0,0.24,0.4695058333139368,0.9390116666278736,0.0,0.20866925923495241,0.5,5.308398424987713,-0.10997918979911825,2,mixed,False,26+26+21+7,4,80,21,33,0,19x10E,11.158359182473049,1.8351209333302299,16.48392727181458,0.3041548928233807,9.341492579428907,11.209791095314689,11.395611662775849,95.45399534836442,98.31389684371071,2.7995541659012018,0.004983116058071776,0.6847751768158564,-285.18717919588266,258.8015472036962,0.32726265200150567,1760.858614318828,2197.1116520680926,14.833333333333334,False,"SOC floor violated (min 0.005, unmet 259 Wh); did not refill (end SOC 0.685)"
5.5,0.4,1.3,0.34,0.4,0.5,0.16000000000000003,1.652408364194063,1.1096334567762525,0.0,0.24658521257829177,0.5,5.38613577943738,0.0034662368217621697,2,mixed,False,26+26+24+11+11,5,98,24,37,8,19x10E,11.463055267459806,1.9365780074065753,15.62033643070757,0.30183292546488427,9.216820820096133,11.06018498411536,11.243525586317366,100.14994692857437,103.12465076713531,2.6983259380036078,0.005849214109788612,0.999994565603646,-290.65494170197053,290.65494170197053,5.4825140414754046,2157.051802540563,2312.8499806982986,14.166666666666668,False,"SOC floor violated (min 0.006, unmet 291 Wh)"
5.5,0.45,1.3,0.34,0.4,0.0,0.18000000000000002,0.5444147363222125,1.088829472644425,0.0,0.24196210487799785,0.5,5.336442196246586,-0.058255663416602044,2,mixed,False,26+26+24+8+4+4,6,92,24,30,8,19x10E,11.41907094660526,1.8794919788069973,16.094774726945687,0.30313940804601924,9.337779117005438,11.205334940406525,11.391081639833327,99.38189551311399,102.39765161795539,2.718809306072258,0.008215587544540732,0.8918201878056562,-293.36081256914787,293.36081256914787,0.15590731109393965,2024.9874064666517,2294.3178013282004,14.333333333333332,False,"SOC floor violated (min 0.008, unmet 293 Wh); did not refill (end SOC 0.892)"
6.0,0.3,1.3,0.34,0.6,0.5,0.18,1.7231472734329956,0.8925890937319827,0.0,0.19835313191476392,0.5,5.058177561654884,-0.610767393417599,2,mixed,False,26+26+12+6+6,5,76,12,32,0,19x10E,10.641125880633103,1.6467776728119592,21.860874478901643,0.3144850447661422,9.629966017340983,11.55595922080918,11.747518089454493,88.10320807683355,91.12335026054672,2.982193703800757,0.008169776958168104,0.675668467621939,-293.9842602772069,163.02598015437042,0.1951931193175819,1672.8156836028852,2022.6649875586518,14.666666666666668,False,"SOC floor violated (min 0.008, unmet 163 Wh); did not refill (end SOC 0.676)"
5.0,0.3,1.6,0.34,0.6,0.0,0.18,0.33265133972193933,0.6653026794438787,0.0,0.1478450398047361,0.5,5.1229060235921935,-0.4843411119982306,2,mixed,False,21+21+10,3,52,10,21,0,22x12E,9.672171342338906,1.2399181607666325,20.162621043103908,0.31181765097913383,10.580688517013142,12.69682622041577,12.90729682001682,60.181109892285704,61.73018873326063,7.282125080050663,0.20821217745206205,0.6713572668047945,-298.14888026656854,0.0,0.18500041258200875,1144.5580993072372,1338.8047065972933,14.666666666666668,False,did not refill (end SOC 0.671)
5.5,0.3,1.3,0.34,1.0,1.0,0.3,2.75,0.9255975201083725,0.0,0.20568833780186058,0.5,5.283338674549654,-0.31643100703493654,2,mixed,False,26+26+14+8+8,5,82,14,34,0,19x10E,10.701153499977236,1.65,18.333333333333336,0.30839160839160834,9.647655206842835,11.577186248211401,11.769096989451294,98.25802527293257,101.6020755766715,2.9210421713948658,0.009169328398554789,0.6982162398305737,-299.59056112798737,299.59056112798737,0.260183948180669,1804.8800796767978,2268.846401001315,14.833333333333334,False,"SOC floor violated (min 0.009, unmet 300 Wh); did not refill (end SOC 0.698)"
5.5,0.4,1.3,0.28,0.6,0.5,0.24,1.661585651346976,1.1463426053879038,0.0,0.25474280104378316,0.5000000000000001,5.4175537332346275,0.10080127133813077,2,mixed,False,26+26+24+13+13,5,102,24,39,8,19x10E,11.676537149193624,2.0258537042155162,14.931976547494031,0.29978974363362343,9.094973584426187,10.913968301311424,11.094885123557152,101.30087598660528,104.2153883890391,2.6358951052548307,0.005960127814220277,0.9999999999995951,-299.83357814252014,299.83357814252014,75.15762068458908,2245.0947332565047,2339.8803956357897,14.166666666666668,False,"SOC floor violated (min 0.006, unmet 300 Wh)"
5.5,0.4,1.3,0.34,0.6,0.5,0.24,1.661585651346976,1.1463426053879038,0.0,0.25474280104378316,0.5000000000000001,5.4175537332346275,0.10080127133813077,2,mixed,False,26+26+24+13+13,5,102,24,39,8,19x10E,11.676537149193624,2.0258537042155162,14.931976547494031,0.29978974363362343,9.094973584426187,10.913968301311424,11.094885123557152,101.30087598660528,104.2153883890391,2.6358951052548307,0.005960127814220277,0.9999999999995951,-299.83357814252014,299.83357814252014,75.15762068458908,2245.0947332565047,2339.8803956357897,14.166666666666668,False,"SOC floor violated (min 0.006, unmet 300 Wh)"
5.5,0.4,1.6,0.34,0.4,0.5,0.16000000000000003,1.6242923932130202,0.997169572852081,0.0,0.2215932383919649,0.5,5.38182901886616,-0.003541973567875001,2,mixed,False,26+26+21+13+13,5,99,21,39,7,19x10E,11.617253479575457,1.929830174371125,15.67495440880314,0.30198735774670904,9.294812548889505,11.153775058667405,11.338667068974537,101.1106791456446,104.13957204638525,2.6630969169623504,0.005089047769247977,0.9999998743906064,-301.81406156318656,301.81406156318656,14.924647502027865,2179.0625352195484,2336.4404130194303,14.166666666666668,False,"SOC floor violated (min 0.005, unmet 302 Wh)"
6.0,0.36,1.6,0.34,0.6,0.0,0.216,0.4387069082970673,0.8774138165941346,0.0,0.19498084797554266,0.5,5.121669692374651,-0.47399178900668826,2,mixed,False,26+26+12+6+6,5,76,12,32,0,19x10E,11.126271751325499,1.7911737947947777,20.09855219220906,0.311708196330922,9.441791751664685,11.33015010199762,11.517965816266669,89.44594796330848,92.26705928825405,2.83857888470202,0.006992948392872425,0.663801359837002,-305.4478863974561,181.83337691224312,0.09988403367530432,1672.8156836028852,2053.033123485565,14.666666666666668,False,"SOC floor violated (min 0.007, unmet 182 Wh); did not refill (end SOC 0.664)"
5.5,0.45,1.6,0.34,0.4,0.0,0.18000000000000002,0.48669274633032533,0.9733854926606507,0.0,0.216307887190765,0.5,5.326082319623757,-0.07586509994891255,2,mixed,False,26+26+21+6,4,79,21,32,0,19x10E,11.22965970321726,1.8639070415091878,16.22935013728306,0.3034960880809123,9.298644036055729,11.158372843266873,11.34334106935145,95.52069630129577,98.35775889287507,2.779157611404595,0.0027949336911712377,0.6623546320617971,-306.84542542830394,260.3139573532056,0.21126232135829898,1738.8478816398417,2198.503118320572,14.833333333333334,False,"SOC floor violated (min 0.003, unmet 260 Wh); did not refill (end SOC 0.662)"
5.5,0.4,1.6,0.28,0.6,0.5,0.24,1.6327806457453082,1.0311225829812327,0.0,0.22913835168791405,0.5,5.415065035500421,0.09614851705673821,2,mixed,False,26+26+21+16+16,5,105,21,42,7,19x10E,11.846215789940949,2.0212449033192494,14.96602413211978,0.29989522157329307,9.171255659517973,11.005506791421567,11.187941013414727,102.38623835317372,105.39850943782396,2.5993108716506064,0.005637719495064145,0.9999999999999984,-310.1748004575334,310.1748004575334,123.68940916461229,2311.1269312934596,2367.3924313226767,14.0,False,"SOC floor violated (min 0.006, unmet 310 Wh)"
5.5,0.4,1.6,0.34,0.6,0.5,0.24,1.6327806457453082,1.0311225829812327,0.0,0.22913835168791405,0.5,5.415065035500421,0.09614851705673821,2,mixed,False,26+26+21+16+16,5,105,21,42,7,19x10E,11.846215789940949,2.0212449033192494,14.96602413211978,0.29989522157329307,9.171255659517973,11.005506791421567,11.187941013414727,102.38623835317372,105.39850943782396,2.5993108716506064,0.005637719495064145,0.9999999999999984,-310.1748004575334,310.1748004575334,123.68940916461229,2311.1269312934596,2367.3924313226767,14.0,False,"SOC floor violated (min 0.006, unmet 310 Wh)"
5.5,0.4,1.3,0.34,0.4,0.5,0.16000000000000003,1.652408364194063,1.1096334567762525,0.0,0.24658521257829177,0.5,5.386359037160352,0.003876191024079212,2,mixed,False,26+26+24+11+11+8,6,106,24,37,8,19x10E,11.635055267459807,1.9365780074065753,15.62033643070757,0.30183292546488427,9.285711295728182,11.142853554873819,11.32756452344563,102.70107141527372,105.79943708726323,2.6519406010683246,0.0031799801247890756,0.9999999999999994,-310.5475569852641,310.5475569852641,137.51880215317618,2333.1376639724454,2375.8093706864724,14.0,False,"SOC floor violated (min 0.003, unmet 311 Wh)"
6.0,0.3,1.6,0.34,0.6,0.5,0.18,1.700837857809784,0.8033514312391355,0.0,0.17852254026121192,0.5,5.056440942404927,-0.6126495243112207,2,mixed,False,26+26+12+6+6,5,76,12,32,0,19x10E,10.816683575757605,1.644100542937174,21.89647108545214,0.3145365280281108,9.716980373711952,11.660376448454342,11.853666202923373,89.5739412912158,92.74915097537837,2.9303936637542143,0.005390736745833391,0.6573189265055704,-311.7099169956189,182.25753120322543,0.41907469042589673,1672.8156836028852,2059.4098813746828,14.666666666666668,False,"SOC floor violated (min 0.005, unmet 182 Wh); did not refill (end SOC 0.657)"
5.5,0.36,1.3,0.34,0.4,0.5,0.144,1.6238979058029053,0.9955916232116216,0.0,0.22124258291650464,0.5,5.263820261886449,-0.21767006949066925,2,mixed,False,26+26+14+7+3+3,6,79,14,29,7,19x10E,10.98933732697823,1.7367619476534273,17.417470506462536,0.30640595670533255,9.529367020502917,11.435240424603501,11.62479818234287,96.5830062166711,99.69268014245499,2.8468040068221563,0.00714010379336623,0.6544617755811073,-314.46992478865036,280.5060306761066,0.1000188838933056,1738.8478816398417,2226.4974935198047,14.833333333333334,False,"SOC floor violated (min 0.007, unmet 281 Wh); did not refill (end SOC 0.654)"
5.5,0.4,1.3,0.28,0.6,0.5,0.24,1.661585651346976,1.1463426053879038,0.0,0.25474280104378316,0.5000000000000001,5.41777293883921,0.10120378488866288,2,mixed,False,26+26+24+13+13+8,6,110,24,39,8,19x10E,11.848537149193625,2.0258537042155162,14.931976547494031,0.29978974363362343,9.16171497615423,10.994057971385075,11.176302410516286,103.79223776860803,106.86151436533693,2.592396083232704,0.004074441752436557,0.9999999999999999,-320.1410591855683,320.1410591855683,208.86676418052227,2421.1805946883883,2401.7064724138836,14.0,False,"SOC floor violated (min 0.004, unmet 320 Wh)"
5.5,0.4,1.3,0.34,0.6,0.5,0.24,1.661585651346976,1.1463426053879038,0.0,0.25474280104378316,0.5000000000000001,5.41777293883921,0.10120378488866288,2,mixed,False,26+26+24+13+13+8,6,110,24,39,8,19x10E,11.848537149193625,2.0258537042155162,14.931976547494031,0.29978974363362343,9.16171497615423,10.994057971385075,11.176302410516286,103.79223776860803,106.86151436533693,2.592396083232704,0.004074441752436557,0.9999999999999999,-320.1410591855683,320.1410591855683,208.86676418052227,2421.1805946883883,2401.7064724138836,14.0,False,"SOC floor violated (min 0.004, unmet 320 Wh)"
6.0,0.36,1.6,0.34,0.6,0.5,0.216,1.741673575454751,0.9666943018190034,0.0,0.21482095591958011,0.5,5.210717960666234,-0.29966530791176393,2,mixed,False,26+26+14+9,4,75,14,35,0,19x10E,11.38999288652958,1.978800994865484,18.192835001302,0.3080999808857109,9.088853760039495,10.906624512047394,11.08741959901039,89.37366079006856,91.88115316195737,2.752997542291445,0.006814069918349801,0.6469323428851226,-321.7433567729716,182.82374324057355,0.35482959108831363,1650.8049509239008,2048.162163401617,14.75,False,"SOC floor violated (min 0.007, unmet 183 Wh); did not refill (end SOC 0.647)"
5.5,0.4,1.6,0.34,0.4,0.5,0.16000000000000003,1.6242923932130202,0.997169572852081,0.0,0.2215932383919649,0.5,5.382039159135996,-0.0031561061248552846,2,mixed,False,26+26+21+13+13+7,6,106,21,39,7,19x10E,11.781253479575456,1.929830174371125,15.67495440880314,0.30198735774670904,9.360189753471891,11.232227704166268,11.418420195007021,103.55821093652405,106.72714340154235,2.619579766205956,0.002975631110994961,0.9999999999999988,-322.5404182542908,322.5404182542908,128.23360422081655,2333.1376639724454,2397.0863871267593,14.0,False,"SOC floor violated (min 0.003, unmet 323 Wh)"
5.5,0.36,1.3,0.34,0.6,0.5,0.216,1.632376116030971,1.0295044641238844,0.0,0.22877876972035582,0.5,5.298208006241003,-0.12829194697628887,2,mixed,False,26+26+14+7+5,5,78,14,31,7,19x10E,11.03911218891797,1.8190621607084598,16.629448214248328,0.30452241720866174,9.332365785821441,11.198838942985729,11.384477960662117,95.32054636501832,98.17200009856813,2.829875341214927,0.0037130519368497057,0.645236728525059,-323.381320244793,260.89076498611274,0.1203151040598532,1716.8371489608571,2193.831438651315,14.833333333333334,False,"SOC floor violated (min 0.004, unmet 261 Wh); did not refill (end SOC 0.645)"
5.5,0.3,1.6,0.34,1.0,1.0,0.3,2.75,0.834322329798262,0.0,0.18540496217739155,0.5,5.2835667727505555,-0.31601216456551495,2,mixed,False,26+26+12+8+8,5,80,12,34,0,19x10E,10.865229219160495,1.65,18.333333333333336,0.3083916083916084,9.721335319990002,11.665602383988002,11.858978766860558,99.76421607289123,103.21486191547896,2.8734735314914643,0.00679482723777476,0.641314054825294,-327.17062303876594,324.88361950466225,0.2239589080936272,1760.858614318828,2305.3969983326656,15.0,False,"SOC floor violated (min 0.007, unmet 325 Wh); did not refill (end SOC 0.641)"
6.0,0.4,1.6,0.34,0.4,0.0,0.16000000000000003,0.4467963792362206,0.8935927584724412,0.0,0.19857616852969506,0.5,5.120872946136979,-0.47568201538103283,2,mixed,False,26+26+18+4,4,74,18,30,0,19x10E,11.01139689462527,1.787231131016693,20.14288995711532,0.31178401672075223,9.40327846359931,11.283934156319171,11.470983765923224,87.56251151499671,90.21817844594143,2.875045258839967,0.004943922776002564,0.6406080137997484,-327.85265866944303,156.60047300218255,0.4230806421832203,1628.7942182449153,2006.0651954711561,14.75,False,"SOC floor violated (min 0.005, unmet 157 Wh); did not refill (end SOC 0.641)"
6.0,0.3,1.6,0.34,1.0,1.0,0.3,3.0,0.8714212528966688,0.0,0.19364916731037085,0.5,5.201210822897562,-0.467704526556576,2,mixed,False,26+26+12+12,4,76,12,38,0,19x10E,11.018788217817278,1.7999999999999998,20.000000000000004,0.3115384615384616,9.373010740706745,11.247612888848094,11.434060414213912,91.65634122882963,94.53332437005774,2.8528970787128074,0.003867927582633721,0.6392866874040731,-329.12905996766534,211.34233015629715,0.21068384778767185,1672.8156836028852,2106.124534953162,14.833333333333334,False,"SOC floor violated (min 0.004, unmet 211 Wh); did not refill (end SOC 0.639)"
6.0,0.3,1.3,0.34,0.4,0.5,0.12,1.7154242772003512,0.8616971088014042,0.0,0.19148824639555886,0.5,5.022229457429006,-0.682381962483207,2,mixed,False,26+26+12+5+5,5,74,12,31,0,19x10E,10.469877912265607,1.5687763698960633,22.94782143001371,0.31598506981210445,9.786755497523677,11.744106597028411,11.938784315250679,87.86559242756866,91.05235803387228,3.037732317585283,0.008764748979187678,0.6367095719732403,-331.61855347384983,164.82559317971374,0.2879101421550795,1628.7942182449153,2018.2518001199662,14.75,False,"SOC floor violated (min 0.009, unmet 165 Wh); did not refill (end SOC 0.637)"
4.5,0.3,1.6,0.34,0.6,0.5,0.18,1.2993035492544234,0.6972141970176933,0.0,0.15493648820194625,0.5,5.311576592080525,-0.10187973402229256,2,mixed,False,23+23+10,3,56,10,23,0,22x12E,9.703883147406225,1.2359164259105309,16.38460301640648,0.3039002931458739,10.615163217863165,12.738195861435797,12.94935223029915,65.2055046083051,66.83308880435085,7.225049962168217,0.14104795962547367,0.6363516788883167,-331.96427819388606,0.0,0.16969587899272653,1232.601030023179,1460.1228964290867,14.666666666666668,False,"SOC floor violated (min 0.141, unmet 0 Wh); did not refill (end SOC 0.636)"
5.5,0.45,1.6,0.28,0.6,0.0,0.27,0.5310624875088386,1.062124975017677,0.0,0.2360277721887465,0.5,5.454587768794144,0.15647818942233194,2,mixed,False,26+26+24+13+13,5,102,24,39,8,19x10E,11.946328304930578,2.075591247751591,14.574160511020017,0.29865143998973276,9.088553263814603,10.906263916577524,11.087053026082573,103.48461295517636,106.4479387740248,2.567211644511517,0.009236949540154584,0.9999999999847526,-334.1153803345402,334.1153803345402,56.611827611998066,2245.0947332565042,2392.770081476239,14.166666666666668,False,"SOC floor violated (min 0.009, unmet 334 Wh)"
5.5,0.45,1.6,0.34,0.6,0.0,0.27,0.5310624875088386,1.062124975017677,0.0,0.2360277721887465,0.5,5.454587768794144,0.15647818942233194,2,mixed,False,26+26+24+13+13,5,102,24,39,8,19x10E,11.946328304930578,2.075591247751591,14.574160511020017,0.29865143998973276,9.088553263814603,10.906263916577524,11.087053026082573,103.48461295517636,106.4479387740248,2.567211644511517,0.009236949540154584,0.9999999999847526,-334.1153803345402,334.1153803345402,56.611827611998066,2245.0947332565042,2392.770081476239,14.166666666666668,False,"SOC floor violated (min 0.009, unmet 334 Wh)"
4.5,0.3,1.3,0.34,0.4,0.5,0.12,1.3122039256221436,0.7488157024885745,0.0,0.16640348943264868,0.5,5.277991138113069,-0.1914277358938128,2,mixed,False,22+22+10,3,54,10,22,0,22x12E,9.379613117190924,1.1811967066119857,17.143630596535328,0.3057710527706359,10.675292864102103,12.810351436922522,13.022703902115273,63.518436512045355,65.12399005649104,7.497093624376819,0.16190739333705131,0.6332317249752372,-334.9781536739209,0.0,0.10715220514692683,1188.5795646652082,1419.4276427039088,14.666666666666668,False,"SOC floor violated (min 0.162, unmet 0 Wh); did not refill (end SOC 0.633)"
5.5,0.45,1.3,0.28,0.6,0.0,0.27,0.5923102261814742,1.1846204523629484,0.0,0.26324898933421287,0.5,5.460771416723877,0.16868558797244937,2,mixed,False,26+26+26+11+11+9,6,109,27,37,9,19x10E,11.982709156676735,2.0866158407126654,14.497158226148795,0.29839912891170445,9.078303723297752,10.893964467957302,11.074549694044489,105.34095568045718,108.3750957213841,2.5512110984329768,0.005101857417261869,0.9999999999999999,-344.6144479314408,344.6144479314408,174.6194543725792,2399.169862009403,2438.524336740254,14.0,False,"SOC floor violated (min 0.005, unmet 345 Wh)"
5.5,0.45,1.3,0.34,0.6,0.0,0.27,0.5923102261814742,1.1846204523629484,0.0,0.26324898933421287,0.5,5.460771416723877,0.16868558797244937,2,mixed,False,26+26+26+11+11+9,6,109,27,37,9,19x10E,11.982709156676735,2.0866158407126654,14.497158226148795,0.29839912891170445,9.078303723297752,10.893964467957302,11.074549694044489,105.34095568045718,108.3750957213841,2.5512110984329768,0.005101857417261869,0.9999999999999999,-344.6144479314408,344.6144479314408,174.6194543725792,2399.169862009403,2438.524336740254,14.0,False,"SOC floor violated (min 0.005, unmet 345 Wh)"
6.0,0.36,1.6,0.34,0.4,0.5,0.144,1.733439304305606,0.9337572172224234,0.0,0.2075016038191957,0.5,5.1715739419527065,-0.38432548456697835,2,mixed,False,26+26+14+7,4,73,14,33,0,19x10E,11.19224506040306,1.886422889730011,19.083737902031288,0.3098764828934878,9.227573770377301,11.07308852445276,11.256643023877952,88.31498732521824,90.88317603628829,2.815931759426512,0.00943106459224366,0.6191108284679177,-348.61893969999153,174.49052505512554,0.1955815251297217,1606.7834855659294,2023.1014256567078,14.833333333333334,False,"SOC floor violated (min 0.009, unmet 174 Wh); did not refill (end SOC 0.619)"
5.5,0.36,1.3,0.34,0.4,0.5,0.144,1.6238979058029053,0.9955916232116216,0.0,0.22124258291650464,0.5,5.263639111048583,-0.21800270545170086,2,mixed,False,26+26+14+7+3,5,76,14,29,7,19x10E,10.85733732697823,1.7367619476534273,17.417470506462536,0.30640595670533255,9.47196244016061,11.366354928192731,11.554770796495978,94.60780051296722,97.57887833189343,2.8874974647665814,0.009401173910063034,0.6166229117458167,-351.02226725354103,260.6066509957346,0.2523643366732434,1672.8156836028852,2177.326912681553,15.0,False,"SOC floor violated (min 0.009, unmet 261 Wh); did not refill (end SOC 0.617)"
6.0,0.36,1.3,0.34,0.6,0.0,0.216,0.48869414444094267,0.9773882888818853,0.0,0.2171973975170643,0.5,5.125010972350691,-0.46811456594320355,2,mixed,False,26+26+14+6,4,72,14,32,0,19x10E,10.829205229090757,1.7983719567994956,20.018105744969485,0.31156977006695225,9.29623257743844,11.155479092926127,11.340399350379904,86.54749963883526,89.19699021964696,2.921977678171306,0.007481957996371216,0.6128998401873024,-354.6187543790659,148.7697821893936,0.22966989302580743,1584.772752886944,1981.4269883228235,14.833333333333334,False,"SOC floor violated (min 0.007, unmet 149 Wh); did not refill (end SOC 0.613)"
5.5,0.36,1.3,0.28,1.0,1.0,0.36,2.75,1.1107170241300472,0.0,0.2468260053622327,0.5,5.486151344002666,0.048765453125081404,2,mixed,False,26+26+16+8+6,5,82,16,32,8,19x10E,11.405240965526865,1.98,15.277777777777779,0.3008391608391608,9.092181294299047,10.910617553158856,11.091478831289816,102.78722411987307,105.73543015237793,2.6921877796752667,0.0026844696212259874,0.6535472173187684,-360.994427484605,360.994427484605,0.23454149004496944,1804.880079676798,2373.4272331694933,15.0,False,"SOC floor violated (min 0.003, unmet 361 Wh); did not refill (end SOC 0.654)"
5.5,0.36,1.3,0.34,1.0,1.0,0.36,2.75,1.1107170241300472,0.0,0.2468260053622327,0.5,5.486151344002666,0.048765453125081404,2,mixed,False,26+26+16+8+6,5,82,16,32,8,19x10E,11.405240965526865,1.98,15.277777777777779,0.3008391608391608,9.092181294299047,10.910617553158856,11.091478831289816,102.78722411987307,105.73543015237793,2.6921877796752667,0.0026844696212259874,0.6535472173187684,-360.994427484605,360.994427484605,0.23454149004496944,1804.880079676798,2373.4272331694933,15.0,False,"SOC floor violated (min 0.003, unmet 361 Wh); did not refill (end SOC 0.654)"
5.5,0.4,1.3,0.34,0.4,0.0,0.16000000000000003,0.4794418001213123,0.9588836002426246,0.0,0.21308524443835375,0.5,5.206674801777072,-0.3076159825741236,2,mixed,False,26+26+21+1,4,74,21,27,0,19x10E,10.575847570876677,1.655066032029115,18.277216385689112,0.3082756661722631,9.576314001669314,11.491576802003175,11.682068427066932,91.66151620121416,94.63606592451055,2.9825904144831825,0.009164744988364995,0.6038671511474341,-363.3443319915787,221.69230113083108,0.27696876892889577,1628.7942182449156,2106.895215482418,14.916666666666668,False,"SOC floor violated (min 0.009, unmet 222 Wh); did not refill (end SOC 0.604)"
5.5,0.4,1.3,0.34,0.4,0.0,0.16000000000000003,0.4794418001213123,0.9588836002426246,0.0,0.21308524443835375,0.5,5.206838328352373,-0.30731570894487703,2,mixed,False,26+26+21+1+1,5,75,21,27,0,19x10E,10.691847570876677,1.655066032029115,18.277216385689112,0.3082756661722631,9.628689139606225,11.55442696752747,11.745960436575956,93.40230267228873,96.50443376536047,2.944554890031844,0.005822012452737413,0.6031702469437377,-364.0175414523494,241.76137528789215,0.23158641637119595,1650.804950923901,2149.5744439725863,15.0,False,"SOC floor violated (min 0.006, unmet 242 Wh); did not refill (end SOC 0.603)"
5.5,0.36,1.6,0.34,0.6,0.5,0.216,1.6065557965492165,0.9262231861968667,0.0,0.20582737466321793,0.5,5.296321919128154,-0.13201025088386342,2,mixed,False,26+26+14+5+5,5,76,14,31,0,19x10E,11.184470525118742,1.815344034703087,16.6635080853683,0.3046075109882359,9.403222070504382,11.283866484605259,11.4709149724403,96.22439411926231,99.17595841333011,2.7928195677979306,0.007097904669966163,0.599890770969583,-367.18551524338284,282.931307249093,0.119274329886854,1672.8156836028852,2215.949537508898,15.0,False,"SOC floor violated (min 0.007, unmet 283 Wh); did not refill (end SOC 0.600)"
4.5,0.3,1.6,0.34,0.4,0.5,0.12,1.293317848355444,0.6732713934217759,0.0,0.14961586499857812,0.5,5.274885677124765,-0.19641500867702621,2,mixed,False,22+22+10,3,54,10,22,0,22x12E,9.575298500523425,1.17779721270398,17.193112516805986,0.30588727490910417,10.801631295722975,12.96195755486757,13.176823138692738,64.9883384738771,66.6958805121404,7.3495265357242845,0.13947028367103437,0.5958712884840602,-371.0683353243978,0.0,0.18907426581892275,1188.5795646652082,1455.3725920571396,14.833333333333334,False,"SOC floor violated (min 0.139, unmet 0 Wh); did not refill (end SOC 0.596)"
4.5,0.36,1.3,0.34,0.4,0.0,0.144,0.3901586067935855,0.780317213587171,0.0,0.17340382519444825,0.5000000000000001,5.297757662967959,-0.12906202787856325,2,mixed,False,20+20+12,3,52,12,20,0,22x12E,9.455805092869321,1.2182742590674143,16.621872989010964,0.304503444159921,10.554196388368473,12.665035666042167,12.874979285362908,63.260730238694535,64.81268990231375,7.420647829213101,0.1608798569742448,0.5950023039765855,-371.9077743586184,0.0,0.13315258298976335,1144.5580993072372,1412.48382264518,14.833333333333334,False,"SOC floor violated (min 0.161, unmet 0 Wh); did not refill (end SOC 0.595)"
5.0,0.4,1.3,0.28,0.6,0.0,0.24,0.5001615757312022,1.0003231514624045,0.0,0.22229403361479258,0.5,5.4269930874839085,0.10669707099466175,2,mixed,False,26+26+21+7+2,5,82,21,28,7,19x10E,10.80398899393444,1.6800258521169924,14.880723393927315,0.2996300533440402,9.606883705982183,11.528260447178619,11.719360163481996,103.62395694288186,107.07947129123349,2.8684157372981973,0.002449693727906035,0.6412052195707966,-373.568380544777,373.568380544777,0.12253806180700622,1804.880079676798,2398.0745957643294,15.0,False,"SOC floor violated (min 0.002, unmet 374 Wh); did not refill (end SOC 0.641)"
5.0,0.4,1.3,0.34,0.6,0.0,0.24,0.5001615757312022,1.0003231514624045,0.0,0.22229403361479258,0.5,5.4269930874839085,0.10669707099466175,2,mixed,False,26+26+21+7+2,5,82,21,28,7,19x10E,10.80398899393444,1.6800258521169924,14.880723393927315,0.2996300533440402,9.606883705982183,11.528260447178619,11.719360163481996,103.62395694288186,107.07947129123349,2.8684157372981973,0.002449693727906035,0.6412052195707966,-373.568380544777,373.568380544777,0.12253806180700622,1804.880079676798,2398.0745957643294,15.0,False,"SOC floor violated (min 0.002, unmet 374 Wh); did not refill (end SOC 0.641)"
5.5,0.36,1.3,0.28,1.0,1.0,0.36,2.75,1.1107170241300472,0.0,0.2468260053622327,0.5,5.486354993468731,0.04913940191084265,2,mixed,False,26+26+16+8+6+6,6,88,16,32,8,19x10E,11.561240965526864,1.98,15.277777777777779,0.3008391608391608,9.15415118390025,10.9849814206803,11.167075401182245,105.14588529932915,108.23975633478705,2.6507572118222646,0.0035728263150307076,0.7502066585522507,-381.6147691755985,381.6147691755985,0.34560658594851645,1936.9444757507104,2431.8617316755863,14.833333333333334,False,"SOC floor violated (min 0.004, unmet 382 Wh); did not refill (end SOC 0.750)"
5.5,0.36,1.3,0.34,1.0,1.0,0.36,2.75,1.1107170241300472,0.0,0.2468260053622327,0.5,5.486354993468731,0.04913940191084265,2,mixed,False,26+26+16+8+6+6,6,88,16,32,8,19x10E,11.561240965526864,1.98,15.277777777777779,0.3008391608391608,9.15415118390025,10.9849814206803,11.167075401182245,105.14588529932915,108.23975633478705,2.6507572118222646,0.0035728263150307076,0.7502066585522507,-381.6147691755985,381.6147691755985,0.34560658594851645,1936.9444757507104,2431.8617316755863,14.833333333333334,False,"SOC floor violated (min 0.004, unmet 382 Wh); did not refill (end SOC 0.750)"
5.0,0.45,1.3,0.28,0.4,0.0,0.18000000000000002,0.5212041727516119,1.0424083455032238,0.0,0.23164629879644846,0.5,5.455243168097013,0.15674149284995442,2,mixed,False,26+26+24+8+2,5,86,24,28,8,19x10E,10.932926028609861,1.7157251266429352,14.571098605355347,0.2986414581124557,9.562970110232957,11.475564132279548,11.665790321230418,104.68977433074015,108.14285852467142,2.828046742343651,0.005597971700732531,0.7135769450433531,-382.07910284847026,382.07910284847026,0.14082716981010415,1892.9230103927396,2424.207855715455,14.833333333333334,False,"SOC floor violated (min 0.006, unmet 382 Wh); did not refill (end SOC 0.714)"
5.0,0.45,1.3,0.34,0.4,0.0,0.18000000000000002,0.5212041727516119,1.0424083455032238,0.0,0.23164629879644846,0.5,5.455243168097013,0.15674149284995442,2,mixed,False,26+26+24+8+2,5,86,24,28,8,19x10E,10.932926028609861,1.7157251266429352,14.571098605355347,0.2986414581124557,9.562970110232957,11.475564132279548,11.665790321230418,104.68977433074015,108.14285852467142,2.828046742343651,0.005597971700732531,0.7135769450433531,-382.07910284847026,382.07910284847026,0.14082716981010415,1892.9230103927396,2424.207855715455,14.833333333333334,False,"SOC floor violated (min 0.006, unmet 382 Wh); did not refill (end SOC 0.714)"
5.5,0.36,1.6,0.28,1.0,1.0,0.36,2.75,1.0011867957579146,0.0,0.2224859546128699,0.5,5.4863590943066916,0.04914693202327447,2,mixed,False,26+26+14+8+8,5,82,14,34,7,19x10E,11.564404117008314,1.98,15.277777777777779,0.3008391608391608,9.155403384535564,10.986484061442676,11.168602950665647,103.78356088196873,106.814282663184,2.6557905280379357,0.009762617814362105,0.650917811378606,-382.9397299483425,382.9397299483425,0.1446371141444634,1804.880079676798,2398.081957198179,15.0,False,"SOC floor violated (min 0.010, unmet 383 Wh); did not refill (end SOC 0.651)"
5.5,0.36,1.6,0.34,1.0,1.0,0.36,2.75,1.0011867957579146,0.0,0.2224859546128699,0.5,5.4863590943066916,0.04914693202327447,2,mixed,False,26+26+14+8+8,5,82,14,34,7,19x10E,11.564404117008314,1.98,15.277777777777779,0.3008391608391608,9.155403384535564,10.986484061442676,11.168602950665647,103.78356088196873,106.814282663184,2.6557905280379357,0.009762617814362105,0.650917811378606,-382.9397299483425,382.9397299483425,0.1446371141444634,1804.880079676798,2398.081957198179,15.0,False,"SOC floor violated (min 0.010, unmet 383 Wh); did not refill (end SOC 0.651)"
5.0,0.3,1.3,0.34,0.4,0.0,0.12,0.33743891939486287,0.6748778387897257,0.0,0.1499728529260927,0.5,5.038928401317481,-0.65713382020376,2,mixed,False,18+18+10,3,46,10,18,0,22x12E,9.166056664831205,1.1107390054910753,22.507537663131856,0.31539491993742486,10.882626060416536,13.059151272499843,13.275628000690729,58.37910457836489,59.995465468974686,7.741815908980971,0.22031963293854803,0.579716363456833,-386.6739929006993,0.0,0.3259230854491193,1012.4937032333257,1295.6457578962466,15.0,False,did not refill (end SOC 0.580)
6.0,0.3,1.6,0.34,0.4,0.5,0.12,1.6937566833442634,0.7750267333770539,0.0,0.17222816285145587,0.49999999999999994,5.01996306953892,-0.685425792611426,2,mixed,False,26+26+10+5+5,5,72,10,31,0,19x10E,10.630603359530374,1.5648762030019674,23.00501466565834,0.31606007308764184,9.873870189668706,11.848644227602447,12.045054827523325,89.30763148799716,92.66390694424038,2.9869933991764763,0.0035654546466858455,0.5769133652065587,-389.3816892104643,186.40200420326477,0.2206854155918201,1584.7727528869439,2053.8693244394794,14.916666666666668,False,"SOC floor violated (min 0.004, unmet 186 Wh); did not refill (end SOC 0.577)"
6.0,0.3,1.3,0.34,0.6,0.5,0.18,1.7231472734329956,0.8925890937319827,0.0,0.19835313191476392,0.5,5.058654107423606,-0.6113130991152302,2,mixed,False,26+26+12+6,4,70,12,32,0,19x10E,10.485125880633104,1.6467776728119592,21.860874478901643,0.3144850447661422,9.559117249879941,11.470940699855928,11.661090247874844,85.98137759911619,88.8406038846163,3.0335881376526643,0.004364914948926451,0.5731976155129751,-392.97110341446603,142.68757171156133,0.36517858949788834,1540.7512875289735,1969.7626366625275,14.833333333333334,False,"SOC floor violated (min 0.004, unmet 143 Wh); did not refill (end SOC 0.573)"
5.5,0.36,1.6,0.28,1.0,1.0,0.36,2.75,1.0011867957579146,0.0,0.2224859546128699,0.5,5.4865701881880815,0.04953455052359734,2,mixed,False,26+26+14+8+8+7,6,89,14,34,7,19x10E,11.728404117008314,1.98,15.277777777777779,0.3008391608391608,9.220093283067765,11.064111939681318,11.247517637575607,106.29179318529556,109.45302007092108,2.6126803201084563,0.0019273718177176113,0.7571646450638788,-394.580602050308,394.580602050308,0.350944728302854,1958.9552084296947,2459.9809495653303,14.833333333333334,False,"SOC floor violated (min 0.002, unmet 395 Wh); did not refill (end SOC 0.757)"
5.5,0.36,1.6,0.34,1.0,1.0,0.36,2.75,1.0011867957579146,0.0,0.2224859546128699,0.5,5.4865701881880815,0.04953455052359734,2,mixed,False,26+26+14+8+8+7,6,89,14,34,7,19x10E,11.728404117008314,1.98,15.277777777777779,0.3008391608391608,9.220093283067765,11.064111939681318,11.247517637575607,106.29179318529556,109.45302007092108,2.6126803201084563,0.0019273718177176113,0.7571646450638788,-394.580602050308,394.580602050308,0.350944728302854,1958.9552084296947,2459.9809495653303,14.833333333333334,False,"SOC floor violated (min 0.002, unmet 395 Wh); did not refill (end SOC 0.757)"
5.0,0.4,1.6,0.34,0.4,0.5,0.16000000000000003,1.488014053641119,0.9520562145644766,0.0,0.21156804765663606,0.5,5.500363998336279,0.2108795468835014,2,mixed,False,26+26+21+9,4,82,21,35,0,19x10E,11.033506380916666,1.7571233728738687,14.22780004292537,0.2974950450694166,9.493013460545425,11.39161615265451,11.580450766947253,105.15838866946979,108.52045022020977,2.7971201390528466,0.004294819623587203,0.6297539359604288,-398.3755416245138,398.3755416245138,0.31899136364942743,1804.8800796767978,2433.779710228033,15.083333333333332,False,"SOC floor violated (min 0.004, unmet 398 Wh); did not refill (end SOC 0.630)"
5.0,0.45,1.6,0.28,0.4,0.0,0.18000000000000002,0.465756598298709,0.931513196597418,0.0,0.2070029324876889,0.5,5.443703105120585,0.13712817923685927,2,mixed,False,26+26+21+7+3,5,83,21,29,7,19x10E,11.049265195512673,1.7007542815406513,14.699360319912534,0.29905603532020414,9.655935618893785,11.587122742672543,11.77919819751179,105.58106991716673,109.17519399250118,2.798590134015429,0.0009783721158750265,0.6399943434223265,-399.02265596376134,399.02265596376134,0.4343275609547324,1826.890812355782,2446.2927946900227,15.0,False,"SOC floor violated (min 0.001, unmet 399 Wh); did not refill (end SOC 0.640)"
5.5,0.3,1.6,0.34,0.4,0.0,0.12,0.31638983679641164,0.6327796735928233,0.0,0.1406177051931655,0.5,4.96820264808127,-0.8033525797819407,2,mixed,False,21+21,2,42,8,21,0,22x12E,9.42783348747534,1.211950170623354,24.95977205435866,0.31841690649206106,10.566034366844539,12.679241240213447,12.889420340091425,55.33858865325931,56.74314691058404,7.50820056661233,0.256296570904439,0.56674598466849,-399.20337881023863,0.0,0.2917251951486701,924.4507725173842,1220.5330589512573,15.166666666666666,False,did not refill (end SOC 0.567)
6.0,0.36,1.6,0.34,0.6,0.0,0.216,0.4387069082970673,0.8774138165941346,0.0,0.19498084797554266,0.5,5.121458024990668,-0.4743804605938755,2,mixed,False,26+26+12+6,4,70,12,32,0,19x10E,10.970271751325498,1.7911737947947777,20.09855219220906,0.311708196330922,9.375367033496026,11.25044044019523,11.436934836835578,87.39224011051647,90.12181917955631,2.884756122551645,0.009244596699213407,0.5664334067325103,-399.50532909639503,168.1772347884162,0.21189612762257207,1540.7512875289735,2001.9799742737596,15.0,False,"SOC floor violated (min 0.009, unmet 168 Wh); did not refill (end SOC 0.566)"
5.0,0.45,1.6,0.34,0.4,0.0,0.18000000000000002,0.465756598298709,0.931513196597418,0.0,0.2070029324876889,0.5,5.443659627806966,0.13704834456334147,2,mixed,False,26+26+21+3+3,5,79,21,29,0,19x10E,11.017265195512673,1.7007542815406513,14.699360319912534,0.29905603532020414,9.641943105505858,11.570331726607028,11.762128842973507,105.0293566952075,108.58308700922078,2.808455967302325,0.0010193861263971815,0.5676565335892119,-402.0449586175453,402.0449586175453,0.2711866749102386,1738.847881639842,2431.799700932579,15.25,False,"SOC floor violated (min 0.001, unmet 402 Wh); did not refill (end SOC 0.568)"
6.0,0.3,1.6,0.34,0.6,0.5,0.18,1.700837857809784,0.8033514312391355,0.0,0.17852254026121192,0.5,5.056909697251855,-0.6131863084095284,2,mixed,False,26+26+12+6,4,70,12,32,0,19x10E,10.660683575757604,1.644100542937174,21.89647108545214,0.3145365280281108,9.646655945969432,11.575987135163318,11.767877999149015,87.40650859890447,90.41253503990667,2.9805793046923394,0.009040580139492238,0.5635908600143135,-402.25122922617317,168.22541332151218,0.1876698059267087,1540.7512875289735,2004.810444342728,15.0,False,"SOC floor violated (min 0.009, unmet 168 Wh); did not refill (end SOC 0.564)"
5.5,0.3,1.3,0.34,1.0,1.0,0.3,2.75,0.9255975201083725,0.0,0.20568833780186058,0.5,5.283095774196252,-0.31687702977180243,2,mixed,False,26+26+14+8,4,74,14,34,0,19x10E,10.529153499977236,1.65,18.333333333333336,0.30839160839160834,9.569807584560316,11.483769101472378,11.67413130116765,95.50732352045198,98.7055115079384,2.977589699150119,0.004249392884685649,0.5619894148785082,-403.79822522736106,274.9656913296558,0.22128490388708144,1628.7942182449153,2200.6929407125967,15.083333333333332,False,"SOC floor violated (min 0.004, unmet 275 Wh); did not refill (end SOC 0.562)"
5.0,0.4,1.3,0.28,0.4,0.5,0.16000000000000003,1.5148973424009502,1.0595893696038001,0.0,0.23546430430851448,0.5,5.505572770414872,0.21946794524813118,2,mixed,False,26+26+24+8+7,5,91,24,33,8,19x10E,11.057649216461687,1.7635753621762285,14.175748049207455,0.29731637460449345,9.485993923326264,11.383192707991517,11.571887689952671,106.8863258277046,110.3213916177562,2.7833236889987245,0.0072660057432564745,0.7946505608592788,-404.11930801941384,404.11930801941384,0.13262061080600654,2002.976673787667,2477.3324339053984,14.666666666666668,False,"SOC floor violated (min 0.007, unmet 404 Wh); did not refill (end SOC 0.795)"
5.0,0.4,1.3,0.34,0.4,0.5,0.16000000000000003,1.5148973424009502,1.0595893696038001,0.0,0.23546430430851448,0.5,5.505572770414872,0.21946794524813118,2,mixed,False,26+26+24+8+7,5,91,24,33,8,19x10E,11.057649216461687,1.7635753621762285,14.175748049207455,0.29731637460449345,9.485993923326264,11.383192707991517,11.571887689952671,106.8863258277046,110.3213916177562,2.7833236889987245,0.0072660057432564745,0.7946505608592788,-404.11930801941384,404.11930801941384,0.13262061080600654,2002.976673787667,2477.3324339053984,14.666666666666668,False,"SOC floor violated (min 0.007, unmet 404 Wh); did not refill (end SOC 0.795)"
6.0,0.36,1.6,0.34,1.0,1.0,0.36,3.0,1.0457055034760026,0.0,0.23237900077244497,0.5,5.386025274676557,-0.1314819056210419,2,mixed,False,26+26+16+12+12,5,92,16,38,8,18x10E,11.98274749283171,2.16,16.666666666666664,0.3046153846153846,8.922771625458001,10.7073259505496,10.88481733885516,107.48099986259409,110.43993214449017,2.090576234917888,0.002393924819677845,0.8085977777032957,-405.71450137045866,405.71450137045866,0.22522651832856866,2024.9874064666515,2487.1606979999588,14.666666666666668,False,"SOC floor violated (min 0.002, unmet 406 Wh); did not refill (end SOC 0.809)"
5.0,0.45,1.3,0.28,0.4,0.0,0.18000000000000002,0.5212041727516119,1.0424083455032238,0.0,0.23164629879644846,0.5,5.455412231829513,0.15705193401481665,2,mixed,False,26+26+24+8+2+2,6,88,24,28,8,19x10E,11.056926028609862,1.7157251266429352,14.571098605355347,0.2986414581124557,9.617048263621555,11.540457916345867,11.731759825591375,106.8183657096708,110.42677991629303,2.789773988344375,0.004148535768724725,0.730645757749425,-407.3202174307799,407.3202174307799,0.16335462082301788,1936.9444757507104,2476.7179072594545,14.833333333333334,False,"SOC floor violated (min 0.004, unmet 407 Wh); did not refill (end SOC 0.731)"
5.0,0.45,1.3,0.34,0.4,0.0,0.18000000000000002,0.5212041727516119,1.0424083455032238,0.0,0.23164629879644846,0.5,5.455412231829513,0.15705193401481665,2,mixed,False,26+26+24+8+2+2,6,88,24,28,8,19x10E,11.056926028609862,1.7157251266429352,14.571098605355347,0.2986414581124557,9.617048263621555,11.540457916345867,11.731759825591375,106.8183657096708,110.42677991629303,2.789773988344375,0.004148535768724725,0.730645757749425,-407.3202174307799,407.3202174307799,0.16335462082301788,1936.9444757507104,2476.7179072594545,14.833333333333334,False,"SOC floor violated (min 0.004, unmet 407 Wh); did not refill (end SOC 0.731)"
5.0,0.4,1.3,0.28,0.6,0.0,0.24,0.5001615757312022,1.0003231514624045,0.0,0.22229403361479258,0.5,5.427164157388766,0.10701119596849074,2,mixed,False,26+26+21+7+2+2,6,84,21,28,7,19x10E,10.92798899393444,1.6800258521169924,14.880723393927315,0.2996300533440402,9.661856687682006,11.594228025218406,11.786421261702595,105.77203816364054,109.38568261593821,2.829070221708287,0.009647157732701582,0.6666890801118867,-407.3271393816618,407.3271393816618,0.1509837197745334,1848.9015450347686,2451.0517159980645,15.0,False,"SOC floor violated (min 0.010, unmet 407 Wh); did not refill (end SOC 0.667)"
5.0,0.4,1.3,0.34,0.6,0.0,0.24,0.5001615757312022,1.0003231514624045,0.0,0.22229403361479258,0.5,5.427164157388766,0.10701119596849074,2,mixed,False,26+26+21+7+2+2,6,84,21,28,7,19x10E,10.92798899393444,1.6800258521169924,14.880723393927315,0.2996300533440402,9.661856687682006,11.594228025218406,11.786421261702595,105.77203816364054,109.38568261593821,2.829070221708287,0.009647157732701582,0.6666890801118867,-407.3271393816618,407.3271393816618,0.1509837197745334,1848.9015450347686,2451.0517159980645,15.0,False,"SOC floor violated (min 0.010, unmet 407 Wh); did not refill (end SOC 0.667)"
5.0,0.4,1.6,0.34,0.6,0.5,0.24,1.496015551656488,0.9840622066259515,0.0,0.21868049025944902,0.5,5.538018425132218,0.31926524964005765,2,mixed,False,26+26+21+11,4,84,21,37,0,19x10E,11.212089916094968,1.8393624882650381,13.591665677373372,0.29521765421343854,9.353153731175059,11.22378447741007,11.40983700799878,105.94218311140973,109.16498272955118,2.742273936797313,0.007870821500989432,0.6668960820594976,-408.1452937176615,408.1452937176615,0.16937537697345206,1848.9015450347686,2451.6175912371054,15.0,False,"SOC floor violated (min 0.008, unmet 408 Wh); did not refill (end SOC 0.667)"
6.0,0.3,1.3,0.34,0.4,0.5,0.12,1.7154242772003512,0.8616971088014042,0.0,0.19148824639555886,0.5,5.022688837828537,-0.6829080116433692,2,mixed,False,26+26+12+5,4,69,12,31,0,19x10E,10.321877912265608,1.5687763698960633,22.94782143001371,0.31598506981210445,9.717337542626483,11.66080505115178,11.854101910409453,85.76698322597167,88.78411698816878,3.0888242455138153,0.0058815645298957355,0.555587359748315,-409.9826104831277,143.20256812176223,0.2130563427250725,1518.7405548499887,1965.561801283084,15.0,False,"SOC floor violated (min 0.006, unmet 143 Wh); did not refill (end SOC 0.556)"
5.0,0.4,1.3,0.28,0.6,0.5,0.24,1.5235340381979383,1.0941361527917532,0.0,0.24314136710496442,0.5,5.541220478961734,0.32521608241111677,2,mixed,False,26+26+24+10+10,5,96,24,36,8,19x10E,11.260379423109216,1.8437654461116701,13.55920844092326,0.2950957261756772,9.362075209870312,11.234490251844374,11.420720248102478,108.11007340888749,111.43820043104381,2.721915352129379,0.009954434527991537,0.8874111384586747,-413.3623727268028,413.3623727268028,0.16847369167366227,2113.0303371825926,2506.258968523798,14.5,False,"SOC floor violated (min 0.010, unmet 413 Wh); did not refill (end SOC 0.887)"
5.0,0.4,1.3,0.34,0.6,0.5,0.24,1.5235340381979383,1.0941361527917532,0.0,0.24314136710496442,0.5,5.541220478961734,0.32521608241111677,2,mixed,False,26+26+24+10+10,5,96,24,36,8,19x10E,11.260379423109216,1.8437654461116701,13.55920844092326,0.2950957261756772,9.362075209870312,11.234490251844374,11.420720248102478,108.11007340888749,111.43820043104381,2.721915352129379,0.009954434527991537,0.8874111384586747,-413.3623727268028,413.3623727268028,0.16847369167366227,2113.0303371825926,2506.258968523798,14.5,False,"SOC floor violated (min 0.010, unmet 413 Wh); did not refill (end SOC 0.887)"
6.0,0.36,1.6,0.34,0.4,0.0,0.144,0.3995382367315819,0.7990764734631638,0.0,0.17757254950725937,0.5,5.033426165689758,-0.6525159191765777,2,mixed,False,26+26+12+3+3,5,70,12,29,0,19x10E,10.697369585447523,1.5983002591340216,22.523928025579647,0.31541730279161057,9.80071509734731,11.76085811681677,11.955813518796607,88.63792078358632,91.87511618096869,2.9699491986923316,0.008859148266705892,0.5498880867299,-415.48810821891664,186.81451843457737,0.39969179127644355,1540.7512875289733,2036.4448573825207,15.0,False,"SOC floor violated (min 0.009, unmet 187 Wh); did not refill (end SOC 0.550)"
6.0,0.36,1.3,0.34,1.0,1.0,0.36,3.0,1.1601060959438814,0.0,0.2578013546541958,0.5000000000000001,5.386013466721002,-0.1315035878317914,2,mixed,False,26+26+16+10+10+8,6,96,16,36,8,18x10E,11.973312455853602,2.16,16.666666666666664,0.30461538461538473,8.919258104930014,10.703109725916017,10.880531223422786,108.85137869490694,111.87091655257356,2.0867991559384764,0.002611044484084271,0.8759365219682803,-416.9196325121891,416.9196325121891,0.13241401487951637,2113.0303371825926,2520.8670701708047,14.583333333333332,False,"SOC floor violated (min 0.003, unmet 417 Wh); did not refill (end SOC 0.876)"
5.0,0.4,1.6,0.28,0.4,0.5,0.16000000000000003,1.488014053641119,0.9520562145644766,0.0,0.21156804765663606,0.5,5.500606579318539,0.2113249831790842,2,mixed,False,26+26+21+9+9,5,91,21,35,7,19x10E,11.213506380916666,1.7571233728738687,14.22780004292537,0.2974950450694166,9.570134438946146,11.484161326735375,11.674530028203987,108.22493509606564,111.80407008609019,2.743068494259941,0.002954761716904633,0.776104553375614,-419.6200031744956,419.6200031744956,0.37692586225683417,2002.9766737876669,2510.5054409632903,14.75,False,"SOC floor violated (min 0.003, unmet 420 Wh); did not refill (end SOC 0.776)"
5.0,0.4,1.6,0.34,0.4,0.5,0.16000000000000003,1.488014053641119,0.9520562145644766,0.0,0.21156804765663606,0.5,5.500606579318539,0.2113249831790842,2,mixed,False,26+26+21+9+9,5,91,21,35,0,19x10E,11.213506380916666,1.7571233728738687,14.22780004292537,0.2974950450694166,9.570134438946146,11.484161326735375,11.674530028203987,108.22493509606564,111.80407008609019,2.743068494259941,0.002954761716904633,0.776104553375614,-419.6200031744956,419.6200031744956,0.37692586225683417,2002.9766737876669,2510.5054409632903,14.75,False,"SOC floor violated (min 0.003, unmet 420 Wh); did not refill (end SOC 0.776)"
5.5,0.36,1.3,0.34,0.6,0.0,0.216,0.4687516852914388,0.9375033705828776,0.0,0.20833408233624265,0.5,5.203537486292313,-0.3136213912844681,2,mixed,False,26+26+14+3+3,5,72,14,29,0,19x10E,10.642213322277723,1.651500242681967,18.31667911285031,0.30835727353754516,9.616678748096312,11.540014497715575,11.731309056574194,93.16576713977103,96.24200054233356,2.9588753729135338,0.004248456339955246,0.5451390709016242,-420.07565750903103,244.94232236765674,0.19828710067265712,1584.772752886944,2143.151806410476,15.166666666666666,False,"SOC floor violated (min 0.004, unmet 245 Wh); did not refill (end SOC 0.545)"
5.0,0.36,1.3,0.28,0.6,0.5,0.216,1.4956291289888761,0.9825165159555052,0.0,0.21833700344467247,0.5,5.402602983766297,0.07355389787614808,2,mixed,False,26+26+14+7+2+2,6,77,14,28,7,19x10E,10.810282207877798,1.6553705945743977,15.10235839753309,0.3003128143468366,9.680980535021094,11.617176642025312,11.809750289255897,104.06122442751187,107.63144184307912,2.8679866257526605,0.008045401829046558,0.5447405633599223,-420.46061579431506,400.1028485866456,0.11454671067912514,1694.8264162818712,2408.4112705285315,15.333333333333332,False,"SOC floor violated (min 0.008, unmet 400 Wh); did not refill (end SOC 0.545)"
5.0,0.4,1.3,0.28,0.4,0.5,0.16000000000000003,1.5148973424009502,1.0595893696038001,0.0,0.23546430430851448,0.5,5.505793467528571,0.2198731975636794,2,mixed,False,26+26+24+8+7+7,6,98,24,33,8,19x10E,11.221649216461687,1.7635753621762285,14.175748049207455,0.29731637460449345,9.55608011695768,11.467296140349216,11.657385273851043,109.71606329155833,113.35146321889437,2.734256675631259,0.005347395452372438,0.9048773812818842,-428.0131228288564,428.0131228288564,0.2060140925665467,2157.051802540563,2547.721818307096,14.5,False,"SOC floor violated (min 0.005, unmet 428 Wh); did not refill (end SOC 0.905)"
5.0,0.4,1.3,0.34,0.4,0.5,0.16000000000000003,1.5148973424009502,1.0595893696038001,0.0,0.23546430430851448,0.5,5.505793467528571,0.2198731975636794,2,mixed,False,26+26+24+8+7+7,6,98,24,33,8,19x10E,11.221649216461687,1.7635753621762285,14.175748049207455,0.29731637460449345,9.55608011695768,11.467296140349216,11.657385273851043,109.71606329155833,113.35146321889437,2.734256675631259,0.005347395452372438,0.9048773812818842,-428.0131228288564,428.0131228288564,0.2060140925665467,2157.051802540563,2547.721818307096,14.5,False,"SOC floor violated (min 0.005, unmet 428 Wh); did not refill (end SOC 0.905)"
5.0,0.4,1.6,0.28,0.6,0.5,0.24,1.496015551656488,0.9840622066259515,0.0,0.21868049025944902,0.5,5.538278212099011,0.31974228020955486,2,mixed,False,26+26+21+11+11,5,95,21,37,7,19x10E,11.408089916094967,1.8393624882650381,13.591665677373372,0.29521765421343854,9.434551389179864,11.321461667015837,11.509133356306634,109.1839036488479,112.62303098630198,2.6860573859006114,0.0074365915096081,0.8531244192161885,-428.5139397791273,428.5139397791273,0.3507544690954288,2091.019604503607,2532.5122093885834,14.666666666666668,False,"SOC floor violated (min 0.007, unmet 429 Wh); did not refill (end SOC 0.853)"
5.0,0.4,1.6,0.34,0.6,0.5,0.24,1.496015551656488,0.9840622066259515,0.0,0.21868049025944902,0.5,5.538278212099011,0.31974228020955486,2,mixed,False,26+26+21+11+11,5,95,21,37,0,19x10E,11.408089916094967,1.8393624882650381,13.591665677373372,0.29521765421343854,9.434551389179864,11.321461667015837,11.509133356306634,109.1839036488479,112.62303098630198,2.6860573859006114,0.0074365915096081,0.8531244192161885,-428.5139397791273,428.5139397791273,0.3507544690954288,2091.019604503607,2532.5122093885834,14.666666666666668,False,"SOC floor violated (min 0.007, unmet 429 Wh); did not refill (end SOC 0.853)"
5.0,0.45,1.6,0.34,0.4,0.0,0.18000000000000002,0.465756598298709,0.931513196597418,0.0,0.2070029324876889,0.5,5.443478938950374,0.13671655690968354,2,mixed,False,26+26+21+3,4,76,21,29,0,19x10E,10.885265195512673,1.7007542815406513,14.699360319912534,0.29905603532020414,9.584008050699437,11.500809660839323,11.691454335594518,102.78887050462946,106.17844965542837,2.849596656460219,0.002307258400905555,0.5325241949882288,-432.261627641371,378.166083591597,0.11765752894522781,1672.8156836028852,2376.3092447513573,15.333333333333332,False,"SOC floor violated (min 0.002, unmet 378 Wh); did not refill (end SOC 0.533)"
5.5,0.4,1.6,0.34,0.4,0.0,0.16000000000000003,0.4290000000310116,0.8580000000620231,0.0,0.1906666666546187,0.5,5.2000371591629335,-0.32063453794754304,2,mixed,False,26+26+18+1,4,71,18,27,0,19x10E,10.704481235228563,1.642960000007443,18.411890733714127,0.30855272728541894,9.669806125768535,11.603767350922242,11.796118717285962,92.75880532044648,95.87658757548265,2.945613385747461,0.007493913826267516,0.5323013287389856,-432.4769164381399,244.93326339759514,0.11459298940282044,1562.7620202079593,2133.751737610191,15.166666666666666,False,"SOC floor violated (min 0.007, unmet 245 Wh); did not refill (end SOC 0.532)"
5.0,0.45,1.6,0.28,0.4,0.0,0.18000000000000002,0.465756598298709,0.931513196597418,0.0,0.2070029324876889,0.5,5.443881127943239,0.13745507141903524,2,mixed,False,26+26+21+7+3+3,6,86,21,29,7,19x10E,11.181265195512673,1.7007542815406513,14.699360319912534,0.29905603532020414,9.713441676880654,11.656130012256785,11.849349375121085,107.8932689095865,111.65962964311663,2.758327960270044,0.008870611120755541,0.6844726495339323,-433.02741694180105,433.02741694180105,0.18211806920258647,1892.9230103927393,2503.335700431838,15.0,False,"SOC floor violated (min 0.009, unmet 433 Wh); did not refill (end SOC 0.684)"
5.0,0.45,1.3,0.28,0.6,0.0,0.27,0.5662374844994117,1.1324749689988234,0.0,0.2516611041195924,0.5,5.589829517295994,0.4030903447027523,2,mixed,False,26+26+24+8+6,5,90,24,32,8,19x10E,11.348758700905767,1.901922747209894,13.144592774167513,0.2934852162678433,9.253929657859372,11.104715589431246,11.288794359033417,109.03240199216364,112.31249381280233,2.690806192211832,0.0025934140816410347,0.7512559075216643,-433.6649030326185,433.6649030326185,0.21906602976195916,1980.9659411086795,2526.845156167781,14.833333333333334,False,"SOC floor violated (min 0.003, unmet 434 Wh); did not refill (end SOC 0.751)"
5.0,0.45,1.3,0.34,0.6,0.0,0.27,0.5662374844994117,1.1324749689988234,0.0,0.2516611041195924,0.5,5.589829517295994,0.4030903447027523,2,mixed,False,26+26+24+8+6,5,90,24,32,8,19x10E,11.348758700905767,1.901922747209894,13.144592774167513,0.2934852162678433,9.253929657859372,11.104715589431246,11.288794359033417,109.03240199216364,112.31249381280233,2.690806192211832,0.0025934140816410347,0.7512559075216643,-433.6649030326185,433.6649030326185,0.21906602976195916,1980.9659411086795,2526.845156167781,14.833333333333334,False,"SOC floor violated (min 0.003, unmet 434 Wh); did not refill (end SOC 0.751)"
5.5,0.4,1.6,0.34,0.4,0.0,0.16000000000000003,0.4290000000310116,0.8580000000620231,0.0,0.1906666666546187,0.5,5.200198731223114,-0.3203378532722405,2,mixed,False,26+26+18+1+1,5,72,18,27,0,19x10E,10.820481235228565,1.642960000007443,18.411890733714127,0.30855272728541894,9.722058775784937,11.666470530941924,11.859861304765944,94.53661449942548,97.78857299587725,2.9081232243311055,0.004168191566576452,0.5310199223096372,-433.7147550488904,265.9534827454588,0.41433252396599934,1584.772752886944,2177.6043813715455,15.166666666666666,False,"SOC floor violated (min 0.004, unmet 266 Wh); did not refill (end SOC 0.531)"
5.0,0.4,1.3,0.28,0.6,0.5,0.24,1.5235340381979383,1.0941361527917532,0.0,0.24314136710496442,0.5,5.541447724799654,0.32563335973956775,2,mixed,False,26+26+24+10+10+8,6,104,24,36,8,19x10E,11.432379423109214,1.8437654461116701,13.55920844092326,0.2950957261756772,9.433306126380291,11.319967351656349,11.50761427023325,111.00508938484359,114.5276891160753,2.6728586597262587,0.00850600990761804,0.9999999376208494,-437.39280302490624,437.39280302490624,18.376093469711726,2289.1161986144743,2578.173942638155,14.333333333333332,False,"SOC floor violated (min 0.009, unmet 437 Wh)"
5.0,0.4,1.3,0.34,0.6,0.5,0.24,1.5235340381979383,1.0941361527917532,0.0,0.24314136710496442,0.5,5.541447724799654,0.32563335973956775,2,mixed,False,26+26+24+10+10+8,6,104,24,36,8,19x10E,11.432379423109214,1.8437654461116701,13.55920844092326,0.2950957261756772,9.433306126380291,11.319967351656349,11.50761427023325,111.00508938484359,114.5276891160753,2.6728586597262587,0.00850600990761804,0.9999999376208494,-437.39280302490624,437.39280302490624,18.376093469711726,2289.1161986144743,2578.173942638155,14.333333333333332,False,"SOC floor violated (min 0.009, unmet 437 Wh)"
6.0,0.36,1.3,0.34,0.4,0.0,0.144,0.44606429664317643,0.8921285932863529,0.0,0.1982507984885901,0.5000000000000001,5.038433959365892,-0.6437200265104581,2,mixed,False,26+26+12+2+2,5,68,12,28,0,19x10E,10.520145961504026,1.608349888074926,22.38318929663327,0.3152240406234783,9.688779348026983,11.62653521763238,11.81926399851489,86.85339891107094,89.88857943484635,3.024522546470284,0.005691062318198657,0.5256064849745745,-438.944135514561,162.18545205962525,0.2818609302557497,1496.7298221710023,1991.5452668693745,15.083333333333332,False,"SOC floor violated (min 0.006, unmet 162 Wh); did not refill (end SOC 0.526)"
5.5,0.36,1.6,0.34,0.6,0.5,0.216,1.6065557965492165,0.9262231861968667,0.0,0.20582737466321793,0.5,5.296122231038559,-0.132376925641581,2,mixed,False,26+26+14+5,4,71,14,31,0,19x10E,11.036470525118743,1.815344034703087,16.6635080853683,0.3046075109882359,9.340800185362049,11.208960222434458,11.394767016822703,94.10294699017552,96.91383077946416,2.8363770204542695,0.007944619655668658,0.523275187566868,-441.19616881040554,265.74405609110664,0.3280058374893085,1562.7620202079593,2163.0659609204927,15.25,False,"SOC floor violated (min 0.008, unmet 266 Wh); did not refill (end SOC 0.523)"
5.0,0.4,1.6,0.28,0.4,0.5,0.16000000000000003,1.488014053641119,0.9520562145644766,0.0,0.21156804765663606,0.5,5.500824231111182,0.21172464356194043,2,mixed,False,26+26+21+9+9+7,6,98,21,35,7,19x10E,11.377506380916666,1.7571233728738687,14.22780004292537,0.2974950450694166,9.639863076933663,11.567835692320395,11.759591432848234,111.1086273473518,114.89860490533063,2.69490528596151,0.0011009473587222218,0.8854317605287749,-444.1318298513406,444.1318298513406,0.5456617821244087,2157.0518025405627,2582.2960116740687,14.583333333333332,False,"SOC floor violated (min 0.001, unmet 444 Wh); did not refill (end SOC 0.885)"
4.5,0.36,1.6,0.34,0.4,0.0,0.144,0.34912303194307287,0.6982460638861457,0.0,0.15516579195441474,0.5,5.2905711962072255,-0.143166181260296,2,mixed,False,20+20+10,3,50,10,20,0,22x12E,9.621759363032133,1.2094105748997037,16.743693515065658,0.30480647608406547,10.68535152261652,12.822421827139824,13.03497437873388,64.44489951458218,66.08256423471303,7.302636716743142,0.13686606771785603,0.5196411998505427,-444.70660094437574,0.0,0.20924726190822676,1100.5366339492666,1441.2800987711328,15.083333333333332,False,"SOC floor violated (min 0.137, unmet 0 Wh); did not refill (end SOC 0.520)"
5.0,0.36,1.3,0.28,0.6,0.5,0.216,1.4956291289888761,0.9825165159555052,0.0,0.21833700344467247,0.5,5.40243004039621,0.07323633277524744,2,mixed,False,26+26+14+7+2,5,75,14,28,7,19x10E,10.686282207877797,1.6553705945743977,15.10235839753309,0.3003128143468366,9.625297256648837,11.550356707978604,11.741822705837606,101.92653764636778,105.33929671774712,2.908232236563665,0.001236837986688737,0.5193027580186089,-445.0335357540238,367.11189961376783,0.4174073779994588,1650.8049509239008,2355.814148798111,15.333333333333332,False,"SOC floor violated (min 0.001, unmet 367 Wh); did not refill (end SOC 0.519)"
5.0,0.45,1.6,0.28,0.6,0.0,0.27,0.507554081913427,1.015108163826854,0.0,0.22557959191333016,0.5,5.582840998666366,0.38940548911932726,2,mixed,False,26+26+21+9+9,5,91,21,35,7,19x10E,11.495201148899822,1.8913597347444169,13.218003714866173,0.29377773044177397,9.339414859389503,11.207297831267404,11.393077068811158,110.14847168416435,113.50387785086859,2.656947526954914,0.0019904033314017307,0.7594562610907764,-447.1807230093345,447.1807230093345,0.22621114341379328,2002.9766737876669,2554.3212102813895,14.833333333333334,False,"SOC floor violated (min 0.002, unmet 447 Wh); did not refill (end SOC 0.759)"
5.0,0.45,1.6,0.34,0.6,0.0,0.27,0.507554081913427,1.015108163826854,0.0,0.22557959191333016,0.5,5.582840998666366,0.38940548911932726,2,mixed,False,26+26+21+9+9,5,91,21,35,7,19x10E,11.495201148899822,1.8913597347444169,13.218003714866173,0.29377773044177397,9.339414859389503,11.207297831267404,11.393077068811158,110.14847168416435,113.50387785086859,2.656947526954914,0.0019904033314017307,0.7594562610907764,-447.1807230093345,447.1807230093345,0.22621114341379328,2002.9766737876669,2554.3212102813895,14.833333333333334,False,"SOC floor violated (min 0.002, unmet 447 Wh); did not refill (end SOC 0.759)"
5.5,0.3,1.6,0.34,1.0,1.0,0.3,2.75,0.834322329798262,0.0,0.18540496217739155,0.5,5.2833275698558255,-0.316451397890124,2,mixed,False,26+26+12+8,4,72,12,34,0,19x10E,10.693229219160495,1.65,18.333333333333336,0.3083916083916084,9.644082466418027,11.572898959701632,11.764738632143096,96.96350942003659,100.24883887299532,2.928804457340907,0.00922809857966726,0.5145887648151019,-449.5872531886116,307.7445456172682,0.13990430466214338,1584.772752886944,2235.5970813398444,15.333333333333332,False,"SOC floor violated (min 0.009, unmet 308 Wh); did not refill (end SOC 0.515)"
5.0,0.4,1.6,0.28,0.6,0.5,0.24,1.496015551656488,0.9840622066259515,0.0,0.21868049025944902,0.5,5.538492177853859,0.3201351721515553,2,mixed,False,26+26+21+11+11+7,6,102,21,37,7,19x10E,11.572089916094967,1.8393624882650381,13.591665677373372,0.29521765421343854,9.502123843021819,11.402548611626182,11.591564449254184,111.98137488888662,115.61338064836293,2.6400830155520274,0.006522538703562085,0.965149440904046,-453.32102333218205,453.32102333218205,0.4114789065383597,2245.0947332565042,2602.0570520483084,14.5,False,"SOC floor violated (min 0.007, unmet 453 Wh)"
5.5,0.36,1.3,0.34,0.6,0.0,0.216,0.4687516852914388,0.9375033705828776,0.0,0.20833408233624265,0.5,5.203350389714794,-0.31396494503559835,2,mixed,False,26+26+14+3,4,69,14,29,0,19x10E,10.510213322277723,1.651500242681967,18.31667911285031,0.30835727353754516,9.556852732891072,11.468223279469285,11.658327781813934,91.18830179768926,94.1207253179034,3.0025611572323028,0.00727040208179704,0.5086791230944725,-455.29596709073957,226.82350224933168,0.32928930265835393,1518.740554849989,2094.4223175731045,15.166666666666666,False,"SOC floor violated (min 0.007, unmet 227 Wh); did not refill (end SOC 0.509)"
6.0,0.36,1.3,0.34,0.4,0.0,0.144,0.44606429664317643,0.8921285932863529,0.0,0.1982507984885901,0.5000000000000001,5.038816552044789,-0.6441581439347517,2,mixed,False,26+26+12+2,4,66,12,28,0,19x10E,10.396145961504027,1.608349888074926,22.38318929663327,0.3152240406234783,9.631509710981147,11.557811653177376,11.749401228909994,85.15708587450007,88.06075197770953,3.0664325129307026,0.009357164825654482,0.5067469889755983,-457.162408649572,145.79351978040674,0.19518666334684315,1452.708356813033,1949.661083741609,15.083333333333332,False,"SOC floor violated (min 0.009, unmet 146 Wh); did not refill (end SOC 0.507)"
6.0,0.36,1.6,0.34,0.4,0.0,0.144,0.3995382367315819,0.7990764734631638,0.0,0.17757254950725937,0.5,5.03382680621402,-0.6529747036860523,2,mixed,False,26+26+12+3,4,67,12,29,0,19x10E,10.565369585447524,1.5983002591340216,22.523928025579647,0.31541730279161057,9.740059527937765,11.688071433525318,11.881820277534732,86.77685943331454,89.86226951385123,3.013746516906263,0.005035134886506566,0.5057753081194116,-458.1010523566483,163.16512700704038,0.15920539384244964,1474.7190894920177,1989.899082110965,15.166666666666666,False,"SOC floor violated (min 0.005, unmet 163 Wh); did not refill (end SOC 0.506)"
5.0,0.45,1.3,0.28,0.6,0.0,0.27,0.5662374844994117,1.1324749689988234,0.0,0.2516611041195924,0.5,5.590034173428936,0.4034661419679302,2,mixed,False,26+26+24+8+6+6,6,96,24,32,8,19x10E,11.504758700905766,1.901922747209894,13.144592774167513,0.2934852162678433,9.317314821655046,11.180777785986054,11.366117410532445,111.65560397013216,115.06288962070384,2.6473876737109108,0.0027105877744168505,0.8454933993574809,-458.19010522669294,458.19010522669294,0.24991720097899753,2113.0303371825926,2591.5358280218434,14.666666666666668,False,"SOC floor violated (min 0.003, unmet 458 Wh); did not refill (end SOC 0.845)"
5.0,0.45,1.3,0.34,0.6,0.0,0.27,0.5662374844994117,1.1324749689988234,0.0,0.2516611041195924,0.5,5.590034173428936,0.4034661419679302,2,mixed,False,26+26+24+8+6+6,6,96,24,32,8,19x10E,11.504758700905766,1.901922747209894,13.144592774167513,0.2934852162678433,9.317314821655046,11.180777785986054,11.366117410532445,111.65560397013216,115.06288962070384,2.6473876737109108,0.0027105877744168505,0.8454933993574809,-458.19010522669294,458.19010522669294,0.24991720097899753,2113.0303371825926,2591.5358280218434,14.666666666666668,False,"SOC floor violated (min 0.003, unmet 458 Wh); did not refill (end SOC 0.845)"
6.0,0.3,1.6,0.34,0.4,0.5,0.12,1.6937566833442634,0.7750267333770539,0.0,0.17222816285145587,0.49999999999999994,5.0204154555904505,-0.6859438323507474,2,mixed,False,26+26+10+5,4,67,10,31,0,19x10E,10.482603359530373,1.5648762030019674,23.00501466565834,0.31606007308764184,9.804896931568694,11.765876317882432,11.960914904728227,87.16099151042718,90.3353913324685,3.037712739017833,0.007674995855196782,0.504236296772432,-459.5877373178307,171.62036601579865,0.1197785756243436,1474.7190894920177,1999.9043280116232,15.166666666666666,False,"SOC floor violated (min 0.008, unmet 172 Wh); did not refill (end SOC 0.504)"
5.5,0.4,1.6,0.28,0.6,0.5,0.24,1.6327806457453082,1.0311225829812327,0.0,0.22913835168791405,0.5,5.415249943875976,0.09648805274933148,2,mixed,False,26+26+21+16+16+7,6,112,21,42,7,18x10E,11.993244117376205,2.0212449033192494,14.96602413211978,0.29989522157329307,9.227994291224176,11.07359314946901,11.25715601387675,113.73242433847813,117.19649275479931,2.0845439021018644,0.009130296482894651,0.9999999999999998,-462.0924167147666,462.0924167147666,152.78555136853325,2465.202060046358,2643.64152355063,14.166666666666668,False,"SOC floor violated (min 0.009, unmet 462 Wh)"
5.5,0.4,1.6,0.34,0.6,0.5,0.24,1.6327806457453082,1.0311225829812327,0.0,0.22913835168791405,0.5,5.415249943875976,0.09648805274933148,2,mixed,False,26+26+21+16+16+7,6,112,21,42,7,18x10E,11.993244117376205,2.0212449033192494,14.96602413211978,0.29989522157329307,9.227994291224176,11.07359314946901,11.25715601387675,113.73242433847813,117.19649275479931,2.0845439021018644,0.009130296482894651,0.9999999999999998,-462.0924167147666,462.0924167147666,152.78555136853325,2465.202060046358,2643.64152355063,14.166666666666668,False,"SOC floor violated (min 0.009, unmet 462 Wh)"
5.0,0.3,1.6,0.34,0.4,0.0,0.12,0.30240916561737635,0.6048183312347527,0.0,0.134404073543395,0.5,5.034274420256342,-0.6649325007994482,2,mixed,False,18+18+8,3,44,8,18,0,22x12E,9.344328043253272,1.1044336498111278,22.636036129717088,0.3155695297440107,11.019266139785962,13.223119367743154,13.442314134499124,59.74650744698139,61.46499879071311,7.5979850437038685,0.19262979672347344,0.49990335475554304,-463.7733593061454,0.0,0.30055487570943795,968.4722378753552,1328.8097703732353,15.333333333333332,False,"SOC floor violated (min 0.193, unmet 0 Wh); did not refill (end SOC 0.500)"
5.5,0.36,1.6,0.34,0.6,0.0,0.216,0.4207279971802974,0.8414559943605948,0.0,0.18699022077843208,0.5,5.199846674333553,-0.32087287706660983,2,mixed,False,26+26+12+3+3,5,70,12,29,0,19x10E,10.7912732069163,1.6445848315939628,18.393699989730006,0.30851554114101254,9.704131054060086,11.644957264872103,11.837991421228855,94.501808346207,97.72809348751335,2.9155010709019806,0.009620466252904079,0.4986970754199989,-464.93862514428105,276.59679153354364,0.11402269204272267,1540.7512875289733,2176.0045382002777,15.333333333333332,False,"SOC floor violated (min 0.010, unmet 277 Wh); did not refill (end SOC 0.499)"
4.0,0.3,1.3,0.28,1.0,1.0,0.3,2.0,0.7893522173763262,0.0,0.17541160386140583,0.5,5.659640974591485,0.36101982084256434,2,mixed,False,24+24+12,3,60,12,24,0,22x12E,9.471593719681966,1.2,13.333333333333334,0.2942307692307692,10.643129750754142,12.77175570090497,12.983468378834301,74.62927227886266,76.5346555669741,7.33406467633211,0.00871017520195503,0.4930003132836691,-470.4416973679756,2.5753933741459027,0.24874913240007382,1320.6439607391208,1688.2509842857128,15.0,False,"SOC floor violated (min 0.009, unmet 3 Wh); did not refill (end SOC 0.493)"
4.0,0.3,1.3,0.34,1.0,1.0,0.3,2.0,0.7893522173763262,0.0,0.17541160386140583,0.5,5.659640974591485,0.36101982084256434,2,mixed,False,24+24+12,3,60,12,24,0,22x12E,9.471593719681966,1.2,13.333333333333334,0.2942307692307692,10.643129750754142,12.77175570090497,12.983468378834301,74.62927227886266,76.5346555669741,7.33406467633211,0.00871017520195503,0.4930003132836691,-470.4416973679756,2.5753933741459027,0.24874913240007382,1320.6439607391208,1688.2509842857128,15.0,False,"SOC floor violated (min 0.009, unmet 3 Wh); did not refill (end SOC 0.493)"
5.0,0.45,1.6,0.28,0.6,0.0,0.27,0.507554081913427,1.015108163826854,0.0,0.22557959191333016,0.5,5.583053354408041,0.3897954246947877,2,mixed,False,26+26+21+9+9+7,6,98,21,35,7,19x10E,11.659201148899822,1.8913597347444169,13.218003714866173,0.29377773044177397,9.405800808099189,11.286960969719026,11.474060753691072,112.9108988325574,116.44910709705178,2.612048688996215,0.0024295524636273862,0.8721613138531988,-471.64583895296346,471.64583895296346,0.33936764745078796,2157.0518025405627,2622.8848491166755,14.666666666666668,False,"SOC floor violated (min 0.002, unmet 472 Wh); did not refill (end SOC 0.872)"
5.0,0.45,1.6,0.34,0.6,0.0,0.27,0.507554081913427,1.015108163826854,0.0,0.22557959191333016,0.5,5.583053354408041,0.3897954246947877,2,mixed,False,26+26+21+9+9+7,6,98,21,35,7,19x10E,11.659201148899822,1.8913597347444169,13.218003714866173,0.29377773044177397,9.405800808099189,11.286960969719026,11.474060753691072,112.9108988325574,116.44910709705178,2.612048688996215,0.0024295524636273862,0.8721613138531988,-471.64583895296346,471.64583895296346,0.33936764745078796,2157.0518025405627,2622.8848491166755,14.666666666666668,False,"SOC floor violated (min 0.002, unmet 472 Wh); did not refill (end SOC 0.872)"
5.5,0.36,1.6,0.34,0.4,0.5,0.144,1.5987395917999254,0.8949583671997022,0.0,0.1988796371456957,0.5,5.260135049933954,-0.22366017554167494,2,mixed,False,26+26+12+3+3,5,70,12,29,0,19x10E,10.971419485191342,1.7313277518287837,17.472139499899562,0.30653032481975184,9.53652637410548,11.443831648926574,11.633531820219002,95.16516435436496,98.2228935282182,2.8579873836867757,0.001775521141859299,0.48620939025550186,-477.0017290131852,279.3467285702473,0.405210787523791,1540.751287528973,2190.4642640114866,15.333333333333332,False,"SOC floor violated (min 0.002, unmet 279 Wh); did not refill (end SOC 0.486)"
5.0,0.3,1.6,0.34,1.0,1.0,0.3,2.5,0.795495128834866,0.0,0.17677669529663684,0.5000000000000001,5.384103496221849,-0.1350107472798443,2,mixed,False,26+26+12+6+6,5,76,12,32,0,19x10E,10.540956147528831,1.5,16.666666666666668,0.3046153846153848,10.042522721928005,12.051027266313605,12.250792695131656,108.13835285239341,112.43357548073116,2.933460656617573,0.008952336082275542,0.48523163937071306,-477.9462363678912,467.5553141775183,0.15532246850057163,1672.8156836028852,2511.4719255792807,15.583333333333334,False,"SOC floor violated (min 0.009, unmet 468 Wh); did not refill (end SOC 0.485)"
5.5,0.3,1.6,0.34,0.6,0.5,0.18,1.5674060041490667,0.7696240165962663,0.0,0.17102755922695742,0.5,5.1247149644406,-0.4730121696120586,2,mixed,False,26+26+10+4+4,5,70,10,30,0,19x10E,10.503295001352207,1.5080887204978881,20.05850159134743,0.31163941899349434,9.997646692944707,11.997176031533648,12.19604878831881,94.98497334259194,98.75377952879488,2.99972609599307,0.003849061792719259,0.4837295245923623,-479.39727924377803,278.6551891055557,0.3167297874276767,1540.751287528973,2192.302347169287,15.333333333333332,False,"SOC floor violated (min 0.004, unmet 279 Wh); did not refill (end SOC 0.484)"
5.0,0.36,1.3,0.28,1.0,1.0,0.36,2.5,1.0590271297461937,0.0,0.23533936216582083,0.5,5.606547954277476,0.26551276241005484,2,mixed,False,26+26+16+8+4,5,80,16,30,8,19x10E,11.02613141842261,1.7999999999999998,13.888888888888891,0.2963076923076923,9.376133426860555,11.251360112232666,11.437869753936763,109.8929129984352,113.28909750154781,2.7730391674574375,0.0073594329436283395,0.5519068426158723,-479.64652208803375,479.64652208803375,0.293713371508718,1760.8586143188277,2546.5804956141687,15.416666666666668,False,"SOC floor violated (min 0.007, unmet 480 Wh); did not refill (end SOC 0.552)"
5.0,0.36,1.3,0.34,1.0,1.0,0.36,2.5,1.0590271297461937,0.0,0.23533936216582083,0.5,5.606547954277476,0.26551276241005484,2,mixed,False,26+26+16+8+4,5,80,16,30,8,19x10E,11.02613141842261,1.7999999999999998,13.888888888888891,0.2963076923076923,9.376133426860555,11.251360112232666,11.437869753936763,109.8929129984352,113.28909750154781,2.7730391674574375,0.0073594329436283395,0.5519068426158723,-479.64652208803375,479.64652208803375,0.293713371508718,1760.8586143188277,2546.5804956141687,15.416666666666668,False,"SOC floor violated (min 0.007, unmet 480 Wh); did not refill (end SOC 0.552)"
5.0,0.4,1.6,0.28,0.6,0.0,0.24,0.4486040083947966,0.8972080167895932,0.0,0.19937955926628448,0.5,5.421590852643617,0.0959543828095395,2,mixed,False,26+26+18+2+2,5,74,18,28,0,19x10E,10.89838226754308,1.6717766413431674,14.954150800859422,0.29985849301834855,9.672535700607469,11.607042840728962,11.799448503677644,104.1404958736958,107.69612209398434,2.8441504571432024,0.0019478000489802794,0.4806804497181832,-482.34268557223504,405.3745210773789,0.32916725206201625,1628.7942182449156,2409.594723841152,15.5,False,"SOC floor violated (min 0.002, unmet 405 Wh); did not refill (end SOC 0.481)"
5.0,0.4,1.6,0.34,0.6,0.0,0.24,0.4486040083947966,0.8972080167895932,0.0,0.19937955926628448,0.5,5.421590852643617,0.0959543828095395,2,mixed,False,26+26+18+2+2,5,74,18,28,0,19x10E,10.89838226754308,1.6717766413431674,14.954150800859422,0.29985849301834855,9.672535700607469,11.607042840728962,11.799448503677644,104.1404958736958,107.69612209398434,2.8441504571432024,0.0019478000489802794,0.4806804497181832,-482.34268557223504,405.3745210773789,0.32916725206201625,1628.7942182449156,2409.594723841152,15.5,False,"SOC floor violated (min 0.002, unmet 405 Wh); did not refill (end SOC 0.481)"
5.0,0.45,1.6,0.28,0.4,0.5,0.18000000000000002,1.5187444642653243,1.0749778570612967,0.0,0.2388839681834262,0.49999999999999994,5.669157179419315,0.5154335161351291,2,mixed,False,26+26+24+10+10,5,96,24,36,8,19x10E,11.73457327286487,1.9850610053516375,12.594071382492071,0.2911829260253063,9.210753732652444,11.052904479182933,11.236124395143204,113.66740880147731,117.07665354893996,2.5814252746219077,0.0023989667995292317,0.8259075194803412,-487.5291615802962,487.5291615802962,0.5427189596539547,2113.0303371825926,2639.553325149489,14.75,False,"SOC floor violated (min 0.002, unmet 488 Wh); did not refill (end SOC 0.826)"
5.0,0.45,1.6,0.34,0.4,0.5,0.18000000000000002,1.5187444642653243,1.0749778570612967,0.0,0.2388839681834262,0.49999999999999994,5.669157179419315,0.5154335161351291,2,mixed,False,26+26+24+10+10,5,96,24,36,8,19x10E,11.73457327286487,1.9850610053516375,12.594071382492071,0.2911829260253063,9.210753732652444,11.052904479182933,11.236124395143204,113.66740880147731,117.07665354893996,2.5814252746219077,0.0023989667995292317,0.8259075194803412,-487.5291615802962,487.5291615802962,0.5427189596539547,2113.0303371825926,2639.553325149489,14.75,False,"SOC floor violated (min 0.002, unmet 488 Wh); did not refill (end SOC 0.826)"
4.5,0.3,1.3,0.34,0.6,0.0,0.18,0.3521334814483306,0.7042669628966612,0.0,0.15650376935282084,0.5,5.2185687671771985,-0.29077549037365324,2,mixed,False,18+18+10,3,46,10,18,0,22x12E,9.1917409951879,1.1222560177737997,18.044011062796155,0.3077861191592509,10.841799387153285,13.010159264583942,13.225823870351263,62.56344366439597,64.28709303573581,7.68061057540117,0.1542034646006768,0.4751647527913596,-487.6708488035466,0.0,0.30951135036451777,1012.4937032333257,1396.4609424971125,15.333333333333332,False,"SOC floor violated (min 0.154, unmet 0 Wh); did not refill (end SOC 0.475)"
4.0,0.4,1.3,0.28,0.4,0.0,0.16000000000000003,0.41415633173434313,0.8283126634686863,0.0,0.18406948061521985,0.5000000000000001,5.592159390043926,0.404950898223976,2,mixed,False,19+19+18,3,56,18,19,0,22x12E,9.5124228831078,1.2193975196162425,13.121233840983514,0.2933914535544549,10.58086979471229,12.697043753654748,12.90751795922397,71.7078156685569,73.50418000975613,7.315257142018055,0.04034831416210487,0.4734331121476657,-489.3436136653549,0.0,0.31907225552429236,1232.601030023179,1617.005158087721,15.083333333333332,False,"SOC floor violated (min 0.040, unmet 0 Wh); did not refill (end SOC 0.473)"
4.0,0.4,1.3,0.34,0.4,0.0,0.16000000000000003,0.41415633173434313,0.8283126634686863,0.0,0.18406948061521985,0.5000000000000001,5.592159390043926,0.404950898223976,2,mixed,False,19+19+18,3,56,18,19,0,22x12E,9.5124228831078,1.2193975196162425,13.121233840983514,0.2933914535544549,10.58086979471229,12.697043753654748,12.90751795922397,71.7078156685569,73.50418000975613,7.315257142018055,0.04034831416210487,0.4734331121476657,-489.3436136653549,0.0,0.31907225552429236,1232.601030023179,1617.005158087721,15.083333333333332,False,"SOC floor violated (min 0.040, unmet 0 Wh); did not refill (end SOC 0.473)"
5.0,0.3,1.6,0.34,0.4,0.5,0.12,1.42721258952334,0.7088503580933608,0.0,0.1575223016286094,0.5,5.1678626490900506,-0.3922312380524626,2,mixed,False,26+26+10,3,62,10,26,0,18x12E,9.815697673289126,1.3068982661142012,19.129262505131685,0.3099628173489449,10.382170222161944,12.458604266594334,12.66512594883694,80.3552871032692,82.53238339147335,3.650627755050887,0.0039829268826032625,0.4730126624650196,-489.74976805879106,79.01398543542125,0.19930327817020316,1364.665426097091,1827.7579076909321,15.166666666666666,False,"SOC floor violated (min 0.004, unmet 79 Wh); did not refill (end SOC 0.473)"
5.5,0.3,1.3,0.34,0.6,0.5,0.18,1.588793187686289,0.8551727507451558,0.0,0.19003838902429732,0.5,5.126713041180532,-0.470884099202207,2,mixed,False,26+26+12+2+2,5,68,12,28,0,19x10E,10.3048674980087,1.5106551825223546,20.024424071078418,0.31158068242412335,9.894343480447496,11.873212176536995,12.070030030274964,92.69957418394445,96.21648665233047,3.0662040560247497,0.003280908584584694,0.4670488260211913,-495.51083406352916,249.29193936026581,0.26030641801287996,1496.7298221710025,2135.269688474022,15.333333333333332,False,"SOC floor violated (min 0.003, unmet 249 Wh); did not refill (end SOC 0.467)"
5.0,0.4,1.6,0.28,0.6,0.0,0.24,0.4486040083947966,0.8972080167895932,0.0,0.19937955926628448,0.5,5.42141931533828,0.09563939957741763,2,mixed,False,26+26+18+2,4,72,18,28,0,19x10E,10.77438226754308,1.6717766413431674,14.954150800859422,0.29985849301834855,9.61735202412007,11.540822428944084,11.73213038058033,102.02179417450085,105.42161271844486,2.8837254130290892,0.004010290603279261,0.4644930750612184,-497.979689490863,381.0053606417252,0.2383481149071566,1584.772752886944,2357.138199599539,15.583333333333334,False,"SOC floor violated (min 0.004, unmet 381 Wh); did not refill (end SOC 0.464)"
5.0,0.4,1.6,0.34,0.6,0.0,0.24,0.4486040083947966,0.8972080167895932,0.0,0.19937955926628448,0.5,5.42141931533828,0.09563939957741763,2,mixed,False,26+26+18+2,4,72,18,28,0,19x10E,10.77438226754308,1.6717766413431674,14.954150800859422,0.29985849301834855,9.61735202412007,11.540822428944084,11.73213038058033,102.02179417450085,105.42161271844486,2.8837254130290892,0.004010290603279261,0.4644930750612184,-497.979689490863,381.0053606417252,0.2383481149071566,1584.772752886944,2357.138199599539,15.583333333333334,False,"SOC floor violated (min 0.004, unmet 381 Wh); did not refill (end SOC 0.464)"
6.0,0.3,1.6,0.34,0.4,0.0,0.12,0.3297497516853135,0.659499503370627,0.0,0.14655544515427185,0.5,4.912633504376537,-0.9175115249025538,2,mixed,False,23+23+10,3,56,10,23,0,18x12E,9.782887791065102,1.3193549553033563,27.28606115836553,0.3207816355013365,10.315758326413839,12.378909991696606,12.584110611373552,72.06300400611066,73.96608867713796,3.704117506683624,0.034727294596149254,0.4636823985272011,-498.76280302272363,0.0,0.2420874776273199,1232.601030023179,1626.4812677966381,15.083333333333332,False,"SOC floor violated (min 0.035, unmet 0 Wh); did not refill (end SOC 0.464)"
5.0,0.52,1.3,0.28,0.4,0.0,0.20800000000000002,0.6105551169334263,1.2211102338668527,0.0,0.2713578296902259,0.5000000000000001,5.673833014320957,0.5506148482168332,2,mixed,False,26+26+26+10+9+6,6,103,36,32,9,19x10E,11.822775153212165,2.010493196483229,12.434759811040495,0.29047864996263306,9.186643439682024,11.023972127618428,11.206712442670888,115.57859260695818,119.05554328554118,2.553175191198505,0.0017793404864623677,0.9477478581883736,-499.28140391028404,499.28140391028404,0.22312150338038705,2267.105465935491,2686.917254013528,14.5,False,"SOC floor violated (min 0.002, unmet 499 Wh); did not refill (end SOC 0.948)"
5.0,0.52,1.3,0.34,0.4,0.0,0.20800000000000002,0.6105551169334263,1.2211102338668527,0.0,0.2713578296902259,0.5000000000000001,5.673833014320957,0.5506148482168332,2,mixed,False,26+26+26+10+9+6,6,103,36,32,9,19x10E,11.822775153212165,2.010493196483229,12.434759811040495,0.29047864996263306,9.186643439682024,11.023972127618428,11.206712442670888,115.57859260695818,119.05554328554118,2.553175191198505,0.0017793404864623677,0.9477478581883736,-499.28140391028404,499.28140391028404,0.22312150338038705,2267.105465935491,2686.917254013528,14.5,False,"SOC floor violated (min 0.002, unmet 499 Wh); did not refill (end SOC 0.948)"
5.0,0.45,1.3,0.28,0.4,0.5,0.18000000000000002,1.5492179662130843,1.1968718648523375,0.0,0.26597152542047475,0.5,5.675738043664785,0.5263664220454292,2,mixed,False,26+26+26+9+8+8,6,103,27,34,9,19x10E,11.762664711243941,1.9932888508775328,12.54208590440563,0.2909550780101216,9.202719595420982,11.043263514505178,11.22632361575418,115.73214113257487,119.21924391435712,2.566637298729681,0.00027690222436530486,0.9446857341462283,-500.10117538883975,500.10117538883975,0.2094797843123916,2267.105465935491,2690.6988636087167,14.5,False,"SOC floor violated (min 0.000, unmet 500 Wh); did not refill (end SOC 0.945)"
5.0,0.45,1.3,0.34,0.4,0.5,0.18000000000000002,1.5492179662130843,1.1968718648523375,0.0,0.26597152542047475,0.5,5.675738043664785,0.5263664220454292,2,mixed,False,26+26+26+9+8+8,6,103,27,34,9,19x10E,11.762664711243941,1.9932888508775328,12.54208590440563,0.2909550780101216,9.202719595420982,11.043263514505178,11.22632361575418,115.73214113257487,119.21924391435712,2.566637298729681,0.00027690222436530486,0.9446857341462283,-500.10117538883975,500.10117538883975,0.2094797843123916,2267.105465935491,2690.6988636087167,14.5,False,"SOC floor violated (min 0.000, unmet 500 Wh); did not refill (end SOC 0.945)"
5.0,0.4,1.3,0.34,0.4,0.0,0.16000000000000003,0.4587942593310043,0.9175885186620086,0.0,0.20390855962262863,0.49999999999999994,5.302929616677041,-0.11906151032580992,2,mixed,False,24+24+21,3,69,21,24,0,19x10E,10.13767128198301,1.5101106222394411,16.5550785696255,0.3043353981901263,9.815516795406786,11.778620154488143,11.973869991207334,96.273710864515,99.70294001854957,3.09908494371766,0.003686006464775262,0.4565410080435608,-505.66138622992025,301.498852323452,0.08740333097088518,1518.7405548499887,2219.7175085576555,15.5,False,"SOC floor violated (min 0.004, unmet 301 Wh); did not refill (end SOC 0.457)"
5.0,0.36,1.3,0.28,1.0,1.0,0.36,2.5,1.0590271297461937,0.0,0.23533936216582083,0.5,5.606737092229238,0.2658600646091207,2,mixed,False,26+26+16+8+4+4,6,84,16,30,8,19x10E,11.166131418422609,1.7999999999999998,13.888888888888891,0.2963076923076923,9.435470565700019,11.322564678840022,11.510254652350511,112.35357571869174,115.91511220659459,2.731200242202699,0.00808971704926882,0.6064576910209115,-505.7590900206957,505.7590900206957,0.25004389531971916,1848.9015450347683,2607.6492615177463,15.25,False,"SOC floor violated (min 0.008, unmet 506 Wh); did not refill (end SOC 0.606)"
5.0,0.36,1.3,0.34,1.0,1.0,0.36,2.5,1.0590271297461937,0.0,0.23533936216582083,0.5,5.606737092229238,0.2658600646091207,2,mixed,False,26+26+16+8+4+4,6,84,16,30,8,19x10E,11.166131418422609,1.7999999999999998,13.888888888888891,0.2963076923076923,9.435470565700019,11.322564678840022,11.510254652350511,112.35357571869174,115.91511220659459,2.731200242202699,0.00808971704926882,0.6064576910209115,-505.7590900206957,505.7590900206957,0.25004389531971916,1848.9015450347683,2607.6492615177463,15.25,False,"SOC floor violated (min 0.008, unmet 506 Wh); did not refill (end SOC 0.606)"
4.5,0.3,1.3,0.34,0.4,0.5,0.12,1.3122039256221436,0.7488157024885745,0.0,0.16640348943264868,0.5,5.277687624219061,-0.19198505948673317,2,mixed,False,22+22,2,44,10,22,0,22x12E,9.191613117190926,1.1811967066119857,17.143630596535328,0.3057710527706359,10.567766376366798,12.681319651640157,12.891533204576843,61.628821019133355,63.152085842775215,7.649369016058403,0.1624975413226576,0.4552629255909028,-506.8960138791878,0.0,0.0912855029194682,968.4722378753552,1372.0394554601617,15.5,False,"SOC floor violated (min 0.162, unmet 0 Wh); did not refill (end SOC 0.455)"
5.5,0.36,1.6,0.34,0.6,0.0,0.216,0.4207279971802974,0.8414559943605948,0.0,0.18699022077843208,0.5,5.199662178091032,-0.32121165598501245,2,mixed,False,26+26+12+3,4,67,12,29,0,19x10E,10.6592732069163,1.6445848315939628,18.393699989730006,0.30851554114101254,9.644597457719623,11.573516949263547,11.765366865889769,92.48310316127012,95.55871245460966,2.9583727748826734,0.004383059726043791,0.4548514073210336,-507.29354052788153,250.08488497597693,0.18939384054993624,1474.7190894920177,2125.9934556383096,15.416666666666668,False,"SOC floor violated (min 0.004, unmet 250 Wh); did not refill (end SOC 0.455)"
5.0,0.36,1.6,0.28,1.0,1.0,0.36,2.5,0.954594154601839,0.0,0.21213203435596423,0.5,5.606743133277963,0.26587115740930845,2,mixed,False,26+26+14+7+4,5,77,14,30,7,19x10E,11.170632181050317,1.7999999999999998,13.888888888888891,0.2963076923076923,9.437371964370016,11.324846357244018,11.512574153294839,110.9739985831107,114.47001805449064,2.735945732523149,0.009790671427859493,0.487679658264553,-509.0199769089786,509.0199769089786,0.11094506663326578,1694.8264162818712,2572.5094615895055,15.666666666666668,False,"SOC floor violated (min 0.010, unmet 509 Wh); did not refill (end SOC 0.488)"
5.5,0.3,1.3,0.34,0.6,0.5,0.18,1.588793187686289,0.8551727507451558,0.0,0.19003838902429732,0.5,5.12710367515795,-0.47133142493911295,2,mixed,False,26+26+12+2,4,66,12,28,0,19x10E,10.180867498008702,1.5106551825223546,20.024424071078418,0.31158068242412335,9.834633259534728,11.801559911441673,11.997190012040743,90.73531056177734,94.08457930334448,3.1115523372359957,0.008033621179136545,0.4522121216509102,-509.8430904852207,229.81718287412562,0.19055737611406323,1452.7083568130333,2086.3953435144335,15.416666666666668,False,"SOC floor violated (min 0.008, unmet 230 Wh); did not refill (end SOC 0.452)"
5.0,0.52,1.6,0.28,0.4,0.0,0.20800000000000002,0.544874025431344,1.089748050862688,0.0,0.24216623350147473,0.5,5.658008037447723,0.5236221224770081,2,mixed,False,26+26+26+8+7+7,6,100,32,33,8,19x10E,11.90610753544471,1.990000695934579,12.562809676937857,0.29104613458283446,9.266308085553854,11.119569702664625,11.303894703416573,115.46869903394459,118.97473639100524,2.540554201299798,0.00949629546596948,0.8955175985332327,-511.44816907136686,511.44816907136686,0.3338671091221184,2201.0732678985332,2683.9717921472516,14.666666666666668,False,"SOC floor violated (min 0.009, unmet 511 Wh); did not refill (end SOC 0.896)"
5.0,0.52,1.6,0.34,0.4,0.0,0.20800000000000002,0.544874025431344,1.089748050862688,0.0,0.24216623350147473,0.5,5.658008037447723,0.5236221224770081,2,mixed,False,26+26+26+8+7+7,6,100,32,33,8,19x10E,11.90610753544471,1.990000695934579,12.562809676937857,0.29104613458283446,9.266308085553854,11.119569702664625,11.303894703416573,115.46869903394459,118.97473639100524,2.540554201299798,0.00949629546596948,0.8955175985332327,-511.44816907136686,511.44816907136686,0.3338671091221184,2201.0732678985332,2683.9717921472516,14.666666666666668,False,"SOC floor violated (min 0.009, unmet 511 Wh); did not refill (end SOC 0.896)"
5.0,0.45,1.6,0.28,0.6,0.5,0.27,1.5274677676504065,1.1098710706016266,0.0,0.246638015492446,0.5000000000000001,5.711562234267651,0.6338746353710545,2,mixed,False,26+26+24+11+11,5,98,24,37,8,19x10E,11.92996248123689,2.0749441981770733,12.04851678515671,0.2886938530444389,9.083741720613256,10.900490064735907,11.081183463231135,115.17006403794585,118.5041052112359,2.5244191424142732,0.009806438255445842,0.8603483307107819,-512.2532931661217,512.2532931661217,0.16811780460211168,2157.0518025405627,2675.199254528061,14.666666666666668,False,"SOC floor violated (min 0.010, unmet 512 Wh); did not refill (end SOC 0.860)"
5.0,0.45,1.6,0.34,0.6,0.5,0.27,1.5274677676504065,1.1098710706016266,0.0,0.246638015492446,0.5000000000000001,5.711562234267651,0.6338746353710545,2,mixed,False,26+26+24+11+11,5,98,24,37,8,19x10E,11.92996248123689,2.0749441981770733,12.04851678515671,0.2886938530444389,9.083741720613256,10.900490064735907,11.081183463231135,115.17006403794585,118.5041052112359,2.5244191424142732,0.009806438255445842,0.8603483307107819,-512.2532931661217,512.2532931661217,0.16811780460211168,2157.0518025405627,2675.199254528061,14.666666666666668,False,"SOC floor violated (min 0.010, unmet 512 Wh); did not refill (end SOC 0.860)"
4.5,0.4,1.3,0.28,0.6,0.0,0.24,0.47579028497746806,0.9515805699549361,0.0,0.21146234882137013,0.5,5.566643963707195,0.3603952765507312,2,mixed,False,24+24+21+7,4,76,21,24,7,19x10E,10.32031976560701,1.516126445596395,13.356405766033786,0.29432046342304047,9.883876598580084,11.860651918296101,12.057261565271435,111.18861710869093,115.33532013408748,2.979674441082091,0.005762629686087062,0.4576870928122045,-512.2643841697693,512.2643841697693,0.1855860755878768,1672.8156836028852,2582.7371105681095,15.75,False,"SOC floor violated (min 0.006, unmet 512 Wh); did not refill (end SOC 0.458)"
5.5,0.36,1.6,0.34,0.4,0.5,0.144,1.5987395917999254,0.8949583671997022,0.0,0.1988796371456957,0.5,5.259953601454049,-0.22399335804417664,2,mixed,False,26+26+12+3,4,67,12,29,0,19x10E,10.839419485191343,1.7313277518287837,17.472139499899562,0.30653032481975184,9.47898456126488,11.374781473517857,11.56333702555122,93.21897831796569,96.14003008466516,2.8988199588187302,0.0035155075592107204,0.4489994194291954,-512.9465608313972,260.4858573668921,0.14095070471197838,1474.7190894920177,2142.0844196481157,15.5,False,"SOC floor violated (min 0.004, unmet 260 Wh); did not refill (end SOC 0.449)"
5.0,0.45,1.6,0.28,0.4,0.5,0.18000000000000002,1.5187444642653243,1.0749778570612967,0.0,0.2388839681834262,0.49999999999999994,5.669375308739916,0.5158340533727088,2,mixed,False,26+26+24+10+10+8,6,104,24,36,8,19x10E,11.90657327286487,1.9850610053516375,12.594071382492071,0.2911829260253063,9.27801167479637,11.133614009755643,11.318171817799987,116.59998030604672,120.14896470500881,2.536787950382907,0.003132920524254096,0.9588434550739359,-513.3113999673334,513.3113999673334,0.23049253503163195,2289.116198614474,2712.114879135274,14.5,False,"SOC floor violated (min 0.003, unmet 513 Wh)"
5.0,0.45,1.6,0.34,0.4,0.5,0.18000000000000002,1.5187444642653243,1.0749778570612967,0.0,0.2388839681834262,0.49999999999999994,5.669375308739916,0.5158340533727088,2,mixed,False,26+26+24+10+10+8,6,104,24,36,8,19x10E,11.90657327286487,1.9850610053516375,12.594071382492071,0.2911829260253063,9.27801167479637,11.133614009755643,11.318171817799987,116.59998030604672,120.14896470500881,2.536787950382907,0.003132920524254096,0.9588434550739359,-513.3113999673334,513.3113999673334,0.23049253503163195,2289.116198614474,2712.114879135274,14.5,False,"SOC floor violated (min 0.003, unmet 513 Wh)"
5.0,0.36,1.3,0.34,0.6,0.5,0.216,1.4956291289888761,0.9825165159555052,0.0,0.21833700344467247,0.5,5.402373823882835,0.07313310590547184,2,mixed,False,26+26+14+2+2,5,70,14,28,0,19x10E,10.646282207877798,1.6553705945743977,15.10235839753309,0.3003128143468366,9.607266062790023,11.528719275348028,11.719826597476533,101.24893096656908,104.61189308835169,2.921359784432288,0.008680523548039276,0.4383609560491645,-523.2233164565071,380.5372977444129,0.36094092175673964,1540.7512875289738,2337.9990275458385,15.666666666666668,False,"SOC floor violated (min 0.009, unmet 381 Wh); did not refill (end SOC 0.438)"
5.5,0.3,1.6,0.34,0.4,0.5,0.12,1.5606728476146494,0.742691390458597,0.0,0.16504253107055344,0.5,5.085258475239706,-0.5520085938201673,2,mixed,False,26+26+10+2+2,5,66,10,28,0,16x12E,10.28288161213067,1.4359211125706368,21.066616915914956,0.3132910617154162,10.137726643695471,12.165271972434565,12.366931193557958,93.32817529985644,95.80464277789795,2.2391335447612284,0.008449421245580471,0.43766433908543845,-523.8962484434664,270.4690849666955,0.33502415417809905,1452.708356813033,2140.9261807599073,15.5,False,"SOC floor violated (min 0.008, unmet 270 Wh); did not refill (end SOC 0.438)"
5.0,0.3,1.3,0.34,1.0,1.0,0.3,2.5,0.882522608121828,0.0,0.19611613513818402,0.5000000000000001,5.383788376467249,-0.13558938198918047,2,mixed,False,26+26+12+4+4,5,72,12,30,0,19x10E,10.321684518415998,1.5,16.666666666666668,0.3046153846153848,9.9375221599986,11.92502659199832,12.122703354167486,105.00762367657039,108.9841313556484,3.0074649920939773,0.006808848558836081,0.4373295836209119,-524.2196222221991,430.85694099900456,0.19922745168086325,1584.7727528869439,2433.3205322299987,15.666666666666668,False,"SOC floor violated (min 0.007, unmet 431 Wh); did not refill (end SOC 0.437)"
4.0,0.3,1.6,0.28,1.0,1.0,0.3,2.0,0.7115124735378854,0.0,0.15811388300841894,0.5,5.659930488771709,0.36155143763610287,2,mixed,False,24+24+10,3,58,10,24,0,22x12E,9.656298005972763,1.2,13.333333333333334,0.2942307692307692,10.746403825326578,12.895684590391893,13.109451591758074,76.23491269718355,78.24419456522027,7.196426966449697,0.0075830365566085115,0.4372280423351349,-524.3177111042596,31.575542998820513,0.10007157966163878,1276.6224953811497,1727.3865612333861,15.166666666666666,False,"SOC floor violated (min 0.008, unmet 32 Wh); did not refill (end SOC 0.437)"
4.0,0.3,1.6,0.34,1.0,1.0,0.3,2.0,0.7115124735378854,0.0,0.15811388300841894,0.5,5.659930488771709,0.36155143763610287,2,mixed,False,24+24+10,3,58,10,24,0,22x12E,9.656298005972763,1.2,13.333333333333334,0.2942307692307692,10.746403825326578,12.895684590391893,13.109451591758074,76.23491269718355,78.24419456522027,7.196426966449697,0.0075830365566085115,0.4372280423351349,-524.3177111042596,31.575542998820513,0.10007157966163878,1276.6224953811497,1727.3865612333861,15.166666666666666,False,"SOC floor violated (min 0.008, unmet 32 Wh); did not refill (end SOC 0.437)"
5.0,0.45,1.3,0.28,0.6,0.5,0.27,1.5585896476907553,1.2343585907630208,0.0,0.2743019090498488,0.5,5.715646986979034,0.641425738682039,2,mixed,False,26+26+26+11+11+9,6,109,27,37,9,19x10E,11.989762105258785,2.080546136584336,12.016075760301513,0.28853872237429434,9.09421164122607,10.913053969471283,11.093955635175739,117.81760356515355,121.26369986303685,2.5024000184725,0.0071386863580462055,0.9999999999621952,-524.5652942847449,524.5652942847449,52.26260132585447,2399.169862009403,2740.934749776543,14.333333333333332,False,"SOC floor violated (min 0.007, unmet 525 Wh)"
5.0,0.45,1.3,0.34,0.6,0.5,0.27,1.5585896476907553,1.2343585907630208,0.0,0.2743019090498488,0.5,5.715646986979034,0.641425738682039,2,mixed,False,26+26+26+11+11+9,6,109,27,37,9,19x10E,11.989762105258785,2.080546136584336,12.016075760301513,0.28853872237429434,9.09421164122607,10.913053969471283,11.093955635175739,117.81760356515355,121.26369986303685,2.5024000184725,0.0071386863580462055,0.9999999999621952,-524.5652942847449,524.5652942847449,52.26260132585447,2399.169862009403,2740.934749776543,14.333333333333332,False,"SOC floor violated (min 0.007, unmet 525 Wh)"
4.5,0.45,1.3,0.28,0.4,0.0,0.18000000000000002,0.4968104820660935,0.993620964132187,0.0,0.22080465841800118,0.5,5.601529600234288,0.42111561601196534,2,mixed,False,24+24+21+7,4,76,21,24,7,19x10E,10.415855215870932,1.5516388301578454,13.050717477816667,0.29310636489449254,9.815232619586011,11.778279143503212,11.973523327409234,111.76617245885241,115.8309795655284,2.9480224422824977,0.009437451946470846,0.4572821777947374,-524.988609703236,524.988609703236,0.1442811229678007,1672.8156836028852,2595.9227976425445,15.75,False,"SOC floor violated (min 0.009, unmet 525 Wh); did not refill (end SOC 0.457)"
4.5,0.45,1.3,0.34,0.4,0.0,0.18000000000000002,0.4968104820660935,0.993620964132187,0.0,0.22080465841800118,0.5,5.601529600234288,0.42111561601196534,2,mixed,False,24+24+21+7,4,76,21,24,7,19x10E,10.415855215870932,1.5516388301578454,13.050717477816667,0.29310636489449254,9.815232619586011,11.778279143503212,11.973523327409234,111.76617245885241,115.8309795655284,2.9480224422824977,0.009437451946470846,0.4572821777947374,-524.988609703236,524.988609703236,0.1442811229678007,1672.8156836028852,2595.9227976425445,15.75,False,"SOC floor violated (min 0.009, unmet 525 Wh); did not refill (end SOC 0.457)"
5.0,0.36,1.6,0.28,1.0,1.0,0.36,2.5,0.954594154601839,0.0,0.21213203435596423,0.5,5.606929839757095,0.26621399484715846,2,mixed,False,26+26+14+7+4+4,6,81,14,30,7,19x10E,11.310632181050316,1.7999999999999998,13.888888888888891,0.2963076923076923,9.496326466153992,11.39559175938479,11.584492275842198,113.46400495554302,117.13111660059647,2.6948893381183936,0.0014195306252276895,0.5320210646946305,-526.0739941259294,526.0739941259294,0.09522600696263339,1782.8693469978134,2634.306567915982,15.5,False,"SOC floor violated (min 0.001, unmet 526 Wh); did not refill (end SOC 0.532)"
5.0,0.52,1.3,0.28,0.4,0.0,0.20800000000000002,0.6105551169334263,1.2211102338668527,0.0,0.2713578296902259,0.5000000000000001,5.67402951861431,0.5509756767685148,2,mixed,False,26+26+26+10+9+6+6,7,109,36,32,9,19x10E,11.978775153212165,2.010493196483229,12.434759811040495,0.29047864996263306,9.247053108546012,11.096463730255214,11.280405711835053,118.25402058287985,121.85780285661511,2.513350737772651,0.003282715839285506,0.9999999998345122,-526.9423602954166,526.9423602954166,42.900486604305804,2399.169862009403,2752.632740779083,14.416666666666666,False,"SOC floor violated (min 0.003, unmet 527 Wh)"
5.0,0.52,1.3,0.34,0.4,0.0,0.20800000000000002,0.6105551169334263,1.2211102338668527,0.0,0.2713578296902259,0.5000000000000001,5.67402951861431,0.5509756767685148,2,mixed,False,26+26+26+10+9+6+6,7,109,36,32,9,19x10E,11.978775153212165,2.010493196483229,12.434759811040495,0.29047864996263306,9.247053108546012,11.096463730255214,11.280405711835053,118.25402058287985,121.85780285661511,2.513350737772651,0.003282715839285506,0.9999999998345122,-526.9423602954166,526.9423602954166,42.900486604305804,2399.169862009403,2752.632740779083,14.416666666666666,False,"SOC floor violated (min 0.003, unmet 527 Wh)"
5.0,0.36,1.6,0.34,1.0,1.0,0.36,2.5,0.954594154601839,0.0,0.21213203435596423,0.5,5.606710891652909,0.26581195412843206,2,mixed,False,26+26+14+4+4,5,74,14,30,0,19x10E,11.146632181050316,1.7999999999999998,13.888888888888891,0.2963076923076923,9.427228459912282,11.312674151894738,11.500200173792408,110.55329349468153,114.02084625790867,2.7430587458565405,0.008185930178251715,0.43386692480444417,-527.5645506389069,512.0976823764094,0.3346111467885156,1628.7942182449158,2561.5973914387137,15.833333333333332,False,"SOC floor violated (min 0.008, unmet 512 Wh); did not refill (end SOC 0.434)"
5.5,0.3,1.6,0.34,0.6,0.5,0.18,1.5674060041490667,0.7696240165962663,0.0,0.17102755922695742,0.5,5.125147954221098,-0.4735079981467869,2,mixed,False,26+26+10+4,4,66,10,30,0,19x10E,10.363295001352206,1.5080887204978881,20.05850159134743,0.31163941899349434,9.93079310141369,11.916951721696426,12.114494629722465,92.69554118054162,96.25971409728261,3.0495830069579517,0.007912770674774432,0.4332981589468778,-528.113978457316,260.19912315773024,0.25917893428065614,1452.708356813033,2134.988458125296,15.5,False,"SOC floor violated (min 0.008, unmet 260 Wh); did not refill (end SOC 0.433)"
5.0,0.45,1.3,0.28,0.4,0.5,0.18000000000000002,1.5492179662130843,1.1968718648523375,0.0,0.26597152542047475,0.5,5.675885151583767,0.526636547122294,2,mixed,False,26+26+26+9+8+8+1,7,104,27,34,9,19x10E,11.87866471124394,1.9932888508775328,12.54208590440563,0.2909550780101216,9.247985549816987,11.097582659780384,11.281543189441766,117.73496661993123,121.31716621111268,2.536595989509143,0.002366498052174813,0.9469766915139475,-529.2732576518868,529.2732576518868,0.13314240952297612,2289.116198614474,2739.6700949945757,14.5,False,"SOC floor violated (min 0.002, unmet 529 Wh); did not refill (end SOC 0.947)"
5.0,0.45,1.3,0.34,0.4,0.5,0.18000000000000002,1.5492179662130843,1.1968718648523375,0.0,0.26597152542047475,0.5,5.675885151583767,0.526636547122294,2,mixed,False,26+26+26+9+8+8+1,7,104,27,34,9,19x10E,11.87866471124394,1.9932888508775328,12.54208590440563,0.2909550780101216,9.247985549816987,11.097582659780384,11.281543189441766,117.73496661993123,121.31716621111268,2.536595989509143,0.002366498052174813,0.9469766915139475,-529.2732576518868,529.2732576518868,0.13314240952297612,2289.116198614474,2739.6700949945757,14.5,False,"SOC floor violated (min 0.002, unmet 529 Wh); did not refill (end SOC 0.947)"
6.0,0.3,1.3,0.34,0.6,0.0,0.18,0.4044425740935926,0.8088851481871852,0.0,0.1797522550592151,0.5,4.989463550975942,-0.760882133222162,2,mixed,False,25+25+12,3,62,12,25,0,19x10E,9.988783765703454,1.488533108891231,24.18488361795019,0.31752820949521565,9.813535676608627,11.776242811930352,11.971453240319864,84.383457713167,87.44411583559625,3.201615144915989,0.005533480855594066,0.4309167940466239,-530.4143769509614,142.36439858902733,0.2844516743253334,1364.6654260970909,1931.7286888437277,15.333333333333332,False,"SOC floor violated (min 0.006, unmet 142 Wh); did not refill (end SOC 0.431)"
5.5,0.3,1.3,0.34,0.4,0.5,0.12,1.5814564984119155,0.8258259936476622,0.0,0.1835168874714383,0.5000000000000001,5.087715242684398,-0.5483846520834199,2,mixed,False,26+26+12+1+1,5,66,12,27,0,19x10E,10.147841944218593,1.4396621697141447,21.01187392178705,0.3132054430356634,10.057846425703632,12.069415710844359,12.26948595811695,92.78053008657034,96.53885531928259,3.1156148412661198,0.006852566149171678,0.4298880746961644,-531.4081198435051,260.5623405503451,0.226621022494772,1452.708356813033,2138.6784865557333,15.5,False,"SOC floor violated (min 0.007, unmet 261 Wh); did not refill (end SOC 0.430)"
5.5,0.3,1.3,0.34,0.4,0.5,0.12,1.5814564984119155,0.8258259936476622,0.0,0.1835168874714383,0.5000000000000001,5.088086216272649,-0.5488094641666912,2,mixed,False,26+26+12+1,4,65,12,27,0,19x10E,10.031841944218591,1.4396621697141447,21.01187392178705,0.3132054430356634,10.000195569883184,12.000234683859821,12.1991581427951,90.84736239031677,94.42751210004216,3.160061117372114,0.00474413809104033,0.42684262284668567,-534.3500263301016,231.73892457229795,0.3175388941667769,1430.6976241340467,2090.767969900273,15.5,False,"SOC floor violated (min 0.005, unmet 232 Wh); did not refill (end SOC 0.427)"
5.0,0.4,1.6,0.34,0.4,0.0,0.16000000000000003,0.41037840318928526,0.8207568063785705,0.0,0.1823904013828404,0.49999999999999994,5.29524799561118,-0.13413106451715873,2,mixed,False,25+25+18,3,68,18,25,0,19x10E,10.290417184402033,1.4984908167654285,16.68345225762799,0.3046571773996734,9.927454318140796,11.912945181768956,12.110421674862144,98.20868934852287,101.87624198603821,3.04667877167505,0.0046966437821676765,0.4200416249553342,-540.9197902931471,336.21260365602797,0.30841830252854524,1496.7298221710023,2267.5714830105217,15.666666666666668,False,"SOC floor violated (min 0.005, unmet 336 Wh); did not refill (end SOC 0.420)"
4.5,0.3,1.6,0.34,0.4,0.5,0.12,1.293317848355444,0.6732713934217759,0.0,0.14961586499857812,0.5,5.274588427896508,-0.1969608288555702,2,mixed,False,22+22,2,44,10,22,0,22x12E,9.387298500523425,1.17779721270398,17.193112516805986,0.30588727490910417,10.695066816212407,12.834080179454888,13.0468259872501,63.055157198765805,64.65246591855268,7.4975044776223285,0.13934010065384703,0.41919548265348683,-541.7371637567317,0.0,0.12664492841060238,968.4722378753551,1406.7677878285758,15.583333333333334,False,"SOC floor violated (min 0.139, unmet 0 Wh); did not refill (end SOC 0.419)"
4.0,0.4,1.3,0.28,0.4,0.5,0.16000000000000003,1.2378385233258826,0.95135409330353,0.0,0.21141202065549464,0.5,5.835624335088247,0.8154321718898005,2,mixed,False,26+26+21+7,4,80,21,26,7,16x12E,10.118962989838433,1.417081245598212,11.290813458790572,0.28483783075190194,10.123229386154607,12.147875263385528,12.349246105687234,98.08248086730985,129.24833346917927,2.1280153283621592,0.0044652455371272295,0.41651910382079516,-544.3225457091119,320.6007740728511,0.09849774242804206,1760.8586143188277,2519.66652299925,14.833333333333334,False,"SOC floor violated (min 0.004, unmet 321 Wh); did not refill (end SOC 0.417)"
5.0,0.36,1.3,0.34,0.6,0.5,0.216,1.4956291289888761,0.9825165159555052,0.0,0.21833700344467247,0.5,5.402198200750819,0.07281062012522632,2,mixed,False,26+26+14+2,4,68,14,28,0,19x10E,10.522282207877797,1.6553705945743977,15.10235839753309,0.3003128143468366,9.551153038279264,11.461383645935117,11.651374770200391,99.18147879021863,102.3950098187705,2.962515122252116,0.002062844498162337,0.4131289509339641,-547.5974333977906,349.0606416025208,0.23269655764374755,1496.7298221710023,2287.1349162031815,15.666666666666668,False,"SOC floor violated (min 0.002, unmet 349 Wh); did not refill (end SOC 0.413)"
6.0,0.3,1.6,0.34,0.6,0.0,0.18,0.36332022724263985,0.7266404544852797,0.0,0.16147565650517803,0.5,4.986708421563169,-0.7648620662310706,2,mixed,False,26+26+10,3,62,10,26,0,19x10E,10.168517330150754,1.4835984272691167,24.265326343238158,0.3176231071964119,9.917885352749526,11.90146242329943,12.098748570945798,86.2937804743512,89.56409055923686,3.1377370075512228,0.0029981269296977878,0.40991471634091337,-550.7023840146777,169.31079066743735,0.3870880320057897,1364.6654260970909,1978.8483671059557,15.5,False,"SOC floor violated (min 0.003, unmet 169 Wh); did not refill (end SOC 0.410)"
4.5,0.3,1.6,0.28,1.0,1.0,0.3,2.25,0.754672942406179,0.0,0.16770509831248423,0.5000000000000001,5.506807825111689,0.08589390625460513,2,mixed,False,26+26+10+2+2,5,66,10,28,0,18x12E,10.152960880318833,1.3499999999999999,15.000000000000002,0.30000000000000004,10.389099876917623,12.466919852301148,12.673579378937255,95.88095166288348,98.41716051343143,3.446614502183398,0.002771193913837011,0.4097441386388876,-550.8671620748346,304.93204779448575,0.37646741168257114,1452.708356813033,2202.2779136637805,15.666666666666668,False,"SOC floor violated (min 0.003, unmet 305 Wh); did not refill (end SOC 0.410)"
4.5,0.3,1.6,0.34,1.0,1.0,0.3,2.25,0.754672942406179,0.0,0.16770509831248423,0.5000000000000001,5.506807825111689,0.08589390625460513,2,mixed,False,26+26+10+2+2,5,66,10,28,0,18x12E,10.152960880318833,1.3499999999999999,15.000000000000002,0.30000000000000004,10.389099876917623,12.466919852301148,12.673579378937255,95.88095166288348,98.41716051343143,3.446614502183398,0.002771193913837011,0.4097441386388876,-550.8671620748346,304.93204779448575,0.37646741168257114,1452.708356813033,2202.2779136637805,15.666666666666668,False,"SOC floor violated (min 0.003, unmet 305 Wh); did not refill (end SOC 0.410)"
5.0,0.4,1.6,0.28,1.0,1.0,0.4,2.5,1.0606601717798214,0.0,0.23570226039551587,0.5000000000000001,5.755278486188256,0.5333257785921077,2,mixed,False,26+26+24+19+19,5,114,24,45,8,19x10E,11.88672037006464,2.0,12.5,0.29076923076923084,9.235586378886683,11.08270365466402,11.266417540552071,120.60196566932316,124.2537394334903,2.5232464520048814,0.0071488200746242635,0.9999999999999957,-554.5442485258827,554.5442485258827,122.9337902801866,2509.2235254043276,2809.7476557840378,14.333333333333332,False,"SOC floor violated (min 0.007, unmet 555 Wh)"
5.0,0.4,1.6,0.34,1.0,1.0,0.4,2.5,1.0606601717798214,0.0,0.23570226039551587,0.5000000000000001,5.755278486188256,0.5333257785921077,2,mixed,False,26+26+24+19+19,5,114,24,45,8,19x10E,11.88672037006464,2.0,12.5,0.29076923076923084,9.235586378886683,11.08270365466402,11.266417540552071,120.60196566932316,124.2537394334903,2.5232464520048814,0.0071488200746242635,0.9999999999999957,-554.5442485258827,554.5442485258827,122.9337902801866,2509.2235254043276,2809.7476557840378,14.333333333333332,False,"SOC floor violated (min 0.007, unmet 555 Wh)"
5.0,0.3,1.3,0.34,0.4,0.0,0.12,0.33743891939486287,0.6748778387897257,0.0,0.1499728529260927,0.5,5.039597102696592,-0.6578995685881908,2,mixed,False,18+18,2,36,10,18,0,22x12E,8.978056664831206,1.1107390054910753,22.507537663131856,0.31539491993742486,10.770444043814713,12.924532852577656,13.138778060933072,56.6602675482417,58.17125030662385,7.903674571641566,0.21256788063357485,0.3980810979428121,-562.1336593872435,0.0,0.2086267225949611,792.386376443472,1251.6824527651318,16.166666666666668,False,did not refill (end SOC 0.398)
5.5,0.36,1.3,0.34,0.4,0.0,0.144,0.4282951994852384,0.8565903989704768,0.0,0.19035342196793142,0.49999999999999994,5.107586037420475,-0.5042905710644543,2,mixed,False,25+25+12,3,62,12,25,0,19x10E,9.996288732923274,1.4785117630888114,20.459762820421293,0.31231632329882947,9.850435987072247,11.820523184486696,12.016467632260317,88.31024680256786,91.57574115973875,3.180949916196094,0.007689025232209183,0.3976797128367128,-562.5213973997354,205.30065385768785,0.1389092853394859,1364.6654260970909,2026.9305007678188,15.583333333333334,False,"SOC floor violated (min 0.008, unmet 205 Wh); did not refill (end SOC 0.398)"
5.0,0.36,1.3,0.34,0.4,0.5,0.144,1.4876369168177235,0.9505476672708938,0.0,0.21123281492497312,0.5,5.370162239064127,-0.025082325033572328,2,mixed,False,26+26+14,3,66,14,26,0,19x10E,10.249403884695111,1.5813295740326283,15.809481091437656,0.30236318103740967,9.644651872597224,11.573582247116668,11.765433246161288,97.11918021986337,100.36408734216887,3.055143473545833,0.005088751393838398,0.39601425147013747,-564.1302330798472,326.7496645268523,0.14412791963874838,1452.708356813033,2237.630809035732,15.75,False,"SOC floor violated (min 0.005, unmet 327 Wh); did not refill (end SOC 0.396)"
4.0,0.36,1.3,0.28,0.6,0.0,0.216,0.4027487605843451,0.8054975211686902,0.0,0.17899944911216537,0.5,5.579393251908128,0.38301279333100746,2,mixed,False,20+20+12,3,52,12,20,0,22x12E,9.444973720490896,1.2099958215241455,13.223186159309162,0.2937982577409123,10.58417205125674,12.701006461508088,12.911546355422054,71.21599508495599,72.9974694815586,7.371787001928968,0.035578070817253324,0.39547109034473665,-564.6549267269843,0.0,0.29569848920396896,1144.558099307237,1604.6233268095013,15.333333333333332,False,"SOC floor violated (min 0.036, unmet 0 Wh); did not refill (end SOC 0.395)"
4.0,0.36,1.3,0.34,0.6,0.0,0.216,0.4027487605843451,0.8054975211686902,0.0,0.17899944911216537,0.5,5.579393251908128,0.38301279333100746,2,mixed,False,20+20+12,3,52,12,20,0,22x12E,9.444973720490896,1.2099958215241455,13.223186159309162,0.2937982577409123,10.58417205125674,12.701006461508088,12.911546355422054,71.21599508495599,72.9974694815586,7.371787001928968,0.035578070817253324,0.39547109034473665,-564.6549267269843,0.0,0.29569848920396896,1144.558099307237,1604.6233268095013,15.333333333333332,False,"SOC floor violated (min 0.036, unmet 0 Wh); did not refill (end SOC 0.395)"
4.0,0.3,1.3,0.28,0.6,0.5,0.18,1.1828288891427603,0.7313155565710412,0.0,0.16251456807266682,0.5,5.448906061198656,0.15746268901165283,2,mixed,False,20+20+10,3,50,10,20,0,22x12E,9.19221288159742,1.1019394666971312,14.519853842749795,0.2984737731062513,10.941569343904835,13.129883212685801,13.34753243812942,69.37329320444557,71.28282923997143,7.638841677234802,0.058589901942037774,0.39528904434470485,-564.8307831630151,0.0,0.1438089154009449,1100.5366339492666,1561.1900932086694,15.5,False,"SOC floor violated (min 0.059, unmet 0 Wh); did not refill (end SOC 0.395)"
4.0,0.3,1.3,0.34,0.6,0.5,0.18,1.1828288891427603,0.7313155565710412,0.0,0.16251456807266682,0.5,5.448906061198656,0.15746268901165283,2,mixed,False,20+20+10,3,50,10,20,0,22x12E,9.19221288159742,1.1019394666971312,14.519853842749795,0.2984737731062513,10.941569343904835,13.129883212685801,13.34753243812942,69.37329320444557,71.28282923997143,7.638841677234802,0.058589901942037774,0.39528904434470485,-564.8307831630151,0.0,0.1438089154009449,1100.5366339492666,1561.1900932086694,15.5,False,"SOC floor violated (min 0.059, unmet 0 Wh); did not refill (end SOC 0.395)"
5.0,0.3,1.6,0.34,1.0,1.0,0.3,2.5,0.795495128834866,0.0,0.17677669529663684,0.5000000000000001,5.383879987376456,-0.1354211626025903,2,mixed,False,26+26+12+6,4,70,12,32,0,19x10E,10.38495614752883,1.5,16.666666666666668,0.3046153846153848,9.967933987751076,11.96152078530129,12.159802498236349,105.04847654785813,109.0714776705315,2.9895886409430514,0.0023465344270106048,0.39527450612957876,-564.8448270788268,434.7806158022298,0.18006757679798469,1540.7512875289735,2434.017946317098,15.833333333333332,False,"SOC floor violated (min 0.002, unmet 435 Wh); did not refill (end SOC 0.395)"
4.5,0.3,1.6,0.34,0.6,0.0,0.18,0.3161633617503496,0.6323267235006992,0.0,0.14051704957561165,0.5,5.214499303009045,-0.29721049909238917,2,mixed,False,18+18+8,3,44,8,18,0,22x12E,9.373179387418721,1.117939603410042,18.113679789347824,0.3079336888338083,10.969396705780198,13.163276046936238,13.381478813061996,64.00498392809166,65.8392751247205,7.5359430523897535,0.1238292183332479,0.39354951749050576,-566.5111661041715,0.0,0.21300581071623387,968.4722378753551,1431.405374246109,15.666666666666668,False,"SOC floor violated (min 0.124, unmet 0 Wh); did not refill (end SOC 0.394)"
4.5,0.4,1.3,0.28,0.6,0.5,0.24,1.384812165683202,1.0392486627328086,0.0,0.2309441470543736,0.5,5.69273402593151,0.5998014513860208,2,mixed,False,26+26+21+7+6,5,86,21,32,7,19x10E,10.813912938689143,1.6615699465093123,12.187269059928504,0.2893480361014263,9.664526238867968,11.597431486641561,11.789677825722794,117.12461691391174,121.1799187238565,2.8113654507251393,0.003585705458214917,0.5940226954164922,-568.575376200666,568.575376200666,0.41348404552163126,1892.9230103927398,2726.136754953416,15.333333333333332,False,"SOC floor violated (min 0.004, unmet 569 Wh); did not refill (end SOC 0.594)"
4.5,0.4,1.3,0.34,0.6,0.5,0.24,1.384812165683202,1.0392486627328086,0.0,0.2309441470543736,0.5,5.69273402593151,0.5998014513860208,2,mixed,False,26+26+21+7+6,5,86,21,32,7,19x10E,10.813912938689143,1.6615699465093123,12.187269059928504,0.2893480361014263,9.664526238867968,11.597431486641561,11.789677825722794,117.12461691391174,121.1799187238565,2.8113654507251393,0.003585705458214917,0.5940226954164922,-568.575376200666,568.575376200666,0.41348404552163126,1892.9230103927398,2726.136754953416,15.333333333333332,False,"SOC floor violated (min 0.004, unmet 569 Wh); did not refill (end SOC 0.594)"
5.0,0.4,1.3,0.28,1.0,1.0,0.4,2.5,1.1766968108291043,0.0,0.2614881801842454,0.5000000000000001,5.755270052144874,0.5333102916854053,2,mixed,False,26+26+26+16+16+9,6,119,27,42,9,19x10E,11.88003447996548,2.0,12.5,0.2907692307692307,9.232988656433696,11.079586387720434,11.263248599825499,122.16720206049789,125.88424773720526,2.518503693506816,0.00810217322295282,0.9999999999999998,-568.8729393810846,568.8729393810846,208.00933124659966,2619.2771887992535,2848.5637986062357,14.166666666666668,False,"SOC floor violated (min 0.008, unmet 569 Wh)"
5.0,0.4,1.3,0.34,1.0,1.0,0.4,2.5,1.1766968108291043,0.0,0.2614881801842454,0.5000000000000001,5.755270052144874,0.5333102916854053,2,mixed,False,26+26+26+16+16+9,6,119,27,42,9,19x10E,11.88003447996548,2.0,12.5,0.2907692307692307,9.232988656433696,11.079586387720434,11.263248599825499,122.16720206049789,125.88424773720526,2.518503693506816,0.00810217322295282,0.9999999999999998,-568.8729393810846,568.8729393810846,208.00933124659966,2619.2771887992535,2848.5637986062357,14.166666666666668,False,"SOC floor violated (min 0.008, unmet 569 Wh)"
4.5,0.4,1.3,0.28,0.4,0.5,0.16000000000000003,1.37674418394554,1.0069767357821608,0.0,0.22377260789101125,0.5,5.652033237005172,0.4840681390440742,2,mixed,False,26+26+21+7+3,5,83,21,29,7,19x10E,10.645744539313194,1.5904186041469297,12.732496933322604,0.29178056056629026,9.801233727248853,11.761480472698624,11.95644619124209,116.41859479252311,120.65814060135692,2.8644197707577126,0.005336283998535434,0.5432516780472816,-569.1135875275412,569.1135875275412,0.39189419105218687,1826.8908123557824,2710.0824143956356,15.5,False,"SOC floor violated (min 0.005, unmet 569 Wh); did not refill (end SOC 0.543)"
4.5,0.4,1.3,0.34,0.4,0.5,0.16000000000000003,1.37674418394554,1.0069767357821608,0.0,0.22377260789101125,0.5,5.652033237005172,0.4840681390440742,2,mixed,False,26+26+21+7+3,5,83,21,29,7,19x10E,10.645744539313194,1.5904186041469297,12.732496933322604,0.29178056056629026,9.801233727248853,11.761480472698624,11.95644619124209,116.41859479252311,120.65814060135692,2.8644197707577126,0.005336283998535434,0.5432516780472816,-569.1135875275412,569.1135875275412,0.39189419105218687,1826.8908123557824,2710.0824143956356,15.5,False,"SOC floor violated (min 0.005, unmet 569 Wh); did not refill (end SOC 0.543)"
4.5,0.3,1.6,0.28,1.0,1.0,0.3,2.25,0.754672942406179,0.0,0.16770509831248423,0.5000000000000001,5.506623616001857,0.08555565457989545,2,mixed,False,26+26+10+2,4,64,10,28,0,18x12E,10.028960880318833,1.3499999999999999,15.000000000000002,0.30000000000000004,10.325462972920171,12.390555567504205,12.595949231590861,94.02612940065096,96.45903070944911,3.4922621436866055,0.004599524371867782,0.39082926990427197,-569.1389252724733,284.7464317957318,0.21173712797692562,1408.6868914550623,2156.6985414132105,15.75,False,"SOC floor violated (min 0.005, unmet 285 Wh); did not refill (end SOC 0.391)"
4.5,0.3,1.6,0.34,1.0,1.0,0.3,2.25,0.754672942406179,0.0,0.16770509831248423,0.5000000000000001,5.506623616001857,0.08555565457989545,2,mixed,False,26+26+10+2,4,64,10,28,0,18x12E,10.028960880318833,1.3499999999999999,15.000000000000002,0.30000000000000004,10.325462972920171,12.390555567504205,12.595949231590861,94.02612940065096,96.45903070944911,3.4922621436866055,0.004599524371867782,0.39082926990427197,-569.1389252724733,284.7464317957318,0.21173712797692562,1408.6868914550623,2156.6985414132105,15.75,False,"SOC floor violated (min 0.005, unmet 285 Wh); did not refill (end SOC 0.391)"
4.5,0.3,1.3,0.28,1.0,1.0,0.3,2.25,0.8372344584771569,0.0,0.1860521018838127,0.5,5.5065182631760905,0.08536220177084752,2,mixed,False,26+26+12+2+2,5,68,12,28,0,17x12E,9.958724772018437,1.3499999999999999,15.000000000000002,0.2999999999999999,10.289243141717348,12.347091770060818,12.551764950827465,103.35834714980548,106.07792189753646,2.7848979631520256,0.007989179402702896,0.38873390458652457,-571.1630481694173,420.8579826612459,0.1646917755187438,1496.7298221710023,2382.583560806156,15.916666666666666,False,"SOC floor violated (min 0.008, unmet 421 Wh); did not refill (end SOC 0.389)"
4.5,0.3,1.3,0.34,1.0,1.0,0.3,2.25,0.8372344584771569,0.0,0.1860521018838127,0.5,5.5065182631760905,0.08536220177084752,2,mixed,False,26+26+12+2+2,5,68,12,28,0,17x12E,9.958724772018437,1.3499999999999999,15.000000000000002,0.2999999999999999,10.289243141717348,12.347091770060818,12.551764950827465,103.35834714980548,106.07792189753646,2.7848979631520256,0.007989179402702896,0.38873390458652457,-571.1630481694173,420.8579826612459,0.1646917755187438,1496.7298221710023,2382.583560806156,15.916666666666666,False,"SOC floor violated (min 0.008, unmet 421 Wh); did not refill (end SOC 0.389)"
4.5,0.4,1.6,0.34,0.6,0.5,0.24,1.3586462081040374,0.9345848324161493,0.0,0.20768551819150977,0.5,5.689040281681198,0.5929639479939399,2,mixed,False,26+26+21+6,4,79,21,32,0,19x10E,10.815289578954927,1.657383393296646,12.218054121877861,0.28949116609397524,9.677340761968683,11.61280891436242,11.805310159384439,115.73331408692127,119.734675211543,2.8174108365718644,0.0048622783257595715,0.4758345513750549,-571.9584287633883,571.9584287633883,0.20569141904928517,1738.847881639842,2690.610767364231,15.75,False,"SOC floor violated (min 0.005, unmet 572 Wh); did not refill (end SOC 0.476)"
5.0,0.36,1.6,0.28,0.6,0.5,0.216,1.4709668198479715,0.8838672793918855,0.0,0.19641495091975097,0.5,5.400069607522964,0.06881915118576387,2,mixed,False,26+26+12+2+2,5,68,12,28,0,19x10E,10.800217035868082,1.651819222058108,15.134828113242857,0.30041116003100393,9.686869140487877,11.624242968585452,11.816933751701987,102.67454661394673,106.19032084023863,2.876885916828556,0.006631372622285072,0.38646738930413266,-573.3525019322079,408.66420083072853,0.15532519696022953,1496.7298221710023,2372.608293730575,15.916666666666666,False,"SOC floor violated (min 0.007, unmet 409 Wh); did not refill (end SOC 0.386)"
5.0,0.36,1.6,0.34,0.6,0.5,0.216,1.4709668198479715,0.8838672793918855,0.0,0.19641495091975097,0.5,5.400069607522964,0.06881915118576387,2,mixed,False,26+26+12+2+2,5,68,12,28,0,19x10E,10.800217035868082,1.651819222058108,15.134828113242857,0.30041116003100393,9.686869140487877,11.624242968585452,11.816933751701987,102.67454661394673,106.19032084023863,2.876885916828556,0.006631372622285072,0.38646738930413266,-573.3525019322079,408.66420083072853,0.15532519696022953,1496.7298221710023,2372.608293730575,15.916666666666666,False,"SOC floor violated (min 0.007, unmet 409 Wh); did not refill (end SOC 0.386)"
5.0,0.3,1.3,0.34,0.4,0.5,0.12,1.447071179713179,0.7882847188527154,0.0,0.17517438196001123,0.5,5.171469327234493,-0.38832645853370185,2,mixed,False,24+24+12,3,60,12,24,0,17x12E,9.593981955070438,1.3104728123483722,19.077084060370474,0.3098638298158421,10.25023660439259,12.300283925271108,12.504181189679771,86.22989041863714,88.53115668630895,2.9758302194806463,0.0077447915984168066,0.3859478439766427,-573.8543827185631,179.6105276931452,0.1419723662333349,1320.6439607391208,1968.6945889445672,15.666666666666668,False,"SOC floor violated (min 0.008, unmet 180 Wh); did not refill (end SOC 0.386)"
4.5,0.3,1.3,0.34,0.6,0.5,0.18,1.3187108526089395,0.7748434104357583,0.0,0.17218742449756808,0.49999999999999994,5.313130982512288,-0.09878690818194125,2,mixed,False,23+23+10,3,56,10,23,0,19x12E,9.452376746244406,1.2382453023130726,16.3537870583256,0.3038206734489257,10.466840744158722,12.560208892990465,12.768414837604517,77.92084932572963,79.93154622951542,4.5858320846955465,0.009609924717314013,0.38577033547274187,-574.0258559333313,65.59766924017805,0.15316786185344,1232.601030023179,1767.1913074996949,15.5,False,"SOC floor violated (min 0.010, unmet 66 Wh); did not refill (end SOC 0.386)"
4.5,0.3,1.3,0.34,0.4,0.0,0.12,0.3211396626139514,0.6422793252279028,0.0,0.14272873875652625,0.5,5.121645167794833,-0.48682636352967057,2,mixed,False,17+17+8,3,42,8,17,0,22x12E,8.922130673339103,1.0028051392705113,20.193354827370374,0.31186990989156993,11.299896446271372,13.559875735525646,13.784652788233734,62.483728681541955,64.40860009075507,7.9546578206673155,0.14107294458591502,0.3854877272316706,-574.2988554942062,0.0,0.2409034799707067,924.4507725173843,1395.3292715322546,15.833333333333332,False,"SOC floor violated (min 0.141, unmet 0 Wh); did not refill (end SOC 0.385)"
4.5,0.4,1.6,0.34,0.4,0.5,0.16000000000000003,1.351156728492692,0.904626913970768,0.0,0.2010282030736991,0.5,5.645976897079517,0.47401498571572676,2,mixed,False,26+26+18+4,4,74,18,30,0,19x10E,10.630924616214573,1.5842776148382463,12.781850737736715,0.29199050890823586,9.813373434148275,11.77604812097793,11.971255322047417,114.76897075302861,118.94258323895826,2.8757396967320763,0.004108991757238145,0.3901584718666526,-575.5924936014341,575.5924936014341,0.14212084674865247,1628.7942182449158,2667.4963969196497,16.083333333333332,False,"SOC floor violated (min 0.004, unmet 576 Wh); did not refill (end SOC 0.390)"
5.0,0.3,1.3,0.34,1.0,1.0,0.3,2.5,0.882522608121828,0.0,0.19611613513818402,0.5000000000000001,5.383583658467893,-0.13596529285583592,2,mixed,False,26+26+12+4,4,68,12,30,0,19x10E,10.181684518415997,1.5,16.666666666666668,0.3046153846153848,9.869897394146696,11.843876872976034,12.040208446219749,102.33276686390458,106.08478329967603,3.059345332364662,0.0015649390953018632,0.38224771985523714,-577.4287026198408,398.3333317759685,0.16411999200711236,1496.7298221710023,2366.315204256207,15.916666666666666,False,"SOC floor violated (min 0.002, unmet 398 Wh); did not refill (end SOC 0.382)"
5.0,0.36,1.6,0.34,1.0,1.0,0.36,2.5,0.954594154601839,0.0,0.21213203435596423,0.5,5.606521420734963,0.2654640405243778,2,mixed,False,26+26+14+4,4,70,14,30,0,19x10E,11.006632181050318,1.7999999999999998,13.888888888888891,0.2963076923076923,9.36783911462406,11.241406937548872,11.427751589151722,108.1341129321432,111.44043616567944,2.7849974306628105,0.006150482824098852,0.379863345396271,-579.7320083472022,487.59243992919755,0.2238401596122384,1540.7512875289738,2501.6692962397324,16.0,False,"SOC floor violated (min 0.006, unmet 488 Wh); did not refill (end SOC 0.380)"
4.0,0.4,1.6,0.28,0.4,0.0,0.16000000000000003,0.37011659834047966,0.7402331966809593,0.0,0.1644962658609649,0.5,5.579563835170868,0.3834550244375765,2,mixed,False,19+19+15,3,53,15,19,0,22x12E,9.664640855285375,1.208827983601715,13.23596096139985,0.29384878920853114,10.711716172981781,12.854059407578136,13.067136403660067,72.83706136640343,74.72979309240783,7.210482247316574,0.01304486913783717,0.37700441771134374,-582.4937324908419,0.0,0.24663064514186198,1166.5688319862234,1644.3354201085524,15.416666666666668,False,"SOC floor violated (min 0.013, unmet 0 Wh); did not refill (end SOC 0.377)"
4.0,0.4,1.6,0.34,0.4,0.0,0.16000000000000003,0.37011659834047966,0.7402331966809593,0.0,0.1644962658609649,0.5,5.579563835170868,0.3834550244375765,2,mixed,False,19+19+15,3,53,15,19,0,22x12E,9.664640855285375,1.208827983601715,13.23596096139985,0.29384878920853114,10.711716172981781,12.854059407578136,13.067136403660067,72.83706136640343,74.72979309240783,7.210482247316574,0.01304486913783717,0.37700441771134374,-582.4937324908419,0.0,0.24663064514186198,1166.5688319862234,1644.3354201085524,15.416666666666668,False,"SOC floor violated (min 0.013, unmet 0 Wh); did not refill (end SOC 0.377)"
5.0,0.3,1.3,0.34,0.6,0.0,0.18,0.3704226647042824,0.7408453294085648,0.0,0.16463229528246492,0.5,5.126655000574173,-0.47919714230584587,2,mixed,False,21+21+10,3,52,10,21,0,19x12E,9.424206936515883,1.2444507197645138,20.089184411200087,0.3116921339967368,10.42514260879055,12.51017113054866,12.717547617652542,71.93747009628605,73.84205880100161,4.632541249428941,0.024052288263568755,0.3766805843770951,-582.8065554917262,0.0,0.17390157273103785,1144.558099307237,1622.847002026347,15.416666666666668,False,"SOC floor violated (min 0.024, unmet 0 Wh); did not refill (end SOC 0.377)"
5.5,0.36,1.6,0.34,0.4,0.0,0.144,0.3835149184829639,0.7670298369659277,0.0,0.17045107469062548,0.5,5.101905387490517,-0.5144290872975896,2,mixed,False,26+26+10,3,62,10,26,0,19x10E,10.164663221014068,1.4688392223923201,20.594493623836772,0.31253769113992846,9.96570014765256,11.958840177183072,12.157077454667244,90.3368064530024,93.84398153030642,3.120678358358029,0.0053759723953389,0.37627376696847964,-583.1995411084486,235.0492671910923,0.17184571518367991,1364.6654260970909,2077.3098138495893,15.666666666666668,False,"SOC floor violated (min 0.005, unmet 235 Wh); did not refill (end SOC 0.376)"
4.5,0.3,1.3,0.28,1.0,1.0,0.3,2.25,0.8372344584771569,0.0,0.1860521018838127,0.5,5.506330438628963,0.0850173112946182,2,mixed,False,26+26+12+2,4,66,12,28,0,17x12E,9.834724772018436,1.3499999999999999,15.000000000000002,0.2999999999999999,10.224984781502277,12.269981737802732,12.473376694039654,101.32888111095365,103.93638386949611,2.8235915909338796,0.00848691145149333,0.3698756262411417,-589.3801450510571,396.8743505484026,0.3840327365444788,1452.708356813033,2332.753168731217,16.0,False,"SOC floor violated (min 0.008, unmet 397 Wh); did not refill (end SOC 0.370)"
4.5,0.3,1.3,0.34,1.0,1.0,0.3,2.25,0.8372344584771569,0.0,0.1860521018838127,0.5,5.506330438628963,0.0850173112946182,2,mixed,False,26+26+12+2,4,66,12,28,0,17x12E,9.834724772018436,1.3499999999999999,15.000000000000002,0.2999999999999999,10.224984781502277,12.269981737802732,12.473376694039654,101.32888111095365,103.93638386949611,2.8235915909338796,0.00848691145149333,0.3698756262411417,-589.3801450510571,396.8743505484026,0.3840327365444788,1452.708356813033,2332.753168731217,16.0,False,"SOC floor violated (min 0.008, unmet 397 Wh); did not refill (end SOC 0.370)"
5.0,0.36,1.6,0.28,0.6,0.5,0.216,1.4709668198479715,0.8838672793918855,0.0,0.19641495091975097,0.5,5.399896502045575,0.06850128841733305,2,mixed,False,26+26+12+2,4,66,12,28,0,19x10E,10.676217035868081,1.651819222058108,15.134828113242857,0.30041116003100393,9.631099916436462,11.557319899723753,11.748901323840965,100.56917365427576,103.92971473382138,2.9172084934696243,0.00829473887789997,0.36973597266784125,-589.5150504028653,384.78461125831,0.3851442591569333,1452.708356813033,2320.8245414289486,15.916666666666666,False,"SOC floor violated (min 0.008, unmet 385 Wh); did not refill (end SOC 0.370)"
5.0,0.36,1.6,0.34,0.6,0.5,0.216,1.4709668198479715,0.8838672793918855,0.0,0.19641495091975097,0.5,5.399896502045575,0.06850128841733305,2,mixed,False,26+26+12+2,4,66,12,28,0,19x10E,10.676217035868081,1.651819222058108,15.134828113242857,0.30041116003100393,9.631099916436462,11.557319899723753,11.748901323840965,100.56917365427576,103.92971473382138,2.9172084934696243,0.00829473887789997,0.36973597266784125,-589.5150504028653,384.78461125831,0.3851442591569333,1452.708356813033,2320.8245414289486,15.916666666666666,False,"SOC floor violated (min 0.008, unmet 385 Wh); did not refill (end SOC 0.370)"
5.0,0.4,1.3,0.28,1.0,1.0,0.4,2.5,1.1766968108291043,0.0,0.2614881801842454,0.5000000000000001,5.755415713737373,0.5335777609633734,2,mixed,False,26+26+26+16+16+9+1,7,120,27,42,9,19x10E,11.996034479965479,2.0,12.5,0.2907692307692307,9.277955904685879,11.133547085623054,11.318103784290768,124.30065630661441,128.11943807069648,2.488815580574004,0.0006807616081335992,0.9999999999999999,-590.1974989665295,590.1974989665295,199.24273451084824,2641.2879214782415,2900.4488735585505,14.25,False,"SOC floor violated (min 0.001, unmet 590 Wh)"
5.0,0.4,1.3,0.34,1.0,1.0,0.4,2.5,1.1766968108291043,0.0,0.2614881801842454,0.5000000000000001,5.755415713737373,0.5335777609633734,2,mixed,False,26+26+26+16+16+9+1,7,120,27,42,9,19x10E,11.996034479965479,2.0,12.5,0.2907692307692307,9.277955904685879,11.133547085623054,11.318103784290768,124.30065630661441,128.11943807069648,2.488815580574004,0.0006807616081335992,0.9999999999999999,-590.1974989665295,590.1974989665295,199.24273451084824,2641.2879214782415,2900.4488735585505,14.25,False,"SOC floor violated (min 0.001, unmet 590 Wh)"
4.5,0.45,1.3,0.28,0.6,0.0,0.27,0.5388295271434997,1.0776590542869995,0.0,0.23947978970702144,0.5,5.748754091754268,0.6913757866527446,2,mixed,False,26+26+24+8+4,5,88,24,30,8,19x10E,10.960257554297481,1.7169893148858297,11.793899836439293,0.28745335680572753,9.571390448324587,11.485668537989504,11.676062223942498,119.19409523763164,123.18940863415219,2.7610789208839175,0.00743174185300792,0.6189482164157755,-597.6702547369031,597.6702547369031,0.11573998250909175,1936.9444757507104,2775.2843351396796,15.333333333333332,False,"SOC floor violated (min 0.007, unmet 598 Wh); did not refill (end SOC 0.619)"
4.5,0.45,1.3,0.34,0.6,0.0,0.27,0.5388295271434997,1.0776590542869995,0.0,0.23947978970702144,0.5,5.748754091754268,0.6913757866527446,2,mixed,False,26+26+24+8+4,5,88,24,30,8,19x10E,10.960257554297481,1.7169893148858297,11.793899836439293,0.28745335680572753,9.571390448324587,11.485668537989504,11.676062223942498,119.19409523763164,123.18940863415219,2.7610789208839175,0.00743174185300792,0.6189482164157755,-597.6702547369031,597.6702547369031,0.11573998250909175,1936.9444757507104,2775.2843351396796,15.333333333333332,False,"SOC floor violated (min 0.007, unmet 598 Wh); did not refill (end SOC 0.619)"
5.0,0.3,1.6,0.34,0.4,0.0,0.12,0.30240916561737635,0.6048183312347527,0.0,0.134404073543395,0.5,5.034873897849013,-0.6656189791177116,2,mixed,False,18+18,2,36,8,18,0,22x12E,9.172328043253273,1.1044336498111278,22.636036129717088,0.3155695297440107,10.917379911070576,13.10085589328469,13.31802394357374,58.12535931619773,59.74651800445697,7.74294330733319,0.18784395586930092,0.36100524864514416,-597.9489298087907,0.0,0.1866993559978951,792.3863764434719,1287.4375068654065,16.333333333333336,False,"SOC floor violated (min 0.188, unmet 0 Wh); did not refill (end SOC 0.361)"
4.5,0.4,1.3,0.28,0.6,0.5,0.24,1.384812165683202,1.0392486627328086,0.0,0.2309441470543736,0.5,5.692948732008932,0.6001957027360247,2,mixed,False,26+26+21+7+6+6,6,92,21,32,7,19x10E,10.969912938689143,1.6615699465093123,12.187269059928504,0.2893480361014263,9.733986184851256,11.680783421821507,11.874411455152208,120.32063837681314,124.61452672695154,2.761412769046295,0.0030492032497988,0.6791258577546437,-598.6311300610192,598.6311300610192,0.11681375543610054,2024.9874064666515,2805.624668136409,15.166666666666666,False,"SOC floor violated (min 0.003, unmet 599 Wh); did not refill (end SOC 0.679)"
4.5,0.4,1.3,0.34,0.6,0.5,0.24,1.384812165683202,1.0392486627328086,0.0,0.2309441470543736,0.5,5.692948732008932,0.6001957027360247,2,mixed,False,26+26+21+7+6+6,6,92,21,32,7,19x10E,10.969912938689143,1.6615699465093123,12.187269059928504,0.2893480361014263,9.733986184851256,11.680783421821507,11.874411455152208,120.32063837681314,124.61452672695154,2.761412769046295,0.0030492032497988,0.6791258577546437,-598.6311300610192,598.6311300610192,0.11681375543610054,2024.9874064666515,2805.624668136409,15.166666666666666,False,"SOC floor violated (min 0.003, unmet 599 Wh); did not refill (end SOC 0.679)"
4.5,0.4,1.3,0.28,0.6,0.0,0.24,0.47579028497746806,0.9515805699549361,0.0,0.21146234882137013,0.5,5.566403836747995,0.3599543464243298,2,mixed,False,24+24+21,3,69,21,24,7,19x10E,10.15631976560701,1.516126445596395,13.356405766033786,0.29432046342304047,9.805029861112118,11.766035833334541,11.961077064409078,107.86267922659951,111.73828650077925,3.040487516447649,0.006907821539437843,0.3600939899619741,-598.829205696733,488.24874621335766,0.3593028716819747,1518.740554849988,2499.3861923589725,16.083333333333332,False,"SOC floor violated (min 0.007, unmet 488 Wh); did not refill (end SOC 0.360)"
4.5,0.4,1.3,0.34,0.6,0.0,0.24,0.47579028497746806,0.9515805699549361,0.0,0.21146234882137013,0.5,5.566403836747995,0.3599543464243298,2,mixed,False,24+24+21,3,69,21,24,0,19x10E,10.15631976560701,1.516126445596395,13.356405766033786,0.29432046342304047,9.805029861112118,11.766035833334541,11.961077064409078,107.86267922659951,111.73828650077925,3.040487516447649,0.006907821539437843,0.3600939899619741,-598.829205696733,488.24874621335766,0.3593028716819747,1518.740554849988,2499.3861923589725,16.083333333333332,False,"SOC floor violated (min 0.007, unmet 488 Wh); did not refill (end SOC 0.360)"
4.5,0.4,1.6,0.28,0.6,0.5,0.24,1.3586462081040374,0.9345848324161493,0.0,0.20768551819150977,0.5,5.689265887361318,0.5933782136031547,2,mixed,False,26+26+21+7+6,5,86,21,32,7,19x10E,10.979289578954926,1.657383393296646,12.218054121877861,0.28949116609397524,9.75043693470604,11.700524321647247,11.894479592584485,119.06212575794905,123.31291611057665,2.764882763390993,0.005392880682344302,0.5775444759880446,-600.2230969969124,600.2230969969124,0.1884805163374743,1892.9230103927398,2773.976968717506,15.416666666666668,False,"SOC floor violated (min 0.005, unmet 600 Wh); did not refill (end SOC 0.578)"
4.5,0.45,1.3,0.28,0.4,0.0,0.18000000000000002,0.4968104820660935,0.993620964132187,0.0,0.22080465841800118,0.5,5.601291693318263,0.42067876241221036,2,mixed,False,24+24+21,3,69,21,24,7,19x10E,10.251855215870933,1.5516388301578454,13.050717477816667,0.29310636489449254,9.737654506173554,11.685185407408264,11.87888641082848,108.49401683499958,112.29906112829242,3.0068202716592203,0.009514210120454605,0.358367880165574,-600.4966277600554,500.74909241208593,0.2658404337631133,1518.740554849988,2513.6625843374395,16.166666666666668,False,"SOC floor violated (min 0.010, unmet 501 Wh); did not refill (end SOC 0.358)"
4.5,0.45,1.3,0.34,0.4,0.0,0.18000000000000002,0.4968104820660935,0.993620964132187,0.0,0.22080465841800118,0.5,5.601291693318263,0.42067876241221036,2,mixed,False,24+24+21,3,69,21,24,7,19x10E,10.251855215870933,1.5516388301578454,13.050717477816667,0.29310636489449254,9.737654506173554,11.685185407408264,11.87888641082848,108.49401683499958,112.29906112829242,3.0068202716592203,0.009514210120454605,0.358367880165574,-600.4966277600554,500.74909241208593,0.2658404337631133,1518.740554849988,2513.6625843374395,16.166666666666668,False,"SOC floor violated (min 0.010, unmet 501 Wh); did not refill (end SOC 0.358)"
4.5,0.4,1.6,0.34,0.6,0.5,0.24,1.3586462081040374,0.9345848324161493,0.0,0.20768551819150977,0.5,5.689254960624193,0.5933581495187403,2,mixed,False,26+26+21+6+6,5,85,21,32,0,19x10E,10.971289578954925,1.657383393296646,12.218054121877861,0.28949116609397524,9.746883985797005,11.696260782956406,11.890145378787192,118.89715499189211,123.13537344423202,2.767418739741521,0.0051203182911269095,0.5595696665697627,-600.6200426302916,600.6200426302916,0.4730361298809171,1870.9122777137552,2769.55657665031,15.5,False,"SOC floor violated (min 0.005, unmet 601 Wh); did not refill (end SOC 0.560)"
4.5,0.4,1.3,0.28,0.4,0.5,0.16000000000000003,1.37674418394554,1.0069767357821608,0.0,0.22377260789101125,0.5,5.6522179662677665,0.48440734584274736,2,mixed,False,26+26+21+7+3+3,6,86,21,29,7,19x10E,10.777744539313193,1.5904186041469297,12.732496933322604,0.29178056056629026,9.861810846796425,11.83417301615571,12.030343732148332,119.20758725523385,123.673948145672,2.819585802676712,0.0039516655095512224,0.5730362027503108,-601.180281569351,601.180281569351,0.15839451341286193,1892.9230103927398,2779.3183584351973,15.416666666666668,False,"SOC floor violated (min 0.004, unmet 601 Wh); did not refill (end SOC 0.573)"
4.5,0.4,1.3,0.34,0.4,0.5,0.16000000000000003,1.37674418394554,1.0069767357821608,0.0,0.22377260789101125,0.5,5.6522179662677665,0.48440734584274736,2,mixed,False,26+26+21+7+3+3,6,86,21,29,7,19x10E,10.777744539313193,1.5904186041469297,12.732496933322604,0.29178056056629026,9.861810846796425,11.83417301615571,12.030343732148332,119.20758725523385,123.673948145672,2.819585802676712,0.0039516655095512224,0.5730362027503108,-601.180281569351,601.180281569351,0.15839451341286193,1892.9230103927398,2779.3183584351973,15.416666666666668,False,"SOC floor violated (min 0.004, unmet 601 Wh); did not refill (end SOC 0.573)"
4.5,0.45,1.6,0.34,0.6,0.0,0.27,0.48284103617450086,0.9656820723490017,0.0,0.21459601601391423,0.5,5.74015560053429,0.6747433009997827,2,mixed,False,26+26+21+4,4,77,21,30,0,19x10E,10.91318324813528,1.7069113865114103,11.863533256630856,0.28779790134211103,9.578967182189173,11.494760618627007,11.685305020643225,116.90730168887387,120.80768908176032,2.7828306715957507,0.009216827071253202,0.43464347505212875,-602.5691124254193,602.5691124254193,0.12898569746314337,1694.8264162818707,2717.3033719588243,15.916666666666666,False,"SOC floor violated (min 0.009, unmet 603 Wh); did not refill (end SOC 0.435)"
4.5,0.4,1.6,0.28,0.4,0.5,0.16000000000000003,1.351156728492692,0.904626913970768,0.0,0.2010282030736991,0.5,5.646195272067144,0.47441597405632807,2,mixed,False,26+26+18+6+4,5,80,18,30,6,19x10E,10.786924616214574,1.5842776148382463,12.781850737736715,0.29199050890823586,9.885112771092619,11.862135325311142,12.058769562176776,118.03607879690047,122.47662669832145,2.822648628801953,0.004178746280733349,0.47103217939662706,-604.1788831487034,604.1788831487034,0.10610155067865179,1760.8586143188277,2749.5004113123214,15.75,False,"SOC floor violated (min 0.004, unmet 604 Wh); did not refill (end SOC 0.471)"
5.0,0.36,1.6,0.34,0.6,0.0,0.216,0.4019128346549774,0.8038256693099548,0.0,0.17862792627706586,0.5,5.293957159456898,-0.13671604300607854,2,mixed,False,26+26+12+1+1,5,66,12,27,0,19x10E,10.473298944500272,1.4978754481903167,16.690306280274616,0.3046742184817971,10.017338469465697,12.020806163358836,12.220070628113184,102.05003645387907,106.03124121955513,2.9781760982921384,0.008960528490399846,0.3537948485281331,-604.9141763218234,409.3391572490893,0.13114679521294903,1452.708356813033,2361.050513018506,16.0,False,"SOC floor violated (min 0.009, unmet 409 Wh); did not refill (end SOC 0.354)"
4.5,0.4,1.6,0.34,0.4,0.5,0.16000000000000003,1.351156728492692,0.904626913970768,0.0,0.2010282030736991,0.5,5.646173020474333,0.47437511484724837,2,mixed,False,26+26+18+4+4,5,78,18,30,0,19x10E,10.770924616214574,1.5842776148382463,12.781850737736715,0.29199050890823586,9.87777886903268,11.853334642839215,12.049822994041406,117.69583090609179,122.10814523949296,2.828042550851774,0.0035353452872880185,0.43663087674459866,-605.6897664113618,605.6897664113618,0.15303374216650312,1716.8371489608571,2740.3661492745496,15.916666666666666,False,"SOC floor violated (min 0.004, unmet 606 Wh); did not refill (end SOC 0.437)"
4.5,0.4,1.6,0.28,0.6,0.0,0.24,0.426630507363234,0.853261014726468,0.0,0.1896135588011805,0.5,5.560079889891984,0.3475157341572461,2,mixed,False,26+26+18,3,70,18,26,0,19x10E,10.33143335533065,1.5082608811781175,13.426059279733174,0.29458937159652465,9.914949463635624,11.897939356362748,12.095167103429494,110.35921248739909,114.5163886309819,2.9808421251840596,0.0014456819812452022,0.35077563960795316,-607.8307321387173,519.0089886634552,0.2038815932287304,1540.7512875289735,2561.1856461556513,16.166666666666668,False,"SOC floor violated (min 0.001, unmet 519 Wh); did not refill (end SOC 0.351)"
4.5,0.4,1.6,0.34,0.6,0.0,0.24,0.426630507363234,0.853261014726468,0.0,0.1896135588011805,0.5,5.560079889891984,0.3475157341572461,2,mixed,False,26+26+18,3,70,18,26,0,19x10E,10.33143335533065,1.5082608811781175,13.426059279733174,0.29458937159652465,9.914949463635624,11.897939356362748,12.095167103429494,110.35921248739909,114.5163886309819,2.9808421251840596,0.0014456819812452022,0.35077563960795316,-607.8307321387173,519.0089886634552,0.2038815932287304,1540.7512875289735,2561.1856461556513,16.166666666666668,False,"SOC floor violated (min 0.001, unmet 519 Wh); did not refill (end SOC 0.351)"
5.0,0.36,1.6,0.34,0.6,0.0,0.216,0.4019128346549774,0.8038256693099548,0.0,0.17862792627706586,0.5,5.293790201464037,-0.1370226175328153,2,mixed,False,26+26+12+1,4,65,12,27,0,19x10E,10.357298944500272,1.4978754481903167,16.690306280274616,0.3046742184817971,9.9617090656889,11.95405087882668,12.152208765880577,99.90380386466977,103.6971909535429,3.020078254033651,0.0048655232704541435,0.35023364278726105,-608.3543010675058,374.9003652638584,0.18978608156989077,1430.6976241340467,2308.0383894630518,16.0,False,"SOC floor violated (min 0.005, unmet 375 Wh); did not refill (end SOC 0.350)"
5.0,0.36,1.6,0.34,0.4,0.5,0.144,1.463588302802556,0.8543532112102241,0.0,0.18985626914563208,0.5,5.366185233861235,-0.031542390190613556,2,mixed,False,26+26+12,3,64,12,26,0,19x10E,10.403732125654976,1.5761350734053523,15.861584721914548,0.3025070287424461,9.732990809901985,11.679588971882382,11.873197205257524,98.6461191779896,102.05675494720892,3.0064682579021955,0.008527311014529308,0.34895422646980906,-609.5902172301644,362.32815882009476,0.1906241796203088,1408.6868914550623,2274.7919464255087,16.0,False,"SOC floor violated (min 0.009, unmet 362 Wh); did not refill (end SOC 0.349)"
4.0,0.3,1.3,0.28,0.4,0.5,0.12,1.1767718610457285,0.7070874441829142,0.0,0.15713054313962901,0.5,5.413702402999455,0.0543294059949222,2,mixed,False,19+19+10,3,48,10,19,0,22x12E,9.077104836434058,1.051818934988231,15.211743645002006,0.3006424499355349,11.12888443360513,13.354661320326155,13.576036609454585,69.40546117071536,71.3912943669202,7.752792629754647,0.05079546409783116,0.34854371869112893,-609.9867677443694,0.0,0.3045982095771613,1056.515168591296,1562.2796780655374,15.666666666666668,False,"SOC floor violated (min 0.051, unmet 0 Wh); did not refill (end SOC 0.349)"
4.0,0.3,1.3,0.34,0.4,0.5,0.12,1.1767718610457285,0.7070874441829142,0.0,0.15713054313962901,0.5,5.413702402999455,0.0543294059949222,2,mixed,False,19+19+10,3,48,10,19,0,22x12E,9.077104836434058,1.051818934988231,15.211743645002006,0.3006424499355349,11.12888443360513,13.354661320326155,13.576036609454585,69.40546117071536,71.3912943669202,7.752792629754647,0.05079546409783116,0.34854371869112893,-609.9867677443694,0.0,0.3045982095771613,1056.515168591296,1562.2796780655374,15.666666666666668,False,"SOC floor violated (min 0.051, unmet 0 Wh); did not refill (end SOC 0.349)"
4.5,0.36,1.3,0.28,1.0,1.0,0.36,2.25,1.0046813501725884,0.0,0.2232625222605752,0.5,5.753420259116057,0.5299136323648357,2,mixed,False,26+26+14+7,4,73,14,26,7,19x10E,10.500906961880883,1.6199999999999999,12.500000000000002,0.2907692307692308,9.645046978361856,11.574056374034226,11.765915232505677,116.92906583857607,120.92705227046547,2.895181737383465,0.0,0.3526507836199623,-611.0415834450245,611.0415834450245,0.0873845080922185,1606.7834855659298,2717.2819749729642,16.25,False,"SOC floor violated (min 0.000, unmet 611 Wh); did not refill (end SOC 0.353)"
4.5,0.36,1.3,0.34,1.0,1.0,0.36,2.25,1.0046813501725884,0.0,0.2232625222605752,0.5,5.753420259116057,0.5299136323648357,2,mixed,False,26+26+14+7,4,73,14,26,7,19x10E,10.500906961880883,1.6199999999999999,12.500000000000002,0.2907692307692308,9.645046978361856,11.574056374034226,11.765915232505677,116.92906583857607,120.92705227046547,2.895181737383465,0.0,0.3526507836199623,-611.0415834450245,611.0415834450245,0.0873845080922185,1606.7834855659298,2717.2819749729642,16.25,False,"SOC floor violated (min 0.000, unmet 611 Wh); did not refill (end SOC 0.353)"
4.0,0.3,1.6,0.28,0.6,0.5,0.18,1.1644943732591284,0.6579774930365136,0.0,0.1462172206446795,0.5,5.446790860963018,0.15350204969960135,2,mixed,False,20+20+10,3,50,10,20,0,22x12E,9.393567386633855,1.0997393247910954,14.54890230740756,0.29856897154237466,11.071815736428933,13.286178883714719,13.50641896478048,71.27428874754627,73.30005396633456,7.472947332790486,0.02773784387325553,0.3470587436237883,-611.4212536594205,0.0,0.15796946677135418,1100.5366339492668,1607.6331205325796,15.583333333333334,False,"SOC floor violated (min 0.028, unmet 0 Wh); did not refill (end SOC 0.347)"
4.0,0.3,1.6,0.34,0.6,0.5,0.18,1.1644943732591284,0.6579774930365136,0.0,0.1462172206446795,0.5,5.446790860963018,0.15350204969960135,2,mixed,False,20+20+10,3,50,10,20,0,22x12E,9.393567386633855,1.0997393247910954,14.54890230740756,0.29856897154237466,11.071815736428933,13.286178883714719,13.50641896478048,71.27428874754627,73.30005396633456,7.472947332790486,0.02773784387325553,0.3470587436237883,-611.4212536594205,0.0,0.15796946677135418,1100.5366339492668,1607.6331205325796,15.583333333333334,False,"SOC floor violated (min 0.028, unmet 0 Wh); did not refill (end SOC 0.347)"
4.5,0.36,1.6,0.34,0.4,0.0,0.144,0.34912303194307287,0.6982460638861457,0.0,0.15516579195441474,0.5,5.290275396569946,-0.14370933964574917,2,mixed,False,20+20,2,40,10,20,0,22x12E,9.433759363032133,1.2094105748997037,16.743693515065658,0.30480647608406547,10.580445766982157,12.696534920378587,12.90700069120649,62.56539600044546,64.10203705591687,7.447619673236918,0.1313061908649449,0.3417899089048874,-616.5109479978787,0.0,0.09275967777008512,880.4293071594138,1393.7345790331708,16.083333333333332,False,"SOC floor violated (min 0.131, unmet 0 Wh); did not refill (end SOC 0.342)"
5.0,0.3,1.6,0.34,0.6,0.5,0.18,1.4335814312951325,0.73432572518053,0.0,0.16318349446466088,0.5,5.207763737191765,-0.3064506934766229,2,mixed,False,26+26+10,3,62,10,26,0,16x12E,9.91071348634896,1.372029771755416,18.2211789530006,0.3081591755629522,10.181672936361585,12.2180075236339,12.420540922515464,96.05553764015187,98.62263699519183,2.31446956774643,0.009291086972998613,0.3410399589695168,-617.2353996354468,329.43166418264104,0.20507087066690843,1364.6654260970909,2205.655773257705,16.083333333333332,False,"SOC floor violated (min 0.009, unmet 329 Wh); did not refill (end SOC 0.341)"
4.5,0.36,1.3,0.28,0.6,0.5,0.216,1.3582788216710497,0.9331152866841987,0.0,0.20735895247435593,0.5,5.538107277342919,0.3194634558422136,2,mixed,False,24+24+14+7,4,69,14,24,7,19x10E,10.202993499313378,1.491592150320631,13.576097189601784,0.29515924277757216,9.908027644654378,11.889633173585255,12.086723232127385,109.32424922112739,113.43043463739825,3.0227301333237557,0.0005004249520492079,0.34059916965933884,-617.6612021090787,505.82476785461154,0.15513613108721575,1518.740554849988,2535.9471004011716,16.166666666666668,False,"SOC floor violated (min 0.001, unmet 506 Wh); did not refill (end SOC 0.341)"
5.0,0.36,1.3,0.34,0.6,0.0,0.216,0.4478819785745004,0.8957639571490008,0.0,0.1990586571241603,0.5,5.2977619395932125,-0.1290166068188583,2,mixed,False,25+25+12,3,62,12,25,0,19x10E,10.052535111563689,1.504495004914728,16.61687138763013,0.30449090756565,9.79243896930019,11.750926763160226,11.945717536757925,95.3945195417227,98.75326539317422,3.1289028501542724,0.00853829570866027,0.33925398230544823,-618.960653092937,318.353170619791,0.19418517083504244,1364.6654260970909,2196.3384358129606,16.0,False,"SOC floor violated (min 0.009, unmet 318 Wh); did not refill (end SOC 0.339)"
4.5,0.45,1.6,0.28,0.6,0.0,0.27,0.48284103617450086,0.9656820723490017,0.0,0.21459601601391423,0.5,5.740379197499324,0.6751538781310771,2,mixed,False,26+26+21+7+4,5,84,21,30,7,19x10E,11.07718324813528,1.7069113865114103,11.863533256630856,0.28779790134211103,9.650673694136097,11.580808432963316,11.772779217822249,120.18739263814308,124.32669504010754,2.731667397072913,0.0012893290657675274,0.5270436890183684,-620.5979180666363,620.5979180666363,0.1668383394537507,1848.9015450347686,2799.3365518653145,15.583333333333334,False,"SOC floor violated (min 0.001, unmet 621 Wh); did not refill (end SOC 0.527)"
4.0,0.4,1.6,0.28,0.4,0.5,0.16000000000000003,1.213620883668245,0.8544835346729801,0.0,0.18988522988704754,0.5,5.828794203591314,0.8040709673902211,2,mixed,False,26+26+18+1+1,5,72,18,27,0,17x12E,10.352347800445559,1.4112690120803788,11.337314050716731,0.2850893216112843,10.260368851618281,12.312442621941937,12.516541436575377,78.35758640370686,121.93336437603817,2.6047694166043573,0.009214954323542034,0.3365919827711145,-621.5321446431033,76.7376676672861,0.1023937797874126,1584.7727528869439,2178.183279257133,14.416666666666666,False,"SOC floor violated (min 0.009, unmet 77 Wh); did not refill (end SOC 0.337)"
4.0,0.4,1.6,0.34,0.4,0.5,0.16000000000000003,1.213620883668245,0.8544835346729801,0.0,0.18988522988704754,0.5,5.828794203591314,0.8040709673902211,2,mixed,False,26+26+18+1+1,5,72,18,27,0,17x12E,10.352347800445559,1.4112690120803788,11.337314050716731,0.2850893216112843,10.260368851618281,12.312442621941937,12.516541436575377,78.35758640370686,121.93336437603817,2.6047694166043573,0.009214954323542034,0.3365919827711145,-621.5321446431033,76.7376676672861,0.1023937797874126,1584.7727528869439,2178.183279257133,14.416666666666666,False,"SOC floor violated (min 0.009, unmet 77 Wh); did not refill (end SOC 0.337)"
4.5,0.45,1.6,0.34,0.6,0.0,0.27,0.48284103617450086,0.9656820723490017,0.0,0.21459601601391423,0.5,5.74034668358345,0.6750941748595936,2,mixed,False,26+26+21+4+4,5,81,21,30,0,19x10E,11.05318324813528,1.7069113865114103,11.863533256630856,0.28779790134211103,9.6402133742438,11.56825604909256,11.760018757719383,119.70083811659325,123.80491192163902,2.73908616559522,0.00019231159471451258,0.474510475532667,-622.8713630493428,622.8713630493428,0.12431720426308837,1782.8693469978132,2786.6787236898645,15.75,False,"SOC floor violated (min 0.000, unmet 623 Wh); did not refill (end SOC 0.475)"
4.5,0.3,1.6,0.34,0.4,0.0,0.12,0.28771221945048153,0.5754244389009631,0.0,0.12787209744810138,0.5,5.11615552299861,-0.49600617492498067,2,mixed,False,17+17+8,3,42,8,17,0,22x12E,9.121472492931504,0.9967881995010865,20.31524852534927,0.312075617175238,11.45986447550302,13.751837370603623,13.979796500449243,64.46834490506025,66.5640912544842,7.772274064357483,0.10817318082565397,0.3350423560855244,-623.0290840213834,0.0,0.17392512457597795,924.4507725173842,1444.0062485168296,16.0,False,"SOC floor violated (min 0.108, unmet 0 Wh); did not refill (end SOC 0.335)"
4.5,0.4,1.6,0.28,0.4,0.0,0.16000000000000003,0.3908048928230273,0.7816097856460545,0.0,0.17369106342916554,0.5,5.420136087753828,0.0950614909498495,2,mixed,False,22+22+18,3,62,18,22,0,17x12E,9.928052218099388,1.3537931742775267,14.9579717084973,0.2998703188534767,10.258983128330529,12.310779753996634,12.514851003882205,96.93897239656644,99.44690206734879,2.8224103661090725,0.0071696753841328075,0.33240116110398865,-625.580478373547,341.77491573133744,0.13638211465382827,1364.6654260970909,2226.389780744632,16.083333333333332,False,"SOC floor violated (min 0.007, unmet 342 Wh); did not refill (end SOC 0.332)"
4.5,0.4,1.6,0.34,0.4,0.0,0.16000000000000003,0.3908048928230273,0.7816097856460545,0.0,0.17369106342916554,0.5,5.420136087753828,0.0950614909498495,2,mixed,False,22+22+18,3,62,18,22,0,17x12E,9.928052218099388,1.3537931742775267,14.9579717084973,0.2998703188534767,10.258983128330529,12.310779753996634,12.514851003882205,96.93897239656644,99.44690206734879,2.8224103661090725,0.0071696753841328075,0.33240116110398865,-625.580478373547,341.77491573133744,0.13638211465382827,1364.6654260970909,2226.389780744632,16.083333333333332,False,"SOC floor violated (min 0.007, unmet 342 Wh); did not refill (end SOC 0.332)"
6.0,0.3,1.3,0.34,0.4,0.0,0.12,0.3677616452701203,0.7355232905402406,0.0,0.16344962003527752,0.5,4.916354969846494,-0.9118802321074924,2,mixed,False,23+23+10,3,56,10,23,0,16x12E,9.568071845450243,1.3261970961486216,27.145286401656865,0.32065005589446827,10.175520341348099,12.210624409617719,12.413035421344656,84.02728310122352,86.24787190197434,2.45698338689676,0.006420777586075158,0.3290868304131673,-628.7821218208803,158.6167149020688,0.2595815653552383,1232.6010300231787,1914.789602968838,15.833333333333332,False,"SOC floor violated (min 0.006, unmet 159 Wh); did not refill (end SOC 0.329)"
4.5,0.45,1.3,0.28,0.6,0.0,0.27,0.5388295271434997,1.0776590542869995,0.0,0.23947978970702144,0.5,5.7489443592881075,0.691725163032721,2,mixed,False,26+26+24+8+4+4,6,92,24,30,8,19x10E,11.100257554297482,1.7169893148858297,11.793899836439293,0.28745335680572753,9.632326183167741,11.55879141980129,11.750397236763426,122.03182861398399,126.234432917211,2.717712762956647,0.008190436996232018,0.6696319020149775,-629.5145009553269,629.5145009553269,0.33387541507336255,2024.9874064666517,2845.5366743888526,15.25,False,"SOC floor violated (min 0.008, unmet 630 Wh); did not refill (end SOC 0.670)"
4.5,0.45,1.3,0.34,0.6,0.0,0.27,0.5388295271434997,1.0776590542869995,0.0,0.23947978970702144,0.5,5.7489443592881075,0.691725163032721,2,mixed,False,26+26+24+8+4+4,6,92,24,30,8,19x10E,11.100257554297482,1.7169893148858297,11.793899836439293,0.28745335680572753,9.632326183167741,11.55879141980129,11.750397236763426,122.03182861398399,126.234432917211,2.717712762956647,0.008190436996232018,0.6696319020149775,-629.5145009553269,629.5145009553269,0.33387541507336255,2024.9874064666517,2845.5366743888526,15.25,False,"SOC floor violated (min 0.008, unmet 630 Wh); did not refill (end SOC 0.670)"
4.5,0.4,1.6,0.28,0.6,0.5,0.24,1.3586462081040374,0.9345848324161493,0.0,0.20768551819150977,0.5,5.6894773821131785,0.593766568196795,2,mixed,False,26+26+21+7+6+6,6,92,21,32,7,19x10E,11.135289578954927,1.657383393296646,12.218054121877861,0.28949116609397524,9.819462491756116,11.78335499010734,11.978683314448121,122.33227188644732,126.838652121857,2.71564573550141,0.005304040760406498,0.6614583176292287,-631.4426230086098,631.4426230086098,0.28352381468619586,2024.9874064666517,2855.405352334555,15.25,False,"SOC floor violated (min 0.005, unmet 631 Wh); did not refill (end SOC 0.661)"
4.5,0.45,1.6,0.28,0.4,0.0,0.18000000000000002,0.4437516691652656,0.8875033383305312,0.0,0.19722296395081448,0.5,5.587741224417599,0.3975746370078679,2,mixed,False,25+25+18,3,68,18,25,0,19x10E,10.393665485153631,1.5373129506746217,13.172334228442985,0.2935961384946479,9.8503502708506,11.820420325020718,12.016363067730955,110.27852989376578,114.32573976517575,2.9617503781118284,0.0070909118939552224,0.32262226168536484,-635.0268952119375,532.1251614940088,0.16616763748202482,1496.7298221710025,2557.713326464522,16.333333333333336,False,"SOC floor violated (min 0.007, unmet 532 Wh); did not refill (end SOC 0.323)"
4.5,0.45,1.6,0.34,0.4,0.0,0.18000000000000002,0.4437516691652656,0.8875033383305312,0.0,0.19722296395081448,0.5,5.587741224417599,0.3975746370078679,2,mixed,False,25+25+18,3,68,18,25,0,19x10E,10.393665485153631,1.5373129506746217,13.172334228442985,0.2935961384946479,9.8503502708506,11.820420325020718,12.016363067730955,110.27852989376578,114.32573976517575,2.9617503781118284,0.0070909118939552224,0.32262226168536484,-635.0268952119375,532.1251614940088,0.16616763748202482,1496.7298221710025,2557.713326464522,16.333333333333336,False,"SOC floor violated (min 0.007, unmet 532 Wh); did not refill (end SOC 0.323)"
4.5,0.4,1.6,0.28,0.4,0.5,0.16000000000000003,1.351156728492692,0.904626913970768,0.0,0.2010282030736991,0.5,5.646388577343133,0.47477092845238333,2,mixed,False,26+26+18+6+4+4,6,84,18,30,6,19x10E,10.926924616214574,1.5842776148382463,12.781850737736715,0.29199050890823586,9.949053810522877,11.938864572627452,12.136770721891448,121.06528294293689,125.76166376916323,2.775940917523381,0.0031847516597494595,0.5166424630842524,-636.0944599615656,636.0944599615656,0.39523042891788407,1848.9015450347683,2824.7032975157044,15.666666666666668,False,"SOC floor violated (min 0.003, unmet 636 Wh); did not refill (end SOC 0.517)"
4.0,0.36,1.6,0.28,0.6,0.0,0.216,0.36122152190996115,0.7224430438199223,0.0,0.16054289860965415,0.5,5.5733350503320445,0.37108646555853975,2,mixed,False,20+20+10,3,50,10,20,0,22x12E,9.616311990761574,1.2040158991550345,13.288861061742315,0.2940570043730623,10.706231032006398,12.847477238407677,13.060445124301918,72.60781515172359,74.48906722576163,7.247682693666384,0.009622106286180428,0.3187119986456079,-638.8042093083427,3.4971041122619657,0.2967672027173632,1100.5366339492666,1638.2646642583534,15.666666666666668,False,"SOC floor violated (min 0.010, unmet 3 Wh); did not refill (end SOC 0.319)"
4.0,0.36,1.6,0.34,0.6,0.0,0.216,0.36122152190996115,0.7224430438199223,0.0,0.16054289860965415,0.5,5.5733350503320445,0.37108646555853975,2,mixed,False,20+20+10,3,50,10,20,0,22x12E,9.616311990761574,1.2040158991550345,13.288861061742315,0.2940570043730623,10.706231032006398,12.847477238407677,13.060445124301918,72.60781515172359,74.48906722576163,7.247682693666384,0.009622106286180428,0.3187119986456079,-638.8042093083427,3.4971041122619657,0.2967672027173632,1100.5366339492666,1638.2646642583534,15.666666666666668,False,"SOC floor violated (min 0.010, unmet 3 Wh); did not refill (end SOC 0.319)"
5.5,0.3,1.6,0.34,0.6,0.0,0.18,0.3483344655398164,0.6966689310796328,0.0,0.15481531796011447,0.5,5.048693322339438,-0.6376771384866662,2,mixed,False,24+24+10,3,58,10,24,0,16x12E,9.851540748202657,1.361800135864778,22.213244956676757,0.3149874095140314,10.189288092675763,12.227145711210916,12.429830590453413,90.02363733300562,92.42480399844285,2.358155196441879,0.009109726688829154,0.3181974842472736,-639.3012302171336,248.9608413341796,0.17809734381967363,1276.6224953811497,2059.576532093512,16.083333333333332,False,"SOC floor violated (min 0.009, unmet 249 Wh); did not refill (end SOC 0.318)"
4.5,0.45,1.3,0.28,0.4,0.5,0.18000000000000002,1.4094228339681143,1.1376913358724572,0.0,0.25282029673172324,0.5,5.841501775333409,0.8254924136792292,2,mixed,False,26+26+24+8+4,5,88,24,30,8,19x10E,11.139251441075164,1.7980441651713908,11.26223726438319,0.2846822508080044,9.42923099970014,11.315077199640168,11.50264305597292,122.33831531988915,126.24047600629491,2.6969140707409345,0.009076113788011061,0.5939858907314829,-647.5795100386359,647.5795100386359,0.18787897911022947,1936.9444757507104,2849.2879335117927,15.5,False,"SOC floor violated (min 0.009, unmet 648 Wh); did not refill (end SOC 0.594)"
4.5,0.45,1.3,0.34,0.4,0.5,0.18000000000000002,1.4094228339681143,1.1376913358724572,0.0,0.25282029673172324,0.5,5.841501775333409,0.8254924136792292,2,mixed,False,26+26+24+8+4,5,88,24,30,8,19x10E,11.139251441075164,1.7980441651713908,11.26223726438319,0.2846822508080044,9.42923099970014,11.315077199640168,11.50264305597292,122.33831531988915,126.24047600629491,2.6969140707409345,0.009076113788011061,0.5939858907314829,-647.5795100386359,647.5795100386359,0.18787897911022947,1936.9444757507104,2849.2879335117927,15.5,False,"SOC floor violated (min 0.009, unmet 648 Wh); did not refill (end SOC 0.594)"
4.5,0.45,1.6,0.28,0.6,0.0,0.27,0.48284103617450086,0.9656820723490017,0.0,0.21459601601391423,0.5,5.740567469214948,0.6754995897148368,2,mixed,False,26+26+21+7+4+4,6,88,21,30,7,19x10E,11.21718324813528,1.7069113865114103,11.863533256630856,0.28779790134211103,9.71146767353845,11.65376120824614,11.846941304321101,123.07168764677525,127.42347766078859,2.688849102173679,0.0020553258964413988,0.5769121619480257,-652.4450136346024,652.4450136346024,0.08929550790242283,1936.9444757507104,2870.7107186417197,15.5,False,"SOC floor violated (min 0.002, unmet 652 Wh); did not refill (end SOC 0.577)"
4.5,0.4,1.3,0.28,0.4,0.0,0.16000000000000003,0.4370924833503401,0.8741849667006802,0.0,0.1942633258237398,0.5,5.430543963288365,0.11274501007272075,2,mixed,False,21+21+18,3,60,18,21,0,16x12E,9.72824314138925,1.3649021960040817,14.836227869868152,0.29949052326559433,10.113812343835916,12.136574812603099,12.33775833150519,68.19693323388935,105.7582175135127,2.317777757853666,0.06146739665442687,0.3034422720302164,-653.554765218811,0.0,0.12388405366706579,1320.6439607391203,1870.4284912464611,14.583333333333332,False,"SOC floor violated (min 0.061, unmet 0 Wh); did not refill (end SOC 0.303)"
4.5,0.4,1.3,0.34,0.4,0.0,0.16000000000000003,0.4370924833503401,0.8741849667006802,0.0,0.1942633258237398,0.5,5.430543963288365,0.11274501007272075,2,mixed,False,21+21+18,3,60,18,21,0,16x12E,9.72824314138925,1.3649021960040817,14.836227869868152,0.29949052326559433,10.113812343835916,12.136574812603099,12.33775833150519,68.19693323388935,105.7582175135127,2.317777757853666,0.06146739665442687,0.3034422720302164,-653.554765218811,0.0,0.12388405366706579,1320.6439607391203,1870.4284912464611,14.583333333333332,False,"SOC floor violated (min 0.061, unmet 0 Wh); did not refill (end SOC 0.303)"
5.0,0.36,1.6,0.34,0.4,0.0,0.144,0.3667479449487575,0.733495889897515,0.0,0.1629990866292552,0.5,5.186081926450241,-0.3478032386732308,2,mixed,False,23+23+10,3,56,10,23,0,17x12E,9.831694789342464,1.3392175561089317,18.66761668853638,0.3090678215316769,10.264482918102786,12.317379501723343,12.521560153189839,87.44347941146314,89.68491815284993,2.899490132024555,0.0065148540420173345,0.30142861642208363,-655.4999565362672,213.40552015470203,0.13469135933092602,1232.601030023179,1996.3882292444264,16.083333333333332,False,"SOC floor violated (min 0.007, unmet 213 Wh); did not refill (end SOC 0.301)"
4.5,0.3,1.3,0.34,0.6,0.0,0.18,0.3521334814483306,0.7042669628966612,0.0,0.15650376935282084,0.5,5.2192355805743,-0.2915390767777821,2,mixed,False,18+18,2,36,10,18,0,22x12E,9.003740995187899,1.1222560177737997,18.044011062796155,0.3077861191592509,10.73035214071062,12.876422568852744,13.089870270800906,60.68434021998538,62.29510049548082,7.841327686855475,0.14400250531214404,0.297718905186509,-659.0835375898323,0.0,0.22800001942211343,792.386376443472,1348.370637322901,16.583333333333332,False,"SOC floor violated (min 0.144, unmet 0 Wh); did not refill (end SOC 0.298)"
4.5,0.36,1.6,0.28,1.0,1.0,0.36,2.25,0.9056075308874147,0.0,0.20124611797498104,0.5,5.753637734444426,0.5303129687173902,2,mixed,False,26+26+12+6,4,70,12,26,6,19x10E,10.654359617476013,1.6199999999999999,12.500000000000002,0.2907692307692308,9.715264251204292,11.658317101445151,11.85157271887928,118.64954286079819,122.8152781253578,2.849455826516863,0.005587007147847324,0.2918816336052381,-664.7223419373399,659.4304823138947,0.19197381042327422,1540.7512875289738,2758.4848985379667,16.583333333333332,False,"SOC floor violated (min 0.006, unmet 659 Wh); did not refill (end SOC 0.292)"
5.0,0.36,1.3,0.34,0.4,0.0,0.144,0.4097021380205588,0.8194042760411177,0.0,0.18208983908605936,0.5,5.192140058452075,-0.33590912277901896,2,mixed,False,23+23+12,3,58,12,23,0,16x12E,9.65720672806746,1.3484956618124406,18.53917717940512,0.30881088938303464,10.137933463789844,12.165520156547812,12.367183491727605,93.32126439479217,95.66561398125013,2.3848891402798924,0.008088489418293609,0.29162313425154757,-664.972052313005,301.5605485668539,0.1038799414245671,1276.62249538115,2137.8790547700505,16.25,False,"SOC floor violated (min 0.008, unmet 302 Wh); did not refill (end SOC 0.292)"
4.5,0.45,1.6,0.28,0.4,0.5,0.18000000000000002,1.3804065640366652,1.0216262561466611,0.0,0.22702805685519814,0.5,5.8340381599330335,0.8130470126766758,2,mixed,False,26+26+21+7+6,5,86,21,32,7,19x10E,11.270357571296191,1.7902097722898995,11.31152355072766,0.28495009328064397,9.5052892027907,11.40634704334884,11.595425846176832,123.32723714934193,127.36349193859057,2.665603172094221,0.006797371616766523,0.5443991699742043,-667.644472798994,667.644472798994,0.16442422313879845,1892.9230103927396,2873.4891481612876,15.666666666666668,False,"SOC floor violated (min 0.007, unmet 668 Wh); did not refill (end SOC 0.544)"
4.5,0.45,1.6,0.34,0.4,0.5,0.18000000000000002,1.3804065640366652,1.0216262561466611,0.0,0.22702805685519814,0.5,5.8340381599330335,0.8130470126766758,2,mixed,False,26+26+21+7+6,5,86,21,32,7,19x10E,11.270357571296191,1.7902097722898995,11.31152355072766,0.28495009328064397,9.5052892027907,11.40634704334884,11.595425846176832,123.32723714934193,127.36349193859057,2.665603172094221,0.006797371616766523,0.5443991699742043,-667.644472798994,667.644472798994,0.16442422313879845,1892.9230103927396,2873.4891481612876,15.666666666666668,False,"SOC floor violated (min 0.007, unmet 668 Wh); did not refill (end SOC 0.544)"
4.5,0.52,1.3,0.28,0.4,0.0,0.20800000000000002,0.5824051384167303,1.1648102768334605,0.0,0.2588467281033739,0.5,5.8469025455153725,0.8627817201306738,2,mixed,False,26+26+26+8+6+1,6,93,32,27,8,19x10E,11.356350666980434,1.8197104031860198,11.128144327001435,0.28394152470502365,9.46382514287729,11.356590171452748,11.544844172989421,125.39709125334086,129.46755144004894,2.635148710705243,0.0,0.6523638753370901,-669.8564438898521,669.8564438898521,0.18242073554165944,2046.998139145637,2924.8075116983146,15.333333333333332,False,"SOC floor violated (min 0.000, unmet 670 Wh); did not refill (end SOC 0.652)"
4.5,0.52,1.3,0.34,0.4,0.0,0.20800000000000002,0.5824051384167303,1.1648102768334605,0.0,0.2588467281033739,0.5,5.8469025455153725,0.8627817201306738,2,mixed,False,26+26+26+8+6+1,6,93,32,27,8,19x10E,11.356350666980434,1.8197104031860198,11.128144327001435,0.28394152470502365,9.46382514287729,11.356590171452748,11.544844172989421,125.39709125334086,129.46755144004894,2.635148710705243,0.0,0.6523638753370901,-669.8564438898521,669.8564438898521,0.18242073554165944,2046.998139145637,2924.8075116983146,15.333333333333332,False,"SOC floor violated (min 0.000, unmet 670 Wh); did not refill (end SOC 0.652)"
4.5,0.45,1.3,0.28,0.4,0.5,0.18000000000000002,1.4094228339681143,1.1376913358724572,0.0,0.25282029673172324,0.5,5.841689004518242,0.8258362109288275,2,mixed,False,26+26+24+8+4+4,6,92,24,30,8,19x10E,11.279251441075164,1.7980441651713908,11.26223726438319,0.2846822508080044,9.488300068341534,11.38596008200984,11.574700937708167,125.150381835305,129.24550548951163,2.6554062296487477,0.0002807557710204026,0.6350881423330621,-669.9118945625131,669.9118945625131,0.5071361310556999,2024.9874064666515,2919.1002357171024,15.333333333333332,False,"SOC floor violated (min 0.000, unmet 670 Wh); did not refill (end SOC 0.635)"
4.5,0.45,1.3,0.34,0.4,0.5,0.18000000000000002,1.4094228339681143,1.1376913358724572,0.0,0.25282029673172324,0.5,5.841689004518242,0.8258362109288275,2,mixed,False,26+26+24+8+4+4,6,92,24,30,8,19x10E,11.279251441075164,1.7980441651713908,11.26223726438319,0.2846822508080044,9.488300068341534,11.38596008200984,11.574700937708167,125.150381835305,129.24550548951163,2.6554062296487477,0.0002807557710204026,0.6350881423330621,-669.9118945625131,669.9118945625131,0.5071361310556999,2024.9874064666515,2919.1002357171024,15.333333333333332,False,"SOC floor violated (min 0.000, unmet 670 Wh); did not refill (end SOC 0.635)"
4.0,0.4,1.6,0.28,0.6,0.5,0.24,1.2205686848003234,0.8822747392012936,0.0,0.19606105300374624,0.5,5.87840454872407,0.9357344624560571,2,mixed,False,26+26+18+2+2,5,74,18,28,0,16x12E,10.479458891245516,1.4752909895680517,10.84531805124399,0.28231913994184776,10.096690260493082,12.116028312591698,12.316871239750464,103.98806582340426,133.79751008335708,2.0339404950201265,0.009008463992667063,0.283099490612896,-673.2058920679424,432.7869199485209,0.10156256028805899,1628.7942182449158,2629.093855971301,15.5,False,"SOC floor violated (min 0.009, unmet 433 Wh); did not refill (end SOC 0.283)"
4.0,0.4,1.6,0.34,0.6,0.5,0.24,1.2205686848003234,0.8822747392012936,0.0,0.19606105300374624,0.5,5.87840454872407,0.9357344624560571,2,mixed,False,26+26+18+2+2,5,74,18,28,0,16x12E,10.479458891245516,1.4752909895680517,10.84531805124399,0.28231913994184776,10.096690260493082,12.116028312591698,12.316871239750464,103.98806582340426,133.79751008335708,2.0339404950201265,0.009008463992667063,0.283099490612896,-673.2058920679424,432.7869199485209,0.10156256028805899,1628.7942182449158,2629.093855971301,15.5,False,"SOC floor violated (min 0.009, unmet 433 Wh); did not refill (end SOC 0.283)"
4.0,0.4,1.6,0.28,0.6,0.0,0.24,0.4034013545605723,0.8068027091211446,0.0,0.17928949087896515,0.49999999999999994,5.734309056310301,0.6635468165351392,2,mixed,False,22+22+18,3,62,18,22,0,17x12E,9.916345458895325,1.3445442167296915,11.899943342076533,0.28797645217894374,10.288136761769131,12.345764114122957,12.550415286827397,67.38545518003525,113.58495798483438,2.761060126871287,0.057863396086756023,0.277069313071281,-679.0310435731425,0.0,0.1487752120279815,1364.6654260970913,1939.9961595334955,14.416666666666666,False,"SOC floor violated (min 0.058, unmet 0 Wh); did not refill (end SOC 0.277)"
4.0,0.4,1.6,0.34,0.6,0.0,0.24,0.4034013545605723,0.8068027091211446,0.0,0.17928949087896515,0.49999999999999994,5.734309056310301,0.6635468165351392,2,mixed,False,22+22+18,3,62,18,22,0,17x12E,9.916345458895325,1.3445442167296915,11.899943342076533,0.28797645217894374,10.288136761769131,12.345764114122957,12.550415286827397,67.38545518003525,113.58495798483438,2.761060126871287,0.057863396086756023,0.277069313071281,-679.0310435731425,0.0,0.1487752120279815,1364.6654260970913,1939.9961595334955,14.416666666666666,False,"SOC floor violated (min 0.058, unmet 0 Wh); did not refill (end SOC 0.277)"
4.0,0.36,1.3,0.28,0.4,0.0,0.144,0.3695019793824801,0.7390039587649602,0.0,0.16422310188046796,0.5,5.4400331504069666,0.1304977797680289,2,mixed,False,17+17+10,3,44,10,17,0,22x12E,9.134797030793527,1.0878124275466157,14.708418101166028,0.2990850392304082,10.97794099743609,13.173529196923306,13.391901925730144,68.80666934797131,70.71881664709805,7.6957223335418075,0.044359406362313905,0.27420360485415024,-681.7993177108908,0.0,0.08482098841463544,968.472237875355,1546.4978971360679,16.083333333333332,False,"SOC floor violated (min 0.044, unmet 0 Wh); did not refill (end SOC 0.274)"
4.0,0.36,1.3,0.34,0.4,0.0,0.144,0.3695019793824801,0.7390039587649602,0.0,0.16422310188046796,0.5,5.4400331504069666,0.1304977797680289,2,mixed,False,17+17+10,3,44,10,17,0,22x12E,9.134797030793527,1.0878124275466157,14.708418101166028,0.2990850392304082,10.97794099743609,13.173529196923306,13.391901925730144,68.80666934797131,70.71881664709805,7.6957223335418075,0.044359406362313905,0.27420360485415024,-681.7993177108908,0.0,0.08482098841463544,968.472237875355,1546.4978971360679,16.083333333333332,False,"SOC floor violated (min 0.044, unmet 0 Wh); did not refill (end SOC 0.274)"
4.5,0.45,1.6,0.28,0.6,0.5,0.27,1.3885530521498692,1.0542122085994765,0.0,0.23426937968321887,0.5,5.882224486767841,0.9427678660498233,2,mixed,False,26+26+24+8+8,5,92,24,34,8,19x10E,11.477305119996366,1.8699395493869768,10.829227076692701,0.28222428891190554,9.385439821793293,11.262527786151951,11.449222550262636,125.38064371476139,129.32078596980483,2.6033684671258643,0.00904971385733298,0.6432275766810864,-681.8632571285672,681.8632571285672,0.49458938434016625,2024.9874064666515,2923.283348698001,15.333333333333332,False,"SOC floor violated (min 0.009, unmet 682 Wh); did not refill (end SOC 0.643)"
4.5,0.45,1.6,0.34,0.6,0.5,0.27,1.3885530521498692,1.0542122085994765,0.0,0.23426937968321887,0.5,5.882224486767841,0.9427678660498233,2,mixed,False,26+26+24+8+8,5,92,24,34,8,19x10E,11.477305119996366,1.8699395493869768,10.829227076692701,0.28222428891190554,9.385439821793293,11.262527786151951,11.449222550262636,125.38064371476139,129.32078596980483,2.6033684671258643,0.00904971385733298,0.6432275766810864,-681.8632571285672,681.8632571285672,0.49458938434016625,2024.9874064666515,2923.283348698001,15.333333333333332,False,"SOC floor violated (min 0.009, unmet 682 Wh); did not refill (end SOC 0.643)"
4.0,0.45,1.3,0.28,0.4,0.0,0.18000000000000002,0.4710318751196979,0.9420637502393958,0.0,0.2093475000183069,0.5,5.78615196512827,0.7543595610485347,2,mixed,False,21+21+21+7,4,70,21,21,7,16x12E,9.991431202663668,1.3871786062823184,11.534203257993212,0.28613169493515045,10.167076920377905,12.200492304453485,12.402735360014676,93.45534491643404,125.80502866258125,2.1742517359384737,0.00793380465505517,0.2725967058248038,-683.3515821732395,287.18456035759533,0.15942132370039747,1540.7512875289738,2405.988010773211,15.25,False,"SOC floor violated (min 0.008, unmet 287 Wh); did not refill (end SOC 0.273)"
4.5,0.45,1.3,0.28,0.6,0.5,0.27,1.4181536279394673,1.172614511757869,0.0,0.26058100260198314,0.49999999999999994,5.886967567165024,0.9515053188841063,2,mixed,False,26+26+26+9+6+6,6,99,27,32,9,19x10E,11.49351570292096,1.8752676530291041,10.798458538593328,0.2820421315239947,9.378713403385458,11.254456084062548,11.441017046548398,127.42810253917521,131.44260309457854,2.591386665637364,0.0017242490890342736,0.7525440364473843,-685.0269146586724,685.0269146586724,0.34682373435240993,2179.0625352195498,2974.0704242258985,15.083333333333332,False,"SOC floor violated (min 0.002, unmet 685 Wh); did not refill (end SOC 0.753)"
4.5,0.45,1.3,0.34,0.6,0.5,0.27,1.4181536279394673,1.172614511757869,0.0,0.26058100260198314,0.49999999999999994,5.886967567165024,0.9515053188841063,2,mixed,False,26+26+26+9+6+6,6,99,27,32,9,19x10E,11.49351570292096,1.8752676530291041,10.798458538593328,0.2820421315239947,9.378713403385458,11.254456084062548,11.441017046548398,127.42810253917521,131.44260309457854,2.591386665637364,0.0017242490890342736,0.7525440364473843,-685.0269146586724,685.0269146586724,0.34682373435240993,2179.0625352195498,2974.0704242258985,15.083333333333332,False,"SOC floor violated (min 0.002, unmet 685 Wh); did not refill (end SOC 0.753)"
4.0,0.3,1.6,0.28,1.0,1.0,0.3,2.0,0.7115124735378854,0.0,0.15811388300841894,0.5,5.65963575762,0.3610102412439047,2,mixed,False,24+24,2,48,10,24,0,22x12E,9.468298005972763,1.2,13.333333333333334,0.2942307692307692,10.641277910319467,12.76953349238336,12.981209333582642,73.88100755669463,75.75952815106392,7.342016197427937,0.009080049002613683,0.270747469148883,-685.137944802179,30.991747319251317,0.2510580704303145,1056.5151685912963,1668.1723461156382,16.0,False,"SOC floor violated (min 0.009, unmet 31 Wh); did not refill (end SOC 0.271)"
4.0,0.3,1.6,0.34,1.0,1.0,0.3,2.0,0.7115124735378854,0.0,0.15811388300841894,0.5,5.65963575762,0.3610102412439047,2,mixed,False,24+24,2,48,10,24,0,22x12E,9.468298005972763,1.2,13.333333333333334,0.2942307692307692,10.641277910319467,12.76953349238336,12.981209333582642,73.88100755669463,75.75952815106392,7.342016197427937,0.009080049002613683,0.270747469148883,-685.137944802179,30.991747319251317,0.2510580704303145,1056.5151685912963,1668.1723461156382,16.0,False,"SOC floor violated (min 0.009, unmet 31 Wh); did not refill (end SOC 0.271)"
4.5,0.36,1.3,0.28,0.6,0.0,0.216,0.4259422355063571,0.8518844710127143,0.0,0.18930766019842743,0.5,5.422457648236486,0.09794487754487191,2,mixed,False,23+23+12,3,58,12,23,0,16x12E,9.679825071641245,1.3573356819129154,14.918932928559974,0.299749207468938,10.116692991011796,12.140031589214155,12.341272409825615,67.78627610074943,105.44988637979324,2.3310980203846228,0.05968387662953318,0.2703246816826301,-685.5463574945793,0.0,0.23756674352509793,1276.6224953811493,1858.3976556890755,14.666666666666668,False,"SOC floor violated (min 0.060, unmet 0 Wh); did not refill (end SOC 0.270)"
4.5,0.36,1.3,0.34,0.6,0.0,0.216,0.4259422355063571,0.8518844710127143,0.0,0.18930766019842743,0.5,5.422457648236486,0.09794487754487191,2,mixed,False,23+23+12,3,58,12,23,0,16x12E,9.679825071641245,1.3573356819129154,14.918932928559974,0.299749207468938,10.116692991011796,12.140031589214155,12.341272409825615,67.78627610074943,105.44988637979324,2.3310980203846228,0.05968387662953318,0.2703246816826301,-685.5463574945793,0.0,0.23756674352509793,1276.6224953811493,1858.3976556890755,14.666666666666668,False,"SOC floor violated (min 0.060, unmet 0 Wh); did not refill (end SOC 0.270)"
4.5,0.52,1.6,0.28,0.4,0.0,0.20800000000000002,0.5194742222283792,1.0389484444567585,0.0,0.2308774320679487,0.5,5.828278724143716,0.8309107442799744,2,mixed,False,26+26+26+7+3+3,6,91,28,29,7,19x10E,11.459669631185527,1.8000759573352543,11.24952528668686,0.2846127877961369,9.558485428306236,11.470182513967483,11.660319493818905,125.93529135395387,130.1642876008437,2.614044690924357,0.0023736443056055472,0.610391522336225,-687.2625449416106,687.2625449416106,0.22593736068840778,2002.9766737876666,2938.7458769473637,15.416666666666668,False,"SOC floor violated (min 0.002, unmet 687 Wh); did not refill (end SOC 0.610)"
4.5,0.52,1.6,0.34,0.4,0.0,0.20800000000000002,0.5194742222283792,1.0389484444567585,0.0,0.2308774320679487,0.5,5.828278724143716,0.8309107442799744,2,mixed,False,26+26+26+7+3+3,6,91,28,29,7,19x10E,11.459669631185527,1.8000759573352543,11.24952528668686,0.2846127877961369,9.558485428306236,11.470182513967483,11.660319493818905,125.93529135395387,130.1642876008437,2.614044690924357,0.0023736443056055472,0.610391522336225,-687.2625449416106,687.2625449416106,0.22593736068840778,2002.9766737876666,2938.7458769473637,15.416666666666668,False,"SOC floor violated (min 0.002, unmet 687 Wh); did not refill (end SOC 0.610)"
4.5,0.36,1.3,0.28,1.0,1.0,0.36,2.25,1.0046813501725884,0.0,0.2232625222605752,0.5,5.753184294365145,0.5294803450413221,2,mixed,False,26+26+14,3,66,14,26,7,19x10E,10.336906961880883,1.6199999999999999,12.500000000000002,0.2907692307692308,9.569433872546123,11.483320647055347,11.673675412887347,113.58933667539324,117.34307168466961,2.9520328519207486,0.0061342967430403714,0.2646772159095719,-691.0018094313536,595.8688257466652,0.3085894742573565,1452.7083568130329,2633.358659026685,16.75,False,"SOC floor violated (min 0.006, unmet 596 Wh); did not refill (end SOC 0.265)"
4.5,0.36,1.3,0.34,1.0,1.0,0.36,2.25,1.0046813501725884,0.0,0.2232625222605752,0.5,5.753184294365145,0.5294803450413221,2,mixed,False,26+26+14,3,66,14,26,7,19x10E,10.336906961880883,1.6199999999999999,12.500000000000002,0.2907692307692308,9.569433872546123,11.483320647055347,11.673675412887347,113.58933667539324,117.34307168466961,2.9520328519207486,0.0061342967430403714,0.2646772159095719,-691.0018094313536,595.8688257466652,0.3085894742573565,1452.7083568130329,2633.358659026685,16.75,False,"SOC floor violated (min 0.006, unmet 596 Wh); did not refill (end SOC 0.265)"
4.5,0.36,1.3,0.28,0.4,0.5,0.144,1.3507978314067701,0.9031913256270812,0.0,0.20070918344207722,0.5,5.5014140994803595,0.2123407751020263,2,mixed,False,23+23+12+6,4,64,12,23,6,19x10E,10.030848652956234,1.4257723315838622,14.202828566258315,0.2974094929512588,10.04829083907382,12.057949006888583,12.257829174844101,109.02678991821561,113.3659823646526,3.0788161103482494,0.00995516628148338,0.2639808809318224,-691.6744690198594,533.8718200262882,0.08570823916939455,1408.686891455062,2528.463702644375,16.666666666666664,False,"SOC floor violated (min 0.010, unmet 534 Wh); did not refill (end SOC 0.264)"
4.5,0.3,1.6,0.34,0.6,0.0,0.18,0.3161633617503496,0.6323267235006992,0.0,0.14051704957561165,0.5,5.215096918171374,-0.2978948446902867,2,mixed,False,18+18,2,36,8,18,0,22x12E,9.20117938741872,1.117939603410042,18.113679789347824,0.3079336888338083,10.86828522566722,13.041942270800664,13.258133731725282,62.23722448970763,63.96063194083886,7.678810932878639,0.11702047708031281,0.25851649935421184,-696.9530616238313,0.0,0.175768179273561,792.3863764434722,1386.1880917736823,16.75,False,"SOC floor violated (min 0.117, unmet 0 Wh); did not refill (end SOC 0.259)"
4.0,0.3,1.6,0.28,0.4,0.5,0.12,1.1589138994069248,0.6356555976276993,0.0,0.14125679946670897,0.5,5.4099575574602845,0.04824341966003276,2,mixed,False,19+19+8,3,46,8,19,0,22x12E,9.262598897692785,1.0486045018932464,15.258374316639054,0.30078153597977814,11.259238515572022,13.511086218686426,13.73505450559075,71.22140098308776,73.34219822270036,7.592266284931732,0.01279577890409693,0.25773251862160457,-697.71038701153,0.0,0.13793566206926872,1012.4937032333256,1606.1032684077056,16.083333333333332,False,"SOC floor violated (min 0.013, unmet 0 Wh); did not refill (end SOC 0.258)"
4.0,0.3,1.6,0.34,0.4,0.5,0.12,1.1589138994069248,0.6356555976276993,0.0,0.14125679946670897,0.5,5.4099575574602845,0.04824341966003276,2,mixed,False,19+19+8,3,46,8,19,0,22x12E,9.262598897692785,1.0486045018932464,15.258374316639054,0.30078153597977814,11.259238515572022,13.511086218686426,13.73505450559075,71.22140098308776,73.34219822270036,7.592266284931732,0.01279577890409693,0.25773251862160457,-697.71038701153,0.0,0.13793566206926872,1012.4937032333256,1606.1032684077056,16.083333333333332,False,"SOC floor violated (min 0.013, unmet 0 Wh); did not refill (end SOC 0.258)"
4.5,0.4,1.3,0.28,1.0,1.0,0.4,2.25,1.1163126113028763,0.0,0.248069469178417,0.5,5.91825794910701,0.8267152646882581,2,mixed,False,26+26+24+13+13,5,102,24,39,8,19x10E,11.23189858808151,1.8,11.25,0.28461538461538466,9.463216663191746,11.355859995830095,11.54410189351511,128.6138524655978,132.78815279082562,2.6517261715856644,0.006403449467034831,0.80398138503709,-699.1142058497676,699.1142058497676,0.1864472871035474,2245.094733256504,3004.3011621013934,15.0,False,"SOC floor violated (min 0.006, unmet 699 Wh); did not refill (end SOC 0.804)"
4.5,0.4,1.3,0.34,1.0,1.0,0.4,2.25,1.1163126113028763,0.0,0.248069469178417,0.5,5.91825794910701,0.8267152646882581,2,mixed,False,26+26+24+13+13,5,102,24,39,8,19x10E,11.23189858808151,1.8,11.25,0.28461538461538466,9.463216663191746,11.355859995830095,11.54410189351511,128.6138524655978,132.78815279082562,2.6517261715856644,0.006403449467034831,0.80398138503709,-699.1142058497676,699.1142058497676,0.1864472871035474,2245.094733256504,3004.3011621013934,15.0,False,"SOC floor violated (min 0.006, unmet 699 Wh); did not refill (end SOC 0.804)"
4.5,0.45,1.6,0.28,0.4,0.5,0.18000000000000002,1.3804065640366652,1.0216262561466611,0.0,0.22702805685519814,0.5,5.8342442299953055,0.8134254062519215,2,mixed,False,26+26+21+7+6+6,6,92,21,32,7,19x10E,11.426357571296192,1.7902097722898995,11.31152355072766,0.28495009328064397,9.570847422158854,11.485016906590625,11.67539979069055,126.5044344404282,130.7695788079007,2.6200875480850625,0.009943600479957066,0.6317048518892494,-699.9243150124174,699.9243150124174,0.2971773204749676,2024.9874064666515,2952.7155823910666,15.416666666666668,False,"SOC floor violated (min 0.010, unmet 700 Wh); did not refill (end SOC 0.632)"
4.5,0.45,1.6,0.34,0.4,0.5,0.18000000000000002,1.3804065640366652,1.0216262561466611,0.0,0.22702805685519814,0.5,5.8342442299953055,0.8134254062519215,2,mixed,False,26+26+21+7+6+6,6,92,21,32,7,19x10E,11.426357571296192,1.7902097722898995,11.31152355072766,0.28495009328064397,9.570847422158854,11.485016906590625,11.67539979069055,126.5044344404282,130.7695788079007,2.6200875480850625,0.009943600479957066,0.6317048518892494,-699.9243150124174,699.9243150124174,0.2971773204749676,2024.9874064666515,2952.7155823910666,15.416666666666668,False,"SOC floor violated (min 0.010, unmet 700 Wh); did not refill (end SOC 0.632)"
4.5,0.36,1.3,0.28,0.6,0.5,0.216,1.3582788216710497,0.9331152866841987,0.0,0.20735895247435593,0.5,5.537864366622873,0.31901741406980433,2,mixed,False,24+24+14,3,62,14,24,7,19x10E,10.038993499313378,1.491592150320631,13.576097189601784,0.29515924277757216,9.82807566019457,11.793690792233482,11.989190449349328,106.01504010677513,109.8485828578972,3.0850352510608126,0.00923109421155508,0.2548684324547603,-700.4770942487015,493.2234210572671,0.353685000636459,1364.665426097091,2452.473609404166,16.666666666666664,False,"SOC floor violated (min 0.009, unmet 493 Wh); did not refill (end SOC 0.255)"
4.5,0.36,1.3,0.34,0.6,0.5,0.216,1.3582788216710497,0.9331152866841987,0.0,0.20735895247435593,0.5,5.537864366622873,0.31901741406980433,2,mixed,False,24+24+14,3,62,14,24,0,19x10E,10.038993499313378,1.491592150320631,13.576097189601784,0.29515924277757216,9.82807566019457,11.793690792233482,11.989190449349328,106.01504010677513,109.8485828578972,3.0850352510608126,0.00923109421155508,0.2548684324547603,-700.4770942487015,493.2234210572671,0.353685000636459,1364.665426097091,2452.473609404166,16.666666666666664,False,"SOC floor violated (min 0.009, unmet 493 Wh); did not refill (end SOC 0.255)"
4.5,0.3,1.3,0.34,0.4,0.0,0.12,0.3211396626139514,0.6422793252279028,0.0,0.14272873875652625,0.5,5.122273290672699,-0.4875456443535535,2,mixed,False,17+17,2,34,8,17,0,22x12E,8.750130673339102,1.0028051392705113,20.193354827370374,0.31186990989156993,11.190447218253823,13.428536661904587,13.651136555289847,60.62658788878696,62.42331146104843,8.119984067711583,0.13375251203593672,0.25296255748582513,-702.3181694686929,0.0,0.24100386962460618,748.3649110855014,1347.6151743367154,17.0,False,"SOC floor violated (min 0.134, unmet 0 Wh); did not refill (end SOC 0.253)"
4.5,0.45,1.6,0.28,0.6,0.5,0.27,1.3885530521498692,1.0542122085994765,0.0,0.23426937968321887,0.5,5.882447469352609,0.9431773150330671,2,mixed,False,26+26+24+8+8+8,6,100,24,34,8,19x10E,11.649305119996367,1.8699395493869768,10.829227076692701,0.28222428891190554,9.45550385393716,11.346604624724591,11.534693099540593,128.82322722689437,132.995368994822,2.5555193571105344,0.001764225626617726,0.7581332646314775,-703.3932238264866,703.3932238264866,0.3315717678395368,2201.0732678985332,3008.959050876163,15.083333333333332,False,"SOC floor violated (min 0.002, unmet 703 Wh); did not refill (end SOC 0.758)"
4.5,0.45,1.6,0.34,0.6,0.5,0.27,1.3885530521498692,1.0542122085994765,0.0,0.23426937968321887,0.5,5.882447469352609,0.9431773150330671,2,mixed,False,26+26+24+8+8+8,6,100,24,34,8,19x10E,11.649305119996367,1.8699395493869768,10.829227076692701,0.28222428891190554,9.45550385393716,11.346604624724591,11.534693099540593,128.82322722689437,132.995368994822,2.5555193571105344,0.001764225626617726,0.7581332646314775,-703.3932238264866,703.3932238264866,0.3315717678395368,2201.0732678985332,3008.959050876163,15.083333333333332,False,"SOC floor violated (min 0.002, unmet 703 Wh); did not refill (end SOC 0.758)"
6.0,0.3,1.6,0.34,0.6,0.0,0.18,0.36332022724263985,0.7266404544852797,0.0,0.16147565650517803,0.5,4.987310580013602,-0.7655516144735048,2,mixed,False,26+26,2,52,10,26,0,19x10E,9.980517330150754,1.4835984272691167,24.265326343238158,0.3176231071964119,9.825774516995342,11.79092942039441,11.986383303268992,83.55234916352832,86.58762776922597,3.2085963916001794,0.0038684917232892435,0.2516280859801467,-703.6072689431783,165.5063760051441,0.22182655375449536,1144.5580993072372,1908.7797891188366,16.25,False,"SOC floor violated (min 0.004, unmet 166 Wh); did not refill (end SOC 0.252)"
4.5,0.52,1.3,0.28,0.4,0.0,0.20800000000000002,0.5824051384167303,1.1648102768334605,0.0,0.2588467281033739,0.5,5.847054890090079,0.8630614609511347,2,mixed,False,26+26+26+8+6+1+1,7,94,32,27,8,19x10E,11.472350666980434,1.8197104031860198,11.128144327001435,0.28394152470502365,9.512036693540306,11.414444032248367,11.60365705587131,127.75977191907047,131.99462853112033,2.6018466706691914,0.001634747254705339,0.6511669349816561,-705.0401875754227,705.0401875754227,0.08980284199050222,2069.0088718246216,2982.936616695461,15.333333333333332,False,"SOC floor violated (min 0.002, unmet 705 Wh); did not refill (end SOC 0.651)"
4.5,0.52,1.3,0.34,0.4,0.0,0.20800000000000002,0.5824051384167303,1.1648102768334605,0.0,0.2588467281033739,0.5,5.847054890090079,0.8630614609511347,2,mixed,False,26+26+26+8+6+1+1,7,94,32,27,8,19x10E,11.472350666980434,1.8197104031860198,11.128144327001435,0.28394152470502365,9.512036693540306,11.414444032248367,11.60365705587131,127.75977191907047,131.99462853112033,2.6018466706691914,0.001634747254705339,0.6511669349816561,-705.0401875754227,705.0401875754227,0.08980284199050222,2069.0088718246216,2982.936616695461,15.333333333333332,False,"SOC floor violated (min 0.002, unmet 705 Wh); did not refill (end SOC 0.651)"
5.0,0.3,1.6,0.34,0.4,0.5,0.12,1.42721258952334,0.7088503580933608,0.0,0.1575223016286094,0.5,5.168540633512907,-0.3930076167061711,2,mixed,False,26+26,2,52,10,26,0,17x12E,9.611607672215438,1.3068982661142012,19.129262505131685,0.3099628173489449,10.273669158212794,12.328402989855352,12.532766373613883,85.65889090576123,87.95421603835987,2.9758686620619086,0.005169938095595557,0.24232902959455013,-712.5901574116646,201.11763306498003,0.33433950426762016,1144.5580993072372,1953.2195973271319,16.416666666666668,False,"SOC floor violated (min 0.005, unmet 201 Wh); did not refill (end SOC 0.242)"
4.0,0.3,1.3,0.34,0.6,0.0,0.18,0.3327984198905627,0.6655968397811254,0.0,0.14791040860603513,0.5,5.338715797330054,-0.05517216118131385,2,mixed,False,16+16+10,3,42,10,16,0,22x12E,8.92008377894894,0.9999358103868674,16.001027099739257,0.3028873929673744,11.314799301884202,13.577759162261042,13.802832661930173,68.34378601976363,70.42268054573715,7.9099674711782475,0.04286665489705788,0.2393835479873866,-715.4354926441846,0.0,0.11848931656641662,924.4507725173842,1536.1890558401356,16.333333333333336,False,"SOC floor violated (min 0.043, unmet 0 Wh); did not refill (end SOC 0.239)"
6.0,0.3,1.3,0.34,0.6,0.0,0.18,0.4044425740935926,0.8088851481871852,0.0,0.1797522550592151,0.5,4.990129368347059,-0.7616445790496325,2,mixed,False,25+25,2,50,12,25,0,19x10E,9.784783765703454,1.488533108891231,24.18488361795019,0.31752820949521565,9.712808274752176,11.65536992970261,11.848576692959089,81.5064211869352,84.33328077470728,3.2797139942763875,0.005289112911166507,0.23539455569049256,-719.2888592029841,142.6179894007953,0.09966235057341777,1100.5366339492666,1857.82669865937,16.333333333333336,False,"SOC floor violated (min 0.005, unmet 143 Wh); did not refill (end SOC 0.235)"
4.5,0.45,1.3,0.28,0.6,0.5,0.27,1.4181536279394673,1.172614511757869,0.0,0.26058100260198314,0.49999999999999994,5.8871181027388255,0.9517817379492959,2,mixed,False,26+26+26+9+6+6+1,7,100,27,32,9,19x10E,11.60951570292096,1.8752676530291041,10.798458538593328,0.2820421315239947,9.425922609124552,11.31110713094946,11.498607176919586,129.77555025057558,133.947384067277,2.5590924998815465,0.004401621011157757,0.7522991162846488,-720.132656184979,720.132656184979,0.25223717846828697,2201.0732678985332,3031.4644047280153,15.166666666666666,False,"SOC floor violated (min 0.004, unmet 720 Wh); did not refill (end SOC 0.752)"
4.5,0.45,1.3,0.34,0.6,0.5,0.27,1.4181536279394673,1.172614511757869,0.0,0.26058100260198314,0.49999999999999994,5.8871181027388255,0.9517817379492959,2,mixed,False,26+26+26+9+6+6+1,7,100,27,32,9,19x10E,11.60951570292096,1.8752676530291041,10.798458538593328,0.2820421315239947,9.425922609124552,11.31110713094946,11.498607176919586,129.77555025057558,133.947384067277,2.5590924998815465,0.004401621011157757,0.7522991162846488,-720.132656184979,720.132656184979,0.25223717846828697,2201.0732678985332,3031.4644047280153,15.166666666666666,False,"SOC floor violated (min 0.004, unmet 720 Wh); did not refill (end SOC 0.752)"
4.5,0.4,1.6,0.28,1.0,1.0,0.4,2.25,1.0062305898749055,0.0,0.22360679774997902,0.5,5.918445163025145,0.8270590339046371,2,mixed,False,26+26+21+13+13,5,99,21,39,7,19x10E,11.373051410537636,1.8,11.25,0.28461538461538466,9.52249378479712,11.426992541756544,11.61641357738772,129.86248922924534,134.15990312542672,2.617111418429828,0.001961698111365982,0.7287112712663996,-722.2919589058683,722.2919589058683,0.12038206511506169,2179.0625352195498,3034.6602309181726,15.166666666666666,False,"SOC floor violated (min 0.002, unmet 722 Wh); did not refill (end SOC 0.729)"
4.5,0.4,1.6,0.34,1.0,1.0,0.4,2.25,1.0062305898749055,0.0,0.22360679774997902,0.5,5.918445163025145,0.8270590339046371,2,mixed,False,26+26+21+13+13,5,99,21,39,7,19x10E,11.373051410537636,1.8,11.25,0.28461538461538466,9.52249378479712,11.426992541756544,11.61641357738772,129.86248922924534,134.15990312542672,2.617111418429828,0.001961698111365982,0.7287112712663996,-722.2919589058683,722.2919589058683,0.12038206511506169,2179.0625352195498,3034.6602309181726,15.166666666666666,False,"SOC floor violated (min 0.002, unmet 722 Wh); did not refill (end SOC 0.729)"
4.5,0.52,1.6,0.28,0.4,0.0,0.20800000000000002,0.5194742222283792,1.0389484444567585,0.0,0.2308774320679487,0.5,5.828440058527721,0.8312069925253671,2,mixed,False,26+26+26+7+3+3+2,7,93,28,29,7,19x10E,11.583669631185527,1.8000759573352543,11.24952528668686,0.2846127877961369,9.610060351036717,11.53207242124406,11.723235327233843,128.49811668652967,132.9127911024953,2.5787702316541368,0.004534346895320675,0.6268332680158671,-722.4247416824154,722.4247416824154,0.2402571896333872,2046.998139145637,3001.8474225470773,15.416666666666668,False,"SOC floor violated (min 0.005, unmet 722 Wh); did not refill (end SOC 0.627)"
4.5,0.52,1.6,0.34,0.4,0.0,0.20800000000000002,0.5194742222283792,1.0389484444567585,0.0,0.2308774320679487,0.5,5.828440058527721,0.8312069925253671,2,mixed,False,26+26+26+7+3+3+2,7,93,28,29,7,19x10E,11.583669631185527,1.8000759573352543,11.24952528668686,0.2846127877961369,9.610060351036717,11.53207242124406,11.723235327233843,128.49811668652967,132.9127911024953,2.5787702316541368,0.004534346895320675,0.6268332680158671,-722.4247416824154,722.4247416824154,0.2402571896333872,2046.998139145637,3001.8474225470773,15.416666666666668,False,"SOC floor violated (min 0.005, unmet 722 Wh); did not refill (end SOC 0.627)"
4.5,0.36,1.6,0.28,0.6,0.0,0.216,0.38213259298716656,0.7642651859743331,0.0,0.16983670798193184,0.5,5.417519051712334,0.08808009096241776,2,mixed,False,23+23+10,3,56,10,23,0,17x12E,9.859217855401887,1.3510270933901518,14.988596527095828,0.2999648857027826,10.23381711631275,12.280580539575299,12.484151188235304,96.39405306694229,98.86497048310287,2.842331479362444,0.006914575252392042,0.23162674352711285,-722.9285657528089,361.0391015556371,0.10251671643723506,1232.601030023179,2211.3714248737774,16.75,False,"SOC floor violated (min 0.007, unmet 361 Wh); did not refill (end SOC 0.232)"
4.5,0.36,1.6,0.34,0.6,0.0,0.216,0.38213259298716656,0.7642651859743331,0.0,0.16983670798193184,0.5,5.417519051712334,0.08808009096241776,2,mixed,False,23+23+10,3,56,10,23,0,17x12E,9.859217855401887,1.3510270933901518,14.988596527095828,0.2999648857027826,10.23381711631275,12.280580539575299,12.484151188235304,96.39405306694229,98.86497048310287,2.842331479362444,0.006914575252392042,0.23162674352711285,-722.9285657528089,361.0391015556371,0.10251671643723506,1232.601030023179,2211.3714248737774,16.75,False,"SOC floor violated (min 0.007, unmet 361 Wh); did not refill (end SOC 0.232)"
4.5,0.36,1.6,0.28,0.6,0.5,0.216,1.334833955011557,0.8393358200462289,0.0,0.186519071053231,0.5,5.5351597915845705,0.31398014260794316,2,mixed,False,25+25+12,3,62,12,25,0,19x10E,10.217173370219303,1.4882160895216643,13.606894954689452,0.2952746636392945,9.926149979469573,11.911379975363486,12.108830522608088,108.43345840419089,112.52498318031134,3.02289952673888,0.001246313715352101,0.2277293611093381,-726.6934371683794,526.2812696524684,0.2868355163231631,1364.6654260970913,2511.725595929441,16.833333333333332,False,"SOC floor violated (min 0.001, unmet 526 Wh); did not refill (end SOC 0.228)"
4.5,0.36,1.6,0.34,0.6,0.5,0.216,1.334833955011557,0.8393358200462289,0.0,0.186519071053231,0.5,5.5351597915845705,0.31398014260794316,2,mixed,False,25+25+12,3,62,12,25,0,19x10E,10.217173370219303,1.4882160895216643,13.606894954689452,0.2952746636392945,9.926149979469573,11.911379975363486,12.108830522608088,108.43345840419089,112.52498318031134,3.02289952673888,0.001246313715352101,0.2277293611093381,-726.6934371683794,526.2812696524684,0.2868355163231631,1364.6654260970913,2511.725595929441,16.833333333333332,False,"SOC floor violated (min 0.001, unmet 526 Wh); did not refill (end SOC 0.228)"
4.0,0.36,1.6,0.28,0.4,0.0,0.144,0.33049322809804865,0.6609864561960973,0.0,0.14688587912555987,0.5,5.430070125385483,0.11354619529052057,2,mixed,False,17+17+10,3,44,10,17,0,22x12E,9.32320049850111,1.0793865372691784,14.823234724123584,0.29944962100181677,11.13377557046722,13.360530684560663,13.582003267972585,70.64790658240608,72.67746107293766,7.538943747704336,0.013301262510666068,0.2274823527647416,-726.9320472292596,0.0,0.2858649238601636,968.4722378753551,1591.2788052793742,16.25,False,"SOC floor violated (min 0.013, unmet 0 Wh); did not refill (end SOC 0.227)"
4.0,0.36,1.6,0.34,0.4,0.0,0.144,0.33049322809804865,0.6609864561960973,0.0,0.14688587912555987,0.5,5.430070125385483,0.11354619529052057,2,mixed,False,17+17+10,3,44,10,17,0,22x12E,9.32320049850111,1.0793865372691784,14.823234724123584,0.29944962100181677,11.13377557046722,13.360530684560663,13.582003267972585,70.64790658240608,72.67746107293766,7.538943747704336,0.013301262510666068,0.2274823527647416,-726.9320472292596,0.0,0.2858649238601636,968.4722378753551,1591.2788052793742,16.25,False,"SOC floor violated (min 0.013, unmet 0 Wh); did not refill (end SOC 0.227)"
4.0,0.3,1.3,0.28,0.6,0.5,0.18,1.1828288891427603,0.7313155565710412,0.0,0.16251456807266682,0.5,5.448596295243599,0.15689388514984826,2,mixed,False,20+20,2,40,10,20,0,22x12E,9.00421288159742,1.1019394666971312,14.519853842749795,0.2984737731062513,10.82910232549919,12.994922790599027,13.210334826963587,67.13927910471565,68.91607823374187,7.801876465740295,0.05359619361341683,0.2267801836088107,-727.6103426338889,0.0,0.0884106591804444,880.4293071594137,1504.5206253867839,16.583333333333332,False,"SOC floor violated (min 0.054, unmet 0 Wh); did not refill (end SOC 0.227)"
4.0,0.3,1.3,0.34,0.6,0.5,0.18,1.1828288891427603,0.7313155565710412,0.0,0.16251456807266682,0.5,5.448596295243599,0.15689388514984826,2,mixed,False,20+20,2,40,10,20,0,22x12E,9.00421288159742,1.1019394666971312,14.519853842749795,0.2984737731062513,10.82910232549919,12.994922790599027,13.210334826963587,67.13927910471565,68.91607823374187,7.801876465740295,0.05359619361341683,0.2267801836088107,-727.6103426338889,0.0,0.0884106591804444,880.4293071594137,1504.5206253867839,16.583333333333332,False,"SOC floor violated (min 0.054, unmet 0 Wh); did not refill (end SOC 0.227)"
5.5,0.36,1.6,0.34,0.4,0.0,0.144,0.3835149184829639,0.7670298369659277,0.0,0.17045107469062548,0.5,5.102507776404336,-0.5151188994498284,2,mixed,False,26+26,2,52,10,26,0,19x10E,9.97666322101407,1.4688392223923201,20.594493623836772,0.31253769113992846,9.87310998097956,11.847731977175473,12.044127455057895,87.39442756962765,90.64429631968426,3.192071076213277,0.004861600202982366,0.22192107415487064,-732.304242366395,229.64728198981578,0.21891927924105659,1144.5580993072374,2001.5694549006505,16.583333333333332,False,"SOC floor violated (min 0.005, unmet 230 Wh); did not refill (end SOC 0.222)"
4.5,0.4,1.3,0.28,1.0,1.0,0.4,2.25,1.1163126113028763,0.0,0.248069469178417,0.5,5.918485766817881,0.8271335921113581,2,mixed,False,26+26+24+13+13+8,6,110,24,39,8,19x10E,11.40389858808151,1.8,11.25,0.28461538461538466,9.535398990974226,11.442478789169071,11.63215653460488,132.2929720483329,136.72391324073098,2.6013216328354396,0.007822220022149181,0.9271297258469371,-734.6089148061857,734.6089148061857,0.31332341391504787,2421.180594688388,3095.648290090295,14.833333333333334,False,"SOC floor violated (min 0.008, unmet 735 Wh); did not refill (end SOC 0.927)"
4.5,0.4,1.3,0.34,1.0,1.0,0.4,2.25,1.1163126113028763,0.0,0.248069469178417,0.5,5.918485766817881,0.8271335921113581,2,mixed,False,26+26+24+13+13+8,6,110,24,39,8,19x10E,11.40389858808151,1.8,11.25,0.28461538461538466,9.535398990974226,11.442478789169071,11.63215653460488,132.2929720483329,136.72391324073098,2.6013216328354396,0.007822220022149181,0.9271297258469371,-734.6089148061857,734.6089148061857,0.31332341391504787,2421.180594688388,3095.648290090295,14.833333333333334,False,"SOC floor violated (min 0.008, unmet 735 Wh); did not refill (end SOC 0.927)"
4.5,0.36,1.6,0.28,1.0,1.0,0.36,2.25,0.9056075308874147,0.0,0.20124611797498104,0.5,5.753416622227329,0.529906954173387,2,mixed,False,26+26+12,3,64,12,26,6,19x10E,10.498359617476012,1.6199999999999999,12.500000000000002,0.2907692307692308,9.6438770438625,11.572652452635,11.76448803881985,115.4147368197931,119.34274761618505,2.902345549314842,0.0009170105323651704,0.21262978162641344,-741.2796309488846,633.1788191140575,0.16788587620704237,1408.6868914550619,2677.1224250167525,17.083333333333336,False,"SOC floor violated (min 0.001, unmet 633 Wh); did not refill (end SOC 0.213)"
4.5,0.36,1.6,0.34,1.0,1.0,0.36,2.25,0.9056075308874147,0.0,0.20124611797498104,0.5,5.753416622227329,0.529906954173387,2,mixed,False,26+26+12,3,64,12,26,0,19x10E,10.498359617476012,1.6199999999999999,12.500000000000002,0.2907692307692308,9.6438770438625,11.572652452635,11.76448803881985,115.4147368197931,119.34274761618505,2.902345549314842,0.0009170105323651704,0.21262978162641344,-741.2796309488846,633.1788191140575,0.16788587620704237,1408.6868914550619,2677.1224250167525,17.083333333333336,False,"SOC floor violated (min 0.001, unmet 633 Wh); did not refill (end SOC 0.213)"
4.0,0.36,1.6,0.28,0.6,0.5,0.216,1.1980636454752494,0.7922545819009975,0.0,0.1760565736713846,0.49999999999999994,5.704820371707404,0.6214368745917591,2,mixed,False,22+22+12,3,56,12,22,0,18x12E,9.8342917879938,1.3245211649484359,12.079837169399166,0.28884283425156393,10.322634326714628,12.387161192057553,12.592498588835896,99.19911483856201,101.77217739926199,3.532956338665315,0.007473035398106988,0.21112769738644785,-742.7306443246913,409.044004313207,0.2362924538381037,1232.6010300231787,2279.0046159304507,16.916666666666668,False,"SOC floor violated (min 0.007, unmet 409 Wh); did not refill (end SOC 0.211)"
4.0,0.36,1.6,0.34,0.6,0.5,0.216,1.1980636454752494,0.7922545819009975,0.0,0.1760565736713846,0.49999999999999994,5.704820371707404,0.6214368745917591,2,mixed,False,22+22+12,3,56,12,22,0,18x12E,9.8342917879938,1.3245211649484359,12.079837169399166,0.28884283425156393,10.322634326714628,12.387161192057553,12.592498588835896,99.19911483856201,101.77217739926199,3.532956338665315,0.007473035398106988,0.21112769738644785,-742.7306443246913,409.044004313207,0.2362924538381037,1232.6010300231787,2279.0046159304507,16.916666666666668,False,"SOC floor violated (min 0.007, unmet 409 Wh); did not refill (end SOC 0.211)"
4.0,0.36,1.6,0.28,0.4,0.5,0.144,1.1916324633003623,0.7665298532014491,0.0,0.17033996735780524,0.5,5.660037093153809,0.49978638137329856,2,mixed,False,21+21+10,3,52,10,21,0,19x12E,9.703490668456137,1.2653926120728782,12.644296993160022,0.29140128121906755,10.490587204991382,12.588704645989658,12.79738295417833,90.62064743812965,93.01394806779567,4.392773400611915,0.009741383913165572,0.2095690579895536,-744.2362899820912,288.17322380905546,0.15519527583044615,1144.5580993072374,2072.04752636105,16.833333333333332,False,"SOC floor violated (min 0.010, unmet 288 Wh); did not refill (end SOC 0.210)"
4.0,0.36,1.6,0.34,0.4,0.5,0.144,1.1916324633003623,0.7665298532014491,0.0,0.17033996735780524,0.5,5.660037093153809,0.49978638137329856,2,mixed,False,21+21+10,3,52,10,21,0,19x12E,9.703490668456137,1.2653926120728782,12.644296993160022,0.29140128121906755,10.490587204991382,12.588704645989658,12.79738295417833,90.62064743812965,93.01394806779567,4.392773400611915,0.009741383913165572,0.2095690579895536,-744.2362899820912,288.17322380905546,0.15519527583044615,1144.5580993072374,2072.04752636105,16.833333333333332,False,"SOC floor violated (min 0.010, unmet 288 Wh); did not refill (end SOC 0.210)"
4.5,0.3,1.6,0.34,0.6,0.5,0.18,1.2993035492544234,0.6972141970176933,0.0,0.15493648820194625,0.5,5.311194546687284,-0.10258126009874768,2,mixed,False,23+23,2,46,10,23,0,19x12E,9.459696659405038,1.2359164259105309,16.38460301640648,0.3039002931458739,10.480753390608445,12.576904068730133,12.785386763107267,77.31788106899077,79.31438060539634,4.587897576698476,0.007981409052046296,0.20663549483667903,-747.070111987768,95.19414258682063,0.09659803834141437,1012.4937032333255,1750.4365172174491,16.583333333333332,False,"SOC floor violated (min 0.008, unmet 95 Wh); did not refill (end SOC 0.207)"
5.5,0.36,1.3,0.34,0.4,0.0,0.144,0.4282951994852384,0.8565903989704768,0.0,0.19035342196793142,0.49999999999999994,5.108251349723283,-0.5050524385243618,2,mixed,False,25+25,2,50,12,25,0,19x10E,9.792288732923275,1.4785117630888114,20.459762820421293,0.31231632329882947,9.749406136960472,11.699287364352566,11.89322213070551,85.23450365845366,88.24610717876955,3.2597954938682485,0.005320640202461952,0.20618325392139478,-747.5069767119326,204.3421739277084,0.09371510715236533,1100.5366339492666,1947.713180285211,16.666666666666664,False,"SOC floor violated (min 0.005, unmet 204 Wh); did not refill (end SOC 0.206)"
4.0,0.4,1.3,0.28,0.4,0.5,0.16000000000000003,1.2378385233258826,0.95135409330353,0.0,0.21141202065549464,0.5,5.835451898489365,0.8151155373411729,2,mixed,False,26+26+21,3,73,21,26,7,19x10E,10.003230973808956,1.417081245598212,11.290813458790572,0.28483783075190194,10.065172501864456,12.078207002237347,12.278422979500933,124.87422993187316,129.96060621067983,3.0187683578054525,0.005608232611130096,0.2902967587561361,-747.6033829884661,747.6033829884661,0.3126424565675118,1606.78348556593,2913.85774638631,16.75,False,"SOC floor violated (min 0.006, unmet 748 Wh); did not refill (end SOC 0.290)"
4.0,0.4,1.3,0.34,0.4,0.5,0.16000000000000003,1.2378385233258826,0.95135409330353,0.0,0.21141202065549464,0.5,5.835451898489365,0.8151155373411729,2,mixed,False,26+26+21,3,73,21,26,0,19x10E,10.003230973808956,1.417081245598212,11.290813458790572,0.28483783075190194,10.065172501864456,12.078207002237347,12.278422979500933,124.87422993187316,129.96060621067983,3.0187683578054525,0.005608232611130096,0.2902967587561361,-747.6033829884661,747.6033829884661,0.3126424565675118,1606.78348556593,2913.85774638631,16.75,False,"SOC floor violated (min 0.006, unmet 748 Wh); did not refill (end SOC 0.290)"
4.5,0.3,1.6,0.34,0.4,0.0,0.12,0.28771221945048153,0.5754244389009631,0.0,0.12787209744810138,0.5,5.116769787297906,-0.49670958590861125,2,mixed,False,17+17,2,34,8,17,0,22x12E,8.949472492931504,0.9967881995010865,20.31524852534927,0.312075617175238,11.351303199152397,13.621563838982876,13.847363472601932,62.53195554609627,64.4882600385032,7.932667204847047,0.09978852762164298,0.20498224327694628,-748.6671529944699,0.0,0.09639539965425215,748.3649110855013,1393.9719884300705,17.25,False,"SOC floor violated (min 0.100, unmet 0 Wh); did not refill (end SOC 0.205)"
5.5,0.3,1.6,0.34,0.4,0.5,0.12,1.5606728476146494,0.742691390458597,0.0,0.16504253107055344,0.5,5.085649949520811,-0.5524568818118958,2,mixed,False,26+26+10+2,4,64,10,28,0,16x12E,10.158881612130669,1.4359211125706368,21.066616915914956,0.3132910617154162,10.076416453008255,12.091699743609906,12.292139385064658,122.38865482174164,94.09721033928224,2.2683223038572122,0.0017623216333781597,0.3777408565450694,-754.5858258878397,754.5858258878397,2.4558214653506703,1408.686891455062,2635.7909469593515,17.583333333333332,False,"SOC floor violated (min 0.002, unmet 755 Wh); did not refill (end SOC 0.378)"
5.5,0.3,1.3,0.34,0.6,0.0,0.18,0.3878193054161349,0.7756386108322698,0.0,0.1723641356264474,0.5,5.051810780047727,-0.6330940153732016,2,mixed,False,24+24+10,3,58,10,24,0,16x12E,9.665662424186909,1.366538316649936,22.13622525723082,0.3148789705667194,10.075192534051386,12.090231040861662,12.29064633617332,119.7249304557576,90.63510372876924,2.40067406200461,0.005163344845685747,0.288540387252275,-755.2245390336307,755.2245390336307,2.5496966519563586,1276.622495381149,2590.980131712489,18.416666666666668,False,"SOC floor violated (min 0.005, unmet 755 Wh); did not refill (end SOC 0.289)"
4.5,0.4,1.6,0.28,1.0,1.0,0.4,2.25,1.0062305898749055,0.0,0.22360679774997902,0.5,5.918659783276929,0.8274531276585058,2,mixed,False,26+26+21+13+13+7,6,106,21,39,7,19x10E,11.537051410537636,1.8,11.25,0.28461538461538466,9.590905473306286,11.509086567967543,11.699868445955724,133.40945110703748,137.9597117724132,2.5698883468122142,0.004150408203771553,0.8331915531744282,-758.2672950217686,758.2672950217686,0.19674390869042685,2333.1376639724463,3122.7791725572733,15.0,False,"SOC floor violated (min 0.004, unmet 758 Wh); did not refill (end SOC 0.833)"
4.5,0.4,1.6,0.34,1.0,1.0,0.4,2.25,1.0062305898749055,0.0,0.22360679774997902,0.5,5.918659783276929,0.8274531276585058,2,mixed,False,26+26+21+13+13+7,6,106,21,39,7,19x10E,11.537051410537636,1.8,11.25,0.28461538461538466,9.590905473306286,11.509086567967543,11.699868445955724,133.40945110703748,137.9597117724132,2.5698883468122142,0.004150408203771553,0.8331915531744282,-758.2672950217686,758.2672950217686,0.19674390869042685,2333.1376639724463,3122.7791725572733,15.0,False,"SOC floor violated (min 0.004, unmet 758 Wh); did not refill (end SOC 0.833)"
4.5,0.52,1.3,0.28,0.6,0.0,0.312,0.6284588974595883,1.2569177949191765,0.0,0.27931506551340907,0.5,6.007681658915349,1.1612596942231597,2,mixed,False,26+26+26+10+9+5,6,102,36,31,9,19x10E,11.811076674265227,2.0027194506715946,10.111251475192562,0.27768480511264293,9.19990061586227,11.039880739034723,11.222884765263935,133.0076242850885,137.06371863061477,2.4902804244985206,0.0017552632407991757,0.7606865960445064,-760.9834491263698,760.9834491263698,0.2208330152049669,2245.094733256504,3108.011816227592,15.166666666666666,False,"SOC floor violated (min 0.002, unmet 761 Wh); did not refill (end SOC 0.761)"
4.5,0.52,1.3,0.34,0.6,0.0,0.312,0.6284588974595883,1.2569177949191765,0.0,0.27931506551340907,0.5,6.007681658915349,1.1612596942231597,2,mixed,False,26+26+26+10+9+5,6,102,36,31,9,19x10E,11.811076674265227,2.0027194506715946,10.111251475192562,0.27768480511264293,9.19990061586227,11.039880739034723,11.222884765263935,133.0076242850885,137.06371863061477,2.4902804244985206,0.0017552632407991757,0.7606865960445064,-760.9834491263698,760.9834491263698,0.2208330152049669,2245.094733256504,3108.011816227592,15.166666666666666,False,"SOC floor violated (min 0.002, unmet 761 Wh); did not refill (end SOC 0.761)"
4.5,0.36,1.6,0.28,0.4,0.5,0.144,1.3279157997136048,0.8116631988544195,0.0,0.18036959972990377,0.5,5.496576574488277,0.20437960482538164,2,mixed,False,24+24+12,3,60,12,24,0,19x10E,10.06911736704795,1.4208298127381387,14.252234728222238,0.2975784679484564,10.08493539017915,12.101922468214978,12.302531568000484,108.76146786037327,113.15061221281394,3.068853707041341,0.0010116695985655962,0.19078375625167399,-762.3828914608829,543.4032840267213,0.2762869791789164,1320.64396073912,2520.633477086677,17.083333333333336,False,"SOC floor violated (min 0.001, unmet 543 Wh); did not refill (end SOC 0.191)"
4.5,0.36,1.6,0.34,0.4,0.5,0.144,1.3279157997136048,0.8116631988544195,0.0,0.18036959972990377,0.5,5.496576574488277,0.20437960482538164,2,mixed,False,24+24+12,3,60,12,24,0,19x10E,10.06911736704795,1.4208298127381387,14.252234728222238,0.2975784679484564,10.08493539017915,12.101922468214978,12.302531568000484,108.76146786037327,113.15061221281394,3.068853707041341,0.0010116695985655962,0.19078375625167399,-762.3828914608829,543.4032840267213,0.2762869791789164,1320.64396073912,2520.633477086677,17.083333333333336,False,"SOC floor violated (min 0.001, unmet 543 Wh); did not refill (end SOC 0.191)"
4.5,0.36,1.3,0.28,0.4,0.5,0.144,1.3507978314067701,0.9031913256270812,0.0,0.20070918344207722,0.5,5.5011791348100205,0.21190932416398,2,mixed,False,23+23+12,3,58,12,23,6,19x10E,9.874848652956233,1.4257723315838622,14.202828566258315,0.2974094929512588,9.969849031118521,11.963818837342226,12.162138644237347,105.7423271802022,109.7920219154031,3.140916161485733,0.009435403055448727,0.1901641546904118,-762.9814265690621,511.3923474464599,0.19822795048134859,1276.6224953811497,2445.4887663487257,17.166666666666668,False,"SOC floor violated (min 0.009, unmet 511 Wh); did not refill (end SOC 0.190)"
4.5,0.36,1.3,0.34,0.4,0.5,0.144,1.3507978314067701,0.9031913256270812,0.0,0.20070918344207722,0.5,5.5011791348100205,0.21190932416398,2,mixed,False,23+23+12,3,58,12,23,0,19x10E,9.874848652956233,1.4257723315838622,14.202828566258315,0.2974094929512588,9.969849031118521,11.963818837342226,12.162138644237347,105.7423271802022,109.7920219154031,3.140916161485733,0.009435403055448727,0.1901641546904118,-762.9814265690621,511.3923474464599,0.19822795048134859,1276.6224953811497,2445.4887663487257,17.166666666666668,False,"SOC floor violated (min 0.009, unmet 511 Wh); did not refill (end SOC 0.190)"
4.0,0.3,1.6,0.34,0.6,0.0,0.18,0.298732218071772,0.597464436143544,0.0,0.13276987457934858,0.5,5.334819876357821,-0.06306843686357455,2,mixed,False,17+17+8,3,42,8,17,0,22x12E,9.122951332202684,0.9958478661686126,16.06671113486219,0.30306427510528194,11.466203089318215,13.759443707181857,13.987528924460085,70.58236355318459,72.82033198356109,7.723911013227011,0.009887386244366005,0.18811716534343853,-764.9588182782383,5.17293835375042,0.2422142328535545,924.450772517384,1590.5749911350558,16.583333333333332,False,"SOC floor violated (min 0.010, unmet 5 Wh); did not refill (end SOC 0.188)"
5.0,0.3,1.3,0.34,0.6,0.5,0.18,1.4540034507457689,0.8160138029830752,0.0,0.1813364006269029,0.5,5.210454067667822,-0.30442909872768276,2,mixed,False,26+26,2,52,12,26,0,19x10E,9.581968306082937,1.3744804140894922,18.18869133654476,0.3080913116286506,10.002453393160797,12.002944071792957,12.201912443251489,92.26187384449064,95.88589842602597,3.3016305107394177,0.004766170826167626,0.18414157962393995,-768.799234083274,311.7016874682656,0.29943557261035636,1144.5580993072374,2119.9551463869866,16.916666666666668,False,"SOC floor violated (min 0.005, unmet 312 Wh); did not refill (end SOC 0.184)"
5.5,0.3,1.3,0.34,0.4,0.0,0.12,0.3529443121020869,0.7058886242041738,0.0,0.15686413860488777,0.5,4.972571053471344,-0.7970330590218178,2,mixed,False,21+21,2,42,10,21,0,18x12E,9.16567584008234,1.2185299761783757,24.8249945355237,0.31826631974748937,10.389929180847378,12.467915017016853,12.674591040130963,71.4631847138524,73.37159114497604,3.9660885434807733,0.009487659303746572,0.1837165182239178,-769.2098433956954,19.428123718049743,0.1503377059510633,924.450772517384,1609.111413627369,16.666666666666664,False,"SOC floor violated (min 0.009, unmet 19 Wh); did not refill (end SOC 0.184)"
4.0,0.3,1.3,0.28,0.4,0.5,0.12,1.1767718610457285,0.7070874441829142,0.0,0.15713054313962901,0.5,5.413388667465858,0.05375331304411102,2,mixed,False,19+19,2,38,10,19,0,22x12E,8.889104836434058,1.051818934988231,15.211743645002006,0.3006424499355349,11.013033771307295,13.215640525568753,13.43471131831977,67.08954923023143,68.95435778210722,7.9259596477912995,0.043356779440739346,0.1823706155980728,-770.5099853322616,0.0,0.1778969787173743,836.4078418014428,1503.3582421013418,16.916666666666668,False,"SOC floor violated (min 0.043, unmet 0 Wh); did not refill (end SOC 0.182)"
4.0,0.3,1.3,0.34,0.4,0.5,0.12,1.1767718610457285,0.7070874441829142,0.0,0.15713054313962901,0.5,5.413388667465858,0.05375331304411102,2,mixed,False,19+19,2,38,10,19,0,22x12E,8.889104836434058,1.051818934988231,15.211743645002006,0.3006424499355349,11.013033771307295,13.215640525568753,13.43471131831977,67.08954923023143,68.95435778210722,7.9259596477912995,0.043356779440739346,0.1823706155980728,-770.5099853322616,0.0,0.1778969787173743,836.4078418014428,1503.3582421013418,16.916666666666668,False,"SOC floor violated (min 0.043, unmet 0 Wh); did not refill (end SOC 0.182)"
5.0,0.3,1.6,0.34,0.6,0.0,0.18,0.33265133972193933,0.6653026794438787,0.0,0.1478450398047361,0.5,5.123731116680789,-0.4852859488408301,2,mixed,False,21+21,2,42,10,21,0,19x12E,9.42798485433772,1.2399181607666325,20.162621043103908,0.31181765097913383,10.44627313099614,12.535527757195368,12.743324571735538,71.42928298873291,73.3263001342739,4.6367096455669605,0.007442564980922445,0.1819978794448757,-770.8700484562501,16.881405914001395,0.15788620773475395,924.450772517384,1608.2142507968906,16.666666666666664,False,"SOC floor violated (min 0.007, unmet 17 Wh); did not refill (end SOC 0.182)"
5.0,0.36,1.3,0.34,0.4,0.5,0.144,1.4876369168177235,0.9505476672708938,0.0,0.21123281492497312,0.5,5.369836969241053,-0.025679597679216126,2,mixed,False,26+26,2,52,14,26,0,19x10E,10.029403884695112,1.5813295740326283,15.809481091437656,0.30236318103740967,9.540580779517699,11.448696935421237,11.638477756771247,93.51556943444473,96.49919161239002,3.134605898122062,0.005433022035334386,0.18064314928707995,-772.1787177886807,333.30791233576264,0.19722004154968195,1144.5580993072374,2145.0103864908024,17.083333333333336,False,"SOC floor violated (min 0.005, unmet 333 Wh); did not refill (end SOC 0.181)"
4.0,0.3,1.6,0.28,0.6,0.5,0.18,1.1644943732591284,0.6579774930365136,0.0,0.1462172206446795,0.5,5.446487802531422,0.15294556244386515,2,mixed,False,20+20,2,40,10,20,0,22x12E,9.205567386633854,1.0997393247910954,14.54890230740756,0.29856897154237466,10.96046179357141,13.152554152285692,13.370579185523185,68.97230905253872,70.87613129955348,7.6332143640128916,0.021743509274475097,0.1802915142589147,-772.5183972258883,0.0,0.22717089757075823,880.4293071594138,1549.1381285517916,16.75,False,"SOC floor violated (min 0.022, unmet 0 Wh); did not refill (end SOC 0.180)"
4.0,0.3,1.6,0.34,0.6,0.5,0.18,1.1644943732591284,0.6579774930365136,0.0,0.1462172206446795,0.5,5.446487802531422,0.15294556244386515,2,mixed,False,20+20,2,40,10,20,0,22x12E,9.205567386633854,1.0997393247910954,14.54890230740756,0.29856897154237466,10.96046179357141,13.152554152285692,13.370579185523185,68.97230905253872,70.87613129955348,7.6332143640128916,0.021743509274475097,0.1802915142589147,-772.5183972258883,0.0,0.22717089757075823,880.4293071594138,1549.1381285517916,16.75,False,"SOC floor violated (min 0.022, unmet 0 Wh); did not refill (end SOC 0.180)"
4.5,0.52,1.6,0.28,0.6,0.0,0.312,0.5626433822143527,1.1252867644287055,0.0,0.2500637252486109,0.5,5.996048593018168,1.1390694839011233,2,mixed,False,26+26+26+8+6+6,6,98,32,32,8,19x10E,11.89893043467815,1.9890298235005857,10.180842821331401,0.2781528266085911,9.26577530847283,11.118930370167394,11.303244772940626,132.93763690996872,137.02105673703278,2.476314618627406,0.007468690543186107,0.6896560721489794,-777.580439292135,777.580439292135,0.1428212809836348,2157.051802540563,3105.892924340462,15.333333333333332,False,"SOC floor violated (min 0.007, unmet 778 Wh); did not refill (end SOC 0.690)"
4.5,0.52,1.6,0.34,0.6,0.0,0.312,0.5626433822143527,1.1252867644287055,0.0,0.2500637252486109,0.5,5.996048593018168,1.1390694839011233,2,mixed,False,26+26+26+8+6+6,6,98,32,32,8,19x10E,11.89893043467815,1.9890298235005857,10.180842821331401,0.2781528266085911,9.26577530847283,11.118930370167394,11.303244772940626,132.93763690996872,137.02105673703278,2.476314618627406,0.007468690543186107,0.6896560721489794,-777.580439292135,777.580439292135,0.1428212809836348,2157.051802540563,3105.892924340462,15.333333333333332,False,"SOC floor violated (min 0.007, unmet 778 Wh); did not refill (end SOC 0.690)"
5.0,0.36,1.6,0.34,0.4,0.5,0.144,1.463588302802556,0.8543532112102241,0.0,0.18985626914563208,0.5,5.365888374612866,-0.03208749427369195,2,mixed,False,26+26,2,52,12,26,0,19x10E,10.199732125654977,1.5761350734053523,15.861584721914548,0.3025070287424461,9.63709445488776,11.564513345865313,11.756214013082833,95.22731572565277,98.38296579614105,3.0785460476679787,0.008887231840373022,0.17128255409150533,-781.2210527476059,366.0097552965019,0.18626506889356517,1144.5580993072374,2186.756215391474,17.25,False,"SOC floor violated (min 0.009, unmet 366 Wh); did not refill (end SOC 0.171)"
4.5,0.3,1.3,0.34,0.6,0.5,0.18,1.3187108526089395,0.7748434104357583,0.0,0.17218742449756808,0.49999999999999994,5.312802341945034,-0.09939037031440856,2,mixed,False,23+23,2,46,10,23,0,18x12E,9.247405073679662,1.2382453023130726,16.3537870583256,0.3038206734489257,10.352733765847082,12.4232805190165,12.62921665253978,81.80681397631685,83.91791183914654,3.8632652624600814,0.004446844943429359,0.1695855209224908,-782.8603867888738,167.27055289549557,0.14087444831298154,1012.4937032333256,1858.1412204714084,17.0,False,"SOC floor violated (min 0.004, unmet 167 Wh); did not refill (end SOC 0.170)"
4.0,0.45,1.3,0.28,0.6,0.0,0.27,0.5098574397874889,1.0197148795749778,0.0,0.22660330639021117,0.5,5.948072712440268,1.0524839033284392,2,mixed,False,25+25+21,3,71,21,25,7,19x10E,10.237063486705479,1.531774339161748,10.44540281877021,0.2798751488554378,9.793518604671624,11.752222325605947,11.947034575263888,126.09723608789552,130.69689205212794,2.937133627616636,0.009590047809281426,0.2562374744905143,-783.4419248499667,783.4419248499667,0.118388696692404,1562.76202020796,2938.9145625228257,16.916666666666668,False,"SOC floor violated (min 0.010, unmet 783 Wh); did not refill (end SOC 0.256)"
4.0,0.45,1.3,0.34,0.6,0.0,0.27,0.5098574397874889,1.0197148795749778,0.0,0.22660330639021117,0.5,5.948072712440268,1.0524839033284392,2,mixed,False,25+25+21,3,71,21,25,7,19x10E,10.237063486705479,1.531774339161748,10.44540281877021,0.2798751488554378,9.793518604671624,11.752222325605947,11.947034575263888,126.09723608789552,130.69689205212794,2.937133627616636,0.009590047809281426,0.2562374744905143,-783.4419248499667,783.4419248499667,0.118388696692404,1562.76202020796,2938.9145625228257,16.916666666666668,False,"SOC floor violated (min 0.010, unmet 783 Wh); did not refill (end SOC 0.256)"
4.0,0.36,1.3,0.28,0.4,0.5,0.144,1.2132812680256477,0.8531250721025913,0.0,0.18958334931624998,0.5,5.6655312314436,0.5088562164264245,2,mixed,False,20+20+12,3,52,12,20,0,18x12E,9.500605642747987,1.2700687538935398,12.597743193783947,0.29119894816768577,10.361210074774405,12.433452089729286,12.639556833624136,96.13821614475637,98.65082689120497,3.6786938851964535,0.006020462809093827,0.16666183538319942,-785.6846670198294,379.0749703195285,0.14561798305257528,1144.5580993072374,2204.2773100126847,17.25,False,"SOC floor violated (min 0.006, unmet 379 Wh); did not refill (end SOC 0.167)"
4.0,0.36,1.3,0.34,0.4,0.5,0.144,1.2132812680256477,0.8531250721025913,0.0,0.18958334931624998,0.5,5.6655312314436,0.5088562164264245,2,mixed,False,20+20+12,3,52,12,20,0,18x12E,9.500605642747987,1.2700687538935398,12.597743193783947,0.29119894816768577,10.361210074774405,12.433452089729286,12.639556833624136,96.13821614475637,98.65082689120497,3.6786938851964535,0.006020462809093827,0.16666183538319942,-785.6846670198294,379.0749703195285,0.14561798305257528,1144.5580993072374,2204.2773100126847,17.25,False,"SOC floor violated (min 0.006, unmet 379 Wh); did not refill (end SOC 0.167)"
4.0,0.4,1.6,0.28,0.4,0.5,0.16000000000000003,1.213620883668245,0.8544835346729801,0.0,0.18988522988704754,0.5,5.82860299864282,0.8037198696942669,2,mixed,False,26+26+18+1,4,71,18,27,0,16x12E,10.221141490113466,1.4112690120803788,11.337314050716731,0.2850893216112843,10.195141236192399,12.234169483430877,12.436970793151744,126.54605169338151,129.87573340468856,2.1112458165683585,0.005420718932134545,0.2577118038459811,-786.5059125419685,786.5059125419685,0.18681858397901863,1562.76202020796,2940.41301262028,17.0,False,"SOC floor violated (min 0.005, unmet 787 Wh); did not refill (end SOC 0.258)"
4.0,0.4,1.6,0.34,0.4,0.5,0.16000000000000003,1.213620883668245,0.8544835346729801,0.0,0.18988522988704754,0.5,5.82860299864282,0.8037198696942669,2,mixed,False,26+26+18+1,4,71,18,27,0,16x12E,10.221141490113466,1.4112690120803788,11.337314050716731,0.2850893216112843,10.195141236192399,12.234169483430877,12.436970793151744,126.54605169338151,129.87573340468856,2.1112458165683585,0.005420718932134545,0.2577118038459811,-786.5059125419685,786.5059125419685,0.18681858397901863,1562.76202020796,2940.41301262028,17.0,False,"SOC floor violated (min 0.005, unmet 787 Wh); did not refill (end SOC 0.258)"
4.0,0.4,1.3,0.34,0.6,0.5,0.24,1.2453047623958522,0.981219049583409,0.0,0.21804867741500364,0.5,5.882501627382151,0.9432898955780975,2,mixed,False,26+26+21+1,4,74,21,27,0,19x10E,10.245039572727462,1.4792487619833365,10.81630109228392,0.2821478902140681,9.96975904494988,11.963710853939856,12.16202887083399,127.62930547524088,132.6450179033164,2.9337247507518533,0.0038457384058877917,0.28605355858249865,-787.100286773864,787.100286773864,0.19760357529145028,1628.7942182449158,2979.467246509318,16.75,False,"SOC floor violated (min 0.004, unmet 787 Wh); did not refill (end SOC 0.286)"
5.5,0.3,1.3,0.34,0.6,0.0,0.18,0.3878193054161349,0.7756386108322698,0.0,0.1723641356264474,0.5,5.052280660258665,-0.6336320881567665,2,mixed,False,24+24,2,48,10,24,0,19x10E,9.52593040815743,1.366538316649936,22.13622525723082,0.3148789705667194,10.002101208680097,12.002521450416117,12.201482816236153,86.36000491779394,89.7258641838242,3.3503219569121425,0.006873877593283756,0.16426494523845298,-788.0000628996544,236.00648020278012,0.10768078451483021,1056.5151685912963,1975.9206446171006,17.083333333333336,False,"SOC floor violated (min 0.007, unmet 236 Wh); did not refill (end SOC 0.164)"
5.5,0.3,1.6,0.34,0.6,0.0,0.18,0.3483344655398164,0.6966689310796328,0.0,0.15481531796011447,0.5,5.049315043275613,-0.6383890882708245,2,mixed,False,24+24,2,48,10,24,0,16x12E,9.663540748202658,1.361800135864778,22.213244956676757,0.3149874095140314,10.091597112344566,12.109916534813479,12.310658149288956,87.57750734831971,89.8393261961407,2.406737652221863,0.005841099524902676,0.16247008805547278,-789.7338949384133,255.70900072451278,0.09822561682178824,1056.5151685912963,1997.3159384864487,17.166666666666668,False,"SOC floor violated (min 0.006, unmet 256 Wh); did not refill (end SOC 0.162)"
4.0,0.3,1.3,0.28,1.0,1.0,0.3,2.0,0.7893522173763262,0.0,0.17541160386140583,0.5,5.659223420586388,0.3602530925215226,2,mixed,False,24+24,2,48,12,24,0,19x12E,9.211407231680779,1.2,13.333333333333334,0.2942307692307692,10.49592738870927,12.595112866451123,12.803897401343976,88.11414060574508,90.42954709915821,4.643955366213366,0.0065327271122735285,0.1590063550390197,-793.0798610323069,265.5605999467759,0.23618669519195495,1056.5151685912965,2010.3683683684164,17.25,False,"SOC floor violated (min 0.007, unmet 266 Wh); did not refill (end SOC 0.159)"
4.0,0.3,1.3,0.34,1.0,1.0,0.3,2.0,0.7893522173763262,0.0,0.17541160386140583,0.5,5.659223420586388,0.3602530925215226,2,mixed,False,24+24,2,48,12,24,0,19x12E,9.211407231680779,1.2,13.333333333333334,0.2942307692307692,10.49592738870927,12.595112866451123,12.803897401343976,88.11414060574508,90.42954709915821,4.643955366213366,0.0065327271122735285,0.1590063550390197,-793.0798610323069,265.5605999467759,0.23618669519195495,1056.5151685912965,2010.3683683684164,17.25,False,"SOC floor violated (min 0.007, unmet 266 Wh); did not refill (end SOC 0.159)"
4.0,0.36,1.6,0.28,0.6,0.0,0.216,0.36122152190996115,0.7224430438199223,0.0,0.16054289860965415,0.5,5.573039081467435,0.3705429964315199,2,mixed,False,20+20,2,40,10,20,0,22x12E,9.428311990761573,1.2040158991550345,13.288861061742315,0.2940570043730623,10.601060449606988,12.721272539528385,12.932148376733887,70.4000886092859,72.16022173429633,7.393710019690699,0.00970024515656965,0.15896332447530448,-793.1214285568559,12.478402035961285,0.2578121064613974,880.4293071594136,1582.0697362583453,16.916666666666668,False,"SOC floor violated (min 0.010, unmet 12 Wh); did not refill (end SOC 0.159)"
4.0,0.36,1.6,0.34,0.6,0.0,0.216,0.36122152190996115,0.7224430438199223,0.0,0.16054289860965415,0.5,5.573039081467435,0.3705429964315199,2,mixed,False,20+20,2,40,10,20,0,22x12E,9.428311990761573,1.2040158991550345,13.288861061742315,0.2940570043730623,10.601060449606988,12.721272539528385,12.932148376733887,70.4000886092859,72.16022173429633,7.393710019690699,0.00970024515656965,0.15896332447530448,-793.1214285568559,12.478402035961285,0.2578121064613974,880.4293071594136,1582.0697362583453,16.916666666666668,False,"SOC floor violated (min 0.010, unmet 12 Wh); did not refill (end SOC 0.159)"
5.0,0.3,1.3,0.34,0.6,0.5,0.18,1.4540034507457689,0.8160138029830752,0.0,0.1813364006269029,0.5,5.209933853451902,-0.3038333870872818,2,mixed,False,26+26+12,3,64,12,26,0,16x12E,9.737700322112415,1.3744804140894922,18.18869133654476,0.3080913116286506,10.083408783341643,12.10009054000997,12.300669272598114,124.62724373254873,96.98326254464347,2.3534298311689805,0.0006816408358107928,0.3530862551071648,-793.1805947505178,793.1805947505178,2.3947908942120257,1408.6868914550619,2698.27896715678,17.75,False,"SOC floor violated (min 0.001, unmet 793 Wh); did not refill (end SOC 0.353)"
6.0,0.3,1.6,0.34,0.4,0.0,0.12,0.3297497516853135,0.659499503370627,0.0,0.14655544515427185,0.5,4.91336505193071,-0.9183492401747988,2,mixed,False,23+23,2,46,10,23,0,16x12E,9.563591479659323,1.3193549553033563,27.28606115836553,0.3207816355013365,10.199482360397448,12.239378832476937,12.442266495653246,83.36451630124546,85.57531993447994,2.463865838657911,0.004364664592654685,0.1579708099698164,-794.0801975691573,193.98132863364515,0.13935547770736176,1012.4937032333256,1896.0397830264321,17.083333333333336,False,"SOC floor violated (min 0.004, unmet 194 Wh); did not refill (end SOC 0.158)"
5.0,0.36,1.3,0.34,0.6,0.0,0.216,0.4478819785745004,0.8957639571490008,0.0,0.1990586571241603,0.5,5.297454602188653,-0.12958095128521885,2,mixed,False,25+25,2,50,12,25,0,19x10E,9.848535111563688,1.504495004914728,16.61687138763013,0.30449090756565,9.692568812392253,11.631082574870703,11.823886735614915,91.97208529756911,95.06774708343731,3.206468823694514,0.002255385771793225,0.1553438224354987,-796.6178675273082,315.9284866638294,0.12241872764912523,1100.5366339492664,2108.2257641962683,17.25,False,"SOC floor violated (min 0.002, unmet 316 Wh); did not refill (end SOC 0.155)"
4.5,0.52,1.3,0.28,0.6,0.0,0.312,0.6284588974595883,1.2569177949191765,0.0,0.27931506551340907,0.5,6.007868332048162,1.1616024704292398,2,mixed,False,26+26+26+10+9+5+5,7,107,36,31,9,19x10E,11.959076674265226,2.0027194506715946,10.111251475192562,0.27768480511264293,9.257361356795561,11.108833628154674,11.292980660964062,136.04514683670342,140.2437551452804,2.4519393745079276,0.0063506171492736015,0.8343533555045238,-797.4723622785575,797.4723622785575,0.11672192846461607,2355.1483966514315,3182.8709988580677,15.0,False,"SOC floor violated (min 0.006, unmet 797 Wh); did not refill (end SOC 0.834)"
4.5,0.52,1.3,0.34,0.6,0.0,0.312,0.6284588974595883,1.2569177949191765,0.0,0.27931506551340907,0.5,6.007868332048162,1.1616024704292398,2,mixed,False,26+26+26+10+9+5+5,7,107,36,31,9,19x10E,11.959076674265226,2.0027194506715946,10.111251475192562,0.27768480511264293,9.257361356795561,11.108833628154674,11.292980660964062,136.04514683670342,140.2437551452804,2.4519393745079276,0.0063506171492736015,0.8343533555045238,-797.4723622785575,797.4723622785575,0.11672192846461607,2355.1483966514315,3182.8709988580677,15.0,False,"SOC floor violated (min 0.006, unmet 797 Wh); did not refill (end SOC 0.834)"
4.0,0.4,1.3,0.28,0.6,0.0,0.24,0.4500270848225105,0.900054169645021,0.0,0.2000120376205875,0.5,5.741972947197273,0.6784408243236713,2,mixed,False,21+21+18,3,60,18,21,0,16x12E,9.709600882922265,1.3520043335716017,11.834281594151891,0.28765365867818826,10.152198405900718,12.18263808708086,12.384585179873827,86.9190536012542,120.59461483862933,2.2588602986177237,0.008203102598394756,0.15019853231670752,-801.5882177820605,229.02128512401453,0.09572160374339114,1320.64396073912,2246.686963408238,15.666666666666668,False,"SOC floor violated (min 0.008, unmet 229 Wh); did not refill (end SOC 0.150)"
4.0,0.4,1.3,0.34,0.6,0.0,0.24,0.4500270848225105,0.900054169645021,0.0,0.2000120376205875,0.5,5.741972947197273,0.6784408243236713,2,mixed,False,21+21+18,3,60,18,21,0,16x12E,9.709600882922265,1.3520043335716017,11.834281594151891,0.28765365867818826,10.152198405900718,12.18263808708086,12.384585179873827,86.9190536012542,120.59461483862933,2.2588602986177237,0.008203102598394756,0.15019853231670752,-801.5882177820605,229.02128512401453,0.09572160374339114,1320.64396073912,2246.686963408238,15.666666666666668,False,"SOC floor violated (min 0.008, unmet 229 Wh); did not refill (end SOC 0.150)"
4.0,0.45,1.3,0.28,0.6,0.0,0.27,0.5098574397874889,1.0197148795749778,0.0,0.22660330639021117,0.5,5.948310960395261,1.052921383156788,2,mixed,False,25+25+21+7,4,78,21,25,7,19x10E,10.401063486705478,1.531774339161748,10.44540281877021,0.2798751488554378,9.87165406815419,11.845984881785027,12.042351398712327,130.09948949977445,135.02292676449736,2.8767346167705017,0.0025121273427395636,0.3350623875055467,-806.4989676438535,806.4989676438535,0.11935293467680926,1716.837148960857,3039.3135274800125,16.5,False,"SOC floor violated (min 0.003, unmet 806 Wh); did not refill (end SOC 0.335)"
4.0,0.45,1.3,0.34,0.6,0.0,0.27,0.5098574397874889,1.0197148795749778,0.0,0.22660330639021117,0.5,5.948310960395261,1.052921383156788,2,mixed,False,25+25+21+7,4,78,21,25,7,19x10E,10.401063486705478,1.531774339161748,10.44540281877021,0.2798751488554378,9.87165406815419,11.845984881785027,12.042351398712327,130.09948949977445,135.02292676449736,2.8767346167705017,0.0025121273427395636,0.3350623875055467,-806.4989676438535,806.4989676438535,0.11935293467680926,1716.837148960857,3039.3135274800125,16.5,False,"SOC floor violated (min 0.003, unmet 806 Wh); did not refill (end SOC 0.335)"
5.0,0.4,1.6,0.34,0.4,0.0,0.16000000000000003,0.41037840318928526,0.8207568063785705,0.0,0.1823904013828404,0.49999999999999994,5.294876326232073,-0.1348135377673958,2,mixed,False,25+25,2,50,18,25,0,19x10E,10.038417184402032,1.4984908167654285,16.68345225762799,0.3046571773996734,9.80514513854682,11.766174166256183,11.96121769042448,93.83738888930706,97.14450111970365,3.1409619991672093,0.0028532961706452115,0.14232848802408382,-809.190680568735,349.0011672964348,0.08956978137806595,1100.5366339492664,2153.869155526815,17.416666666666664,False,"SOC floor violated (min 0.003, unmet 349 Wh); did not refill (end SOC 0.142)"
5.0,0.3,1.3,0.34,0.4,0.5,0.12,1.447071179713179,0.7882847188527154,0.0,0.17517438196001123,0.5,5.172215137017551,-0.3891805058774984,2,mixed,False,24+24,2,48,12,24,0,16x12E,9.374775644738348,1.3104728123483722,19.077084060370474,0.3098638298158421,10.13245965462304,12.158951585547646,12.360506035951596,90.64800798279705,93.01427210768075,2.4692824296043274,0.004474846704442327,0.13993570155391724,-811.5021122989159,307.8399974648598,0.10635773739250472,1056.5151685912965,2071.130097075947,17.416666666666664,False,"SOC floor violated (min 0.004, unmet 308 Wh); did not refill (end SOC 0.140)"
4.0,0.3,1.6,0.28,0.4,0.5,0.12,1.1589138994069248,0.6356555976276993,0.0,0.14125679946670897,0.5,5.4096765771494,0.047727473077371574,2,mixed,False,19+19,2,38,8,19,0,22x12E,9.090598897692784,1.0486045018932464,15.258374316639054,0.30078153597977814,11.154210554408634,13.38505266529036,13.606931740521416,69.0528173884628,71.0335020282307,7.7459958902545685,0.009892624344362604,0.13452743561725872,-816.726497193728,1.3092331211790995,0.08520343640452901,836.4078418014428,1550.8022956948516,17.166666666666668,False,"SOC floor violated (min 0.010, unmet 1 Wh); did not refill (end SOC 0.135)"
4.0,0.3,1.6,0.34,0.4,0.5,0.12,1.1589138994069248,0.6356555976276993,0.0,0.14125679946670897,0.5,5.4096765771494,0.047727473077371574,2,mixed,False,19+19,2,38,8,19,0,22x12E,9.090598897692784,1.0486045018932464,15.258374316639054,0.30078153597977814,11.154210554408634,13.38505266529036,13.606931740521416,69.0528173884628,71.0335020282307,7.7459958902545685,0.009892624344362604,0.13452743561725872,-816.726497193728,1.3092331211790995,0.08520343640452901,836.4078418014428,1550.8022956948516,17.166666666666668,False,"SOC floor violated (min 0.010, unmet 1 Wh); did not refill (end SOC 0.135)"
5.0,0.4,1.3,0.34,0.4,0.0,0.16000000000000003,0.4587942593310043,0.9175885186620086,0.0,0.20390855962262863,0.49999999999999994,5.302515838665951,-0.11982130502496924,2,mixed,False,24+24,2,48,21,24,0,19x10E,9.86167128198301,1.5101106222394411,16.5550785696255,0.3043353981901263,9.680980138296103,11.617176165955323,11.80974980529427,91.64680730416465,94.71844473323976,3.2033017879270784,0.007448677626514329,0.13199729799391782,-819.1706101378754,328.2592565767407,0.09543823875074509,1056.5151685912965,2099.233048803187,17.583333333333332,False,"SOC floor violated (min 0.007, unmet 328 Wh); did not refill (end SOC 0.132)"
4.0,0.45,1.3,0.28,0.4,0.5,0.18000000000000002,1.2687815315068947,1.0751261260275788,0.0,0.23891691672869642,0.5,6.0494611412343255,1.2004806233266905,2,mixed,False,26+26+24,3,76,24,26,8,19x10E,10.433352154666162,1.6025710135068616,9.983956944901708,0.27681183120563035,9.666110171940316,11.599332206328379,11.791610052937967,130.08674995321797,134.6284529781647,2.859412359019091,0.008955312740369653,0.3104525446459391,-822.2247647291993,822.2247647291993,0.10124945733534692,1672.8156836028854,3035.0093458080855,16.75,False,"SOC floor violated (min 0.009, unmet 822 Wh); did not refill (end SOC 0.310)"
4.0,0.45,1.3,0.34,0.4,0.5,0.18000000000000002,1.2687815315068947,1.0751261260275788,0.0,0.23891691672869642,0.5,6.0494611412343255,1.2004806233266905,2,mixed,False,26+26+24,3,76,24,26,8,19x10E,10.433352154666162,1.6025710135068616,9.983956944901708,0.27681183120563035,9.666110171940316,11.599332206328379,11.791610052937967,130.08674995321797,134.6284529781647,2.859412359019091,0.008955312740369653,0.3104525446459391,-822.2247647291993,822.2247647291993,0.10124945733534692,1672.8156836028854,3035.0093458080855,16.75,False,"SOC floor violated (min 0.009, unmet 822 Wh); did not refill (end SOC 0.310)"
4.0,0.4,1.6,0.28,0.4,0.0,0.16000000000000003,0.37011659834047966,0.7402331966809593,0.0,0.1644962658609649,0.5,5.579205953516577,0.3827978687246887,2,mixed,False,19+19,2,38,15,19,0,22x12E,9.436640855285376,1.208827983601715,13.23596096139985,0.29384878920853114,10.584611204856875,12.70153344582825,12.912082075366689,70.16837350074212,71.91690072284244,7.386441534597292,0.009647524869603014,0.1282254662804832,-822.8141995730533,20.391779165989607,0.132507366581045,836.4078418014429,1575.843522766985,17.25,False,"SOC floor violated (min 0.010, unmet 20 Wh); did not refill (end SOC 0.128)"
4.0,0.4,1.6,0.34,0.4,0.0,0.16000000000000003,0.37011659834047966,0.7402331966809593,0.0,0.1644962658609649,0.5,5.579205953516577,0.3827978687246887,2,mixed,False,19+19,2,38,15,19,0,22x12E,9.436640855285376,1.208827983601715,13.23596096139985,0.29384878920853114,10.584611204856875,12.70153344582825,12.912082075366689,70.16837350074212,71.91690072284244,7.386441534597292,0.009647524869603014,0.1282254662804832,-822.8141995730533,20.391779165989607,0.132507366581045,836.4078418014429,1575.843522766985,17.25,False,"SOC floor violated (min 0.010, unmet 20 Wh); did not refill (end SOC 0.128)"
4.0,0.4,1.3,0.28,0.6,0.5,0.24,1.2453047623958522,0.981219049583409,0.0,0.21804867741500364,0.5,5.88273969131867,0.943727037504762,2,mixed,False,26+26+21+7+1,5,81,21,27,7,19x10E,10.409039572727462,1.4792487619833365,10.81630109228392,0.2821478902140681,10.049238923825602,12.059086708590721,12.258985735807228,131.83888612782596,137.22866511582683,2.872376447236909,0.005468505609141363,0.3732493073203611,-823.6995389584878,823.6995389584878,0.11072381952884787,1782.869346997813,3085.454905975834,16.333333333333336,False,"SOC floor violated (min 0.005, unmet 824 Wh); did not refill (end SOC 0.373)"
4.0,0.45,1.6,0.28,0.6,0.0,0.27,0.4567166790459668,0.9134333580919336,0.0,0.20298519060049552,0.5,5.9379614961794775,1.0330955662702799,2,mixed,False,25+25+21,3,71,21,25,7,19x10E,10.396147664130652,1.5222090022282742,10.51104018999922,0.28028903359422475,9.90028110567043,11.880337326804517,12.07727329152731,128.62759730502412,133.52804620549333,2.885086580156531,0.007474035439358035,0.23470970738345126,-824.7048109018211,824.7048109018211,0.09189959651818687,1562.7620202079602,3000.9571068821724,17.083333333333336,False,"SOC floor violated (min 0.007, unmet 825 Wh); did not refill (end SOC 0.235)"
4.0,0.45,1.6,0.34,0.6,0.0,0.27,0.4567166790459668,0.9134333580919336,0.0,0.20298519060049552,0.5,5.9379614961794775,1.0330955662702799,2,mixed,False,25+25+21,3,71,21,25,0,19x10E,10.396147664130652,1.5222090022282742,10.51104018999922,0.28028903359422475,9.90028110567043,11.880337326804517,12.07727329152731,128.62759730502412,133.52804620549333,2.885086580156531,0.007474035439358035,0.23470970738345126,-824.7048109018211,824.7048109018211,0.09189959651818687,1562.7620202079602,3000.9571068821724,17.083333333333336,False,"SOC floor violated (min 0.007, unmet 825 Wh); did not refill (end SOC 0.235)"
4.0,0.4,1.3,0.34,0.6,0.5,0.24,1.2453047623958522,0.981219049583409,0.0,0.21804867741500364,0.5,5.882670404546254,0.9435998105352805,2,mixed,False,26+26+21+1+1,5,75,21,27,0,19x10E,10.361039572727462,1.4792487619833365,10.81630109228392,0.2821478902140681,10.02604173830566,12.031250085966791,12.230687675769506,130.58918077467507,135.86709305661847,2.8902159636636813,0.000988777568169041,0.2766075831020057,-828.7695983828526,828.7695983828526,0.38895148214631325,1650.8049509239008,3051.965376612805,16.833333333333332,False,"SOC floor violated (min 0.001, unmet 829 Wh); did not refill (end SOC 0.277)"
4.5,0.45,1.6,0.28,1.0,1.0,0.45,2.25,1.1320094136092687,0.0,0.25155764746872633,0.5,6.123610767529714,1.1964424162948695,2,mixed,False,26+26+24+10+10,5,96,24,36,8,19x10E,11.828124120614666,2.025,10.0,0.2769230769230769,9.155748871155698,10.986898645386837,11.169024407014753,136.75100887622162,140.8691248734738,2.4698029879203625,0.006194813711268765,0.6170266929663184,-842.0639209080498,842.0639209080498,0.2922162713583797,2113.030337182592,3196.685022672868,15.583333333333334,False,"SOC floor violated (min 0.006, unmet 842 Wh); did not refill (end SOC 0.617)"
4.5,0.45,1.6,0.34,1.0,1.0,0.45,2.25,1.1320094136092687,0.0,0.25155764746872633,0.5,6.123610767529714,1.1964424162948695,2,mixed,False,26+26+24+10+10,5,96,24,36,8,19x10E,11.828124120614666,2.025,10.0,0.2769230769230769,9.155748871155698,10.986898645386837,11.169024407014753,136.75100887622162,140.8691248734738,2.4698029879203625,0.006194813711268765,0.6170266929663184,-842.0639209080498,842.0639209080498,0.2922162713583797,2113.030337182592,3196.685022672868,15.583333333333334,False,"SOC floor violated (min 0.006, unmet 842 Wh); did not refill (end SOC 0.617)"
4.0,0.36,1.3,0.28,0.4,0.0,0.144,0.3695019793824801,0.7390039587649602,0.0,0.16422310188046796,0.5,5.4397214170641135,0.12992536331499993,2,mixed,False,17+17,2,34,10,17,0,22x12E,8.946797030793528,1.0878124275466157,14.708418101166028,0.2990850392304082,10.864387162947926,13.037264595537511,13.253378516366654,66.57357108352767,68.35135962064092,7.861307757577441,0.026001496871815907,0.10628592002780568,-844.0078012531397,0.0,0.19395222429596495,748.3649110855014,1488.876884361632,17.75,False,"SOC floor violated (min 0.026, unmet 0 Wh); did not refill (end SOC 0.106)"
4.0,0.36,1.3,0.34,0.4,0.0,0.144,0.3695019793824801,0.7390039587649602,0.0,0.16422310188046796,0.5,5.4397214170641135,0.12992536331499993,2,mixed,False,17+17,2,34,10,17,0,22x12E,8.946797030793528,1.0878124275466157,14.708418101166028,0.2990850392304082,10.864387162947926,13.037264595537511,13.253378516366654,66.57357108352767,68.35135962064092,7.861307757577441,0.026001496871815907,0.10628592002780568,-844.0078012531397,0.0,0.19395222429596495,748.3649110855014,1488.876884361632,17.75,False,"SOC floor violated (min 0.026, unmet 0 Wh); did not refill (end SOC 0.106)"
5.0,0.36,1.6,0.34,0.4,0.0,0.144,0.3667479449487575,0.733495889897515,0.0,0.1629990866292552,0.5,5.185768848470979,-0.3483781241981123,2,mixed,False,23+23,2,46,10,23,0,16x12E,9.628488479010372,1.3392175561089317,18.66761668853638,0.3090678215316769,10.157853379150025,12.189424054980028,12.391483636256954,92.13864476967926,94.4764772991114,2.399730317323626,0.009523623625069848,0.10616604538068328,-844.1236001622599,353.26422062366197,0.1632696880930169,1012.4937032333257,2105.15965027143,18.083333333333332,False,"SOC floor violated (min 0.010, unmet 353 Wh); did not refill (end SOC 0.106)"
4.0,0.4,1.6,0.28,0.6,0.5,0.24,1.2205686848003234,0.8822747392012936,0.0,0.19606105300374624,0.5,5.878295823292001,0.9355348167409057,2,mixed,False,26+26+18+2,4,72,18,28,0,19x10E,10.403726875216039,1.4752909895680517,10.84531805124399,0.28231913994184776,10.060141179387866,12.072169415265439,12.272285309679338,130.21227429443428,135.533252889485,2.8807333794888685,0.006848443603183671,0.23614271903942152,-845.3763149874778,845.3763149874778,0.3727913359966545,1584.7727528869448,3041.898018348853,17.083333333333336,False,"SOC floor violated (min 0.007, unmet 845 Wh); did not refill (end SOC 0.236)"
4.0,0.4,1.6,0.34,0.6,0.5,0.24,1.2205686848003234,0.8822747392012936,0.0,0.19606105300374624,0.5,5.878295823292001,0.9355348167409057,2,mixed,False,26+26+18+2,4,72,18,28,0,19x10E,10.403726875216039,1.4752909895680517,10.84531805124399,0.28231913994184776,10.060141179387866,12.072169415265439,12.272285309679338,130.21227429443428,135.533252889485,2.8807333794888685,0.006848443603183671,0.23614271903942152,-845.3763149874778,845.3763149874778,0.3727913359966545,1584.7727528869448,3041.898018348853,17.083333333333336,False,"SOC floor violated (min 0.007, unmet 845 Wh); did not refill (end SOC 0.236)"
4.5,0.45,1.3,0.28,1.0,1.0,0.45,2.25,1.2558516877157357,0.0,0.279078152825719,0.5,6.12367089613235,1.1965528266896444,2,mixed,False,26+26+26+10+10+9,6,107,27,36,9,19x10E,11.875663313139984,2.025,10.0,0.2769230769230769,9.17412965741201,11.00895558889441,11.191446980329717,139.7955339723009,144.05796174939866,2.4501057826290022,0.0,0.7935460351837443,-846.7388655317637,846.7388655317637,0.20870538117671344,2355.1483966514315,3272.744260699594,15.166666666666666,False,"SOC floor violated (min 0.000, unmet 847 Wh); did not refill (end SOC 0.794)"
4.5,0.45,1.3,0.34,1.0,1.0,0.45,2.25,1.2558516877157357,0.0,0.279078152825719,0.5,6.12367089613235,1.1965528266896444,2,mixed,False,26+26+26+10+10+9,6,107,27,36,9,19x10E,11.875663313139984,2.025,10.0,0.2769230769230769,9.17412965741201,11.00895558889441,11.191446980329717,139.7955339723009,144.05796174939866,2.4501057826290022,0.0,0.7935460351837443,-846.7388655317637,846.7388655317637,0.20870538117671344,2355.1483966514315,3272.744260699594,15.166666666666666,False,"SOC floor violated (min 0.000, unmet 847 Wh); did not refill (end SOC 0.794)"
4.0,0.45,1.3,0.28,0.4,0.5,0.18000000000000002,1.2687815315068947,1.0751261260275788,0.0,0.23891691672869642,0.5,6.049706253816442,1.2009307082407767,2,mixed,False,26+26+24+8,4,84,24,26,8,19x10E,10.60535215466616,1.6025710135068616,9.983956944901708,0.27681183120563035,9.74546025584481,11.69455230701377,11.888408582069763,134.2704740861368,139.12264148845986,2.7998556966630264,0.0027304521029204703,0.408572733086458,-846.7412100983628,846.7412100983628,0.10274331760101063,1848.9015450347686,3140.095675435266,16.25,False,"SOC floor violated (min 0.003, unmet 847 Wh); did not refill (end SOC 0.409)"
4.0,0.45,1.3,0.34,0.4,0.5,0.18000000000000002,1.2687815315068947,1.0751261260275788,0.0,0.23891691672869642,0.5,6.049706253816442,1.2009307082407767,2,mixed,False,26+26+24+8,4,84,24,26,8,19x10E,10.60535215466616,1.6025710135068616,9.983956944901708,0.27681183120563035,9.74546025584481,11.69455230701377,11.888408582069763,134.2704740861368,139.12264148845986,2.7998556966630264,0.0027304521029204703,0.408572733086458,-846.7412100983628,846.7412100983628,0.10274331760101063,1848.9015450347686,3140.095675435266,16.25,False,"SOC floor violated (min 0.003, unmet 847 Wh); did not refill (end SOC 0.409)"
4.0,0.3,1.3,0.34,0.4,0.0,0.12,0.3039104742554,0.6078209485108,0.0,0.1350713216415838,0.5,5.225917597586992,-0.27322022081339314,2,mixed,False,14+14+8,3,36,8,14,0,22x12E,8.662974033821005,0.894703885365972,17.883011644076316,0.3074406974426994,11.788058811978878,14.145670574374654,14.38015813180537,68.49120254791731,70.93354109447279,8.156812295709425,0.00912871276719195,0.10303965104936727,-847.1436970863111,3.6669974118752204,0.256388329989246,792.3863764434723,1539.460533490418,17.583333333333332,False,"SOC floor violated (min 0.009, unmet 4 Wh); did not refill (end SOC 0.103)"
4.0,0.45,1.6,0.28,0.6,0.0,0.27,0.4567166790459668,0.9134333580919336,0.0,0.20298519060049552,0.5,5.9381961267928745,1.0335264038003982,2,mixed,False,25+25+21+7,4,78,21,25,7,19x10E,10.560147664130652,1.5222090022282742,10.51104018999922,0.28028903359422475,9.978064380917978,11.973677257101572,12.172160483380548,132.76108512341017,138.01304974718377,2.825851227037093,0.0007674085516826759,0.31131440532297705,-849.0453247467624,849.0453247467624,0.1171020214657498,1716.8371489608571,3104.7804502028457,16.666666666666664,False,"SOC floor violated (min 0.001, unmet 849 Wh); did not refill (end SOC 0.311)"
5.0,0.3,1.3,0.34,0.6,0.0,0.18,0.3704226647042824,0.7408453294085648,0.0,0.16463229528246492,0.5,5.1274209097881585,-0.4800742060618981,2,mixed,False,21+21,2,42,10,21,0,17x12E,9.203145262877452,1.2444507197645138,20.089184411200087,0.3116921339967368,10.30214684986376,12.362576219836512,12.56750608060903,82.91357391495384,85.13788699513853,3.1264898166884514,0.0037459631572419596,0.0987139344953239,-851.3223392775171,212.0335019326849,0.12227895468035042,924.4507725173845,1883.4570118633603,17.916666666666668,False,"SOC floor violated (min 0.004, unmet 212 Wh); did not refill (end SOC 0.099)"
4.5,0.4,1.6,0.28,0.6,0.0,0.24,0.426630507363234,0.853261014726468,0.0,0.1896135588011805,0.5,5.559709714423695,0.3468360040820584,2,mixed,False,26+26,2,52,18,26,0,19x10E,10.07943335533065,1.5082608811781175,13.426059279733174,0.29458937159652465,9.79328232039998,11.751938784479975,11.946746333981377,105.31618608962523,109.06126598700494,3.074916304651635,0.0013425102048315648,0.09759418175191811,-852.4040204276471,538.0046886404436,0.09582045368497796,1144.5580993072374,2429.746855543836,18.083333333333332,False,"SOC floor violated (min 0.001, unmet 538 Wh); did not refill (end SOC 0.098)"
4.5,0.4,1.6,0.34,0.6,0.0,0.24,0.426630507363234,0.853261014726468,0.0,0.1896135588011805,0.5,5.559709714423695,0.3468360040820584,2,mixed,False,26+26,2,52,18,26,0,19x10E,10.07943335533065,1.5082608811781175,13.426059279733174,0.29458937159652465,9.79328232039998,11.751938784479975,11.946746333981377,105.31618608962523,109.06126598700494,3.074916304651635,0.0013425102048315648,0.09759418175191811,-852.4040204276471,538.0046886404436,0.09582045368497796,1144.5580993072374,2429.746855543836,18.083333333333332,False,"SOC floor violated (min 0.001, unmet 538 Wh); did not refill (end SOC 0.098)"
5.0,0.36,1.3,0.34,0.4,0.0,0.144,0.4097021380205588,0.8194042760411177,0.0,0.18208983908605936,0.5,5.191896351270701,-0.33635662704363023,2,mixed,False,23+23,2,46,12,23,0,19x10E,9.50147471203798,1.3484956618124406,18.53917717940512,0.30881088938303464,10.055859131308944,12.067030957570733,12.267061673668945,91.35144094789261,94.94338322803381,3.3350254132695696,0.003440832002404824,0.09739148295824131,-852.5998274623389,333.8544972417955,0.10047571289846975,1012.4937032333257,2094.285564953609,17.916666666666668,False,"SOC floor violated (min 0.003, unmet 334 Wh); did not refill (end SOC 0.097)"
4.0,0.52,1.3,0.28,0.4,0.0,0.20800000000000002,0.5526617076998015,1.105323415399603,0.0,0.24562742552467756,0.5,6.065070245401279,1.2559194719096918,2,mixed,False,26+24+24+8,4,82,32,24,8,19x10E,10.666848927108335,1.6284304528023381,9.825411931142575,0.2756929131412304,9.695761269941313,11.634913523929574,11.827781188901652,134.2485821865259,139.0129831736364,2.781428224836458,0.009742557759580906,0.3813750177588734,-862.2467029347819,862.2467029347819,0.10457936301403237,1804.880079676798,3138.096013295542,16.416666666666668,False,"SOC floor violated (min 0.010, unmet 862 Wh); did not refill (end SOC 0.381)"
4.0,0.52,1.3,0.34,0.4,0.0,0.20800000000000002,0.5526617076998015,1.105323415399603,0.0,0.24562742552467756,0.5,6.065070245401279,1.2559194719096918,2,mixed,False,26+24+24+8,4,82,32,24,8,19x10E,10.666848927108335,1.6284304528023381,9.825411931142575,0.2756929131412304,9.695761269941313,11.634913523929574,11.827781188901652,134.2485821865259,139.0129831736364,2.781428224836458,0.009742557759580906,0.3813750177588734,-862.2467029347819,862.2467029347819,0.10457936301403237,1804.880079676798,3138.096013295542,16.416666666666668,False,"SOC floor violated (min 0.010, unmet 862 Wh); did not refill (end SOC 0.381)"
6.0,0.3,1.3,0.34,0.4,0.0,0.12,0.3677616452701203,0.7355232905402406,0.0,0.16344962003527752,0.5,4.916995294182947,-0.9126134851581469,2,mixed,False,23+23,2,46,10,23,0,16x12E,9.380071845450244,1.3261970961486216,27.145286401656865,0.32065005589446827,10.075056617034148,12.090067940440978,12.290480532097188,114.46951237936484,83.82984931005328,2.5081633979920883,0.0028311502935134143,0.08709744933075517,-862.5438639464905,783.6194159609131,2.57684442661951,1012.4937032333256,2550.6691394314666,21.5,False,"SOC floor violated (min 0.003, unmet 784 Wh); did not refill (end SOC 0.087)"
4.0,0.3,1.6,0.34,0.4,0.0,0.12,0.27217613832466364,0.5443522766493273,0.0,0.1209671724716342,0.5,5.219395476427898,-0.28433446738655244,2,mixed,False,14+14+8,3,36,8,14,0,22x12E,8.867193245802339,0.8889917048984394,17.997918216602347,0.3076878590143144,11.964448415868695,14.357338099042433,14.59533439086547,71.2129498853007,73.93013769604356,7.943692084830011,0.0067398787835340965,0.08243556420235391,-867.0472449805261,49.99242656504079,0.1291054397757172,792.3863764434723,1605.6403564292386,17.916666666666668,False,"SOC floor violated (min 0.007, unmet 50 Wh); did not refill (end SOC 0.082)"
4.5,0.36,1.3,0.34,0.4,0.0,0.144,0.3901586067935855,0.780317213587171,0.0,0.17340382519444825,0.5000000000000001,5.297311709501685,-0.1298809043550313,2,mixed,False,20+20,2,40,12,20,0,18x12E,9.17864693230339,1.2182742590674143,16.621872989010964,0.304503444159921,10.398369540768343,12.47804344892201,12.684887367311607,80.89164871241269,82.98394041060871,3.903242568514143,0.003054744721796578,0.08219405941740585,-867.2805386027859,190.39036047709706,0.20148359174183025,880.4293071594136,1833.7789616455561,18.083333333333332,False,"SOC floor violated (min 0.003, unmet 190 Wh); did not refill (end SOC 0.082)"
4.0,0.36,1.6,0.28,0.4,0.0,0.144,0.33049322809804865,0.6609864561960973,0.0,0.14688587912555987,0.5,5.429764756163468,0.11298546487476724,2,mixed,False,17+17,2,34,10,17,0,22x12E,9.13520049850111,1.0793865372691784,14.823234724123584,0.29944962100181677,11.020948997839575,13.22513879740749,13.444367039503279,68.33794730034434,70.24670536226792,7.703178984855268,0.009416137555736646,0.07831664039862217,-871.026125374931,15.688381634922296,0.219535050772136,748.3649110855014,1531.4042204079703,18.083333333333332,False,"SOC floor violated (min 0.009, unmet 16 Wh); did not refill (end SOC 0.078)"
4.0,0.36,1.6,0.34,0.4,0.0,0.144,0.33049322809804865,0.6609864561960973,0.0,0.14688587912555987,0.5,5.429764756163468,0.11298546487476724,2,mixed,False,17+17,2,34,10,17,0,22x12E,9.13520049850111,1.0793865372691784,14.823234724123584,0.29944962100181677,11.020948997839575,13.22513879740749,13.444367039503279,68.33794730034434,70.24670536226792,7.703178984855268,0.009416137555736646,0.07831664039862217,-871.026125374931,15.688381634922296,0.219535050772136,748.3649110855014,1531.4042204079703,18.083333333333332,False,"SOC floor violated (min 0.009, unmet 16 Wh); did not refill (end SOC 0.078)"
4.5,0.36,1.6,0.28,0.6,0.5,0.216,1.334833955011557,0.8393358200462289,0.0,0.186519071053231,0.5,5.534857456857874,0.31342498424630394,2,mixed,False,25+25,2,50,12,25,0,19x10E,10.013173370219302,1.4882160895216643,13.606894954689452,0.2952746636392945,9.826555680689804,11.791866816827765,11.987336238576862,104.36501565767607,108.12054172317745,3.1005157278763593,0.0036409941190165013,0.07829781577709942,-871.0443099593219,539.3893312106352,0.21808971210541964,1100.5366339492664,2405.728729649942,18.416666666666668,False,"SOC floor violated (min 0.004, unmet 539 Wh); did not refill (end SOC 0.078)"
4.5,0.36,1.6,0.34,0.6,0.5,0.216,1.334833955011557,0.8393358200462289,0.0,0.186519071053231,0.5,5.534857456857874,0.31342498424630394,2,mixed,False,25+25,2,50,12,25,0,19x10E,10.013173370219302,1.4882160895216643,13.606894954689452,0.2952746636392945,9.826555680689804,11.791866816827765,11.987336238576862,104.36501565767607,108.12054172317745,3.1005157278763593,0.0036409941190165013,0.07829781577709942,-871.0443099593219,539.3893312106352,0.21808971210541964,1100.5366339492664,2405.728729649942,18.416666666666668,False,"SOC floor violated (min 0.004, unmet 539 Wh); did not refill (end SOC 0.078)"
4.0,0.3,1.6,0.34,0.6,0.0,0.18,0.298732218071772,0.597464436143544,0.0,0.13276987457934858,0.5,5.334534553811805,-0.06359235682106679,2,mixed,False,17+17,2,34,8,17,0,22x12E,8.950951332202683,0.9958478661686126,16.06671113486219,0.30306427510528194,11.357599457989496,13.629119349587395,13.855044228115657,68.3464010796803,70.45262254722064,7.884959088028351,0.009233769155489725,0.07698118285090219,-872.3161773660285,15.734677353140366,0.1852155199466819,748.3649110855014,1532.7754362619385,18.083333333333332,False,"SOC floor violated (min 0.009, unmet 16 Wh); did not refill (end SOC 0.077)"
4.5,0.36,1.6,0.28,0.6,0.0,0.216,0.38213259298716656,0.7642651859743331,0.0,0.16983670798193184,0.5,5.417206856888433,0.08750682712051727,2,mixed,False,23+23,2,46,10,23,0,16x12E,9.656011545069795,1.3510270933901518,14.988596527095828,0.2999648857027826,10.127804471753516,12.153365366104218,12.354827215811321,65.9348232165589,104.0561406315712,2.344487308298104,0.029082679572406383,0.07507117338946222,-874.1612465057794,0.0,0.1976700246071594,1012.4937032333258,1783.290178773776,15.583333333333334,False,"SOC floor violated (min 0.029, unmet 0 Wh); did not refill (end SOC 0.075)"
4.5,0.36,1.6,0.34,0.6,0.0,0.216,0.38213259298716656,0.7642651859743331,0.0,0.16983670798193184,0.5,5.417206856888433,0.08750682712051727,2,mixed,False,23+23,2,46,10,23,0,16x12E,9.656011545069795,1.3510270933901518,14.988596527095828,0.2999648857027826,10.127804471753516,12.153365366104218,12.354827215811321,65.9348232165589,104.0561406315712,2.344487308298104,0.029082679572406383,0.07507117338946222,-874.1612465057794,0.0,0.1976700246071594,1012.4937032333258,1783.290178773776,15.583333333333334,False,"SOC floor violated (min 0.029, unmet 0 Wh); did not refill (end SOC 0.075)"
4.0,0.3,1.3,0.34,0.6,0.0,0.18,0.3327984198905627,0.6655968397811254,0.0,0.14791040860603513,0.5,5.338396479844199,-0.055758503921890856,2,mixed,False,16+16,2,32,10,16,0,22x12E,8.732083778948939,0.9999358103868674,16.001027099739257,0.3028873929673744,11.194928785271987,13.433914542326384,13.656603582849465,66.00107435292962,67.9708579870965,8.091739262082045,0.02059792651540506,0.07492902295365764,-874.2985638267667,0.0,0.19976941959855546,704.3434457275308,1475.1878917305924,18.333333333333332,False,"SOC floor violated (min 0.021, unmet 0 Wh); did not refill (end SOC 0.075)"
4.0,0.36,1.3,0.28,0.6,0.5,0.216,1.2202214234589919,0.8808856938359675,0.0,0.19575237625719447,0.5,5.708024242049603,0.627374102407396,2,mixed,False,21+21+12,3,54,12,21,0,16x12E,9.600893265724478,1.3277118849780947,12.050807242916243,0.28870477427611074,10.187141736205376,12.224570083446451,12.42721226745862,115.44771237605843,118.44211908215976,2.2977738890083064,0.0015589437933293798,0.0735793700081744,-875.6023285721035,707.9268779849484,0.19223578207390798,1188.579564665208,2666.4657322324306,18.75,False,"SOC floor violated (min 0.002, unmet 708 Wh); did not refill (end SOC 0.074)"
4.0,0.36,1.3,0.34,0.6,0.5,0.216,1.2202214234589919,0.8808856938359675,0.0,0.19575237625719447,0.5,5.708024242049603,0.627374102407396,2,mixed,False,21+21+12,3,54,12,21,0,16x12E,9.600893265724478,1.3277118849780947,12.050807242916243,0.28870477427611074,10.187141736205376,12.224570083446451,12.42721226745862,115.44771237605843,118.44211908215976,2.2977738890083064,0.0015589437933293798,0.0735793700081744,-875.6023285721035,707.9268779849484,0.19223578207390798,1188.579564665208,2666.4657322324306,18.75,False,"SOC floor violated (min 0.002, unmet 708 Wh); did not refill (end SOC 0.074)"
4.5,0.36,1.6,0.34,1.0,1.0,0.36,2.25,0.9056075308874147,0.0,0.20124611797498104,0.5,5.753122465161091,0.5293668119384511,2,mixed,False,26+26,2,52,12,26,0,19x10E,10.294359617476012,1.6199999999999999,12.500000000000002,0.2907692307692308,9.54971937610962,11.459663251331543,11.64962585725078,111.33722920668502,114.97078378877515,2.9732482554702524,0.007757183454527958,0.0724403214746657,-876.7026494554729,655.3960872248622,0.25151440410095083,1144.5580993072379,2571.1696625164095,18.75,False,"SOC floor violated (min 0.008, unmet 655 Wh); did not refill (end SOC 0.072)"
4.5,0.36,1.3,0.34,0.6,0.5,0.216,1.3582788216710497,0.9331152866841987,0.0,0.20735895247435593,0.5,5.5375322032822,0.3184074832887567,2,mixed,False,24+24,2,48,14,24,0,19x10E,9.818993499313377,1.491592150320631,13.576097189601784,0.29515924277757216,9.719790201643935,11.663748241972721,11.857093889417778,101.76203033653711,105.26450027483688,3.1702111616912636,0.007744995909692069,0.07185640642404986,-877.2667113943678,512.2353045766085,0.1737734763572938,1056.515168591296,2340.968567747828,18.666666666666668,False,"SOC floor violated (min 0.008, unmet 512 Wh); did not refill (end SOC 0.072)"
4.5,0.45,1.6,0.28,0.4,0.0,0.18000000000000002,0.4437516691652656,0.8875033383305312,0.0,0.19722296395081448,0.5,5.587373292801908,0.396899027179062,2,mixed,False,25+25,2,50,18,25,0,19x10E,10.14166548515363,1.5373129506746217,13.172334228442985,0.2935961384946479,9.73020403432944,11.676244841195327,11.869797640150983,105.32812853184508,108.98616807048491,3.0535138120859586,0.0015327247859342284,0.07179037884140728,-877.3304940392005,554.9805541451072,0.09231151583084458,1100.5366339492664,2427.689465598574,18.583333333333336,False,"SOC floor violated (min 0.002, unmet 555 Wh); did not refill (end SOC 0.072)"
4.5,0.45,1.6,0.34,0.4,0.0,0.18000000000000002,0.4437516691652656,0.8875033383305312,0.0,0.19722296395081448,0.5,5.587373292801908,0.396899027179062,2,mixed,False,25+25,2,50,18,25,0,19x10E,10.14166548515363,1.5373129506746217,13.172334228442985,0.2935961384946479,9.73020403432944,11.676244841195327,11.869797640150983,105.32812853184508,108.98616807048491,3.0535138120859586,0.0015327247859342284,0.07179037884140728,-877.3304940392005,554.9805541451072,0.09231151583084458,1100.5366339492664,2427.689465598574,18.583333333333336,False,"SOC floor violated (min 0.002, unmet 555 Wh); did not refill (end SOC 0.072)"
4.0,0.36,1.3,0.28,0.6,0.0,0.216,0.4027487605843451,0.8054975211686902,0.0,0.17899944911216537,0.5,5.578974504465188,0.3822438735746987,2,mixed,False,20+20,2,40,12,20,0,19x12E,9.184787232489711,1.2099958215241455,13.223186159309162,0.2937982577409123,10.437369635042879,12.524843562051455,12.732463268634158,84.07674773787134,86.2380709391567,4.675614187929603,0.007735265741490042,0.06878580712652323,-880.2329103157786,253.2910796772354,0.21753217624854315,880.4293071594136,1909.5491130492087,18.583333333333336,False,"SOC floor violated (min 0.008, unmet 253 Wh); did not refill (end SOC 0.069)"
4.0,0.36,1.3,0.34,0.6,0.0,0.216,0.4027487605843451,0.8054975211686902,0.0,0.17899944911216537,0.5,5.578974504465188,0.3822438735746987,2,mixed,False,20+20,2,40,12,20,0,19x12E,9.184787232489711,1.2099958215241455,13.223186159309162,0.2937982577409123,10.437369635042879,12.524843562051455,12.732463268634158,84.07674773787134,86.2380709391567,4.675614187929603,0.007735265741490042,0.06878580712652323,-880.2329103157786,253.2910796772354,0.21753217624854315,880.4293071594136,1909.5491130492087,18.583333333333336,False,"SOC floor violated (min 0.008, unmet 253 Wh); did not refill (end SOC 0.069)"
4.5,0.4,1.3,0.34,0.6,0.0,0.24,0.47579028497746806,0.9515805699549361,0.0,0.21146234882137013,0.5,5.565990829056664,0.3591959662151609,2,mixed,False,24+24,2,48,21,24,0,19x10E,9.880319765607009,1.516126445596395,13.356405766033786,0.29432046342304047,9.670885419904604,11.605062503885524,11.797435339521645,102.52629251516196,105.99532866600948,3.144819537411902,0.0072425108368011516,0.06758252191293618,-881.3952838321036,526.0863068033538,0.25409192182624685,1056.515168591296,2358.8434601558447,18.75,False,"SOC floor violated (min 0.007, unmet 526 Wh); did not refill (end SOC 0.068)"
4.0,0.36,1.3,0.28,1.0,1.0,0.36,2.0,0.9472226608515915,0.0,0.210493924633687,0.5,5.936853640831384,0.8601264317462909,2,mixed,False,22+22+14,3,58,14,22,7,19x10E,9.91350513587881,1.44,11.11111111111111,0.2838461538461538,9.939872671487539,11.927847205785046,12.125570724227362,126.01183318874502,130.8738348109627,3.038057523114607,0.0028844614185129427,0.06253332842417748,-886.2728047422446,872.0079370400227,0.09618934706142093,1276.6224953811488,2928.9991714428043,18.916666666666664,False,"SOC floor violated (min 0.003, unmet 872 Wh); did not refill (end SOC 0.063)"
4.0,0.36,1.3,0.34,1.0,1.0,0.36,2.0,0.9472226608515915,0.0,0.210493924633687,0.5,5.936853640831384,0.8601264317462909,2,mixed,False,22+22+14,3,58,14,22,0,19x10E,9.91350513587881,1.44,11.11111111111111,0.2838461538461538,9.939872671487539,11.927847205785046,12.125570724227362,126.01183318874502,130.8738348109627,3.038057523114607,0.0028844614185129427,0.06253332842417748,-886.2728047422446,872.0079370400227,0.09618934706142093,1276.6224953811488,2928.9991714428043,18.916666666666664,False,"SOC floor violated (min 0.003, unmet 872 Wh); did not refill (end SOC 0.063)"
4.5,0.45,1.3,0.28,1.0,1.0,0.45,2.25,1.2558516877157357,0.0,0.279078152825719,0.5,6.12381661107989,1.1968203939401465,2,mixed,False,26+26+26+10+10+9+1,7,108,27,36,9,19x10E,11.991663313139984,2.025,10.0,0.2769230769230769,9.218826651865312,11.062591982238374,11.245972484359417,142.29738791455668,146.67737858280952,2.4202988663244867,0.0038896196335668418,0.7936036310076457,-887.0413352315618,887.0413352315618,0.10456583689988719,2377.1591293304164,3333.827227518915,15.166666666666666,False,"SOC floor violated (min 0.004, unmet 887 Wh); did not refill (end SOC 0.794)"
4.5,0.45,1.3,0.34,1.0,1.0,0.45,2.25,1.2558516877157357,0.0,0.279078152825719,0.5,6.12381661107989,1.1968203939401465,2,mixed,False,26+26+26+10+10+9+1,7,108,27,36,9,19x10E,11.991663313139984,2.025,10.0,0.2769230769230769,9.218826651865312,11.062591982238374,11.245972484359417,142.29738791455668,146.67737858280952,2.4202988663244867,0.0038896196335668418,0.7936036310076457,-887.0413352315618,887.0413352315618,0.10456583689988719,2377.1591293304164,3333.827227518915,15.166666666666666,False,"SOC floor violated (min 0.004, unmet 887 Wh); did not refill (end SOC 0.794)"
4.0,0.52,1.6,0.28,0.4,0.0,0.20800000000000002,0.49263346414198567,0.9852669282839713,0.0,0.21894820623576527,0.5,6.042701550212802,1.217502431101889,2,mixed,False,26+24+24+7,4,81,28,24,7,19x10E,10.789867270639046,1.6097016408122995,9.93973019243862,0.2765032944071878,9.808075653219879,11.769690783863854,11.964792601703623,135.7709356504147,140.79083775387252,2.7487398934866296,0.005237634397810479,0.3459593052577159,-887.941447889626,887.941447889626,0.4085231038596385,1782.8693469978125,3175.7333962105877,16.583333333333332,False,"SOC floor violated (min 0.005, unmet 888 Wh); did not refill (end SOC 0.346)"
4.0,0.52,1.6,0.34,0.4,0.0,0.20800000000000002,0.49263346414198567,0.9852669282839713,0.0,0.21894820623576527,0.5,6.042701550212802,1.217502431101889,2,mixed,False,26+24+24+7,4,81,28,24,7,19x10E,10.789867270639046,1.6097016408122995,9.93973019243862,0.2765032944071878,9.808075653219879,11.769690783863854,11.964792601703623,135.7709356504147,140.79083775387252,2.7487398934866296,0.005237634397810479,0.3459593052577159,-887.941447889626,887.941447889626,0.4085231038596385,1782.8693469978125,3175.7333962105877,16.583333333333332,False,"SOC floor violated (min 0.005, unmet 888 Wh); did not refill (end SOC 0.346)"
4.0,0.52,1.3,0.28,0.4,0.0,0.20800000000000002,0.5526617076998015,1.105323415399603,0.0,0.24562742552467756,0.5,6.0652878902486265,1.2563191195392887,2,mixed,False,26+24+24+8+6,5,88,32,24,8,19x10E,10.822848927108334,1.6284304528023381,9.825411931142575,0.2756929131412304,9.766402970950473,11.719683565140567,11.913956431782113,138.11673457400266,143.1718467100368,2.7294415201318465,0.0015688377178714984,0.4465665052539944,-890.331680448418,890.331680448418,0.34740025440608235,1936.94447575071,3234.4000081750146,16.166666666666668,False,"SOC floor violated (min 0.002, unmet 890 Wh); did not refill (end SOC 0.447)"
4.0,0.52,1.3,0.34,0.4,0.0,0.20800000000000002,0.5526617076998015,1.105323415399603,0.0,0.24562742552467756,0.5,6.0652878902486265,1.2563191195392887,2,mixed,False,26+24+24+8+6,5,88,32,24,8,19x10E,10.822848927108334,1.6284304528023381,9.825411931142575,0.2756929131412304,9.766402970950473,11.719683565140567,11.913956431782113,138.11673457400266,143.1718467100368,2.7294415201318465,0.0015688377178714984,0.4465665052539944,-890.331680448418,890.331680448418,0.34740025440608235,1936.94447575071,3234.4000081750146,16.166666666666668,False,"SOC floor violated (min 0.002, unmet 890 Wh); did not refill (end SOC 0.447)"
4.0,0.36,1.3,0.28,1.0,1.0,0.36,2.0,0.9472226608515915,0.0,0.210493924633687,0.5,5.937099601305051,0.8605780735907342,2,mixed,False,22+22+14+7,4,65,14,22,7,19x10E,10.077505135878809,1.44,11.11111111111111,0.2838461538461538,10.021753520261843,12.026104224314212,12.225456513068561,130.28095088013612,135.51304401494423,2.972798795834163,0.0036789055797418913,0.12849682555441244,-890.7953971976573,890.7953971976573,0.21672069529629331,1430.6976241340474,3037.69937217087,18.083333333333332,False,"SOC floor violated (min 0.004, unmet 891 Wh); did not refill (end SOC 0.128)"
5.0,0.3,1.6,0.34,0.6,0.5,0.18,1.4335814312951325,0.73432572518053,0.0,0.16318349446466088,0.5,5.208381710317027,-0.3071583515392342,2,mixed,False,26+26,2,52,10,26,0,16x12E,9.72271348634896,1.372029771755416,18.2211789530006,0.3081591755629522,10.084640607463944,12.101568728956734,12.302171964937182,123.73509991034695,95.82009018802846,2.362703677847674,0.003262459589286233,0.13087943938088836,-893.0080203138169,893.0080203138169,2.340303168582919,1144.558099307238,2749.613613010017,20.416666666666664,False,"SOC floor violated (min 0.003, unmet 893 Wh); did not refill (end SOC 0.131)"
4.5,0.4,1.6,0.28,0.4,0.0,0.16000000000000003,0.3908048928230273,0.7816097856460545,0.0,0.17369106342916554,0.5,5.419727100180222,0.09431049263159474,2,mixed,False,22+22,2,44,18,22,0,16x12E,9.660845907767296,1.3537931742775267,14.9579717084973,0.2998703188534767,10.11998495288214,12.143981943458568,12.34528824763356,65.40389081955362,103.60067825299659,2.344643049322669,0.025362750915786547,0.052023241177636625,-896.425549022403,0.0,0.1352698662046651,968.4722378753546,1761.6338103757357,15.833333333333332,False,"SOC floor violated (min 0.025, unmet 0 Wh); did not refill (end SOC 0.052)"
4.5,0.4,1.6,0.34,0.4,0.0,0.16000000000000003,0.3908048928230273,0.7816097856460545,0.0,0.17369106342916554,0.5,5.419727100180222,0.09431049263159474,2,mixed,False,22+22,2,44,18,22,0,16x12E,9.660845907767296,1.3537931742775267,14.9579717084973,0.2998703188534767,10.11998495288214,12.143981943458568,12.34528824763356,65.40389081955362,103.60067825299659,2.344643049322669,0.025362750915786547,0.052023241177636625,-896.425549022403,0.0,0.1352698662046651,968.4722378753546,1761.6338103757357,15.833333333333332,False,"SOC floor violated (min 0.025, unmet 0 Wh); did not refill (end SOC 0.052)"
4.5,0.36,1.6,0.28,0.4,0.5,0.144,1.3279157997136048,0.8116631988544195,0.0,0.18036959972990377,0.5,5.496269748435524,0.20381619932238637,2,mixed,False,24+24,2,48,12,24,0,19x10E,9.865117367047949,1.4208298127381387,14.252234728222238,0.2975784679484564,9.98225240406837,11.978702884882045,12.177269419136884,104.4849001854325,108.49303981331917,3.150053072629173,0.0017211531140911163,0.050092304826043633,-898.2908335380419,558.0830404802239,0.2208111811217274,1056.5151685912963,2407.678302589813,19.0,False,"SOC floor violated (min 0.002, unmet 558 Wh); did not refill (end SOC 0.050)"
4.5,0.36,1.6,0.34,0.4,0.5,0.144,1.3279157997136048,0.8116631988544195,0.0,0.18036959972990377,0.5,5.496269748435524,0.20381619932238637,2,mixed,False,24+24,2,48,12,24,0,19x10E,9.865117367047949,1.4208298127381387,14.252234728222238,0.2975784679484564,9.98225240406837,11.978702884882045,12.177269419136884,104.4849001854325,108.49303981331917,3.150053072629173,0.0017211531140911163,0.050092304826043633,-898.2908335380419,558.0830404802239,0.2208111811217274,1056.5151685912963,2407.678302589813,19.0,False,"SOC floor violated (min 0.002, unmet 558 Wh); did not refill (end SOC 0.050)"
4.5,0.36,1.3,0.34,0.4,0.5,0.144,1.3507978314067701,0.9031913256270812,0.0,0.20070918344207722,0.5,5.50086620910385,0.2113347182486751,2,mixed,False,23+23,2,46,12,23,0,19x10E,9.670848652956233,1.4257723315838622,14.202828566258315,0.2974094929512588,9.86633031977713,11.839596383732557,12.035857000886772,101.63314882752817,105.33656876520553,3.224251157763646,0.007791492560738026,0.04804192709380157,-900.2714984273877,529.3122124726092,0.15761146765060136,1012.4937032333257,2337.0954348927876,19.166666666666668,False,"SOC floor violated (min 0.008, unmet 529 Wh); did not refill (end SOC 0.048)"
4.5,0.36,1.3,0.28,0.6,0.0,0.216,0.4259422355063571,0.8518844710127143,0.0,0.18930766019842743,0.5,5.4222145151561625,0.09749842746611925,2,mixed,False,23+23,2,46,12,23,0,19x10E,9.524093055611766,1.3573356819129154,14.918932928559974,0.299749207468938,10.034982772590428,12.041979327108514,12.241594771579566,100.66076440181064,104.58741417180201,3.2820027485068044,0.00209251477479383,0.04574346623926822,-902.491811612867,505.120260557656,0.1091244345686905,1012.4937032333258,2315.1643736792494,19.083333333333332,False,"SOC floor violated (min 0.002, unmet 505 Wh); did not refill (end SOC 0.046)"
4.5,0.36,1.3,0.34,0.6,0.0,0.216,0.4259422355063571,0.8518844710127143,0.0,0.18930766019842743,0.5,5.4222145151561625,0.09749842746611925,2,mixed,False,23+23,2,46,12,23,0,19x10E,9.524093055611766,1.3573356819129154,14.918932928559974,0.299749207468938,10.034982772590428,12.041979327108514,12.241594771579566,100.66076440181064,104.58741417180201,3.2820027485068044,0.00209251477479383,0.04574346623926822,-902.491811612867,505.120260557656,0.1091244345686905,1012.4937032333258,2315.1643736792494,19.083333333333332,False,"SOC floor violated (min 0.002, unmet 505 Wh); did not refill (end SOC 0.046)"
4.0,0.45,1.3,0.28,0.6,0.5,0.27,1.2768340838119103,1.1073363352476406,0.0,0.2460747411520337,0.5000000000000001,6.101603306943666,1.339591683081808,2,mixed,False,26+26+24+8+3,5,87,24,29,8,19x10E,10.87502524082027,1.669830135086144,9.581812942413203,0.2739015806982201,9.667795133493579,11.601354160192294,11.793665523984421,138.41385416543193,143.29412310511026,2.71049365714667,0.008889984249030921,0.435345079455492,-906.5164507901906,906.5164507901906,0.1728447343672646,1914.933743071725,3239.754584252872,16.25,False,"SOC floor violated (min 0.009, unmet 907 Wh); did not refill (end SOC 0.435)"
4.0,0.45,1.3,0.34,0.6,0.5,0.27,1.2768340838119103,1.1073363352476406,0.0,0.2460747411520337,0.5000000000000001,6.101603306943666,1.339591683081808,2,mixed,False,26+26+24+8+3,5,87,24,29,8,19x10E,10.87502524082027,1.669830135086144,9.581812942413203,0.2739015806982201,9.667795133493579,11.601354160192294,11.793665523984421,138.41385416543193,143.29412310511026,2.71049365714667,0.008889984249030921,0.435345079455492,-906.5164507901906,906.5164507901906,0.1728447343672646,1914.933743071725,3239.754584252872,16.25,False,"SOC floor violated (min 0.009, unmet 907 Wh); did not refill (end SOC 0.435)"
4.0,0.45,1.6,0.34,0.4,0.5,0.18000000000000002,1.2413056184350446,0.9652224737401784,0.0,0.2144938829673988,0.5,6.040728843633135,1.185839701799058,2,mixed,False,26+26+21+1,4,74,21,27,0,19x10E,10.68329704616623,1.595152516977462,10.030388837248761,0.2771328238188079,9.803925322372534,11.76471038684704,11.959729646484611,134.53399669435328,139.49018842087662,2.780944805310526,0.0074698850957880016,0.24184941906895543,-907.8079385687824,907.8079385687824,0.35112615903075783,1628.7942182449156,3142.6832307957347,17.166666666666668,False,"SOC floor violated (min 0.007, unmet 908 Wh); did not refill (end SOC 0.242)"
4.0,0.36,1.6,0.28,0.4,0.5,0.144,1.1916324633003623,0.7665298532014491,0.0,0.17033996735780524,0.5,5.659717048830081,0.49919870398549593,2,mixed,False,21+21,2,42,10,21,0,18x12E,9.498518995891393,1.2653926120728782,12.644296993160022,0.29140128121906755,10.379196874335792,12.45503624920295,12.661498785738848,95.11572494014457,97.60576876032258,3.6873673105512976,0.00827068682637943,0.03883150603954445,-909.1687651658001,444.91471779035044,0.20372264113916688,924.4507725173847,2173.775092102581,19.583333333333332,False,"SOC floor violated (min 0.008, unmet 445 Wh); did not refill (end SOC 0.039)"
4.0,0.36,1.6,0.34,0.4,0.5,0.144,1.1916324633003623,0.7665298532014491,0.0,0.17033996735780524,0.5,5.659717048830081,0.49919870398549593,2,mixed,False,21+21,2,42,10,21,0,18x12E,9.498518995891393,1.2653926120728782,12.644296993160022,0.29140128121906755,10.379196874335792,12.45503624920295,12.661498785738848,95.11572494014457,97.60576876032258,3.6873673105512976,0.00827068682637943,0.03883150603954445,-909.1687651658001,444.91471779035044,0.20372264113916688,924.4507725173847,2173.775092102581,19.583333333333332,False,"SOC floor violated (min 0.008, unmet 445 Wh); did not refill (end SOC 0.039)"
4.0,0.4,1.3,0.34,0.4,0.5,0.16000000000000003,1.2378385233258826,0.95135409330353,0.0,0.21141202065549464,0.5,5.835032480909085,0.8143453870536024,2,mixed,False,26+26,2,52,21,26,0,19x10E,9.727230973808956,1.417081245598212,11.290813458790572,0.28483783075190194,9.925346752625506,11.910416103150608,12.10785067264147,118.04371799497993,122.53322596352334,3.131347311047017,0.0022389304047212687,0.03338648777201773,-914.4286528122309,779.4925969898347,0.14385426142670474,1144.558099307238,2732.877892073911,19.583333333333332,False,"SOC floor violated (min 0.002, unmet 779 Wh); did not refill (end SOC 0.033)"
4.0,0.36,1.6,0.28,1.0,1.0,0.36,2.0,0.8538149682454623,0.0,0.18973665961010275,0.5,5.937156057874738,0.8606817412609225,2,mixed,False,24+24+12,3,60,12,24,0,19x10E,10.115530125581612,1.44,11.11111111111111,0.2838461538461538,10.040643030646635,12.048771636775962,12.248499674856122,129.72329814206932,134.96540394901217,2.9644392341988177,0.00874150193230096,0.07236990741384254,-928.6459200667548,928.6459200667548,0.14954396618141172,1320.6439607391196,3020.0065265949484,18.916666666666664,False,"SOC floor violated (min 0.009, unmet 929 Wh); did not refill (end SOC 0.072)"
4.0,0.36,1.6,0.34,1.0,1.0,0.36,2.0,0.8538149682454623,0.0,0.18973665961010275,0.5,5.937156057874738,0.8606817412609225,2,mixed,False,24+24+12,3,60,12,24,0,19x10E,10.115530125581612,1.44,11.11111111111111,0.2838461538461538,10.040643030646635,12.048771636775962,12.248499674856122,129.72329814206932,134.96540394901217,2.9644392341988177,0.00874150193230096,0.07236990741384254,-928.6459200667548,928.6459200667548,0.14954396618141172,1320.6439607391196,3020.0065265949484,18.916666666666664,False,"SOC floor violated (min 0.009, unmet 929 Wh); did not refill (end SOC 0.072)"
4.0,0.4,1.3,0.28,0.4,0.0,0.16000000000000003,0.41415633173434313,0.8283126634686863,0.0,0.18406948061521985,0.5000000000000001,5.5916380146209885,0.40399352912279163,2,mixed,False,19+19,2,38,18,19,0,18x12E,9.187264722541869,1.2193975196162425,13.121233840983514,0.2933914535544549,10.398457252463308,12.478148702955968,12.684994366102817,90.9443924547756,93.32633289833944,3.8390897991372,0.006534264199623503,0.016142685697339707,-931.0861656163698,408.1183274064161,0.23780985355846576,836.4078418014429,2071.00221046708,20.5,False,"SOC floor violated (min 0.007, unmet 408 Wh); did not refill (end SOC 0.016)"
4.0,0.4,1.3,0.34,0.4,0.0,0.16000000000000003,0.41415633173434313,0.8283126634686863,0.0,0.18406948061521985,0.5000000000000001,5.5916380146209885,0.40399352912279163,2,mixed,False,19+19,2,38,18,19,0,18x12E,9.187264722541869,1.2193975196162425,13.121233840983514,0.2933914535544549,10.398457252463308,12.478148702955968,12.684994366102817,90.9443924547756,93.32633289833944,3.8390897991372,0.006534264199623503,0.016142685697339707,-931.0861656163698,408.1183274064161,0.23780985355846576,836.4078418014429,2071.00221046708,20.5,False,"SOC floor violated (min 0.007, unmet 408 Wh); did not refill (end SOC 0.016)"
4.0,0.52,1.6,0.28,0.4,0.0,0.20800000000000002,0.49263346414198567,0.9852669282839713,0.0,0.21894820623576527,0.5,6.042872842738744,1.2178169648608894,2,mixed,False,26+24+24+7+2,5,83,28,24,7,19x10E,10.913867270639045,1.6097016408122995,9.93973019243862,0.2765032944071878,9.864273151254666,11.837127781505599,12.033347477552297,138.90615056232863,144.18332256311842,2.7072294646039152,0.006607609951993713,0.3566933461065775,-931.2727362071693,931.2727362071693,0.08491376545741976,1826.8908123557828,3252.8866391683973,16.583333333333332,False,"SOC floor violated (min 0.007, unmet 931 Wh); did not refill (end SOC 0.357)"
4.0,0.52,1.6,0.34,0.4,0.0,0.20800000000000002,0.49263346414198567,0.9852669282839713,0.0,0.21894820623576527,0.5,6.042872842738744,1.2178169648608894,2,mixed,False,26+24+24+7+2,5,83,28,24,7,19x10E,10.913867270639045,1.6097016408122995,9.93973019243862,0.2765032944071878,9.864273151254666,11.837127781505599,12.033347477552297,138.90615056232863,144.18332256311842,2.7072294646039152,0.006607609951993713,0.3566933461065775,-931.2727362071693,931.2727362071693,0.08491376545741976,1826.8908123557828,3252.8866391683973,16.583333333333332,False,"SOC floor violated (min 0.007, unmet 931 Wh); did not refill (end SOC 0.357)"
4.0,0.3,1.3,0.34,0.4,0.0,0.12,0.3039104742554,0.6078209485108,0.0,0.1350713216415838,0.5,5.226564700697863,-0.27396123642521997,2,mixed,False,14+14,2,28,8,14,0,22x12E,8.490974033821004,0.894703885365972,17.883011644076316,0.3074406974426994,11.670448433037445,14.004538119644932,14.236686176490663,66.17749943054312,68.441684025701,8.341302273438165,0.0075296694033191195,0.015605615838466966,-931.6049751000409,32.12374762453178,0.1570353717170422,616.300515011589,1476.5619965152857,20.333333333333332,False,"SOC floor violated (min 0.008, unmet 32 Wh); did not refill (end SOC 0.016)"
4.0,0.45,1.6,0.28,0.4,0.5,0.18000000000000002,1.2413056184350446,0.9652224737401784,0.0,0.2144938829673988,0.5,6.040957215554618,1.1862590468844205,2,mixed,False,26+26+21+7+1,5,81,21,27,7,19x10E,10.84729704616623,1.595152516977462,10.030388837248761,0.2771328238188079,9.878889077919968,11.854666893503962,12.05117732893345,138.69681583551758,143.99095594824425,2.72514512685197,0.003025122374325867,0.320329285684839,-934.5561485529055,934.5561485529055,0.38222272313937583,1782.8693469978125,3247.1060958696776,16.75,False,"SOC floor violated (min 0.003, unmet 935 Wh); did not refill (end SOC 0.320)"
4.5,0.4,1.3,0.28,0.4,0.0,0.16000000000000003,0.4370924833503401,0.8741849667006802,0.0,0.1942633258237398,0.5,5.430226693222854,0.11216242688196054,2,mixed,False,21+21,2,42,18,21,0,19x10E,9.524511125359773,1.3649021960040817,14.836227869868152,0.29949052326559433,10.0073486296528,12.00881835558336,12.207884102875045,99.9817012076099,103.8343233491488,3.2846704654489955,0.0036728452686366868,0.012373748202370917,-934.7269592365096,539.1513112550987,0.23170877266816228,924.4507725173847,2293.3660583231504,20.416666666666664,False,"SOC floor violated (min 0.004, unmet 539 Wh); did not refill (end SOC 0.012)"
4.5,0.4,1.3,0.34,0.4,0.0,0.16000000000000003,0.4370924833503401,0.8741849667006802,0.0,0.1942633258237398,0.5,5.430226693222854,0.11216242688196054,2,mixed,False,21+21,2,42,18,21,0,19x10E,9.524511125359773,1.3649021960040817,14.836227869868152,0.29949052326559433,10.0073486296528,12.00881835558336,12.207884102875045,99.9817012076099,103.8343233491488,3.2846704654489955,0.0036728452686366868,0.012373748202370917,-934.7269592365096,539.1513112550987,0.23170877266816228,924.4507725173847,2293.3660583231504,20.416666666666664,False,"SOC floor violated (min 0.004, unmet 539 Wh); did not refill (end SOC 0.012)"
4.0,0.45,1.6,0.34,0.6,0.0,0.27,0.4567166790459668,0.9134333580919336,0.0,0.20298519060049552,0.5,5.937558145481343,1.032354918594153,2,mixed,False,25+25,2,50,21,25,0,19x10E,10.120147664130652,1.5222090022282742,10.51104018999922,0.28028903359422475,9.767979308159727,11.721575169791672,11.915879392864992,122.01420338984617,126.38291191074681,2.9876612419448754,0.006913946113291821,0.0107707316220791,-936.2754732530716,890.2719508518564,0.13871420693893197,1100.5366339492664,2821.447006919015,21.0,False,"SOC floor violated (min 0.007, unmet 890 Wh); did not refill (end SOC 0.011)"
4.0,0.3,1.6,0.34,0.4,0.0,0.12,0.27217613832466364,0.5443522766493273,0.0,0.1209671724716342,0.5,5.220027529256286,-0.28505824850518646,2,mixed,False,14+14,2,28,8,14,0,22x12E,8.69519324580234,0.8889917048984394,17.997918216602347,0.3076878590143144,11.847840915444502,14.217409098533402,14.45308583898766,68.77399068488674,71.28755180289387,8.123273918907008,0.009264413467549894,0.010201421166604533,-936.82542715306,88.38547673575783,0.351528849651776,616.3005150115897,1537.697532938298,21.166666666666664,False,"SOC floor violated (min 0.009, unmet 88 Wh); did not refill (end SOC 0.010)"
4.0,0.45,1.3,0.28,0.6,0.5,0.27,1.2768340838119103,1.1073363352476406,0.0,0.2460747411520337,0.5000000000000001,6.101784164915174,1.339923781270656,2,mixed,False,26+26+24+8+3+3,6,90,24,29,8,19x10E,11.00702524082027,1.669830135086144,9.581812942413203,0.2739015806982201,9.726291542067681,11.671549850481217,11.865024822309561,141.71938727251617,146.8436612408441,2.6681128074209495,0.0,0.4518510334892954,-937.8530303520218,937.8530303520218,0.2947747745432257,1980.96594110868,3321.4054406256414,16.166666666666668,False,"SOC floor violated (min 0.000, unmet 938 Wh); did not refill (end SOC 0.452)"
4.0,0.45,1.3,0.34,0.6,0.5,0.27,1.2768340838119103,1.1073363352476406,0.0,0.2460747411520337,0.5000000000000001,6.101784164915174,1.339923781270656,2,mixed,False,26+26+24+8+3+3,6,90,24,29,8,19x10E,11.00702524082027,1.669830135086144,9.581812942413203,0.2739015806982201,9.726291542067681,11.671549850481217,11.865024822309561,141.71938727251617,146.8436612408441,2.6681128074209495,0.0,0.4518510334892954,-937.8530303520218,937.8530303520218,0.2947747745432257,1980.96594110868,3321.4054406256414,16.166666666666668,False,"SOC floor violated (min 0.000, unmet 938 Wh); did not refill (end SOC 0.452)"
4.0,0.45,1.3,0.34,0.4,0.0,0.18000000000000002,0.4710318751196979,0.9420637502393958,0.0,0.2093475000183069,0.5,5.785552403357355,0.753258623243275,2,mixed,False,21+21,2,42,21,21,0,19x10E,9.59969918663419,1.3871786062823184,11.534203257993212,0.28613169493515045,9.96577482834804,11.958929794017648,12.15716855704699,115.09139981098994,119.52787755294615,3.1875061010115977,0.009109933474332452,0.009109933474332452,-937.8798042637949,885.0248847566546,0.0,924.4507725173844,2642.1935954637624,24.0,False,"SOC floor violated (min 0.009, unmet 885 Wh); did not refill (end SOC 0.009)"
4.0,0.45,1.6,0.28,0.6,0.5,0.27,1.2488417794068711,0.9953671176274849,0.0,0.22119269279887352,0.5,6.096110086086712,1.3295078957726303,2,mixed,False,26+26+21+7+3,5,83,21,29,7,19x10E,11.002008347376833,1.6647915202932366,9.610813008695382,0.27411959768237815,9.738778914208368,11.68653469705004,11.880258067146388,139.77112630377027,144.8215462934794,2.6774428172660167,0.0,0.34510772154646513,-938.4354218039231,938.4354218039231,0.3262115010734353,1826.890812355783,3271.964312880826,16.583333333333332,False,"SOC floor violated (min 0.000, unmet 938 Wh); did not refill (end SOC 0.345)"
4.0,0.45,1.6,0.34,0.6,0.5,0.27,1.2488417794068711,0.9953671176274849,0.0,0.22119269279887352,0.5,6.096110086086712,1.3295078957726303,2,mixed,False,26+26+21+7+3,5,83,21,29,7,19x10E,11.002008347376833,1.6647915202932366,9.610813008695382,0.27411959768237815,9.738778914208368,11.68653469705004,11.880258067146388,139.77112630377027,144.8215462934794,2.6774428172660167,0.0,0.34510772154646513,-938.4354218039231,938.4354218039231,0.3262115010734353,1826.890812355783,3271.964312880826,16.583333333333332,False,"SOC floor violated (min 0.000, unmet 938 Wh); did not refill (end SOC 0.345)"
4.0,0.36,1.3,0.28,0.4,0.5,0.144,1.2132812680256477,0.8531250721025913,0.0,0.18958334931624998,0.5,5.6651798772442055,0.5082110466709269,2,mixed,False,20+20,2,40,12,20,0,17x12E,9.2805156416743,1.2700687538935398,12.597743193783947,0.29119894816768577,10.240493516477681,12.288592219773216,12.492295675097326,101.88960266371218,104.50967175131534,2.9910038976232722,0.008363263295619757,0.008363263295619757,-938.6010876564313,614.7355035102726,0.0,880.4293071594137,2329.498906651131,22.416666666666668,False,"SOC floor violated (min 0.008, unmet 615 Wh); did not refill (end SOC 0.008)"
4.0,0.36,1.3,0.34,0.4,0.5,0.144,1.2132812680256477,0.8531250721025913,0.0,0.18958334931624998,0.5,5.6651798772442055,0.5082110466709269,2,mixed,False,20+20,2,40,12,20,0,17x12E,9.2805156416743,1.2700687538935398,12.597743193783947,0.29119894816768577,10.240493516477681,12.288592219773216,12.492295675097326,101.88960266371218,104.50967175131534,2.9910038976232722,0.008363263295619757,0.008363263295619757,-938.6010876564313,614.7355035102726,0.0,880.4293071594137,2329.498906651131,22.416666666666668,False,"SOC floor violated (min 0.008, unmet 615 Wh); did not refill (end SOC 0.008)"
4.0,0.36,1.6,0.28,0.6,0.5,0.216,1.1980636454752494,0.7922545819009975,0.0,0.1760565736713846,0.49999999999999994,5.70445734669863,0.6207702744585264,2,mixed,False,22+22,2,44,12,22,0,16x12E,9.598995476588023,1.3245211649484359,12.079837169399166,0.28884283425156393,10.19839647216811,12.238075766601732,12.440941829336216,114.1846207232448,117.14539550460591,2.3052622335483166,0.008353112007131895,0.008353112007131895,-938.6108938011106,818.4009552576824,0.0,968.4722378753553,2620.4308973578713,24.0,False,"SOC floor violated (min 0.008, unmet 818 Wh); did not refill (end SOC 0.008)"
4.0,0.36,1.6,0.34,0.6,0.5,0.216,1.1980636454752494,0.7922545819009975,0.0,0.1760565736713846,0.49999999999999994,5.70445734669863,0.6207702744585264,2,mixed,False,22+22,2,44,12,22,0,16x12E,9.598995476588023,1.3245211649484359,12.079837169399166,0.28884283425156393,10.19839647216811,12.238075766601732,12.440941829336216,114.1846207232448,117.14539550460591,2.3052622335483166,0.008353112007131895,0.008353112007131895,-938.6108938011106,818.4009552576824,0.0,968.4722378753553,2620.4308973578713,24.0,False,"SOC floor violated (min 0.008, unmet 818 Wh); did not refill (end SOC 0.008)"
4.0,0.4,1.3,0.28,0.6,0.0,0.24,0.4500270848225105,0.900054169645021,0.0,0.2000120376205875,0.5,5.741655061474322,0.6778571106396072,2,mixed,False,21+21,2,42,18,21,0,19x10E,9.505868866892786,1.3520043335716017,11.834281594151891,0.28765365867818826,10.045124340524707,12.054149208629648,12.253966388732605,114.40228350035277,118.95666171519439,3.223941301103604,0.007670896601613624,0.007670896601613624,-939.2699138828413,867.0447074705978,0.0,924.4507725173844,2625.6548040084645,24.0,False,"SOC floor violated (min 0.008, unmet 867 Wh); did not refill (end SOC 0.008)"
4.0,0.4,1.3,0.34,0.6,0.0,0.24,0.4500270848225105,0.900054169645021,0.0,0.2000120376205875,0.5,5.741655061474322,0.6778571106396072,2,mixed,False,21+21,2,42,18,21,0,19x10E,9.505868866892786,1.3520043335716017,11.834281594151891,0.28765365867818826,10.045124340524707,12.054149208629648,12.253966388732605,114.40228350035277,118.95666171519439,3.223941301103604,0.007670896601613624,0.007670896601613624,-939.2699138828413,867.0447074705978,0.0,924.4507725173844,2625.6548040084645,24.0,False,"SOC floor violated (min 0.008, unmet 867 Wh); did not refill (end SOC 0.008)"
4.0,0.4,1.6,0.28,0.6,0.0,0.24,0.4034013545605723,0.8068027091211446,0.0,0.17928949087896515,0.49999999999999994,5.7338995792508305,0.6627949194045617,2,mixed,False,22+22,2,44,18,22,0,16x12E,9.649139148563235,1.3445442167296915,11.899943342076533,0.28797645217894374,10.148577893641164,12.178293472369397,12.38016854608866,83.81699298948784,118.1366690711571,2.2836789633506127,0.007272919176630968,0.007272919176630968,-939.6543600753745,307.3289742947886,0.0,968.4722378753553,2111.8257532717525,17.583333333333332,False,"SOC floor violated (min 0.007, unmet 307 Wh); did not refill (end SOC 0.007)"
4.0,0.4,1.6,0.34,0.6,0.0,0.24,0.4034013545605723,0.8068027091211446,0.0,0.17928949087896515,0.49999999999999994,5.7338995792508305,0.6627949194045617,2,mixed,False,22+22,2,44,18,22,0,16x12E,9.649139148563235,1.3445442167296915,11.899943342076533,0.28797645217894374,10.148577893641164,12.178293472369397,12.38016854608866,83.81699298948784,118.1366690711571,2.2836789633506127,0.007272919176630968,0.007272919176630968,-939.6543600753745,307.3289742947886,0.0,968.4722378753553,2111.8257532717525,17.583333333333332,False,"SOC floor violated (min 0.007, unmet 307 Wh); did not refill (end SOC 0.007)"
4.0,0.52,1.3,0.28,0.6,0.0,0.312,0.5950012625750547,1.1900025251501094,0.0,0.2644450055546868,0.5,6.241475132465578,1.58428755837596,2,mixed,False,26+26+26+10,4,88,36,26,9,19x10E,11.0477069148659,1.7877602626156115,8.949745854956493,0.26879883480137523,9.417375371841564,11.300850446209877,11.488180470904636,141.4111347779216,145.8903247181096,2.6434842344153893,0.009642195707467662,0.43367076950732475,-951.7330113925466,951.7330113925466,0.09573622822413341,1936.94447575071,3308.5809567065744,16.25,False,"SOC floor violated (min 0.010, unmet 952 Wh); did not refill (end SOC 0.434)"
4.0,0.52,1.3,0.34,0.6,0.0,0.312,0.5950012625750547,1.1900025251501094,0.0,0.2644450055546868,0.5,6.241475132465578,1.58428755837596,2,mixed,False,26+26+26+10,4,88,36,26,9,19x10E,11.0477069148659,1.7877602626156115,8.949745854956493,0.26879883480137523,9.417375371841564,11.300850446209877,11.488180470904636,141.4111347779216,145.8903247181096,2.6434842344153893,0.009642195707467662,0.43367076950732475,-951.7330113925466,951.7330113925466,0.09573622822413341,1936.94447575071,3308.5809567065744,16.25,False,"SOC floor violated (min 0.010, unmet 952 Wh); did not refill (end SOC 0.434)"
4.0,0.45,1.6,0.34,0.4,0.5,0.18000000000000002,1.2413056184350446,0.9652224737401784,0.0,0.2144938829673988,0.5,6.040890734354974,1.1861369716128234,2,mixed,False,26+26+21+1+1,5,75,21,27,0,19x10E,10.79929704616623,1.595152516977462,10.030388837248761,0.2771328238188079,9.857007478552003,11.828408974262404,12.024484141861093,137.46276356474377,142.6554307674904,2.7413505145669057,0.00787036043403227,0.23700090072679025,-952.5032685562202,952.5032685562202,0.17914391294581833,1650.8049509239013,3214.156829172388,17.25,False,"SOC floor violated (min 0.008, unmet 953 Wh); did not refill (end SOC 0.237)"
4.0,0.4,1.3,0.28,1.0,1.0,0.4,2.0,1.0524696231684352,0.0,0.23388213848187447,0.5,6.122166603234419,1.1937905876645059,2,mixed,False,26+26+24+8+7,5,91,24,33,8,19x10E,10.741787841241598,1.6,10.0,0.2769230769230769,9.815823556556827,11.778988267868192,11.97424420666695,142.3991220703124,147.72164451941896,2.735343247998673,0.008179624624930286,0.4708652597232991,-953.361555055356,953.361555055356,0.41442021176174154,2002.976673787667,3339.7155657429225,16.083333333333332,False,"SOC floor violated (min 0.008, unmet 953 Wh); did not refill (end SOC 0.471)"
4.0,0.4,1.3,0.34,1.0,1.0,0.4,2.0,1.0524696231684352,0.0,0.23388213848187447,0.5,6.122166603234419,1.1937905876645059,2,mixed,False,26+26+24+8+7,5,91,24,33,8,19x10E,10.741787841241598,1.6,10.0,0.2769230769230769,9.815823556556827,11.778988267868192,11.97424420666695,142.3991220703124,147.72164451941896,2.735343247998673,0.008179624624930286,0.4708652597232991,-953.361555055356,953.361555055356,0.41442021176174154,2002.976673787667,3339.7155657429225,16.083333333333332,False,"SOC floor violated (min 0.008, unmet 953 Wh); did not refill (end SOC 0.471)"
4.0,0.4,1.6,0.34,1.0,1.0,0.4,2.0,0.9486832980505139,0.0,0.21081851067789198,0.5,6.122137545257222,1.193737230317209,2,mixed,False,26+26+21+7,4,80,21,33,0,19x10E,10.720985863988302,1.6,10.0,0.2769230769230769,9.806314548727944,11.767577458473532,11.96264424449871,140.00161077404164,145.18337372206156,2.749745251096275,0.0007282201513949156,0.2928796178970041,-959.6362530644424,959.6362530644424,0.37180250401131093,1760.8586143188272,3276.7428127921708,16.916666666666668,False,"SOC floor violated (min 0.001, unmet 960 Wh); did not refill (end SOC 0.293)"
4.0,0.36,1.3,0.34,1.0,1.0,0.36,2.0,0.9472226608515915,0.0,0.210493924633687,0.5,5.936517225326791,0.8595086929823026,2,mixed,False,22+22,2,44,14,22,0,19x10E,9.693505135878809,1.44,11.11111111111111,0.2838461538461538,9.828961310888305,11.794753573065966,11.99027084750721,120.55038934330376,124.96096902126175,3.1280891778889255,0.005671786614383046,0.005671786614383046,-969.0827207711641,969.0827207711641,0.0,968.4722378753553,2773.2093442392825,24.0,False,"SOC floor violated (min 0.006, unmet 969 Wh); did not refill (end SOC 0.006)"
4.0,0.36,1.6,0.28,1.0,1.0,0.36,2.0,0.8538149682454623,0.0,0.18973665961010275,0.5,5.936850654060777,0.8601209473261036,2,mixed,False,24+24,2,48,12,24,0,19x10E,9.911530125581612,1.44,11.11111111111111,0.2838461538461538,9.938882490493658,11.926658988592388,12.124362810397088,124.4618636951107,129.24640459229963,3.0453923199218065,0.009914409388504363,0.009914409388504363,-979.226324889881,979.226324889881,0.0,1056.515168591296,2867.08472868266,24.0,False,"SOC floor violated (min 0.010, unmet 979 Wh); did not refill (end SOC 0.010)"
4.0,0.36,1.6,0.34,1.0,1.0,0.36,2.0,0.8538149682454623,0.0,0.18973665961010275,0.5,5.936850654060777,0.8601209473261036,2,mixed,False,24+24,2,48,12,24,0,19x10E,9.911530125581612,1.44,11.11111111111111,0.2838461538461538,9.938882490493658,11.926658988592388,12.124362810397088,124.4618636951107,129.24640459229963,3.0453923199218065,0.009914409388504363,0.009914409388504363,-979.226324889881,979.226324889881,0.0,1056.515168591296,2867.08472868266,24.0,False,"SOC floor violated (min 0.010, unmet 979 Wh); did not refill (end SOC 0.010)"
4.0,0.45,1.6,0.28,0.4,0.5,0.18000000000000002,1.2413056184350446,0.9652224737401784,0.0,0.2144938829673988,0.5,6.041116671626329,1.1865518461023234,2,mixed,False,26+26+21+7+1+1,6,82,21,27,7,19x10E,10.96329704616623,1.595152516977462,10.030388837248761,0.2771328238188079,9.93157057667211,11.917884692006531,12.115443065536878,141.7343563606552,147.2829153008507,2.6864042726217914,0.0032773131958809248,0.3138206450939239,-980.8985018560619,980.8985018560619,0.19414150213488549,1804.8800796767978,3321.8516049721525,16.75,False,"SOC floor violated (min 0.003, unmet 981 Wh); did not refill (end SOC 0.314)"
4.0,0.52,1.3,0.28,0.6,0.0,0.312,0.5950012625750547,1.1900025251501094,0.0,0.2644450055546868,0.5,6.241475132465585,1.5842875583759617,2,mixed,False,26+26+26+10+9,5,97,36,26,9,19x10E,11.2277069148659,1.7877602626156115,8.949745854956493,0.26879883480137523,9.493783924091563,11.392540708909875,11.581390649230245,145.93550068641517,150.56155534223282,2.588820006050113,0.004438419963103403,0.5530695096959167,-981.4284908478269,981.4284908478269,0.2978846660453721,2135.0410698615774,3419.845958275155,15.916666666666666,False,"SOC floor violated (min 0.004, unmet 981 Wh); did not refill (end SOC 0.553)"
4.0,0.52,1.3,0.34,0.6,0.0,0.312,0.5950012625750547,1.1900025251501094,0.0,0.2644450055546868,0.5,6.241475132465585,1.5842875583759617,2,mixed,False,26+26+26+10+9,5,97,36,26,9,19x10E,11.2277069148659,1.7877602626156115,8.949745854956493,0.26879883480137523,9.493783924091563,11.392540708909875,11.581390649230245,145.93550068641517,150.56155534223282,2.588820006050113,0.004438419963103403,0.5530695096959167,-981.4284908478269,981.4284908478269,0.2978846660453721,2135.0410698615774,3419.845958275155,15.916666666666666,False,"SOC floor violated (min 0.004, unmet 981 Wh); did not refill (end SOC 0.553)"
4.0,0.45,1.6,0.28,0.6,0.5,0.27,1.2488417794068711,0.9953671176274849,0.0,0.22119269279887352,0.5,6.09628886902774,1.3298361837127053,2,mixed,False,26+26+21+7+3+3,6,86,21,29,7,19x10E,11.134008347376835,1.6647915202932366,9.610813008695382,0.27411959768237815,9.79702673054485,11.75643207665382,11.951314109800316,143.1250771144435,148.43460613874993,2.635625900924398,0.002006898188472269,0.3717970295766431,-982.159511491429,982.159511491429,0.16799642255421549,1892.9230103927391,3354.8233184289543,16.5,False,"SOC floor violated (min 0.002, unmet 982 Wh); did not refill (end SOC 0.372)"
4.0,0.45,1.6,0.34,0.6,0.5,0.27,1.2488417794068711,0.9953671176274849,0.0,0.22119269279887352,0.5,6.09628886902774,1.3298361837127053,2,mixed,False,26+26+21+7+3+3,6,86,21,29,7,19x10E,11.134008347376835,1.6647915202932366,9.610813008695382,0.27411959768237815,9.79702673054485,11.75643207665382,11.951314109800316,143.1250771144435,148.43460613874993,2.635625900924398,0.002006898188472269,0.3717970295766431,-982.159511491429,982.159511491429,0.16799642255421549,1892.9230103927391,3354.8233184289543,16.5,False,"SOC floor violated (min 0.002, unmet 982 Wh); did not refill (end SOC 0.372)"
4.0,0.4,1.3,0.28,1.0,1.0,0.4,2.0,1.0524696231684352,0.0,0.23388213848187447,0.5,6.1223937410068245,1.1942076665591066,2,mixed,False,26+26+24+8+7+7,6,98,24,33,8,19x10E,10.905787841241597,1.6,10.0,0.2769230769230769,9.890471146482467,11.86856537577896,12.065306201216726,146.83908012082426,152.52500557390354,2.679893455494081,0.0,0.5509457218290931,-986.7733006713877,986.7733006713877,0.26668320458722405,2157.0518025405627,3450.5729807665957,15.833333333333332,False,"SOC floor violated (min 0.000, unmet 987 Wh); did not refill (end SOC 0.551)"
4.0,0.4,1.3,0.34,1.0,1.0,0.4,2.0,1.0524696231684352,0.0,0.23388213848187447,0.5,6.1223937410068245,1.1942076665591066,2,mixed,False,26+26+24+8+7+7,6,98,24,33,8,19x10E,10.905787841241597,1.6,10.0,0.2769230769230769,9.890471146482467,11.86856537577896,12.065306201216726,146.83908012082426,152.52500557390354,2.679893455494081,0.0,0.5509457218290931,-986.7733006713877,986.7733006713877,0.26668320458722405,2157.0518025405627,3450.5729807665957,15.833333333333332,False,"SOC floor violated (min 0.000, unmet 987 Wh); did not refill (end SOC 0.551)"
4.0,0.4,1.6,0.28,1.0,1.0,0.4,2.0,0.9486832980505139,0.0,0.21081851067789198,0.5,6.122365120417607,1.1941551123600092,2,mixed,False,26+26+21+7+7,5,87,21,33,7,19x10E,10.884985863988303,1.6,10.0,0.2769230769230769,9.881033975983465,11.857240771180157,12.053793872829411,144.36063018561381,149.89635658382932,2.694159116247702,0.00658999005124121,0.3826241264070128,-1002.0155705676084,1002.0155705676084,0.19196931493074249,1914.9337430717253,3386.1730724413237,16.5,False,"SOC floor violated (min 0.007, unmet 1002 Wh); did not refill (end SOC 0.383)"
4.0,0.4,1.6,0.34,1.0,1.0,0.4,2.0,0.9486832980505139,0.0,0.21081851067789198,0.5,6.122365120417607,1.1941551123600092,2,mixed,False,26+26+21+7+7,5,87,21,33,0,19x10E,10.884985863988303,1.6,10.0,0.2769230769230769,9.881033975983465,11.857240771180157,12.053793872829411,144.36063018561381,149.89635658382932,2.694159116247702,0.00658999005124121,0.3826241264070128,-1002.0155705676084,1002.0155705676084,0.19196931493074249,1914.9337430717253,3386.1730724413237,16.5,False,"SOC floor violated (min 0.007, unmet 1002 Wh); did not refill (end SOC 0.383)"
4.0,0.4,1.6,0.28,1.0,1.0,0.4,2.0,0.9486832980505139,0.0,0.21081851067789198,0.5,6.1225892922975955,1.194566745171742,2,mixed,False,26+26+21+7+7+7,6,94,21,33,7,19x10E,11.048985863988303,1.6,10.0,0.2769230769230769,9.955192606900475,11.94623112828057,12.144259390217323,148.88232947215218,154.79894402541848,2.6397620668118797,0.0,0.4608373352718238,-1036.196327356402,1036.196327356402,0.18880105558929944,2069.008871824622,3499.5227213322487,16.166666666666668,False,"SOC floor violated (min 0.000, unmet 1036 Wh); did not refill (end SOC 0.461)"
4.0,0.52,1.6,0.28,0.6,0.0,0.312,0.5324707978642856,1.0649415957285713,0.0,0.23665368769679487,0.5000000000000001,6.227353375257784,1.5575794374582959,2,mixed,False,26+26+26+8+6+3,6,95,32,29,8,19x10E,11.45241818514672,1.7747539259557716,9.01533433226998,0.26936160905813133,9.62338753941903,11.548065047302835,11.739493057149074,149.75695004518974,154.66395629656492,2.5312319837487642,0.006993075883602724,0.48648268331158706,-1053.640672995873,1053.640672995873,0.35779437190767044,2091.019604503607,3512.605016720315,16.166666666666668,False,"SOC floor violated (min 0.007, unmet 1054 Wh); did not refill (end SOC 0.486)"
4.0,0.52,1.6,0.34,0.6,0.0,0.312,0.5324707978642856,1.0649415957285713,0.0,0.23665368769679487,0.5000000000000001,6.227353375257784,1.5575794374582959,2,mixed,False,26+26+26+8+6+3,6,95,32,29,8,19x10E,11.45241818514672,1.7747539259557716,9.01533433226998,0.26936160905813133,9.62338753941903,11.548065047302835,11.739493057149074,149.75695004518974,154.66395629656492,2.5312319837487642,0.006993075883602724,0.48648268331158706,-1053.640672995873,1053.640672995873,0.35779437190767044,2091.019604503607,3512.605016720315,16.166666666666668,False,"SOC floor violated (min 0.007, unmet 1054 Wh); did not refill (end SOC 0.486)"
4.5,0.45,1.6,0.28,1.0,1.0,0.45,2.25,1.1320094136092687,0.0,0.25155764746872633,0.5,6.123805968058912,1.1968008508259507,2,mixed,False,26+26+24+10+10+8,6,104,24,36,8,18x10E,11.983152448049921,2.025,10.0,0.2769230769230769,9.215554623863884,11.058665548636661,11.241980963717833,152.3891570553741,157.13941933578485,1.9519897082545552,0.005276766085223409,0.6287192080104994,-1057.889235983118,1057.889235983118,0.3112816302183342,2289.116198614475,3576.529433142345,15.75,False,"SOC floor violated (min 0.005, unmet 1058 Wh); did not refill (end SOC 0.629)"
4.5,0.45,1.6,0.34,1.0,1.0,0.45,2.25,1.1320094136092687,0.0,0.25155764746872633,0.5,6.123805968058912,1.1968008508259507,2,mixed,False,26+26+24+10+10+8,6,104,24,36,8,18x10E,11.983152448049921,2.025,10.0,0.2769230769230769,9.215554623863884,11.058665548636661,11.241980963717833,152.3891570553741,157.13941933578485,1.9519897082545552,0.005276766085223409,0.6287192080104994,-1057.889235983118,1057.889235983118,0.3112816302183342,2289.116198614475,3576.529433142345,15.75,False,"SOC floor violated (min 0.005, unmet 1058 Wh); did not refill (end SOC 0.629)"
4.0,0.52,1.6,0.28,0.6,0.0,0.312,0.5324707978642856,1.0649415957285713,0.0,0.23665368769679487,0.5000000000000001,6.227353375257784,1.5575794374582959,2,mixed,False,26+26+26+8+6+3+3,7,98,32,29,8,19x10E,11.58441818514672,1.7747539259557716,9.01533433226998,0.26936160905813133,9.678687990455686,11.614425588546823,11.806953632579797,153.29598296649425,158.4462457942645,2.4925238020171356,0.0,0.5035323740000006,-1090.0086100379103,1090.0086100379103,0.11090662659769397,2157.0518025405627,3599.876505249056,16.083333333333332,False,"SOC floor violated (min 0.000, unmet 1090 Wh); did not refill (end SOC 0.504)"
4.0,0.52,1.6,0.34,0.6,0.0,0.312,0.5324707978642856,1.0649415957285713,0.0,0.23665368769679487,0.5000000000000001,6.227353375257784,1.5575794374582959,2,mixed,False,26+26+26+8+6+3+3,7,98,32,29,8,19x10E,11.58441818514672,1.7747539259557716,9.01533433226998,0.26936160905813133,9.678687990455686,11.614425588546823,11.806953632579797,153.29598296649425,158.4462457942645,2.4925238020171356,0.0,0.5035323740000006,-1090.0086100379103,1090.0086100379103,0.11090662659769397,2157.0518025405627,3599.876505249056,16.083333333333332,False,"SOC floor violated (min 0.000, unmet 1090 Wh); did not refill (end SOC 0.504)"
4.0,0.45,1.6,0.28,1.0,1.0,0.45,2.0,1.0672687103068281,0.0,0.23717082451262847,0.5,6.352913093476795,1.609227877441036,2,mixed,False,26+26+24+8+7,5,91,24,33,8,19x10E,11.343879286996666,1.8,8.88888888888889,0.2682692307692308,9.510273241729097,11.412327890074916,11.601505835190494,152.1310711627567,157.222301940551,2.539604820653196,0.004245866341495081,0.39431185979235234,-1108.3693083480207,1108.3693083480207,0.16461558640315843,2002.9766737876666,3568.905669508121,16.583333333333332,False,"SOC floor violated (min 0.004, unmet 1108 Wh); did not refill (end SOC 0.394)"
4.0,0.45,1.6,0.34,1.0,1.0,0.45,2.0,1.0672687103068281,0.0,0.23717082451262847,0.5,6.352913093476795,1.609227877441036,2,mixed,False,26+26+24+8+7,5,91,24,33,8,19x10E,11.343879286996666,1.8,8.88888888888889,0.2682692307692308,9.510273241729097,11.412327890074916,11.601505835190494,152.1310711627567,157.222301940551,2.539604820653196,0.004245866341495081,0.39431185979235234,-1108.3693083480207,1108.3693083480207,0.16461558640315843,2002.9766737876666,3568.905669508121,16.583333333333332,False,"SOC floor violated (min 0.004, unmet 1108 Wh); did not refill (end SOC 0.394)"
4.0,0.45,1.3,0.28,1.0,1.0,0.45,2.0,1.1840283260644895,0.0,0.2631174057921088,0.5,6.352885987659029,1.6091781047220755,2,mixed,False,26+26+26+9+4+4,6,95,27,30,9,19x10E,11.3233858383297,1.8,8.88888888888889,0.26826923076923076,9.501678897799769,11.402014677359722,11.591021664156559,153.80071943277795,158.94952601287227,2.53755631843261,0.0005789128387054341,0.44680789475796434,-1113.3755746689687,1113.3755746689687,0.2963340876787868,2091.0196045036073,3610.691450167403,16.333333333333336,False,"SOC floor violated (min 0.001, unmet 1113 Wh); did not refill (end SOC 0.447)"
4.0,0.45,1.3,0.34,1.0,1.0,0.45,2.0,1.1840283260644895,0.0,0.2631174057921088,0.5,6.352885987659029,1.6091781047220755,2,mixed,False,26+26+26+9+4+4,6,95,27,30,9,19x10E,11.3233858383297,1.8,8.88888888888889,0.26826923076923076,9.501678897799769,11.402014677359722,11.591021664156559,153.80071943277795,158.94952601287227,2.53755631843261,0.0005789128387054341,0.44680789475796434,-1113.3755746689687,1113.3755746689687,0.2963340876787868,2091.0196045036073,3610.691450167403,16.333333333333336,False,"SOC floor violated (min 0.001, unmet 1113 Wh); did not refill (end SOC 0.447)"
4.0,0.52,1.3,0.28,0.4,0.5,0.20800000000000002,1.3125649095242835,1.2502596380971336,0.0,0.2778354751142637,0.49999999999999994,6.3515630545451796,1.7439653593975497,2,mixed,False,26+26+26+10+9+5,6,102,36,31,9,19x10E,11.55120338785487,1.8655202517715765,8.576695956425949,0.26543421988068666,9.426751975333612,11.312102370400334,11.499618914087316,155.53397475262673,160.28404329881522,2.4781887684672936,0.0029536773509750217,0.5639711216451058,-1113.6114562045723,1113.6114562045723,0.14977429223557218,2245.0947332565047,3651.211781478087,15.916666666666666,False,"SOC floor violated (min 0.003, unmet 1114 Wh); did not refill (end SOC 0.564)"
4.0,0.52,1.3,0.34,0.4,0.5,0.20800000000000002,1.3125649095242835,1.2502596380971336,0.0,0.2778354751142637,0.49999999999999994,6.3515630545451796,1.7439653593975497,2,mixed,False,26+26+26+10+9+5,6,102,36,31,9,19x10E,11.55120338785487,1.8655202517715765,8.576695956425949,0.26543421988068666,9.426751975333612,11.312102370400334,11.499618914087316,155.53397475262673,160.28404329881522,2.4781887684672936,0.0029536773509750217,0.5639711216451058,-1113.6114562045723,1113.6114562045723,0.14977429223557218,2245.0947332565047,3651.211781478087,15.916666666666666,False,"SOC floor violated (min 0.003, unmet 1114 Wh); did not refill (end SOC 0.564)"
4.0,0.52,1.6,0.28,0.4,0.5,0.20800000000000002,1.2804384110940128,1.121753644376051,0.0,0.2492785874241429,0.5,6.339421293676559,1.7233824705792924,2,mixed,False,26+26+26+8+7+7,6,100,32,33,8,19x10E,11.667400394003396,1.855496784261332,8.623027609487103,0.26586792767462664,9.499601715098322,11.399522058117986,11.58848772568612,156.25694739533742,161.15704383746225,2.4550603194944416,0.0064642489244196594,0.5243398313080483,-1136.8115209077034,1136.8115209077034,0.15673659461937223,2201.0732678985337,3668.9591676549153,16.083333333333332,False,"SOC floor violated (min 0.006, unmet 1137 Wh); did not refill (end SOC 0.524)"
4.0,0.52,1.6,0.34,0.4,0.5,0.20800000000000002,1.2804384110940128,1.121753644376051,0.0,0.2492785874241429,0.5,6.339421293676559,1.7233824705792924,2,mixed,False,26+26+26+8+7+7,6,100,32,33,8,19x10E,11.667400394003396,1.855496784261332,8.623027609487103,0.26586792767462664,9.499601715098322,11.399522058117986,11.58848772568612,156.25694739533742,161.15704383746225,2.4550603194944416,0.0064642489244196594,0.5243398313080483,-1136.8115209077034,1136.8115209077034,0.15673659461937223,2201.0732678985337,3668.9591676549153,16.083333333333332,False,"SOC floor violated (min 0.006, unmet 1137 Wh); did not refill (end SOC 0.524)"
4.0,0.45,1.6,0.28,1.0,1.0,0.45,2.0,1.0672687103068281,0.0,0.23717082451262847,0.5,6.353018533960249,1.6094214912104206,2,mixed,False,26+26+24+8+7+7,6,98,24,33,8,19x10E,11.507879286996666,1.8,8.88888888888889,0.2682692307692308,9.578772209878736,11.494526651854482,11.685067175489909,156.5106960276857,161.83495734418807,2.4916087483398437,0.0,0.4769187258102377,-1143.2719911228326,1143.2719911228326,0.1594331254524377,2157.0518025405627,3677.5197298673716,16.25,False,"SOC floor violated (min 0.000, unmet 1143 Wh); did not refill (end SOC 0.477)"
4.0,0.45,1.6,0.34,1.0,1.0,0.45,2.0,1.0672687103068281,0.0,0.23717082451262847,0.5,6.353018533960249,1.6094214912104206,2,mixed,False,26+26+24+8+7+7,6,98,24,33,8,19x10E,11.507879286996666,1.8,8.88888888888889,0.2682692307692308,9.578772209878736,11.494526651854482,11.685067175489909,156.5106960276857,161.83495734418807,2.4916087483398437,0.0,0.4769187258102377,-1143.2719911228326,1143.2719911228326,0.1594331254524377,2157.0518025405627,3677.5197298673716,16.25,False,"SOC floor violated (min 0.000, unmet 1143 Wh); did not refill (end SOC 0.477)"
4.0,0.52,1.3,0.28,0.6,0.5,0.312,1.3213036540676684,1.2852146162706737,0.0,0.2856032480248944,0.5,6.408732164868878,1.8945071066000692,2,mixed,False,26+26+26+10+9+7,6,104,36,33,9,19x10E,11.719649219049622,1.938831160046075,8.252394705488316,0.26226211327719834,9.313989849892069,11.176787819870482,11.362061304221978,158.2029754822979,162.85139190723618,2.426497217781396,4.753861301477931e-05,0.576640229182082,-1145.3618044726659,1145.3618044726659,0.20066735722931384,2289.116198614475,3714.4461110100488,15.916666666666666,False,"SOC floor violated (min 0.000, unmet 1145 Wh); did not refill (end SOC 0.577)"
4.0,0.52,1.3,0.34,0.6,0.5,0.312,1.3213036540676684,1.2852146162706737,0.0,0.2856032480248944,0.5,6.408732164868878,1.8945071066000692,2,mixed,False,26+26+26+10+9+7,6,104,36,33,9,19x10E,11.719649219049622,1.938831160046075,8.252394705488316,0.26226211327719834,9.313989849892069,11.176787819870482,11.362061304221978,158.2029754822979,162.85139190723618,2.426497217781396,4.753861301477931e-05,0.576640229182082,-1145.3618044726659,1145.3618044726659,0.20066735722931384,2289.116198614475,3714.4461110100488,15.916666666666666,False,"SOC floor violated (min 0.000, unmet 1145 Wh); did not refill (end SOC 0.577)"
4.0,0.52,1.3,0.28,0.4,0.5,0.20800000000000002,1.3125649095242835,1.2502596380971336,0.0,0.2778354751142637,0.49999999999999994,6.351563054545181,1.7439653593975502,2,mixed,False,26+26+26+10+9+5+5,7,107,36,31,9,19x10E,11.699203387854869,1.8655202517715765,8.576695956425949,0.26543421988068666,9.486949981176164,11.384339977411395,11.573053977234062,159.50925157293537,164.51652008547322,2.4362057517610416,0.009954699291723367,0.6275637574811923,-1163.754010042632,1163.754010042632,0.5424063502464757,2355.148396651431,3749.114730602859,15.833333333333332,False,"SOC floor violated (min 0.010, unmet 1164 Wh); did not refill (end SOC 0.628)"
4.0,0.52,1.3,0.34,0.4,0.5,0.20800000000000002,1.3125649095242835,1.2502596380971336,0.0,0.2778354751142637,0.49999999999999994,6.351563054545181,1.7439653593975502,2,mixed,False,26+26+26+10+9+5+5,7,107,36,31,9,19x10E,11.699203387854869,1.8655202517715765,8.576695956425949,0.26543421988068666,9.486949981176164,11.384339977411395,11.573053977234062,159.50925157293537,164.51652008547322,2.4362057517610416,0.009954699291723367,0.6275637574811923,-1163.754010042632,1163.754010042632,0.5424063502464757,2355.148396651431,3749.114730602859,15.833333333333332,False,"SOC floor violated (min 0.010, unmet 1164 Wh); did not refill (end SOC 0.628)"
4.0,0.45,1.3,0.28,1.0,1.0,0.45,2.0,1.1840283260644895,0.0,0.2631174057921088,0.5,6.353018533960251,1.609421491210421,2,mixed,False,26+26+26+9+4+4+1,7,96,27,30,9,19x10E,11.4393858383297,1.8,8.88888888888889,0.26826923076923076,9.550223844303124,11.460268613163748,11.650241253942529,156.88414494070898,162.23569891877702,2.5033951630847966,0.005691504485606536,0.4444316681580932,-1164.0691716270023,1164.0691716270023,0.16503506048937072,2113.030337182593,3685.8020962440146,16.416666666666668,False,"SOC floor violated (min 0.006, unmet 1164 Wh); did not refill (end SOC 0.444)"
4.0,0.45,1.3,0.34,1.0,1.0,0.45,2.0,1.1840283260644895,0.0,0.2631174057921088,0.5,6.353018533960251,1.609421491210421,2,mixed,False,26+26+26+9+4+4+1,7,96,27,30,9,19x10E,11.4393858383297,1.8,8.88888888888889,0.26826923076923076,9.550223844303124,11.460268613163748,11.650241253942529,156.88414494070898,162.23569891877702,2.5033951630847966,0.005691504485606536,0.4444316681580932,-1164.0691716270023,1164.0691716270023,0.16503506048937072,2113.030337182593,3685.8020962440146,16.416666666666668,False,"SOC floor violated (min 0.006, unmet 1164 Wh); did not refill (end SOC 0.444)"
4.0,0.52,1.6,0.28,0.6,0.5,0.312,1.2886899525424482,1.1547598101697936,0.0,0.2566132911305445,0.49999999999999994,6.401109338749166,1.8805770853086372,2,mixed,False,26+26+26+8+7+7,6,100,32,33,8,19x10E,11.821899972093021,1.9320475101288292,8.281369850440747,0.26255563658672476,9.370940676796247,11.245128812155496,11.431535159899294,158.44768666909818,163.17766317079946,2.40811545024394,0.0028205947014816324,0.5045729255661796,-1168.749797398644,1168.749797398644,0.32602422978178913,2201.0732678985332,3719.795962655021,16.166666666666668,False,"SOC floor violated (min 0.003, unmet 1169 Wh); did not refill (end SOC 0.505)"
4.0,0.52,1.6,0.34,0.6,0.5,0.312,1.2886899525424482,1.1547598101697936,0.0,0.2566132911305445,0.49999999999999994,6.401109338749166,1.8805770853086372,2,mixed,False,26+26+26+8+7+7,6,100,32,33,8,19x10E,11.821899972093021,1.9320475101288292,8.281369850440747,0.26255563658672476,9.370940676796247,11.245128812155496,11.431535159899294,158.44768666909818,163.17766317079946,2.40811545024394,0.0028205947014816324,0.5045729255661796,-1168.749797398644,1168.749797398644,0.32602422978178913,2201.0732678985332,3719.795962655021,16.166666666666668,False,"SOC floor violated (min 0.003, unmet 1169 Wh); did not refill (end SOC 0.505)"
4.0,0.45,1.3,0.28,0.4,0.0,0.18000000000000002,0.4710318751196979,0.9420637502393958,0.0,0.2093475000183069,0.5,5.785903868129578,0.7539039960367546,2,mixed,False,21+21+21,3,63,21,21,7,16x12E,9.827431202663668,1.3871786062823184,11.534203257993212,0.28613169493515045,10.083290147320705,12.099948176784846,12.300524549470376,144.30177949436415,122.4098806800475,2.2167452788105773,0.002129973925328094,0.15143704959222362,-1171.6832384612046,1171.6832384612046,1.8710237164090497,1386.6761587760768,3250.2021379038893,19.75,False,"SOC floor violated (min 0.002, unmet 1172 Wh); did not refill (end SOC 0.151)"
4.0,0.45,1.3,0.34,0.4,0.0,0.18000000000000002,0.4710318751196979,0.9420637502393958,0.0,0.2093475000183069,0.5,5.785903868129578,0.7539039960367546,2,mixed,False,21+21+21,3,63,21,21,0,16x12E,9.827431202663668,1.3871786062823184,11.534203257993212,0.28613169493515045,10.083290147320705,12.099948176784846,12.300524549470376,144.30177949436415,122.4098806800475,2.2167452788105773,0.002129973925328094,0.15143704959222362,-1171.6832384612046,1171.6832384612046,1.8710237164090497,1386.6761587760768,3250.2021379038893,19.75,False,"SOC floor violated (min 0.002, unmet 1172 Wh); did not refill (end SOC 0.151)"
4.0,0.52,1.6,0.28,0.4,0.5,0.20800000000000002,1.2804384110940128,1.121753644376051,0.0,0.2492785874241429,0.5,6.33942129367656,1.7233824705792933,2,mixed,False,26+26+26+8+7+7+6,7,106,32,33,8,19x10E,11.823400394003395,1.855496784261332,8.623027609487103,0.26586792767462664,9.562898467789175,11.47547816134701,11.665702925189477,160.48919844849073,165.67186659438764,2.4113772142473473,0.0005364167314165676,0.5906854988772827,-1174.308946104574,1174.308946104574,0.230466582328854,2333.1376639724467,3773.633996943131,15.916666666666666,False,"SOC floor violated (min 0.001, unmet 1174 Wh); did not refill (end SOC 0.591)"
4.0,0.52,1.6,0.34,0.4,0.5,0.20800000000000002,1.2804384110940128,1.121753644376051,0.0,0.2492785874241429,0.5,6.33942129367656,1.7233824705792933,2,mixed,False,26+26+26+8+7+7+6,7,106,32,33,8,19x10E,11.823400394003395,1.855496784261332,8.623027609487103,0.26586792767462664,9.562898467789175,11.47547816134701,11.665702925189477,160.48919844849073,165.67186659438764,2.4113772142473473,0.0005364167314165676,0.5906854988772827,-1174.308946104574,1174.308946104574,0.230466582328854,2333.1376639724467,3773.633996943131,15.916666666666666,False,"SOC floor violated (min 0.001, unmet 1174 Wh); did not refill (end SOC 0.591)"
4.0,0.45,1.6,0.28,0.4,0.0,0.18000000000000002,0.4204953692446093,0.8409907384892186,0.0,0.18688683060167244,0.5,5.769654695605908,0.7260976855560553,2,mixed,False,22+22+18,3,62,18,22,0,17x12E,9.99365648348056,1.3735337496960445,11.648785480182568,0.28672209745092275,10.218590375412509,12.262308450495011,12.465576209481807,144.43613458502725,114.35628352189595,2.7287689905910724,0.0071801262225837485,0.17268602811735329,-1190.8899632080472,1190.8899632080472,2.575038338581553,1364.6654260970913,3226.147825788113,20.0,False,"SOC floor violated (min 0.007, unmet 1191 Wh); did not refill (end SOC 0.173)"
4.0,0.45,1.6,0.34,0.4,0.0,0.18000000000000002,0.4204953692446093,0.8409907384892186,0.0,0.18688683060167244,0.5,5.769654695605908,0.7260976855560553,2,mixed,False,22+22+18,3,62,18,22,0,17x12E,9.99365648348056,1.3735337496960445,11.648785480182568,0.28672209745092275,10.218590375412509,12.262308450495011,12.465576209481807,144.43613458502725,114.35628352189595,2.7287689905910724,0.0071801262225837485,0.17268602811735329,-1190.8899632080472,1190.8899632080472,2.575038338581553,1364.6654260970913,3226.147825788113,20.0,False,"SOC floor violated (min 0.007, unmet 1191 Wh); did not refill (end SOC 0.173)"
4.0,0.4,1.3,0.28,0.6,0.5,0.24,1.2453047623958522,0.981219049583409,0.0,0.21804867741500364,0.5,5.882836919161417,0.9439055709152653,2,mixed,False,26+26+21+7+1+1,6,82,21,27,7,16x12E,10.47677158875694,1.4792487619833365,10.81630109228392,0.2821478902140681,10.08188129840335,12.098257558084018,12.298805906007656,154.26637417095813,135.39498478925574,2.0266323456782334,0.0,0.38839702125932607,-1191.0018877208206,1191.0018877208206,1.674512995055385,1804.8800796767978,3458.156333340139,17.416666666666664,False,"SOC floor violated (min 0.000, unmet 1191 Wh); did not refill (end SOC 0.388)"
4.0,0.52,1.3,0.28,0.6,0.5,0.312,1.3213036540676684,1.2852146162706737,0.0,0.2856032480248944,0.5,6.408732164868873,1.8945071066000665,2,mixed,False,26+26+26+10+9+7+7,7,111,36,33,9,19x10E,11.883649219049621,1.938831160046075,8.252394705488316,0.26226211327719834,9.378931538375703,11.254717846050843,11.441283147668509,162.5717163058611,167.47377572543985,2.3817402868360174,0.0091237392517258,0.6763637961424239,-1196.2037132040962,1196.2037132040962,0.352427886440059,2443.1913273673736,3822.163181552216,15.75,False,"SOC floor violated (min 0.009, unmet 1196 Wh); did not refill (end SOC 0.676)"
4.0,0.52,1.3,0.34,0.6,0.5,0.312,1.3213036540676684,1.2852146162706737,0.0,0.2856032480248944,0.5,6.408732164868873,1.8945071066000665,2,mixed,False,26+26+26+10+9+7+7,7,111,36,33,9,19x10E,11.883649219049621,1.938831160046075,8.252394705488316,0.26226211327719834,9.378931538375703,11.254717846050843,11.441283147668509,162.5717163058611,167.47377572543985,2.3817402868360174,0.0091237392517258,0.6763637961424239,-1196.2037132040962,1196.2037132040962,0.352427886440059,2443.1913273673736,3822.163181552216,15.75,False,"SOC floor violated (min 0.009, unmet 1196 Wh); did not refill (end SOC 0.676)"
4.0,0.52,1.6,0.28,0.6,0.5,0.312,1.2886899525424482,1.1547598101697936,0.0,0.2566132911305445,0.49999999999999994,6.401109338749164,1.8805770853086372,2,mixed,False,26+26+26+8+7+7+6,7,106,32,33,8,19x10E,11.97789997209302,1.9320475101288292,8.281369850440747,0.26255563658672476,9.432566797192765,11.319080156631317,11.506712368503907,162.60197527300178,167.5935893716057,2.3660057971688793,0.0,0.5743203681886954,-1205.8402963243464,1205.8402963243464,0.5058702325325749,2333.137663972447,3822.38031934089,16.0,False,"SOC floor violated (min 0.000, unmet 1206 Wh); did not refill (end SOC 0.574)"
4.0,0.52,1.6,0.34,0.6,0.5,0.312,1.2886899525424482,1.1547598101697936,0.0,0.2566132911305445,0.49999999999999994,6.401109338749164,1.8805770853086372,2,mixed,False,26+26+26+8+7+7+6,7,106,32,33,8,19x10E,11.97789997209302,1.9320475101288292,8.281369850440747,0.26255563658672476,9.432566797192765,11.319080156631317,11.506712368503907,162.60197527300178,167.5935893716057,2.3660057971688793,0.0,0.5743203681886954,-1205.8402963243464,1205.8402963243464,0.5058702325325749,2333.137663972447,3822.38031934089,16.0,False,"SOC floor violated (min 0.000, unmet 1206 Wh); did not refill (end SOC 0.574)"
4.0,0.36,1.3,0.28,0.6,0.5,0.216,1.2202214234589919,0.8808856938359675,0.0,0.19575237625719447,0.5,5.7077022906413,0.6267829231595066,2,mixed,False,21+21,2,42,12,21,0,16x12E,9.39689326572448,1.3277118849780947,12.050807242916243,0.28870477427611074,10.078332326154328,12.093998791385193,12.294476543305928,138.12737627467212,114.36873473820665,2.355013227329927,0.003442443328248371,0.003442443328248371,-1433.8559010419344,1433.8559010419344,0.0,924.4507725173844,3195.0570305921474,24.0,False,"SOC floor violated (min 0.003, unmet 1434 Wh); did not refill (end SOC 0.003)"
4.0,0.36,1.3,0.34,0.6,0.5,0.216,1.2202214234589919,0.8808856938359675,0.0,0.19575237625719447,0.5,5.7077022906413,0.6267829231595066,2,mixed,False,21+21,2,42,12,21,0,16x12E,9.39689326572448,1.3277118849780947,12.050807242916243,0.28870477427611074,10.078332326154328,12.093998791385193,12.294476543305928,138.12737627467212,114.36873473820665,2.355013227329927,0.003442443328248371,0.003442443328248371,-1433.8559010419344,1433.8559010419344,0.0,924.4507725173844,3195.0570305921474,24.0,False,"SOC floor violated (min 0.003, unmet 1434 Wh); did not refill (end SOC 0.003)"
4.0,0.45,1.6,0.28,0.4,0.0,0.18000000000000002,0.4204953692446093,0.8409907384892186,0.0,0.18688683060167244,0.5,5.7692484295819915,0.7253516846495294,2,mixed,False,22+22,2,44,18,22,0,16x12E,9.726450173148468,1.3735337496960445,11.648785480182568,0.28672209745092275,10.081054551921827,12.097265462306192,12.297797364624476,141.68892428177008,119.00077718694085,2.2546904587971386,0.009900828343792942,0.009900828343792942,-1481.674745837311,1481.674745837311,0.0,968.4722378753553,3280.5341827624993,24.0,False,"SOC floor violated (min 0.010, unmet 1482 Wh); did not refill (end SOC 0.010)"
4.0,0.45,1.6,0.34,0.4,0.0,0.18000000000000002,0.4204953692446093,0.8409907384892186,0.0,0.18688683060167244,0.5,5.7692484295819915,0.7253516846495294,2,mixed,False,22+22,2,44,18,22,0,16x12E,9.726450173148468,1.3735337496960445,11.648785480182568,0.28672209745092275,10.081054551921827,12.097265462306192,12.297797364624476,141.68892428177008,119.00077718694085,2.2546904587971386,0.009900828343792942,0.009900828343792942,-1481.674745837311,1481.674745837311,0.0,968.4722378753553,3280.5341827624993,24.0,False,"SOC floor violated (min 0.010, unmet 1482 Wh); did not refill (end SOC 0.010)"
