span_m,chord_m,tail_arm_m,elevator_frac,taper_ratio,taper_start_frac,tip_chord_m,y_taper_m,n_packs,cells_per_string,string_plan,n_strings,n_cells,prop,mass_kg,wing_area_m2,aspect_ratio,static_margin,v_stall,v_night,v_day,p_night_w,p_day_w,climb_ms,soc_min,soc_end,margin_wh,unmet_wh,spilled_wh,solar_wh,propulsion_wh,battery_night_h,closed,reason
6.0,0.36,1.3,0.34,0.6,0.5,0.216,1.7686004107020508,2,mixed,28+28+16+8,4,80,19x10E,11.277549268056202,1.982678459141095,18.157255824323304,0.30802541424728663,9.035031513618463,10.842037816342156,11.021762273500874,89.02152986659559,91.48789224817119,2.7778092105216197,0.009271802967556943,0.7541000096449809,-218.21939068294841,168.64583175270184,0.25516764120294033,1760.8586143188277,2039.9471594232527,14.5,False,"SOC floor violated (min 0.009, unmet 169 Wh); did not refill (end SOC 0.754)"
6.0,0.4,1.3,0.34,0.4,0.5,0.16000000000000003,1.7893630154824944,2,mixed,29+29+16+8,4,82,18x10E,11.561076576270185,2.109447123715799,17.066083143428536,0.30558755531315773,8.868767430165729,10.642520916198874,10.818938055381057,98.83312646277882,101.5104249082075,2.1965873612687976,0.002711000235856603,0.6925943678588397,-301.9388909865263,301.9388909865263,0.2678215038860022,1804.8800796767978,2276.5369375231153,14.833333333333334,False,"SOC floor violated (min 0.003, unmet 302 Wh); did not refill (end SOC 0.693)"
6.0,0.36,1.3,0.34,0.4,0.5,0.144,1.7596580248182372,2,mixed,27+27+14+7,4,75,19x10E,11.054722165495898,1.8920861333607393,19.026617956369936,0.3097675743584473,9.15697258293466,10.988367099521591,11.170517203171434,87.64472531511042,90.1624467103834,2.8493935715168908,0.005005725478678335,0.6615210097704005,-307.6507045617931,155.58252994929046,0.17278413041413168,1650.8049509239008,2006.9721405851908,14.666666666666668,False,"SOC floor violated (min 0.005, unmet 156 Wh); did not refill (end SOC 0.662)"
6.0,0.4,1.3,0.34,0.6,0.5,0.24,1.799056571143377,2,mixed,29+29+18+9+1,5,86,17x10E,11.885400595085605,2.20784905138294,16.305462539411614,0.3036952105503281,8.789631591559584,10.5475579098715,10.722400882365514,84.6578464306161,114.27172772275624,1.6828538776259683,0.006406600269393603,0.6581908687393285,-310.8676207978086,111.27018583685344,0.29384252140789135,1892.9230103927398,2207.927127256196,14.0,False,"SOC floor violated (min 0.006, unmet 111 Wh); did not refill (end SOC 0.658)"
6.0,0.4,1.6,0.34,0.4,0.5,0.16000000000000003,1.7600690922625093,2,mixed,29+29+16+8,4,82,18x10E,11.697270850589568,2.1024165821430025,17.123152616740228,0.3057227580357115,8.935756705438981,10.722908046526777,10.90065773348323,99.86520665706878,102.60776897587316,2.1718619116527416,0.008356843179925683,0.6881610461325826,-322.8640926423852,322.8640926423852,0.1763761649138639,1804.8800796767978,2301.905114358687,14.833333333333334,False,"SOC floor violated (min 0.008, unmet 323 Wh); did not refill (end SOC 0.688)"
5.5,0.4,1.3,0.28,0.6,0.5,0.24,1.661585651346976,2,mixed,27+27+16+8,4,78,19x10E,11.376537149193625,2.0258537042155162,14.931976547494031,0.2997897435780302,8.977376803043926,10.772852163652711,10.951429755795514,96.48381303782887,99.14226897239732,2.71664387973317,0.007132477153113447,0.6394055172624572,-329.01427032446634,281.414506254943,0.3821710828982627,1716.8371489608571,2219.7591543135586,14.916666666666668,False,"SOC floor violated (min 0.007, unmet 281 Wh); did not refill (end SOC 0.639)"
5.5,0.4,1.3,0.34,0.6,0.5,0.24,1.661585651346976,2,mixed,27+27+16+8,4,78,19x10E,11.376537149193625,2.0258537042155162,14.931976547494031,0.2997897435780302,8.977376803043926,10.772852163652711,10.951429755795514,96.48381303782887,99.14226897239732,2.71664387973317,0.007132477153113447,0.6394055172624572,-329.01427032446634,281.414506254943,0.3821710828982627,1716.8371489608571,2219.7591543135586,14.916666666666668,False,"SOC floor violated (min 0.007, unmet 281 Wh); did not refill (end SOC 0.639)"
4.5,0.52,1.3,0.28,0.4,0.5,0.20800000000000002,1.4556345697655915,2,mixed,29+27+27+10,4,93,19x10E,11.725012808058535,2.0921579857668644,9.679001364984163,0.27462707740967984,8.968253463832905,10.761904156599487,10.940300267672223,87.61593781659376,132.77542466066683,2.5052298238260584,0.005409124226662979,0.6288870289375333,-339.17513004634276,155.3064730087334,0.25170439311909354,2046.998139145637,2434.377376038987,14.0,False,"SOC floor violated (min 0.005, unmet 155 Wh); did not refill (end SOC 0.629)"
4.5,0.52,1.3,0.34,0.4,0.5,0.20800000000000002,1.4556345697655915,2,mixed,29+27+27+10,4,93,19x10E,11.725012808058535,2.0921579857668644,9.679001364984163,0.27462707740967984,8.968253463832905,10.761904156599487,10.940300267672223,87.61593781659376,132.77542466066683,2.5052298238260584,0.005409124226662979,0.6288870289375333,-339.17513004634276,155.3064730087334,0.25170439311909354,2046.998139145637,2434.377376038987,14.0,False,"SOC floor violated (min 0.005, unmet 155 Wh); did not refill (end SOC 0.629)"
5.5,0.45,1.3,0.28,0.6,0.0,0.27,0.5923102261814742,2,mixed,25+25+18+9,4,77,18x10E,11.49373748411199,2.0866158407126654,14.497158226148795,0.29839912888388054,8.891147930475254,10.669377516570306,10.8462398476993,68.12318265641792,109.00348693588454,2.1825097553881205,0.10258357904350511,0.6271823438604108,-340.8218558308431,0.0,0.28601452380208414,1694.8264162818712,1930.5728105952653,13.833333333333332,False,"SOC floor violated (min 0.103, unmet 0 Wh); did not refill (end SOC 0.627)"
5.5,0.45,1.3,0.34,0.6,0.0,0.27,0.5923102261814742,2,mixed,25+25+18+9,4,77,18x10E,11.49373748411199,2.0866158407126654,14.497158226148795,0.29839912888388054,8.891147930475254,10.669377516570306,10.8462398476993,68.12318265641792,109.00348693588454,2.1825097553881205,0.10258357904350511,0.6271823438604108,-340.8218558308431,0.0,0.28601452380208414,1694.8264162818712,1930.5728105952653,13.833333333333332,False,"SOC floor violated (min 0.103, unmet 0 Wh); did not refill (end SOC 0.627)"
5.5,0.52,1.6,0.28,0.4,0.0,0.20800000000000002,0.569042692979887,2,mixed,25+25+24+8,4,82,18x10E,11.904391552631239,2.179541320209725,13.879066994283557,0.2962724173378576,8.85359185347779,10.624310224173348,10.800425491438626,73.38420865631012,112.90885666705853,2.0901732088848104,0.03744379772646254,0.6238068372561597,-344.0825952105497,0.0,0.26462146220480653,1804.8800796767978,2043.0549291940497,13.833333333333332,False,"SOC floor violated (min 0.037, unmet 0 Wh); did not refill (end SOC 0.624)"
5.5,0.52,1.6,0.34,0.4,0.0,0.20800000000000002,0.569042692979887,2,mixed,25+25+24+8,4,82,18x10E,11.904391552631239,2.179541320209725,13.879066994283557,0.2962724173378576,8.85359185347779,10.624310224173348,10.800425491438626,73.38420865631012,112.90885666705853,2.0901732088848104,0.03744379772646254,0.6238068372561597,-344.0825952105497,0.0,0.26462146220480653,1804.8800796767978,2043.0549291940497,13.833333333333332,False,"SOC floor violated (min 0.037, unmet 0 Wh); did not refill (end SOC 0.624)"
5.5,0.36,1.3,0.28,1.0,1.0,0.36,2.75,2,mixed,29+29+16+8+3,5,85,19x10E,11.429240965526864,1.98,15.277777777777779,0.3008391608391608,9.101742586187383,10.92209110342486,11.103142574361653,102.59754787241243,105.56429094769142,2.6879957781766093,0.008836905364362628,0.7207337763870825,-356.343757226264,356.343757226264,0.249280684401081,1870.912277713755,2369.536293794623,14.833333333333334,False,"SOC floor violated (min 0.009, unmet 356 Wh); did not refill (end SOC 0.721)"
5.5,0.36,1.3,0.34,1.0,1.0,0.36,2.75,2,mixed,29+29+16+8+3,5,85,19x10E,11.429240965526864,1.98,15.277777777777779,0.3008391608391608,9.101742586187383,10.92209110342486,11.103142574361653,102.59754787241243,105.56429094769142,2.6879957781766093,0.008836905364362628,0.7207337763870825,-356.343757226264,356.343757226264,0.249280684401081,1870.912277713755,2369.536293794623,14.833333333333334,False,"SOC floor violated (min 0.009, unmet 356 Wh); did not refill (end SOC 0.721)"
5.5,0.4,1.6,0.28,0.6,0.5,0.24,1.6327806457453082,2,mixed,28+28+14+7,4,77,19x10E,11.514215789940948,2.0212449033192494,14.96602413211978,0.29989522153878384,9.041826359909725,10.85019163189167,11.03005125183973,97.64871397091927,100.37732184511178,2.684387962729354,0.00909661219178325,0.6105992614299287,-356.8411134586888,303.55307893121,0.1294756780848445,1694.826416281871,2248.126606169785,15.0,False,"SOC floor violated (min 0.009, unmet 304 Wh); did not refill (end SOC 0.611)"
5.5,0.4,1.6,0.34,0.6,0.5,0.24,1.6327806457453082,2,mixed,28+28+14+7,4,77,19x10E,11.514215789940948,2.0212449033192494,14.96602413211978,0.29989522153878384,9.041826359909725,10.85019163189167,11.03005125183973,97.64871397091927,100.37732184511178,2.684387962729354,0.00909661219178325,0.6105992614299287,-356.8411134586888,303.55307893121,0.1294756780848445,1694.826416281871,2248.126606169785,15.0,False,"SOC floor violated (min 0.009, unmet 304 Wh); did not refill (end SOC 0.611)"
6.0,0.36,1.3,0.34,0.6,0.5,0.216,1.7686004107020508,2,mixed,28+28+16,3,72,19x10E,11.105549268056203,1.982678459141095,18.157255824323304,0.30802541424728663,8.965867711971903,10.759041254366283,10.937389908165905,86.9158194382138,89.25270183341243,2.824814667947481,0.0028275434518607815,0.6077220965837853,-359.6204547000634,149.78266163768458,0.2250272585453518,1584.772752886944,1987.4010884731126,14.833333333333334,False,"SOC floor violated (min 0.003, unmet 150 Wh); did not refill (end SOC 0.608)"
5.5,0.4,1.3,0.34,0.4,0.5,0.16000000000000003,1.652408364194063,2,mixed,26+26+16+8,4,76,19x10E,11.179055267459807,1.9365780074065753,15.62033643070757,0.3018329254503263,9.101930250676538,10.922316300811845,11.103371504762563,95.5672522901332,98.30746078809214,2.778536692121306,0.006433828926590878,0.6070462958992964,-360.2732781612797,272.2664274396289,0.19164913199001768,1672.8156836028852,2198.2759314448253,15.0,False,"SOC floor violated (min 0.006, unmet 272 Wh); did not refill (end SOC 0.607)"
6.0,0.45,1.6,0.34,0.4,0.0,0.18000000000000002,0.5067021963549303,2,mixed,26+26+14+7,4,73,19x10E,11.5029596333733,2.026809593015831,17.76190527420639,0.30717673859584943,9.024990876754304,10.829989052105164,11.009513781348465,89.74771063615506,92.22164456519484,2.719485358575222,0.007177432804131501,0.6045708317692225,-362.664576510931,193.85818580470402,0.08404248105417622,1606.7834855659294,2056.6227829505915,14.833333333333334,False,"SOC floor violated (min 0.007, unmet 194 Wh); did not refill (end SOC 0.605)"
6.0,0.36,1.6,0.34,0.6,0.5,0.216,1.741673575454751,2,mixed,29+29+14,3,72,19x10E,11.257992886529578,1.978800994865484,18.192835001302,0.30809998086797147,9.036034370813192,10.84324124497583,11.022985650926607,88.04198260807298,90.4653514292073,2.787121515187434,0.00378555031201559,0.5975410458411561,-369.4553497174432,167.64271009590027,0.1239731255624458,1584.772752886944,2015.2217967874801,14.833333333333334,False,"SOC floor violated (min 0.004, unmet 168 Wh); did not refill (end SOC 0.598)"
6.0,0.4,1.3,0.34,0.6,0.0,0.24,0.5454984328043848,2,mixed,24+24+16+8,4,72,19x10E,11.27542723598382,2.007279749248702,17.93471986825669,0.30755231251444803,8.97864914221678,10.774378970660136,10.952981872118885,88.55354269134334,90.96943418582255,2.775904728860549,0.005266102673811162,0.5940230239730095,-372.85375884207275,176.55622912610207,0.4438577079711478,1584.7727528869439,2027.2293723337616,14.916666666666668,False,"SOC floor violated (min 0.005, unmet 177 Wh); did not refill (end SOC 0.594)"
5.5,0.36,1.3,0.28,1.0,1.0,0.36,2.75,2,mixed,29+29+16+8+3+3,6,88,19x10E,11.561240965526864,1.98,15.277777777777779,0.3008391608391608,9.15415118390025,10.9849814206803,11.167075401182245,104.57871764441158,107.668574851444,2.6530236427388116,0.00960873051034759,0.7615403076362841,-379.22547488656943,379.22547488656943,0.43944086330795074,1936.9444757507104,2418.470402630912,14.75,False,"SOC floor violated (min 0.010, unmet 379 Wh); did not refill (end SOC 0.762)"
5.5,0.36,1.3,0.34,1.0,1.0,0.36,2.75,2,mixed,29+29+16+8+3+3,6,88,19x10E,11.561240965526864,1.98,15.277777777777779,0.3008391608391608,9.15415118390025,10.9849814206803,11.167075401182245,104.57871764441158,107.668574851444,2.6530236427388116,0.00960873051034759,0.7615403076362841,-379.22547488656943,379.22547488656943,0.43944086330795074,1936.9444757507104,2418.470402630912,14.75,False,"SOC floor violated (min 0.010, unmet 379 Wh); did not refill (end SOC 0.762)"
5.5,0.36,1.6,0.28,1.0,1.0,0.36,2.75,2,mixed,29+29+14+7+5,5,84,19x10E,11.580404117008314,1.98,15.277777777777779,0.3008391608391608,9.161734701724102,10.994081642068922,11.176326473580316,104.06925303122604,107.12182206072588,2.6513884317261645,0.00971594730429333,0.6872444559387623,-381.7839499990223,381.7839499990223,0.35269807419974697,1848.9015450347686,2405.389574767388,14.916666666666668,False,"SOC floor violated (min 0.010, unmet 382 Wh); did not refill (end SOC 0.687)"
5.5,0.36,1.6,0.34,1.0,1.0,0.36,2.75,2,mixed,29+29+14+7+5,5,84,19x10E,11.580404117008314,1.98,15.277777777777779,0.3008391608391608,9.161734701724102,10.994081642068922,11.176326473580316,104.06925303122604,107.12182206072588,2.6513884317261645,0.00971594730429333,0.6872444559387623,-381.7839499990223,381.7839499990223,0.35269807419974697,1848.9015450347686,2405.389574767388,14.916666666666668,False,"SOC floor violated (min 0.010, unmet 382 Wh); did not refill (end SOC 0.687)"
5.5,0.52,1.3,0.28,0.4,0.0,0.20800000000000002,0.6373432289911776,2,mixed,27+25+25+9,4,86,17x10E,11.825264940134465,2.2008510874452476,13.744682760483473,0.2957847176427026,8.781294851828099,10.537553822193718,10.712230960620586,95.84362912086148,123.18507695952773,1.6608106234778934,0.007856449269857797,0.5811068572704663,-385.33077587672955,268.7485267464637,0.19913377892488407,1892.9230103927398,2439.9908533679973,14.5,False,"SOC floor violated (min 0.008, unmet 269 Wh); did not refill (end SOC 0.581)"
5.5,0.52,1.3,0.34,0.4,0.0,0.20800000000000002,0.6373432289911776,2,mixed,27+25+25+9,4,86,17x10E,11.825264940134465,2.2008510874452476,13.744682760483473,0.2957847176427026,8.781294851828099,10.537553822193718,10.712230960620586,95.84362912086148,123.18507695952773,1.6608106234778934,0.007856449269857797,0.5811068572704663,-385.33077587672955,268.7485267464637,0.19913377892488407,1892.9230103927398,2439.9908533679973,14.5,False,"SOC floor violated (min 0.008, unmet 269 Wh); did not refill (end SOC 0.581)"
5.5,0.45,1.6,0.28,0.6,0.0,0.27,0.5310624875088386,2,mixed,26+26+16+8,4,76,19x10E,11.630328304930577,2.075591247751591,14.574160511020017,0.29865143997517024,8.967544099277218,10.761052919132661,10.939434919556254,98.88278932897089,101.5827251206385,2.6466335150294276,0.002217385008293467,0.5731106124029212,-393.0551484187781,318.26115466314,0.2098074865102338,1672.8156836028852,2277.0363767217004,15.166666666666666,False,"SOC floor violated (min 0.002, unmet 318 Wh); did not refill (end SOC 0.573)"
5.5,0.45,1.6,0.34,0.6,0.0,0.27,0.5310624875088386,2,mixed,26+26+16+8,4,76,19x10E,11.630328304930577,2.075591247751591,14.574160511020017,0.29865143997517024,8.967544099277218,10.761052919132661,10.939434919556254,98.88278932897089,101.5827251206385,2.6466335150294276,0.002217385008293467,0.5731106124029212,-393.0551484187781,318.26115466314,0.2098074865102338,1672.8156836028852,2277.0363767217004,15.166666666666666,False,"SOC floor violated (min 0.002, unmet 318 Wh); did not refill (end SOC 0.573)"
6.0,0.36,1.3,0.34,1.0,1.0,0.36,3.0,2,mixed,29+29+16+8+7,5,89,18x10E,11.809312455853602,2.16,16.666666666666664,0.3046153846153846,8.857963378340937,10.629556054009123,10.805758279458422,105.95940719538795,108.84104096725866,2.1222701526220047,0.005435653610533173,0.7663429035144879,-393.24190474590284,393.24190474590284,0.4529412455799241,1958.9552084296947,2449.6808850791263,14.75,False,"SOC floor violated (min 0.005, unmet 393 Wh); did not refill (end SOC 0.766)"
5.5,0.36,1.3,0.34,0.6,0.5,0.216,1.632376116030971,2,mixed,26+26+14+7,4,73,19x10E,10.89111218891797,1.8190621607084598,16.629448214248328,0.30452241717386863,9.26959575646229,11.123514907754748,11.307905306714597,93.01686149244584,95.7604803408479,2.875027749917749,0.007396697609738623,0.5720017713407868,-394.1262888848,243.1621540885752,0.42551157602486356,1606.7834855659294,2137.097245454325,15.0,False,"SOC floor violated (min 0.007, unmet 243 Wh); did not refill (end SOC 0.572)"
5.5,0.36,1.6,0.28,1.0,1.0,0.36,2.75,2,mixed,29+29+14+7+5+5,6,89,19x10E,11.728404117008314,1.98,15.277777777777779,0.3008391608391608,9.220093283067765,11.064111939681318,11.247517637575607,106.33507073209428,109.50322269631924,2.612485357896308,0.0014662135158430584,0.75623798352341,-394.78617039760184,394.78617039760184,0.346744839311525,1958.9552084296947,2461.083090575659,14.833333333333334,False,"SOC floor violated (min 0.001, unmet 395 Wh); did not refill (end SOC 0.756)"
5.5,0.36,1.6,0.34,1.0,1.0,0.36,2.75,2,mixed,29+29+14+7+5+5,6,89,19x10E,11.728404117008314,1.98,15.277777777777779,0.3008391608391608,9.220093283067765,11.064111939681318,11.247517637575607,106.33507073209428,109.50322269631924,2.612485357896308,0.0014662135158430584,0.75623798352341,-394.78617039760184,394.78617039760184,0.346744839311525,1958.9552084296947,2461.083090575659,14.833333333333334,False,"SOC floor violated (min 0.001, unmet 395 Wh); did not refill (end SOC 0.756)"
6.0,0.36,1.6,0.34,0.4,0.5,0.144,1.733439304305606,2,mixed,28+28+14,3,70,19x10E,11.06024506040306,1.886422889730011,19.083737902031288,0.30987648288980746,9.172997927002767,11.00759751240332,11.19006639150614,87.00248466317869,89.50570734303477,2.852078856886752,0.006634678990621356,0.5694226547916335,-396.61771547128205,159.75776139113796,0.26323878066603373,1540.7512875289735,1990.5886360349896,15.0,False,"SOC floor violated (min 0.007, unmet 160 Wh); did not refill (end SOC 0.569)"
6.0,0.36,1.6,0.34,1.0,1.0,0.36,3.0,2,mixed,29+29+16+9+9,5,92,18x10E,11.98274749283171,2.16,16.666666666666664,0.3046153846153846,8.922771625458001,10.7073259505496,10.88481733885516,107.57636907484415,110.54391508508674,2.090200552380598,0.0013946860407053306,0.8066254410028342,-406.1761703736957,406.1761703736957,0.2165612732788548,2024.9874064666515,2489.5299538918607,14.666666666666668,False,"SOC floor violated (min 0.001, unmet 406 Wh); did not refill (end SOC 0.807)"
6.0,0.45,1.3,0.34,0.4,0.0,0.18000000000000002,0.5665992537056255,2,mixed,25+25+16+8,4,74,18x10E,11.37344205351315,2.0429817985005188,17.621302366189855,0.3068657346442208,8.938448869533609,10.726138643440331,10.903941882808832,96.39091306810182,99.05355310249938,2.2477912489614327,0.00227178432038257,0.5569038395937257,-408.71089095246094,286.26610994363983,0.19228143767366626,1628.7942182449153,2216.901900604961,15.166666666666666,False,"SOC floor violated (min 0.002, unmet 286 Wh); did not refill (end SOC 0.557)"
5.5,0.4,1.3,0.28,1.0,1.0,0.4,2.75,2,mixed,29+29+18+9+3,5,88,17x10E,11.897203243280494,2.2,13.749999999999998,0.2958041958041958,8.80966814825551,10.571601777906611,10.74684331672218,105.16075778806531,130.8089170892223,1.627678843510889,0.006132049889185242,0.5521716899223409,-413.2821475350187,395.92661080320755,0.12795775247812693,1936.9444757507101,2638.966313840824,14.833333333333334,False,"SOC floor violated (min 0.006, unmet 396 Wh); did not refill (end SOC 0.552)"
5.5,0.4,1.3,0.34,1.0,1.0,0.4,2.75,2,mixed,29+29+18+9+3,5,88,17x10E,11.897203243280494,2.2,13.749999999999998,0.2958041958041958,8.80966814825551,10.571601777906611,10.74684331672218,105.16075778806531,130.8089170892223,1.627678843510889,0.006132049889185242,0.5521716899223409,-413.2821475350187,395.92661080320755,0.12795775247812693,1936.9444757507101,2638.966313840824,14.833333333333334,False,"SOC floor violated (min 0.006, unmet 396 Wh); did not refill (end SOC 0.552)"
6.0,0.36,1.3,0.34,1.0,1.0,0.36,3.0,2,mixed,29+29+16+8+7+7,6,96,18x10E,11.973312455853602,2.16,16.666666666666664,0.3046153846153846,8.919258104930014,10.703109725916017,10.880531223422786,108.32444714791833,111.34349100888883,2.0887008027487677,0.007774488408647315,0.8861258874333782,-414.37275553535306,414.37275553535306,0.17636614351991042,2113.0303371825926,2508.467648229256,14.5,False,"SOC floor violated (min 0.008, unmet 414 Wh); did not refill (end SOC 0.886)"
6.0,0.4,1.6,0.34,0.4,0.5,0.16000000000000003,1.7600690922625093,2,mixed,29+29+16,3,74,18x10E,11.52527085058957,2.1024165821430025,17.123152616740228,0.3057227580357115,8.869816451680467,10.64377974201656,10.820217748289465,97.56348026010137,100.1725284225512,2.208663728478475,0.00552866926511858,0.5502751242213115,-415.11423000221305,307.40453079720663,0.09903349433601485,1628.7942182449153,2244.5701183440624,15.166666666666666,False,"SOC floor violated (min 0.006, unmet 307 Wh); did not refill (end SOC 0.550)"
6.0,0.36,1.3,0.34,0.4,0.5,0.144,1.7596580248182372,2,mixed,27+27+14,3,68,19x10E,10.890722165495898,1.8920861333607393,19.026617956369936,0.3097675743584473,9.088795613764344,10.906554736517212,11.087348666837011,85.59591202737703,87.98676001155255,2.8965620222789945,0.006612161076451532,0.5439444480460771,-421.2296631874895,144.0933116923473,0.16918778992996408,1496.7298221710023,1955.8195205146192,15.0,False,"SOC floor violated (min 0.007, unmet 144 Wh); did not refill (end SOC 0.544)"
5.5,0.4,1.6,0.34,0.4,0.5,0.16000000000000003,1.6242923932130202,2,mixed,26+26+14+7,4,73,19x10E,11.301253479575456,1.929830174371125,15.67495440880314,0.3019873577384867,9.16752727894768,11.001032734737217,11.183392791944891,96.56945703687423,99.38056737842949,2.7491641711312433,0.006916376576453815,0.5390205008629834,-425.98619616635807,296.62848019998637,0.3811171827528324,1606.7834855659294,2222.4984435687097,15.166666666666666,False,"SOC floor violated (min 0.007, unmet 297 Wh); did not refill (end SOC 0.539)"
5.5,0.36,1.3,0.34,0.4,0.5,0.144,1.6238979058029053,2,mixed,25+25+14+7,4,71,19x10E,10.709337326978229,1.7367619476534273,17.417470506462536,0.3064059566970607,9.407183180185,11.288619816221999,11.475747098279948,92.34794773754335,95.17291109024623,2.9344218068444614,0.004441444184261343,0.5354633296087847,-429.4224235979139,235.63824544314335,0.17323269650585496,1562.7620202079593,2121.3045886499194,15.166666666666666,False,"SOC floor violated (min 0.004, unmet 236 Wh); did not refill (end SOC 0.535)"
5.0,0.52,1.3,0.28,0.4,0.0,0.20800000000000002,0.6105551169334263,2,mixed,27+22+22+9,4,80,19x10E,11.422775153212164,2.010493196483229,12.434759811040495,0.2904786499435413,9.029900387593356,10.835880465112027,11.015502854133175,107.5334127510279,110.58408824107704,2.6633937124041256,0.0035587510146429663,0.571868044553935,-439.59044828332526,439.59044828332526,0.22240843629367762,1760.8586143188277,2487.241093605105,15.333333333333332,False,"SOC floor violated (min 0.004, unmet 440 Wh); did not refill (end SOC 0.572)"
5.0,0.52,1.3,0.34,0.4,0.0,0.20800000000000002,0.6105551169334263,2,mixed,27+22+22+9,4,80,19x10E,11.422775153212164,2.010493196483229,12.434759811040495,0.2904786499435413,9.029900387593356,10.835880465112027,11.015502854133175,107.5334127510279,110.58408824107704,2.6633937124041256,0.0035587510146429663,0.571868044553935,-439.59044828332526,439.59044828332526,0.22240843629367762,1760.8586143188277,2487.241093605105,15.333333333333332,False,"SOC floor violated (min 0.004, unmet 440 Wh); did not refill (end SOC 0.572)"
5.0,0.52,1.6,0.28,0.4,0.0,0.20800000000000002,0.544874025431344,2,mixed,24+23+23+8,4,78,19x10E,11.51410753544471,1.990000695934579,12.562809676937857,0.2910461345741194,9.112488132356377,10.934985758827652,11.116250979705349,108.36372804352237,111.5183915285768,2.645305983479152,0.0007819397511288385,0.5226427946277683,-456.12006747880315,456.12006747880315,0.1979104151736924,1716.8371489608573,2507.544112667508,15.5,False,"SOC floor violated (min 0.001, unmet 456 Wh); did not refill (end SOC 0.523)"
5.0,0.52,1.6,0.34,0.4,0.0,0.20800000000000002,0.544874025431344,2,mixed,24+23+23+8,4,78,19x10E,11.51410753544471,1.990000695934579,12.562809676937857,0.2910461345741194,9.112488132356377,10.934985758827652,11.116250979705349,108.36372804352237,111.5183915285768,2.645305983479152,0.0007819397511288385,0.5226427946277683,-456.12006747880315,456.12006747880315,0.1979104151736924,1716.8371489608573,2507.544112667508,15.5,False,"SOC floor violated (min 0.001, unmet 456 Wh); did not refill (end SOC 0.523)"
5.0,0.4,1.3,0.28,0.6,0.5,0.24,1.5235340381979383,2,mixed,25+25+16+8,4,74,19x10E,10.976379423109215,1.8437654461116701,13.55920844092326,0.2950957261076768,9.24325999217469,11.091911990609626,11.275778519682214,102.72187133020341,105.79098575952607,2.8084620682699306,0.008651014219726715,0.5039131670891739,-459.899880591858,389.4694934371649,0.18847065442936756,1628.7942182449153,2371.412384574124,15.5,False,"SOC floor violated (min 0.009, unmet 389 Wh); did not refill (end SOC 0.504)"
5.0,0.4,1.3,0.34,0.6,0.5,0.24,1.5235340381979383,2,mixed,25+25+16+8,4,74,19x10E,10.976379423109215,1.8437654461116701,13.55920844092326,0.2950957261076768,9.24325999217469,11.091911990609626,11.275778519682214,102.72187133020341,105.79098575952607,2.8084620682699306,0.008651014219726715,0.5039131670891739,-459.899880591858,389.4694934371649,0.18847065442936756,1628.7942182449153,2371.412384574124,15.5,False,"SOC floor violated (min 0.009, unmet 389 Wh); did not refill (end SOC 0.504)"
5.0,0.36,1.3,0.28,1.0,1.0,0.36,2.5,2,mixed,29+29+16+8+1,5,83,19x10E,11.050131418422609,1.7999999999999998,13.888888888888891,0.2963076923076923,9.386332148224295,11.263598577869153,11.450311092098715,109.65274397710752,113.06863566947487,2.7685055225995545,0.004970708786627793,0.6090605645433034,-464.59105336605774,464.59105336605774,0.42094302636733616,1826.890812355782,2541.839565399824,15.166666666666666,False,"SOC floor violated (min 0.005, unmet 465 Wh); did not refill (end SOC 0.609)"
5.0,0.36,1.3,0.34,1.0,1.0,0.36,2.5,2,mixed,29+29+16+8+1,5,83,19x10E,11.050131418422609,1.7999999999999998,13.888888888888891,0.2963076923076923,9.386332148224295,11.263598577869153,11.450311092098715,109.65274397710752,113.06863566947487,2.7685055225995545,0.004970708786627793,0.6090605645433034,-464.59105336605774,464.59105336605774,0.42094302636733616,1826.890812355782,2541.839565399824,15.166666666666666,False,"SOC floor violated (min 0.005, unmet 465 Wh); did not refill (end SOC 0.609)"
5.5,0.4,1.6,0.28,0.6,0.5,0.24,1.6327806457453082,2,mixed,28+28+14,3,70,19x10E,11.350215789940949,2.0212449033192494,14.96602413211978,0.29989522153878384,8.97720286833707,10.772643442004483,10.951217574245598,95.41771568054806,98.01492927350851,2.727645697279318,0.007107561202141011,0.4936948651730494,-469.7707602428343,288.3121257709815,0.09011970987645886,1540.7512875289733,2192.534360805488,15.333333333333332,False,"SOC floor violated (min 0.007, unmet 288 Wh); did not refill (end SOC 0.494)"
5.5,0.4,1.6,0.34,0.6,0.5,0.24,1.6327806457453082,2,mixed,28+28+14,3,70,19x10E,11.350215789940949,2.0212449033192494,14.96602413211978,0.29989522153878384,8.97720286833707,10.772643442004483,10.951217574245598,95.41771568054806,98.01492927350851,2.727645697279318,0.007107561202141011,0.4936948651730494,-469.7707602428343,288.3121257709815,0.09011970987645886,1540.7512875289733,2192.534360805488,15.333333333333332,False,"SOC floor violated (min 0.007, unmet 288 Wh); did not refill (end SOC 0.494)"
6.0,0.45,1.6,0.34,0.4,0.0,0.18000000000000002,0.5067021963549303,2,mixed,26+26+14,3,66,19x10E,11.3389596333733,2.026809593015831,17.76190527420639,0.30717673859584943,8.960424364661742,10.75250923759409,10.93074961256381,87.75419308090073,90.11094066206326,2.7625136545973454,0.006382481414953425,0.48533000563347645,-477.8512145580617,182.30554900054472,0.30123557766175796,1452.7083568130333,2006.7221752767875,15.25,False,"SOC floor violated (min 0.006, unmet 182 Wh); did not refill (end SOC 0.485)"
5.0,0.45,1.3,0.28,0.4,0.5,0.18000000000000002,1.5492179662130843,2,mixed,24+24+18+9,4,75,19x10E,11.322664711243942,1.9932888508775328,12.54208590440563,0.2909550779756991,9.028958440449916,10.834750128539898,11.014353780389099,107.14562710704757,110.17844749339453,2.6885041265077443,0.00830208142428605,0.48485637532710396,-478.3087414340176,454.775633659734,0.21792365483263865,1650.804950923901,2477.021288820891,15.583333333333334,False,"SOC floor violated (min 0.008, unmet 455 Wh); did not refill (end SOC 0.485)"
5.0,0.45,1.3,0.34,0.4,0.5,0.18000000000000002,1.5492179662130843,2,mixed,24+24+18+9,4,75,19x10E,11.322664711243942,1.9932888508775328,12.54208590440563,0.2909550779756991,9.028958440449916,10.834750128539898,11.014353780389099,107.14562710704757,110.17844749339453,2.6885041265077443,0.00830208142428605,0.48485637532710396,-478.3087414340176,454.775633659734,0.21792365483263865,1650.804950923901,2477.021288820891,15.583333333333334,False,"SOC floor violated (min 0.008, unmet 455 Wh); did not refill (end SOC 0.485)"
6.0,0.4,1.3,0.34,0.4,0.0,0.16000000000000003,0.49917527673716505,2,mixed,22+22+14+7,4,65,19x10E,10.79514148561168,1.7998020664169199,20.002199503898495,0.3115422679535207,9.277911927757312,11.133494313308775,11.318050137189323,85.70644448762711,88.21529821644756,2.934516303927574,0.00806099614789408,0.48441718840732667,-478.7329959985224,155.79843007104813,0.38505892938550207,1430.6976241340467,1959.1162089743066,15.166666666666666,False,"SOC floor violated (min 0.008, unmet 156 Wh); did not refill (end SOC 0.484)"
5.5,0.45,1.3,0.28,0.4,0.5,0.18000000000000002,1.6882909976056988,2,mixed,27+27+18+9,4,81,17x10E,11.734662189406293,2.1883385693535384,13.823272332551454,0.29607108169311674,8.772562838722962,10.527075406467555,10.701578848066374,95.67240451545305,123.00099001939807,1.6736492399676344,0.0023430403000371768,0.4832626120704534,-479.848316739942,274.97314869413003,0.19131069611650037,1782.8693469978132,2431.204506407688,14.666666666666668,False,"SOC floor violated (min 0.002, unmet 275 Wh); did not refill (end SOC 0.483)"
5.5,0.45,1.3,0.34,0.4,0.5,0.18000000000000002,1.6882909976056988,2,mixed,27+27+18+9,4,81,17x10E,11.734662189406293,2.1883385693535384,13.823272332551454,0.29607108169311674,8.772562838722962,10.527075406467555,10.701578848066374,95.67240451545305,123.00099001939807,1.6736492399676344,0.0023430403000371768,0.4832626120704534,-479.848316739942,274.97314869413003,0.19131069611650037,1782.8693469978132,2431.204506407688,14.666666666666668,False,"SOC floor violated (min 0.002, unmet 275 Wh); did not refill (end SOC 0.483)"
5.5,0.4,1.3,0.34,0.6,0.0,0.24,0.5233448015239407,2,mixed,22+22+16+8,4,68,19x10E,10.912994345824771,1.8437351682438305,16.406911643830778,0.30395774567274125,9.216608594299126,11.05993031315895,11.243266693774558,92.81662829705976,95.53027918720541,2.866955221953895,0.00999031993380642,0.4796560916856784,-483.3322154316346,257.41818186320234,0.3746743288670575,1496.7298221710025,2131.1173868440255,15.333333333333332,False,"SOC floor violated (min 0.010, unmet 257 Wh); did not refill (end SOC 0.480)"
6.0,0.4,1.3,0.34,0.4,0.5,0.16000000000000003,1.7893630154824944,2,mixed,29+29+16,3,74,17x10E,11.372986575196498,2.109447123715799,17.066083143428536,0.30558755531315773,8.796327505826731,10.555593006992078,10.730569174323879,77.22963181424721,108.37042832324289,1.7802010676397715,0.006484328346257287,0.4795518225545132,-483.4329394123402,27.92773563424726,0.24326577306595945,1628.7942182449156,2034.5388631288822,14.333333333333332,False,"SOC floor violated (min 0.006, unmet 28 Wh); did not refill (end SOC 0.480)"
5.5,0.45,1.3,0.34,0.4,0.0,0.18000000000000002,0.5444147363222125,2,mixed,22+22+16+8,4,68,19x10E,11.01107094660526,1.8794919788069973,16.094774726945687,0.3031394079866167,9.169443765644624,11.003332518773549,11.185730698651936,93.0938061811178,95.8153144863903,2.8370612095804435,0.0066580517363081515,0.47387343675284477,-488.91826009675196,258.5275481840284,0.3271684456695744,1496.7298221710025,2137.8377536591925,15.333333333333332,False,"SOC floor violated (min 0.007, unmet 259 Wh); did not refill (end SOC 0.474)"
5.5,0.4,1.3,0.34,0.4,0.5,0.16000000000000003,1.652408364194063,2,mixed,26+26+16,3,68,19x10E,11.007055267459807,1.9365780074065753,15.62033643070757,0.3018329254503263,9.031638060192861,10.837965672231434,11.017622626960978,93.2151367754066,95.81252827376971,2.826889170707983,0.00543508923054975,0.47267293645075237,-490.0779433885732,259.00252749394116,0.3276328144396731,1496.7298221710025,2139.4575596373884,15.416666666666668,False,"SOC floor violated (min 0.005, unmet 259 Wh); did not refill (end SOC 0.473)"
5.0,0.36,1.3,0.28,1.0,1.0,0.36,2.5,2,mixed,29+29+16+8+1+1,6,84,19x10E,11.166131418422609,1.7999999999999998,13.888888888888891,0.2963076923076923,9.435470565700019,11.322564678840022,11.510254652350511,111.67608600979818,115.22875703641743,2.733924592676816,0.00530038587764637,0.6096665449032677,-492.61290238104164,492.61290238104164,0.30724015950114847,1848.9015450347683,2591.311935718064,15.25,False,"SOC floor violated (min 0.005, unmet 493 Wh); did not refill (end SOC 0.610)"
5.0,0.36,1.3,0.34,1.0,1.0,0.36,2.5,2,mixed,29+29+16+8+1+1,6,84,19x10E,11.166131418422609,1.7999999999999998,13.888888888888891,0.2963076923076923,9.435470565700019,11.322564678840022,11.510254652350511,111.67608600979818,115.22875703641743,2.733924592676816,0.00530038587764637,0.6096665449032677,-492.61290238104164,492.61290238104164,0.30724015950114847,1848.9015450347683,2591.311935718064,15.25,False,"SOC floor violated (min 0.005, unmet 493 Wh); did not refill (end SOC 0.610)"
5.0,0.36,1.6,0.28,1.0,1.0,0.36,2.5,2,mixed,29+29+14+7+1,5,80,19x10E,11.194632181050316,1.7999999999999998,13.888888888888891,0.2963076923076923,9.447504578055215,11.337005493666258,11.524934847231451,111.3879766743623,114.91793401576527,2.7288678172909124,0.0013767034014605262,0.5319627696110111,-497.0117751640621,497.0117751640621,0.1579769953239302,1760.8586143188277,2583.316077586635,15.5,False,"SOC floor violated (min 0.001, unmet 497 Wh); did not refill (end SOC 0.532)"
5.5,0.36,1.3,0.34,0.6,0.5,0.216,1.632376116030971,2,mixed,26+26+14,3,66,19x10E,10.727112188917971,1.8190621607084598,16.629448214248328,0.30452241717386863,9.199539545625113,11.039447454750135,11.222444298585764,90.72719332929175,93.3602474736544,2.92515095663568,0.008189591735050853,0.45858659045874817,-503.6853536168492,229.72705870253762,0.2570407656333676,1452.7083568130333,2080.053021308786,15.416666666666668,False,"SOC floor violated (min 0.008, unmet 230 Wh); did not refill (end SOC 0.459)"
5.0,0.4,1.3,0.28,1.0,1.0,0.4,2.5,2,mixed,28+28+18+9,4,83,19x10E,11.37603447996548,2.0,12.5,0.2907692307692307,9.035015486109504,10.842018583331404,11.021742721671606,112.09802403456655,115.28900976123683,2.6559529427906816,0.008967447486464178,0.5936597295141761,-505.5915989901727,505.5915989901727,0.1842472350614071,1826.890812355782,2598.007786460731,15.333333333333332,False,"SOC floor violated (min 0.009, unmet 506 Wh); did not refill (end SOC 0.594)"
5.0,0.4,1.3,0.34,1.0,1.0,0.4,2.5,2,mixed,28+28+18+9,4,83,19x10E,11.37603447996548,2.0,12.5,0.2907692307692307,9.035015486109504,10.842018583331404,11.021742721671606,112.09802403456655,115.28900976123683,2.6559529427906816,0.008967447486464178,0.5936597295141761,-505.5915989901727,505.5915989901727,0.1842472350614071,1826.890812355782,2598.007786460731,15.333333333333332,False,"SOC floor violated (min 0.009, unmet 506 Wh); did not refill (end SOC 0.594)"
6.0,0.4,1.6,0.34,0.6,0.0,0.24,0.4894789889065679,2,mixed,25+25+14,3,64,19x10E,11.243445844753897,1.998316638225051,18.015163018397324,0.3077246800341336,8.985991703322894,10.783190043987473,10.961939003355036,87.50885530134829,89.87504784893284,2.789155000411143,0.006003227594426021,0.4484189802473853,-513.5072650810258,184.5291610273353,0.35860185426143215,1408.6868914550619,2000.7195293114266,15.333333333333332,False,"SOC floor violated (min 0.006, unmet 185 Wh); did not refill (end SOC 0.448)"
5.0,0.45,1.6,0.28,0.4,0.5,0.18000000000000002,1.5187444642653243,2,mixed,25+25+16+8,4,74,19x10E,11.450573272864869,1.9850610053516375,12.594071382492071,0.29118292600564694,9.098611787307188,10.918334144768625,11.099323337989135,108.46598817922577,111.60065010496184,2.6585340413012366,0.0017857622691992009,0.4476105132374784,-514.2882442125959,472.79537724386915,0.2389964002932115,1628.7942182449153,2509.044677188735,15.75,False,"SOC floor violated (min 0.002, unmet 473 Wh); did not refill (end SOC 0.448)"
5.0,0.45,1.6,0.34,0.4,0.5,0.18000000000000002,1.5187444642653243,2,mixed,25+25+16+8,4,74,19x10E,11.450573272864869,1.9850610053516375,12.594071382492071,0.29118292600564694,9.098611787307188,10.918334144768625,11.099323337989135,108.46598817922577,111.60065010496184,2.6585340413012366,0.0017857622691992009,0.4476105132374784,-514.2882442125959,472.79537724386915,0.2389964002932115,1628.7942182449153,2509.044677188735,15.75,False,"SOC floor violated (min 0.002, unmet 473 Wh); did not refill (end SOC 0.448)"
5.0,0.4,1.3,0.28,1.0,1.0,0.4,2.5,2,mixed,28+28+18,3,74,19x10E,11.196034479965478,2.0,12.5,0.2907692307692307,8.963251140874236,10.755901369049083,10.934197974129292,109.15572654570008,112.17403033006802,2.7050432299658045,0.0038820476414684058,0.44498466038465934,-516.8248180684191,485.7905086875846,0.19121471486769673,1628.7942182449153,2524.63844331784,15.75,False,"SOC floor violated (min 0.004, unmet 486 Wh); did not refill (end SOC 0.445)"
5.0,0.4,1.3,0.34,1.0,1.0,0.4,2.5,2,mixed,28+28+18,3,74,19x10E,11.196034479965478,2.0,12.5,0.2907692307692307,8.963251140874236,10.755901369049083,10.934197974129292,109.15572654570008,112.17403033006802,2.7050432299658045,0.0038820476414684058,0.44498466038465934,-516.8248180684191,485.7905086875846,0.19121471486769673,1628.7942182449153,2524.63844331784,15.75,False,"SOC floor violated (min 0.004, unmet 486 Wh); did not refill (end SOC 0.445)"
5.0,0.45,1.6,0.28,0.6,0.5,0.27,1.5274677676504065,2,mixed,25+25+16+8,4,74,19x10E,11.62996248123689,2.0749441981770733,12.04851678515671,0.28869385297355793,8.968801150598088,10.762561380717704,10.940968386351953,109.68807000893237,112.73025780039669,2.602402173166607,0.007747258909866446,0.44427077908583756,-517.5144274030808,497.74063078655047,0.14486242567364133,1628.7942182449153,2537.358213844657,15.833333333333332,False,"SOC floor violated (min 0.008, unmet 498 Wh); did not refill (end SOC 0.444)"
5.0,0.45,1.6,0.34,0.6,0.5,0.27,1.5274677676504065,2,mixed,25+25+16+8,4,74,19x10E,11.62996248123689,2.0749441981770733,12.04851678515671,0.28869385297355793,8.968801150598088,10.762561380717704,10.940968386351953,109.68807000893237,112.73025780039669,2.602402173166607,0.007747258909866446,0.44427077908583756,-517.5144274030808,497.74063078655047,0.14486242567364133,1628.7942182449153,2537.358213844657,15.833333333333332,False,"SOC floor violated (min 0.008, unmet 498 Wh); did not refill (end SOC 0.444)"
5.5,0.36,1.6,0.34,0.6,0.5,0.216,1.6065557965492165,2,mixed,26+26+14,3,66,19x10E,10.888470525118743,1.815344034703087,16.6635080853683,0.3046075109667443,9.277958336751606,11.133550004101927,11.318106751148186,92.28698778405003,95.00249425198746,2.87952281954001,0.0049213519067679585,0.44124833480033576,-520.4341085828756,250.76955893598512,0.11406446372714876,1452.7083568130333,2117.9695117946712,15.5,False,"SOC floor violated (min 0.005, unmet 251 Wh); did not refill (end SOC 0.441)"
5.5,0.4,1.3,0.28,0.6,0.5,0.24,1.661585651346976,2,mixed,27+27+16,3,70,18x10E,11.187565476628881,2.0258537042155162,14.931976547494031,0.2997897435780302,8.902504551554662,10.683005461865594,10.860093698411255,102.07610749166189,104.86692219636106,2.2593149977611113,0.008295061439655475,0.4358733036125649,-525.6263887102624,393.20077508651616,0.3184360704218451,1540.7512875289738,2353.0833690057066,15.666666666666668,False,"SOC floor violated (min 0.008, unmet 393 Wh); did not refill (end SOC 0.436)"
5.5,0.4,1.3,0.34,0.6,0.5,0.24,1.661585651346976,2,mixed,27+27+16,3,70,18x10E,11.187565476628881,2.0258537042155162,14.931976547494031,0.2997897435780302,8.902504551554662,10.683005461865594,10.860093698411255,102.07610749166189,104.86692219636106,2.2593149977611113,0.008295061439655475,0.4358733036125649,-525.6263887102624,393.20077508651616,0.3184360704218451,1540.7512875289738,2353.0833690057066,15.666666666666668,False,"SOC floor violated (min 0.008, unmet 393 Wh); did not refill (end SOC 0.436)"
5.0,0.36,1.6,0.28,1.0,1.0,0.36,2.5,2,mixed,29+29+14+7+1+1,6,81,19x10E,11.310632181050316,1.7999999999999998,13.888888888888891,0.2963076923076923,9.496326466153992,11.39559175938479,11.584492275842198,113.45384332371653,117.12624762332486,2.694908272163735,0.001522835295116886,0.5321658718535159,-526.0143121921689,526.0143121921689,0.09563175506860114,1782.8693469978134,2634.107676315864,15.5,False,"SOC floor violated (min 0.002, unmet 526 Wh); did not refill (end SOC 0.532)"
5.0,0.36,1.6,0.34,1.0,1.0,0.36,2.5,2,mixed,29+29+14+1+1,5,74,19x10E,11.146632181050316,1.7999999999999998,13.888888888888891,0.2963076923076923,9.427228459912282,11.312674151894738,11.500200173792408,110.54545136710942,114.01819733908177,2.7430693268127073,0.008267570427173554,0.4339700303081495,-527.4649507223276,512.0510623783721,0.3350526332596667,1628.7942182449158,2561.4515915817224,15.833333333333332,False,"SOC floor violated (min 0.008, unmet 512 Wh); did not refill (end SOC 0.434)"
5.0,0.36,1.6,0.34,1.0,1.0,0.36,2.5,2,mixed,29+29+14+1,4,73,19x10E,11.030632181050317,1.7999999999999998,13.888888888888891,0.2963076923076923,9.37804685614108,11.253656227369294,11.440203930926108,108.53837685508168,111.87688696182511,2.7777579559831187,0.008280587059974856,0.4334475157160695,-527.9696998182768,483.95514601260686,0.08707057336037019,1606.7834855659296,2512.1855437270265,15.833333333333332,False,"SOC floor violated (min 0.008, unmet 484 Wh); did not refill (end SOC 0.433)"
5.0,0.4,1.3,0.28,0.4,0.5,0.16000000000000003,1.5148973424009502,2,mixed,23+23+16+8,4,70,19x10E,10.781649216461688,1.7635753621762285,14.175748049207455,0.29731637458588905,9.366860162626079,11.240232195151295,11.426557373483226,101.6807725227046,104.79756398190426,2.8710229870289092,0.0038460503837567887,0.4319909351334545,-529.3767566610829,382.7119780995532,0.3299957728313115,1540.7512875289738,2346.3118027049018,15.666666666666668,False,"SOC floor violated (min 0.004, unmet 383 Wh); did not refill (end SOC 0.432)"
5.0,0.4,1.3,0.34,0.4,0.5,0.16000000000000003,1.5148973424009502,2,mixed,23+23+16+8,4,70,19x10E,10.781649216461688,1.7635753621762285,14.175748049207455,0.29731637458588905,9.366860162626079,11.240232195151295,11.426557373483226,101.6807725227046,104.79756398190426,2.8710229870289092,0.0038460503837567887,0.4319909351334545,-529.3767566610829,382.7119780995532,0.3299957728313115,1540.7512875289738,2346.3118027049018,15.666666666666668,False,"SOC floor violated (min 0.004, unmet 383 Wh); did not refill (end SOC 0.432)"
5.0,0.4,1.6,0.28,0.6,0.5,0.24,1.496015551656488,2,mixed,25+25+14+7,4,71,19x10E,11.108089916094967,1.8393624882650381,13.591665677373372,0.295217654171122,9.309674138987582,11.171608966785097,11.356796603201431,104.14614323406056,107.27228874809484,2.7731236065831872,0.0055005941538732155,0.43169004528519667,-529.6674162545,419.3612371737575,0.2129749134494266,1562.7620202079595,2405.2981381082386,15.75,False,"SOC floor violated (min 0.006, unmet 419 Wh); did not refill (end SOC 0.432)"
5.0,0.52,1.3,0.28,0.4,0.0,0.20800000000000002,0.6105551169334263,2,mixed,27+22+22,3,71,19x10E,11.242775153212165,2.010493196483229,12.434759811040495,0.2904786499435413,8.958471326334717,10.75016559160166,10.928367116817217,104.75961539869428,107.64721262684009,2.7118977958802026,0.007829428369409839,0.4309314718037973,-530.4001982375318,431.3431776445378,0.18173125688732245,1562.7620202079595,2418.0534467008615,15.75,False,"SOC floor violated (min 0.008, unmet 431 Wh); did not refill (end SOC 0.431)"
5.0,0.52,1.3,0.34,0.4,0.0,0.20800000000000002,0.6105551169334263,2,mixed,27+22+22,3,71,19x10E,11.242775153212165,2.010493196483229,12.434759811040495,0.2904786499435413,8.958471326334717,10.75016559160166,10.928367116817217,104.75961539869428,107.64721262684009,2.7118977958802026,0.007829428369409839,0.4309314718037973,-530.4001982375318,431.3431776445378,0.18173125688732245,1562.7620202079595,2418.0534467008615,15.75,False,"SOC floor violated (min 0.008, unmet 431 Wh); did not refill (end SOC 0.431)"
4.5,0.52,1.6,0.28,0.4,0.5,0.20800000000000002,1.4217293684432515,2,mixed,27+27+27,3,81,19x10E,11.639514009846954,2.0815795629542944,9.72818928490058,0.2749887328904515,8.958171350392256,10.749805620470706,10.928001178577757,84.38015994363894,130.23193670087772,2.5322594186725618,0.007830577371950897,0.42999725094804564,-531.3026555841878,139.82911988775732,0.15239570893058146,1782.8693469978132,2348.357680633985,14.333333333333332,False,"SOC floor violated (min 0.008, unmet 140 Wh); did not refill (end SOC 0.430)"
4.5,0.52,1.6,0.34,0.4,0.5,0.20800000000000002,1.4217293684432515,2,mixed,27+27+27,3,81,19x10E,11.639514009846954,2.0815795629542944,9.72818928490058,0.2749887328904515,8.958171350392256,10.749805620470706,10.928001178577757,84.38015994363894,130.23193670087772,2.5322594186725618,0.007830577371950897,0.42999725094804564,-531.3026555841878,139.82911988775732,0.15239570893058146,1782.8693469978132,2348.357680633985,14.333333333333332,False,"SOC floor violated (min 0.008, unmet 140 Wh); did not refill (end SOC 0.430)"
5.0,0.45,1.3,0.28,0.6,0.5,0.27,1.5585896476907553,2,mixed,25+25+18+9,4,77,18x10E,11.500790432694043,2.080546136584336,12.016075760301513,0.2885387223715107,8.906839342092303,10.688207210510763,10.865381674522824,83.3120371104098,121.0735547848143,2.137453419415856,0.0065548726921202645,0.42985251294479937,-531.4424724953237,123.79700298308335,0.1068302222086442,1694.8264162818707,2244.516894835744,14.333333333333332,False,"SOC floor violated (min 0.007, unmet 124 Wh); did not refill (end SOC 0.430)"
5.0,0.45,1.3,0.34,0.6,0.5,0.27,1.5585896476907553,2,mixed,25+25+18+9,4,77,18x10E,11.500790432694043,2.080546136584336,12.016075760301513,0.2885387223715107,8.906839342092303,10.688207210510763,10.865381674522824,83.3120371104098,121.0735547848143,2.137453419415856,0.0065548726921202645,0.42985251294479937,-531.4424724953237,123.79700298308335,0.1068302222086442,1694.8264162818707,2244.516894835744,14.333333333333332,False,"SOC floor violated (min 0.007, unmet 124 Wh); did not refill (end SOC 0.430)"
6.0,0.45,1.3,0.34,0.4,0.0,0.18000000000000002,0.5665992537056255,2,mixed,25+25+16,3,66,18x10E,11.201442053513151,2.0429817985005188,17.621302366189855,0.3068657346442208,8.870603527482453,10.644724232978943,10.821177895729754,94.14105004706379,96.67186189190095,2.2865974354636056,0.007039160741128208,0.4289557057515408,-532.3087882440117,281.70567928121443,0.21553714144324232,1452.708356813033,2160.686200823587,15.583333333333334,False,"SOC floor violated (min 0.007, unmet 282 Wh); did not refill (end SOC 0.429)"
5.5,0.4,1.6,0.34,0.4,0.5,0.16000000000000003,1.6242923932130202,2,mixed,26+26+14,3,66,19x10E,11.137253479575456,1.929830174371125,15.67495440880314,0.3019873577384867,9.100766149519695,10.920919379423633,11.10195142712435,94.28706724235583,96.95694094921622,2.7946168644854383,0.00527188138552941,0.4247877251302654,-536.3350575241636,282.33784084970745,0.1917805533336363,1452.708356813033,2165.361050849284,15.583333333333334,False,"SOC floor violated (min 0.005, unmet 282 Wh); did not refill (end SOC 0.425)"
5.5,0.36,1.3,0.34,0.4,0.5,0.144,1.6238979058029053,2,mixed,25+25+14,3,64,19x10E,10.54533732697823,1.7367619476534273,17.417470506462536,0.3064059566970607,9.334875712331435,11.201850854797721,11.387539799823983,90.02448730921326,92.69514282720307,2.987034235972688,0.005300407103958264,0.42327575633492626,-537.7956193804612,222.80377897580496,0.3592600666526676,1408.6868914550623,2063.288267324041,15.5,False,"SOC floor violated (min 0.005, unmet 223 Wh); did not refill (end SOC 0.423)"
4.5,0.52,1.3,0.28,0.6,0.5,0.312,1.4651594230806357,2,mixed,29+29+29+10,4,97,18x10E,11.916166244699465,2.1767531600007723,9.302846263006144,0.27173493470082827,8.863640520560217,10.63636862467226,10.81268377958971,116.43577144626178,146.9323448485709,1.970774381786488,0.008055231203880289,0.5866448823857611,-546.9942138572625,546.9942138572625,0.2595285487931894,2135.041069861578,2954.0104375647848,14.833333333333334,False,"SOC floor violated (min 0.008, unmet 547 Wh); did not refill (end SOC 0.587)"
4.5,0.52,1.3,0.34,0.6,0.5,0.312,1.4651594230806357,2,mixed,29+29+29+10,4,97,18x10E,11.916166244699465,2.1767531600007723,9.302846263006144,0.27173493470082827,8.863640520560217,10.63636862467226,10.81268377958971,116.43577144626178,146.9323448485709,1.970774381786488,0.008055231203880289,0.5866448823857611,-546.9942138572625,546.9942138572625,0.2595285487931894,2135.041069861578,2954.0104375647848,14.833333333333334,False,"SOC floor violated (min 0.008, unmet 547 Wh); did not refill (end SOC 0.587)"
5.0,0.52,1.3,0.28,0.6,0.0,0.312,0.660112349383191,2,mixed,29+25+25+10,4,89,17x10E,11.894789297934372,2.2173033686717036,11.274956937884635,0.2847515990213989,8.774336131993422,10.529203358392106,10.703742074264174,115.91930886733098,139.37348263862438,1.597961277760997,0.004374791933212014,0.49798957088426427,-552.0455139383156,552.0455139383156,0.1708689285640972,1958.9552084296947,2869.2419477957114,15.166666666666666,False,"SOC floor violated (min 0.004, unmet 552 Wh); did not refill (end SOC 0.498)"
5.0,0.52,1.3,0.34,0.6,0.0,0.312,0.660112349383191,2,mixed,29+25+25+10,4,89,17x10E,11.894789297934372,2.2173033686717036,11.274956937884635,0.2847515990213989,8.774336131993422,10.529203358392106,10.703742074264174,115.91930886733098,139.37348263862438,1.597961277760997,0.004374791933212014,0.49798957088426427,-552.0455139383156,552.0455139383156,0.1708689285640972,1958.9552084296947,2869.2419477957114,15.166666666666666,False,"SOC floor violated (min 0.004, unmet 552 Wh); did not refill (end SOC 0.498)"
5.0,0.4,1.6,0.28,1.0,1.0,0.4,2.5,2,mixed,29+29+16+8+1,5,83,19x10E,11.638720370064641,2.0,12.5,0.2907692307692307,9.13873467105017,10.966481605260203,11.148268921153498,115.76862500581274,119.17639811402707,2.5894445251647107,0.0018107335452406392,0.5526615906938442,-555.3887407006248,555.3887407006248,0.1681476682593595,1826.8908123557821,2687.4130715593114,15.5,False,"SOC floor violated (min 0.002, unmet 555 Wh); did not refill (end SOC 0.553)"
5.0,0.4,1.6,0.34,1.0,1.0,0.4,2.5,2,mixed,29+29+16+8+1,5,83,19x10E,11.638720370064641,2.0,12.5,0.2907692307692307,9.13873467105017,10.966481605260203,11.148268921153498,115.76862500581274,119.17639811402707,2.5894445251647107,0.0018107335452406392,0.5526615906938442,-555.3887407006248,555.3887407006248,0.1681476682593595,1826.8908123557821,2687.4130715593114,15.5,False,"SOC floor violated (min 0.002, unmet 555 Wh); did not refill (end SOC 0.553)"
5.0,0.4,1.6,0.28,0.4,0.5,0.16000000000000003,1.488014053641119,2,mixed,24+24+14+7,4,69,19x10E,10.929506380916665,1.7571233728738687,14.22780004292537,0.2974950450588775,9.448167748583474,11.33780129830017,11.525743843624904,103.4047432457012,106.65218062630827,2.8290303106893697,0.00941394153151069,0.4037014430365082,-556.7044060267331,419.10583689573645,0.2560946851786726,1518.7405548499883,2388.234576505126,15.833333333333332,False,"SOC floor violated (min 0.009, unmet 419 Wh); did not refill (end SOC 0.404)"
5.0,0.52,1.6,0.28,0.4,0.0,0.20800000000000002,0.544874025431344,2,mixed,24+23+23,3,70,19x10E,11.34210753544471,1.990000695934579,12.562809676937857,0.2910461345741194,9.044169965989996,10.853003959187994,11.032910198047114,105.67020523961841,108.66161133539296,2.6913139512151174,0.005080384358354877,0.40131955303515854,-559.0053117680368,446.9200077913046,0.2142231047261956,1540.7512875289735,2440.265458358345,15.916666666666666,False,"SOC floor violated (min 0.005, unmet 447 Wh); did not refill (end SOC 0.401)"
5.0,0.52,1.6,0.34,0.4,0.0,0.20800000000000002,0.544874025431344,2,mixed,24+23+23,3,70,19x10E,11.34210753544471,1.990000695934579,12.562809676937857,0.2910461345741194,9.044169965989996,10.853003959187994,11.032910198047114,105.67020523961841,108.66161133539296,2.6913139512151174,0.005080384358354877,0.40131955303515854,-559.0053117680368,446.9200077913046,0.2142231047261956,1540.7512875289735,2440.265458358345,15.916666666666666,False,"SOC floor violated (min 0.005, unmet 447 Wh); did not refill (end SOC 0.401)"
5.0,0.36,1.3,0.28,0.6,0.5,0.216,1.4956291289888761,2,mixed,23+23+14+7,4,67,19x10E,10.514282207877796,1.6553705945743977,15.10235839753309,0.3003128143040936,9.54752151844175,11.457025822130099,11.646944708359406,98.79486246433895,101.99465951882895,2.966320888074948,0.004681517255367612,0.40060827431109586,-559.6924070154813,349.111208884537,0.13715299377797643,1474.7190894920177,2277.47502484368,15.75,False,"SOC floor violated (min 0.005, unmet 349 Wh); did not refill (end SOC 0.401)"
6.0,0.4,1.3,0.34,0.6,0.0,0.24,0.5454984328043848,2,mixed,24+24+16,3,64,18x10E,11.086455563419076,2.007279749248702,17.93471986825669,0.30755231251444803,8.903091934429671,10.683710321315605,10.860810242056079,93.71397110922088,96.24094223998667,2.3146193573351774,0.008369892313953041,0.39640145796675286,-563.7561916041167,283.40158501803205,0.23070598764292544,1408.6868914550623,2149.9828184501193,15.75,False,"SOC floor violated (min 0.008, unmet 283 Wh); did not refill (end SOC 0.396)"
4.5,0.52,1.6,0.28,0.6,0.5,0.312,1.4306879086917381,2,mixed,29+29+27,3,85,18x10E,11.832308379935101,2.169583085007882,9.333590467187125,0.271980065469816,8.846980012819724,10.616376015383668,10.792359760199767,113.05071241163658,144.20117234728139,1.9926106329192768,0.0023787811516385836,0.3867886429932092,-573.0421708685599,528.4513244110548,0.09987641011822271,1870.9122777137545,2865.7836223161507,15.25,False,"SOC floor violated (min 0.002, unmet 528 Wh); did not refill (end SOC 0.387)"
4.5,0.52,1.6,0.34,0.6,0.5,0.312,1.4306879086917381,2,mixed,29+29+27,3,85,18x10E,11.832308379935101,2.169583085007882,9.333590467187125,0.271980065469816,8.846980012819724,10.616376015383668,10.792359760199767,113.05071241163658,144.20117234728139,1.9926106329192768,0.0023787811516385836,0.3867886429932092,-573.0421708685599,528.4513244110548,0.09987641011822271,1870.9122777137545,2865.7836223161507,15.25,False,"SOC floor violated (min 0.002, unmet 528 Wh); did not refill (end SOC 0.387)"
5.0,0.45,1.3,0.28,0.6,0.0,0.27,0.5662374844994117,2,mixed,22+22+16+8,4,68,19x10E,11.064758700905767,1.901922747209894,13.144592774167513,0.2934852162311106,9.137407353899667,10.9648888246796,11.14664973763739,103.49832112690498,106.52162967593948,2.7754735259533616,0.006401060699613865,0.3835622009997752,-576.1589138342171,421.64148618731,0.12771612731849183,1496.7298221710023,2388.3981178170834,15.916666666666666,False,"SOC floor violated (min 0.006, unmet 422 Wh); did not refill (end SOC 0.384)"
5.0,0.45,1.3,0.34,0.6,0.0,0.27,0.5662374844994117,2,mixed,22+22+16+8,4,68,19x10E,11.064758700905767,1.901922747209894,13.144592774167513,0.2934852162311106,9.137407353899667,10.9648888246796,11.14664973763739,103.49832112690498,106.52162967593948,2.7754735259533616,0.006401060699613865,0.3835622009997752,-576.1589138342171,421.64148618731,0.12771612731849183,1496.7298221710023,2388.3981178170834,15.916666666666666,False,"SOC floor violated (min 0.006, unmet 422 Wh); did not refill (end SOC 0.384)"
5.5,0.52,1.6,0.28,0.4,0.0,0.20800000000000002,0.569042692979887,2,mixed,25+25+24,3,74,17x10E,11.716301551557553,2.179541320209725,13.879066994283557,0.2962724173378576,8.783369766772093,10.540043720126512,10.714762132671948,92.58001131884829,120.5563936985207,1.6852717633757655,0.004299137847611798,0.3774356187709744,-582.0771922672387,248.69442696517842,0.26515099247955,1628.7942182449156,2353.7077130694147,15.0,False,"SOC floor violated (min 0.004, unmet 249 Wh); did not refill (end SOC 0.377)"
5.5,0.52,1.6,0.34,0.4,0.0,0.20800000000000002,0.569042692979887,2,mixed,25+25+24,3,74,17x10E,11.716301551557553,2.179541320209725,13.879066994283557,0.2962724173378576,8.783369766772093,10.540043720126512,10.714762132671948,92.58001131884829,120.5563936985207,1.6852717633757655,0.004299137847611798,0.3774356187709744,-582.0771922672387,248.69442696517842,0.26515099247955,1628.7942182449156,2353.7077130694147,15.0,False,"SOC floor violated (min 0.004, unmet 249 Wh); did not refill (end SOC 0.377)"
5.5,0.36,1.6,0.34,0.4,0.5,0.144,1.5987395917999254,2,mixed,25+25+12,3,62,19x10E,10.691419485191343,1.7313277518287837,17.472139499899562,0.3065303248151072,9.414049745863421,11.296859695036105,11.484123566522355,91.429054589483,94.22138198533669,2.943906773560446,0.007917084186885958,0.3757051105465909,-583.7488632119931,254.50584418376766,0.14039567726449081,1364.6654260970909,2097.334011163391,15.75,False,"SOC floor violated (min 0.008, unmet 255 Wh); did not refill (end SOC 0.376)"
5.0,0.4,1.3,0.28,0.6,0.5,0.24,1.5235340381979383,2,mixed,25+25+16,3,66,19x10E,10.804379423109214,1.8437654461116701,13.55920844092326,0.2950957261076768,9.170553039168441,11.004663647002129,11.187083892501603,100.0323473256297,102.9700269510481,2.860311089573579,0.0057724943644248475,0.37524724880555604,-584.1911576538329,373.61110292025893,0.15884423869727962,1452.708356813033,2304.5225794539074,15.916666666666666,False,"SOC floor violated (min 0.006, unmet 374 Wh); did not refill (end SOC 0.375)"
5.0,0.4,1.3,0.34,0.6,0.5,0.24,1.5235340381979383,2,mixed,25+25+16,3,66,19x10E,10.804379423109214,1.8437654461116701,13.55920844092326,0.2950957261076768,9.170553039168441,11.004663647002129,11.187083892501603,100.0323473256297,102.9700269510481,2.860311089573579,0.0057724943644248475,0.37524724880555604,-584.1911576538329,373.61110292025893,0.15884423869727962,1452.708356813033,2304.5225794539074,15.916666666666666,False,"SOC floor violated (min 0.006, unmet 374 Wh); did not refill (end SOC 0.375)"
5.0,0.4,1.6,0.28,1.0,1.0,0.4,2.5,2,mixed,29+29+16+8+1+1,6,84,19x10E,11.754720370064641,2.0,12.5,0.2907692307692307,9.184163414667486,11.020996097600984,11.203687080102824,117.77601239384025,121.30864919514023,2.5592972827238696,0.0040161910346382754,0.5555727590132925,-585.4430473450395,585.4430473450395,0.11214097187456436,1848.9015450347683,2736.6517102632083,15.5,False,"SOC floor violated (min 0.004, unmet 585 Wh); did not refill (end SOC 0.556)"
5.0,0.4,1.6,0.34,1.0,1.0,0.4,2.5,2,mixed,29+29+16+8+1+1,6,84,19x10E,11.754720370064641,2.0,12.5,0.2907692307692307,9.184163414667486,11.020996097600984,11.203687080102824,117.77601239384025,121.30864919514023,2.5592972827238696,0.0040161910346382754,0.5555727590132925,-585.4430473450395,585.4430473450395,0.11214097187456436,1848.9015450347683,2736.6517102632083,15.5,False,"SOC floor violated (min 0.004, unmet 585 Wh); did not refill (end SOC 0.556)"
5.5,0.45,1.6,0.28,0.6,0.0,0.27,0.5310624875088386,2,mixed,26+26+16,3,68,18x10E,11.441356632365835,2.075591247751591,14.574160511020017,0.29865143997517024,8.894392600473187,10.673271120567824,10.850197994532465,104.648608699221,107.48559929043417,2.1985384481385672,0.0026718386500361214,0.3718208376202102,-587.501070858877,436.40436655558165,0.32906542037178826,1496.7298221710023,2414.262533511002,16.0,False,"SOC floor violated (min 0.003, unmet 436 Wh); did not refill (end SOC 0.372)"
5.5,0.45,1.6,0.34,0.6,0.0,0.27,0.5310624875088386,2,mixed,26+26+16,3,68,18x10E,11.441356632365835,2.075591247751591,14.574160511020017,0.29865143997517024,8.894392600473187,10.673271120567824,10.850197994532465,104.648608699221,107.48559929043417,2.1985384481385672,0.0026718386500361214,0.3718208376202102,-587.501070858877,436.40436655558165,0.32906542037178826,1496.7298221710023,2414.262533511002,16.0,False,"SOC floor violated (min 0.003, unmet 436 Wh); did not refill (end SOC 0.372)"
6.0,0.4,1.3,0.34,0.4,0.0,0.16000000000000003,0.49917527673716505,2,mixed,22+22+14,3,58,19x10E,10.63114148561168,1.7998020664169199,20.002199503898495,0.3115422679535207,9.207167100768213,11.048600520921855,11.23174909175539,83.63109867955569,86.03850648588012,2.9853429982079107,0.008393035164650606,0.3701784876103062,-589.0875809684442,146.68244499264108,0.09904092437710095,1276.6224953811497,1907.2081000287026,15.666666666666668,False,"SOC floor violated (min 0.008, unmet 147 Wh); did not refill (end SOC 0.370)"
6.0,0.45,1.3,0.34,0.6,0.0,0.27,0.6172257429996467,2,mixed,28+28+18,3,74,20x13E,11.77207074874607,2.2711006337399366,15.851345143045014,0.3024788339665397,8.624952098811134,10.34994251857336,10.521509693700784,115.87360159604529,121.16895038858547,4.39806639343028,0.0026656835933239753,0.371066311483274,-592.5805583031091,592.5805583031091,0.20646795985570182,1628.7942182449156,2702.8879495793617,16.083333333333332,False,"SOC floor violated (min 0.003, unmet 593 Wh); did not refill (end SOC 0.371)"
6.0,0.36,1.6,0.34,0.6,0.5,0.216,1.741673575454751,2,mixed,29+29,2,58,19x10E,11.03799288652958,1.978800994865484,18.192835001302,0.30809998086797147,8.94730916434691,10.736770997216292,10.914750485187048,85.381313670524,87.64863601914738,2.847632080003997,0.007483922071405166,0.35567161815684406,-603.1012168604886,173.41259584428263,0.1725001523366636,1276.62249538115,1947.856937468726,15.75,False,"SOC floor violated (min 0.007, unmet 173 Wh); did not refill (end SOC 0.356)"
4.5,0.36,1.3,0.28,1.0,1.0,0.36,2.25,2,mixed,26+26+14+7,4,73,19x10E,10.500906961880883,1.6199999999999999,12.500000000000002,0.2907692307692308,9.645046978361856,11.574056374034226,11.765915232505677,116.15977080249874,120.13511212207595,2.8984380713169973,0.007833861879800631,0.36660865844183005,-605.905862785879,605.905862785879,0.15337952045801134,1606.7834855659298,2698.6433944866753,16.25,False,"SOC floor violated (min 0.008, unmet 606 Wh); did not refill (end SOC 0.367)"
4.5,0.36,1.3,0.34,1.0,1.0,0.36,2.25,2,mixed,26+26+14+7,4,73,19x10E,10.500906961880883,1.6199999999999999,12.500000000000002,0.2907692307692308,9.645046978361856,11.574056374034226,11.765915232505677,116.15977080249874,120.13511212207595,2.8984380713169973,0.007833861879800631,0.36660865844183005,-605.905862785879,605.905862785879,0.15337952045801134,1606.7834855659298,2698.6433944866753,16.25,False,"SOC floor violated (min 0.008, unmet 606 Wh); did not refill (end SOC 0.367)"
5.0,0.45,1.6,0.28,0.6,0.0,0.27,0.507554081913427,2,mixed,23+23+14+7,4,67,19x10E,11.195201148899821,1.8913597347444169,13.218003714866173,0.2937777304224623,9.216739870035733,11.06008784404288,11.243426835989778,104.9800834324369,108.08794414811199,2.742464407402507,0.005950185525647873,0.3524374437051094,-606.2254293808643,449.2055048215926,0.09561978697729145,1474.719089492018,2424.125899710913,16.083333333333332,False,"SOC floor violated (min 0.006, unmet 449 Wh); did not refill (end SOC 0.352)"
5.0,0.45,1.6,0.34,0.6,0.0,0.27,0.507554081913427,2,mixed,23+23+14+7,4,67,19x10E,11.195201148899821,1.8913597347444169,13.218003714866173,0.2937777304224623,9.216739870035733,11.06008784404288,11.243426835989778,104.9800834324369,108.08794414811199,2.742464407402507,0.005950185525647873,0.3524374437051094,-606.2254293808643,449.2055048215926,0.09561978697729145,1474.719089492018,2424.125899710913,16.083333333333332,False,"SOC floor violated (min 0.006, unmet 449 Wh); did not refill (end SOC 0.352)"
5.5,0.4,1.3,0.34,0.6,0.0,0.24,0.5233448015239407,2,mixed,22+22+16,3,60,19x10E,10.74099434582477,1.8437351682438305,16.406911643830778,0.30395774567274125,9.14368852027248,10.972426224326975,11.154312081975325,90.44753760914288,93.03263158360694,2.9186832401555374,0.008143752277092235,0.3487641728085464,-609.7738090669442,246.6960794741659,0.19244417223089627,1320.643960739121,2071.637078913019,15.916666666666666,False,"SOC floor violated (min 0.008, unmet 247 Wh); did not refill (end SOC 0.349)"
5.0,0.45,1.3,0.28,0.4,0.0,0.18000000000000002,0.5212041727516119,2,mixed,20+20+16+8,4,64,19x10E,10.648926028609862,1.7157251266429352,14.571098605355347,0.2986414580314265,9.437946227752947,11.325535473303537,11.513274692576802,99.43442229850295,102.5525472968467,2.920571542932433,0.008278573306521247,0.3447865953545978,-613.6161488874584,374.5971923100067,0.149308150483827,1408.6868914550623,2291.1112914009627,16.083333333333332,False,"SOC floor violated (min 0.008, unmet 375 Wh); did not refill (end SOC 0.345)"
5.0,0.45,1.3,0.34,0.4,0.0,0.18000000000000002,0.5212041727516119,2,mixed,20+20+16+8,4,64,19x10E,10.648926028609862,1.7157251266429352,14.571098605355347,0.2986414580314265,9.437946227752947,11.325535473303537,11.513274692576802,99.43442229850295,102.5525472968467,2.920571542932433,0.008278573306521247,0.3447865953545978,-613.6161488874584,374.5971923100067,0.149308150483827,1408.6868914550623,2291.1112914009627,16.083333333333332,False,"SOC floor violated (min 0.008, unmet 375 Wh); did not refill (end SOC 0.345)"
5.5,0.45,1.3,0.34,0.4,0.0,0.18000000000000002,0.5444147363222125,2,mixed,22+22+16,3,60,19x10E,10.83907094660526,1.8794919788069973,16.094774726945687,0.3031394079866167,9.097545586266447,10.917054703519737,11.098022687915131,90.76289308177844,93.33899134050975,2.887167295533005,0.0041905073318304325,0.34233320484813884,-615.9861241166979,247.98303134445004,0.16691419248899564,1320.643960739121,2079.132894887429,15.916666666666666,False,"SOC floor violated (min 0.004, unmet 248 Wh); did not refill (end SOC 0.342)"
5.0,0.52,1.6,0.28,0.6,0.0,0.312,0.5911875073009959,2,mixed,27+26+26,3,79,17x10E,11.81342374601125,2.202967001518607,11.348331583163226,0.2851486061117925,8.772681142523425,10.52721737102811,10.701723165921026,112.94146669615168,136.92614979937613,1.6167446183569465,0.006131893244987054,0.3416668320389547,-616.6298402503697,543.3361546809448,0.10653644457005147,1738.847881639842,2792.4662834931223,15.583333333333334,False,"SOC floor violated (min 0.006, unmet 543 Wh); did not refill (end SOC 0.342)"
5.0,0.52,1.6,0.34,0.6,0.0,0.312,0.5911875073009959,2,mixed,27+26+26,3,79,17x10E,11.81342374601125,2.202967001518607,11.348331583163226,0.2851486061117925,8.772681142523425,10.52721737102811,10.701723165921026,112.94146669615168,136.92614979937613,1.6167446183569465,0.006131893244987054,0.3416668320389547,-616.6298402503697,543.3361546809448,0.10653644457005147,1738.847881639842,2792.4662834931223,15.583333333333334,False,"SOC floor violated (min 0.006, unmet 543 Wh); did not refill (end SOC 0.342)"
6.0,0.45,1.3,0.34,0.6,0.0,0.27,0.6172257429996467,2,mixed,28+28+18+9,4,83,20x13E,11.95207074874607,2.2711006337399366,15.851345143045014,0.3024788339665397,8.690641550922317,10.42876986110678,10.601643727982198,119.77333862855386,125.47716940220516,4.344157660829941,0.003133044090807594,0.5005105870677826,-619.612359856724,619.612359856724,0.24277459193771259,1826.8908123557826,2802.092050199074,15.666666666666668,False,"SOC floor violated (min 0.003, unmet 620 Wh); did not refill (end SOC 0.501)"
5.0,0.45,1.3,0.28,0.4,0.5,0.18000000000000002,1.5492179662130843,2,mixed,24+24+18,3,66,19x10E,11.142664711243942,1.9932888508775328,12.54208590440563,0.2909550779756991,8.956902809192414,10.748283371030896,10.926453695371116,104.35872482287995,107.22798313930322,2.73786681798196,0.0013697537957885163,0.3365414941351436,-621.5809166654512,438.96991648402485,0.2857005063419594,1452.708356813033,2407.0852525610912,16.166666666666668,False,"SOC floor violated (min 0.001, unmet 439 Wh); did not refill (end SOC 0.337)"
5.0,0.45,1.3,0.34,0.4,0.5,0.18000000000000002,1.5492179662130843,2,mixed,24+24+18,3,66,19x10E,11.142664711243942,1.9932888508775328,12.54208590440563,0.2909550779756991,8.956902809192414,10.748283371030896,10.926453695371116,104.35872482287995,107.22798313930322,2.73786681798196,0.0013697537957885163,0.3365414941351436,-621.5809166654512,438.96991648402485,0.2857005063419594,1452.708356813033,2407.0852525610912,16.166666666666668,False,"SOC floor violated (min 0.001, unmet 439 Wh); did not refill (end SOC 0.337)"
5.5,0.45,1.6,0.34,0.4,0.0,0.18000000000000002,0.48669274633032533,2,mixed,23+23+14,3,60,19x10E,10.96965970321726,1.8639070415091878,16.22935013728306,0.3034960880519194,9.190368013976304,11.028441616771564,11.211256020895235,91.97140566199124,94.64070691306934,2.8543152407122254,0.004994720305454534,0.3323906298817084,-625.5906515342697,268.0709809063136,0.3236064673313225,1320.643960739121,2108.6681458964185,16.0,False,"SOC floor violated (min 0.005, unmet 268 Wh); did not refill (end SOC 0.332)"
5.0,0.45,1.6,0.28,0.4,0.5,0.18000000000000002,1.5187444642653243,2,mixed,25+25+16,3,66,19x10E,11.27857327286487,1.9850610053516375,12.594071382492071,0.29118292600564694,9.030017726562807,10.836021271875369,11.015645994998234,105.7583689587017,108.72242867380503,2.705033814485327,0.004278105347974811,0.3278974570927025,-629.9310564484495,464.5355281966883,0.12974507656620085,1452.708356813033,2441.1723178008833,16.25,False,"SOC floor violated (min 0.004, unmet 465 Wh); did not refill (end SOC 0.328)"
5.0,0.45,1.6,0.34,0.4,0.5,0.18000000000000002,1.5187444642653243,2,mixed,25+25+16,3,66,19x10E,11.27857327286487,1.9850610053516375,12.594071382492071,0.29118292600564694,9.030017726562807,10.836021271875369,11.015645994998234,105.7583689587017,108.72242867380503,2.705033814485327,0.004278105347974811,0.3278974570927025,-629.9310564484495,464.5355281966883,0.12974507656620085,1452.708356813033,2441.1723178008833,16.25,False,"SOC floor violated (min 0.004, unmet 465 Wh); did not refill (end SOC 0.328)"
6.0,0.36,1.6,0.34,0.4,0.5,0.144,1.733439304305606,2,mixed,28+28,2,56,19x10E,10.84024506040306,1.886422889730011,19.083737902031288,0.30987648288980746,9.08130936432261,10.897571237187131,11.078216251355943,84.28318630052668,86.61814623856546,2.915621365134853,0.0032054727280963974,0.3228778143025887,-634.7800313836992,159.45793122791133,0.19786917592338443,1232.6010300231787,1921.6707307117892,15.916666666666666,False,"SOC floor violated (min 0.003, unmet 159 Wh); did not refill (end SOC 0.323)"
5.0,0.4,1.6,0.28,0.6,0.5,0.24,1.496015551656488,2,mixed,25+25+14,3,64,19x10E,10.944089916094967,1.8393624882650381,13.591665677373372,0.295217654171122,9.240694506425701,11.08883340771084,11.272648904251568,101.52797741135062,104.52775055949701,2.821898424990372,0.0016425896482016936,0.32243517600910604,-635.2076199752036,402.1832083595687,0.20081832954489914,1408.686891455062,2340.169680866227,16.166666666666668,False,"SOC floor violated (min 0.002, unmet 402 Wh); did not refill (end SOC 0.322)"
5.0,0.4,1.6,0.34,0.6,0.5,0.24,1.496015551656488,2,mixed,25+25+14,3,64,19x10E,10.944089916094967,1.8393624882650381,13.591665677373372,0.295217654171122,9.240694506425701,11.08883340771084,11.272648904251568,101.52797741135062,104.52775055949701,2.821898424990372,0.0016425896482016936,0.32243517600910604,-635.2076199752036,402.1832083595687,0.20081832954489914,1408.686891455062,2340.169680866227,16.166666666666668,False,"SOC floor violated (min 0.002, unmet 402 Wh); did not refill (end SOC 0.322)"
6.0,0.45,1.6,0.34,0.6,0.0,0.27,0.5535269239605919,2,mixed,28+28+16,3,72,20x13E,11.872514691854287,2.2596348463129066,15.931777675823133,0.302699329878598,8.683617303475083,10.4203407641701,10.593074905018279,117.42521905722185,122.9394179040819,4.377841310213711,0.002680309527050853,0.32224771542902936,-635.3887068955577,626.4802586189144,0.27015541536302357,1584.7727528869439,2740.021265295344,16.416666666666668,False,"SOC floor violated (min 0.003, unmet 626 Wh); did not refill (end SOC 0.322)"
4.5,0.45,1.3,0.28,0.6,0.5,0.27,1.4181536279394673,2,mixed,22+22+18+9,4,71,19x10E,11.05351570292096,1.8752676530291041,10.798458538593328,0.28204213152037244,9.197441502644484,11.036929803173381,11.219884912828533,117.15046942933328,120.67188221323381,2.7251148252746766,0.0029559153138629755,0.3222330820729486,-635.4028427175316,626.8398575849889,0.3597438860685843,1562.76202020796,2718.3153132485572,16.416666666666668,False,"SOC floor violated (min 0.003, unmet 627 Wh); did not refill (end SOC 0.322)"
4.5,0.45,1.3,0.34,0.6,0.5,0.27,1.4181536279394673,2,mixed,22+22+18+9,4,71,19x10E,11.05351570292096,1.8752676530291041,10.798458538593328,0.28204213152037244,9.197441502644484,11.036929803173381,11.219884912828533,117.15046942933328,120.67188221323381,2.7251148252746766,0.0029559153138629755,0.3222330820729486,-635.4028427175316,626.8398575849889,0.3597438860685843,1562.76202020796,2718.3153132485572,16.416666666666668,False,"SOC floor violated (min 0.003, unmet 627 Wh); did not refill (end SOC 0.322)"
6.0,0.4,1.6,0.34,0.4,0.0,0.16000000000000003,0.4467963792362206,2,mixed,22+22+12,3,56,19x10E,10.759396894625269,1.787231131016693,20.14288995711532,0.31178401671121747,9.295056907644527,11.154068289173432,11.338965160254379,84.76756032283544,87.2445978309825,2.9496408139764307,0.0040568926428508,0.31866937420488384,-638.8453845180821,168.10794995816022,0.14510275355861185,1232.6010300231787,1934.4441676055642,15.916666666666666,False,"SOC floor violated (min 0.004, unmet 168 Wh); did not refill (end SOC 0.319)"
4.5,0.45,1.3,0.28,1.0,1.0,0.45,2.25,2,mixed,24+24+18+9,4,75,19x10E,11.403663313139985,2.025,10.0,0.2769230769230769,8.989967645899345,10.787961175079213,10.966789223725012,85.37252101015125,131.31022126049135,2.5833392274218667,0.008409978509860954,0.31711178711687155,-640.350013645102,175.58510266511104,0.22881761970046216,1650.8049509239008,2361.520514934336,14.583333333333332,False,"SOC floor violated (min 0.008, unmet 176 Wh); did not refill (end SOC 0.317)"
4.5,0.45,1.3,0.34,1.0,1.0,0.45,2.25,2,mixed,24+24+18+9,4,75,19x10E,11.403663313139985,2.025,10.0,0.2769230769230769,8.989967645899345,10.787961175079213,10.966789223725012,85.37252101015125,131.31022126049135,2.5833392274218667,0.008409978509860954,0.31711178711687155,-640.350013645102,175.58510266511104,0.22881761970046216,1650.8049509239008,2361.520514934336,14.583333333333332,False,"SOC floor violated (min 0.008, unmet 176 Wh); did not refill (end SOC 0.317)"
5.0,0.4,1.3,0.28,0.4,0.5,0.16000000000000003,1.5148973424009502,2,mixed,23+23+16,3,62,19x10E,10.609649216461687,1.7635753621762285,14.175748049207455,0.29731637458588905,9.291844867298515,11.150213840758218,11.335046818071147,98.9460061437769,101.90465306987045,2.9255645619300705,0.009310101833164273,0.3151305152377732,-642.263922280311,376.32841444214785,0.14092653046681036,1364.6654260970909,2277.633661127867,16.25,False,"SOC floor violated (min 0.009, unmet 376 Wh); did not refill (end SOC 0.315)"
5.0,0.4,1.3,0.34,0.4,0.5,0.16000000000000003,1.5148973424009502,2,mixed,23+23+16,3,62,19x10E,10.609649216461687,1.7635753621762285,14.175748049207455,0.29731637458588905,9.291844867298515,11.150213840758218,11.335046818071147,98.9460061437769,101.90465306987045,2.9255645619300705,0.009310101833164273,0.3151305152377732,-642.263922280311,376.32841444214785,0.14092653046681036,1364.6654260970909,2277.633661127867,16.25,False,"SOC floor violated (min 0.009, unmet 376 Wh); did not refill (end SOC 0.315)"
4.5,0.52,1.3,0.28,0.4,0.0,0.20800000000000002,0.5824051384167303,2,mixed,24+19+19+8,4,70,19x10E,10.956350666980434,1.8197104031860198,11.128144327001435,0.283941524677401,9.2956608922429,11.154793070691479,11.339701956208003,115.85784954261786,119.39138728524001,2.7609849302096614,0.0033778505558982336,0.3150724653517708,-642.3199984701894,610.8385183025717,0.28482556296509876,1540.7512875289738,2687.384383571044,16.416666666666668,False,"SOC floor violated (min 0.003, unmet 611 Wh); did not refill (end SOC 0.315)"
4.5,0.52,1.3,0.34,0.4,0.0,0.20800000000000002,0.5824051384167303,2,mixed,24+19+19+8,4,70,19x10E,10.956350666980434,1.8197104031860198,11.128144327001435,0.283941524677401,9.2956608922429,11.154793070691479,11.339701956208003,115.85784954261786,119.39138728524001,2.7609849302096614,0.0033778505558982336,0.3150724653517708,-642.3199984701894,610.8385183025717,0.28482556296509876,1540.7512875289738,2687.384383571044,16.416666666666668,False,"SOC floor violated (min 0.003, unmet 611 Wh); did not refill (end SOC 0.315)"
4.5,0.52,1.3,0.28,0.6,0.0,0.312,0.6284588974595883,2,mixed,27+22+22,3,71,19x10E,11.239076674265226,2.0027194506715946,10.111251475192562,0.27768480510524457,8.974364575868027,10.76923749104163,10.94775516409138,74.96731173588577,123.03943737694773,2.6521171568265722,0.009056699786070417,0.31084616219801836,-646.4026073167144,39.30124670666348,0.09747904404062997,1562.76202020796,2143.912696191518,14.333333333333332,False,"SOC floor violated (min 0.009, unmet 39 Wh); did not refill (end SOC 0.311)"
4.5,0.52,1.3,0.34,0.6,0.0,0.312,0.6284588974595883,2,mixed,27+22+22,3,71,19x10E,11.239076674265226,2.0027194506715946,10.111251475192562,0.27768480510524457,8.974364575868027,10.76923749104163,10.94775516409138,74.96731173588577,123.03943737694773,2.6521171568265722,0.009056699786070417,0.31084616219801836,-646.4026073167144,39.30124670666348,0.09747904404062997,1562.76202020796,2143.912696191518,14.333333333333332,False,"SOC floor violated (min 0.009, unmet 39 Wh); did not refill (end SOC 0.311)"
5.5,0.45,1.6,0.28,0.4,0.5,0.18000000000000002,1.656431227676094,2,mixed,27+27+16,3,70,17x10E,11.663000367310634,2.1797364314725454,13.877824659545775,0.2962679519815565,8.762975600485776,10.51557072058293,10.689883453252266,93.10886063830903,120.8787278200562,1.6904639365110419,0.008114275799978293,0.3088229700069051,-648.3570109733296,273.88970683599894,0.13175274431511852,1540.7512875289738,2357.5989931597032,15.25,False,"SOC floor violated (min 0.008, unmet 274 Wh); did not refill (end SOC 0.309)"
5.5,0.45,1.6,0.34,0.4,0.5,0.18000000000000002,1.656431227676094,2,mixed,27+27+16,3,70,17x10E,11.663000367310634,2.1797364314725454,13.877824659545775,0.2962679519815565,8.762975600485776,10.51557072058293,10.689883453252266,93.10886063830903,120.8787278200562,1.6904639365110419,0.008114275799978293,0.3088229700069051,-648.3570109733296,273.88970683599894,0.13175274431511852,1540.7512875289738,2357.5989931597032,15.25,False,"SOC floor violated (min 0.008, unmet 274 Wh); did not refill (end SOC 0.309)"
5.5,0.45,1.3,0.28,0.6,0.0,0.27,0.5923102261814742,2,mixed,25+25+18,3,68,17x10E,11.297647483038304,2.0866158407126654,14.497158226148795,0.29839912888388054,8.814977517449796,10.577973020939755,10.753320173498325,113.10048657923475,116.1622079205286,1.7654623985045972,0.006740749209471552,0.30820777895770546,-648.9512855268565,577.9968405831789,0.24635383487875845,1496.7298221710025,2617.3745879613466,16.5,False,"SOC floor violated (min 0.007, unmet 578 Wh); did not refill (end SOC 0.308)"
5.5,0.45,1.3,0.34,0.6,0.0,0.27,0.5923102261814742,2,mixed,25+25+18,3,68,17x10E,11.297647483038304,2.0866158407126654,14.497158226148795,0.29839912888388054,8.814977517449796,10.577973020939755,10.753320173498325,113.10048657923475,116.1622079205286,1.7654623985045972,0.006740749209471552,0.30820777895770546,-648.9512855268565,577.9968405831789,0.24635383487875845,1496.7298221710025,2617.3745879613466,16.5,False,"SOC floor violated (min 0.007, unmet 578 Wh); did not refill (end SOC 0.308)"
5.5,0.45,1.6,0.28,0.4,0.5,0.18000000000000002,1.656431227676094,2,mixed,27+27+16+8,4,78,17x10E,11.835000367310633,2.1797364314725454,13.877824659545775,0.2962679519815565,8.82735506485057,10.592826077820684,10.768419444018267,120.54009469870476,123.83824669332249,1.6604036464383773,0.006524889371917527,0.42549885041060587,-654.0630087541576,654.0630087541576,0.2864671231419914,1716.837148960857,2799.347488725858,16.0,False,"SOC floor violated (min 0.007, unmet 654 Wh); did not refill (end SOC 0.425)"
5.5,0.45,1.6,0.34,0.4,0.5,0.18000000000000002,1.656431227676094,2,mixed,27+27+16+8,4,78,17x10E,11.835000367310633,2.1797364314725454,13.877824659545775,0.2962679519815565,8.82735506485057,10.592826077820684,10.768419444018267,120.54009469870476,123.83824669332249,1.6604036464383773,0.006524889371917527,0.42549885041060587,-654.0630087541576,654.0630087541576,0.2864671231419914,1716.837148960857,2799.347488725858,16.0,False,"SOC floor violated (min 0.007, unmet 654 Wh); did not refill (end SOC 0.425)"
5.0,0.4,1.3,0.28,0.6,0.0,0.24,0.5001615757312022,2,mixed,20+20+14+7,4,61,19x10E,10.52798899393444,1.6800258521169924,14.880723393927315,0.29963005332599096,9.483380544232437,11.380056653078924,11.56869964981587,98.68994343662037,101.81060487053541,2.9598701670087504,0.009730696696960365,0.2984948678301804,-658.3339576760457,377.11803019318404,0.2207767927214365,1342.6546934181067,2272.483713472244,16.333333333333336,False,"SOC floor violated (min 0.010, unmet 377 Wh); did not refill (end SOC 0.298)"
5.0,0.4,1.3,0.34,0.6,0.0,0.24,0.5001615757312022,2,mixed,20+20+14+7,4,61,19x10E,10.52798899393444,1.6800258521169924,14.880723393927315,0.29963005332599096,9.483380544232437,11.380056653078924,11.56869964981587,98.68994343662037,101.81060487053541,2.9598701670087504,0.009730696696960365,0.2984948678301804,-658.3339576760457,377.11803019318404,0.2207767927214365,1342.6546934181067,2272.483713472244,16.333333333333336,False,"SOC floor violated (min 0.010, unmet 377 Wh); did not refill (end SOC 0.298)"
5.5,0.4,1.6,0.34,0.6,0.0,0.24,0.4695058333139368,2,mixed,22+22+14,3,58,19x10E,10.874359182473048,1.8351209333302299,16.48392727181458,0.30415489281634567,9.221847614805371,11.066217137766445,11.249657732751988,91.67995589163972,94.34985847419871,2.8826340095913063,0.004089959992759178,0.2977997365183074,-659.005454523315,271.0082493289077,0.2312023711855377,1276.62249538115,2101.2331782960728,16.166666666666668,False,"SOC floor violated (min 0.004, unmet 271 Wh); did not refill (end SOC 0.298)"
4.5,0.4,1.3,0.28,1.0,1.0,0.4,2.25,2,mixed,26+26+16+8,4,76,19x10E,10.91589858808151,1.8,11.25,0.28461538461538466,9.329147140064043,11.194976568076852,11.38055156059066,120.70859287517604,124.4185308767789,2.7531373061495543,0.00024384721921888106,0.3787674430195509,-659.448406559418,659.448406559418,0.214152842386549,1672.8156836028854,2806.067410016765,16.166666666666668,False,"SOC floor violated (min 0.000, unmet 659 Wh); did not refill (end SOC 0.379)"
4.5,0.4,1.3,0.34,1.0,1.0,0.4,2.25,2,mixed,26+26+16+8,4,76,19x10E,10.91589858808151,1.8,11.25,0.28461538461538466,9.329147140064043,11.194976568076852,11.38055156059066,120.70859287517604,124.4185308767789,2.7531373061495543,0.00024384721921888106,0.3787674430195509,-659.448406559418,659.448406559418,0.214152842386549,1672.8156836028854,2806.067410016765,16.166666666666668,False,"SOC floor violated (min 0.000, unmet 659 Wh); did not refill (end SOC 0.379)"
5.0,0.4,1.6,0.28,0.4,0.5,0.16000000000000003,1.488014053641119,2,mixed,24+24+14,3,62,19x10E,10.765506380916666,1.7571233728738687,14.22780004292537,0.2974950450588775,9.377013748675378,11.252416498410453,11.43894365143812,100.74894341545847,103.81777420201115,2.8800959814778913,0.005728741344654668,0.2966561759903963,-660.1101339932771,402.4359054193063,0.18653914459652535,1364.665426097091,2321.502344667919,16.333333333333336,False,"SOC floor violated (min 0.006, unmet 402 Wh); did not refill (end SOC 0.297)"
5.0,0.4,1.6,0.34,0.4,0.5,0.16000000000000003,1.488014053641119,2,mixed,24+24+14,3,62,19x10E,10.765506380916666,1.7571233728738687,14.22780004292537,0.2974950450588775,9.377013748675378,11.252416498410453,11.43894365143812,100.74894341545847,103.81777420201115,2.8800959814778913,0.005728741344654668,0.2966561759903963,-660.1101339932771,402.4359054193063,0.18653914459652535,1364.665426097091,2321.502344667919,16.333333333333336,False,"SOC floor violated (min 0.006, unmet 402 Wh); did not refill (end SOC 0.297)"
6.0,0.36,1.3,0.34,0.6,0.0,0.216,0.48869414444094267,2,mixed,20+20+14,3,54,19x10E,10.577205229090756,1.7983719567994956,20.018105744969485,0.3115697700615481,9.187432343102062,11.024918811722474,11.207674819607737,83.56499252231401,86.07159650799815,2.9991295620845593,0.008461260976286009,0.29610968214707867,-660.638047045922,161.13406187993937,0.16407169144708314,1188.5795646652082,1905.4037687555376,16.083333333333332,False,"SOC floor violated (min 0.008, unmet 161 Wh); did not refill (end SOC 0.296)"
5.0,0.36,1.3,0.28,0.6,0.5,0.216,1.4956291289888761,2,mixed,23+23+14,3,60,19x10E,10.350282207877797,1.6553705945743977,15.10235839753309,0.3003128143040936,9.472768561877137,11.367322274252563,11.555754177894226,96.1496552955679,99.16380213268813,3.021893189580176,0.003446936312383046,0.2951920264087008,-661.524502489195,334.2276243741838,0.09084751868503578,1320.6439607391205,2210.951365081305,16.25,False,"SOC floor violated (min 0.003, unmet 334 Wh); did not refill (end SOC 0.295)"
5.0,0.36,1.3,0.34,0.6,0.5,0.216,1.4956291289888761,2,mixed,23+23+14,3,60,19x10E,10.350282207877797,1.6553705945743977,15.10235839753309,0.3003128143040936,9.472768561877137,11.367322274252563,11.555754177894226,96.1496552955679,99.16380213268813,3.021893189580176,0.003446936312383046,0.2951920264087008,-661.524502489195,334.2276243741838,0.09084751868503578,1320.6439607391205,2210.951365081305,16.25,False,"SOC floor violated (min 0.003, unmet 334 Wh); did not refill (end SOC 0.295)"
4.5,0.36,1.6,0.28,1.0,1.0,0.36,2.25,2,mixed,26+26+12+6,4,70,19x10E,10.654359617476013,1.6199999999999999,12.500000000000002,0.2907692307692308,9.715264251204292,11.658317101445151,11.85157271887928,118.57931552955849,122.74792182838705,2.8497259003644744,0.006303662378650673,0.29308506425439573,-663.5598279302537,658.9276649457215,0.19758683517083733,1540.7512875289738,2756.8207360924057,16.583333333333332,False,"SOC floor violated (min 0.006, unmet 659 Wh); did not refill (end SOC 0.293)"
4.5,0.45,1.6,0.28,0.6,0.5,0.27,1.3885530521498692,2,mixed,23+23+16+8,4,70,19x10E,11.193305119996367,1.8699395493869768,10.829227076692701,0.2822242889098469,9.268593533164895,11.122312239797873,11.306682702575122,119.08653551885159,122.69700287670906,2.687817826642755,0.0012203393866639552,0.2883649939497651,-668.1194158445269,662.1688460990058,0.2018300811440028,1540.7512875289738,2764.5536130767046,16.666666666666664,False,"SOC floor violated (min 0.001, unmet 662 Wh); did not refill (end SOC 0.288)"
4.5,0.45,1.6,0.34,0.6,0.5,0.27,1.3885530521498692,2,mixed,23+23+16+8,4,70,19x10E,11.193305119996367,1.8699395493869768,10.829227076692701,0.2822242889098469,9.268593533164895,11.122312239797873,11.306682702575122,119.08653551885159,122.69700287670906,2.687817826642755,0.0012203393866639552,0.2883649939497651,-668.1194158445269,662.1688460990058,0.2018300811440028,1540.7512875289738,2764.5536130767046,16.666666666666664,False,"SOC floor violated (min 0.001, unmet 662 Wh); did not refill (end SOC 0.288)"
5.0,0.45,1.6,0.28,0.4,0.0,0.18000000000000002,0.465756598298709,2,mixed,20+20+14+7,4,61,19x10E,10.765265195512674,1.7007542815406513,14.699360319912534,0.2990560352804127,9.53103422860473,11.437241074325675,11.626831996096694,100.82941201306059,104.0830177774859,2.887480472809836,0.002345210237952861,0.2737350814492801,-682.2519113199954,405.3895089630742,0.24121318100203243,1342.6546934181067,2324.579065360343,16.416666666666668,False,"SOC floor violated (min 0.002, unmet 405 Wh); did not refill (end SOC 0.274)"
4.5,0.52,1.6,0.28,0.4,0.0,0.20800000000000002,0.5194742222283792,2,mixed,21+20+20+7,4,68,19x10E,11.059669631185526,1.8000759573352543,11.24952528668686,0.28461278778341,9.390184180808843,11.268221016970612,11.455010155666193,117.2680596580321,120.9328873481061,2.734862024897061,0.0038949418855546356,0.2700136231061428,-685.8468400794661,644.844034551083,0.31227983605942455,1496.7298221710025,2721.003432545803,16.75,False,"SOC floor violated (min 0.004, unmet 645 Wh); did not refill (end SOC 0.270)"
4.5,0.52,1.6,0.34,0.4,0.0,0.20800000000000002,0.5194742222283792,2,mixed,21+20+20+7,4,68,19x10E,11.059669631185526,1.8000759573352543,11.24952528668686,0.28461278778341,9.390184180808843,11.268221016970612,11.455010155666193,117.2680596580321,120.9328873481061,2.734862024897061,0.0038949418855546356,0.2700136231061428,-685.8468400794661,644.844034551083,0.31227983605942455,1496.7298221710025,2721.003432545803,16.75,False,"SOC floor violated (min 0.004, unmet 645 Wh); did not refill (end SOC 0.270)"
4.5,0.4,1.3,0.28,1.0,1.0,0.4,2.25,2,mixed,26+26+16,3,68,19x10E,10.74389858808151,1.8,11.25,0.28461538461538466,9.255356398237872,11.106427677885446,11.290534828145686,117.3415408754285,120.88875464285802,2.806770258311339,0.003148375864233093,0.2695797079270657,-686.2660021424546,645.3531905889641,0.319635286934106,1496.7298221710025,2721.9142808241613,16.75,False,"SOC floor violated (min 0.003, unmet 645 Wh); did not refill (end SOC 0.270)"
4.5,0.4,1.3,0.34,1.0,1.0,0.4,2.25,2,mixed,26+26+16,3,68,19x10E,10.74389858808151,1.8,11.25,0.28461538461538466,9.255356398237872,11.106427677885446,11.290534828145686,117.3415408754285,120.88875464285802,2.806770258311339,0.003148375864233093,0.2695797079270657,-686.2660021424546,645.3531905889641,0.319635286934106,1496.7298221710025,2721.9142808241613,16.75,False,"SOC floor violated (min 0.003, unmet 645 Wh); did not refill (end SOC 0.270)"
4.5,0.52,1.3,0.28,0.6,0.0,0.312,0.6284588974595883,2,mixed,27+22+22+9,4,80,19x10E,11.419076674265225,2.0027194506715946,10.111251475192562,0.27768480510524457,9.04594381355639,10.855132576267668,11.035074100426067,122.98509606612211,126.53232839429862,2.603011858417425,0.008543028895282705,0.44203134649981496,-686.9323168458853,686.9323168458853,0.37402209362962086,1760.8586143188277,2860.020164212335,16.0,False,"SOC floor violated (min 0.009, unmet 687 Wh); did not refill (end SOC 0.442)"
4.5,0.52,1.3,0.34,0.6,0.0,0.312,0.6284588974595883,2,mixed,27+22+22+9,4,80,19x10E,11.419076674265225,2.0027194506715946,10.111251475192562,0.27768480510524457,9.04594381355639,10.855132576267668,11.035074100426067,122.98509606612211,126.53232839429862,2.603011858417425,0.008543028895282705,0.44203134649981496,-686.9323168458853,686.9323168458853,0.37402209362962086,1760.8586143188277,2860.020164212335,16.0,False,"SOC floor violated (min 0.009, unmet 687 Wh); did not refill (end SOC 0.442)"
4.5,0.36,1.3,0.28,1.0,1.0,0.36,2.25,2,mixed,26+26+14,3,66,19x10E,10.336906961880883,1.6199999999999999,12.500000000000002,0.2907692307692308,9.569433872546123,11.483320647055347,11.673675412887347,112.85089818868862,116.58225467261386,2.955256580982716,0.00379838481877846,0.26809835957371186,-687.6969846517943,581.4167230280134,0.11558784172128374,1452.7083568130329,2615.784837410643,16.666666666666664,False,"SOC floor violated (min 0.004, unmet 581 Wh); did not refill (end SOC 0.268)"
4.5,0.36,1.3,0.34,1.0,1.0,0.36,2.25,2,mixed,26+26+14,3,66,19x10E,10.336906961880883,1.6199999999999999,12.500000000000002,0.2907692307692308,9.569433872546123,11.483320647055347,11.673675412887347,112.85089818868862,116.58225467261386,2.955256580982716,0.00379838481877846,0.26809835957371186,-687.6969846517943,581.4167230280134,0.11558784172128374,1452.7083568130329,2615.784837410643,16.666666666666664,False,"SOC floor violated (min 0.004, unmet 581 Wh); did not refill (end SOC 0.268)"
5.0,0.36,1.3,0.34,0.4,0.5,0.144,1.4876369168177235,2,mixed,22+22+14,3,58,19x10E,10.185403884695111,1.5813295740326283,15.809481091437656,0.3023631810267888,9.61449283470076,11.537391401640912,11.728642478404554,95.88871578098113,99.05399757821176,3.0787534164216854,0.009875139950019157,0.26728520499886244,-688.4824919710989,345.61184747241185,0.21438078090702817,1276.6224953811497,2205.332565705888,16.416666666666668,False,"SOC floor violated (min 0.010, unmet 346 Wh); did not refill (end SOC 0.267)"
5.0,0.45,1.3,0.28,0.6,0.0,0.27,0.5662374844994117,2,mixed,22+22+16,3,60,19x10E,10.892758700905768,1.901922747209894,13.144592774167513,0.2934852162311106,9.066109382162802,10.879331258595363,11.059673915374676,100.84691881259158,103.70778961121164,2.825284357912929,0.008389697996517,0.26550355872030884,-690.2035622761816,416.1793850034485,0.10480996705409851,1320.6439607391205,2321.5441765919686,16.583333333333332,False,"SOC floor violated (min 0.008, unmet 416 Wh); did not refill (end SOC 0.266)"
5.0,0.45,1.3,0.34,0.6,0.0,0.27,0.5662374844994117,2,mixed,22+22+16,3,60,19x10E,10.892758700905768,1.901922747209894,13.144592774167513,0.2934852162311106,9.066109382162802,10.879331258595363,11.059673915374676,100.84691881259158,103.70778961121164,2.825284357912929,0.008389697996517,0.26550355872030884,-690.2035622761816,416.1793850034485,0.10480996705409851,1320.6439607391205,2321.5441765919686,16.583333333333332,False,"SOC floor violated (min 0.008, unmet 416 Wh); did not refill (end SOC 0.266)"
5.0,0.45,1.6,0.28,0.6,0.0,0.27,0.507554081913427,2,mixed,23+23+14,3,60,19x10E,11.031201148899822,1.8913597347444169,13.218003714866173,0.2937777304224623,9.14898217869356,10.97877861443227,11.1607697733056,102.39280774129541,105.36325367232946,2.789706259435316,0.008215076651496228,0.2530182151088652,-702.2644042048363,441.85548043089165,0.15679770709900254,1320.6439607391203,2359.2106559520084,16.666666666666664,False,"SOC floor violated (min 0.008, unmet 442 Wh); did not refill (end SOC 0.253)"
5.0,0.45,1.6,0.34,0.6,0.0,0.27,0.507554081913427,2,mixed,23+23+14,3,60,19x10E,11.031201148899822,1.8913597347444169,13.218003714866173,0.2937777304224623,9.14898217869356,10.97877861443227,11.1607697733056,102.39280774129541,105.36325367232946,2.789706259435316,0.008215076651496228,0.2530182151088652,-702.2644042048363,441.85548043089165,0.15679770709900254,1320.6439607391203,2359.2106559520084,16.666666666666664,False,"SOC floor violated (min 0.008, unmet 442 Wh); did not refill (end SOC 0.253)"
6.0,0.36,1.6,0.34,0.6,0.0,0.216,0.4387069082970673,2,mixed,20+20+12,3,52,19x10E,10.718271751325497,1.7911737947947777,20.09855219220906,0.3117081962539466,9.267059849546962,11.120471819456354,11.304811774265229,84.74143631172456,87.31859585426139,2.958972009465964,0.009785488725742787,0.25201769461229906,-703.230907004519,190.5624236293572,0.13598352388253568,1144.5580993072372,1933.552694640837,16.333333333333336,False,"SOC floor violated (min 0.010, unmet 191 Wh); did not refill (end SOC 0.252)"
5.0,0.45,1.6,0.28,0.6,0.5,0.27,1.5274677676504065,2,mixed,25+25+16,3,66,18x10E,11.440990808672145,2.0749441981770733,12.04851678515671,0.28869385297355793,8.89563708678495,10.674764504141939,10.85171613337462,81.0641180568236,119.21323590838648,2.154611704367311,0.003895350444948687,0.2492529946176054,-705.9016071993932,121.3109456955686,0.10055603156431303,1452.7083568130329,2175.2390803364246,14.833333333333334,False,"SOC floor violated (min 0.004, unmet 121 Wh); did not refill (end SOC 0.249)"
5.0,0.45,1.6,0.34,0.6,0.5,0.27,1.5274677676504065,2,mixed,25+25+16,3,66,18x10E,11.440990808672145,2.0749441981770733,12.04851678515671,0.28869385297355793,8.89563708678495,10.674764504141939,10.85171613337462,81.0641180568236,119.21323590838648,2.154611704367311,0.003895350444948687,0.2492529946176054,-705.9016071993932,121.3109456955686,0.10055603156431303,1452.7083568130329,2175.2390803364246,14.833333333333334,False,"SOC floor violated (min 0.004, unmet 121 Wh); did not refill (end SOC 0.249)"
4.5,0.4,1.6,0.28,0.6,0.5,0.24,1.3586462081040374,2,mixed,22+22+14+7,4,65,19x10E,10.703289578954926,1.657383393296646,12.218054121877861,0.2894911660411403,9.627102494102262,11.552522992922714,11.744024900487274,113.3316081599757,117.16962821495176,2.854734665452764,0.005759785275288469,0.24908166292282385,-706.0671136165521,596.6642741181092,0.11881133393746168,1430.697624134047,2627.464406233425,16.833333333333332,False,"SOC floor violated (min 0.006, unmet 597 Wh); did not refill (end SOC 0.249)"
4.5,0.52,1.6,0.28,0.6,0.0,0.312,0.5626433822143527,2,mixed,24+22+22,3,68,19x10E,11.33493043467815,1.9890298235005857,10.180842821331401,0.27815282654698853,9.043514334836201,10.852217201803441,11.032110398875929,120.77812635393123,124.23573751427607,2.6310482467460745,0.009826830608714344,0.2525291593119284,-709.9922153710694,709.9922153710694,0.19161557808931798,1496.7298221710028,2803.1664448801357,16.916666666666668,False,"SOC floor violated (min 0.010, unmet 710 Wh); did not refill (end SOC 0.253)"
4.5,0.52,1.6,0.34,0.6,0.0,0.312,0.5626433822143527,2,mixed,24+22+22,3,68,19x10E,11.33493043467815,1.9890298235005857,10.180842821331401,0.27815282654698853,9.043514334836201,10.852217201803441,11.032110398875929,120.77812635393123,124.23573751427607,2.6310482467460745,0.009826830608714344,0.2525291593119284,-709.9922153710694,709.9922153710694,0.19161557808931798,1496.7298221710028,2803.1664448801357,16.916666666666668,False,"SOC floor violated (min 0.010, unmet 710 Wh); did not refill (end SOC 0.253)"
4.5,0.4,1.6,0.28,1.0,1.0,0.4,2.25,2,mixed,26+26+14+7,4,73,19x10E,11.057051410537635,1.8,11.25,0.28461538461538466,9.389270718642369,11.267124862370842,11.453895830516407,122.75031311623428,126.58739942085866,2.713200487718689,0.004702751681222748,0.31436337436426565,-711.2667654736274,711.2667654736274,0.0933863993143357,1606.7834855659298,2854.4659048822373,16.583333333333332,False,"SOC floor violated (min 0.005, unmet 711 Wh); did not refill (end SOC 0.314)"
4.5,0.4,1.6,0.34,1.0,1.0,0.4,2.25,2,mixed,26+26+14+7,4,73,19x10E,11.057051410537635,1.8,11.25,0.28461538461538466,9.389270718642369,11.267124862370842,11.453895830516407,122.75031311623428,126.58739942085866,2.713200487718689,0.004702751681222748,0.31436337436426565,-711.2667654736274,711.2667654736274,0.0933863993143357,1606.7834855659298,2854.4659048822373,16.583333333333332,False,"SOC floor violated (min 0.005, unmet 711 Wh); did not refill (end SOC 0.314)"
5.0,0.36,1.6,0.28,0.6,0.5,0.216,1.4709668198479715,2,mixed,23+23+12,3,58,19x10E,10.504217035868082,1.651819222058108,15.134828113242857,0.3004111600045448,9.553203623098813,11.463844347718576,11.653876262128632,97.98361760705889,101.15271041433434,2.973121451536396,0.0018123050919814018,0.2435104818967585,-711.4488744877312,372.530480613401,0.23593639157753188,1276.6224953811495,2255.110927556708,16.583333333333332,False,"SOC floor violated (min 0.002, unmet 373 Wh); did not refill (end SOC 0.244)"
5.0,0.36,1.6,0.34,0.6,0.5,0.216,1.4709668198479715,2,mixed,23+23+12,3,58,19x10E,10.504217035868082,1.651819222058108,15.134828113242857,0.3004111600045448,9.553203623098813,11.463844347718576,11.653876262128632,97.98361760705889,101.15271041433434,2.973121451536396,0.0018123050919814018,0.2435104818967585,-711.4488744877312,372.530480613401,0.23593639157753188,1276.6224953811495,2255.110927556708,16.583333333333332,False,"SOC floor violated (min 0.002, unmet 373 Wh); did not refill (end SOC 0.244)"
4.5,0.52,1.6,0.28,0.6,0.0,0.312,0.5626433822143527,2,mixed,24+22+22+8,4,76,19x10E,11.506930434678148,1.9890298235005857,10.180842821331401,0.27815282654698853,9.111870641285153,10.934244769542182,11.115497707314123,123.97531223522034,127.62550790590453,2.58451900108922,0.0006643809702236228,0.3543518378825247,-712.8773666116278,712.8773666116278,0.19824334550913864,1672.8156836028854,2883.0881441479664,16.416666666666668,False,"SOC floor violated (min 0.001, unmet 713 Wh); did not refill (end SOC 0.354)"
4.5,0.52,1.6,0.34,0.6,0.0,0.312,0.5626433822143527,2,mixed,24+22+22+8,4,76,19x10E,11.506930434678148,1.9890298235005857,10.180842821331401,0.27815282654698853,9.111870641285153,10.934244769542182,11.115497707314123,123.97531223522034,127.62550790590453,2.58451900108922,0.0006643809702236228,0.3543518378825247,-712.8773666116278,712.8773666116278,0.19824334550913864,1672.8156836028854,2883.0881441479664,16.416666666666668,False,"SOC floor violated (min 0.001, unmet 713 Wh); did not refill (end SOC 0.354)"
4.5,0.45,1.3,0.28,0.6,0.0,0.27,0.5388295271434997,2,mixed,20+20+16+8,4,64,19x10E,10.660257554297482,1.7169893148858297,11.793899836439293,0.28745335675604006,9.439489370496833,11.3273872445962,11.515157159998365,112.24221371299477,115.80489365815401,2.861501985321822,0.004795999683395854,0.24101046041695728,-713.8638952372193,582.6379486924308,0.35440955645825406,1408.6868914550619,2599.048778723432,16.916666666666668,False,"SOC floor violated (min 0.005, unmet 583 Wh); did not refill (end SOC 0.241)"
4.5,0.45,1.3,0.34,0.6,0.0,0.27,0.5388295271434997,2,mixed,20+20+16+8,4,64,19x10E,10.660257554297482,1.7169893148858297,11.793899836439293,0.28745335675604006,9.439489370496833,11.3273872445962,11.515157159998365,112.24221371299477,115.80489365815401,2.861501985321822,0.004795999683395854,0.24101046041695728,-713.8638952372193,582.6379486924308,0.35440955645825406,1408.6868914550619,2599.048778723432,16.916666666666668,False,"SOC floor violated (min 0.005, unmet 583 Wh); did not refill (end SOC 0.241)"
4.5,0.36,1.3,0.28,0.4,0.5,0.144,1.3507978314067701,3,mixed,19+19+12+6,4,56,22x12E,11.30103514095742,1.4257723315838622,14.202828566258315,0.2974094929373038,10.665530713052407,12.798636855662888,13.010795132568033,81.48472413182986,83.64650639020945,6.106669597086441,0.2566788060559365,0.4864321805527482,-715.1797703790679,0.0,0.29592075081737335,1232.601030023179,1853.6482313170768,15.666666666666668,False,did not refill (end SOC 0.486)
4.5,0.4,1.3,0.28,0.4,0.5,0.16000000000000003,1.37674418394554,2,mixed,21+21+14+7,4,63,19x10E,10.377744539313193,1.5904186041469297,12.732496933322604,0.29178056054198526,9.67707737417532,11.612492849010385,11.80498885473378,110.21430310755743,114.01498892670938,2.9601526181723763,0.004216125825313477,0.23661016491708448,-718.1145806900964,553.3164585113554,0.34561411847792434,1386.6761587760773,2552.0647991337055,16.916666666666668,False,"SOC floor violated (min 0.004, unmet 553 Wh); did not refill (end SOC 0.237)"
4.5,0.4,1.3,0.34,0.4,0.5,0.16000000000000003,1.37674418394554,2,mixed,21+21+14+7,4,63,19x10E,10.377744539313193,1.5904186041469297,12.732496933322604,0.29178056054198526,9.67707737417532,11.612492849010385,11.80498885473378,110.21430310755743,114.01498892670938,2.9601526181723763,0.004216125825313477,0.23661016491708448,-718.1145806900964,553.3164585113554,0.34561411847792434,1386.6761587760773,2552.0647991337055,16.916666666666668,False,"SOC floor violated (min 0.004, unmet 553 Wh); did not refill (end SOC 0.237)"
4.5,0.4,1.3,0.28,0.6,0.5,0.24,1.384812165683202,2,mixed,21+21+14+7,4,63,19x10E,10.521912938689143,1.6615699465093123,12.187269059928504,0.2893480360167756,9.533151329824525,11.43978159578943,11.629414630846593,110.51681808892874,114.13933507452893,2.911521452164673,0.0009332840652828099,0.2324590137120413,-722.1245927541681,555.3183776510353,0.3248897605079991,1386.6761587760773,2558.063129448957,16.916666666666668,False,"SOC floor violated (min 0.001, unmet 555 Wh); did not refill (end SOC 0.232)"
4.5,0.4,1.3,0.34,0.6,0.5,0.24,1.384812165683202,2,mixed,21+21+14+7,4,63,19x10E,10.521912938689143,1.6615699465093123,12.187269059928504,0.2893480360167756,9.533151329824525,11.43978159578943,11.629414630846593,110.51681808892874,114.13933507452893,2.911521452164673,0.0009332840652828099,0.2324590137120413,-722.1245927541681,555.3183776510353,0.3248897605079991,1386.6761587760773,2558.063129448957,16.916666666666668,False,"SOC floor violated (min 0.001, unmet 555 Wh); did not refill (end SOC 0.232)"
4.5,0.4,1.6,0.28,1.0,1.0,0.4,2.25,2,mixed,26+26+14,3,66,19x10E,10.893051410537636,1.8,11.25,0.28461538461538466,9.319378987441077,11.183254784929291,11.368635469772459,119.51129957873385,123.14371023578433,2.7633981446050564,0.005882387003836918,0.22372277150942527,-730.5638027218952,696.2844606830803,0.167173830122388,1452.7083568130327,2773.3953636008728,17.083333333333336,False,"SOC floor violated (min 0.006, unmet 696 Wh); did not refill (end SOC 0.224)"
4.5,0.4,1.6,0.34,1.0,1.0,0.4,2.25,2,mixed,26+26+14,3,66,19x10E,10.893051410537636,1.8,11.25,0.28461538461538466,9.319378987441077,11.183254784929291,11.368635469772459,119.51129957873385,123.14371023578433,2.7633981446050564,0.005882387003836918,0.22372277150942527,-730.5638027218952,696.2844606830803,0.167173830122388,1452.7083568130327,2773.3953636008728,17.083333333333336,False,"SOC floor violated (min 0.006, unmet 696 Wh); did not refill (end SOC 0.224)"
4.5,0.36,1.3,0.28,0.6,0.5,0.216,1.3582788216710497,2,mixed,20+20+14+7,4,61,19x10E,10.138993499313377,1.491592150320631,13.576097189601784,0.29515924272408095,9.876903872166878,11.852284646600253,12.048755592402532,107.65577804494853,111.64317444484857,3.0484617216180347,0.007035384699041662,0.22344540346237038,-730.8317402553502,524.1693863569095,0.1555229525521078,1342.6546934181065,2491.9827309113766,16.916666666666668,False,"SOC floor violated (min 0.007, unmet 524 Wh); did not refill (end SOC 0.223)"
4.5,0.45,1.3,0.28,0.4,0.5,0.18000000000000002,1.4094228339681143,2,mixed,20+20+16+8,4,64,19x10E,10.839251441075163,1.7980441651713908,11.26223726438319,0.2846822507633712,9.301391344480093,11.16166961337611,11.346692488801365,115.00515637025498,118.50797233602647,2.7947869426883347,0.005299662226905992,0.2226332463249848,-731.6162840500647,630.156844644712,0.2861096079316117,1408.6868914550619,2664.351563316056,17.083333333333336,False,"SOC floor violated (min 0.005, unmet 630 Wh); did not refill (end SOC 0.223)"
4.5,0.45,1.3,0.34,0.4,0.5,0.18000000000000002,1.4094228339681143,2,mixed,20+20+16+8,4,64,19x10E,10.839251441075163,1.7980441651713908,11.26223726438319,0.2846822507633712,9.301391344480093,11.16166961337611,11.346692488801365,115.00515637025498,118.50797233602647,2.7947869426883347,0.005299662226905992,0.2226332463249848,-731.6162840500647,630.156844644712,0.2861096079316117,1408.6868914550619,2664.351563316056,17.083333333333336,False,"SOC floor violated (min 0.005, unmet 630 Wh); did not refill (end SOC 0.223)"
5.5,0.4,1.3,0.34,0.4,0.0,0.16000000000000003,0.4794418001213123,2,mixed,19+19+14,3,52,19x10E,10.291847570876676,1.655066032029115,18.277216385689112,0.3082756661455511,9.446859563947864,11.336231476737437,11.524147999709827,87.56150346235516,90.25191496070164,3.078296165281102,0.0027139920235387267,0.22261866172753828,-731.6303727711979,230.2755571059252,0.28431617240482626,1144.5580993072374,2001.429968375926,16.583333333333332,False,"SOC floor violated (min 0.003, unmet 230 Wh); did not refill (end SOC 0.223)"
4.5,0.45,1.6,0.28,0.4,0.5,0.18000000000000002,1.3804065640366652,2,mixed,22+22+14+7,4,65,19x10E,10.994357571296192,1.7902097722898995,11.31152355072766,0.28495009325504617,9.38818018383177,11.265816220598124,11.452565495872276,117.25930373096317,120.90764433608184,2.7510885484865173,0.005195143055465583,0.2222237450319194,-732.0118622991658,662.8573990084968,0.19924924850471368,1430.6976241340474,2719.457645395163,17.083333333333336,False,"SOC floor violated (min 0.005, unmet 663 Wh); did not refill (end SOC 0.222)"
4.5,0.45,1.6,0.34,0.4,0.5,0.18000000000000002,1.3804065640366652,2,mixed,22+22+14+7,4,65,19x10E,10.994357571296192,1.7902097722898995,11.31152355072766,0.28495009325504617,9.38818018383177,11.265816220598124,11.452565495872276,117.25930373096317,120.90764433608184,2.7510885484865173,0.005195143055465583,0.2222237450319194,-732.0118622991658,662.8573990084968,0.19924924850471368,1430.6976241340474,2719.457645395163,17.083333333333336,False,"SOC floor violated (min 0.005, unmet 663 Wh); did not refill (end SOC 0.222)"
5.0,0.45,1.3,0.28,0.4,0.0,0.18000000000000002,0.5212041727516119,2,mixed,20+20+16,3,56,19x10E,10.476926028609862,1.7157251266429352,14.571098605355347,0.2986414580314265,9.361415732443895,11.233698878932673,11.419915756894257,96.73307023966706,99.66193078369545,2.9768301735515186,0.0027698619932092147,0.22151275765410958,-732.69867610613,362.8924640897958,0.24548142921229987,1232.601030023179,2222.82792469622,16.75,False,"SOC floor violated (min 0.003, unmet 363 Wh); did not refill (end SOC 0.222)"
5.0,0.45,1.3,0.34,0.4,0.0,0.18000000000000002,0.5212041727516119,2,mixed,20+20+16,3,56,19x10E,10.476926028609862,1.7157251266429352,14.571098605355347,0.2986414580314265,9.361415732443895,11.233698878932673,11.419915756894257,96.73307023966706,99.66193078369545,2.9768301735515186,0.0027698619932092147,0.22151275765410958,-732.69867610613,362.8924640897958,0.24548142921229987,1232.601030023179,2222.82792469622,16.75,False,"SOC floor violated (min 0.003, unmet 363 Wh); did not refill (end SOC 0.222)"
4.5,0.36,1.6,0.28,1.0,1.0,0.36,2.25,2,mixed,26+26+12,3,64,19x10E,10.498359617476012,1.6199999999999999,12.500000000000002,0.2907692307692308,9.6438770438625,11.572652452635,11.76448803881985,115.34886825269064,119.27979338641708,2.902605294141462,0.0016176441621096691,0.21375314475696994,-740.1944621647671,632.7017577254536,0.1731320620210397,1408.6868914550619,2675.5617369061774,17.083333333333336,False,"SOC floor violated (min 0.002, unmet 633 Wh); did not refill (end SOC 0.214)"
4.5,0.36,1.6,0.34,1.0,1.0,0.36,2.25,2,mixed,26+26+12,3,64,19x10E,10.498359617476012,1.6199999999999999,12.500000000000002,0.2907692307692308,9.6438770438625,11.572652452635,11.76448803881985,115.34886825269064,119.27979338641708,2.902605294141462,0.0016176441621096691,0.21375314475696994,-740.1944621647671,632.7017577254536,0.1731320620210397,1408.6868914550619,2675.5617369061774,17.083333333333336,False,"SOC floor violated (min 0.002, unmet 633 Wh); did not refill (end SOC 0.214)"
5.0,0.36,1.6,0.34,0.4,0.5,0.144,1.463588302802556,2,mixed,22+22+12,3,56,19x10E,10.339732125654976,1.5761350734053523,15.861584721914548,0.3025070287364671,9.703007706544268,11.64360924785312,11.836621058629541,97.87718698961822,101.22307866210811,3.0273810089473634,0.0057804869105052056,0.21325840532157112,-740.6723804593622,385.1933085323371,0.3278089100304176,1232.6010300231787,2253.031378070344,16.833333333333332,False,"SOC floor violated (min 0.006, unmet 385 Wh); did not refill (end SOC 0.213)"
5.5,0.36,1.6,0.34,0.6,0.5,0.216,1.6065557965492165,2,mixed,26+26,2,52,19x10E,10.668470525118742,1.815344034703087,16.6635080853683,0.3046075109667443,9.183750127563874,11.020500153076648,11.20318291448925,89.25200550211568,91.82139166045319,2.9470984641135662,0.0038898595548999054,0.21244442536125113,-741.4586851010313,259.5274602999374,0.09367702856071958,1144.5580993072374,2040.6761816987362,16.75,False,"SOC floor violated (min 0.004, unmet 260 Wh); did not refill (end SOC 0.212)"
4.5,0.52,1.3,0.28,0.4,0.0,0.20800000000000002,0.5824051384167303,2,mixed,24+19+19,3,62,19x10E,10.784350666980433,1.8197104031860198,11.128144327001435,0.283941524677401,9.222407560484394,11.066889072581272,11.250340805982107,112.69088299081191,116.07276081768751,2.8138397481492348,0.0034548363278079103,0.20548258293942193,-748.1838248805184,600.6584913113005,0.12434993719988441,1364.665426097091,2607.6906902631313,17.166666666666668,False,"SOC floor violated (min 0.003, unmet 601 Wh); did not refill (end SOC 0.205)"
4.5,0.52,1.3,0.34,0.4,0.0,0.20800000000000002,0.5824051384167303,2,mixed,24+19+19,3,62,19x10E,10.784350666980433,1.8197104031860198,11.128144327001435,0.283941524677401,9.222407560484394,11.066889072581272,11.250340805982107,112.69088299081191,116.07276081768751,2.8138397481492348,0.0034548363278079103,0.20548258293942193,-748.1838248805184,600.6584913113005,0.12434993719988441,1364.665426097091,2607.6906902631313,17.166666666666668,False,"SOC floor violated (min 0.003, unmet 601 Wh); did not refill (end SOC 0.205)"
5.0,0.36,1.6,0.34,0.4,0.5,0.144,1.463588302802556,3,mixed,22+22+12,3,56,17x12E,11.584670452016546,1.5761350734053523,15.861584721914548,0.3025070287364671,10.270547004748426,12.32465640569811,12.5289576837146,65.68752645763519,112.21923547534766,2.3673497483354904,0.3719950332264562,0.4617639016764521,-750.9241064708209,0.0,0.1173183613304758,1232.6010300231783,1890.7965858152302,14.666666666666668,False,did not refill (end SOC 0.462)
4.5,0.45,1.3,0.28,0.6,0.5,0.27,1.4181536279394673,2,mixed,22+22+18,3,62,19x10E,10.87351570292096,1.8752676530291041,10.798458538593328,0.28204213152037244,9.12224665834725,10.946695990016698,11.128155327072488,113.86973418705993,117.20178859983669,2.7783768826759214,0.0008993220029784952,0.19513534342732686,-758.1792582492022,618.493679849138,0.23891499294116395,1364.665426097091,2635.3649877756875,17.25,False,"SOC floor violated (min 0.001, unmet 618 Wh); did not refill (end SOC 0.195)"
4.5,0.45,1.3,0.34,0.6,0.5,0.27,1.4181536279394673,2,mixed,22+22+18,3,62,19x10E,10.87351570292096,1.8752676530291041,10.798458538593328,0.28204213152037244,9.12224665834725,10.946695990016698,11.128155327072488,113.86973418705993,117.20178859983669,2.7783768826759214,0.0008993220029784952,0.19513534342732686,-758.1792582492022,618.493679849138,0.23891499294116395,1364.665426097091,2635.3649877756875,17.25,False,"SOC floor violated (min 0.001, unmet 618 Wh); did not refill (end SOC 0.195)"
5.0,0.4,1.3,0.28,0.6,0.0,0.24,0.5001615757312022,2,mixed,20+20+14,3,54,19x10E,10.36398899393444,1.6800258521169924,14.880723393927315,0.29963005332599096,9.409226834497554,11.291072201397064,11.478240135738453,96.0791878152559,99.02159579705993,3.0149572914095057,0.004681838479767686,0.19498909992543526,-758.3205294720295,364.707474644055,0.12184829187832354,1188.5795646652082,2206.4973634387684,17.0,False,"SOC floor violated (min 0.005, unmet 365 Wh); did not refill (end SOC 0.195)"
5.0,0.4,1.3,0.34,0.6,0.0,0.24,0.5001615757312022,2,mixed,20+20+14,3,54,19x10E,10.36398899393444,1.6800258521169924,14.880723393927315,0.29963005332599096,9.409226834497554,11.291072201397064,11.478240135738453,96.0791878152559,99.02159579705993,3.0149572914095057,0.004681838479767686,0.19498909992543526,-758.3205294720295,364.707474644055,0.12184829187832354,1188.5795646652082,2206.4973634387684,17.0,False,"SOC floor violated (min 0.005, unmet 365 Wh); did not refill (end SOC 0.195)"
4.5,0.52,1.6,0.28,0.4,0.5,0.20800000000000002,1.4217293684432515,2,mixed,27+27+27+9,4,90,19x10E,11.819514009846953,2.0815795629542944,9.72818928490058,0.2749887328904515,9.027172708388308,10.83260725006597,11.012175380210023,130.30684722883632,133.84318880935197,2.4863209785664253,0.005124162766560959,0.5630199259598394,-761.3282716604427,761.3282716604427,0.12575406769262304,1980.96594110868,3036.833846663051,15.666666666666668,False,"SOC floor violated (min 0.005, unmet 761 Wh); did not refill (end SOC 0.563)"
4.5,0.52,1.6,0.34,0.4,0.5,0.20800000000000002,1.4217293684432515,2,mixed,27+27+27+9,4,90,19x10E,11.819514009846953,2.0815795629542944,9.72818928490058,0.2749887328904515,9.027172708388308,10.83260725006597,11.012175380210023,130.30684722883632,133.84318880935197,2.4863209785664253,0.005124162766560959,0.5630199259598394,-761.3282716604427,761.3282716604427,0.12575406769262304,1980.96594110868,3036.833846663051,15.666666666666668,False,"SOC floor violated (min 0.005, unmet 761 Wh); did not refill (end SOC 0.563)"
5.5,0.36,1.3,0.34,0.6,0.0,0.216,0.4687516852914388,2,mixed,18+18+14,3,50,19x10E,10.250213322277723,1.651500242681967,18.31667911285031,0.3083572735304826,9.437904537803364,11.325485445364036,11.51322383534262,87.54285832674549,90.241819157059,3.0903588782227325,0.005013433082534356,0.19124233229548754,-761.939907002559,242.61675512028984,0.31534146821198183,1100.5366339492664,2000.1462390566078,16.916666666666668,False,"SOC floor violated (min 0.005, unmet 243 Wh); did not refill (end SOC 0.191)"
4.5,0.45,1.6,0.28,0.6,0.5,0.27,1.3885530521498692,2,mixed,23+23+16,3,62,19x10E,11.021305119996367,1.8699395493869768,10.829227076692701,0.2822242889098469,9.197105718632843,11.03652686235941,11.219475292613488,115.88537601380733,119.33673410718741,2.738427317197812,0.00963006224380167,0.18969322390210056,-763.4363457105709,661.8012113515637,0.23534238098704444,1364.665426097091,2683.970465112781,17.416666666666664,False,"SOC floor violated (min 0.010, unmet 662 Wh); did not refill (end SOC 0.190)"
4.5,0.45,1.6,0.34,0.6,0.5,0.27,1.3885530521498692,2,mixed,23+23+16,3,62,19x10E,11.021305119996367,1.8699395493869768,10.829227076692701,0.2822242889098469,9.197105718632843,11.03652686235941,11.219475292613488,115.88537601380733,119.33673410718741,2.738427317197812,0.00963006224380167,0.18969322390210056,-763.4363457105709,661.8012113515637,0.23534238098704444,1364.665426097091,2683.970465112781,17.416666666666664,False,"SOC floor violated (min 0.010, unmet 662 Wh); did not refill (end SOC 0.190)"
4.5,0.52,1.3,0.28,0.4,0.5,0.20800000000000002,1.4556345697655915,2,mixed,29+27+27+10+1,5,94,19x10E,11.841012808058537,2.0921579857668644,9.679001364984163,0.27462707740967984,9.012507444834663,10.815008933801595,10.994285343155601,131.5923619619486,135.1277341493755,2.4758861217848542,0.0010073051035312773,0.6232629155624322,-763.4853550013546,763.4853550013546,0.17735949610134108,2069.008871824622,3068.267350679909,15.5,False,"SOC floor violated (min 0.001, unmet 763 Wh); did not refill (end SOC 0.623)"
4.5,0.52,1.3,0.34,0.4,0.5,0.20800000000000002,1.4556345697655915,2,mixed,29+27+27+10+1,5,94,19x10E,11.841012808058537,2.0921579857668644,9.679001364984163,0.27462707740967984,9.012507444834663,10.815008933801595,10.994285343155601,131.5923619619486,135.1277341493755,2.4758861217848542,0.0010073051035312773,0.6232629155624322,-763.4853550013546,763.4853550013546,0.17735949610134108,2069.008871824622,3068.267350679909,15.5,False,"SOC floor violated (min 0.001, unmet 763 Wh); did not refill (end SOC 0.623)"
6.0,0.36,1.6,0.34,0.4,0.0,0.144,0.3995382367315819,2,mixed,18+18+12,3,48,19x10E,10.305369585447524,1.5983002591340216,22.523928025579647,0.3154173027089611,9.619467909279054,11.543361491134865,11.734711531867426,83.92274859632147,86.76913284423232,3.0988634513307476,0.009926408619215288,0.1877649101619832,-765.2990967835243,197.44264181626414,0.27989673390755715,1056.5151685912965,1914.5450534217453,16.833333333333332,False,"SOC floor violated (min 0.010, unmet 197 Wh); did not refill (end SOC 0.188)"
5.5,0.36,1.6,0.34,0.4,0.5,0.144,1.5987395917999254,2,mixed,25+25,2,50,19x10E,10.487419485191342,1.7313277518287837,17.472139499899562,0.3065303248151072,9.323803751109343,11.188564501331212,11.374033203382416,88.57214140040071,91.17746836987376,3.0097799638992853,0.006776874829577379,0.18651408340102626,-766.5073954346086,261.94378935881645,0.1593999327428541,1100.5366339492664,2024.185792976731,16.916666666666668,False,"SOC floor violated (min 0.007, unmet 262 Wh); did not refill (end SOC 0.187)"
5.5,0.4,1.6,0.34,0.4,0.0,0.16000000000000003,0.4290000000310116,2,mixed,19+19+12,3,50,19x10E,10.428481235228563,1.642960000007443,18.411890733714127,0.3085527272725569,9.544330864766323,11.453197037719587,11.643052455603605,89.10623968966631,91.94679914015717,3.0352591295873212,0.007453675476793221,0.1818958425296907,-770.9686161163188,271.66426014215693,0.09114446205478899,1100.5366339492664,2038.433668705432,17.0,False,"SOC floor violated (min 0.007, unmet 272 Wh); did not refill (end SOC 0.182)"
4.5,0.36,1.6,0.34,0.4,0.0,0.144,0.34912303194307287,2,mixed,12+12+10,3,34,22x12E,9.493759363032133,1.2094105748997037,16.743693515065658,0.304806476071805,10.614038978481311,12.736846774177573,12.947980779719634,63.58524762927434,65.1675415928825,7.397508952420061,0.08092461376088213,0.18153076403820043,-771.3212819390983,0.0,0.1749226521693927,748.3649110855014,1416.4627116963354,17.416666666666664,False,"SOC floor violated (min 0.081, unmet 0 Wh); did not refill (end SOC 0.182)"
4.5,0.45,1.6,0.28,0.6,0.0,0.27,0.48284103617450086,2,mixed,20+20+14+7,4,61,19x10E,10.78518324813528,1.7069113865114103,11.863533256630856,0.2877979013158492,9.522625954999812,11.427151145999774,11.61657481075492,114.07289951671095,117.78915335571281,2.8249729754056636,0.005262356540697576,0.18000401862376342,-772.7961180094445,632.5800110192466,0.16986996747504435,1342.6546934181065,2642.2149261745,17.416666666666664,False,"SOC floor violated (min 0.005, unmet 633 Wh); did not refill (end SOC 0.180)"
5.0,0.45,1.6,0.28,0.4,0.0,0.18000000000000002,0.465756598298709,2,mixed,20+20+14,3,54,19x10E,10.601265195512672,1.7007542815406513,14.699360319912534,0.2990560352804127,9.45815685567145,11.34978822680574,11.537929475017807,98.18337288998751,101.25261648220653,2.9404611191111485,0.004592048608613035,0.17953837121432567,-773.2459334069614,400.6707788770273,0.09522260962882592,1188.5795646652084,2257.3741139065282,17.166666666666668,False,"SOC floor violated (min 0.005, unmet 401 Wh); did not refill (end SOC 0.180)"
5.0,0.45,1.6,0.34,0.4,0.0,0.18000000000000002,0.465756598298709,2,mixed,20+20+14,3,54,19x10E,10.601265195512672,1.7007542815406513,14.699360319912534,0.2990560352804127,9.45815685567145,11.34978822680574,11.537929475017807,98.18337288998751,101.25261648220653,2.9404611191111485,0.004592048608613035,0.17953837121432567,-773.2459334069614,400.6707788770273,0.09522260962882592,1188.5795646652084,2257.3741139065282,17.166666666666668,False,"SOC floor violated (min 0.005, unmet 401 Wh); did not refill (end SOC 0.180)"
4.5,0.52,1.6,0.28,0.4,0.0,0.20800000000000002,0.5194742222283792,2,mixed,21+20+20,3,61,19x10E,10.895669631185527,1.8000759573352543,11.24952528668686,0.28461278778341,9.320302259515211,11.184362711418252,11.369761761949695,114.21943580811575,117.68201076239308,2.784870131949108,0.003713259073688968,0.1791361021904551,-773.6345252840204,633.6245420330445,0.1865360879336606,1342.6546934181065,2644.0617445104567,17.416666666666664,False,"SOC floor violated (min 0.004, unmet 634 Wh); did not refill (end SOC 0.179)"
4.5,0.52,1.6,0.34,0.4,0.0,0.20800000000000002,0.5194742222283792,2,mixed,21+20+20,3,61,19x10E,10.895669631185527,1.8000759573352543,11.24952528668686,0.28461278778341,9.320302259515211,11.184362711418252,11.369761761949695,114.21943580811575,117.68201076239308,2.784870131949108,0.003713259073688968,0.1791361021904551,-773.6345252840204,633.6245420330445,0.1865360879336606,1342.6546934181065,2644.0617445104567,17.416666666666664,False,"SOC floor violated (min 0.004, unmet 634 Wh); did not refill (end SOC 0.179)"
4.5,0.4,1.6,0.28,0.4,0.5,0.16000000000000003,1.351156728492692,2,mixed,21+21+12+6,4,60,19x10E,10.518924616214573,1.5842776148382463,12.781850737736715,0.2919905088944189,9.761543134980146,11.713851761976175,11.90802795697022,112.39013148028428,116.3869397157463,2.9146754097214527,0.009835018797548787,0.1783527325439965,-774.3912603624993,614.2899049792798,0.12302220664518515,1320.6439607391203,2603.675476410267,17.416666666666664,False,"SOC floor violated (min 0.010, unmet 614 Wh); did not refill (end SOC 0.178)"
5.5,0.52,1.3,0.28,0.4,0.0,0.20800000000000002,0.6373432289911776,2,mixed,27+25+25,3,77,20x13E,11.696178052142054,2.2008510874452476,13.744682760483473,0.2957847176427026,8.733234172234912,10.479881006681895,10.653602124143308,127.89452210523135,134.163685904213,4.430927205295347,0.009100944509837955,0.3306921992385557,-781.4833231428623,781.4833231428623,0.33410210450635464,1694.826416281871,2996.487259017911,16.5,False,"SOC floor violated (min 0.009, unmet 781 Wh); did not refill (end SOC 0.331)"
5.5,0.52,1.3,0.34,0.4,0.0,0.20800000000000002,0.6373432289911776,2,mixed,27+25+25,3,77,20x13E,11.696178052142054,2.2008510874452476,13.744682760483473,0.2957847176427026,8.733234172234912,10.479881006681895,10.653602124143308,127.89452210523135,134.163685904213,4.430927205295347,0.009100944509837955,0.3306921992385557,-781.4833231428623,781.4833231428623,0.33410210450635464,1694.826416281871,2996.487259017911,16.5,False,"SOC floor violated (min 0.009, unmet 781 Wh); did not refill (end SOC 0.331)"
6.0,0.36,1.3,0.34,0.4,0.0,0.144,0.44606429664317643,2,mixed,17+17+12,3,46,19x10E,10.128145961504027,1.608349888074926,22.38318929663327,0.31522404061394377,9.50655485336036,11.40786582403243,11.596969803126965,81.96707502106422,84.62952859516407,3.157828871448228,0.009204133023347626,0.1692219662151432,-783.2115806361717,174.74806770765943,0.29698736759333855,1012.4937032333256,1865.8469755242463,17.0,False,"SOC floor violated (min 0.009, unmet 175 Wh); did not refill (end SOC 0.169)"
5.0,0.45,1.3,0.28,0.6,0.5,0.27,1.5585896476907553,2,mixed,25+25+18,3,68,17x10E,11.304700431620354,2.080546136584336,12.016075760301513,0.2885387223715107,8.830581497418674,10.596697796902408,10.77235534315747,125.49311477045106,128.9371489736916,1.7209036217683227,0.00613420118463197,0.21655540981100324,-787.2570529283868,787.2570529283868,0.19649383209680354,1496.7298221710025,2915.081985362702,17.25,False,"SOC floor violated (min 0.006, unmet 787 Wh); did not refill (end SOC 0.217)"
5.0,0.45,1.3,0.34,0.6,0.5,0.27,1.5585896476907553,2,mixed,25+25+18,3,68,17x10E,11.304700431620354,2.080546136584336,12.016075760301513,0.2885387223715107,8.830581497418674,10.596697796902408,10.77235534315747,125.49311477045106,128.9371489736916,1.7209036217683227,0.00613420118463197,0.21655540981100324,-787.2570529283868,787.2570529283868,0.19649383209680354,1496.7298221710025,2915.081985362702,17.25,False,"SOC floor violated (min 0.006, unmet 787 Wh); did not refill (end SOC 0.217)"
4.5,0.4,1.6,0.28,0.6,0.5,0.24,1.3586462081040374,2,mixed,22+22+14,3,58,19x10E,10.539289578954927,1.657383393296646,12.218054121877861,0.2894911660411403,9.553062662703038,11.463675195243646,11.65370430567559,110.19018643366515,113.80092861609351,2.9092340445926013,0.007424860283636762,0.16192069488391883,-790.2646087421344,586.4457216160445,0.18065699483353367,1276.6224953811493,2547.733403411887,17.583333333333332,False,"SOC floor violated (min 0.007, unmet 586 Wh); did not refill (end SOC 0.162)"
4.5,0.4,1.6,0.34,0.6,0.5,0.24,1.3586462081040374,2,mixed,22+22+14,3,58,19x10E,10.539289578954927,1.657383393296646,12.218054121877861,0.2894911660411403,9.553062662703038,11.463675195243646,11.65370430567559,110.19018643366515,113.80092861609351,2.9092340445926013,0.007424860283636762,0.16192069488391883,-790.2646087421344,586.4457216160445,0.18065699483353367,1276.6224953811493,2547.733403411887,17.583333333333332,False,"SOC floor violated (min 0.007, unmet 586 Wh); did not refill (end SOC 0.162)"
5.5,0.45,1.3,0.28,0.6,0.5,0.27,1.6982717773707128,2,mixed,28+28+18,3,74,20x13E,11.821731872150034,2.285688919926728,13.23452187053071,0.2938431016418549,8.615499076481884,10.33859889177826,10.50997802779325,128.0684608360906,133.94206591745947,4.339478394005195,0.0,0.27306495704268946,-790.6833192094022,790.6833192094022,0.08951624077952638,1628.7942182449158,2996.22669690608,16.75,False,"SOC floor violated (min 0.000, unmet 791 Wh); did not refill (end SOC 0.273)"
5.5,0.45,1.3,0.34,0.6,0.5,0.27,1.6982717773707128,2,mixed,28+28+18,3,74,20x13E,11.821731872150034,2.285688919926728,13.23452187053071,0.2938431016418549,8.615499076481884,10.33859889177826,10.50997802779325,128.0684608360906,133.94206591745947,4.339478394005195,0.0,0.27306495704268946,-790.6833192094022,790.6833192094022,0.08951624077952638,1628.7942182449158,2996.22669690608,16.75,False,"SOC floor violated (min 0.000, unmet 791 Wh); did not refill (end SOC 0.273)"
4.5,0.45,1.3,0.28,0.4,0.0,0.18000000000000002,0.4968104820660935,2,mixed,18+18+14+7,4,57,19x10E,10.263855215870931,1.5516388301578454,13.050717477816667,0.29310636478092833,9.743351898365438,11.692022278038525,11.885836613738475,108.01614945439535,111.81739646185905,3.0056328440933786,0.008571468478240009,0.160542628352665,-791.5958210113256,556.3878158784437,0.18111674874302608,1254.611762702164,2497.0956924539923,17.5,False,"SOC floor violated (min 0.009, unmet 556 Wh); did not refill (end SOC 0.161)"
4.5,0.45,1.3,0.34,0.4,0.0,0.18000000000000002,0.4968104820660935,2,mixed,18+18+14+7,4,57,19x10E,10.263855215870931,1.5516388301578454,13.050717477816667,0.29310636478092833,9.743351898365438,11.692022278038525,11.885836613738475,108.01614945439535,111.81739646185905,3.0056328440933786,0.008571468478240009,0.160542628352665,-791.5958210113256,556.3878158784437,0.18111674874302608,1254.611762702164,2497.0956924539923,17.5,False,"SOC floor violated (min 0.009, unmet 556 Wh); did not refill (end SOC 0.161)"
6.0,0.4,1.6,0.34,0.6,0.0,0.24,0.4894789889065679,2,mixed,25+25,2,50,18x10E,11.006474172189153,1.998316638225051,18.015163018397324,0.3077246800341336,8.890791108010367,10.66894932961244,10.845804562844355,91.97358830690426,94.42179728701907,2.3379469561773676,0.0023144301220037,0.1596436027265639,-792.4642797661393,315.84410025939917,0.20863574214785408,1100.5366339492664,2103.891529981481,17.25,False,"SOC floor violated (min 0.002, unmet 316 Wh); did not refill (end SOC 0.160)"
4.5,0.4,1.3,0.28,0.4,0.5,0.16000000000000003,1.37674418394554,2,mixed,21+21+14,3,56,19x10E,10.213744539313193,1.5904186041469297,12.732496933322604,0.29178056054198526,9.60030921221642,11.520371054659703,11.711339991416674,107.06999980294108,110.63083221614637,3.0183063965865333,0.0063964531460236895,0.15089327671486125,-800.917094693444,544.3883269938316,0.10084627626198284,1232.6010300231785,2472.5286699219864,17.583333333333332,False,"SOC floor violated (min 0.006, unmet 544 Wh); did not refill (end SOC 0.151)"
4.5,0.4,1.3,0.34,0.4,0.5,0.16000000000000003,1.37674418394554,2,mixed,21+21+14,3,56,19x10E,10.213744539313193,1.5904186041469297,12.732496933322604,0.29178056054198526,9.60030921221642,11.520371054659703,11.711339991416674,107.06999980294108,110.63083221614637,3.0183063965865333,0.0063964531460236895,0.15089327671486125,-800.917094693444,544.3883269938316,0.10084627626198284,1232.6010300231785,2472.5286699219864,17.583333333333332,False,"SOC floor violated (min 0.006, unmet 544 Wh); did not refill (end SOC 0.151)"
4.5,0.36,1.6,0.28,0.4,0.5,0.144,1.3279157997136048,3,mixed,20+20+12,3,52,22x12E,11.339303855049137,1.4208298127381387,14.252234728222238,0.2975784679405764,10.70213968753296,12.842567625039552,13.055454126085998,81.44950343621318,83.62776349259447,6.09072039337514,0.24611536128278497,0.42702315571549593,-801.2634473682463,0.0,0.0959946377758977,1144.5580993072374,1852.03264124879,16.083333333333332,False,did not refill (end SOC 0.427)
4.5,0.36,1.6,0.34,0.4,0.5,0.144,1.3279157997136048,3,mixed,20+20+12,3,52,22x12E,11.339303855049137,1.4208298127381387,14.252234728222238,0.2975784679405764,10.70213968753296,12.842567625039552,13.055454126085998,81.44950343621318,83.62776349259447,6.09072039337514,0.24611536128278497,0.42702315571549593,-801.2634473682463,0.0,0.0959946377758977,1144.5580993072374,1852.03264124879,16.083333333333332,False,did not refill (end SOC 0.427)
5.5,0.36,1.6,0.34,0.6,0.0,0.216,0.4207279971802974,2,mixed,18+18+12,3,48,19x10E,10.399273206916298,1.6445848315939628,18.393699989730006,0.3085155410442577,9.526246237517613,11.431495485021136,11.620991164279971,89.15785248173478,91.97915443829993,3.0427377297243567,0.008072433200727402,0.15017748528259586,-801.6085492170123,285.2811023168433,0.25062975186738967,1056.5151685912965,2038.5971392720605,17.333333333333332,False,"SOC floor violated (min 0.008, unmet 285 Wh); did not refill (end SOC 0.150)"
4.5,0.36,1.3,0.28,0.4,0.5,0.144,1.3507978314067701,3,mixed,19+19+12,3,50,22x12E,11.14503514095742,1.4257723315838622,14.202828566258315,0.2974094929373038,10.591661168473255,12.709993402167905,12.920682269278513,79.69068778360834,81.75502511036433,6.193975534825996,0.25987482307063725,0.4266989634499338,-801.7332019610458,0.0,0.14916265447717808,1100.5366339492666,1808.5751210889625,16.25,False,did not refill (end SOC 0.427)
4.5,0.36,1.3,0.34,0.4,0.5,0.144,1.3507978314067701,3,mixed,19+19+12,3,50,22x12E,11.14503514095742,1.4257723315838622,14.202828566258315,0.2974094929373038,10.591661168473255,12.709993402167905,12.920682269278513,79.69068778360834,81.75502511036433,6.193975534825996,0.25987482307063725,0.4266989634499338,-801.7332019610458,0.0,0.14916265447717808,1100.5366339492666,1808.5751210889625,16.25,False,did not refill (end SOC 0.427)
5.5,0.45,1.3,0.28,0.4,0.5,0.18000000000000002,1.6882909976056988,2,mixed,27+27+18,3,72,20x13E,11.605575301413884,2.1883385693535384,13.823272332551454,0.29607108169311674,8.724178216979926,10.469013860375911,10.642554837166005,127.54229388474613,133.7537329967261,4.463153851972803,0.009591705770816429,0.251120080009765,-802.7579576389131,802.7579576389131,0.2498292891403461,1584.7727528869445,2985.0127469437753,16.916666666666668,False,"SOC floor violated (min 0.010, unmet 803 Wh); did not refill (end SOC 0.251)"
5.5,0.45,1.3,0.34,0.4,0.5,0.18000000000000002,1.6882909976056988,2,mixed,27+27+18,3,72,20x13E,11.605575301413884,2.1883385693535384,13.823272332551454,0.29607108169311674,8.724178216979926,10.469013860375911,10.642554837166005,127.54229388474613,133.7537329967261,4.463153851972803,0.009591705770816429,0.251120080009765,-802.7579576389131,802.7579576389131,0.2498292891403461,1584.7727528869445,2985.0127469437753,16.916666666666668,False,"SOC floor violated (min 0.010, unmet 803 Wh); did not refill (end SOC 0.251)"
5.0,0.4,1.6,0.28,0.6,0.0,0.24,0.4486040083947966,2,mixed,20+20+12,3,52,19x10E,10.50638226754308,1.6717766413431674,14.954150800859422,0.29985849300895845,9.496988715860626,11.396386459032751,11.585300148932758,97.80865708651109,100.90542180981434,2.9706494737572786,0.002468554583648367,0.14831019609974355,-803.4123505676478,404.873613024064,0.103557518856307,1144.5580993072376,2247.794804504667,17.416666666666664,False,"SOC floor violated (min 0.002, unmet 405 Wh); did not refill (end SOC 0.148)"
5.0,0.4,1.6,0.34,0.6,0.0,0.24,0.4486040083947966,2,mixed,20+20+12,3,52,19x10E,10.50638226754308,1.6717766413431674,14.954150800859422,0.29985849300895845,9.496988715860626,11.396386459032751,11.585300148932758,97.80865708651109,100.90542180981434,2.9706494737572786,0.002468554583648367,0.14831019609974355,-803.4123505676478,404.873613024064,0.103557518856307,1144.5580993072376,2247.794804504667,17.416666666666664,False,"SOC floor violated (min 0.002, unmet 405 Wh); did not refill (end SOC 0.148)"
4.5,0.4,1.3,0.28,0.6,0.5,0.24,1.384812165683202,2,mixed,21+21+14,3,56,19x10E,10.357912938689143,1.6615699465093123,12.187269059928504,0.2893480360167756,9.458565229986744,11.350278275984094,11.538427647560427,107.48008846700512,110.89058591733811,2.967301702609418,0.001739104982783915,0.1443882868437506,-807.2009149089369,547.2338918151343,0.3072392923272756,1232.6010300231783,2481.406148514408,17.583333333333332,False,"SOC floor violated (min 0.002, unmet 547 Wh); did not refill (end SOC 0.144)"
4.5,0.4,1.3,0.34,0.6,0.5,0.24,1.384812165683202,2,mixed,21+21+14,3,56,19x10E,10.357912938689143,1.6615699465093123,12.187269059928504,0.2893480360167756,9.458565229986744,11.350278275984094,11.538427647560427,107.48008846700512,110.89058591733811,2.967301702609418,0.001739104982783915,0.1443882868437506,-807.2009149089369,547.2338918151343,0.3072392923272756,1232.6010300231783,2481.406148514408,17.583333333333332,False,"SOC floor violated (min 0.002, unmet 547 Wh); did not refill (end SOC 0.144)"
4.5,0.36,1.3,0.28,0.4,0.5,0.144,1.3507978314067701,2,mixed,19+19+12+6,4,56,19x10E,9.966848652956234,1.4257723315838622,14.202828566258315,0.2974094929373038,10.01618390066394,12.019420680796728,12.218662178918272,107.39447040451863,111.60552288142603,3.1053346425625716,0.0025783919661572507,0.14085962713966718,-810.6096001830815,546.7679912154914,0.18808313164595702,1232.6010300231783,2484.48820976861,17.583333333333332,False,"SOC floor violated (min 0.003, unmet 547 Wh); did not refill (end SOC 0.141)"
6.0,0.36,1.6,0.34,0.4,0.0,0.144,0.3995382367315819,3,mixed,18+18+12,3,48,16x12E,11.535101601477,1.5983002591340216,22.523928025579647,0.3154173027089611,10.177239067783315,12.212686881339978,12.41513208189903,65.1614424544868,103.84849524495853,1.9675913554784832,0.36965815542267555,0.41728442952939293,-815.3748616119096,0.0,0.20057025850317345,1056.515168591296,1779.162409758437,15.333333333333332,False,did not refill (end SOC 0.417)
4.5,0.45,1.3,0.28,0.6,0.0,0.27,0.5388295271434997,2,mixed,20+20+16,3,56,19x10E,10.488257554297482,1.7169893148858297,11.793899836439293,0.28745335675604006,9.363028057219719,11.235633668663661,11.421882618920144,109.08803800213428,112.43920091790925,2.918067532533274,0.002583010130712035,0.1358195215010463,-815.4783422299893,576.4295491908279,0.09898790778367683,1232.6010300231783,2519.0576802748174,17.75,False,"SOC floor violated (min 0.003, unmet 576 Wh); did not refill (end SOC 0.136)"
4.5,0.45,1.3,0.34,0.6,0.0,0.27,0.5388295271434997,2,mixed,20+20+16,3,56,19x10E,10.488257554297482,1.7169893148858297,11.793899836439293,0.28745335675604006,9.363028057219719,11.235633668663661,11.421882618920144,109.08803800213428,112.43920091790925,2.918067532533274,0.002583010130712035,0.1358195215010463,-815.4783422299893,576.4295491908279,0.09898790778367683,1232.6010300231783,2519.0576802748174,17.75,False,"SOC floor violated (min 0.003, unmet 576 Wh); did not refill (end SOC 0.136)"
6.0,0.4,1.6,0.34,0.4,0.0,0.16000000000000003,0.4467963792362206,2,mixed,22+22,2,44,19x10E,10.55539689462527,1.787231131016693,20.14288995711532,0.31178401671121747,9.206517285606171,11.047820742727405,11.230956387465765,82.21253098796663,84.56458975094209,3.013568287037415,0.006610900654984654,0.13527102572229655,-816.0081891522615,188.54917689191825,0.18801646435058217,968.4722378753551,1868.5851305674496,17.416666666666664,False,"SOC floor violated (min 0.007, unmet 189 Wh); did not refill (end SOC 0.135)"
4.5,0.4,1.3,0.28,0.6,0.0,0.24,0.47579028497746806,2,mixed,17+17+14+7,4,55,19x10E,10.15231976560701,1.516126445596395,13.356405766033786,0.2943204633984138,9.80309884757783,11.763718617093396,11.95872143653,107.32824996549188,111.18422582784144,3.04400324188227,0.008961630696359083,0.13510574676412498,-816.1678486258552,558.6507943979025,0.21110458336426535,1210.5902973441935,2479.977848311477,17.75,False,"SOC floor violated (min 0.009, unmet 559 Wh); did not refill (end SOC 0.135)"
4.5,0.45,1.6,0.28,0.4,0.5,0.18000000000000002,1.3804065640366652,2,mixed,22+22+14,3,58,19x10E,10.830357571296192,1.7902097722898995,11.31152355072766,0.28495009325504617,9.317896565581025,11.18147587869723,11.3668270752687,114.18357901511077,117.63833190494013,2.8016911846648607,0.0030292870782072413,0.13372920382820974,-817.4975891019494,652.9988940885383,0.15770072198139454,1276.6224953811497,2641.422309775778,17.916666666666668,False,"SOC floor violated (min 0.003, unmet 653 Wh); did not refill (end SOC 0.134)"
4.5,0.45,1.6,0.34,0.4,0.5,0.18000000000000002,1.3804065640366652,2,mixed,22+22+14,3,58,19x10E,10.830357571296192,1.7902097722898995,11.31152355072766,0.28495009325504617,9.317896565581025,11.18147587869723,11.3668270752687,114.18357901511077,117.63833190494013,2.8016911846648607,0.0030292870782072413,0.13372920382820974,-817.4975891019494,652.9988940885383,0.15770072198139454,1276.6224953811497,2641.422309775778,17.916666666666668,False,"SOC floor violated (min 0.003, unmet 653 Wh); did not refill (end SOC 0.134)"
4.5,0.36,1.3,0.28,0.6,0.5,0.216,1.3582788216710497,2,mixed,20+20+14,3,54,19x10E,9.974993499313378,1.491592150320631,13.576097189601784,0.29515924272408095,9.796697886293044,11.756037463551653,11.950912955342474,104.41064280993548,108.13443881734482,3.11132231734606,0.0018620141878683619,0.13208746515673056,-819.0835086585982,506.75529268270736,0.11954232148751605,1188.5795646652084,2409.1291524847616,17.75,False,"SOC floor violated (min 0.002, unmet 507 Wh); did not refill (end SOC 0.132)"
4.5,0.36,1.3,0.34,0.6,0.5,0.216,1.3582788216710497,2,mixed,20+20+14,3,54,19x10E,9.974993499313378,1.491592150320631,13.576097189601784,0.29515924272408095,9.796697886293044,11.756037463551653,11.950912955342474,104.41064280993548,108.13443881734482,3.11132231734606,0.0018620141878683619,0.13208746515673056,-819.0835086585982,506.75529268270736,0.11954232148751605,1188.5795646652084,2409.1291524847616,17.75,False,"SOC floor violated (min 0.002, unmet 507 Wh); did not refill (end SOC 0.132)"
5.0,0.4,1.6,0.34,0.6,0.5,0.24,1.496015551656488,2,mixed,25+25,2,50,19x10E,10.724089916094966,1.8393624882650381,13.591665677373372,0.295217654171122,9.147343963016207,10.976812755619447,11.158771327177183,98.12794485356557,100.95149020794378,2.8885969908182494,0.008182229786955446,0.12361464763954395,-827.2682503802005,429.9678843602683,0.21275971201346638,1100.5366339492664,2252.7178349504334,17.75,False,"SOC floor violated (min 0.008, unmet 430 Wh); did not refill (end SOC 0.124)"
5.0,0.4,1.3,0.34,0.4,0.0,0.16000000000000003,0.4587942593310043,2,mixed,17+17+14,3,48,19x10E,9.969671281983011,1.5101106222394411,16.5550785696255,0.30433539815336935,9.733846372728836,11.680615647274603,11.874240899468592,93.36518649099318,96.57380197309443,3.162400754321264,0.009664384326948801,0.12250270867616789,-828.3423834188218,360.8645207972891,0.26085409462152614,1056.5151685912963,2140.818322546972,17.75,False,"SOC floor violated (min 0.010, unmet 361 Wh); did not refill (end SOC 0.123)"
5.5,0.45,1.6,0.28,0.6,0.5,0.27,1.6657028135197605,2,mixed,29+29+16,3,74,20x13E,11.945935616452466,2.2798265064335568,13.268553512574755,0.2939772700371214,8.671767687286765,10.406121224744117,10.578619653538189,130.19704548544075,136.35415857159867,4.309021347611718,0.0018282373369332243,0.2579421310262147,-828.7482075148168,828.7482075148168,0.11215248349391516,1628.7942182449158,3048.3419760108627,16.916666666666668,False,"SOC floor violated (min 0.002, unmet 829 Wh); did not refill (end SOC 0.258)"
5.5,0.45,1.6,0.34,0.6,0.5,0.27,1.6657028135197605,2,mixed,29+29+16,3,74,20x13E,11.945935616452466,2.2798265064335568,13.268553512574755,0.2939772700371214,8.671767687286765,10.406121224744117,10.578619653538189,130.19704548544075,136.35415857159867,4.309021347611718,0.0018282373369332243,0.2579421310262147,-828.7482075148168,828.7482075148168,0.11215248349391516,1628.7942182449158,3048.3419760108627,16.916666666666668,False,"SOC floor violated (min 0.002, unmet 829 Wh); did not refill (end SOC 0.258)"
5.0,0.36,1.6,0.34,0.4,0.0,0.144,0.3667479449487575,3,mixed,15+15+10,3,40,22x12E,11.070942950982081,1.3392175561089317,18.66761668853638,0.3090678215231372,10.892189505216322,13.070627406259586,13.287294370081927,71.7921759498585,73.79052679756681,6.321448171313567,0.3155542424771345,0.4074833887547802,-829.5765696943234,0.0,0.22497782369887886,880.4293071594136,1616.8341494932588,17.083333333333336,False,did not refill (end SOC 0.407)
5.0,0.36,1.3,0.34,0.4,0.0,0.144,0.4097021380205588,3,mixed,13+13+12,3,38,22x12E,10.879661200039168,1.3484956618124406,18.53917717940512,0.308810889365194,10.760472901114818,12.912567481337781,13.126614344152697,70.12066900781824,71.99636357394537,6.428840261494412,0.326986993931226,0.4057343187614702,-832.1109721146297,0.0,0.11926355806388973,836.4078418014429,1575.5569945089953,17.25,False,did not refill (end SOC 0.406)
5.5,0.45,1.6,0.34,0.4,0.0,0.18000000000000002,0.48669274633032533,2,mixed,23+23,2,46,19x10E,10.74965970321726,1.8639070415091878,16.22935013728306,0.3034960880519194,9.097743387040158,10.917292064448189,11.098263983488044,89.01238169772203,91.50518704824735,2.9194123260887856,0.003082114657766412,0.11774188002701629,-832.9413438939023,291.14117118175,0.18295988743461203,1012.4937032333256,2031.8771941861219,17.75,False,"SOC floor violated (min 0.003, unmet 291 Wh); did not refill (end SOC 0.118)"
4.5,0.45,1.3,0.28,0.4,0.5,0.18000000000000002,1.4094228339681143,2,mixed,20+20+16,3,56,19x10E,10.667251441075164,1.7980441651713908,11.26223726438319,0.2846822507633712,9.227297812995674,11.07275737559481,11.256306385687667,111.82894344937014,115.17952973450215,2.8488165046000455,0.0008274988062207094,0.11750011431540831,-833.1748895713156,624.1002923145022,0.1713151310231602,1232.6010300231783,2584.2773760194355,17.916666666666668,False,"SOC floor violated (min 0.001, unmet 624 Wh); did not refill (end SOC 0.118)"
4.5,0.45,1.3,0.34,0.4,0.5,0.18000000000000002,1.4094228339681143,2,mixed,20+20+16,3,56,19x10E,10.667251441075164,1.7980441651713908,11.26223726438319,0.2846822507633712,9.227297812995674,11.07275737559481,11.256306385687667,111.82894344937014,115.17952973450215,2.8488165046000455,0.0008274988062207094,0.11750011431540831,-833.1748895713156,624.1002923145022,0.1713151310231602,1232.6010300231783,2584.2773760194355,17.916666666666668,False,"SOC floor violated (min 0.001, unmet 624 Wh); did not refill (end SOC 0.118)"
4.5,0.36,1.6,0.28,0.6,0.5,0.216,1.334833955011557,2,mixed,21+21+12,3,54,19x10E,10.153173370219303,1.4882160895216643,13.606894954689452,0.295274663606097,9.895012621987101,11.87401514638452,12.070846310657133,107.35862696851673,111.35614718168415,3.0459921120985727,0.004620650560531906,0.11545908181445111,-835.1465269672402,562.5396589959626,0.12621048172928084,1188.5795646652084,2480.9252952078327,17.916666666666668,False,"SOC floor violated (min 0.005, unmet 563 Wh); did not refill (end SOC 0.115)"
4.5,0.36,1.6,0.34,0.6,0.5,0.216,1.334833955011557,2,mixed,21+21+12,3,54,19x10E,10.153173370219303,1.4882160895216643,13.606894954689452,0.295274663606097,9.895012621987101,11.87401514638452,12.070846310657133,107.35862696851673,111.35614718168415,3.0459921120985727,0.004620650560531906,0.11545908181445111,-835.1465269672402,562.5396589959626,0.12621048172928084,1188.5795646652084,2480.9252952078327,17.916666666666668,False,"SOC floor violated (min 0.005, unmet 563 Wh); did not refill (end SOC 0.115)"
4.5,0.45,1.6,0.28,1.0,1.0,0.45,2.25,2,mixed,24+24+16,3,64,19x10E,11.356124120614666,2.025,10.0,0.2769230769230769,8.971209544703502,10.970579658772406,10.943906366950111,127.00350926356919,129.5299678315261,2.599319313577283,0.009710265133279751,0.15556407494755234,-844.5899887522696,844.5899887522696,0.2203223704842235,1408.6868914550619,2943.453511947398,17.916666666666668,False,"SOC floor violated (min 0.010, unmet 845 Wh); did not refill (end SOC 0.156)"
4.5,0.45,1.6,0.34,1.0,1.0,0.45,2.25,2,mixed,24+24+16,3,64,19x10E,11.356124120614666,2.025,10.0,0.2769230769230769,8.971209544703502,10.970579658772406,10.943906366950111,127.00350926356919,129.5299678315261,2.599319313577283,0.009710265133279751,0.15556407494755234,-844.5899887522696,844.5899887522696,0.2203223704842235,1408.6868914550619,2943.453511947398,17.916666666666668,False,"SOC floor violated (min 0.010, unmet 845 Wh); did not refill (end SOC 0.156)"
5.5,0.36,1.3,0.34,0.4,0.0,0.144,0.4282951994852384,2,mixed,16+16+12,3,44,19x10E,9.852288732923274,1.4785117630888114,20.459762820421293,0.31231632328595216,9.779229146686568,11.735074976023881,11.929602980399935,86.43662383279235,89.54469164111485,3.2349725016667144,0.00697695166397223,0.10438475894772145,-845.844322856501,263.51580920392644,0.09152272409375328,968.4722378753551,1973.3863844876564,17.916666666666668,False,"SOC floor violated (min 0.007, unmet 264 Wh); did not refill (end SOC 0.104)"
4.5,0.45,1.6,0.28,1.0,1.0,0.45,2.25,2,mixed,24+24+16+8,4,72,19x10E,11.528124120614665,2.025,10.0,0.2769230769230769,9.038893250069156,11.051800105211191,11.231601379864816,130.43752742189923,134.39683185920498,2.561759149944616,0.004920049145984293,0.24213323543438,-847.0077075961065,847.0077075961065,0.17751821148318925,1584.7727528869445,3037.885847150285,17.083333333333336,False,"SOC floor violated (min 0.005, unmet 847 Wh); did not refill (end SOC 0.242)"
4.5,0.45,1.6,0.34,1.0,1.0,0.45,2.25,2,mixed,24+24+16+8,4,72,19x10E,11.528124120614665,2.025,10.0,0.2769230769230769,9.038893250069156,11.051800105211191,11.231601379864816,130.43752742189923,134.39683185920498,2.561759149944616,0.004920049145984293,0.24213323543438,-847.0077075961065,847.0077075961065,0.17751821148318925,1584.7727528869445,3037.885847150285,17.083333333333336,False,"SOC floor violated (min 0.005, unmet 847 Wh); did not refill (end SOC 0.242)"
4.5,0.4,1.6,0.28,0.4,0.5,0.16000000000000003,1.351156728492692,2,mixed,21+21+12,3,54,19x10E,10.362924616214574,1.5842776148382463,12.781850737736715,0.2919905088944189,9.688888895890322,11.626666675068387,11.819397635072267,109.30677369105375,113.07078795955572,2.968969474852675,0.0014004372902428116,0.10237189169716848,-847.7887526205352,594.6679039585465,0.11493436440582863,1188.5795646652082,2525.6329863406004,18.083333333333332,False,"SOC floor violated (min 0.001, unmet 595 Wh); did not refill (end SOC 0.102)"
4.5,0.4,1.6,0.34,0.4,0.5,0.16000000000000003,1.351156728492692,2,mixed,21+21+12,3,54,19x10E,10.362924616214574,1.5842776148382463,12.781850737736715,0.2919905088944189,9.688888895890322,11.626666675068387,11.819397635072267,109.30677369105375,113.07078795955572,2.968969474852675,0.0014004372902428116,0.10237189169716848,-847.7887526205352,594.6679039585465,0.11493436440582863,1188.5795646652082,2525.6329863406004,18.083333333333332,False,"SOC floor violated (min 0.001, unmet 595 Wh); did not refill (end SOC 0.102)"
5.0,0.36,1.3,0.34,0.6,0.5,0.216,1.4956291289888761,2,mixed,23+23,2,46,19x10E,10.130282207877798,1.6553705945743977,15.10235839753309,0.3003128143040936,9.371553809268068,11.24586457112168,11.432283115270161,92.72700042303403,95.51002359569148,3.098486584220366,0.009837871865104804,0.10039868614118218,-849.694869187618,364.5115659550249,0.21862410992119524,1012.4937032333258,2121.914230591032,18.083333333333332,False,"SOC floor violated (min 0.010, unmet 365 Wh); did not refill (end SOC 0.100)"
5.0,0.4,1.6,0.34,0.4,0.0,0.16000000000000003,0.41037840318928526,2,mixed,18+18+12,3,48,19x10E,10.130417184402033,1.4984908167654285,16.68345225762799,0.3046571773818805,9.849973716837464,11.819968460204956,12.015903712519007,95.81405838488425,99.27012623065956,3.104224551187406,0.003334726334306589,0.10023626500349309,-849.8517680066257,399.02611792406026,0.08828007058840844,1056.5151685912963,2200.5618139656963,17.916666666666668,False,"SOC floor violated (min 0.003, unmet 399 Wh); did not refill (end SOC 0.100)"
4.5,0.45,1.6,0.28,0.6,0.0,0.27,0.48284103617450086,2,mixed,20+20+14,3,54,19x10E,10.62118324813528,1.7069113865114103,11.863533256630856,0.2877979013158492,9.44994786258648,11.339937435103776,11.527915390379476,110.98420447938081,114.48693854308742,2.87814638304204,0.001755727913827762,0.09479309310597064,-855.1098720596324,625.5269074543003,0.12455365671466012,1188.579564665208,2563.7616283714433,18.25,False,"SOC floor violated (min 0.002, unmet 626 Wh); did not refill (end SOC 0.095)"
4.5,0.45,1.6,0.34,0.6,0.0,0.27,0.48284103617450086,2,mixed,20+20+14,3,54,19x10E,10.62118324813528,1.7069113865114103,11.863533256630856,0.2877979013158492,9.44994786258648,11.339937435103776,11.527915390379476,110.98420447938081,114.48693854308742,2.87814638304204,0.001755727913827762,0.09479309310597064,-855.1098720596324,625.5269074543003,0.12455365671466012,1188.579564665208,2563.7616283714433,18.25,False,"SOC floor violated (min 0.002, unmet 626 Wh); did not refill (end SOC 0.095)"
5.5,0.4,1.6,0.34,0.6,0.0,0.24,0.4695058333139368,2,mixed,22+22,2,44,19x10E,10.654359182473048,1.8351209333302299,16.48392727181458,0.30415489281634567,9.128087016806075,10.95370442016729,11.135279933381629,88.69204784394984,91.1975079071006,2.949427785431132,0.00702655213950501,0.09454805191933671,-855.3465818459207,304.2710562045818,0.23576970834417563,968.472237875355,2023.4331202951034,18.083333333333332,False,"SOC floor violated (min 0.007, unmet 304 Wh); did not refill (end SOC 0.095)"
5.0,0.4,1.6,0.34,0.4,0.5,0.16000000000000003,1.488014053641119,2,mixed,24+24,2,48,19x10E,10.545506380916665,1.7571233728738687,14.22780004292537,0.2974950450588775,9.280706551132795,11.136847861359353,11.321459275767545,97.27973057013799,100.14978480601167,2.950400024195249,0.0019934964636274134,0.09375873520061699,-856.1090617962041,424.01418292145445,0.14693759120999417,1056.5151685912958,2231.694687912229,18.083333333333332,False,"SOC floor violated (min 0.002, unmet 424 Wh); did not refill (end SOC 0.094)"
4.0,0.36,1.6,0.28,0.4,0.5,0.144,1.1916324633003623,2,mixed,17+17+10,3,44,19x12E,9.639490668456137,1.2653926120728782,12.644296993160022,0.2914012812083851,10.455934298547596,12.547121158257115,12.7551101523255,89.86249770907936,92.21235618147584,4.422189124729112,0.007044549691527645,0.0888905139975047,-860.8117634784104,325.4692175735909,0.08693330374542185,968.472237875355,2050.2116312341873,18.25,False,"SOC floor violated (min 0.007, unmet 325 Wh); did not refill (end SOC 0.089)"
4.0,0.36,1.6,0.34,0.4,0.5,0.144,1.1916324633003623,2,mixed,17+17+10,3,44,19x12E,9.639490668456137,1.2653926120728782,12.644296993160022,0.2914012812083851,10.455934298547596,12.547121158257115,12.7551101523255,89.86249770907936,92.21235618147584,4.422189124729112,0.007044549691527645,0.0888905139975047,-860.8117634784104,325.4692175735909,0.08693330374542185,968.472237875355,2050.2116312341873,18.25,False,"SOC floor violated (min 0.007, unmet 325 Wh); did not refill (end SOC 0.089)"
4.0,0.36,1.6,0.28,0.6,0.0,0.216,0.36122152190996115,2,mixed,13+13+10,3,36,22x12E,9.504311990761574,1.2040158991550345,13.288861061742315,0.29405700436348403,10.643701353560019,12.772441624272021,12.984165672499715,71.58776152132148,73.40811529669216,7.331832891943953,0.009107889974063792,0.08781679389245355,-861.8489770998898,58.83607040825139,0.21610917300095048,792.3863764434723,1609.1800953118875,17.916666666666668,False,"SOC floor violated (min 0.009, unmet 59 Wh); did not refill (end SOC 0.088)"
4.0,0.36,1.6,0.34,0.6,0.0,0.216,0.36122152190996115,2,mixed,13+13+10,3,36,22x12E,9.504311990761574,1.2040158991550345,13.288861061742315,0.29405700436348403,10.643701353560019,12.772441624272021,12.984165672499715,71.58776152132148,73.40811529669216,7.331832891943953,0.009107889974063792,0.08781679389245355,-861.8489770998898,58.83607040825139,0.21610917300095048,792.3863764434723,1609.1800953118875,17.916666666666668,False,"SOC floor violated (min 0.009, unmet 59 Wh); did not refill (end SOC 0.088)"
5.0,0.36,1.6,0.28,0.6,0.5,0.216,1.4709668198479715,2,mixed,23+23,2,46,19x10E,10.300217035868082,1.651819222058108,15.134828113242857,0.3004111600045448,9.459983509539924,11.35198021144791,11.540157795379939,94.72982881846843,97.67137437895833,3.0425994466280115,0.008608129222421159,0.08708721301968811,-862.5537522229812,400.1035169901991,0.09397928244562337,1012.4937032333257,2170.429778616056,18.25,False,"SOC floor violated (min 0.009, unmet 400 Wh); did not refill (end SOC 0.087)"
5.0,0.36,1.6,0.34,0.6,0.5,0.216,1.4709668198479715,2,mixed,23+23,2,46,19x10E,10.300217035868082,1.651819222058108,15.134828113242857,0.3004111600045448,9.459983509539924,11.35198021144791,11.540157795379939,94.72982881846843,97.67137437895833,3.0425994466280115,0.008608129222421159,0.08708721301968811,-862.5537522229812,400.1035169901991,0.09397928244562337,1012.4937032333257,2170.429778616056,18.25,False,"SOC floor violated (min 0.009, unmet 400 Wh); did not refill (end SOC 0.087)"
6.0,0.36,1.3,0.34,0.6,0.0,0.216,0.48869414444094267,2,mixed,20+20,2,40,19x10E,10.357205229090756,1.7983719567994956,20.018105744969485,0.3115697700615481,9.091383530671033,10.909660236805239,11.090505645856522,80.92988011762527,83.27056149656022,3.0684067448604737,0.009472899549968262,0.08700900819943637,-862.6292980793445,197.3447708067112,0.15371341074991204,880.4293071594136,1836.1661543150353,18.083333333333332,False,"SOC floor violated (min 0.009, unmet 197 Wh); did not refill (end SOC 0.087)"
4.0,0.4,1.6,0.28,0.4,0.0,0.16000000000000003,0.37011659834047966,2,mixed,13+13+10,3,36,22x12E,9.528640855285374,1.208827983601715,13.23596096139985,0.29384878917107965,10.63608197359374,12.763298368312487,12.974870852162539,71.45473722533775,73.26865718860122,7.312996121993521,0.007016798852344836,0.08653006984211348,-863.0919525325185,54.38520228156143,0.23935219101610627,792.3863764434723,1605.948373184627,17.916666666666668,False,"SOC floor violated (min 0.007, unmet 54 Wh); did not refill (end SOC 0.087)"
4.0,0.4,1.6,0.34,0.4,0.0,0.16000000000000003,0.37011659834047966,2,mixed,13+13+10,3,36,22x12E,9.528640855285374,1.208827983601715,13.23596096139985,0.29384878917107965,10.63608197359374,12.763298368312487,12.974870852162539,71.45473722533775,73.26865718860122,7.312996121993521,0.007016798852344836,0.08653006984211348,-863.0919525325185,54.38520228156143,0.23935219101610627,792.3863764434723,1605.948373184627,17.916666666666668,False,"SOC floor violated (min 0.007, unmet 54 Wh); did not refill (end SOC 0.087)"
4.0,0.36,1.3,0.28,0.4,0.5,0.144,1.2132812680256477,2,mixed,17+17+12,3,46,18x12E,9.452605642747987,1.2700687538935398,12.597743193783947,0.29119894814883723,10.335002911215938,12.402003493459125,12.60758692558687,95.05926727397873,97.52458298709506,3.7004445551378664,0.004699878858199103,0.08397451887602461,-865.5606147657602,401.9051459244428,0.10621189843422958,1012.4937032333257,2175.187093973721,18.416666666666668,False,"SOC floor violated (min 0.005, unmet 402 Wh); did not refill (end SOC 0.084)"
4.0,0.36,1.3,0.34,0.4,0.5,0.144,1.2132812680256477,2,mixed,17+17+12,3,46,18x12E,9.452605642747987,1.2700687538935398,12.597743193783947,0.29119894814883723,10.335002911215938,12.402003493459125,12.60758692558687,95.05926727397873,97.52458298709506,3.7004445551378664,0.004699878858199103,0.08397451887602461,-865.5606147657602,401.9051459244428,0.10621189843422958,1012.4937032333257,2175.187093973721,18.416666666666668,False,"SOC floor violated (min 0.005, unmet 402 Wh); did not refill (end SOC 0.084)"
4.0,0.52,1.3,0.28,0.4,0.0,0.20800000000000002,0.5526617076998015,2,mixed,24+17+17+8,4,66,19x10E,10.538848927108335,1.6284304528023381,9.825411931142575,0.2756929130998988,9.637412123581651,11.56489454829798,11.756601534567459,129.047446136977,133.52295832809776,2.833563477798033,0.008348328489035377,0.15907808508795906,-865.743926954104,865.743926954104,0.2363442775891187,1452.708356813033,3005.1106584819545,17.75,False,"SOC floor violated (min 0.008, unmet 866 Wh); did not refill (end SOC 0.159)"
4.0,0.52,1.3,0.34,0.4,0.0,0.20800000000000002,0.5526617076998015,2,mixed,24+17+17+8,4,66,19x10E,10.538848927108335,1.6284304528023381,9.825411931142575,0.2756929130998988,9.637412123581651,11.56489454829798,11.756601534567459,129.047446136977,133.52295832809776,2.833563477798033,0.008348328489035377,0.15907808508795906,-865.743926954104,865.743926954104,0.2363442775891187,1452.708356813033,3005.1106584819545,17.75,False,"SOC floor violated (min 0.008, unmet 866 Wh); did not refill (end SOC 0.159)"
5.5,0.45,1.3,0.28,0.6,0.5,0.27,1.6982717773707128,2,mixed,28+28+18+9,4,83,17x12E,11.950818760142443,2.285688919926728,13.23452187053071,0.2938431016418549,8.662409648763676,10.394891578516411,10.567203857611824,135.03250304808864,136.7969709941589,2.142448611751132,0.005265481902569261,0.4114608759894132,-865.8041595805985,865.8041595805985,0.15730756385260491,1826.8908123557824,3134.307660740662,16.333333333333336,False,"SOC floor violated (min 0.005, unmet 866 Wh); did not refill (end SOC 0.411)"
5.5,0.45,1.3,0.34,0.6,0.5,0.27,1.6982717773707128,2,mixed,28+28+18+9,4,83,17x12E,11.950818760142443,2.285688919926728,13.23452187053071,0.2938431016418549,8.662409648763676,10.394891578516411,10.567203857611824,135.03250304808864,136.7969709941589,2.142448611751132,0.005265481902569261,0.4114608759894132,-865.8041595805985,865.8041595805985,0.15730756385260491,1826.8908123557824,3134.307660740662,16.333333333333336,False,"SOC floor violated (min 0.005, unmet 866 Wh); did not refill (end SOC 0.411)"
4.5,0.36,1.6,0.28,0.4,0.5,0.144,1.3279157997136048,2,mixed,20+20+12,3,52,19x10E,10.00511736704795,1.4208298127381387,14.252234728222238,0.2975784679405764,10.052834029033056,12.063400834839667,12.263371375733891,107.6970954174189,111.98175572331873,3.092730714127983,0.0016170055225115908,0.08183084082769226,-867.6314077604493,581.7367634326703,0.09442234642439709,1144.5580993072379,2488.652976726007,18.416666666666668,False,"SOC floor violated (min 0.002, unmet 582 Wh); did not refill (end SOC 0.082)"
4.5,0.36,1.6,0.34,0.4,0.5,0.144,1.3279157997136048,2,mixed,20+20+12,3,52,19x10E,10.00511736704795,1.4208298127381387,14.252234728222238,0.2975784679405764,10.052834029033056,12.063400834839667,12.263371375733891,107.6970954174189,111.98175572331873,3.092730714127983,0.0016170055225115908,0.08183084082769226,-867.6314077604493,581.7367634326703,0.09442234642439709,1144.5580993072379,2488.652976726007,18.416666666666668,False,"SOC floor violated (min 0.002, unmet 582 Wh); did not refill (end SOC 0.082)"
4.5,0.36,1.3,0.28,0.4,0.5,0.144,1.3507978314067701,2,mixed,19+19+12,3,50,19x10E,9.810848652956233,1.4257723315838622,14.202828566258315,0.2974094929373038,9.937488659042565,11.924986390851076,12.12266248662067,104.17397173340512,108.10538788235958,3.167956824753687,0.00589257317901138,0.08062693125842495,-868.7943844043615,538.016394626489,0.22061535224173193,1100.5366339492664,2402.125728433381,18.416666666666668,False,"SOC floor violated (min 0.006, unmet 538 Wh); did not refill (end SOC 0.081)"
4.5,0.36,1.3,0.34,0.4,0.5,0.144,1.3507978314067701,2,mixed,19+19+12,3,50,19x10E,9.810848652956233,1.4257723315838622,14.202828566258315,0.2974094929373038,9.937488659042565,11.924986390851076,12.12266248662067,104.17397173340512,108.10538788235958,3.167956824753687,0.00589257317901138,0.08062693125842495,-868.7943844043615,538.016394626489,0.22061535224173193,1100.5366339492664,2402.125728433381,18.416666666666668,False,"SOC floor violated (min 0.006, unmet 538 Wh); did not refill (end SOC 0.081)"
4.5,0.45,1.3,0.28,0.4,0.0,0.18000000000000002,0.4968104820660935,2,mixed,18+18+14,3,50,19x10E,10.099855215870932,1.5516388301578454,13.050717477816667,0.29310636478092833,9.665196848507446,11.598236218208934,11.790495897028189,104.87434317747437,108.43786986079049,3.065379754582794,0.006985926571368947,0.08003105751930287,-869.3699984363534,551.5614118447729,0.16520168916991432,1100.5366339492664,2416.286672460673,18.583333333333336,False,"SOC floor violated (min 0.007, unmet 552 Wh); did not refill (end SOC 0.080)"
4.5,0.45,1.3,0.34,0.4,0.0,0.18000000000000002,0.4968104820660935,2,mixed,18+18+14,3,50,19x10E,10.099855215870932,1.5516388301578454,13.050717477816667,0.29310636478092833,9.665196848507446,11.598236218208934,11.790495897028189,104.87434317747437,108.43786986079049,3.065379754582794,0.006985926571368947,0.08003105751930287,-869.3699984363534,551.5614118447729,0.16520168916991432,1100.5366339492664,2416.286672460673,18.583333333333336,False,"SOC floor violated (min 0.007, unmet 552 Wh); did not refill (end SOC 0.080)"
4.0,0.36,1.3,0.28,1.0,1.0,0.36,2.0,2,mixed,22+22+14+7,4,65,19x10E,10.077505135878809,1.44,11.11111111111111,0.2838461538461538,10.021753520261843,12.026104224314212,12.225456513068561,129.30979377176885,134.50371272379786,2.976847053337138,0.0016502750425046557,0.1323944064984455,-871.7865610492743,871.7865610492743,0.11326119671793813,1430.6976241340474,3015.031390813944,17.916666666666668,False,"SOC floor violated (min 0.002, unmet 872 Wh); did not refill (end SOC 0.132)"
6.0,0.36,1.6,0.34,0.6,0.0,0.216,0.4387069082970673,2,mixed,20+20,2,40,19x10E,10.514271751325499,1.7911737947947777,20.09855219220906,0.3117081962539466,9.178446581079308,11.01413589729517,11.19671316078986,82.25001136437493,84.70074546244324,3.022883822292282,0.004666581585103666,0.07416970575106824,-875.0320642444681,216.88529390711204,0.1073808646600156,880.4293071594136,1868.0919938088875,18.25,False,"SOC floor violated (min 0.005, unmet 217 Wh); did not refill (end SOC 0.074)"
4.5,0.36,1.6,0.34,1.0,1.0,0.36,2.25,2,mixed,26+26,2,52,19x10E,10.294359617476012,1.6199999999999999,12.500000000000002,0.2907692307692308,9.54971937610962,11.459663251331543,11.64962585725078,111.27677565342748,114.91329296991975,2.973494472877156,0.008452029327137803,0.07340765334319484,-875.7682068704737,654.8980860940895,0.26109620724351734,1144.5580993072379,2569.734331593836,18.75,False,"SOC floor violated (min 0.008, unmet 655 Wh); did not refill (end SOC 0.073)"
5.0,0.36,1.6,0.34,0.6,0.0,0.216,0.4019128346549774,2,mixed,17+17+12,3,46,19x10E,10.09729894450027,1.4978754481903167,16.690306280274616,0.3046742183578066,9.835879630591124,11.80305555670935,11.998710450067712,95.8027229469449,99.23637435559162,3.1141562117685315,0.003231612900468495,0.07311271062395944,-876.0531215372552,414.8167958007251,0.2397298734255907,1012.493703233326,2198.436571091636,18.416666666666668,False,"SOC floor violated (min 0.003, unmet 415 Wh); did not refill (end SOC 0.073)"
5.0,0.36,1.3,0.34,0.4,0.5,0.144,1.4876369168177235,2,mixed,22+22,2,44,19x10E,9.965403884695112,1.5813295740326283,15.809481091437656,0.3023631810267888,9.510091710147787,11.412110052177344,11.601284386274536,92.34157600958986,95.25255208173026,3.1589321450363723,0.00604364993319286,0.07120833333115817,-877.8927500021011,370.30073961047646,0.17417305243041997,968.472237875355,2111.9656112875905,18.583333333333336,False,"SOC floor violated (min 0.006, unmet 370 Wh); did not refill (end SOC 0.071)"
4.0,0.52,1.3,0.28,0.4,0.0,0.20800000000000002,0.5526617076998015,2,mixed,24+17+17,3,58,19x10E,10.366848927108334,1.6284304528023381,9.825411931142575,0.2756929130998988,9.558444579635873,11.470133495563047,11.66026966285448,125.1204734752553,129.31018468782037,2.8930998716989063,0.0016066069411475835,0.06865954941366725,-880.3548752663975,853.1248499214786,0.11079438713398085,1276.6224953811488,2904.1890620699983,18.916666666666664,False,"SOC floor violated (min 0.002, unmet 853 Wh); did not refill (end SOC 0.069)"
4.0,0.52,1.3,0.34,0.4,0.0,0.20800000000000002,0.5526617076998015,2,mixed,24+17+17,3,58,19x10E,10.366848927108334,1.6284304528023381,9.825411931142575,0.2756929130998988,9.558444579635873,11.470133495563047,11.66026966285448,125.1204734752553,129.31018468782037,2.8930998716989063,0.0016066069411475835,0.06865954941366725,-880.3548752663975,853.1248499214786,0.11079438713398085,1276.6224953811488,2904.1890620699983,18.916666666666664,False,"SOC floor violated (min 0.002, unmet 853 Wh); did not refill (end SOC 0.069)"
4.0,0.4,1.3,0.28,0.6,0.5,0.24,1.2453047623958522,2,mixed,18+18+14+7,4,57,19x10E,10.109039572727461,1.4792487619833365,10.81630109228392,0.2821478901064903,9.903365104163038,11.884038124995646,12.081035436483434,123.15581940680859,127.84293630338767,2.9903596925382603,0.006045950929123963,0.06820337247613507,-880.7955421880536,830.0462208857355,0.2044330092346603,1254.6117627021645,2859.5658433210133,18.916666666666664,False,"SOC floor violated (min 0.006, unmet 830 Wh); did not refill (end SOC 0.068)"
4.0,0.36,1.3,0.28,1.0,1.0,0.36,2.0,2,mixed,22+22+14,3,58,19x10E,9.91350513587881,1.44,11.11111111111111,0.2838461538461538,9.939872671487539,11.927847205785046,12.125570724227362,125.08176093944805,129.90882198167657,3.0420653067058248,0.0018532198464623981,0.06590711592569116,-883.0137260157823,852.895047489967,0.2375150288145633,1276.6224953811488,2906.499822844755,18.916666666666664,False,"SOC floor violated (min 0.002, unmet 853 Wh); did not refill (end SOC 0.066)"
4.0,0.36,1.3,0.34,1.0,1.0,0.36,2.0,2,mixed,22+22+14,3,58,19x10E,9.91350513587881,1.44,11.11111111111111,0.2838461538461538,9.939872671487539,11.927847205785046,12.125570724227362,125.08176093944805,129.90882198167657,3.0420653067058248,0.0018532198464623981,0.06590711592569116,-883.0137260157823,852.895047489967,0.2375150288145633,1276.6224953811488,2906.499822844755,18.916666666666664,False,"SOC floor violated (min 0.002, unmet 853 Wh); did not refill (end SOC 0.066)"
5.5,0.36,1.6,0.34,0.4,0.0,0.144,0.3835149184829639,2,mixed,16+16+10,3,42,19x10E,10.004663221014068,1.4688392223923201,20.594493623836772,0.3125376910323436,9.886954959979512,11.864345951975414,12.061016833582928,88.50157215540816,91.8287753274378,3.1780191126728727,0.008220373896720243,0.06568731960878126,-883.2260492579172,318.9328009252552,0.198328860653375,924.4507725173844,2022.0600822449585,18.583333333333336,False,"SOC floor violated (min 0.008, unmet 319 Wh); did not refill (end SOC 0.066)"
5.0,0.36,1.3,0.34,0.6,0.0,0.216,0.4478819785745004,2,mixed,16+16+12,3,44,19x10E,9.908535111563689,1.504495004914728,16.61687138763013,0.3044909075562075,9.722048885463613,11.666458662556336,11.85984923964251,93.02316275313714,96.20091347106361,3.1831154564762385,0.0050118863121174605,0.06521589280284261,-883.6814475524541,382.372463473087,0.2078832056947727,968.472237875355,2129.7687224640563,18.583333333333336,False,"SOC floor violated (min 0.005, unmet 382 Wh); did not refill (end SOC 0.065)"
4.0,0.4,1.3,0.28,0.4,0.5,0.16000000000000003,1.2378385233258826,2,mixed,18+18+14+7,4,57,19x10E,9.983230973808956,1.417081245598212,11.290813458790572,0.2848378307193081,10.055105545973284,12.06612665516794,12.266142380979161,123.37569182503039,128.37634811056876,3.0309925684456047,0.003604660238086135,0.06332652285294922,-885.506578924051,832.1401029000081,0.11553104137114663,1254.6117627021645,2866.4366065855297,18.916666666666664,False,"SOC floor violated (min 0.004, unmet 832 Wh); did not refill (end SOC 0.063)"
4.5,0.4,1.3,0.28,0.4,0.0,0.16000000000000003,0.4370924833503401,3,mixed,16+16+12,3,44,22x12E,10.982697613360958,1.3649021960040817,14.836227869868152,0.2994905232135357,10.746132625022694,12.895359150027232,13.10912075668867,77.74955894415027,79.84455323572438,6.317302973028335,0.2612899896685415,0.36862720696224643,-885.8791771117048,0.0,0.205541762441135,968.4722378753551,1760.8289575582594,16.916666666666668,False,did not refill (end SOC 0.369)
4.5,0.4,1.3,0.34,0.4,0.0,0.16000000000000003,0.4370924833503401,3,mixed,16+16+12,3,44,22x12E,10.982697613360958,1.3649021960040817,14.836227869868152,0.2994905232135357,10.746132625022694,12.895359150027232,13.10912075668867,77.74955894415027,79.84455323572438,6.317302973028335,0.2612899896685415,0.36862720696224643,-885.8791771117048,0.0,0.205541762441135,968.4722378753551,1760.8289575582594,16.916666666666668,False,did not refill (end SOC 0.369)
4.5,0.36,1.3,0.34,0.4,0.0,0.144,0.3901586067935855,2,mixed,12+12+12,3,36,19x12E,9.271618604868134,1.2182742590674143,16.621872989010964,0.30450344413444735,10.450900052238506,12.541080062686207,12.748968915744157,75.8438316704704,77.78691077436169,4.6867860570818225,0.006931500977340388,0.06100346322435015,-887.7506545252778,134.66060607062758,0.1670044704369135,792.3863764434724,1710.7769719040348,18.583333333333336,False,"SOC floor violated (min 0.007, unmet 135 Wh); did not refill (end SOC 0.061)"
4.0,0.45,1.3,0.28,0.4,0.5,0.18000000000000002,1.2687815315068947,2,mixed,18+18+16+8,4,60,19x10E,10.41335215466616,1.6025710135068616,9.983956944901708,0.2768118311463376,9.656841102146997,11.588209322576395,11.78030278924946,127.77168951127543,132.224088917683,2.8740355866935046,0.006302875655265971,0.08326691473254581,-889.0111919938174,889.0111919938174,0.11925636685188104,1320.6439607391198,2969.8956451542476,18.75,False,"SOC floor violated (min 0.006, unmet 889 Wh); did not refill (end SOC 0.083)"
4.0,0.45,1.3,0.34,0.4,0.5,0.18000000000000002,1.2687815315068947,2,mixed,18+18+16+8,4,60,19x10E,10.41335215466616,1.6025710135068616,9.983956944901708,0.2768118311463376,9.656841102146997,11.588209322576395,11.78030278924946,127.77168951127543,132.224088917683,2.8740355866935046,0.006302875655265971,0.08326691473254581,-889.0111919938174,889.0111919938174,0.11925636685188104,1320.6439607391198,2969.8956451542476,18.75,False,"SOC floor violated (min 0.006, unmet 889 Wh); did not refill (end SOC 0.083)"
4.5,0.4,1.3,0.28,0.6,0.0,0.24,0.47579028497746806,2,mixed,17+17+14,3,48,19x10E,9.98831976560701,1.516126445596395,13.356405766033786,0.2943204633984138,9.723597121267575,11.66831654552109,11.861737920047098,104.14040507764766,107.75017412413933,3.105559114592212,0.005712616925903784,0.057638441044030014,-891.001265951467,555.3136107495426,0.15666001212353226,1056.515168591296,2397.7193811831994,18.916666666666664,False,"SOC floor violated (min 0.006, unmet 555 Wh); did not refill (end SOC 0.058)"
4.5,0.4,1.3,0.34,0.6,0.0,0.24,0.47579028497746806,2,mixed,17+17+14,3,48,19x10E,9.98831976560701,1.516126445596395,13.356405766033786,0.2943204633984138,9.723597121267575,11.66831654552109,11.861737920047098,104.14040507764766,107.75017412413933,3.105559114592212,0.005712616925903784,0.057638441044030014,-891.001265951467,555.3136107495426,0.15666001212353226,1056.515168591296,2397.7193811831994,18.916666666666664,False,"SOC floor violated (min 0.006, unmet 555 Wh); did not refill (end SOC 0.058)"
4.0,0.45,1.3,0.28,0.6,0.5,0.27,1.2768340838119103,2,mixed,19+19+16+8,4,62,19x10E,10.56702524082027,1.669830135086144,9.581812942413203,0.27390158069338805,9.529907262629226,11.435888715155071,11.625457219367517,129.02597635558578,133.31660560960967,2.820550284149898,0.0030438218181870966,0.09971712324187809,-891.6975980717561,891.6975980717561,0.1292557514195683,1364.6654260970913,3000.579445869024,18.416666666666668,False,"SOC floor violated (min 0.003, unmet 892 Wh); did not refill (end SOC 0.100)"
4.0,0.45,1.3,0.34,0.6,0.5,0.27,1.2768340838119103,2,mixed,19+19+16+8,4,62,19x10E,10.56702524082027,1.669830135086144,9.581812942413203,0.27390158069338805,9.529907262629226,11.435888715155071,11.625457219367517,129.02597635558578,133.31660560960967,2.820550284149898,0.0030438218181870966,0.09971712324187809,-891.6975980717561,891.6975980717561,0.1292557514195683,1364.6654260970913,3000.579445869024,18.416666666666668,False,"SOC floor violated (min 0.003, unmet 892 Wh); did not refill (end SOC 0.100)"
5.0,0.36,1.6,0.34,0.4,0.5,0.144,1.463588302802556,2,mixed,22+22,2,44,19x10E,10.135732125654977,1.5761350734053523,15.861584721914548,0.3025070287364671,9.606812061243282,11.528174473491939,11.71927276464126,94.4915166107239,97.58713389425328,3.1001176831216126,0.002216605296886824,0.0555137109234651,-893.0537552479327,407.2951279205344,0.16212604771662834,968.472237875355,2164.048389395913,18.75,False,"SOC floor violated (min 0.002, unmet 407 Wh); did not refill (end SOC 0.056)"
4.5,0.4,1.6,0.28,0.6,0.0,0.24,0.426630507363234,2,mixed,18+18+12,3,48,19x10E,10.15543335533065,1.5082608811781175,13.426059279733174,0.2945893715836541,9.830134179494943,11.796161015393931,11.991701620486907,106.96166172200425,110.83763275811192,3.0454720083022435,0.008995153335779259,0.046965283513120064,-901.311536126326,612.5374870925607,0.18473362721759537,1056.515168591296,2465.1677461632603,19.333333333333336,False,"SOC floor violated (min 0.009, unmet 613 Wh); did not refill (end SOC 0.047)"
4.5,0.4,1.6,0.34,0.6,0.0,0.24,0.426630507363234,2,mixed,18+18+12,3,48,19x10E,10.15543335533065,1.5082608811781175,13.426059279733174,0.2945893715836541,9.830134179494943,11.796161015393931,11.991701620486907,106.96166172200425,110.83763275811192,3.0454720083022435,0.008995153335779259,0.046965283513120064,-901.311536126326,612.5374870925607,0.18473362721759537,1056.515168591296,2465.1677461632603,19.333333333333336,False,"SOC floor violated (min 0.009, unmet 613 Wh); did not refill (end SOC 0.047)"
4.0,0.36,1.6,0.28,0.6,0.5,0.216,1.1980636454752494,2,mixed,18+18+12,3,48,17x12E,9.754201786920113,1.3245211649484359,12.079837169399166,0.2888428342089619,10.280514877055465,12.336617852466558,12.541117410969033,107.87686356145248,110.7114625259226,2.819918275712385,0.007554621682464544,0.04604647710903529,-902.1991031126719,628.581081299848,0.20576199924914934,1056.515168591296,2482.0366373953434,19.416666666666668,False,"SOC floor violated (min 0.008, unmet 629 Wh); did not refill (end SOC 0.046)"
4.0,0.36,1.6,0.34,0.6,0.5,0.216,1.1980636454752494,2,mixed,18+18+12,3,48,17x12E,9.754201786920113,1.3245211649484359,12.079837169399166,0.2888428342089619,10.280514877055465,12.336617852466558,12.541117410969033,107.87686356145248,110.7114625259226,2.819918275712385,0.007554621682464544,0.04604647710903529,-902.1991031126719,628.581081299848,0.20576199924914934,1056.515168591296,2482.0366373953434,19.416666666666668,False,"SOC floor violated (min 0.008, unmet 629 Wh); did not refill (end SOC 0.046)"
4.5,0.45,1.6,0.28,0.4,0.0,0.18000000000000002,0.4437516691652656,2,mixed,18+18+12,3,48,19x10E,10.233665485153631,1.5373129506746217,13.172334228442985,0.2935961384384745,9.774238112257304,11.729085734708764,11.92351445764323,107.06332348331034,110.8610053235706,3.0200414525505814,0.00778431674147523,0.04565929106568917,-902.5731248305442,613.358204503032,0.18083819964115003,1056.515168591296,2467.2422788539784,19.333333333333336,False,"SOC floor violated (min 0.008, unmet 613 Wh); did not refill (end SOC 0.046)"
4.5,0.45,1.6,0.34,0.4,0.0,0.18000000000000002,0.4437516691652656,2,mixed,18+18+12,3,48,19x10E,10.233665485153631,1.5373129506746217,13.172334228442985,0.2935961384384745,9.774238112257304,11.729085734708764,11.92351445764323,107.06332348331034,110.8610053235706,3.0200414525505814,0.00778431674147523,0.04565929106568917,-902.5731248305442,613.358204503032,0.18083819964115003,1056.515168591296,2467.2422788539784,19.333333333333336,False,"SOC floor violated (min 0.008, unmet 613 Wh); did not refill (end SOC 0.046)"
4.0,0.36,1.6,0.28,0.4,0.0,0.144,0.33049322809804865,2,mixed,11+11+10,3,32,22x12E,9.22720049850111,1.0793865372691784,14.823234724123584,0.2994496209835451,11.07630559802819,13.291566717633827,13.511896110832858,69.89936941455642,71.88425141910828,7.618717850010095,0.008581468229223857,0.04282930176403878,-905.3068944959385,61.46917513878899,0.23735058622896332,704.3434457275307,1567.3438691384067,19.083333333333332,False,"SOC floor violated (min 0.009, unmet 61 Wh); did not refill (end SOC 0.043)"
4.0,0.36,1.6,0.34,0.4,0.0,0.144,0.33049322809804865,2,mixed,11+11+10,3,32,22x12E,9.22720049850111,1.0793865372691784,14.823234724123584,0.2994496209835451,11.07630559802819,13.291566717633827,13.511896110832858,69.89936941455642,71.88425141910828,7.618717850010095,0.008581468229223857,0.04282930176403878,-905.3068944959385,61.46917513878899,0.23735058622896332,704.3434457275307,1567.3438691384067,19.083333333333332,False,"SOC floor violated (min 0.009, unmet 61 Wh); did not refill (end SOC 0.043)"
4.0,0.45,1.3,0.28,0.6,0.0,0.27,0.5098574397874889,2,mixed,17+17+14+7,4,55,19x10E,10.217063486705479,1.531774339161748,10.44540281877021,0.2798751487862705,9.78394720105678,11.740736641268136,11.935358496978214,124.23899869139848,128.76151999903362,2.9503588585584892,0.005352603093077073,0.041667152488390743,-906.4295306962146,870.8472527938113,0.1093726723581554,1210.5902973441935,2882.087314477917,19.5,False,"SOC floor violated (min 0.005, unmet 871 Wh); did not refill (end SOC 0.042)"
4.0,0.45,1.3,0.34,0.6,0.0,0.27,0.5098574397874889,2,mixed,17+17+14+7,4,55,19x10E,10.217063486705479,1.531774339161748,10.44540281877021,0.2798751487862705,9.78394720105678,11.740736641268136,11.935358496978214,124.23899869139848,128.76151999903362,2.9503588585584892,0.005352603093077073,0.041667152488390743,-906.4295306962146,870.8472527938113,0.1093726723581554,1210.5902973441935,2882.087314477917,19.5,False,"SOC floor violated (min 0.005, unmet 871 Wh); did not refill (end SOC 0.042)"
4.0,0.36,1.3,0.28,0.6,0.0,0.216,0.4027487605843451,2,mixed,13+13+12,3,38,19x12E,9.27678723248971,1.2099958215241455,13.223186159309162,0.29379825772251295,10.489512672162713,12.587415206595255,12.79607214022325,85.33940172914194,87.57705892382458,4.627867579033798,0.008890393353258858,0.039654863833171385,-908.3734015371564,297.97439146617273,0.1744808453829343,836.4078418014427,1938.4015703083671,19.416666666666668,False,"SOC floor violated (min 0.009, unmet 298 Wh); did not refill (end SOC 0.040)"
4.0,0.36,1.3,0.34,0.6,0.0,0.216,0.4027487605843451,2,mixed,13+13+12,3,38,19x12E,9.27678723248971,1.2099958215241455,13.223186159309162,0.29379825772251295,10.489512672162713,12.587415206595255,12.79607214022325,85.33940172914194,87.57705892382458,4.627867579033798,0.008890393353258858,0.039654863833171385,-908.3734015371564,297.97439146617273,0.1744808453829343,836.4078418014427,1938.4015703083671,19.416666666666668,False,"SOC floor violated (min 0.009, unmet 298 Wh); did not refill (end SOC 0.040)"
4.0,0.4,1.3,0.28,0.4,0.0,0.16000000000000003,0.41415633173434313,2,mixed,13+13+12,3,38,19x12E,9.312236395106613,1.2193975196162425,13.121233840983514,0.2933914534781433,10.468941951405975,12.56273034168717,12.770978083425154,85.35292096023214,87.57944666300187,4.607541121228087,0.008698091002688552,0.039452670969678916,-908.5687198432901,298.0536516040614,0.17408288885338524,836.4078418014427,1938.6750125166031,19.416666666666668,False,"SOC floor violated (min 0.009, unmet 298 Wh); did not refill (end SOC 0.039)"
4.0,0.4,1.3,0.34,0.4,0.0,0.16000000000000003,0.41415633173434313,2,mixed,13+13+12,3,38,19x12E,9.312236395106613,1.2193975196162425,13.121233840983514,0.2933914534781433,10.468941951405975,12.56273034168717,12.770978083425154,85.35292096023214,87.57944666300187,4.607541121228087,0.008698091002688552,0.039452670969678916,-908.5687198432901,298.0536516040614,0.17408288885338524,836.4078418014427,1938.6750125166031,19.416666666666668,False,"SOC floor violated (min 0.009, unmet 298 Wh); did not refill (end SOC 0.039)"
5.5,0.4,1.3,0.34,0.4,0.0,0.16000000000000003,0.4794418001213123,2,mixed,19+19,2,38,19x10E,10.071847570876676,1.655066032029115,18.277216385689112,0.3082756661455511,9.345345430294886,11.214414516353862,11.400311724558263,84.52961144851054,87.0167819747242,3.1551466342003835,0.005603885184241927,0.038859433076204125,-909.1417876483869,279.27623097340523,0.13026469878562943,836.4078418014427,1920.5247347637683,19.25,False,"SOC floor violated (min 0.006, unmet 279 Wh); did not refill (end SOC 0.039)"
4.0,0.4,1.3,0.28,1.0,1.0,0.4,2.0,2,mixed,22+22+16,3,60,19x10E,10.277787841241597,1.6,10.0,0.2769230769230769,9.601482223914417,11.5217786686973,11.71277093895237,129.00362154291275,133.40057776596612,2.9039248713586825,0.005126558514892984,0.076236160313781,-911.2166776384091,911.2166776384091,0.16654541337376588,1320.64396073912,2998.804524182346,18.833333333333332,False,"SOC floor violated (min 0.005, unmet 911 Wh); did not refill (end SOC 0.076)"
4.0,0.4,1.3,0.34,1.0,1.0,0.4,2.0,2,mixed,22+22+16,3,60,19x10E,10.277787841241597,1.6,10.0,0.2769230769230769,9.601482223914417,11.5217786686973,11.71277093895237,129.00362154291275,133.40057776596612,2.9039248713586825,0.005126558514892984,0.076236160313781,-911.2166776384091,911.2166776384091,0.16654541337376588,1320.64396073912,2998.804524182346,18.833333333333332,False,"SOC floor violated (min 0.005, unmet 911 Wh); did not refill (end SOC 0.076)"
4.0,0.45,1.3,0.28,0.4,0.0,0.18000000000000002,0.4710318751196979,2,mixed,15+15+14+7,4,51,16x12E,9.839431202663668,1.3871786062823184,11.534203257993212,0.28613169492047663,10.089444480255791,12.107333376306949,12.308032170717768,88.73621638135653,121.72855978573517,2.217660485152141,0.009441867745485296,0.034091657224791,-913.7474591208519,314.3086586031321,0.1991793872773127,1122.5473666282526,2246.1143208839453,16.833333333333332,False,"SOC floor violated (min 0.009, unmet 314 Wh); did not refill (end SOC 0.034)"
4.0,0.4,1.3,0.28,1.0,1.0,0.4,2.0,2,mixed,22+22+16+8,4,68,19x10E,10.449787841241598,1.6,10.0,0.2769230769230769,9.681489851078048,11.617787821293657,11.810371599817277,133.15561029346205,137.85536567454088,2.842967104932364,0.0,0.15358665299381175,-915.8988042666887,915.8988042666887,0.19579670971542382,1496.7298221710028,3105.1081181748114,17.75,False,"SOC floor violated (min 0.000, unmet 916 Wh); did not refill (end SOC 0.154)"
4.0,0.4,1.3,0.34,1.0,1.0,0.4,2.0,2,mixed,22+22+16+8,4,68,19x10E,10.449787841241598,1.6,10.0,0.2769230769230769,9.681489851078048,11.617787821293657,11.810371599817277,133.15561029346205,137.85536567454088,2.842967104932364,0.0,0.15358665299381175,-915.8988042666887,915.8988042666887,0.19579670971542382,1496.7298221710028,3105.1081181748114,17.75,False,"SOC floor violated (min 0.000, unmet 916 Wh); did not refill (end SOC 0.154)"
4.0,0.52,1.3,0.28,0.6,0.0,0.312,0.5950012625750547,2,mixed,27+19+19,3,65,19x10E,10.7557069148659,1.7877602626156115,8.949745854956493,0.2687988347906706,9.292087465635657,11.150504958762788,11.54047096695958,131.8741009327514,137.48817552341367,2.750512045328992,0.0,0.11370093607997375,-916.1675223488854,916.1675223488854,0.19958321391528952,1430.6976241340474,3078.195030380769,18.083333333333332,False,"SOC floor violated (min 0.000, unmet 916 Wh); did not refill (end SOC 0.114)"
4.0,0.52,1.3,0.34,0.6,0.0,0.312,0.5950012625750547,2,mixed,27+19+19,3,65,19x10E,10.7557069148659,1.7877602626156115,8.949745854956493,0.2687988347906706,9.292087465635657,11.150504958762788,11.54047096695958,131.8741009327514,137.48817552341367,2.750512045328992,0.0,0.11370093607997375,-916.1675223488854,916.1675223488854,0.19958321391528952,1430.6976241340474,3078.195030380769,18.083333333333332,False,"SOC floor violated (min 0.000, unmet 916 Wh); did not refill (end SOC 0.114)"
6.0,0.36,1.6,0.34,0.4,0.0,0.144,0.3995382367315819,2,mixed,18+18,2,36,19x10E,10.101369585447523,1.5983002591340216,22.523928025579647,0.3154173027089611,9.523780884219825,11.428537061063789,11.617983699621165,81.2528066469681,83.89847565320066,3.170558817934284,0.006214448128460429,0.03147406186889415,-916.2760562346483,237.47531495640195,0.13522138263192574,792.3863764434724,1841.972870055291,19.5,False,"SOC floor violated (min 0.006, unmet 237 Wh); did not refill (end SOC 0.031)"
4.0,0.36,1.6,0.28,1.0,1.0,0.36,2.0,2,mixed,24+24+12,3,60,19x10E,10.115530125581612,1.44,11.11111111111111,0.2838461538461538,10.040643030646635,12.048771636775962,12.248499674856122,129.57421598149557,134.8154345893176,2.9650375218285285,0.0,0.06431111493087928,-916.4191428963524,916.4191428963524,0.17453885946384182,1320.6439607391196,3016.424044812322,18.916666666666664,False,"SOC floor violated (min 0.000, unmet 916 Wh); did not refill (end SOC 0.064)"
4.0,0.36,1.6,0.34,1.0,1.0,0.36,2.0,2,mixed,24+24+12,3,60,19x10E,10.115530125581612,1.44,11.11111111111111,0.2838461538461538,10.040643030646635,12.048771636775962,12.248499674856122,129.57421598149557,134.8154345893176,2.9650375218285285,0.0,0.06431111493087928,-916.4191428963524,916.4191428963524,0.17453885946384182,1320.6439607391196,3016.424044812322,18.916666666666664,False,"SOC floor violated (min 0.000, unmet 916 Wh); did not refill (end SOC 0.064)"
4.0,0.36,1.3,0.28,0.4,0.0,0.144,0.3695019793824801,2,mixed,10+10+10,3,30,22x12E,9.022797030793527,1.0878124275466157,14.708418101166028,0.2990850391926945,10.910434219434505,13.092521063321405,13.309550950212019,67.5796875036985,69.41748969920464,7.792815135527973,0.008201935600983139,0.03122774054281862,-916.5140026356372,36.956947919735896,0.2147966288630201,660.3219803695603,1510.1826099685456,19.5,False,"SOC floor violated (min 0.008, unmet 37 Wh); did not refill (end SOC 0.031)"
4.0,0.36,1.3,0.34,0.4,0.0,0.144,0.3695019793824801,2,mixed,10+10+10,3,30,22x12E,9.022797030793527,1.0878124275466157,14.708418101166028,0.2990850391926945,10.910434219434505,13.092521063321405,13.309550950212019,67.5796875036985,69.41748969920464,7.792815135527973,0.008201935600983139,0.03122774054281862,-916.5140026356372,36.956947919735896,0.2147966288630201,660.3219803695603,1510.1826099685456,19.5,False,"SOC floor violated (min 0.008, unmet 37 Wh); did not refill (end SOC 0.031)"
5.5,0.4,1.6,0.34,0.4,0.0,0.16000000000000003,0.4290000000310116,2,mixed,19+19,2,38,19x10E,10.224481235228565,1.642960000007443,18.411890733714127,0.3085527272725569,9.450517601596774,11.340621121916127,11.52861041041565,86.21581083606472,88.85437239664707,3.1053017919550108,0.0037855257338130837,0.02915420255701197,-918.5170403299264,310.37727296938726,0.2344769417524688,836.4078418014428,1960.8331069581145,19.583333333333332,False,"SOC floor violated (min 0.004, unmet 310 Wh); did not refill (end SOC 0.029)"
4.5,0.4,1.6,0.28,0.4,0.0,0.16000000000000003,0.3908048928230273,2,mixed,16+16+12,3,44,16x12E,9.768845907767297,1.3537931742775267,14.9579717084973,0.29987031882811876,10.176394130487147,12.211672956584575,12.414101349687378,67.86782684691919,105.83555586548357,2.3141089597616453,0.009744476655626288,0.028131819188313253,-919.5046626640894,28.080785524031167,0.16293172523012106,968.4722378753546,1812.569676474573,16.0,False,"SOC floor violated (min 0.010, unmet 28 Wh); did not refill (end SOC 0.028)"
4.5,0.4,1.6,0.34,0.4,0.0,0.16000000000000003,0.3908048928230273,2,mixed,16+16+12,3,44,16x12E,9.768845907767297,1.3537931742775267,14.9579717084973,0.29987031882811876,10.176394130487147,12.211672956584575,12.414101349687378,67.86782684691919,105.83555586548357,2.3141089597616453,0.009744476655626288,0.028131819188313253,-919.5046626640894,28.080785524031167,0.16293172523012106,968.4722378753546,1812.569676474573,16.0,False,"SOC floor violated (min 0.010, unmet 28 Wh); did not refill (end SOC 0.028)"
4.0,0.45,1.3,0.28,0.6,0.5,0.27,1.2768340838119103,2,mixed,19+19+16,3,54,19x10E,10.395025240820269,1.669830135086144,9.581812942413203,0.27390158069338805,9.452029668765304,11.342435602518364,11.53045496899278,125.17880718920648,129.20253745063468,2.8791936631672095,0.0,0.02501780314979356,-922.5128021572995,895.4833428638726,0.158650130474444,1188.579564665208,2900.7216044417714,19.916666666666668,False,"SOC floor violated (min 0.000, unmet 895 Wh); did not refill (end SOC 0.025)"
4.0,0.45,1.3,0.34,0.6,0.5,0.27,1.2768340838119103,2,mixed,19+19+16,3,54,19x10E,10.395025240820269,1.669830135086144,9.581812942413203,0.27390158069338805,9.452029668765304,11.342435602518364,11.53045496899278,125.17880718920648,129.20253745063468,2.8791936631672095,0.0,0.02501780314979356,-922.5128021572995,895.4833428638726,0.158650130474444,1188.579564665208,2900.7216044417714,19.916666666666668,False,"SOC floor violated (min 0.000, unmet 895 Wh); did not refill (end SOC 0.025)"
5.0,0.36,1.6,0.34,0.4,0.0,0.144,0.3667479449487575,2,mixed,15+15+10,3,40,16x12E,9.688488479010372,1.3392175561089317,18.66761668853638,0.3090678215231372,10.189453597077868,12.227344316493442,12.430032487942368,93.66706589489716,96.05600984619458,2.3804978485462023,0.0068412719894528785,0.024075611978099636,-923.4229588291557,438.1747599286997,0.17447505849246286,880.4293071594134,2137.3662786201194,20.083333333333336,False,"SOC floor violated (min 0.007, unmet 438 Wh); did not refill (end SOC 0.024)"
4.5,0.4,1.6,0.28,0.4,0.0,0.16000000000000003,0.3908048928230273,3,mixed,16+16+12,3,44,22x12E,11.151300379739004,1.3537931742775267,14.9579717084973,0.29987031882811876,10.872640949869334,13.0471691398432,13.26344724464577,79.34037502425267,81.56051113683444,6.226028770621845,0.24253658137014483,0.3418755173223401,-924.6423753999292,0.0,0.18232032948361146,968.4722378753551,1799.52494202741,17.083333333333336,False,did not refill (end SOC 0.342)
4.5,0.4,1.6,0.34,0.4,0.0,0.16000000000000003,0.3908048928230273,3,mixed,16+16+12,3,44,22x12E,11.151300379739004,1.3537931742775267,14.9579717084973,0.29987031882811876,10.872640949869334,13.0471691398432,13.26344724464577,79.34037502425267,81.56051113683444,6.226028770621845,0.24253658137014483,0.3418755173223401,-924.6423753999292,0.0,0.18232032948361146,968.4722378753551,1799.52494202741,17.083333333333336,False,did not refill (end SOC 0.342)
4.0,0.36,1.3,0.28,1.0,1.0,0.36,2.0,3,mixed,22+22+14+7,4,65,22x12E,11.411691623879996,1.44,11.11111111111111,0.2838461538461538,10.664542194092826,12.79745063291139,13.009589246240031,98.2926724651025,100.95752311215821,5.948258156429456,0.09621894203130563,0.3414849307806526,-925.2083352988343,0.0,0.1941335007570224,1430.697624134047,2260.5650152261624,15.916666666666666,False,"SOC floor violated (min 0.096, unmet 0 Wh); did not refill (end SOC 0.341)"
5.5,0.36,1.3,0.34,0.6,0.0,0.216,0.4687516852914388,2,mixed,18+18,2,36,19x10E,10.030213322277723,1.651500242681967,18.31667911285031,0.3083572735304826,9.336072448027766,11.203286937633319,11.388999688074435,84.50242958173551,87.06956006041716,3.1674329363086735,0.008694167701512757,0.022093907637706238,-925.3372852219758,304.4524552112816,0.15398059323796667,792.3863764434722,1917.8989767966032,20.166666666666668,False,"SOC floor violated (min 0.009, unmet 304 Wh); did not refill (end SOC 0.022)"
6.0,0.36,1.3,0.34,0.4,0.0,0.144,0.44606429664317643,2,mixed,17+17,2,34,19x10E,9.924145961504028,1.608349888074926,22.38318929663327,0.31522404061394377,9.410327849924318,11.292393419909182,11.479583255601947,79.38491788881468,81.86205731441808,3.231183854182824,0.008145940778981106,0.021963557436075712,-925.4632035167508,225.28050316279206,0.23800235705205586,748.3649110855017,1794.9401587484867,20.083333333333336,False,"SOC floor violated (min 0.008, unmet 225 Wh); did not refill (end SOC 0.022)"
5.0,0.45,1.6,0.34,0.4,0.0,0.18000000000000002,0.465756598298709,2,mixed,20+20,2,40,19x10E,10.381265195512674,1.7007542815406513,14.699360319912534,0.2990560352804127,9.359503381585887,11.231404057903063,11.417582895463864,94.75646376176265,97.59573976128361,3.013433856069806,0.00856386874768014,0.02074943621219079,-926.6360446190237,462.1406889167852,0.130892740199202,880.4293071594134,2164.5658089472176,20.333333333333332,False,"SOC floor violated (min 0.009, unmet 462 Wh); did not refill (end SOC 0.021)"
4.5,0.4,1.3,0.28,0.4,0.0,0.16000000000000003,0.4370924833503401,2,mixed,16+16+12,3,44,19x10E,9.648511125359773,1.3649021960040817,14.836227869868152,0.2994905232135357,10.072281014337914,12.086737217205497,12.287094596692594,102.36797895709442,106.44551644203047,3.2320950508929056,0.004444515060150372,0.02073642633722373,-926.6486121582419,563.0339613381391,0.1816852023334808,968.4722378753545,2353.1416449100066,20.0,False,"SOC floor violated (min 0.004, unmet 563 Wh); did not refill (end SOC 0.021)"
4.5,0.4,1.3,0.34,0.4,0.0,0.16000000000000003,0.4370924833503401,2,mixed,16+16+12,3,44,19x10E,9.648511125359773,1.3649021960040817,14.836227869868152,0.2994905232135357,10.072281014337914,12.086737217205497,12.287094596692594,102.36797895709442,106.44551644203047,3.2320950508929056,0.004444515060150372,0.02073642633722373,-926.6486121582419,563.0339613381391,0.1816852023334808,968.4722378753545,2353.1416449100066,20.0,False,"SOC floor violated (min 0.004, unmet 563 Wh); did not refill (end SOC 0.021)"
4.5,0.36,1.3,0.28,0.6,0.0,0.216,0.4259422355063571,3,mixed,15+15+12,3,42,22x12E,10.934279543612952,1.3573356819129154,14.918932928559974,0.29974920745596867,10.752263593064589,12.902716311677507,13.116599875290785,77.70594441055151,79.80113032192494,6.346301446293284,0.2534931686161304,0.3395347205397228,-928.0341899379416,0.0,0.10747983357213067,924.4507725173844,1759.0851707550005,17.25,False,did not refill (end SOC 0.340)
4.5,0.36,1.3,0.34,0.6,0.0,0.216,0.4259422355063571,3,mixed,15+15+12,3,42,22x12E,10.934279543612952,1.3573356819129154,14.918932928559974,0.29974920745596867,10.752263593064589,12.902716311677507,13.116599875290785,77.70594441055151,79.80113032192494,6.346301446293284,0.2534931686161304,0.3395347205397228,-928.0341899379416,0.0,0.10747983357213067,924.4507725173844,1759.0851707550005,17.25,False,did not refill (end SOC 0.340)
4.0,0.52,1.6,0.28,0.4,0.0,0.20800000000000002,0.49263346414198567,2,mixed,21+17+17,3,55,19x10E,10.473867270639046,1.6097016408122995,9.93973019243862,0.2765032943879294,9.663385139057985,11.596062166869581,11.78828580724261,127.15505368871875,131.56702460375374,2.860425014902561,0.0071115267928132855,0.03268982077781163,-929.9470028302278,929.9470028302278,0.16628016740361318,1210.5902973441937,2949.736836432303,19.916666666666668,False,"SOC floor violated (min 0.007, unmet 930 Wh); did not refill (end SOC 0.033)"
4.0,0.52,1.6,0.34,0.4,0.0,0.20800000000000002,0.49263346414198567,2,mixed,21+17+17,3,55,19x10E,10.473867270639046,1.6097016408122995,9.93973019243862,0.2765032943879294,9.663385139057985,11.596062166869581,11.78828580724261,127.15505368871875,131.56702460375374,2.860425014902561,0.0071115267928132855,0.03268982077781163,-929.9470028302278,929.9470028302278,0.16628016740361318,1210.5902973441937,2949.736836432303,19.916666666666668,False,"SOC floor violated (min 0.007, unmet 930 Wh); did not refill (end SOC 0.033)"
4.0,0.4,1.3,0.28,0.6,0.5,0.24,1.2453047623958522,2,mixed,18+18+14,3,50,19x10E,9.945039572727461,1.4792487619833365,10.81630109228392,0.2821478901064903,9.822704966178236,11.787245959413882,11.98263878291601,119.28671463035924,123.64949299177968,3.054293945811676,0.006523504214957404,0.016935108080431836,-930.3206855943029,832.8417108457293,0.12463429860269433,1100.5366339492666,2758.1508753935877,20.5,False,"SOC floor violated (min 0.007, unmet 833 Wh); did not refill (end SOC 0.017)"
4.0,0.4,1.3,0.34,0.6,0.5,0.24,1.2453047623958522,2,mixed,18+18+14,3,50,19x10E,9.945039572727461,1.4792487619833365,10.81630109228392,0.2821478901064903,9.822704966178236,11.787245959413882,11.98263878291601,119.28671463035924,123.64949299177968,3.054293945811676,0.006523504214957404,0.016935108080431836,-930.3206855943029,832.8417108457293,0.12463429860269433,1100.5366339492666,2758.1508753935877,20.5,False,"SOC floor violated (min 0.007, unmet 833 Wh); did not refill (end SOC 0.017)"
4.0,0.52,1.3,0.28,0.6,0.0,0.312,0.5950012625750547,2,mixed,27+19+19+9,4,74,19x10E,10.9357069148659,1.7877602626156115,8.949745854956493,0.2687988347906706,9.369517798275144,11.243421357930172,11.634927606964007,135.94130383154496,141.95813270611592,2.6929219464437937,0.006341068565368053,0.22425578455050119,-931.3482322789921,931.3482322789921,0.3602314873949718,1628.7942182449156,3183.204886860442,17.25,False,"SOC floor violated (min 0.006, unmet 931 Wh); did not refill (end SOC 0.224)"
4.0,0.52,1.3,0.34,0.6,0.0,0.312,0.5950012625750547,2,mixed,27+19+19+9,4,74,19x10E,10.9357069148659,1.7877602626156115,8.949745854956493,0.2687988347906706,9.369517798275144,11.243421357930172,11.634927606964007,135.94130383154496,141.95813270611592,2.6929219464437937,0.006341068565368053,0.22425578455050119,-931.3482322789921,931.3482322789921,0.3602314873949718,1628.7942182449156,3183.204886860442,17.25,False,"SOC floor violated (min 0.006, unmet 931 Wh); did not refill (end SOC 0.224)"
4.0,0.52,1.6,0.28,0.4,0.0,0.20800000000000002,0.49263346414198567,2,mixed,21+17+17+7,4,62,19x10E,10.637867270639045,1.6097016408122995,9.93973019243862,0.2765032943879294,9.738746012595541,11.686495215114649,11.880217930733531,131.0186526051881,135.7163119096425,2.8041247738370085,0.005719551453615761,0.08973839204121208,-931.5270908866459,931.5270908866459,0.2661797867429101,1364.6654260970913,3049.893317090311,18.583333333333336,False,"SOC floor violated (min 0.006, unmet 932 Wh); did not refill (end SOC 0.090)"
4.0,0.52,1.6,0.34,0.4,0.0,0.20800000000000002,0.49263346414198567,2,mixed,21+17+17+7,4,62,19x10E,10.637867270639045,1.6097016408122995,9.93973019243862,0.2765032943879294,9.738746012595541,11.686495215114649,11.880217930733531,131.0186526051881,135.7163119096425,2.8041247738370085,0.005719551453615761,0.08973839204121208,-931.5270908866459,931.5270908866459,0.2661797867429101,1364.6654260970913,3049.893317090311,18.583333333333336,False,"SOC floor violated (min 0.006, unmet 932 Wh); did not refill (end SOC 0.090)"
4.0,0.4,1.3,0.28,0.4,0.5,0.16000000000000003,1.2378385233258826,2,mixed,18+18+14,3,50,19x10E,9.819230973808956,1.417081245598212,11.290813458790572,0.2848378307193081,9.972173180271787,11.966607816326144,12.16497385509597,119.32261132999228,123.96566206457959,3.097500541377077,0.005979646831633866,0.015463437713033972,-931.7423191692092,833.3297603369381,0.18750068618292084,1100.5366339492666,2759.9933494908832,20.5,False,"SOC floor violated (min 0.006, unmet 833 Wh); did not refill (end SOC 0.015)"
4.0,0.4,1.3,0.34,0.4,0.5,0.16000000000000003,1.2378385233258826,2,mixed,18+18+14,3,50,19x10E,9.819230973808956,1.417081245598212,11.290813458790572,0.2848378307193081,9.972173180271787,11.966607816326144,12.16497385509597,119.32261132999228,123.96566206457959,3.097500541377077,0.005979646831633866,0.015463437713033972,-931.7423191692092,833.3297603369381,0.18750068618292084,1100.5366339492666,2759.9933494908832,20.5,False,"SOC floor violated (min 0.006, unmet 833 Wh); did not refill (end SOC 0.015)"
5.0,0.4,1.6,0.28,0.6,0.0,0.24,0.4486040083947966,2,mixed,20+20,2,40,19x10E,10.30238226754308,1.6717766413431674,14.954150800859422,0.29985849300895845,9.404336339598443,11.285203607518131,11.472274260345927,94.59225068901105,97.46946883634976,3.0397229402590447,0.002596374662343977,0.015152005260550518,-932.0431629183082,452.98431300541944,0.15193789435484342,880.4293071594134,2160.7638164098503,20.333333333333332,False,"SOC floor violated (min 0.003, unmet 453 Wh); did not refill (end SOC 0.015)"
5.0,0.4,1.6,0.34,0.6,0.0,0.24,0.4486040083947966,2,mixed,20+20,2,40,19x10E,10.30238226754308,1.6717766413431674,14.954150800859422,0.29985849300895845,9.404336339598443,11.285203607518131,11.472274260345927,94.59225068901105,97.46946883634976,3.0397229402590447,0.002596374662343977,0.015152005260550518,-932.0431629183082,452.98431300541944,0.15193789435484342,880.4293071594134,2160.7638164098503,20.333333333333332,False,"SOC floor violated (min 0.003, unmet 453 Wh); did not refill (end SOC 0.015)"
4.0,0.45,1.3,0.28,0.4,0.5,0.18000000000000002,1.2687815315068947,2,mixed,18+18+16,3,52,19x10E,10.241352154666162,1.6025710135068616,9.983956944901708,0.2768118311463376,9.576756775127626,11.49210813015315,11.682608562847442,123.83092722599554,127.9962320116174,2.935100746522017,0.0012359484255880567,0.01376586184621329,-933.3821774565579,894.6699916287503,0.1101789913112417,1144.5580993072379,2866.8679289057122,20.416666666666664,False,"SOC floor violated (min 0.001, unmet 895 Wh); did not refill (end SOC 0.014)"
4.0,0.45,1.3,0.34,0.4,0.5,0.18000000000000002,1.2687815315068947,2,mixed,18+18+16,3,52,19x10E,10.241352154666162,1.6025710135068616,9.983956944901708,0.2768118311463376,9.576756775127626,11.49210813015315,11.682608562847442,123.83092722599554,127.9962320116174,2.935100746522017,0.0012359484255880567,0.01376586184621329,-933.3821774565579,894.6699916287503,0.1101789913112417,1144.5580993072379,2866.8679289057122,20.416666666666664,False,"SOC floor violated (min 0.001, unmet 895 Wh); did not refill (end SOC 0.014)"
5.5,0.36,1.6,0.34,0.6,0.0,0.216,0.4207279971802974,2,mixed,18+18,2,36,19x10E,10.1952732069163,1.6445848315939628,18.393699989730006,0.3085155410442577,9.432346432628606,11.318815719154326,11.506443547544512,86.26455962013911,88.93962924079551,3.112808936411476,0.0050405918222772746,0.012651890298015948,-934.4582739721166,337.05925729861707,0.21391235547714987,792.3863764434725,1959.4892520872431,20.583333333333332,False,"SOC floor violated (min 0.005, unmet 337 Wh); did not refill (end SOC 0.013)"
4.5,0.36,1.3,0.28,0.6,0.0,0.216,0.4259422355063571,2,mixed,15+15+12,3,42,19x10E,9.600093055611767,1.3573356819129154,14.918932928559974,0.29974920745596867,10.07494160477593,12.089929925731115,12.290340229568447,102.22301184057021,106.29564687420026,3.2491247517641564,0.009630244230259563,0.012547954202418903,-934.5586762404632,591.8380782248998,0.17639937897253094,924.4507725173845,2345.9095755273884,20.916666666666668,False,"SOC floor violated (min 0.010, unmet 592 Wh); did not refill (end SOC 0.013)"
4.5,0.36,1.3,0.34,0.6,0.0,0.216,0.4259422355063571,2,mixed,15+15+12,3,42,19x10E,9.600093055611767,1.3573356819129154,14.918932928559974,0.29974920745596867,10.07494160477593,12.089929925731115,12.290340229568447,102.22301184057021,106.29564687420026,3.2491247517641564,0.009630244230259563,0.012547954202418903,-934.5586762404632,591.8380782248998,0.17639937897253094,924.4507725173845,2345.9095755273884,20.916666666666668,False,"SOC floor violated (min 0.010, unmet 592 Wh); did not refill (end SOC 0.013)"
4.0,0.45,1.6,0.28,0.6,0.0,0.27,0.4567166790459668,2,mixed,17+17+14+7,4,55,19x10E,10.376147664130652,1.5222090022282742,10.51104018999922,0.2802890335574304,9.890753492629965,11.868904191155957,12.06565063301111,127.64014175323065,132.48428035606182,2.894421671227497,0.001635530804149677,0.023995282157103417,-935.0169657363654,935.0169657363654,0.17202540250309065,1210.5902973441937,2963.143634705759,19.916666666666668,False,"SOC floor violated (min 0.002, unmet 935 Wh); did not refill (end SOC 0.024)"
5.0,0.36,1.3,0.34,0.4,0.0,0.144,0.4097021380205588,2,mixed,13+13+12,3,38,19x10E,9.545474712037981,1.3484956618124406,18.53917717940512,0.308810889365194,10.079115876065023,12.094939051278027,12.29543238953979,92.43241747604272,96.10108038865599,3.314604156764325,0.008981159866284224,0.011737653929517453,-935.3414263040861,442.5213443844787,0.1783240709691789,836.407841801443,2109.689730072264,20.916666666666668,False,"SOC floor violated (min 0.009, unmet 443 Wh); did not refill (end SOC 0.012)"
4.5,0.4,1.6,0.34,0.6,0.5,0.24,1.3586462081040374,2,mixed,22+22,2,44,19x10E,10.319289578954926,1.657383393296646,12.218054121877861,0.2894911660411403,9.45283021890568,11.343396262686815,11.531431553670094,106.1307480521261,109.4590357647828,2.984301684024201,0.0027550102227526865,0.010092218641772729,-936.9309167920476,637.7222371229974,0.2095214534592659,968.4722378753546,2437.9548883171697,20.75,False,"SOC floor violated (min 0.003, unmet 638 Wh); did not refill (end SOC 0.010)"
4.5,0.4,1.6,0.28,0.4,0.0,0.16000000000000003,0.3908048928230273,2,mixed,16+16,2,32,19x10E,9.613113891737818,1.3537931742775267,14.9579717084973,0.29987031882811876,10.094953738043037,12.113944485651643,12.314752869980735,101.47243408689617,105.54091995628032,3.2485085042922024,0.009795818846346616,0.009795818846346616,-937.2172389944292,778.0810575007367,0.0,704.3434457275309,2315.3384180855096,24.0,False,"SOC floor violated (min 0.010, unmet 778 Wh); did not refill (end SOC 0.010)"
4.5,0.4,1.6,0.34,0.4,0.0,0.16000000000000003,0.3908048928230273,2,mixed,16+16,2,32,19x10E,9.613113891737818,1.3537931742775267,14.9579717084973,0.29987031882811876,10.094953738043037,12.113944485651643,12.314752869980735,101.47243408689617,105.54091995628032,3.2485085042922024,0.009795818846346616,0.009795818846346616,-937.2172389944292,778.0810575007367,0.0,704.3434457275309,2315.3384180855096,24.0,False,"SOC floor violated (min 0.010, unmet 778 Wh); did not refill (end SOC 0.010)"
4.0,0.45,1.3,0.28,0.6,0.0,0.27,0.5098574397874889,2,mixed,17+17+14,3,48,19x10E,10.053063486705478,1.531774339161748,10.44540281877021,0.2798751487862705,9.705105638364316,11.64612676603718,11.839180308782874,120.45175010183345,124.6863558579715,3.01140982764029,0.009791055002232738,0.009791055002232738,-937.2218408678432,891.7637984788978,0.0,1056.515168591296,2780.016981582285,21.833333333333332,False,"SOC floor violated (min 0.010, unmet 892 Wh); did not refill (end SOC 0.010)"
4.0,0.45,1.3,0.34,0.6,0.0,0.27,0.5098574397874889,2,mixed,17+17+14,3,48,19x10E,10.053063486705478,1.531774339161748,10.44540281877021,0.2798751487862705,9.705105638364316,11.64612676603718,11.839180308782874,120.45175010183345,124.6863558579715,3.01140982764029,0.009791055002232738,0.009791055002232738,-937.2218408678432,891.7637984788978,0.0,1056.515168591296,2780.016981582285,21.833333333333332,False,"SOC floor violated (min 0.010, unmet 892 Wh); did not refill (end SOC 0.010)"
4.0,0.4,1.6,0.28,0.6,0.0,0.24,0.4034013545605723,2,mixed,16+16+12,3,44,16x12E,9.757139148563233,1.3445442167296915,11.899943342076533,0.2879764521607344,10.205214890384532,12.246257868461438,12.449259562876984,117.36112247671991,120.42895299238552,2.254004129382865,0.009728503630380908,0.009728503630380908,-937.282265493052,896.2160947920943,0.0,968.4722378753553,2696.666939441266,24.0,False,"SOC floor violated (min 0.010, unmet 896 Wh); did not refill (end SOC 0.010)"
4.0,0.4,1.6,0.34,0.6,0.0,0.24,0.4034013545605723,2,mixed,16+16+12,3,44,16x12E,9.757139148563233,1.3445442167296915,11.899943342076533,0.2879764521607344,10.205214890384532,12.246257868461438,12.449259562876984,117.36112247671991,120.42895299238552,2.254004129382865,0.009728503630380908,0.009728503630380908,-937.282265493052,896.2160947920943,0.0,968.4722378753553,2696.666939441266,24.0,False,"SOC floor violated (min 0.010, unmet 896 Wh); did not refill (end SOC 0.010)"
5.0,0.4,1.3,0.34,0.4,0.0,0.16000000000000003,0.4587942593310043,2,mixed,17+17,2,34,19x10E,9.74967128198301,1.5101106222394411,16.5550785696255,0.30433539815336935,9.625849223284114,11.551019067940937,11.742496045496438,89.79206091064196,92.73333656822692,3.24693484290694,0.009711394188946199,0.009711394188946199,-937.298793213478,453.13704491516006,0.0,748.3649110855013,2035.0094618553962,24.0,False,"SOC floor violated (min 0.010, unmet 453 Wh); did not refill (end SOC 0.010)"
4.5,0.45,1.6,0.34,0.6,0.0,0.27,0.48284103617450086,2,mixed,20+20,2,40,19x10E,10.401183248135279,1.7069113865114103,11.863533256630856,0.2877979013158492,9.351565830542643,11.221878996651172,11.407899940788994,106.98611521257887,110.22267867095786,2.9513707189267127,0.009419715869052804,0.009419715869052804,-937.580554470495,734.1862245254146,0.0,880.4293071594137,2447.666765101905,24.0,False,"SOC floor violated (min 0.009, unmet 734 Wh); did not refill (end SOC 0.009)"
4.5,0.4,1.6,0.28,0.6,0.0,0.24,0.426630507363234,2,mixed,18+18,2,36,19x10E,9.95143335533065,1.5082608811781175,13.426059279733174,0.2945893715836541,9.73090057329582,11.677080687954984,11.870647342433715,103.00946413259767,106.57667116042656,3.1226642556623014,0.009272001899106827,0.009272001899106827,-937.7232461654628,726.4280408444732,0.0,792.3863764434723,2352.2271391823447,24.0,False,"SOC floor violated (min 0.009, unmet 726 Wh); did not refill (end SOC 0.009)"
4.5,0.4,1.6,0.34,0.6,0.0,0.24,0.426630507363234,2,mixed,18+18,2,36,19x10E,9.95143335533065,1.5082608811781175,13.426059279733174,0.2945893715836541,9.73090057329582,11.677080687954984,11.870647342433715,103.00946413259767,106.57667116042656,3.1226642556623014,0.009272001899106827,0.009272001899106827,-937.7232461654628,726.4280408444732,0.0,792.3863764434723,2352.2271391823447,24.0,False,"SOC floor violated (min 0.009, unmet 726 Wh); did not refill (end SOC 0.009)"
4.0,0.36,1.3,0.28,0.4,0.0,0.144,0.3695019793824801,2,mixed,10+10,2,20,22x12E,8.834797030793528,1.0878124275466157,14.708418101166028,0.2990850391926945,10.796170373787502,12.955404448545002,13.170161403946578,65.39050319480987,67.09945837216011,7.961468081850275,0.009223841432352265,0.009223841432352265,-937.7697691763477,174.3746751861597,0.0,440.21465357970686,1449.3720766754345,24.0,False,"SOC floor violated (min 0.009, unmet 174 Wh); did not refill (end SOC 0.009)"
4.0,0.36,1.3,0.34,0.4,0.0,0.144,0.3695019793824801,2,mixed,10+10,2,20,22x12E,8.834797030793528,1.0878124275466157,14.708418101166028,0.2990850391926945,10.796170373787502,12.955404448545002,13.170161403946578,65.39050319480987,67.09945837216011,7.961468081850275,0.009223841432352265,0.009223841432352265,-937.7697691763477,174.3746751861597,0.0,440.21465357970686,1449.3720766754345,24.0,False,"SOC floor violated (min 0.009, unmet 174 Wh); did not refill (end SOC 0.009)"
4.0,0.36,1.6,0.28,0.6,0.0,0.216,0.36122152190996115,2,mixed,13+13,2,26,22x12E,9.316311990761573,1.2040158991550345,13.288861061742315,0.29405700436348403,10.537906729958285,12.645488075949942,12.855107662088214,69.40350977283018,71.1142133690968,7.480434411519878,0.009160381938750203,0.009160381938750203,-937.8310710471673,138.80701954566032,0.0,572.2790496536185,1545.6842345479192,24.0,False,"SOC floor violated (min 0.009, unmet 139 Wh); did not refill (end SOC 0.009)"
4.0,0.36,1.6,0.34,0.6,0.0,0.216,0.36122152190996115,2,mixed,13+13,2,26,22x12E,9.316311990761573,1.2040158991550345,13.288861061742315,0.29405700436348403,10.537906729958285,12.645488075949942,12.855107662088214,69.40350977283018,71.1142133690968,7.480434411519878,0.009160381938750203,0.009160381938750203,-937.8310710471673,138.80701954566032,0.0,572.2790496536185,1545.6842345479192,24.0,False,"SOC floor violated (min 0.009, unmet 139 Wh); did not refill (end SOC 0.009)"
4.0,0.36,1.3,0.28,0.6,0.5,0.216,1.2202214234589919,2,mixed,17+17+12,3,46,16x12E,9.536893265724478,1.3277118849780947,12.050807242916243,0.2887047742076786,10.153130982363324,12.183757178835988,12.385722822399726,81.91061574418818,116.67601520747476,2.3177035378833897,0.006332297595121965,0.00900107914269558,-937.9849575481561,242.96945330471732,0.23103901338880442,1012.4937032333254,2089.2125741035256,17.0,False,"SOC floor violated (min 0.006, unmet 243 Wh); did not refill (end SOC 0.009)"
4.0,0.36,1.3,0.34,0.6,0.5,0.216,1.2202214234589919,2,mixed,17+17+12,3,46,16x12E,9.536893265724478,1.3277118849780947,12.050807242916243,0.2887047742076786,10.153130982363324,12.183757178835988,12.385722822399726,81.91061574418818,116.67601520747476,2.3177035378833897,0.006332297595121965,0.00900107914269558,-937.9849575481561,242.96945330471732,0.23103901338880442,1012.4937032333254,2089.2125741035256,17.0,False,"SOC floor violated (min 0.006, unmet 243 Wh); did not refill (end SOC 0.009)"
5.0,0.36,1.6,0.34,0.4,0.0,0.144,0.3667479449487575,2,mixed,15+15,2,30,16x12E,9.500488479010373,1.3392175561089317,18.66761668853638,0.3090678215231372,10.090108821264682,12.108130585517618,12.30884259497113,90.97659084232623,93.28780588387863,2.430902469481331,0.008870970145993664,0.008870970145993664,-938.1106428389701,568.7197072935248,0.0,660.3219803695604,2063.4381802158255,24.0,False,"SOC floor violated (min 0.009, unmet 569 Wh); did not refill (end SOC 0.009)"
4.5,0.36,1.6,0.28,0.6,0.0,0.216,0.38213259298716656,2,mixed,15+15,2,30,19x10E,9.576279529040317,1.3510270933901518,14.988596527095828,0.29996488569606317,10.085903934745996,12.103084721695195,12.303713087727449,101.42906663764944,105.47726123713569,3.261117018015569,0.008817496781722396,0.008817496781722396,-938.1622981088561,820.180034250349,0.0,660.3219803695604,2314.2975993035902,24.0,False,"SOC floor violated (min 0.009, unmet 820 Wh); did not refill (end SOC 0.009)"
4.5,0.36,1.6,0.34,0.6,0.0,0.216,0.38213259298716656,2,mixed,15+15,2,30,19x10E,9.576279529040317,1.3510270933901518,14.988596527095828,0.29996488569606317,10.085903934745996,12.103084721695195,12.303713087727449,101.42906663764944,105.47726123713569,3.261117018015569,0.008817496781722396,0.008817496781722396,-938.1622981088561,820.180034250349,0.0,660.3219803695604,2314.2975993035902,24.0,False,"SOC floor violated (min 0.009, unmet 820 Wh); did not refill (end SOC 0.009)"
4.5,0.45,1.6,0.28,0.4,0.0,0.18000000000000002,0.4437516691652656,2,mixed,18+18,2,36,19x10E,10.02966548515363,1.5373129506746217,13.172334228442985,0.2935961384384745,9.676326870323296,11.611592244387955,11.804073321121097,103.17555129637353,106.67918003093061,3.0952106646215922,0.00878209376200613,0.00878209376200613,-938.1964974259021,729.953410911674,0.0,792.3863764434723,2356.2132311129653,24.0,False,"SOC floor violated (min 0.009, unmet 730 Wh); did not refill (end SOC 0.009)"
4.5,0.45,1.6,0.34,0.4,0.0,0.18000000000000002,0.4437516691652656,2,mixed,18+18,2,36,19x10E,10.02966548515363,1.5373129506746217,13.172334228442985,0.2935961384384745,9.676326870323296,11.611592244387955,11.804073321121097,103.17555129637353,106.67918003093061,3.0952106646215922,0.00878209376200613,0.00878209376200613,-938.1964974259021,729.953410911674,0.0,792.3863764434723,2356.2132311129653,24.0,False,"SOC floor violated (min 0.009, unmet 730 Wh); did not refill (end SOC 0.009)"
4.5,0.4,1.3,0.28,0.4,0.0,0.16000000000000003,0.4370924833503401,2,mixed,16+16,2,32,19x10E,9.444511125359773,1.3649021960040817,14.836227869868152,0.2994905232135357,9.965232237117503,11.958278684541003,12.156506654368991,98.25167263942551,101.9648006104895,3.320146025689222,0.008433865326885349,0.008433865326885349,-938.5328860942287,699.2352872944509,0.0,704.3434457275309,2238.040143346221,24.0,False,"SOC floor violated (min 0.008, unmet 699 Wh); did not refill (end SOC 0.008)"
4.5,0.4,1.3,0.34,0.4,0.0,0.16000000000000003,0.4370924833503401,2,mixed,16+16,2,32,19x10E,9.444511125359773,1.3649021960040817,14.836227869868152,0.2994905232135357,9.965232237117503,11.958278684541003,12.156506654368991,98.25167263942551,101.9648006104895,3.320146025689222,0.008433865326885349,0.008433865326885349,-938.5328860942287,699.2352872944509,0.0,704.3434457275309,2238.040143346221,24.0,False,"SOC floor violated (min 0.008, unmet 699 Wh); did not refill (end SOC 0.008)"
4.5,0.36,1.3,0.28,0.6,0.0,0.216,0.4259422355063571,2,mixed,15+15,2,30,19x10E,9.396093055611766,1.3573356819129154,14.918932928559974,0.29974920745596867,9.967321592100971,11.960785910521166,12.159055441708363,98.08996163846783,101.79651610046656,3.338100679727677,0.008349885147696481,0.008349885147696481,-938.6140109473251,739.3371616346907,0.0,660.3219803695604,2234.15907932323,24.0,False,"SOC floor violated (min 0.008, unmet 739 Wh); did not refill (end SOC 0.008)"
4.5,0.36,1.3,0.34,0.6,0.0,0.216,0.4259422355063571,2,mixed,15+15,2,30,19x10E,9.396093055611766,1.3573356819129154,14.918932928559974,0.29974920745596867,9.967321592100971,11.960785910521166,12.159055441708363,98.08996163846783,101.79651610046656,3.338100679727677,0.008349885147696481,0.008349885147696481,-938.6140109473251,739.3371616346907,0.0,660.3219803695604,2234.15907932323,24.0,False,"SOC floor violated (min 0.008, unmet 739 Wh); did not refill (end SOC 0.008)"
4.5,0.4,1.3,0.34,0.6,0.0,0.24,0.47579028497746806,2,mixed,17+17,2,34,19x10E,9.768319765607009,1.516126445596395,13.356405766033786,0.2943204633984138,9.615916236698679,11.539099484038415,11.730378875053201,100.03904973406551,103.34548533446137,3.19025229816842,0.008310874476527348,0.008310874476527348,-938.6516952556746,698.0695273233232,0.0,748.3649110855013,2280.9371936175885,24.0,False,"SOC floor violated (min 0.008, unmet 698 Wh); did not refill (end SOC 0.008)"
4.0,0.36,1.6,0.28,0.6,0.5,0.216,1.1980636454752494,2,mixed,18+18,2,36,16x12E,9.534995476588023,1.3245211649484359,12.079837169399166,0.2888428342089619,10.164341400434289,12.197209680521146,12.399398321237607,81.04478282912692,116.0474392347446,2.3222132356698633,0.008238110993963231,0.008238110993963231,-938.7219847798315,357.7913919286622,0.0,792.3863764434723,1985.5036297581205,19.416666666666668,False,"SOC floor violated (min 0.008, unmet 358 Wh); did not refill (end SOC 0.008)"
4.0,0.36,1.6,0.34,0.6,0.5,0.216,1.1980636454752494,2,mixed,18+18,2,36,16x12E,9.534995476588023,1.3245211649484359,12.079837169399166,0.2888428342089619,10.164341400434289,12.197209680521146,12.399398321237607,81.04478282912692,116.0474392347446,2.3222132356698633,0.008238110993963231,0.008238110993963231,-938.7219847798315,357.7913919286622,0.0,792.3863764434723,1985.5036297581205,19.416666666666668,False,"SOC floor violated (min 0.008, unmet 358 Wh); did not refill (end SOC 0.008)"
4.0,0.45,1.3,0.28,0.4,0.0,0.18000000000000002,0.4710318751196979,2,mixed,15+15+14,3,44,19x10E,9.723699186634189,1.3871786062823184,11.534203257993212,0.28613169492047663,10.029932623010529,12.035919147612635,12.23543413472607,117.16662778533039,121.82811226540089,3.138954349549669,0.008058374436884634,0.008058374436884634,-938.8956102939694,889.924598353243,0.0,968.4722378753553,2691.999066847941,24.0,False,"SOC floor violated (min 0.008, unmet 890 Wh); did not refill (end SOC 0.008)"
4.0,0.45,1.3,0.34,0.4,0.0,0.18000000000000002,0.4710318751196979,2,mixed,15+15+14,3,44,19x10E,9.723699186634189,1.3871786062823184,11.534203257993212,0.28613169492047663,10.029932623010529,12.035919147612635,12.23543413472607,117.16662778533039,121.82811226540089,3.138954349549669,0.008058374436884634,0.008058374436884634,-938.8956102939694,889.924598353243,0.0,968.4722378753553,2691.999066847941,24.0,False,"SOC floor violated (min 0.008, unmet 890 Wh); did not refill (end SOC 0.008)"
4.5,0.4,1.6,0.34,0.4,0.5,0.16000000000000003,1.351156728492692,2,mixed,21+21,2,42,19x10E,10.158924616214573,1.5842776148382463,12.781850737736715,0.2919905088944189,9.59304927343782,11.511659128125384,11.702483650493315,105.42344811193534,108.90335710149849,3.0417836169870243,0.007967124453598876,0.007967124453598876,-938.9837577778234,658.7120255813215,0.0,924.4507725173844,2417.702557497162,21.833333333333332,False,"SOC floor violated (min 0.008, unmet 659 Wh); did not refill (end SOC 0.008)"
5.0,0.4,1.6,0.34,0.4,0.0,0.16000000000000003,0.41037840318928526,2,mixed,18+18,2,36,19x10E,9.926417184402032,1.4984908167654285,16.68345225762799,0.3046571773818805,9.750293035416929,11.700351642500314,11.8943040509991,92.3641802412503,95.54577430541518,3.1816466750308785,0.007785300119012055,0.007785300119012055,-939.1594000850343,472.8183663407175,0.0,792.3863764434723,2100.4521855315406,22.833333333333332,False,"SOC floor violated (min 0.008, unmet 473 Wh); did not refill (end SOC 0.008)"
4.5,0.36,1.3,0.34,0.6,0.5,0.216,1.3582788216710497,2,mixed,20+20,2,40,19x10E,9.754993499313377,1.491592150320631,13.576097189601784,0.29515924272408095,9.688061718257327,11.625674061908791,11.818388567730876,100.236957209647,103.64189459564302,3.19692148198852,0.007749485646360766,0.007749485646360766,-939.1939968656154,577.9356715964282,0.0,880.4293071594137,2293.348082150014,21.75,False,"SOC floor violated (min 0.008, unmet 578 Wh); did not refill (end SOC 0.008)"
4.0,0.4,1.6,0.28,0.4,0.0,0.16000000000000003,0.37011659834047966,2,mixed,13+13,2,26,19x12E,9.284454367284189,1.208827983601715,13.23596096139985,0.29384878917107965,10.498914276599235,12.598697131919081,12.807541081857005,84.63952892999633,86.85909259864519,4.629696211778462,0.007336918267110792,0.007336918267110792,-939.5925369539709,502.9576991819867,0.0,572.2790496536185,1911.348694319902,24.0,False,"SOC floor violated (min 0.007, unmet 503 Wh); did not refill (end SOC 0.007)"
4.0,0.4,1.6,0.34,0.4,0.0,0.16000000000000003,0.37011659834047966,2,mixed,13+13,2,26,19x12E,9.284454367284189,1.208827983601715,13.23596096139985,0.29384878917107965,10.498914276599235,12.598697131919081,12.807541081857005,84.63952892999633,86.85909259864519,4.629696211778462,0.007336918267110792,0.007336918267110792,-939.5925369539709,502.9576991819867,0.0,572.2790496536185,1911.348694319902,24.0,False,"SOC floor violated (min 0.007, unmet 503 Wh); did not refill (end SOC 0.007)"
4.0,0.36,1.3,0.28,0.6,0.0,0.216,0.4027487605843451,2,mixed,13+13,2,26,18x12E,9.055815559924966,1.2099958215241455,13.223186159309162,0.29379825772251295,10.363830423531157,12.436596508237388,12.642753375996687,89.22440289990124,91.5321449433013,3.9010642585716515,0.0070314935921659775,0.0070314935921659775,-939.8875771899677,612.8910327369099,0.0,572.2790496536185,2021.3856695976374,24.0,False,"SOC floor violated (min 0.007, unmet 613 Wh); did not refill (end SOC 0.007)"
4.0,0.36,1.3,0.34,0.6,0.0,0.216,0.4027487605843451,2,mixed,13+13,2,26,18x12E,9.055815559924966,1.2099958215241455,13.223186159309162,0.29379825772251295,10.363830423531157,12.436596508237388,12.642753375996687,89.22440289990124,91.5321449433013,3.9010642585716515,0.0070314935921659775,0.0070314935921659775,-939.8875771899677,612.8910327369099,0.0,572.2790496536185,2021.3856695976374,24.0,False,"SOC floor violated (min 0.007, unmet 613 Wh); did not refill (end SOC 0.007)"
4.5,0.36,1.6,0.28,0.4,0.5,0.144,1.3279157997136048,2,mixed,20+20,2,40,19x10E,9.801117367047949,1.4208298127381387,14.252234728222238,0.2975784679405764,9.949819759660267,11.93978371159232,12.13770509708352,103.47644603191497,107.39070417451083,3.174628488841608,0.006935929373447493,0.006935929373447493,-939.9798922252497,648.344727392465,0.0,880.4293071594137,2364.4132693016118,23.75,False,"SOC floor violated (min 0.007, unmet 648 Wh); did not refill (end SOC 0.007)"
4.5,0.36,1.6,0.34,0.4,0.5,0.144,1.3279157997136048,2,mixed,20+20,2,40,19x10E,9.801117367047949,1.4208298127381387,14.252234728222238,0.2975784679405764,9.949819759660267,11.93978371159232,12.13770509708352,103.47644603191497,107.39070417451083,3.174628488841608,0.006935929373447493,0.006935929373447493,-939.9798922252497,648.344727392465,0.0,880.4293071594137,2364.4132693016118,23.75,False,"SOC floor violated (min 0.007, unmet 648 Wh); did not refill (end SOC 0.007)"
5.0,0.36,1.3,0.34,0.4,0.0,0.144,0.4097021380205588,2,mixed,13+13,2,26,19x10E,9.34147471203798,1.3484956618124406,18.53917717940512,0.308810889365194,9.970831881859494,11.964998258231393,12.16333761595106,88.78045014985132,92.19882986298396,3.4037840412272202,0.006827382982307011,0.006827382982307011,-940.0847480390914,602.0172022191981,0.0,572.2790496536185,2010.7308035964393,24.0,False,"SOC floor violated (min 0.007, unmet 602 Wh); did not refill (end SOC 0.007)"
4.0,0.4,1.3,0.28,0.4,0.0,0.16000000000000003,0.41415633173434313,2,mixed,13+13,2,26,18x12E,9.091264722541869,1.2193975196162425,13.121233840983514,0.2933914534781433,10.343986559292498,12.412783871150998,12.61854600561879,89.25397079471908,91.55118769897888,3.883291756982236,0.006528481003273708,0.006528481003273708,-940.3734873508375,613.1177199305133,0.0,572.2790496536185,2022.0952990732485,24.0,False,"SOC floor violated (min 0.007, unmet 613 Wh); did not refill (end SOC 0.007)"
4.0,0.4,1.3,0.34,0.4,0.0,0.16000000000000003,0.41415633173434313,2,mixed,13+13,2,26,18x12E,9.091264722541869,1.2193975196162425,13.121233840983514,0.2933914534781433,10.343986559292498,12.412783871150998,12.61854600561879,89.25397079471908,91.55118769897888,3.883291756982236,0.006528481003273708,0.006528481003273708,-940.3734873508375,613.1177199305133,0.0,572.2790496536185,2022.0952990732485,24.0,False,"SOC floor violated (min 0.007, unmet 613 Wh); did not refill (end SOC 0.007)"
4.5,0.36,1.6,0.28,0.6,0.0,0.216,0.38213259298716656,2,mixed,15+15+10,3,40,16x12E,9.716011545069795,1.3510270933901518,14.988596527095828,0.29996488569606317,10.159221543539374,12.191065852247249,12.393152648991192,67.67377764485258,105.58955309691834,2.326092758839011,0.006447158392579958,0.006447158392579958,-940.4520449927678,67.67377764485259,0.0,880.4293071594137,1785.3793314126171,16.583333333333332,False,"SOC floor violated (min 0.006, unmet 68 Wh); did not refill (end SOC 0.006)"
4.5,0.36,1.6,0.34,0.6,0.0,0.216,0.38213259298716656,2,mixed,15+15+10,3,40,16x12E,9.716011545069795,1.3510270933901518,14.988596527095828,0.29996488569606317,10.159221543539374,12.191065852247249,12.393152648991192,67.67377764485258,105.58955309691834,2.326092758839011,0.006447158392579958,0.006447158392579958,-940.4520449927678,67.67377764485259,0.0,880.4293071594137,1785.3793314126171,16.583333333333332,False,"SOC floor violated (min 0.006, unmet 68 Wh); did not refill (end SOC 0.006)"
5.0,0.36,1.6,0.34,0.6,0.0,0.216,0.4019128346549774,2,mixed,17+17,2,34,19x10E,9.893298944500271,1.4978754481903167,16.690306280274616,0.3046742183578066,9.736013429519947,11.683216115423935,11.876884474618144,92.34955334524102,95.51093948516811,3.191838728548611,0.006381995664628738,0.006381995664628738,-940.5149921879687,511.352915690074,0.0,748.3649110855013,2096.3892802858013,24.0,False,"SOC floor violated (min 0.006, unmet 511 Wh); did not refill (end SOC 0.006)"
4.5,0.36,1.3,0.34,0.4,0.5,0.144,1.3507978314067701,2,mixed,19+19,2,38,19x10E,9.606848652956232,1.4257723315838622,14.202828566258315,0.2974094929373038,9.833629295649605,11.800355154779526,11.995965284572295,100.1430938116249,103.73981940893638,3.252068795658667,0.006079129430065361,0.006079129430065361,-940.8075609705568,610.3931922793403,0.0,836.4078418014426,2283.4342514789905,24.0,False,"SOC floor violated (min 0.006, unmet 610 Wh); did not refill (end SOC 0.006)"
4.5,0.36,1.6,0.28,0.6,0.5,0.216,1.334833955011557,2,mixed,21+21,2,42,19x10E,9.949173370219302,1.4882160895216643,13.606894954689452,0.295274663606097,9.795101730970297,11.754122077164356,11.948965818302346,103.34185193697932,107.01238208302132,3.1243250634963635,0.004390425543854602,0.005949238028453364,-940.933036064514,610.3019717443217,0.24956524631825636,924.4507725173843,2370.6042819012855,21.166666666666664,False,"SOC floor violated (min 0.004, unmet 610 Wh); did not refill (end SOC 0.006)"
4.5,0.36,1.6,0.34,0.6,0.5,0.216,1.334833955011557,2,mixed,21+21,2,42,19x10E,9.949173370219302,1.4882160895216643,13.606894954689452,0.295274663606097,9.795101730970297,11.754122077164356,11.948965818302346,103.34185193697932,107.01238208302132,3.1243250634963635,0.004390425543854602,0.005949238028453364,-940.933036064514,610.3019717443217,0.24956524631825636,924.4507725173843,2370.6042819012855,21.166666666666664,False,"SOC floor violated (min 0.004, unmet 610 Wh); did not refill (end SOC 0.006)"
4.0,0.4,1.6,0.28,0.6,0.5,0.24,1.2205686848003234,2,mixed,18+18+12,3,48,19x10E,10.103726875216038,1.4752909895680517,10.84531805124399,0.2823191398744593,9.914033982337873,11.896840778805448,12.094050315157707,122.42808876474533,127.08983414644399,2.9954170625179777,0.005777303866637235,0.005777303866637235,-941.0991244648284,933.2911472609433,0.0,1056.515168591296,2825.266748426442,22.5,False,"SOC floor violated (min 0.006, unmet 933 Wh); did not refill (end SOC 0.006)"
4.0,0.4,1.6,0.34,0.6,0.5,0.24,1.2205686848003234,2,mixed,18+18+12,3,48,19x10E,10.103726875216038,1.4752909895680517,10.84531805124399,0.2823191398744593,9.914033982337873,11.896840778805448,12.094050315157707,122.42808876474533,127.08983414644399,2.9954170625179777,0.005777303866637235,0.005777303866637235,-941.0991244648284,933.2911472609433,0.0,1056.515168591296,2825.266748426442,22.5,False,"SOC floor violated (min 0.006, unmet 933 Wh); did not refill (end SOC 0.006)"
5.0,0.36,1.3,0.34,0.6,0.0,0.216,0.4478819785745004,2,mixed,16+16,2,32,19x10E,9.704535111563688,1.504495004914728,16.61687138763013,0.3044909075562075,9.62144811069697,11.545737732836365,11.737127163650118,89.70512553088572,92.63564241468875,3.2622906985498643,0.005709704126424968,0.005709704126424968,-941.1644258138734,491.1427445916354,0.0,704.3434457275309,2032.923012741272,24.0,False,"SOC floor violated (min 0.006, unmet 491 Wh); did not refill (end SOC 0.006)"
4.0,0.45,1.6,0.28,0.4,0.0,0.18000000000000002,0.4204953692446093,2,mixed,16+16+12,3,44,16x12E,9.834450173148468,1.3735337496960445,11.648785480182568,0.2867220973689211,10.136868760880107,12.164242513056129,12.365884669211562,87.57787073011511,121.03971273824698,2.2266666595627784,0.005638033539473111,0.005638033539473111,-941.2336596008689,379.41404802290424,0.0,968.4722378753553,2185.4284364055625,17.916666666666668,False,"SOC floor violated (min 0.006, unmet 379 Wh); did not refill (end SOC 0.006)"
4.0,0.45,1.6,0.34,0.4,0.0,0.18000000000000002,0.4204953692446093,2,mixed,16+16+12,3,44,16x12E,9.834450173148468,1.3735337496960445,11.648785480182568,0.2867220973689211,10.136868760880107,12.164242513056129,12.365884669211562,87.57787073011511,121.03971273824698,2.2266666595627784,0.005638033539473111,0.005638033539473111,-941.2336596008689,379.41404802290424,0.0,968.4722378753553,2185.4284364055625,17.916666666666668,False,"SOC floor violated (min 0.006, unmet 379 Wh); did not refill (end SOC 0.006)"
4.5,0.36,1.3,0.34,0.4,0.0,0.144,0.3901586067935855,2,mixed,12+12,2,24,18x12E,9.05064693230339,1.2182742590674143,16.621872989010964,0.30450344413444735,10.32561021924854,12.390732263098249,12.59612885620252,79.38081260131196,81.38761636620133,3.9592377210695777,0.005633403922831965,0.005633403922831965,-941.2381318105444,418.97393127368844,0.0,528.257584295648,1785.1395024314918,24.0,False,"SOC floor violated (min 0.006, unmet 419 Wh); did not refill (end SOC 0.006)"
4.0,0.4,1.6,0.28,0.6,0.0,0.24,0.4034013545605723,2,mixed,16+16,2,32,16x12E,9.553139148563234,1.3445442167296915,11.899943342076533,0.2879764521607344,10.0979672201044,12.117560664125278,12.318428992509553,81.82405384584126,116.32600276371195,2.3095818333282576,0.00561631414780438,0.00561631414780438,-941.2546405332209,347.72736628158975,0.0,704.3434457275309,1889.779890857344,22.666666666666664,False,"SOC floor violated (min 0.006, unmet 348 Wh); did not refill (end SOC 0.006)"
4.0,0.4,1.6,0.34,0.6,0.0,0.24,0.4034013545605723,2,mixed,16+16,2,32,16x12E,9.553139148563234,1.3445442167296915,11.899943342076533,0.2879764521607344,10.0979672201044,12.117560664125278,12.318428992509553,81.82405384584126,116.32600276371195,2.3095818333282576,0.00561631414780438,0.00561631414780438,-941.2546405332209,347.72736628158975,0.0,704.3434457275309,1889.779890857344,22.666666666666664,False,"SOC floor violated (min 0.006, unmet 348 Wh); did not refill (end SOC 0.006)"
5.5,0.36,1.3,0.34,0.4,0.0,0.144,0.4282951994852384,2,mixed,16+16,2,32,19x10E,9.648288732923275,1.4785117630888114,20.459762820421293,0.31231632328595216,9.677455946239107,11.612947135486928,11.805450671749487,83.44508576841052,86.31458782290777,3.31481357526922,0.00559393983914634,0.00559393983914634,-941.2762541153846,340.7332931361054,0.0,704.3434457275309,1882.6820584418604,24.0,False,"SOC floor violated (min 0.006, unmet 341 Wh); did not refill (end SOC 0.006)"
4.0,0.36,1.6,0.28,0.4,0.0,0.144,0.33049322809804865,2,mixed,11+11,2,22,22x12E,9.03920049850111,1.0793865372691784,14.823234724123584,0.2994496209835451,10.962887578569756,13.155465094283707,13.373538381131759,67.61550384680442,69.47953182038667,7.784892316696392,0.005551227384068343,0.005551227384068343,-941.31751434699,180.30801025814517,0.0,484.23611893767765,1502.7720923232994,24.0,False,"SOC floor violated (min 0.006, unmet 180 Wh); did not refill (end SOC 0.006)"
4.0,0.36,1.6,0.34,0.4,0.0,0.144,0.33049322809804865,2,mixed,11+11,2,22,22x12E,9.03920049850111,1.0793865372691784,14.823234724123584,0.2994496209835451,10.962887578569756,13.155465094283707,13.373538381131759,67.61550384680442,69.47953182038667,7.784892316696392,0.005551227384068343,0.005551227384068343,-941.31751434699,180.30801025814517,0.0,484.23611893767765,1502.7720923232994,24.0,False,"SOC floor violated (min 0.006, unmet 180 Wh); did not refill (end SOC 0.006)"
4.0,0.36,1.6,0.28,0.4,0.5,0.144,1.1916324633003623,2,mixed,17+17,2,34,18x12E,9.434518995891393,1.2653926120728782,12.644296993160022,0.2914012812083851,10.344170817723237,12.413004981267884,12.618770780996433,94.30627707610677,96.75037699785943,3.7129347844070986,0.004683115109136069,0.004683115109136069,-942.1561108045745,556.7274473487477,0.0,748.3649110855013,2143.3506498265665,24.0,False,"SOC floor violated (min 0.005, unmet 557 Wh); did not refill (end SOC 0.005)"
4.0,0.36,1.6,0.34,0.4,0.5,0.144,1.1916324633003623,2,mixed,17+17,2,34,18x12E,9.434518995891393,1.2653926120728782,12.644296993160022,0.2914012812083851,10.344170817723237,12.413004981267884,12.618770780996433,94.30627707610677,96.75037699785943,3.7129347844070986,0.004683115109136069,0.004683115109136069,-942.1561108045745,556.7274473487477,0.0,748.3649110855013,2143.3506498265665,24.0,False,"SOC floor violated (min 0.005, unmet 557 Wh); did not refill (end SOC 0.005)"
4.0,0.4,1.6,0.28,0.4,0.5,0.16000000000000003,1.213620883668245,2,mixed,18+18+12,3,48,19x10E,9.977409474083988,1.4112690120803788,11.337314050716731,0.28508932159267586,10.072851804374489,12.087422165249386,12.287790898867271,122.71322615088496,127.71371869498262,3.035997794107239,0.00832349615984971,0.00832349615984971,-942.278900769023,942.278900769023,0.0,1056.515168591296,2831.784751013363,22.666666666666664,False,"SOC floor violated (min 0.008, unmet 942 Wh); did not refill (end SOC 0.008)"
4.0,0.4,1.6,0.34,0.4,0.5,0.16000000000000003,1.213620883668245,2,mixed,18+18+12,3,48,19x10E,9.977409474083988,1.4112690120803788,11.337314050716731,0.28508932159267586,10.072851804374489,12.087422165249386,12.287790898867271,122.71322615088496,127.71371869498262,3.035997794107239,0.00832349615984971,0.00832349615984971,-942.278900769023,942.278900769023,0.0,1056.515168591296,2831.784751013363,22.666666666666664,False,"SOC floor violated (min 0.008, unmet 942 Wh); did not refill (end SOC 0.008)"
5.5,0.36,1.6,0.34,0.4,0.0,0.144,0.3835149184829639,2,mixed,16+16,2,32,19x10E,9.81666322101407,1.4688392223923201,20.594493623836772,0.3125376910323436,9.793620354305114,11.752344425166136,11.947158698823397,85.63892949428693,88.72436296753325,3.251117554862626,0.00422829949070644,0.00422829949070644,-942.5954626919776,392.0845843470398,0.0,704.3434457275309,1935.3343078628932,24.0,False,"SOC floor violated (min 0.004, unmet 392 Wh); did not refill (end SOC 0.004)"
4.5,0.36,1.6,0.34,0.4,0.0,0.144,0.34912303194307287,2,mixed,12+12,2,24,19x12E,9.249572875030946,1.2094105748997037,16.743693515065658,0.304806476071805,10.476649330093563,12.571979196112276,12.780380252694668,75.3384392869685,77.27626882795293,4.704599740784419,0.0038419758390132027,0.0038419758390132027,-942.9686513395131,320.1697200471893,0.0,528.257584295648,1688.1225428872488,24.0,False,"SOC floor violated (min 0.004, unmet 320 Wh); did not refill (end SOC 0.004)"
4.0,0.4,1.3,0.28,0.6,0.0,0.24,0.4500270848225105,2,mixed,14+14+12,3,40,19x10E,9.597868866892787,1.3520043335716017,11.834281594151891,0.2876536586435365,10.093616812373817,12.11234017484858,12.313121965109923,116.04925248966546,120.78443343188755,3.18638693160353,0.007353868878125216,0.007353868878125216,-950.445384236863,950.445384236863,0.0,880.4293071594137,2665.1820597519727,24.0,False,"SOC floor violated (min 0.007, unmet 950 Wh); did not refill (end SOC 0.007)"
4.0,0.4,1.3,0.34,0.6,0.0,0.24,0.4500270848225105,2,mixed,14+14+12,3,40,19x10E,9.597868866892787,1.3520043335716017,11.834281594151891,0.2876536586435365,10.093616812373817,12.11234017484858,12.313121965109923,116.04925248966546,120.78443343188755,3.18638693160353,0.007353868878125216,0.007353868878125216,-950.445384236863,950.445384236863,0.0,880.4293071594137,2665.1820597519727,24.0,False,"SOC floor violated (min 0.007, unmet 950 Wh); did not refill (end SOC 0.007)"
4.0,0.36,1.3,0.34,1.0,1.0,0.36,2.0,2,mixed,22+22,2,44,19x10E,9.693505135878809,1.44,11.11111111111111,0.2838461538461538,9.828961310888305,11.794753573065966,11.99027084750721,119.67257820739198,124.05211851805679,3.1320422378083883,0.00883999013559748,0.00883999013559748,-951.0030182553431,951.0030182553431,0.0,968.4722378753553,2752.1418769774036,24.0,False,"SOC floor violated (min 0.009, unmet 951 Wh); did not refill (end SOC 0.009)"
4.0,0.45,1.6,0.28,0.4,0.5,0.18000000000000002,1.2413056184350446,2,mixed,19+19+14+7,4,59,19x10E,10.56329704616623,1.595152516977462,10.030388837248761,0.277132823784629,9.748708595122567,11.69845031414708,11.892371205027873,130.72700686130554,135.4274979596729,2.8255813900347957,0.004780914889777648,0.05503809376466239,-953.7188636293641,953.7188636293641,0.14850402373364108,1298.6332280601353,3039.775497388578,19.25,False,"SOC floor violated (min 0.005, unmet 954 Wh); did not refill (end SOC 0.055)"
4.0,0.45,1.6,0.28,0.6,0.5,0.27,1.2488417794068711,2,mixed,20+20+14+7,4,61,19x10E,10.718008347376834,1.6647915202932366,9.610813008695382,0.27411959767961963,9.612261278199837,11.534713533839804,11.725920220577784,131.87264037911547,136.38257952632978,2.773633605485007,0.003902679557443181,0.07260249554244526,-954.7866848066143,954.7866848066143,0.08453038047699597,1342.6546934181067,3067.868893097109,18.916666666666664,False,"SOC floor violated (min 0.004, unmet 955 Wh); did not refill (end SOC 0.073)"
4.0,0.45,1.6,0.34,0.6,0.5,0.27,1.2488417794068711,2,mixed,20+20+14+7,4,61,19x10E,10.718008347376834,1.6647915202932366,9.610813008695382,0.27411959767961963,9.612261278199837,11.534713533839804,11.725920220577784,131.87264037911547,136.38257952632978,2.773633605485007,0.003902679557443181,0.07260249554244526,-954.7866848066143,954.7866848066143,0.08453038047699597,1342.6546934181067,3067.868893097109,18.916666666666664,False,"SOC floor violated (min 0.004, unmet 955 Wh); did not refill (end SOC 0.073)"
4.0,0.45,1.6,0.28,0.6,0.5,0.27,1.2488417794068711,2,mixed,20+20+14,3,54,19x10E,10.554008347376834,1.6647915202932366,9.610813008695382,0.27411959767961963,9.53843750031725,11.4461250003807,11.6358631877133,128.09030572655064,132.32937060448543,2.8284904758533598,0.0017283093572559027,0.016367039384307495,-956.2680610501546,956.2680610501546,0.21918036386734482,1188.5795646652075,2969.710575322992,20.333333333333332,False,"SOC floor violated (min 0.002, unmet 956 Wh); did not refill (end SOC 0.016)"
4.0,0.45,1.6,0.34,0.6,0.5,0.27,1.2488417794068711,2,mixed,20+20+14,3,54,19x10E,10.554008347376834,1.6647915202932366,9.610813008695382,0.27411959767961963,9.53843750031725,11.4461250003807,11.6358631877133,128.09030572655064,132.32937060448543,2.8284904758533598,0.0017283093572559027,0.016367039384307495,-956.2680610501546,956.2680610501546,0.21918036386734482,1188.5795646652075,2969.710575322992,20.333333333333332,False,"SOC floor violated (min 0.002, unmet 956 Wh); did not refill (end SOC 0.016)"
4.0,0.45,1.6,0.28,0.4,0.5,0.18000000000000002,1.2413056184350446,2,mixed,19+19+14,3,52,19x10E,10.39929704616623,1.595152516977462,10.030388837248761,0.277132823784629,9.67273599274929,11.607283191299148,11.799692838450474,126.83885498781463,131.25060699399071,2.882731857826303,0.0007085542702356864,0.005056377060891397,-956.9273710961195,956.9273710961195,0.19116812351297813,1144.5580993072379,2937.367775726078,21.0,False,"SOC floor violated (min 0.001, unmet 957 Wh); did not refill (end SOC 0.005)"
4.0,0.45,1.6,0.34,0.4,0.5,0.18000000000000002,1.2413056184350446,2,mixed,19+19+14,3,52,19x10E,10.39929704616623,1.595152516977462,10.030388837248761,0.277132823784629,9.67273599274929,11.607283191299148,11.799692838450474,126.83885498781463,131.25060699399071,2.882731857826303,0.0007085542702356864,0.005056377060891397,-956.9273710961195,956.9273710961195,0.19116812351297813,1144.5580993072379,2937.367775726078,21.0,False,"SOC floor violated (min 0.001, unmet 957 Wh); did not refill (end SOC 0.005)"
4.5,0.45,1.3,0.28,1.0,1.0,0.45,2.25,2,mixed,24+24+18,3,66,18x10E,11.206691640575242,2.025,10.0,0.2769230769230769,8.91198909860121,10.69438691832145,10.871663821067862,134.69775085798022,138.47967029976843,2.1298532001499852,0.0,0.1218232611007156,-959.136834344759,959.136834344759,0.11697195332191275,1452.7083568130329,3134.4920573817976,18.25,False,"SOC floor violated (min 0.000, unmet 959 Wh); did not refill (end SOC 0.122)"
4.5,0.45,1.3,0.34,1.0,1.0,0.45,2.25,2,mixed,24+24+18,3,66,18x10E,11.206691640575242,2.025,10.0,0.2769230769230769,8.91198909860121,10.69438691832145,10.871663821067862,134.69775085798022,138.47967029976843,2.1298532001499852,0.0,0.1218232611007156,-959.136834344759,959.136834344759,0.11697195332191275,1452.7083568130329,3134.4920573817976,18.25,False,"SOC floor violated (min 0.000, unmet 959 Wh); did not refill (end SOC 0.122)"
4.0,0.45,1.6,0.28,0.6,0.0,0.27,0.4567166790459668,2,mixed,17+17+14,3,48,19x10E,10.21214766413065,1.5222090022282742,10.51104018999922,0.2802890335574304,9.81227811639696,11.774733739676352,11.969919152732375,123.70078299940772,128.22375690407796,2.9551661971573915,0.0050475374690612225,0.0050475374690612225,-959.9980986566536,959.9980986566536,0.0,1056.515168591296,2852.5879369063337,23.166666666666668,False,"SOC floor violated (min 0.005, unmet 960 Wh); did not refill (end SOC 0.005)"
4.0,0.45,1.6,0.34,0.6,0.0,0.27,0.4567166790459668,2,mixed,17+17+14,3,48,19x10E,10.21214766413065,1.5222090022282742,10.51104018999922,0.2802890335574304,9.81227811639696,11.774733739676352,11.969919152732375,123.70078299940772,128.22375690407796,2.9551661971573915,0.0050475374690612225,0.0050475374690612225,-959.9980986566536,959.9980986566536,0.0,1056.515168591296,2852.5879369063337,23.166666666666668,False,"SOC floor violated (min 0.005, unmet 960 Wh); did not refill (end SOC 0.005)"
5.0,0.36,1.3,0.28,0.6,0.5,0.216,1.4956291289888761,3,mixed,23+23+14+7,4,67,16x12E,11.744014223907275,1.6553705945743977,15.10235839753309,0.3003128143040936,10.090417023295485,12.108500427954581,12.309218568149598,90.73476166619804,123.39265900946579,1.8519943287627565,0.16223805689327592,0.3172797961504933,-960.2815753779352,0.0,0.10680456568215271,1474.7190894920182,2340.669390297083,15.333333333333332,False,"SOC floor violated (min 0.162, unmet 0 Wh); did not refill (end SOC 0.317)"
5.5,0.4,1.6,0.34,0.4,0.0,0.16000000000000003,0.4290000000310116,3,mixed,19+19+12,3,50,16x12E,11.658213251258042,1.642960000007443,18.411890733714127,0.3085527272725569,10.09138909820224,12.109666917842688,12.310404394509822,74.99294189887505,111.01368876739242,1.9120441174882359,0.2728570878327733,0.31287063356633016,-966.6704519623876,0.0,0.16436440629691754,1100.5366339492666,1974.000038332552,15.833333333333332,False,did not refill (end SOC 0.313)
4.0,0.36,1.6,0.28,1.0,1.0,0.36,2.0,2,mixed,24+24,2,48,19x10E,9.911530125581612,1.44,11.11111111111111,0.2838461538461538,9.938882490493658,11.926658988592388,12.124362810397088,124.32294424609417,129.10705338717005,3.045972891841963,0.00527548862989216,0.00527548862989216,-971.4220098501288,971.4220098501288,0.0,1056.515168591296,2863.750661906262,24.0,False,"SOC floor violated (min 0.005, unmet 971 Wh); did not refill (end SOC 0.005)"
4.0,0.36,1.6,0.34,1.0,1.0,0.36,2.0,2,mixed,24+24,2,48,19x10E,9.911530125581612,1.44,11.11111111111111,0.2838461538461538,9.938882490493658,11.926658988592388,12.124362810397088,124.32294424609417,129.10705338717005,3.045972891841963,0.00527548862989216,0.00527548862989216,-971.4220098501288,971.4220098501288,0.0,1056.515168591296,2863.750661906262,24.0,False,"SOC floor violated (min 0.005, unmet 971 Wh); did not refill (end SOC 0.005)"
4.0,0.52,1.6,0.28,0.6,0.0,0.312,0.5324707978642856,2,mixed,24+20+20,3,64,19x10E,10.880418185146722,1.7747539259557716,9.01533433226998,0.26936160897306755,9.379985570810549,11.255982684972658,11.647697158486258,134.10032720807388,140.04141937299315,2.7145295281859267,0.008028871487412579,0.09501505250771361,-973.4198060618415,973.4198060618415,0.2835725784968398,1408.6868914550616,3130.588768887086,18.583333333333336,False,"SOC floor violated (min 0.008, unmet 973 Wh); did not refill (end SOC 0.095)"
4.0,0.52,1.6,0.34,0.6,0.0,0.312,0.5324707978642856,2,mixed,24+20+20,3,64,19x10E,10.880418185146722,1.7747539259557716,9.01533433226998,0.26936160897306755,9.379985570810549,11.255982684972658,11.647697158486258,134.10032720807388,140.04141937299315,2.7145295281859267,0.008028871487412579,0.09501505250771361,-973.4198060618415,973.4198060618415,0.2835725784968398,1408.6868914550616,3130.588768887086,18.583333333333336,False,"SOC floor violated (min 0.008, unmet 973 Wh); did not refill (end SOC 0.095)"
4.0,0.52,1.3,0.22,0.4,0.5,0.20800000000000002,1.3125649095242835,2,mixed,27+23+23,3,73,19x10E,10.995203387854868,1.8655202517715765,8.576695956425949,0.2654342198752683,9.197082852998848,11.036499423598618,11.21944739901049,138.12825324466763,142.0440516918107,2.655699487152847,0.006905158920622731,0.20906606381221687,-976.1020830202069,976.1020830202069,0.11301520939169288,1606.7834855659298,3220.857084315708,17.416666666666664,False,"SOC floor violated (min 0.007, unmet 976 Wh); did not refill (end SOC 0.209)"
4.0,0.52,1.3,0.28,0.4,0.5,0.20800000000000002,1.3125649095242835,2,mixed,27+23+23,3,73,19x10E,10.995203387854868,1.8655202517715765,8.576695956425949,0.2654342198752683,9.197082852998848,11.036499423598618,11.21944739901049,138.12825324466763,142.0440516918107,2.655699487152847,0.006905158920622731,0.20906606381221687,-976.1020830202069,976.1020830202069,0.11301520939169288,1606.7834855659298,3220.857084315708,17.416666666666664,False,"SOC floor violated (min 0.007, unmet 976 Wh); did not refill (end SOC 0.209)"
4.0,0.52,1.3,0.34,0.4,0.5,0.20800000000000002,1.3125649095242835,2,mixed,27+23+23,3,73,19x10E,10.995203387854868,1.8655202517715765,8.576695956425949,0.2654342198752683,9.197082852998848,11.036499423598618,11.21944739901049,138.12825324466763,142.0440516918107,2.655699487152847,0.006905158920622731,0.20906606381221687,-976.1020830202069,976.1020830202069,0.11301520939169288,1606.7834855659298,3220.857084315708,17.416666666666664,False,"SOC floor violated (min 0.007, unmet 976 Wh); did not refill (end SOC 0.209)"
4.0,0.36,1.3,0.28,0.6,0.5,0.216,1.2202214234589919,2,mixed,17+17,2,34,19x10E,9.381161249695001,1.3277118849780947,12.050807242916243,0.2887047742076786,10.069892361058258,12.08387083326991,12.284180697768997,111.71537094668433,116.19799345161577,3.2798136528496205,0.006831509057234432,0.006831509057234432,-977.7750763940765,977.7750763940765,0.0,748.3649110855013,2561.1689027204425,24.0,False,"SOC floor violated (min 0.007, unmet 978 Wh); did not refill (end SOC 0.007)"
4.0,0.36,1.3,0.34,0.6,0.5,0.216,1.2202214234589919,2,mixed,17+17,2,34,19x10E,9.381161249695001,1.3277118849780947,12.050807242916243,0.2887047742076786,10.069892361058258,12.08387083326991,12.284180697768997,111.71537094668433,116.19799345161577,3.2798136528496205,0.006831509057234432,0.006831509057234432,-977.7750763940765,977.7750763940765,0.0,748.3649110855013,2561.1689027204425,24.0,False,"SOC floor violated (min 0.007, unmet 978 Wh); did not refill (end SOC 0.007)"
4.0,0.52,1.6,0.28,0.6,0.0,0.312,0.5324707978642856,2,mixed,24+20+20+8,4,72,19x10E,11.05241818514672,1.7747539259557716,9.01533433226998,0.26936160897306755,9.453835275828261,11.344602330993913,11.73778581965435,138.05697604929435,144.46359779721075,2.660087380699774,0.0035551363166492315,0.17540478931349365,-979.1684334139543,979.1684334139543,0.13569425858743972,1584.7727528869445,3234.4765813988706,17.583333333333332,False,"SOC floor violated (min 0.004, unmet 979 Wh); did not refill (end SOC 0.175)"
4.0,0.52,1.6,0.34,0.6,0.0,0.312,0.5324707978642856,2,mixed,24+20+20+8,4,72,19x10E,11.05241818514672,1.7747539259557716,9.01533433226998,0.26936160897306755,9.453835275828261,11.344602330993913,11.73778581965435,138.05697604929435,144.46359779721075,2.660087380699774,0.0035551363166492315,0.17540478931349365,-979.1684334139543,979.1684334139543,0.13569425858743972,1584.7727528869445,3234.4765813988706,17.583333333333332,False,"SOC floor violated (min 0.004, unmet 979 Wh); did not refill (end SOC 0.175)"
4.0,0.4,1.3,0.28,0.4,0.5,0.16000000000000003,1.2378385233258826,3,mixed,18+18+14+7,4,57,22x12E,11.317417461810141,1.417081245598212,11.290813458790572,0.2848378307193081,10.705938444194336,12.847126133033203,13.060088198783303,93.5896722025284,96.14745092103391,6.030200124752958,0.12486402695781032,0.29980555417776766,-985.6017519964146,0.0,0.11298917649806009,1254.611762702164,2145.5486214760135,16.416666666666668,False,"SOC floor violated (min 0.125, unmet 0 Wh); did not refill (end SOC 0.300)"
4.5,0.4,1.3,0.28,0.4,0.5,0.16000000000000003,1.37674418394554,3,mixed,21+21+14+7,4,63,17x12E,11.622682865674763,1.5904186041469297,12.732496933322604,0.29178056054198526,10.241083792627002,12.289300551152403,12.493015748224215,84.81333691726572,126.91489143131584,2.2988597563180533,0.20020642698202082,0.2983298640347763,-987.7400270136092,0.0,0.31540827558585366,1386.6761587760775,2280.400225136139,15.333333333333332,False,did not refill (end SOC 0.298)
4.5,0.4,1.3,0.34,0.4,0.5,0.16000000000000003,1.37674418394554,3,mixed,21+21+14+7,4,63,17x12E,11.622682865674763,1.5904186041469297,12.732496933322604,0.29178056054198526,10.241083792627002,12.289300551152403,12.493015748224215,84.81333691726572,126.91489143131584,2.2988597563180533,0.20020642698202082,0.2983298640347763,-987.7400270136092,0.0,0.31540827558585366,1386.6761587760775,2280.400225136139,15.333333333333332,False,did not refill (end SOC 0.298)
4.0,0.4,1.6,0.28,1.0,1.0,0.4,2.0,2,mixed,22+22+14,3,58,19x10E,10.436985863988303,1.6,10.0,0.2769230769230769,9.675557663830082,11.610669196596097,11.803134972306855,132.09786351194867,136.71556905151985,2.850638356934217,0.008184162197704833,0.042761221574737614,-994.4418386786658,994.4418386786658,0.15313717365966775,1276.6224953811493,3070.358781624893,19.666666666666664,False,"SOC floor violated (min 0.008, unmet 994 Wh); did not refill (end SOC 0.043)"
4.0,0.4,1.6,0.34,1.0,1.0,0.4,2.0,2,mixed,22+22+14,3,58,19x10E,10.436985863988303,1.6,10.0,0.2769230769230769,9.675557663830082,11.610669196596097,11.803134972306855,132.09786351194867,136.71556905151985,2.850638356934217,0.008184162197704833,0.042761221574737614,-994.4418386786658,994.4418386786658,0.15313717365966775,1276.6224953811493,3070.358781624893,19.666666666666664,False,"SOC floor violated (min 0.008, unmet 994 Wh); did not refill (end SOC 0.043)"
4.0,0.4,1.3,0.34,0.4,0.5,0.16000000000000003,1.2378385233258826,2,mixed,18+18,2,36,19x10E,9.599230973808956,1.417081245598212,11.290813458790572,0.2848378307193081,9.859826999975665,11.831792399970798,12.027923653368031,114.1416120617935,118.34916118169826,3.189205923829359,0.009887817443537866,0.009887817443537866,-995.0665649102415,995.0665649102415,0.0,792.3863764434723,2619.398689483028,24.0,False,"SOC floor violated (min 0.010, unmet 995 Wh); did not refill (end SOC 0.010)"
5.0,0.36,1.6,0.34,0.4,0.0,0.144,0.3667479449487575,3,mixed,15+15,2,30,22x12E,10.88294295098208,1.3392175561089317,18.66761668853638,0.3090678215231372,10.799311257460117,12.959173508952139,13.17399294267625,69.87706821014116,71.76119721098004,6.4330682390882785,0.28248383894459267,0.29171902772169706,-997.319128831261,0.0,0.20104394326931896,660.32198036956,1564.5861530467475,20.0,False,did not refill (end SOC 0.292)
4.0,0.4,1.3,0.34,0.6,0.5,0.24,1.2453047623958522,2,mixed,18+18,2,36,19x10E,9.725039572727463,1.4792487619833365,10.81630109228392,0.2821478901064903,9.713450484111153,11.656140580933384,11.849360118990733,114.30922335052892,118.28833070811719,3.1416494582116807,0.008265309297652193,0.008265309297652193,-997.5388314190903,997.5388314190903,0.0,792.3863764434723,2623.42136041269,24.0,False,"SOC floor violated (min 0.008, unmet 998 Wh); did not refill (end SOC 0.008)"
4.0,0.52,1.3,0.22,0.4,0.5,0.20800000000000002,1.3125649095242835,2,mixed,27+23+23+9,4,82,19x10E,11.175203387854868,1.8655202517715765,8.576695956425949,0.2654342198752683,9.272058931268576,11.126470717522292,11.310910113849145,142.45439024157562,146.5589966749034,2.6012892588762004,0.009511408562361,0.3251592902403382,-998.7093331029498,998.7093331029498,0.2552124215502616,1804.8800796767978,3328.6637624394534,16.75,False,"SOC floor violated (min 0.010, unmet 999 Wh); did not refill (end SOC 0.325)"
4.0,0.52,1.3,0.28,0.4,0.5,0.20800000000000002,1.3125649095242835,2,mixed,27+23+23+9,4,82,19x10E,11.175203387854868,1.8655202517715765,8.576695956425949,0.2654342198752683,9.272058931268576,11.126470717522292,11.310910113849145,142.45439024157562,146.5589966749034,2.6012892588762004,0.009511408562361,0.3251592902403382,-998.7093331029498,998.7093331029498,0.2552124215502616,1804.8800796767978,3328.6637624394534,16.75,False,"SOC floor violated (min 0.010, unmet 999 Wh); did not refill (end SOC 0.325)"
4.0,0.52,1.3,0.34,0.4,0.5,0.20800000000000002,1.3125649095242835,2,mixed,27+23+23+9,4,82,19x10E,11.175203387854868,1.8655202517715765,8.576695956425949,0.2654342198752683,9.272058931268576,11.126470717522292,11.310910113849145,142.45439024157562,146.5589966749034,2.6012892588762004,0.009511408562361,0.3251592902403382,-998.7093331029498,998.7093331029498,0.2552124215502616,1804.8800796767978,3328.6637624394534,16.75,False,"SOC floor violated (min 0.010, unmet 999 Wh); did not refill (end SOC 0.325)"
4.0,0.4,1.6,0.28,1.0,1.0,0.4,2.0,2,mixed,22+22+14+7,4,65,19x10E,10.600985863988303,1.6,10.0,0.2769230769230769,9.751279070565424,11.701534884678509,11.895506907345936,136.17499594251512,141.09512266486263,2.793712275852183,0.004718912195087228,0.09901201535190206,-999.5632908726056,999.5632908726056,0.1937802216150549,1430.6976241340474,3174.8505890330894,18.583333333333336,False,"SOC floor violated (min 0.005, unmet 1000 Wh); did not refill (end SOC 0.099)"
4.0,0.4,1.3,0.28,0.6,0.5,0.24,1.2453047623958522,3,mixed,18+18+14+7,4,57,22x12E,11.443226060728648,1.4792487619833365,10.81630109228392,0.2821478901064903,10.536638514933138,12.643966217919765,12.853560576779458,94.2474161559245,96.71893993590473,5.938751512955838,0.11730911460414847,0.2891914990633227,-1000.9815178572454,0.0,0.3152229101890794,1254.611762702164,2160.6803764070446,16.416666666666668,False,"SOC floor violated (min 0.117, unmet 0 Wh); did not refill (end SOC 0.289)"
4.0,0.52,1.3,0.22,0.6,0.5,0.312,1.3213036540676684,2,mixed,27+24+24,3,75,19x10E,11.16364921904962,1.938831160046075,8.252394705488316,0.2622621132672371,9.090369670884503,10.908443605061402,11.089268846457541,140.60571167638807,144.46369875234768,2.5974987281005277,0.003803440572123203,0.22086916133264778,-1002.8944042017098,1002.8944042017098,0.26723066354212455,1650.8049509239013,3279.935495150034,17.416666666666664,False,"SOC floor violated (min 0.004, unmet 1003 Wh); did not refill (end SOC 0.221)"
4.0,0.52,1.3,0.28,0.6,0.5,0.312,1.3213036540676684,2,mixed,27+24+24,3,75,19x10E,11.16364921904962,1.938831160046075,8.252394705488316,0.2622621132672371,9.090369670884503,10.908443605061402,11.089268846457541,140.60571167638807,144.46369875234768,2.5974987281005277,0.003803440572123203,0.22086916133264778,-1002.8944042017098,1002.8944042017098,0.26723066354212455,1650.8049509239013,3279.935495150034,17.416666666666664,False,"SOC floor violated (min 0.004, unmet 1003 Wh); did not refill (end SOC 0.221)"
4.0,0.52,1.3,0.34,0.6,0.5,0.312,1.3213036540676684,2,mixed,27+24+24,3,75,19x10E,11.16364921904962,1.938831160046075,8.252394705488316,0.2622621132672371,9.090369670884503,10.908443605061402,11.089268846457541,140.60571167638807,144.46369875234768,2.5974987281005277,0.003803440572123203,0.22086916133264778,-1002.8944042017098,1002.8944042017098,0.26723066354212455,1650.8049509239013,3279.935495150034,17.416666666666664,False,"SOC floor violated (min 0.004, unmet 1003 Wh); did not refill (end SOC 0.221)"
4.5,0.36,1.6,0.28,0.4,0.5,0.144,1.3279157997136048,3,mixed,20+20,2,40,22x12E,11.135303855049136,1.4208298127381387,14.252234728222238,0.2975784679405764,10.605434226183714,12.726521071420457,12.937483911600964,79.1106351914576,81.15883105258254,6.204860319436744,0.2269675009931433,0.28699838752174156,-1004.1593364809964,0.0,0.10393462190618763,880.4293071594137,1791.1151027501583,17.916666666666668,False,did not refill (end SOC 0.287)
4.5,0.36,1.6,0.34,0.4,0.5,0.144,1.3279157997136048,3,mixed,20+20,2,40,22x12E,11.135303855049136,1.4208298127381387,14.252234728222238,0.2975784679405764,10.605434226183714,12.726521071420457,12.937483911600964,79.1106351914576,81.15883105258254,6.204860319436744,0.2269675009931433,0.28699838752174156,-1004.1593364809964,0.0,0.10393462190618763,880.4293071594137,1791.1151027501583,17.916666666666668,False,did not refill (end SOC 0.287)
4.5,0.36,1.6,0.28,0.6,0.0,0.216,0.38213259298716656,3,mixed,15+15+10,3,40,22x12E,11.098466017041503,1.3510270933901518,14.988596527095828,0.29996488569606317,10.857951523021272,13.029541827625527,13.245527730982838,79.24884325812256,81.45450987454943,6.254662658636845,0.22518830077804708,0.2839359381280434,-1008.5968256524651,0.0,0.25846508288951375,880.4293071594136,1795.390043444866,17.916666666666668,False,did not refill (end SOC 0.284)
4.5,0.36,1.6,0.34,0.6,0.0,0.216,0.38213259298716656,3,mixed,15+15+10,3,40,22x12E,11.098466017041503,1.3510270933901518,14.988596527095828,0.29996488569606317,10.857951523021272,13.029541827625527,13.245527730982838,79.24884325812256,81.45450987454943,6.254662658636845,0.22518830077804708,0.2839359381280434,-1008.5968256524651,0.0,0.25846508288951375,880.4293071594136,1795.390043444866,17.916666666666668,False,did not refill (end SOC 0.284)
4.5,0.36,1.3,0.34,0.4,0.0,0.144,0.3901586067935855,3,mixed,12+12+12,3,36,22x12E,10.60580509286932,1.2182742590674143,16.621872989010964,0.30450344413444735,11.177578691658628,13.413094429990354,13.635438343199644,76.00722277661504,78.27262922178846,6.594043167655051,0.24349893303399728,0.27780230190621424,-1017.4844645378955,0.0,0.24609056004535645,792.3863764434724,1716.4442982167784,18.583333333333336,False,did not refill (end SOC 0.278)
4.0,0.36,1.3,0.28,1.0,1.0,0.36,2.0,3,mixed,22+22+14,3,58,22x12E,11.247691623879994,1.44,11.11111111111111,0.2838461538461538,10.587633603128245,12.705160323753892,12.91576907470838,95.92749565130048,98.46555013007298,6.038968654993731,0.10146562154354213,0.2761099721117635,-1019.9366504100547,0.0,0.3124553555968248,1276.6224953811497,2201.5068087619084,16.416666666666668,False,"SOC floor violated (min 0.101, unmet 0 Wh); did not refill (end SOC 0.276)"
4.0,0.36,1.3,0.34,1.0,1.0,0.36,2.0,3,mixed,22+22+14,3,58,22x12E,11.247691623879994,1.44,11.11111111111111,0.2838461538461538,10.587633603128245,12.705160323753892,12.91576907470838,95.92749565130048,98.46555013007298,6.038968654993731,0.10146562154354213,0.2761099721117635,-1019.9366504100547,0.0,0.3124553555968248,1276.6224953811497,2201.5068087619084,16.416666666666668,False,"SOC floor violated (min 0.101, unmet 0 Wh); did not refill (end SOC 0.276)"
4.0,0.52,1.6,0.22,0.4,0.5,0.20800000000000002,1.2804384110940128,2,mixed,24+24+24,3,72,19x10E,11.119400394003396,1.855496784261332,8.623027609487103,0.26586792760407696,9.273827868142215,11.128593441770658,11.3130680257135,140.31482275506747,144.33397914359264,2.6227936709913635,0.007649921688969004,0.18028230434888343,-1022.1312154116802,1022.1312154116802,0.14649581305561554,1584.7727528869445,3272.675473549903,17.75,False,"SOC floor violated (min 0.008, unmet 1022 Wh); did not refill (end SOC 0.180)"
4.0,0.52,1.6,0.28,0.4,0.5,0.20800000000000002,1.2804384110940128,2,mixed,24+24+24,3,72,19x10E,11.119400394003396,1.855496784261332,8.623027609487103,0.26586792760407696,9.273827868142215,11.128593441770658,11.3130680257135,140.31482275506747,144.33397914359264,2.6227936709913635,0.007649921688969004,0.18028230434888343,-1022.1312154116802,1022.1312154116802,0.14649581305561554,1584.7727528869445,3272.675473549903,17.75,False,"SOC floor violated (min 0.008, unmet 1022 Wh); did not refill (end SOC 0.180)"
4.0,0.52,1.6,0.34,0.4,0.5,0.20800000000000002,1.2804384110940128,2,mixed,24+24+24,3,72,19x10E,11.119400394003396,1.855496784261332,8.623027609487103,0.26586792760407696,9.273827868142215,11.128593441770658,11.3130680257135,140.31482275506747,144.33397914359264,2.6227936709913635,0.007649921688969004,0.18028230434888343,-1022.1312154116802,1022.1312154116802,0.14649581305561554,1584.7727528869445,3272.675473549903,17.75,False,"SOC floor violated (min 0.008, unmet 1022 Wh); did not refill (end SOC 0.180)"
4.0,0.52,1.3,0.22,0.6,0.5,0.312,1.3213036540676684,2,mixed,27+24+24+9,4,84,19x10E,11.34364921904962,1.938831160046075,8.252394705488316,0.2622621132672371,9.163362088523362,10.996034506228034,11.178311709647446,144.88563938456616,148.99055436774202,2.545953549142391,0.006881762471004719,0.3386568644885886,-1026.1149807024008,1026.1149807024008,0.0960168543985418,1848.901545034768,3387.015978857591,16.75,False,"SOC floor violated (min 0.007, unmet 1026 Wh); did not refill (end SOC 0.339)"
4.0,0.52,1.3,0.28,0.6,0.5,0.312,1.3213036540676684,2,mixed,27+24+24+9,4,84,19x10E,11.34364921904962,1.938831160046075,8.252394705488316,0.2622621132672371,9.163362088523362,10.996034506228034,11.178311709647446,144.88563938456616,148.99055436774202,2.545953549142391,0.006881762471004719,0.3386568644885886,-1026.1149807024008,1026.1149807024008,0.0960168543985418,1848.901545034768,3387.015978857591,16.75,False,"SOC floor violated (min 0.007, unmet 1026 Wh); did not refill (end SOC 0.339)"
4.0,0.52,1.3,0.34,0.6,0.5,0.312,1.3213036540676684,2,mixed,27+24+24+9,4,84,19x10E,11.34364921904962,1.938831160046075,8.252394705488316,0.2622621132672371,9.163362088523362,10.996034506228034,11.178311709647446,144.88563938456616,148.99055436774202,2.545953549142391,0.006881762471004719,0.3386568644885886,-1026.1149807024008,1026.1149807024008,0.0960168543985418,1848.901545034768,3387.015978857591,16.75,False,"SOC floor violated (min 0.007, unmet 1026 Wh); did not refill (end SOC 0.339)"
4.0,0.52,1.6,0.22,0.4,0.5,0.20800000000000002,1.2804384110940128,2,mixed,24+24+24+8,4,80,19x10E,11.291400394003395,1.855496784261332,8.623027609487103,0.26586792760407696,9.345278538135872,11.214334245763046,11.400230123351504,144.51989286700635,148.7425911729195,2.571391448916387,0.0,0.26744372590110776,-1034.0486303290745,1034.0486303290745,0.25636605110011124,1760.8586143188272,3377.6844254240623,17.083333333333336,False,"SOC floor violated (min 0.000, unmet 1034 Wh); did not refill (end SOC 0.267)"
4.0,0.52,1.6,0.28,0.4,0.5,0.20800000000000002,1.2804384110940128,2,mixed,24+24+24+8,4,80,19x10E,11.291400394003395,1.855496784261332,8.623027609487103,0.26586792760407696,9.345278538135872,11.214334245763046,11.400230123351504,144.51989286700635,148.7425911729195,2.571391448916387,0.0,0.26744372590110776,-1034.0486303290745,1034.0486303290745,0.25636605110011124,1760.8586143188272,3377.6844254240623,17.083333333333336,False,"SOC floor violated (min 0.000, unmet 1034 Wh); did not refill (end SOC 0.267)"
4.0,0.52,1.6,0.34,0.4,0.5,0.20800000000000002,1.2804384110940128,2,mixed,24+24+24+8,4,80,19x10E,11.291400394003395,1.855496784261332,8.623027609487103,0.26586792760407696,9.345278538135872,11.214334245763046,11.400230123351504,144.51989286700635,148.7425911729195,2.571391448916387,0.0,0.26744372590110776,-1034.0486303290745,1034.0486303290745,0.25636605110011124,1760.8586143188272,3377.6844254240623,17.083333333333336,False,"SOC floor violated (min 0.000, unmet 1034 Wh); did not refill (end SOC 0.267)"
4.0,0.36,1.6,0.28,1.0,1.0,0.36,2.0,3,mixed,24+24+12,3,60,22x12E,11.4497166135828,1.44,11.11111111111111,0.2838461538461538,10.682295121254535,12.818754145505443,13.031245899295438,98.33860715059868,100.997430718861,5.930523948085959,0.08069501930552016,0.26588783860261667,-1034.7485218648085,0.0,0.13647033825374422,1320.6439607391203,2260.2893170070142,16.416666666666668,False,"SOC floor violated (min 0.081, unmet 0 Wh); did not refill (end SOC 0.266)"
4.0,0.36,1.6,0.34,1.0,1.0,0.36,2.0,3,mixed,24+24+12,3,60,22x12E,11.4497166135828,1.44,11.11111111111111,0.2838461538461538,10.682295121254535,12.818754145505443,13.031245899295438,98.33860715059868,100.997430718861,5.930523948085959,0.08069501930552016,0.26588783860261667,-1034.7485218648085,0.0,0.13647033825374422,1320.6439607391203,2260.2893170070142,16.416666666666668,False,"SOC floor violated (min 0.081, unmet 0 Wh); did not refill (end SOC 0.266)"
5.0,0.36,1.3,0.34,0.4,0.0,0.144,0.4097021380205588,3,mixed,13+13,2,26,22x12E,10.675661200039167,1.3484956618124406,18.53917717940512,0.308810889365194,10.65911293817577,12.790935525810925,13.002966140615042,68.10528221039544,69.86591622753984,6.552867076801168,0.26567358449392936,0.26567358449392936,-1035.0589760682965,0.0,0.0,572.2790496536185,1514.526773049495,24.0,False,did not refill (end SOC 0.266)
4.0,0.45,1.3,0.28,0.6,0.0,0.27,0.5098574397874889,3,mixed,17+17+14+7,4,55,18x12E,11.478091814140734,1.531774339161748,10.44540281877021,0.2798751487862705,10.370170612360745,12.444204734832894,12.650487721354917,74.48784317609768,130.49828483762536,2.907673940722548,0.2455079762649568,0.2651725732888486,-1035.7849413044585,0.0,0.17767803484180666,1210.5902973441937,2153.1320639595906,15.333333333333332,False,did not refill (end SOC 0.265)
4.0,0.45,1.3,0.34,0.6,0.0,0.27,0.5098574397874889,3,mixed,17+17+14+7,4,55,18x12E,11.478091814140734,1.531774339161748,10.44540281877021,0.2798751487862705,10.370170612360745,12.444204734832894,12.650487721354917,74.48784317609768,130.49828483762536,2.907673940722548,0.2455079762649568,0.2651725732888486,-1035.7849413044585,0.0,0.17767803484180666,1210.5902973441937,2153.1320639595906,15.333333333333332,False,did not refill (end SOC 0.265)
5.5,0.36,1.6,0.34,0.4,0.0,0.144,0.3835149184829639,3,mixed,16+16+10,3,42,19x12E,11.282663221014069,1.4688392223923201,20.594493623836772,0.3125376910323436,10.499464059445158,12.599356871334189,12.80821175752877,82.33357091910378,84.53913468530762,3.821636075295042,0.19713805685659222,0.26285444926750806,-1039.1439030113809,0.0,0.22207100631883608,924.4507725173845,1869.7904755972538,17.75,False,"SOC floor violated (min 0.197, unmet 0 Wh); did not refill (end SOC 0.263)"
4.0,0.52,1.6,0.22,0.6,0.5,0.312,1.2886899525424482,2,mixed,25+25+24,3,74,19x10E,11.289899972093021,1.9320475101288292,8.281369850440747,0.2625556365809641,9.157661690538614,10.989194028646336,11.171357839994913,142.79509083090431,146.80708370523928,2.5656285134213945,0.0049902204659431956,0.19174348474816386,-1049.3774830418906,1049.3774830418906,0.36047891721110636,1628.7942182449158,3332.4914681458267,17.666666666666668,False,"SOC floor violated (min 0.005, unmet 1049 Wh); did not refill (end SOC 0.192)"
4.0,0.52,1.6,0.28,0.6,0.5,0.312,1.2886899525424482,2,mixed,25+25+24,3,74,19x10E,11.289899972093021,1.9320475101288292,8.281369850440747,0.2625556365809641,9.157661690538614,10.989194028646336,11.171357839994913,142.79509083090431,146.80708370523928,2.5656285134213945,0.0049902204659431956,0.19174348474816386,-1049.3774830418906,1049.3774830418906,0.36047891721110636,1628.7942182449158,3332.4914681458267,17.666666666666668,False,"SOC floor violated (min 0.005, unmet 1049 Wh); did not refill (end SOC 0.192)"
4.0,0.52,1.6,0.34,0.6,0.5,0.312,1.2886899525424482,2,mixed,25+25+24,3,74,19x10E,11.289899972093021,1.9320475101288292,8.281369850440747,0.2625556365809641,9.157661690538614,10.989194028646336,11.171357839994913,142.79509083090431,146.80708370523928,2.5656285134213945,0.0049902204659431956,0.19174348474816386,-1049.3774830418906,1049.3774830418906,0.36047891721110636,1628.7942182449158,3332.4914681458267,17.666666666666668,False,"SOC floor violated (min 0.005, unmet 1049 Wh); did not refill (end SOC 0.192)"
4.0,0.45,1.3,0.28,0.4,0.0,0.18000000000000002,0.4710318751196979,3,mixed,15+15+14+7,4,51,22x12E,11.221885674635375,1.3871786062823184,11.534203257993212,0.28613169492047663,10.774947879662399,12.929937455594878,13.144272254058713,91.66035801073448,94.21016799006817,6.101158644558585,0.1253070486567194,0.24190767803504462,-1069.4957745272202,0.0,0.265639004687659,1122.5473666282521,2097.484777948012,17.083333333333336,False,"SOC floor violated (min 0.125, unmet 0 Wh); did not refill (end SOC 0.242)"
4.5,0.36,1.3,0.28,0.6,0.5,0.216,1.3582788216710497,3,mixed,20+20+14+7,4,61,19x12E,11.416993499313376,1.491592150320631,13.576097189601784,0.29515924272408095,10.480916995467586,12.577100394561104,12.785586343359038,100.70677427596439,103.45813955125716,3.6819448669464725,0.05692543995540886,0.24108369658639778,-1070.6897236463094,0.0,0.34535955204015656,1342.6546934181067,2317.8271026274565,16.416666666666668,False,"SOC floor violated (min 0.057, unmet 0 Wh); did not refill (end SOC 0.241)"
4.0,0.45,1.3,0.34,0.4,0.0,0.18000000000000002,0.4710318751196979,2,mixed,15+15,2,30,19x10E,9.50369918663419,1.3871786062823184,11.534203257993212,0.28613169492047663,9.91581918595037,11.898983023140444,12.096228070685964,111.99466945466853,116.20922431979854,3.2328617369144057,0.0076163063248143575,0.0076163063248143575,-1073.3627599683575,1073.3627599683575,0.0,660.3219803695604,2567.872066912051,24.0,False,"SOC floor violated (min 0.008, unmet 1073 Wh); did not refill (end SOC 0.008)"
4.0,0.52,1.6,0.22,0.6,0.5,0.312,1.2886899525424482,2,mixed,25+25+24+8,4,82,19x10E,11.46189997209302,1.9320475101288292,8.281369850440747,0.2625556365809641,9.227155836152587,11.072587003383104,11.256133189278723,146.96128716587373,151.16939602434374,2.5165169397239207,0.008683200874716081,0.2919165068170993,-1074.005829890138,1074.005829890138,0.11808979822935584,1804.880079676798,3436.1769782520355,17.083333333333336,False,"SOC floor violated (min 0.009, unmet 1074 Wh); did not refill (end SOC 0.292)"
4.0,0.52,1.6,0.28,0.6,0.5,0.312,1.2886899525424482,2,mixed,25+25+24+8,4,82,19x10E,11.46189997209302,1.9320475101288292,8.281369850440747,0.2625556365809641,9.227155836152587,11.072587003383104,11.256133189278723,146.96128716587373,151.16939602434374,2.5165169397239207,0.008683200874716081,0.2919165068170993,-1074.005829890138,1074.005829890138,0.11808979822935584,1804.880079676798,3436.1769782520355,17.083333333333336,False,"SOC floor violated (min 0.009, unmet 1074 Wh); did not refill (end SOC 0.292)"
4.0,0.52,1.6,0.34,0.6,0.5,0.312,1.2886899525424482,2,mixed,25+25+24+8,4,82,19x10E,11.46189997209302,1.9320475101288292,8.281369850440747,0.2625556365809641,9.227155836152587,11.072587003383104,11.256133189278723,146.96128716587373,151.16939602434374,2.5165169397239207,0.008683200874716081,0.2919165068170993,-1074.005829890138,1074.005829890138,0.11808979822935584,1804.880079676798,3436.1769782520355,17.083333333333336,False,"SOC floor violated (min 0.009, unmet 1074 Wh); did not refill (end SOC 0.292)"
5.0,0.45,1.3,0.28,1.0,1.0,0.45,2.5,2,mixed,28+28+20+10,4,86,18x12E,11.933247403560092,2.25,11.11111111111111,0.2838461538461538,8.724418952568794,10.469302743082553,10.642848508574595,148.2405589797421,150.16548851610045,2.66000499772965,0.00983537350687434,0.3666046373868553,-1074.2421725966708,1074.2421725966708,0.31976419469233736,1892.9230103927391,3451.7291546524225,16.75,False,"SOC floor violated (min 0.010, unmet 1074 Wh); did not refill (end SOC 0.367)"
5.0,0.45,1.3,0.34,1.0,1.0,0.45,2.5,2,mixed,28+28+20+10,4,86,18x12E,11.933247403560092,2.25,11.11111111111111,0.2838461538461538,8.724418952568794,10.469302743082553,10.642848508574595,148.2405589797421,150.16548851610045,2.66000499772965,0.00983537350687434,0.3666046373868553,-1074.2421725966708,1074.2421725966708,0.31976419469233736,1892.9230103927391,3451.7291546524225,16.75,False,"SOC floor violated (min 0.010, unmet 1074 Wh); did not refill (end SOC 0.367)"
4.0,0.45,1.3,0.28,1.0,1.0,0.45,2.0,2,mixed,20+20+18+9,4,67,19x10E,10.8833858383297,1.8,8.88888888888889,0.2682692307692308,9.315243455636592,11.383420351892115,11.773846978043213,141.244003406233,147.94644207663302,2.6900950905182595,0.0016080588981125642,0.08608621509394047,-1074.4707572616549,1074.4707572616549,0.10848548866068104,1474.7190894920182,3306.16095788092,18.583333333333336,False,"SOC floor violated (min 0.002, unmet 1074 Wh); did not refill (end SOC 0.086)"
4.0,0.45,1.3,0.34,1.0,1.0,0.45,2.0,2,mixed,20+20+18+9,4,67,19x10E,10.8833858383297,1.8,8.88888888888889,0.2682692307692308,9.315243455636592,11.383420351892115,11.773846978043213,141.244003406233,147.94644207663302,2.6900950905182595,0.0016080588981125642,0.08608621509394047,-1074.4707572616549,1074.4707572616549,0.10848548866068104,1474.7190894920182,3306.16095788092,18.583333333333336,False,"SOC floor violated (min 0.002, unmet 1074 Wh); did not refill (end SOC 0.086)"
4.0,0.4,1.6,0.28,0.6,0.5,0.24,1.2205686848003234,2,mixed,18+18,2,36,19x10E,9.899726875216038,1.4752909895680517,10.84531805124399,0.2823191398744593,9.813438627488825,11.776126352986589,11.971334850879193,117.64816517085656,121.91830374019419,3.0753264859977834,0.005724707308071177,0.005724707308071177,-1075.456216568712,1075.456216568712,0.0,792.3863764434723,2703.5559641005534,24.0,False,"SOC floor violated (min 0.006, unmet 1075 Wh); did not refill (end SOC 0.006)"
4.0,0.4,1.6,0.34,0.6,0.5,0.24,1.2205686848003234,2,mixed,18+18,2,36,19x10E,9.899726875216038,1.4752909895680517,10.84531805124399,0.2823191398744593,9.813438627488825,11.776126352986589,11.971334850879193,117.64816517085656,121.91830374019419,3.0753264859977834,0.005724707308071177,0.005724707308071177,-1075.456216568712,1075.456216568712,0.0,792.3863764434723,2703.5559641005534,24.0,False,"SOC floor violated (min 0.006, unmet 1075 Wh); did not refill (end SOC 0.006)"
4.0,0.4,1.6,0.28,0.4,0.5,0.16000000000000003,1.213620883668245,2,mixed,18+18,2,36,19x10E,9.773409474083989,1.4112690120803788,11.337314050716731,0.28508932159267586,9.969344272328465,11.963213126794157,12.161522893049199,117.7045995984585,122.2621769411517,3.1192108874050275,0.005207492862563264,0.005207492862563264,-1076.3168415896432,1076.3168415896432,0.0,792.3863764434723,2704.9103903630134,24.0,False,"SOC floor violated (min 0.005, unmet 1076 Wh); did not refill (end SOC 0.005)"
4.0,0.4,1.6,0.34,0.4,0.5,0.16000000000000003,1.213620883668245,2,mixed,18+18,2,36,19x10E,9.773409474083989,1.4112690120803788,11.337314050716731,0.28508932159267586,9.969344272328465,11.963213126794157,12.161522893049199,117.7045995984585,122.2621769411517,3.1192108874050275,0.005207492862563264,0.005207492862563264,-1076.3168415896432,1076.3168415896432,0.0,792.3863764434723,2704.9103903630134,24.0,False,"SOC floor violated (min 0.005, unmet 1076 Wh); did not refill (end SOC 0.005)"
5.5,0.36,1.3,0.34,0.4,0.5,0.144,1.6238979058029053,3,mixed,25+25+14+7,4,71,19x10E,11.98733732697823,1.7367619476534273,17.417470506462536,0.3064059566970607,9.952671388025669,11.943205665630803,12.141183775590449,113.01496561316675,117.44922492909569,2.5596146896933982,0.007099737989427586,0.23681636115624202,-1076.8730926846054,83.51862917658887,0.09872019665939764,1562.7620202079597,2626.724684414455,16.25,False,"SOC floor violated (min 0.007, unmet 84 Wh); did not refill (end SOC 0.237)"
4.5,0.45,1.3,0.28,0.4,0.0,0.18000000000000002,0.4968104820660935,3,mixed,18+18+14,3,50,17x12E,11.344793542232502,1.5516388301578454,13.050717477816667,0.29310636478092833,10.243572085236472,12.292286502283767,12.496051196364837,77.48493318267116,121.22498699792932,2.378181388295766,0.2237216261299213,0.23551939435497543,-1078.7523975796407,0.0,0.1624316473207467,1100.5366339492666,2085.913822421581,16.083333333333332,False,did not refill (end SOC 0.236)
4.5,0.45,1.3,0.34,0.4,0.0,0.18000000000000002,0.4968104820660935,3,mixed,18+18+14,3,50,17x12E,11.344793542232502,1.5516388301578454,13.050717477816667,0.29310636478092833,10.243572085236472,12.292286502283767,12.496051196364837,77.48493318267116,121.22498699792932,2.378181388295766,0.2237216261299213,0.23551939435497543,-1078.7523975796407,0.0,0.1624316473207467,1100.5366339492666,2085.913822421581,16.083333333333332,False,did not refill (end SOC 0.236)
5.0,0.4,1.6,0.34,0.4,0.0,0.16000000000000003,0.41037840318928526,3,mixed,18+18+12,3,48,19x12E,11.408417184402033,1.4984908167654285,16.68345225762799,0.3046571773818805,10.452835202266991,12.543402242720388,12.751329589699235,89.48609674969632,91.87103178461786,3.7378580314209726,0.13855539277634457,0.23381222450944486,-1081.2260866858144,0.0,0.2686501941477353,1056.5151685912965,2043.3671443059363,17.416666666666664,False,"SOC floor violated (min 0.139, unmet 0 Wh); did not refill (end SOC 0.234)"
4.0,0.4,1.3,0.28,0.4,0.5,0.16000000000000003,1.2378385233258826,3,mixed,18+18+14,3,50,22x12E,11.153417461810141,1.417081245598212,11.290813458790572,0.2848378307193081,10.62808582801002,12.753702993612023,12.965116418479022,91.34055123592097,93.77271975633661,6.1225770930862184,0.12502315074767378,0.23300315243120262,-1082.3984321271873,0.0,0.08647765902074767,1100.5366339492666,2088.5903671749147,17.25,False,"SOC floor violated (min 0.125, unmet 0 Wh); did not refill (end SOC 0.233)"
4.0,0.4,1.3,0.34,0.4,0.5,0.16000000000000003,1.2378385233258826,3,mixed,18+18+14,3,50,22x12E,11.153417461810141,1.417081245598212,11.290813458790572,0.2848378307193081,10.62808582801002,12.753702993612023,12.965116418479022,91.34055123592097,93.77271975633661,6.1225770930862184,0.12502315074767378,0.23300315243120262,-1082.3984321271873,0.0,0.08647765902074767,1100.5366339492666,2088.5903671749147,17.25,False,"SOC floor violated (min 0.125, unmet 0 Wh); did not refill (end SOC 0.233)"
4.5,0.4,1.3,0.28,0.4,0.0,0.16000000000000003,0.4370924833503401,3,mixed,16+16,2,32,22x12E,10.77869761336096,1.3649021960040817,14.836227869868152,0.2994905232135357,10.645861876920582,12.775034252304698,12.98680127756989,75.46577438369766,77.43169198233954,6.439291917429533,0.22159665027999687,0.22946304880518273,-1087.5280422812903,0.0,0.12933953700781348,704.343445727531,1698.5507762036482,20.25,False,did not refill (end SOC 0.229)
4.5,0.4,1.3,0.34,0.4,0.0,0.16000000000000003,0.4370924833503401,3,mixed,16+16,2,32,22x12E,10.77869761336096,1.3649021960040817,14.836227869868152,0.2994905232135357,10.645861876920582,12.775034252304698,12.98680127756989,75.46577438369766,77.43169198233954,6.439291917429533,0.22159665027999687,0.22946304880518273,-1087.5280422812903,0.0,0.12933953700781348,704.343445727531,1698.5507762036482,20.25,False,did not refill (end SOC 0.229)
4.5,0.36,1.6,0.28,1.0,1.0,0.36,2.25,3,mixed,26+26+12+6,4,70,17x12E,11.899297943837581,1.6199999999999999,12.500000000000002,0.2907692307692308,10.267190294752549,12.320628353703059,12.524862860189092,96.43217012615065,136.08880416199224,2.2133913884017966,0.09879566304963473,0.22863556458495757,-1088.7270669163963,0.0,0.11818914439536361,1540.7512875289735,2534.7581918352666,15.416666666666668,False,"SOC floor violated (min 0.099, unmet 0 Wh); did not refill (end SOC 0.229)"
4.0,0.45,1.3,0.28,1.0,1.0,0.45,2.0,2,mixed,20+20+18,3,58,19x10E,10.7033858383297,1.8,8.88888888888889,0.2682692307692308,9.237890016072518,11.290596224415225,11.679484139283018,136.92939204060113,143.15006552949265,2.7490043542973814,0.004661926064643178,0.017471609450902537,-1089.4752014410333,1089.4752014410333,0.19180017654108872,1276.6224953811495,3189.632934557781,20.25,False,"SOC floor violated (min 0.005, unmet 1089 Wh); did not refill (end SOC 0.017)"
4.0,0.45,1.3,0.34,1.0,1.0,0.45,2.0,2,mixed,20+20+18,3,58,19x10E,10.7033858383297,1.8,8.88888888888889,0.2682692307692308,9.237890016072518,11.290596224415225,11.679484139283018,136.92939204060113,143.15006552949265,2.7490043542973814,0.004661926064643178,0.017471609450902537,-1089.4752014410333,1089.4752014410333,0.19180017654108872,1276.6224953811495,3189.632934557781,20.25,False,"SOC floor violated (min 0.005, unmet 1089 Wh); did not refill (end SOC 0.017)"
4.0,0.36,1.3,0.28,0.4,0.5,0.144,1.2132812680256477,3,mixed,17+17+12,3,46,22x12E,10.803763803313917,1.2700687538935398,12.597743193783947,0.29119894814883723,11.048984742500972,13.258781691001166,13.478567618920485,88.2113287292656,90.81454882843495,6.38725348623689,0.14460943938881854,0.22405143677465722,-1095.3694681135216,0.0,0.08790281554611686,1012.4937032333257,2013.7758851387125,17.583333333333332,False,"SOC floor violated (min 0.145, unmet 0 Wh); did not refill (end SOC 0.224)"
4.0,0.36,1.3,0.34,0.4,0.5,0.144,1.2132812680256477,3,mixed,17+17+12,3,46,22x12E,10.803763803313917,1.2700687538935398,12.597743193783947,0.29119894814883723,11.048984742500972,13.258781691001166,13.478567618920485,88.2113287292656,90.81454882843495,6.38725348623689,0.14460943938881854,0.22405143677465722,-1095.3694681135216,0.0,0.08790281554611686,1012.4937032333257,2013.7758851387125,17.583333333333332,False,"SOC floor violated (min 0.145, unmet 0 Wh); did not refill (end SOC 0.224)"
5.0,0.45,1.3,0.28,1.0,1.0,0.45,2.5,2,mixed,28+28+20,3,76,18x12E,11.745247403560093,2.25,11.11111111111111,0.2838461538461538,8.65542255467788,10.386507065613456,10.558680357734692,146.11284040065706,147.95889694437273,2.7009452192885397,0.008507467060503739,0.21846906761926876,-1097.1510139364038,1097.1510139364038,0.11120813082605943,1672.8156836028859,3398.553699104604,17.583333333333332,False,"SOC floor violated (min 0.009, unmet 1097 Wh); did not refill (end SOC 0.218)"
5.0,0.45,1.3,0.34,1.0,1.0,0.45,2.5,2,mixed,28+28+20,3,76,18x12E,11.745247403560093,2.25,11.11111111111111,0.2838461538461538,8.65542255467788,10.386507065613456,10.558680357734692,146.11284040065706,147.95889694437273,2.7009452192885397,0.008507467060503739,0.21846906761926876,-1097.1510139364038,1097.1510139364038,0.11120813082605943,1672.8156836028859,3398.553699104604,17.583333333333332,False,"SOC floor violated (min 0.009, unmet 1097 Wh); did not refill (end SOC 0.218)"
4.0,0.36,1.3,0.28,0.6,0.5,0.216,1.2202214234589919,3,mixed,17+17+12,3,46,22x12E,10.919347737696187,1.3277118849780947,12.050807242916243,0.2887047742076786,10.864128061038125,13.03695367324575,13.25306244003088,88.3388919190034,90.82932765992481,6.300997147257364,0.14305112537671816,0.2224319550169423,-1097.7160971804506,0.0,0.0866712462552949,1012.4937032333257,2016.1137020603244,17.583333333333332,False,"SOC floor violated (min 0.143, unmet 0 Wh); did not refill (end SOC 0.222)"
4.0,0.36,1.3,0.34,0.6,0.5,0.216,1.2202214234589919,3,mixed,17+17+12,3,46,22x12E,10.919347737696187,1.3277118849780947,12.050807242916243,0.2887047742076786,10.864128061038125,13.03695367324575,13.25306244003088,88.3388919190034,90.82932765992481,6.300997147257364,0.14305112537671816,0.2224319550169423,-1097.7160971804506,0.0,0.0866712462552949,1012.4937032333257,2016.1137020603244,17.583333333333332,False,"SOC floor violated (min 0.143, unmet 0 Wh); did not refill (end SOC 0.222)"
4.0,0.4,1.3,0.28,0.6,0.0,0.24,0.4500270848225105,2,mixed,14+14,2,28,19x10E,9.393868866892786,1.3520043335716017,11.834281594151891,0.2876536586435365,9.985772191311492,11.98292662957379,12.18156317928465,111.174900282058,115.47517360283169,3.2762647238218285,0.009279402231521367,0.009279402231521367,-1099.2878604611876,1099.2878604611876,0.0,616.3005150115895,2548.197606769391,24.0,False,"SOC floor violated (min 0.009, unmet 1099 Wh); did not refill (end SOC 0.009)"
4.0,0.4,1.3,0.34,0.6,0.0,0.24,0.4500270848225105,2,mixed,14+14,2,28,19x10E,9.393868866892786,1.3520043335716017,11.834281594151891,0.2876536586435365,9.985772191311492,11.98292662957379,12.18156317928465,111.174900282058,115.47517360283169,3.2762647238218285,0.009279402231521367,0.009279402231521367,-1099.2878604611876,1099.2878604611876,0.0,616.3005150115895,2548.197606769391,24.0,False,"SOC floor violated (min 0.009, unmet 1099 Wh); did not refill (end SOC 0.009)"
4.5,0.36,1.6,0.34,0.4,0.0,0.144,0.34912303194307287,3,mixed,12+12+10,3,34,22x12E,10.771759363032134,1.2094105748997037,16.743693515065658,0.304806476071805,11.305893492395493,13.56707219087459,13.791968536565504,77.83898315614032,80.25764813027915,6.487669269761922,0.20524028188678844,0.21839766872107494,-1103.5617780231623,0.0,0.18657675963376028,748.3649110855015,1758.414921887447,19.75,False,did not refill (end SOC 0.218)
5.0,0.36,1.6,0.28,0.6,0.5,0.216,1.4709668198479715,3,mixed,23+23+12,3,58,16x12E,11.733949051897559,1.651819222058108,15.134828113242857,0.3004111600045448,10.096928724725851,12.116314469671021,12.317162140350018,89.43611508714464,122.36952799589402,1.857895929483482,0.1468436455579497,0.21565787600342998,-1107.53173767103,0.0,0.2301277411984633,1276.622495381149,2289.934065361464,16.0,False,"SOC floor violated (min 0.147, unmet 0 Wh); did not refill (end SOC 0.216)"
5.0,0.36,1.6,0.34,0.6,0.5,0.216,1.4709668198479715,3,mixed,23+23+12,3,58,16x12E,11.733949051897559,1.651819222058108,15.134828113242857,0.3004111600045448,10.096928724725851,12.116314469671021,12.317162140350018,89.43611508714464,122.36952799589402,1.857895929483482,0.1468436455579497,0.21565787600342998,-1107.53173767103,0.0,0.2301277411984633,1276.622495381149,2289.934065361464,16.0,False,"SOC floor violated (min 0.147, unmet 0 Wh); did not refill (end SOC 0.216)"
4.0,0.36,1.6,0.28,0.6,0.5,0.216,1.1980636454752494,3,mixed,18+18+12,3,48,22x12E,11.12144994855973,1.3245211649484359,12.079837169399166,0.2888428342089619,10.977405418104112,13.172886501724934,13.391248576810801,90.69953678104588,93.34975720763867,6.184245157949503,0.12364803560859579,0.21243599479736278,-1112.2002435386214,0.0,0.28789617828018044,1056.5151685912965,2074.2361672201755,17.416666666666664,False,"SOC floor violated (min 0.124, unmet 0 Wh); did not refill (end SOC 0.212)"
4.0,0.36,1.6,0.34,0.6,0.5,0.216,1.1980636454752494,3,mixed,18+18+12,3,48,22x12E,11.12144994855973,1.3245211649484359,12.079837169399166,0.2888428342089619,10.977405418104112,13.172886501724934,13.391248576810801,90.69953678104588,93.34975720763867,6.184245157949503,0.12364803560859579,0.21243599479736278,-1112.2002435386214,0.0,0.28789617828018044,1056.5151685912965,2074.2361672201755,17.416666666666664,False,"SOC floor violated (min 0.124, unmet 0 Wh); did not refill (end SOC 0.212)"
4.5,0.36,1.3,0.34,0.6,0.5,0.216,1.3582788216710497,3,mixed,20+20,2,40,17x12E,10.999931825674947,1.491592150320631,13.576097189601784,0.29515924272408095,10.28770260949582,12.345243131394984,12.549885667961128,70.93117002135261,116.37593708404312,2.477254100773069,0.209271142185931,0.209271142185931,-1116.786114972586,0.0,0.0,880.4293071594137,1904.248513873194,16.916666666666668,False,did not refill (end SOC 0.209)
4.0,0.4,1.6,0.34,1.0,1.0,0.4,2.0,2,mixed,22+22,2,44,19x10E,10.216985863988302,1.6,10.0,0.2769230769230769,9.573039572627907,11.487647487153488,11.678073977415993,126.84619412281305,131.08413045279562,2.929053431197567,0.0054505105935378235,0.0054505105935378235,-1120.3785244121127,1120.3785244121127,0.0,968.4722378753553,2924.308658947531,24.0,False,"SOC floor violated (min 0.005, unmet 1120 Wh); did not refill (end SOC 0.005)"
5.0,0.45,1.6,0.28,1.0,1.0,0.45,2.5,2,mixed,28+28+18,3,74,18x12E,11.865201121267804,2.25,11.11111111111111,0.2838461538461538,8.69950901058528,10.439410812702334,10.612461070702889,146.8611854220525,148.736114586033,2.6778797637937934,0.007007907436729691,0.18206188179609573,-1123.445995630032,1123.445995630032,0.11782695419544827,1628.7942182449158,3416.0742692101267,17.916666666666668,False,"SOC floor violated (min 0.007, unmet 1123 Wh); did not refill (end SOC 0.182)"
5.0,0.45,1.6,0.34,1.0,1.0,0.45,2.5,2,mixed,28+28+18,3,74,18x12E,11.865201121267804,2.25,11.11111111111111,0.2838461538461538,8.69950901058528,10.439410812702334,10.612461070702889,146.8611854220525,148.736114586033,2.6778797637937934,0.007007907436729691,0.18206188179609573,-1123.445995630032,1123.445995630032,0.11782695419544827,1628.7942182449158,3416.0742692101267,17.916666666666668,False,"SOC floor violated (min 0.007, unmet 1123 Wh); did not refill (end SOC 0.182)"
4.0,0.45,1.6,0.28,0.4,0.0,0.18000000000000002,0.4204953692446093,2,mixed,16+16,2,32,19x10E,9.67871815711899,1.3735337496960445,11.648785480182568,0.2867220973689211,10.056288020758,12.0675456249096,12.267584872458235,115.9206610985755,120.56978693059966,3.1597008069742136,0.007301181844906487,0.007301181844906487,-1123.490164258592,1123.490164258592,0.0,704.3434457275309,2662.0958663658043,24.0,False,"SOC floor violated (min 0.007, unmet 1123 Wh); did not refill (end SOC 0.007)"
4.0,0.45,1.6,0.34,0.4,0.0,0.18000000000000002,0.4204953692446093,2,mixed,16+16,2,32,19x10E,9.67871815711899,1.3735337496960445,11.648785480182568,0.2867220973689211,10.056288020758,12.0675456249096,12.267584872458235,115.9206610985755,120.56978693059966,3.1597008069742136,0.007301181844906487,0.007301181844906487,-1123.490164258592,1123.490164258592,0.0,704.3434457275309,2662.0958663658043,24.0,False,"SOC floor violated (min 0.007, unmet 1123 Wh); did not refill (end SOC 0.007)"
4.5,0.4,1.6,0.28,0.4,0.0,0.16000000000000003,0.3908048928230273,3,mixed,16+16,2,32,22x12E,10.947300379739005,1.3537931742775267,14.9579717084973,0.29987031882811876,10.772730780031228,12.927276936037474,13.141567632051073,76.99604071807501,79.0781512620334,6.345751828856147,0.1998253885313747,0.20430185130076947,-1123.986617465185,0.0,0.18496855398145465,704.343445727531,1734.8453457136632,20.666666666666668,False,"SOC floor violated (min 0.200, unmet 0 Wh); did not refill (end SOC 0.204)"
4.5,0.4,1.6,0.34,0.4,0.0,0.16000000000000003,0.3908048928230273,3,mixed,16+16,2,32,22x12E,10.947300379739005,1.3537931742775267,14.9579717084973,0.29987031882811876,10.772730780031228,12.927276936037474,13.141567632051073,76.99604071807501,79.0781512620334,6.345751828856147,0.1998253885313747,0.20430185130076947,-1123.986617465185,0.0,0.18496855398145465,704.343445727531,1734.8453457136632,20.666666666666668,False,"SOC floor violated (min 0.200, unmet 0 Wh); did not refill (end SOC 0.204)"
5.5,0.36,1.3,0.34,0.4,0.0,0.144,0.4282951994852384,3,mixed,16+16+12,3,44,18x12E,11.113317060358531,1.4785117630888114,20.459762820421293,0.31231632328595216,10.386229376487325,12.46347525178479,12.670077678550152,87.77416987452553,90.11623449974445,3.1878632461029617,0.1399241971803497,0.20255421601829657,-1126.518940989488,0.0,0.19826598488844974,968.4722378753551,2000.8276367920346,17.916666666666668,False,"SOC floor violated (min 0.140, unmet 0 Wh); did not refill (end SOC 0.203)"
4.0,0.45,1.6,0.28,1.0,1.0,0.45,2.0,2,mixed,22+22+16+8,4,68,19x10E,11.051879286996666,1.8,8.88888888888889,0.2682692307692308,9.387074466376664,11.4696175647802,11.861473050298637,144.6348725775289,151.74496636035735,2.639305141626858,0.0,0.0779383757971465,-1126.9431751334976,1126.9431751334976,0.11823668070745204,1496.729822171003,3388.5649342205375,18.75,False,"SOC floor violated (min 0.000, unmet 1127 Wh); did not refill (end SOC 0.078)"
4.0,0.45,1.6,0.34,1.0,1.0,0.45,2.0,2,mixed,22+22+16+8,4,68,19x10E,11.051879286996666,1.8,8.88888888888889,0.2682692307692308,9.387074466376664,11.4696175647802,11.861473050298637,144.6348725775289,151.74496636035735,2.639305141626858,0.0,0.0779383757971465,-1126.9431751334976,1126.9431751334976,0.11823668070745204,1496.729822171003,3388.5649342205375,18.75,False,"SOC floor violated (min 0.000, unmet 1127 Wh); did not refill (end SOC 0.078)"
4.5,0.4,1.6,0.28,0.4,0.5,0.16000000000000003,1.351156728492692,3,mixed,21+21+12,3,54,17x12E,11.607862942576144,1.5842776148382463,12.781850737736715,0.2919905088944189,10.25436901930992,12.305242823171904,12.509222289399856,83.42374524030106,125.87919617751652,2.30704760702165,0.1770380460489411,0.2022171893942915,-1127.0072925676716,0.0,0.19758495766196776,1188.579564665208,2221.8134932649436,16.0,False,"SOC floor violated (min 0.177, unmet 0 Wh); did not refill (end SOC 0.202)"
4.5,0.4,1.6,0.34,0.4,0.5,0.16000000000000003,1.351156728492692,3,mixed,21+21+12,3,54,17x12E,11.607862942576144,1.5842776148382463,12.781850737736715,0.2919905088944189,10.25436901930992,12.305242823171904,12.509222289399856,83.42374524030106,125.87919617751652,2.30704760702165,0.1770380460489411,0.2022171893942915,-1127.0072925676716,0.0,0.19758495766196776,1188.579564665208,2221.8134932649436,16.0,False,"SOC floor violated (min 0.177, unmet 0 Wh); did not refill (end SOC 0.202)"
4.5,0.36,1.3,0.28,0.6,0.0,0.216,0.4259422355063571,3,mixed,15+15,2,30,22x12E,10.730279543612953,1.3573356819129154,14.918932928559974,0.29974920745596867,10.651489274062078,12.781787128874493,12.993666094080895,75.4111417481817,77.37648864644594,6.469452577960521,0.20220442941810662,0.20220442941810662,-1127.0257817731633,0.0,0.0,660.3219803695604,1694.125653569276,21.833333333333332,False,did not refill (end SOC 0.202)
4.5,0.36,1.3,0.34,0.6,0.0,0.216,0.4259422355063571,3,mixed,15+15,2,30,22x12E,10.730279543612953,1.3573356819129154,14.918932928559974,0.29974920745596867,10.651489274062078,12.781787128874493,12.993666094080895,75.4111417481817,77.37648864644594,6.469452577960521,0.20220442941810662,0.20220442941810662,-1127.0257817731633,0.0,0.0,660.3219803695604,1694.125653569276,21.833333333333332,False,did not refill (end SOC 0.202)
5.0,0.36,1.6,0.34,0.6,0.0,0.216,0.4019128346549774,3,mixed,17+17+12,3,46,19x12E,11.37529894450027,1.4978754481903167,16.690306280274616,0.3046742183578066,10.439795883584772,12.527755060301725,12.735423029715774,89.61001915444743,91.98750381503612,3.7467393217111833,0.12755058607887468,0.20206913938881668,-1127.2218170256047,0.0,0.1124171929737976,1012.4937032333256,2045.4997388354127,17.75,False,"SOC floor violated (min 0.128, unmet 0 Wh); did not refill (end SOC 0.202)"
4.0,0.45,1.6,0.28,0.4,0.5,0.18000000000000002,1.2413056184350446,3,mixed,19+19+14+7,4,59,18x12E,11.824325373601487,1.595152516977462,10.030388837248761,0.277132823784629,10.314199524796646,12.377039429755975,12.582209041818386,83.38063140068334,136.93698410766973,2.7911184319914684,0.16992709477837065,0.19916019810172467,-1131.436872950601,0.0,0.11055833192876936,1298.6332280601355,2336.36415162578,15.5,False,"SOC floor violated (min 0.170, unmet 0 Wh); did not refill (end SOC 0.199)"
4.0,0.45,1.6,0.34,0.4,0.5,0.18000000000000002,1.2413056184350446,2,mixed,19+19,2,38,19x10E,10.17929704616623,1.595152516977462,10.030388837248761,0.277132823784629,9.569874368019999,11.483849241623998,11.674212769772966,121.83006550076306,125.87927210120917,2.961467633178746,0.00717448257824507,0.00717448257824507,-1133.4439819875631,1133.4439819875631,0.0,836.4078418014426,2803.9215720183015,24.0,False,"SOC floor violated (min 0.007, unmet 1133 Wh); did not refill (end SOC 0.007)"
4.0,0.45,1.6,0.28,1.0,1.0,0.45,2.0,2,mixed,22+22+16,3,60,19x10E,10.879879286996665,1.8,8.88888888888889,0.2682692307692308,9.313742681368128,11.381619422769957,11.77201619558404,140.3693671048779,146.9784609462479,2.6944828973061044,0.0074656139923644175,0.024043519736156125,-1136.9331172461539,1136.9331172461539,0.09886389291172056,1320.6439607391205,3274.7504280624526,20.083333333333336,False,"SOC floor violated (min 0.007, unmet 1137 Wh); did not refill (end SOC 0.024)"
4.0,0.45,1.6,0.34,1.0,1.0,0.45,2.0,2,mixed,22+22+16,3,60,19x10E,10.879879286996665,1.8,8.88888888888889,0.2682692307692308,9.313742681368128,11.381619422769957,11.77201619558404,140.3693671048779,146.9784609462479,2.6944828973061044,0.0074656139923644175,0.024043519736156125,-1136.9331172461539,1136.9331172461539,0.09886389291172056,1320.6439607391205,3274.7504280624526,20.083333333333336,False,"SOC floor violated (min 0.007, unmet 1137 Wh); did not refill (end SOC 0.024)"
4.0,0.45,1.6,0.34,0.6,0.0,0.27,0.4567166790459668,2,mixed,17+17,2,34,19x10E,9.992147664130652,1.5222090022282742,10.51104018999922,0.2802890335574304,9.706009855804236,11.647211826965084,11.84028335636509,118.63425218468163,122.76993719482634,3.037997340675289,0.004112419371050499,0.004112419371050499,-1141.6791929707626,1141.6791929707626,0.0,748.3649110855013,2727.222052432358,24.0,False,"SOC floor violated (min 0.004, unmet 1142 Wh); did not refill (end SOC 0.004)"
6.0,0.4,1.3,0.34,0.4,0.0,0.16000000000000003,0.49917527673716505,3,mixed,22+22+14,3,58,19x10E,11.90914148561168,1.7998020664169199,20.002199503898495,0.3115422679535207,9.744875694938907,11.693850833926687,11.88769548092235,101.2349676660414,104.83534120072096,2.6164107741793576,0.04003013217926712,0.18338883993850746,-1154.2895709291026,0.0,0.33999094003714464,1276.6224953811493,2335.441900983521,16.833333333333332,False,"SOC floor violated (min 0.040, unmet 0 Wh); did not refill (end SOC 0.183)"
4.5,0.36,1.6,0.28,0.6,0.0,0.216,0.38213259298716656,3,mixed,15+15,2,30,22x12E,10.910466017041504,1.3510270933901518,14.988596527095828,0.29996488569606317,10.76559581373284,12.918714976479409,13.132863744051155,77.08147124193275,79.16010766895856,6.365795091885985,0.17595731409088394,0.17595731409088394,-1165.0578518823093,0.0,0.0,660.3219803695604,1732.03394623342,23.0,False,"SOC floor violated (min 0.176, unmet 0 Wh); did not refill (end SOC 0.176)"
4.5,0.36,1.6,0.34,0.6,0.0,0.216,0.38213259298716656,3,mixed,15+15,2,30,22x12E,10.910466017041504,1.3510270933901518,14.988596527095828,0.29996488569606317,10.76559581373284,12.918714976479409,13.132863744051155,77.08147124193275,79.16010766895856,6.365795091885985,0.17595731409088394,0.17595731409088394,-1165.0578518823093,0.0,0.0,660.3219803695604,1732.03394623342,23.0,False,"SOC floor violated (min 0.176, unmet 0 Wh); did not refill (end SOC 0.176)"
4.0,0.4,1.6,0.28,1.0,1.0,0.4,2.0,3,mixed,22+22+14+7,4,65,18x12E,11.86201419142356,1.6,10.0,0.2769230769230769,10.31496307327831,12.377955687933971,12.583140488469848,90.88283891163205,142.72652334260826,2.7594884256764445,0.11837550310243197,0.1756740269158297,-1165.4683349989627,0.0,0.2051772680505029,1430.6976241340474,2501.8594515424556,15.5,False,"SOC floor violated (min 0.118, unmet 0 Wh); did not refill (end SOC 0.176)"
4.0,0.45,1.3,0.28,0.4,0.0,0.18000000000000002,0.4710318751196979,3,mixed,15+15+14,3,44,22x12E,11.057885674635376,1.3871786062823184,11.534203257993212,0.28613169492047663,10.695923938567203,12.835108726280643,13.047871583916768,89.433685383089,91.85615832204464,6.195615451409983,0.11933693720330377,0.17525092142969148,-1166.081414848377,0.0,0.1259946391868366,968.472237875355,2040.3376685931328,18.25,False,"SOC floor violated (min 0.119, unmet 0 Wh); did not refill (end SOC 0.175)"
4.0,0.45,1.3,0.34,0.4,0.0,0.18000000000000002,0.4710318751196979,3,mixed,15+15+14,3,44,22x12E,11.057885674635376,1.3871786062823184,11.534203257993212,0.28613169492047663,10.695923938567203,12.835108726280643,13.047871583916768,89.433685383089,91.85615832204464,6.195615451409983,0.11933693720330377,0.17525092142969148,-1166.081414848377,0.0,0.1259946391868366,968.472237875355,2040.3376685931328,18.25,False,"SOC floor violated (min 0.119, unmet 0 Wh); did not refill (end SOC 0.175)"
4.0,0.4,1.6,0.28,0.4,0.5,0.16000000000000003,1.213620883668245,3,mixed,18+18+12,3,48,22x12E,11.311595962085175,1.4112690120803788,11.337314050716731,0.28508932159267586,10.725202198905205,12.870242638686245,13.083587898214148,93.02544595594213,95.55874461146958,6.03904355974545,0.09548341929667638,0.17497875345862565,-1166.4757862384513,0.0,0.17840280351246443,1056.5151685912965,2128.443819539666,17.75,False,"SOC floor violated (min 0.095, unmet 0 Wh); did not refill (end SOC 0.175)"
4.0,0.4,1.6,0.34,0.4,0.5,0.16000000000000003,1.213620883668245,3,mixed,18+18+12,3,48,22x12E,11.311595962085175,1.4112690120803788,11.337314050716731,0.28508932159267586,10.725202198905205,12.870242638686245,13.083587898214148,93.02544595594213,95.55874461146958,6.03904355974545,0.09548341929667638,0.17497875345862565,-1166.4757862384513,0.0,0.17840280351246443,1056.5151685912965,2128.443819539666,17.75,False,"SOC floor violated (min 0.095, unmet 0 Wh); did not refill (end SOC 0.175)"
5.5,0.36,1.3,0.34,0.4,0.5,0.144,1.6238979058029053,3,mixed,25+25+14,3,64,19x10E,11.82333732697823,1.7367619476534273,17.417470506462536,0.3064059566970607,9.884355160411051,11.86122619249326,12.057845358999895,110.07908198274698,114.26094755627277,2.604811054825989,0.009668258316911024,0.17470199533672942,-1166.876808757079,72.76737183387797,0.220283856615346,1408.686891455062,2552.2164929939904,16.75,False,"SOC floor violated (min 0.010, unmet 73 Wh); did not refill (end SOC 0.175)"
4.0,0.4,1.6,0.28,0.6,0.5,0.24,1.2205686848003234,3,mixed,18+18+12,3,48,22x12E,11.437913363217225,1.4752909895680517,10.84531805124399,0.2823191398744593,10.548312938969618,12.657975526763542,12.867802112762613,93.69474401908846,96.13413636016153,5.946391102890511,0.0871488060343359,0.1643117305808737,-1181.932302388314,0.0,0.10504024222320751,1056.5151685912965,2143.9200585898257,17.75,False,"SOC floor violated (min 0.087, unmet 0 Wh); did not refill (end SOC 0.164)"
4.0,0.4,1.6,0.34,0.6,0.5,0.24,1.2205686848003234,3,mixed,18+18+12,3,48,22x12E,11.437913363217225,1.4752909895680517,10.84531805124399,0.2823191398744593,10.548312938969618,12.657975526763542,12.867802112762613,93.69474401908846,96.13413636016153,5.946391102890511,0.0871488060343359,0.1643117305808737,-1181.932302388314,0.0,0.10504024222320751,1056.5151685912965,2143.9200585898257,17.75,False,"SOC floor violated (min 0.087, unmet 0 Wh); did not refill (end SOC 0.164)"
4.0,0.36,1.6,0.28,0.4,0.5,0.144,1.1916324633003623,3,mixed,17+17+10,3,44,22x12E,10.973677156457322,1.2653926120728782,12.644296993160022,0.2914012812083851,11.156086978650816,13.387304374380978,13.609220775362125,90.23090910219318,92.95184830115376,6.283554074881988,0.10902146042234831,0.16080032966441424,-1187.0203223162637,0.0,0.1546142357149828,968.4722378753551,2061.1872188466687,18.25,False,"SOC floor violated (min 0.109, unmet 0 Wh); did not refill (end SOC 0.161)"
4.0,0.36,1.6,0.34,0.4,0.5,0.144,1.1916324633003623,3,mixed,17+17+10,3,44,22x12E,10.973677156457322,1.2653926120728782,12.644296993160022,0.2914012812083851,11.156086978650816,13.387304374380978,13.609220775362125,90.23090910219318,92.95184830115376,6.283554074881988,0.10902146042234831,0.16080032966441424,-1187.0203223162637,0.0,0.1546142357149828,968.4722378753551,2061.1872188466687,18.25,False,"SOC floor violated (min 0.109, unmet 0 Wh); did not refill (end SOC 0.161)"
4.0,0.4,1.6,0.28,0.6,0.0,0.24,0.4034013545605723,3,mixed,16+16+12,3,44,22x12E,11.139593620534942,1.3445442167296915,11.899943342076533,0.2879764521607344,10.904244443771676,13.08509333252601,13.302000092666125,90.86731491005848,93.4659331071103,6.165566205128954,0.10113770440838395,0.15105559771091026,-1201.140438916891,0.0,0.08646487477967568,968.4722378753551,2075.3245094416125,18.416666666666668,False,"SOC floor violated (min 0.101, unmet 0 Wh); did not refill (end SOC 0.151)"
4.0,0.4,1.6,0.34,0.6,0.0,0.24,0.4034013545605723,3,mixed,16+16+12,3,44,22x12E,11.139593620534942,1.3445442167296915,11.899943342076533,0.2879764521607344,10.904244443771676,13.08509333252601,13.302000092666125,90.86731491005848,93.4659331071103,6.165566205128954,0.10113770440838395,0.15105559771091026,-1201.140438916891,0.0,0.08646487477967568,968.4722378753551,2075.3245094416125,18.416666666666668,False,"SOC floor violated (min 0.101, unmet 0 Wh); did not refill (end SOC 0.151)"
4.0,0.45,1.6,0.28,0.4,0.0,0.18000000000000002,0.4204953692446093,3,mixed,16+16+12,3,44,22x12E,11.216904645120177,1.3735337496960445,11.648785480182568,0.2867220973689211,10.825932020173953,12.991118424208743,13.206467396996521,91.19474074285004,93.74661127288897,6.112573009519257,0.09689318514129527,0.14569727163027255,-1208.904653407735,0.0,0.2269026951761326,968.472237875355,2082.9217216211287,18.416666666666668,False,"SOC floor violated (min 0.097, unmet 0 Wh); did not refill (end SOC 0.146)"
4.0,0.45,1.6,0.34,0.4,0.0,0.18000000000000002,0.4204953692446093,3,mixed,16+16+12,3,44,22x12E,11.216904645120177,1.3735337496960445,11.648785480182568,0.2867220973689211,10.825932020173953,12.991118424208743,13.206467396996521,91.19474074285004,93.74661127288897,6.112573009519257,0.09689318514129527,0.14569727163027255,-1208.904653407735,0.0,0.2269026951761326,968.472237875355,2082.9217216211287,18.416666666666668,False,"SOC floor violated (min 0.097, unmet 0 Wh); did not refill (end SOC 0.146)"
4.5,0.36,1.3,0.34,0.4,0.0,0.144,0.3901586067935855,3,mixed,12+12,2,24,22x12E,10.40180509286932,1.2182742590674143,16.621872989010964,0.30450344413444735,11.06955776983392,13.283469323800704,13.503664489492351,73.59148827272942,75.72352091638848,6.732376238458789,0.14410815689951748,0.14410815689951748,-1211.2072806525991,0.0,0.0,528.257584295648,1646.1957185455003,24.0,False,"SOC floor violated (min 0.144, unmet 0 Wh); did not refill (end SOC 0.144)"
4.5,0.36,1.6,0.28,0.6,0.5,0.216,1.334833955011557,3,mixed,21+21+12,3,54,19x12E,11.431173370219303,1.4882160895216643,13.606894954689452,0.295274663606097,10.499312380819424,12.599174856983309,12.80802672599321,100.31855651002681,103.05347027431748,3.681295325245098,0.034665313635803725,0.1432808557720347,-1212.4060399863217,0.0,0.10052027384395737,1188.5795646652084,2305.8781146692454,17.333333333333332,False,"SOC floor violated (min 0.035, unmet 0 Wh); did not refill (end SOC 0.143)"
4.5,0.36,1.6,0.34,0.6,0.5,0.216,1.334833955011557,3,mixed,21+21+12,3,54,19x12E,11.431173370219303,1.4882160895216643,13.606894954689452,0.295274663606097,10.499312380819424,12.599174856983309,12.80802672599321,100.31855651002681,103.05347027431748,3.681295325245098,0.034665313635803725,0.1432808557720347,-1212.4060399863217,0.0,0.10052027384395737,1188.5795646652084,2305.8781146692454,17.333333333333332,False,"SOC floor violated (min 0.035, unmet 0 Wh); did not refill (end SOC 0.143)"
5.5,0.36,1.3,0.34,0.6,0.5,0.216,1.632376116030971,3,mixed,26+26+14,3,66,18x10E,11.988140516353228,1.8190621607084598,16.629448214248328,0.30452241717386863,9.725245911922308,11.670295094306768,11.86374926650536,119.90545645586465,124.35765724376456,2.0848546785025976,0.0034488879645553343,0.14315567637518778,-1212.5874249323529,219.86567924303375,0.32191837548527263,1452.7083568130329,2788.5253437237398,17.083333333333336,False,"SOC floor violated (min 0.003, unmet 220 Wh); did not refill (end SOC 0.143)"
4.0,0.4,1.3,0.28,0.4,0.0,0.16000000000000003,0.41415633173434313,3,mixed,13+13+12,3,38,22x12E,10.6464228831078,1.2193975196162425,13.121233840983514,0.2933914534781433,11.193802805798807,13.432563366958568,13.655230009546536,86.10580061593294,88.71829788405581,6.504946564656367,0.1236614773305593,0.14102713762416647,-1215.6716775825828,0.0,0.11626771405414259,836.4078418014428,1958.0777443832683,19.583333333333332,False,"SOC floor violated (min 0.124, unmet 0 Wh); did not refill (end SOC 0.141)"
4.0,0.4,1.3,0.34,0.4,0.0,0.16000000000000003,0.41415633173434313,3,mixed,13+13+12,3,38,22x12E,10.6464228831078,1.2193975196162425,13.121233840983514,0.2933914534781433,11.193802805798807,13.432563366958568,13.655230009546536,86.10580061593294,88.71829788405581,6.504946564656367,0.1236614773305593,0.14102713762416647,-1215.6716775825828,0.0,0.11626771405414259,836.4078418014428,1958.0777443832683,19.583333333333332,False,"SOC floor violated (min 0.124, unmet 0 Wh); did not refill (end SOC 0.141)"
4.0,0.36,1.3,0.28,0.6,0.0,0.216,0.4027487605843451,3,mixed,13+13+12,3,38,22x12E,10.610973720490895,1.2099958215241455,13.223186159309162,0.29379825772251295,11.218482981455894,13.462179577747072,13.685337157324676,86.19658031795403,88.83021050997789,6.52761152107593,0.12239081473784051,0.13936835962692487,-1218.0752469005859,0.0,0.24051741341976296,836.4078418014428,1960.3497943123482,19.583333333333332,False,"SOC floor violated (min 0.122, unmet 0 Wh); did not refill (end SOC 0.139)"
4.0,0.36,1.3,0.34,0.6,0.0,0.216,0.4027487605843451,3,mixed,13+13+12,3,38,22x12E,10.610973720490895,1.2099958215241455,13.223186159309162,0.29379825772251295,11.218482981455894,13.462179577747072,13.685337157324676,86.19658031795403,88.83021050997789,6.52761152107593,0.12239081473784051,0.13936835962692487,-1218.0752469005859,0.0,0.24051741341976296,836.4078418014428,1960.3497943123482,19.583333333333332,False,"SOC floor violated (min 0.122, unmet 0 Wh); did not refill (end SOC 0.139)"
5.5,0.36,1.6,0.34,0.4,0.5,0.144,1.5987395917999254,3,mixed,25+25+12,3,62,19x10E,11.969419485191343,1.7313277518287837,17.472139499899562,0.3065303248151072,9.960825865898027,11.952991039077633,12.151131357559384,111.96018504945944,116.32947739220532,2.5676313782785374,0.005312535199137747,0.13892836978478812,-1218.7127921818421,109.91120895479789,0.10295688932340022,1364.665426097091,2597.265379891039,17.083333333333336,False,"SOC floor violated (min 0.005, unmet 110 Wh); did not refill (end SOC 0.139)"
5.0,0.4,1.3,0.34,0.4,0.0,0.16000000000000003,0.4587942593310043,3,mixed,17+17+14,3,48,18x12E,11.230699609418267,1.5101106222394411,16.5550785696255,0.30433539815336935,10.331121607449527,12.397345928939432,12.602852154340072,95.26901355476835,97.79082222280732,3.1129419624457677,0.0676367189828803,0.1380927635538382,-1219.9235856104883,0.0,0.09103429933331952,1056.5151685912963,2181.7973280450055,17.916666666666668,False,"SOC floor violated (min 0.068, unmet 0 Wh); did not refill (end SOC 0.138)"
4.0,0.36,1.6,0.28,1.0,1.0,0.36,2.0,3,mixed,24+24,2,48,22x12E,11.245716613582799,1.44,11.11111111111111,0.2838461538461538,10.586704007789535,12.704044809347442,12.914635068831549,95.3970702807071,97.89823935937164,6.043138304674574,0.06602064837730173,0.1359172248046862,-1223.0759412580096,0.0,0.28468684781536047,1056.5151685912963,2184.7451319655197,17.916666666666668,False,"SOC floor violated (min 0.066, unmet 0 Wh); did not refill (end SOC 0.136)"
4.0,0.36,1.6,0.34,1.0,1.0,0.36,2.0,3,mixed,24+24,2,48,22x12E,11.245716613582799,1.44,11.11111111111111,0.2838461538461538,10.586704007789535,12.704044809347442,12.914635068831549,95.3970702807071,97.89823935937164,6.043138304674574,0.06602064837730173,0.1359172248046862,-1223.0759412580096,0.0,0.28468684781536047,1056.5151685912963,2184.7451319655197,17.916666666666668,False,"SOC floor violated (min 0.066, unmet 0 Wh); did not refill (end SOC 0.136)"
4.0,0.4,1.3,0.28,0.6,0.0,0.24,0.4500270848225105,3,mixed,14+14+12,3,40,22x12E,10.932055354893974,1.3520043335716017,11.834281594151891,0.2876536586435365,10.772346602623664,12.926815923148396,13.141098977121574,88.39984928156854,90.82925051179602,6.282707314070651,0.10764850160725409,0.1333041687893525,-1226.8622594242283,0.0,0.11427865081865461,880.4293071594135,2013.13603860122,19.25,False,"SOC floor violated (min 0.108, unmet 0 Wh); did not refill (end SOC 0.133)"
4.0,0.4,1.3,0.34,0.6,0.0,0.24,0.4500270848225105,3,mixed,14+14+12,3,40,22x12E,10.932055354893974,1.3520043335716017,11.834281594151891,0.2876536586435365,10.772346602623664,12.926815923148396,13.141098977121574,88.39984928156854,90.82925051179602,6.282707314070651,0.10764850160725409,0.1333041687893525,-1226.8622594242283,0.0,0.11427865081865461,880.4293071594135,2013.13603860122,19.25,False,"SOC floor violated (min 0.108, unmet 0 Wh); did not refill (end SOC 0.133)"
4.5,0.45,1.6,0.28,0.4,0.0,0.18000000000000002,0.4437516691652656,3,mixed,18+18,2,36,17x12E,11.2746038115152,1.5373129506746217,13.172334228442985,0.2935961384384745,10.259305237328046,12.311166284793655,12.515243942057511,74.99940485205543,119.35786388271924,2.4020586007674023,0.1321178839436937,0.1321178839436937,-1228.5811861655877,0.0,0.0,792.3863764434723,1927.65377937054,18.416666666666668,False,"SOC floor violated (min 0.132, unmet 0 Wh); did not refill (end SOC 0.132)"
4.5,0.45,1.6,0.34,0.4,0.0,0.18000000000000002,0.4437516691652656,3,mixed,18+18,2,36,17x12E,11.2746038115152,1.5373129506746217,13.172334228442985,0.2935961384384745,10.259305237328046,12.311166284793655,12.515243942057511,74.99940485205543,119.35786388271924,2.4020586007674023,0.1321178839436937,0.1321178839436937,-1228.5811861655877,0.0,0.0,792.3863764434723,1927.65377937054,18.416666666666668,False,"SOC floor violated (min 0.132, unmet 0 Wh); did not refill (end SOC 0.132)"
4.5,0.36,1.3,0.28,1.0,1.0,0.36,2.25,3,mixed,26+26+14+7,4,73,16x12E,11.730638977910361,1.6199999999999999,12.500000000000002,0.2907692307692308,10.194167767087263,12.233001320504716,12.435783266020131,141.57922500581589,145.42967958908272,1.7844779949464147,0.007646686963511597,0.1280714389981439,-1234.4444848916894,558.0613714316888,0.25452834826308407,1606.7834855659296,3301.9667412850126,17.75,False,"SOC floor violated (min 0.008, unmet 558 Wh); did not refill (end SOC 0.128)"
4.5,0.36,1.3,0.34,1.0,1.0,0.36,2.25,3,mixed,26+26+14+7,4,73,16x12E,11.730638977910361,1.6199999999999999,12.500000000000002,0.2907692307692308,10.194167767087263,12.233001320504716,12.435783266020131,141.57922500581589,145.42967958908272,1.7844779949464147,0.007646686963511597,0.1280714389981439,-1234.4444848916894,558.0613714316888,0.25452834826308407,1606.7834855659296,3301.9667412850126,17.75,False,"SOC floor violated (min 0.008, unmet 558 Wh); did not refill (end SOC 0.128)"
6.0,0.36,1.3,0.34,0.6,0.0,0.216,0.48869414444094267,3,mixed,20+20+14,3,54,19x10E,11.855205229090757,1.7983719567994956,20.018105744969485,0.3115697700615481,9.726648612131562,11.671978334557874,11.865460409208527,101.08416561433404,104.64141147766587,2.6283309636185326,0.0253344926262284,0.12696628641716423,-1236.045850981529,0.0,0.11962284152281673,1188.5795646652084,2329.4385100109566,17.416666666666664,False,"SOC floor violated (min 0.025, unmet 0 Wh); did not refill (end SOC 0.127)"
5.0,0.36,1.6,0.34,0.4,0.5,0.144,1.463588302802556,3,mixed,22+22,2,44,16x12E,11.365464141684454,1.5761350734053523,15.861584721914548,0.3025070287364671,10.172912771235389,12.207495325482466,12.409854467537194,83.86048322508712,118.35462531684506,1.9401171900234246,0.12478642841707024,0.12478642841707024,-1239.2044652236652,0.0,0.0,968.4722378753553,2113.989009157539,17.583333333333332,False,"SOC floor violated (min 0.125, unmet 0 Wh); did not refill (end SOC 0.125)"
4.5,0.4,1.6,0.28,0.4,0.5,0.16000000000000003,1.351156728492692,3,mixed,21+21+12+6,4,60,18x12E,11.77995294364983,1.5842776148382463,12.781850737736715,0.2919905088944189,10.330101389981309,12.39612166797757,12.601607599256338,114.12036286793283,117.18936377749866,2.884077852497966,0.007504535995156106,0.11634712557241245,-1251.4330150455744,162.7146806883425,0.27617567819184313,1320.6439607391203,2638.581464666754,17.583333333333332,False,"SOC floor violated (min 0.008, unmet 163 Wh); did not refill (end SOC 0.116)"
5.0,0.45,1.3,0.28,0.4,0.0,0.18000000000000002,0.5212041727516119,3,mixed,20+20+16+8,4,64,19x10E,11.926926028609863,1.7157251266429352,14.571098605355347,0.2986414580314265,9.9882374064994,11.985884887799278,12.184570475464325,122.48672201644759,127.40307246759173,2.538611090524989,0.009465144382965326,0.11545405494600709,-1252.7270743832357,286.3077960881899,0.23930157374457295,1408.6868914550616,2851.227910456245,17.583333333333332,False,"SOC floor violated (min 0.009, unmet 286 Wh); did not refill (end SOC 0.115)"
5.0,0.45,1.3,0.34,0.4,0.0,0.18000000000000002,0.5212041727516119,3,mixed,20+20+16+8,4,64,19x10E,11.926926028609863,1.7157251266429352,14.571098605355347,0.2986414580314265,9.9882374064994,11.985884887799278,12.184570475464325,122.48672201644759,127.40307246759173,2.538611090524989,0.009465144382965326,0.11545405494600709,-1252.7270743832357,286.3077960881899,0.23930157374457295,1408.6868914550616,2851.227910456245,17.583333333333332,False,"SOC floor violated (min 0.009, unmet 286 Wh); did not refill (end SOC 0.115)"
4.5,0.36,1.6,0.34,0.4,0.0,0.144,0.34912303194307287,3,mixed,12+12,2,24,22x12E,10.583759363032133,1.2094105748997037,16.743693515065658,0.304806476071805,11.20679807650509,13.448157691806108,13.671082835758435,75.55535192302466,77.82041889172982,6.6125419171390085,0.11146985235709979,0.11146985235709979,-1258.5001839345623,0.0,0.0,528.257584295648,1693.3284461525814,24.0,False,"SOC floor violated (min 0.111, unmet 0 Wh); did not refill (end SOC 0.111)"
4.5,0.45,1.3,0.28,0.4,0.0,0.18000000000000002,0.4968104820660935,3,mixed,18+18+14+7,4,57,18x12E,11.524883543306188,1.5516388301578454,13.050717477816667,0.29310636478092833,10.324556431830803,12.389467718196963,12.594843349407371,110.05650273237991,113.02568182960201,2.9653076847547664,0.007990600891573073,0.10420199705532282,-1269.0313062668372,112.2593093206139,0.2869078952574012,1254.611762702164,2539.913434934763,17.75,False,"SOC floor violated (min 0.008, unmet 112 Wh); did not refill (end SOC 0.104)"
4.5,0.45,1.3,0.34,0.4,0.0,0.18000000000000002,0.4968104820660935,3,mixed,18+18+14+7,4,57,18x12E,11.524883543306188,1.5516388301578454,13.050717477816667,0.29310636478092833,10.324556431830803,12.389467718196963,12.594843349407371,110.05650273237991,113.02568182960201,2.9653076847547664,0.007990600891573073,0.10420199705532282,-1269.0313062668372,112.2593093206139,0.2869078952574012,1254.611762702164,2539.913434934763,17.75,False,"SOC floor violated (min 0.008, unmet 112 Wh); did not refill (end SOC 0.104)"
5.0,0.4,1.3,0.28,0.4,0.5,0.16000000000000003,1.5148973424009502,3,mixed,23+23+16,3,62,19x10E,11.887649216461687,1.7635753621762285,14.175748049207455,0.29731637458588905,9.835567618594087,11.802681142312904,11.998329829142081,121.30135034922398,125.86323620410764,2.5477498234576217,0.008608539717411347,0.10134498373874169,-1273.1711185625634,278.2362369435091,0.15507840055707925,1364.665426097091,2819.744194974394,17.75,False,"SOC floor violated (min 0.009, unmet 278 Wh); did not refill (end SOC 0.101)"
5.0,0.4,1.3,0.34,0.4,0.5,0.16000000000000003,1.5148973424009502,3,mixed,23+23+16,3,62,19x10E,11.887649216461687,1.7635753621762285,14.175748049207455,0.29731637458588905,9.835567618594087,11.802681142312904,11.998329829142081,121.30135034922398,125.86323620410764,2.5477498234576217,0.008608539717411347,0.10134498373874169,-1273.1711185625634,278.2362369435091,0.15507840055707925,1364.665426097091,2819.744194974394,17.75,False,"SOC floor violated (min 0.009, unmet 278 Wh); did not refill (end SOC 0.101)"
4.0,0.36,1.3,0.28,0.4,0.5,0.144,1.2132812680256477,3,mixed,17+17,2,34,22x12E,10.599763803313916,1.2700687538935398,12.597743193783947,0.29119894814883723,10.944172441316384,13.133006929579661,13.35070793572471,85.37836377448153,87.82779490468907,6.5188106413993,0.09667958635455272,0.09667958635455272,-1279.9312793722531,0.0,0.0,748.3649110855013,1934.387831369678,21.833333333333332,False,"SOC floor violated (min 0.097, unmet 0 Wh); did not refill (end SOC 0.097)"
4.0,0.36,1.3,0.34,0.4,0.5,0.144,1.2132812680256477,3,mixed,17+17,2,34,22x12E,10.599763803313916,1.2700687538935398,12.597743193783947,0.29119894814883723,10.944172441316384,13.133006929579661,13.35070793572471,85.37836377448153,87.82779490468907,6.5188106413993,0.09667958635455272,0.09667958635455272,-1279.9312793722531,0.0,0.0,748.3649110855013,1934.387831369678,21.833333333333332,False,"SOC floor violated (min 0.097, unmet 0 Wh); did not refill (end SOC 0.097)"
4.0,0.36,1.3,0.28,0.6,0.5,0.216,1.2202214234589919,3,mixed,17+17,2,34,22x12E,10.715347737696188,1.3277118849780947,12.050807242916243,0.2887047742076786,10.762165407087267,12.91459848850472,13.128679018575438,85.59223870428058,87.92241818014583,6.426331407272172,0.09343670641095805,0.09343670641095805,-1284.6302124105218,0.0,0.0,748.3649110855013,1939.0682694774405,21.916666666666664,False,"SOC floor violated (min 0.093, unmet 0 Wh); did not refill (end SOC 0.093)"
4.0,0.36,1.3,0.34,0.6,0.5,0.216,1.2202214234589919,3,mixed,17+17,2,34,22x12E,10.715347737696188,1.3277118849780947,12.050807242916243,0.2887047742076786,10.762165407087267,12.91459848850472,13.128679018575438,85.59223870428058,87.92241818014583,6.426331407272172,0.09343670641095805,0.09343670641095805,-1284.6302124105218,0.0,0.0,748.3649110855013,1939.0682694774405,21.916666666666664,False,"SOC floor violated (min 0.093, unmet 0 Wh); did not refill (end SOC 0.093)"
4.5,0.36,1.3,0.28,0.6,0.5,0.216,1.3582788216710497,3,mixed,20+20+14,3,54,18x12E,11.236021826748633,1.491592150320631,13.576097189601784,0.29515924272408095,10.397518260629385,12.47702191275526,12.683848897517052,106.59801183199038,109.50368852904883,3.0647193823103467,0.009294324496065091,0.09054708267496328,-1288.8172772039782,74.25335651862137,0.15043397156294938,1188.5795646652082,2456.0284838748653,17.916666666666668,False,"SOC floor violated (min 0.009, unmet 74 Wh); did not refill (end SOC 0.091)"
4.5,0.36,1.3,0.34,0.6,0.5,0.216,1.3582788216710497,3,mixed,20+20+14,3,54,18x12E,11.236021826748633,1.491592150320631,13.576097189601784,0.29515924272408095,10.397518260629385,12.47702191275526,12.683848897517052,106.59801183199038,109.50368852904883,3.0647193823103467,0.009294324496065091,0.09054708267496328,-1288.8172772039782,74.25335651862137,0.15043397156294938,1188.5795646652082,2456.0284838748653,17.916666666666668,False,"SOC floor violated (min 0.009, unmet 74 Wh); did not refill (end SOC 0.091)"
5.0,0.36,1.3,0.28,0.6,0.5,0.216,1.4956291289888761,3,mixed,23+23+14,3,60,19x10E,11.628282207877797,1.6553705945743977,15.10235839753309,0.3003128143040936,10.040575651160577,12.048690781392692,12.248417479163018,119.19839962292723,124.06257538336534,2.6171039986190787,0.009627216621533222,0.09048924048125259,-1288.9010905426649,256.9682550479838,0.11244028864877127,1320.6439607391203,2770.3519934929263,17.916666666666668,False,"SOC floor violated (min 0.010, unmet 257 Wh); did not refill (end SOC 0.090)"
5.0,0.36,1.3,0.34,0.6,0.5,0.216,1.4956291289888761,3,mixed,23+23+14,3,60,19x10E,11.628282207877797,1.6553705945743977,15.10235839753309,0.3003128143040936,10.040575651160577,12.048690781392692,12.248417479163018,119.19839962292723,124.06257538336534,2.6171039986190787,0.009627216621533222,0.09048924048125259,-1288.9010905426649,256.9682550479838,0.11244028864877127,1320.6439607391203,2770.3519934929263,17.916666666666668,False,"SOC floor violated (min 0.010, unmet 257 Wh); did not refill (end SOC 0.090)"
4.5,0.4,1.3,0.28,0.6,0.0,0.24,0.47579028497746806,3,mixed,17+17+14+7,4,55,18x12E,11.413348093042266,1.516126445596395,13.356405766033786,0.2943204633984138,10.394109055353919,12.472930866424703,12.679690035422203,109.244020265996,112.24460987067197,3.004710927768493,0.006000392123850761,0.08596208349903456,-1295.460941009899,109.78042698787671,0.08825796184399337,1210.5902973441935,2520.1100731457,17.916666666666668,False,"SOC floor violated (min 0.006, unmet 110 Wh); did not refill (end SOC 0.086)"
6.0,0.36,1.6,0.34,0.6,0.0,0.216,0.4387069082970673,3,mixed,20+20+12,3,52,19x10E,11.996271751325498,1.7911737947947777,20.09855219220906,0.3117081962539466,9.803987153071896,11.764784583686275,11.959805073257451,102.619464562777,106.34072903800735,2.593902349037347,0.009844687500187218,0.08446057137134676,-1297.6366320829186,18.762778606646517,0.2610269075741828,1144.5580993072374,2365.504841730952,17.916666666666668,False,"SOC floor violated (min 0.010, unmet 19 Wh); did not refill (end SOC 0.084)"
5.0,0.36,1.3,0.34,0.4,0.5,0.144,1.4876369168177235,3,mixed,22+22+14,3,58,16x12E,11.41513590072459,1.5813295740326283,15.809481091437656,0.3023631810267888,10.178359727301883,12.214031672762259,12.416499165432116,116.91384789601591,120.01288099835183,1.9258554366511633,0.0064584146738369186,0.08430176566233419,-1297.8667415552777,225.85270001925906,0.10154854615780924,1276.622495381149,2704.268295359882,18.083333333333332,False,"SOC floor violated (min 0.006, unmet 226 Wh); did not refill (end SOC 0.084)"
4.0,0.36,1.6,0.28,0.6,0.5,0.216,1.1980636454752494,3,mixed,18+18,2,36,22x12E,10.917449948559732,1.3245211649484359,12.079837169399166,0.2888428342089619,10.876260547542216,13.05151265705066,13.267862762734014,87.87201344616504,90.3509314982406,6.306355301934994,0.08133239965290417,0.08405293084644704,-1298.2273032034982,0.0,0.17303706968678273,792.3863764434725,1996.3650768641958,21.0,False,"SOC floor violated (min 0.081, unmet 0 Wh); did not refill (end SOC 0.084)"
4.0,0.36,1.6,0.34,0.6,0.5,0.216,1.1980636454752494,3,mixed,18+18,2,36,22x12E,10.917449948559732,1.3245211649484359,12.079837169399166,0.2888428342089619,10.876260547542216,13.05151265705066,13.267862762734014,87.87201344616504,90.3509314982406,6.306355301934994,0.08133239965290417,0.08405293084644704,-1298.2273032034982,0.0,0.17303706968678273,792.3863764434725,1996.3650768641958,21.0,False,"SOC floor violated (min 0.081, unmet 0 Wh); did not refill (end SOC 0.084)"
5.0,0.4,1.3,0.28,0.6,0.0,0.24,0.5001615757312022,3,mixed,20+20+14+7,4,61,19x10E,11.80598899393444,1.6800258521169924,14.880723393927315,0.29963005332599096,10.042495688186618,12.05099482582394,12.250759716887972,122.09182179997684,127.09779505144063,2.567153591657203,0.005551750946999456,0.08396684037390571,-1298.3520482982105,295.2220769643582,0.2160481565292341,1342.6546934181065,2839.822398270607,18.083333333333332,False,"SOC floor violated (min 0.006, unmet 295 Wh); did not refill (end SOC 0.084)"
5.0,0.4,1.3,0.34,0.6,0.0,0.24,0.5001615757312022,3,mixed,20+20+14+7,4,61,19x10E,11.80598899393444,1.6800258521169924,14.880723393927315,0.29963005332599096,10.042495688186618,12.05099482582394,12.250759716887972,122.09182179997684,127.09779505144063,2.567153591657203,0.005551750946999456,0.08396684037390571,-1298.3520482982105,295.2220769643582,0.2160481565292341,1342.6546934181065,2839.822398270607,18.083333333333332,False,"SOC floor violated (min 0.006, unmet 295 Wh); did not refill (end SOC 0.084)"
5.0,0.36,1.3,0.34,0.6,0.0,0.216,0.4478819785745004,3,mixed,16+16+12,3,44,18x12E,11.169563438998946,1.504495004914728,16.61687138763013,0.3044909075562075,10.322173954035375,12.38660874484245,12.591936983907315,95.08142291051807,97.58814627769554,3.1300145101071855,0.04663617404139449,0.08217597470730753,-1300.9470126491115,0.0,0.16195731714291856,968.472237875355,2174.6966603022547,18.916666666666664,False,"SOC floor violated (min 0.047, unmet 0 Wh); did not refill (end SOC 0.082)"
4.0,0.4,1.6,0.28,0.4,0.0,0.16000000000000003,0.37011659834047966,3,mixed,13+13+10,3,36,22x12E,10.806640855285375,1.208827983601715,13.23596096139985,0.29384878917107965,11.326912769957687,13.592295323949225,13.817609784202777,88.13857740036315,90.9314339854957,6.403305180903287,0.07724385832577513,0.07910926303060382,-1305.390677868655,0.0,0.20617019480219412,792.3863764434726,2003.4716893153427,21.083333333333332,False,"SOC floor violated (min 0.077, unmet 0 Wh); did not refill (end SOC 0.079)"
4.0,0.4,1.6,0.34,0.4,0.0,0.16000000000000003,0.37011659834047966,3,mixed,13+13+10,3,36,22x12E,10.806640855285375,1.208827983601715,13.23596096139985,0.29384878917107965,11.326912769957687,13.592295323949225,13.817609784202777,88.13857740036315,90.9314339854957,6.403305180903287,0.07724385832577513,0.07910926303060382,-1305.390677868655,0.0,0.20617019480219412,792.3863764434726,2003.4716893153427,21.083333333333332,False,"SOC floor violated (min 0.077, unmet 0 Wh); did not refill (end SOC 0.079)"
4.0,0.36,1.6,0.28,0.6,0.0,0.216,0.36122152190996115,3,mixed,13+13+10,3,36,22x12E,10.782311990761574,1.2040158991550345,13.288861061742315,0.29405700436348403,11.336742581593938,13.604091097912725,13.829601092355357,88.38351428213709,91.1920766294754,6.416744570103801,0.07364101818161711,0.0751573165503657,-1311.1170483185201,0.0,0.22067562289285425,792.3863764434726,2009.1619360887569,21.166666666666664,False,"SOC floor violated (min 0.074, unmet 0 Wh); did not refill (end SOC 0.075)"
4.0,0.36,1.6,0.34,0.6,0.0,0.216,0.36122152190996115,3,mixed,13+13+10,3,36,22x12E,10.782311990761574,1.2040158991550345,13.288861061742315,0.29405700436348403,11.336742581593938,13.604091097912725,13.829601092355357,88.38351428213709,91.1920766294754,6.416744570103801,0.07364101818161711,0.0751573165503657,-1311.1170483185201,0.0,0.22067562289285425,792.3863764434726,2009.1619360887569,21.166666666666664,False,"SOC floor violated (min 0.074, unmet 0 Wh); did not refill (end SOC 0.075)"
4.5,0.36,1.3,0.28,1.0,1.0,0.36,2.25,3,mixed,26+26+14,3,66,16x12E,11.566638977910362,1.6199999999999999,12.500000000000002,0.2907692307692308,10.122657254384682,12.147188705261618,12.348548166742834,114.06760699983039,141.98038945360074,1.815673644300793,0.005469647093162329,0.07388047285797573,-1312.9671948287933,150.28407314451394,0.13236878929474707,1452.708356813033,2819.990240785764,16.75,False,"SOC floor violated (min 0.005, unmet 150 Wh); did not refill (end SOC 0.074)"
4.5,0.36,1.3,0.34,1.0,1.0,0.36,2.25,3,mixed,26+26+14,3,66,16x12E,11.566638977910362,1.6199999999999999,12.500000000000002,0.2907692307692308,10.122657254384682,12.147188705261618,12.348548166742834,114.06760699983039,141.98038945360074,1.815673644300793,0.005469647093162329,0.07388047285797573,-1312.9671948287933,150.28407314451394,0.13236878929474707,1452.708356813033,2819.990240785764,16.75,False,"SOC floor violated (min 0.005, unmet 150 Wh); did not refill (end SOC 0.074)"
4.5,0.4,1.6,0.28,0.6,0.5,0.24,1.3586462081040374,3,mixed,22+22+14+7,4,65,16x12E,11.933021594984405,1.657383393296646,12.218054121877861,0.2894911660411403,10.165112069421273,12.198134483305527,12.400338454136238,113.19660290628275,141.44114921229115,1.765425587561701,0.005218002888565935,0.06693215197783783,-1323.035311784113,141.32588653595928,0.140077410525033,1430.6976241340474,2799.137718277194,16.833333333333332,False,"SOC floor violated (min 0.005, unmet 141 Wh); did not refill (end SOC 0.067)"
4.0,0.36,1.6,0.28,0.4,0.5,0.144,1.1916324633003623,3,mixed,17+17,2,34,22x12E,10.785677156457323,1.2653926120728782,12.644296993160022,0.2914012812083851,11.060111628771734,13.272133954526081,13.49214121798716,87.54478378438561,90.12541929338961,6.402972227779859,0.06284049979693851,0.06284049979693851,-1328.964115794236,0.0,0.0,748.3649110855013,1983.225340416094,23.166666666666668,False,"SOC floor violated (min 0.063, unmet 0 Wh); did not refill (end SOC 0.063)"
4.0,0.36,1.6,0.34,0.4,0.5,0.144,1.1916324633003623,3,mixed,17+17,2,34,22x12E,10.785677156457323,1.2653926120728782,12.644296993160022,0.2914012812083851,11.060111628771734,13.272133954526081,13.49214121798716,87.54478378438561,90.12541929338961,6.402972227779859,0.06284049979693851,0.06284049979693851,-1328.964115794236,0.0,0.0,748.3649110855013,1983.225340416094,23.166666666666668,False,"SOC floor violated (min 0.063, unmet 0 Wh); did not refill (end SOC 0.063)"
4.5,0.4,1.6,0.28,0.6,0.0,0.24,0.426630507363234,3,mixed,18+18+12,3,48,19x12E,11.433433355330651,1.5082608811781175,13.426059279733174,0.2945893715836541,10.430341982589962,12.516410379107954,12.72389029193119,100.33149406025741,103.01183784095198,3.6732262888412186,0.008963883444169653,0.05959350407519687,-1333.6690125950397,7.647068557562401,0.12372898601329159,1056.5151685912963,2302.6977482399875,18.5,False,"SOC floor violated (min 0.009, unmet 8 Wh); did not refill (end SOC 0.060)"
4.5,0.4,1.6,0.34,0.6,0.0,0.24,0.426630507363234,3,mixed,18+18+12,3,48,19x12E,11.433433355330651,1.5082608811781175,13.426059279733174,0.2945893715836541,10.430341982589962,12.516410379107954,12.72389029193119,100.33149406025741,103.01183784095198,3.6732262888412186,0.008963883444169653,0.05959350407519687,-1333.6690125950397,7.647068557562401,0.12372898601329159,1056.5151685912963,2302.6977482399875,18.5,False,"SOC floor violated (min 0.009, unmet 8 Wh); did not refill (end SOC 0.060)"
5.5,0.36,1.6,0.34,0.6,0.5,0.216,1.6065557965492165,3,mixed,26+26,2,52,19x10E,11.946470525118743,1.815344034703087,16.6635080853683,0.3046075109667443,9.718266089088269,11.661919306905922,11.855234636769763,108.37634965329896,112.19736256520747,2.5798727154423955,0.006114717653358417,0.05873260097998719,-1334.9164611799986,118.69461131410773,0.2681467717391482,1144.5580993072379,2502.3663804373437,18.416666666666668,False,"SOC floor violated (min 0.006, unmet 119 Wh); did not refill (end SOC 0.059)"
5.5,0.4,1.3,0.34,0.4,0.0,0.16000000000000003,0.4794418001213123,3,mixed,19+19+14,3,52,19x10E,11.569847570876677,1.655066032029115,18.277216385689112,0.3082756661455511,10.016237302012096,12.019484762414514,12.218727322793374,107.94314744590366,112.23592040196907,2.672760031358573,0.005922343806805291,0.058409525636414085,-1335.384597352836,110.43534035245,0.26172046561221524,1144.5580993072379,2494.6035210397254,18.416666666666668,False,"SOC floor violated (min 0.006, unmet 110 Wh); did not refill (end SOC 0.058)"
5.0,0.45,1.3,0.28,0.4,0.0,0.18000000000000002,0.5212041727516119,3,mixed,20+20+16,3,56,19x10E,11.754926028609862,1.7157251266429352,14.571098605355347,0.2986414580314265,9.915954921553737,11.899145905864485,12.096393653456769,119.03867936137402,123.65457362332869,2.586917931650251,0.006467952794945208,0.053571524240516644,-1342.3948613754915,282.2387503470705,0.09085394515970671,1232.6010300231778,2761.161749548246,18.75,False,"SOC floor violated (min 0.006, unmet 282 Wh); did not refill (end SOC 0.054)"
5.0,0.45,1.3,0.34,0.4,0.0,0.18000000000000002,0.5212041727516119,3,mixed,20+20+16,3,56,19x10E,11.754926028609862,1.7157251266429352,14.571098605355347,0.2986414580314265,9.915954921553737,11.899145905864485,12.096393653456769,119.03867936137402,123.65457362332869,2.586917931650251,0.006467952794945208,0.053571524240516644,-1342.3948613754915,282.2387503470705,0.09085394515970671,1232.6010300231778,2761.161749548246,18.75,False,"SOC floor violated (min 0.006, unmet 282 Wh); did not refill (end SOC 0.054)"
4.5,0.45,1.3,0.28,0.6,0.0,0.27,0.5388295271434997,3,mixed,20+20+16+8,4,64,19x10E,11.938257554297483,1.7169893148858297,11.793899836439293,0.28745335675604006,9.989301585695227,11.987161902834272,12.185868659105981,139.2245503013036,144.8812387223725,2.4770094752616996,0.009236777207460202,0.051578062252739185,-1345.283387795781,592.6883070473659,0.2571061907267046,1408.6868914550614,3249.672649336626,19.0,False,"SOC floor violated (min 0.009, unmet 593 Wh); did not refill (end SOC 0.052)"
4.5,0.45,1.3,0.34,0.6,0.0,0.27,0.5388295271434997,3,mixed,20+20+16+8,4,64,19x10E,11.938257554297483,1.7169893148858297,11.793899836439293,0.28745335675604006,9.989301585695227,11.987161902834272,12.185868659105981,139.2245503013036,144.8812387223725,2.4770094752616996,0.009236777207460202,0.051578062252739185,-1345.283387795781,592.6883070473659,0.2571061907267046,1408.6868914550614,3249.672649336626,19.0,False,"SOC floor violated (min 0.009, unmet 593 Wh); did not refill (end SOC 0.052)"
4.0,0.36,1.3,0.28,0.4,0.0,0.144,0.3695019793824801,3,mixed,10+10+10,3,30,22x12E,10.300797030793527,1.0878124275466157,14.708418101166028,0.2990850391926945,11.657538439089127,13.98904612690695,14.22093737870991,84.694485497138,87.62849852295966,6.752376138442227,0.05085031885513577,0.05085031885513577,-1346.3378879789082,0.0,0.0,660.3219803695604,1912.6676519313037,24.0,False,"SOC floor violated (min 0.051, unmet 0 Wh); did not refill (end SOC 0.051)"
4.0,0.36,1.3,0.34,0.4,0.0,0.144,0.3695019793824801,3,mixed,10+10+10,3,30,22x12E,10.300797030793527,1.0878124275466157,14.708418101166028,0.2990850391926945,11.657538439089127,13.98904612690695,14.22093737870991,84.694485497138,87.62849852295966,6.752376138442227,0.05085031885513577,0.05085031885513577,-1346.3378879789082,0.0,0.0,660.3219803695604,1912.6676519313037,24.0,False,"SOC floor violated (min 0.051, unmet 0 Wh); did not refill (end SOC 0.051)"
4.0,0.45,1.6,0.28,0.6,0.0,0.27,0.4567166790459668,3,mixed,17+17+14+7,4,55,19x12E,11.654147664130651,1.5222090022282742,10.51104018999922,0.2802890335574304,10.482178826785766,12.57861459214292,12.787125641235008,119.40334606036767,122.69251422434498,3.51988285301628,0.006483681341948671,0.04866503549950766,-1349.5043635612135,298.38659172930625,0.09916469587146418,1210.5902973441932,2762.400243615712,18.916666666666664,False,"SOC floor violated (min 0.006, unmet 298 Wh); did not refill (end SOC 0.049)"
4.5,0.36,1.6,0.28,1.0,1.0,0.36,2.25,3,mixed,26+26+12,3,64,16x12E,11.72809163350549,1.6199999999999999,12.500000000000002,0.2907692307692308,10.193060859518688,12.231673031422426,12.43443295838023,140.6849746044544,144.47338758076197,1.7880985970318464,0.004651172789751235,0.04835580323769887,-1349.9524411085742,613.3523529243196,0.10106661890889748,1408.6868914550614,3275.0657543070806,19.083333333333332,False,"SOC floor violated (min 0.005, unmet 613 Wh); did not refill (end SOC 0.048)"
4.5,0.36,1.6,0.34,1.0,1.0,0.36,2.25,3,mixed,26+26+12,3,64,16x12E,11.72809163350549,1.6199999999999999,12.500000000000002,0.2907692307692308,10.193060859518688,12.231673031422426,12.43443295838023,140.6849746044544,144.47338758076197,1.7880985970318464,0.004651172789751235,0.04835580323769887,-1349.9524411085742,613.3523529243196,0.10106661890889748,1408.6868914550614,3275.0657543070806,19.083333333333332,False,"SOC floor violated (min 0.005, unmet 613 Wh); did not refill (end SOC 0.048)"
4.0,0.4,1.3,0.28,1.0,1.0,0.4,2.0,3,mixed,22+22+16+8,4,68,17x12E,11.694726167603168,1.6,10.0,0.2769230769230769,10.241969697179064,12.290363636614876,12.494096456061827,119.56128582401145,154.1329169211466,2.1830066467124256,0.003483209100126193,0.047892390679274546,-1350.623925905731,243.26296169810982,0.2404085312094845,1496.729822171003,2994.3532467142963,16.916666666666668,False,"SOC floor violated (min 0.003, unmet 243 Wh); did not refill (end SOC 0.048)"
4.0,0.4,1.3,0.34,1.0,1.0,0.4,2.0,3,mixed,22+22+16+8,4,68,17x12E,11.694726167603168,1.6,10.0,0.2769230769230769,10.241969697179064,12.290363636614876,12.494096456061827,119.56128582401145,154.1329169211466,2.1830066467124256,0.003483209100126193,0.047892390679274546,-1350.623925905731,243.26296169810982,0.2404085312094845,1496.729822171003,2994.3532467142963,16.916666666666668,False,"SOC floor violated (min 0.003, unmet 243 Wh); did not refill (end SOC 0.048)"
4.0,0.4,1.6,0.28,0.4,0.5,0.16000000000000003,1.213620883668245,3,mixed,18+18,2,36,22x12E,11.107595962085174,1.4112690120803788,11.337314050716731,0.28508932159267586,10.628049866025234,12.75365983923028,12.96507254874303,90.23858145602512,92.61684677906,6.154606936910721,0.0462644614927232,0.0462644614927232,-1352.982795297044,0.0,0.0,792.3863764434723,2051.0770519214225,21.75,False,"SOC floor violated (min 0.046, unmet 0 Wh); did not refill (end SOC 0.046)"
4.0,0.4,1.6,0.34,0.4,0.5,0.16000000000000003,1.213620883668245,3,mixed,18+18,2,36,22x12E,11.107595962085174,1.4112690120803788,11.337314050716731,0.28508932159267586,10.628049866025234,12.75365983923028,12.96507254874303,90.23858145602512,92.61684677906,6.154606936910721,0.0462644614927232,0.0462644614927232,-1352.982795297044,0.0,0.0,792.3863764434723,2051.0770519214225,21.75,False,"SOC floor violated (min 0.046, unmet 0 Wh); did not refill (end SOC 0.046)"
4.5,0.4,1.3,0.28,0.6,0.5,0.24,1.384812165683202,3,mixed,21+21+14+7,4,63,16x12E,11.751644954718621,1.6615699465093123,12.187269059928504,0.2893480360167756,10.074847151377826,12.089816581653391,12.290225006627798,156.7313179397158,138.65597076305968,1.7946024171877468,0.008762782485782364,0.0460517494332358,-1353.2910150712414,955.2514727052784,1.5420294165886947,1386.676158776077,3596.3632626115195,21.5,False,"SOC floor violated (min 0.009, unmet 955 Wh); did not refill (end SOC 0.046)"
4.5,0.4,1.3,0.34,0.6,0.5,0.24,1.384812165683202,3,mixed,21+21+14+7,4,63,16x12E,11.751644954718621,1.6615699465093123,12.187269059928504,0.2893480360167756,10.074847151377826,12.089816581653391,12.290225006627798,156.7313179397158,138.65597076305968,1.7946024171877468,0.008762782485782364,0.0460517494332358,-1353.2910150712414,955.2514727052784,1.5420294165886947,1386.676158776077,3596.3632626115195,21.5,False,"SOC floor violated (min 0.009, unmet 955 Wh); did not refill (end SOC 0.046)"
5.0,0.36,1.3,0.34,0.4,0.0,0.144,0.4097021380205588,4,mixed,13+13,2,26,22x12E,11.953661200039168,1.3484956618124406,18.53917717940512,0.308810889365194,11.279092120712576,13.53491054485509,13.75927375881652,81.8122623776966,84.3817295779027,5.82201388696052,0.27885097101316075,0.27885097101316075,-1354.6199240025733,0.0,0.0,572.2790496536185,1843.494297064706,24.0,False,did not refill (end SOC 0.279)
5.5,0.36,1.3,0.34,0.6,0.0,0.216,0.4687516852914388,3,mixed,18+18+14,3,50,19x10E,11.528213322277722,1.651500242681967,18.31667911285031,0.3083572735304826,10.00898712163692,12.010784545964304,12.209882886067863,107.98474705661506,112.26303133997745,2.682144761654779,0.008675717279317693,0.0446730888125043,-1355.2886943106812,133.1899044695281,0.1593097414066271,1100.5366339492666,2493.381874465839,18.916666666666664,False,"SOC floor violated (min 0.009, unmet 133 Wh); did not refill (end SOC 0.045)"
5.5,0.36,1.6,0.34,0.4,0.0,0.144,0.3835149184829639,3,mixed,16+16,2,32,18x12E,11.077691548449327,1.4688392223923201,20.594493623836772,0.3125376910323436,10.40365526338255,12.48438631605906,12.691335377814909,86.91295655398552,89.23367968778858,3.204112497342269,0.04439685265860505,0.04439685265860505,-1355.6889604976814,0.0,0.0,704.3434457275309,1965.9109572956474,24.0,False,"SOC floor violated (min 0.044, unmet 0 Wh); did not refill (end SOC 0.044)"
4.0,0.52,1.3,0.22,1.0,1.0,0.52,2.0,2,mixed,29+29+29+10+1+1,6,99,19x10E,11.985279649637658,2.08,7.692307692307692,0.25615384615384607,9.093705127623007,11.322702563404018,11.503594153561732,169.93640253307188,175.15117611640912,2.339671368078831,0.0,0.3940440187159392,-1358.0350762282746,1358.0350762282746,0.15023225362456333,2179.0625352195493,3996.2807692729275,16.75,False,"SOC floor violated (min 0.000, unmet 1358 Wh); did not refill (end SOC 0.394)"
4.0,0.52,1.3,0.28,1.0,1.0,0.52,2.0,2,mixed,29+29+29+10+1+1,6,99,19x10E,11.985279649637658,2.08,7.692307692307692,0.25615384615384607,9.093705127623007,11.322702563404018,11.503594153561732,169.93640253307188,175.15117611640912,2.339671368078831,0.0,0.3940440187159392,-1358.0350762282746,1358.0350762282746,0.15023225362456333,2179.0625352195493,3996.2807692729275,16.75,False,"SOC floor violated (min 0.000, unmet 1358 Wh); did not refill (end SOC 0.394)"
4.0,0.52,1.3,0.34,1.0,1.0,0.52,2.0,2,mixed,29+29+29+10+1+1,6,99,19x10E,11.985279649637658,2.08,7.692307692307692,0.25615384615384607,9.093705127623007,11.322702563404018,11.503594153561732,169.93640253307188,175.15117611640912,2.339671368078831,0.0,0.3940440187159392,-1358.0350762282746,1358.0350762282746,0.15023225362456333,2179.0625352195493,3996.2807692729275,16.75,False,"SOC floor violated (min 0.000, unmet 1358 Wh); did not refill (end SOC 0.394)"
5.0,0.4,1.3,0.28,0.6,0.0,0.24,0.5001615757312022,3,mixed,20+20+14,3,54,19x10E,11.64198899393444,1.6800258521169924,14.880723393927315,0.29963005332599096,9.97250032457003,11.967000389484035,12.165372935794132,118.74231189658832,123.44878327572799,2.614393637031553,0.009293575811221467,0.0413817764981335,-1360.0578058542046,300.45220920191053,0.21955361650871313,1188.579564665208,2752.955636465564,19.083333333333332,False,"SOC floor violated (min 0.009, unmet 300 Wh); did not refill (end SOC 0.041)"
5.0,0.4,1.3,0.34,0.6,0.0,0.24,0.5001615757312022,3,mixed,20+20+14,3,54,19x10E,11.64198899393444,1.6800258521169924,14.880723393927315,0.29963005332599096,9.97250032457003,11.967000389484035,12.165372935794132,118.74231189658832,123.44878327572799,2.614393637031553,0.009293575811221467,0.0413817764981335,-1360.0578058542046,300.45220920191053,0.21955361650871313,1188.579564665208,2752.955636465564,19.083333333333332,False,"SOC floor violated (min 0.009, unmet 300 Wh); did not refill (end SOC 0.041)"
5.5,0.36,1.6,0.34,0.4,0.5,0.144,1.5987395917999254,3,mixed,25+25,2,50,19x10E,11.765419485191343,1.7313277518287837,17.472139499899562,0.3065303248151072,9.875577740180708,11.85069328821685,12.04713785465886,108.3383075143387,112.39837526957213,2.6242298067055074,0.004822747007331805,0.04040766813142528,-1361.4692888775648,134.40227531100552,0.13675241980751332,1100.5366339492666,2500.758058099897,18.916666666666664,False,"SOC floor violated (min 0.005, unmet 134 Wh); did not refill (end SOC 0.040)"
6.0,0.36,1.3,0.34,0.4,0.0,0.144,0.44606429664317643,3,mixed,17+17+12,3,46,19x10E,11.406145961504027,1.608349888074926,22.38318929663327,0.31522404061394377,10.088524315914981,12.106229179097976,12.306909669639419,100.75988062201695,104.9372007983865,2.740034094647354,0.009105526308015345,0.03708149866956729,-1366.288908427797,35.258992086406,0.22417279545377272,1012.4937032333257,2318.7756257955407,19.083333333333332,False,"SOC floor violated (min 0.009, unmet 35 Wh); did not refill (end SOC 0.037)"
4.5,0.4,1.3,0.28,0.6,0.0,0.24,0.47579028497746806,3,mixed,17+17+14,3,48,18x12E,11.249348093042267,1.516126445596395,13.356405766033786,0.2943204633984138,10.319161643076033,12.382993971691238,12.58826228999643,106.69666928554457,109.5528220416441,3.052889702097666,0.005736124704941702,0.03477501529646958,-1369.6310028354155,123.78217096997129,0.22506373006379948,1056.515168591296,2454.2867884445454,19.25,False,"SOC floor violated (min 0.006, unmet 124 Wh); did not refill (end SOC 0.035)"
4.5,0.4,1.3,0.34,0.6,0.0,0.24,0.47579028497746806,3,mixed,17+17+14,3,48,18x12E,11.249348093042267,1.516126445596395,13.356405766033786,0.2943204633984138,10.319161643076033,12.382993971691238,12.58826228999643,106.69666928554457,109.5528220416441,3.052889702097666,0.005736124704941702,0.03477501529646958,-1369.6310028354155,123.78217096997129,0.22506373006379948,1056.515168591296,2454.2867884445454,19.25,False,"SOC floor violated (min 0.006, unmet 124 Wh); did not refill (end SOC 0.035)"
4.0,0.52,1.6,0.22,1.0,1.0,0.52,2.0,2,mixed,29+29+27+9+1,5,95,19x10E,11.983001079208373,2.08,7.692307692307692,0.25615384615384607,9.092840665836652,11.321665209260393,11.502539603581535,168.89055419004114,174.04879319062817,2.343645389419566,0.008575304444741715,0.3440559845707045,-1373.145348526699,1373.145348526699,0.22735157587663696,2091.0196045036073,3969.910826815147,16.916666666666668,False,"SOC floor violated (min 0.009, unmet 1373 Wh); did not refill (end SOC 0.344)"
4.0,0.52,1.6,0.28,1.0,1.0,0.52,2.0,2,mixed,29+29+27+9+1,5,95,19x10E,11.983001079208373,2.08,7.692307692307692,0.25615384615384607,9.092840665836652,11.321665209260393,11.502539603581535,168.89055419004114,174.04879319062817,2.343645389419566,0.008575304444741715,0.3440559845707045,-1373.145348526699,1373.145348526699,0.22735157587663696,2091.0196045036073,3969.910826815147,16.916666666666668,False,"SOC floor violated (min 0.009, unmet 1373 Wh); did not refill (end SOC 0.344)"
4.0,0.52,1.6,0.34,1.0,1.0,0.52,2.0,2,mixed,29+29+27+9+1,5,95,19x10E,11.983001079208373,2.08,7.692307692307692,0.25615384615384607,9.092840665836652,11.321665209260393,11.502539603581535,168.89055419004114,174.04879319062817,2.343645389419566,0.008575304444741715,0.3440559845707045,-1373.145348526699,1373.145348526699,0.22735157587663696,2091.0196045036073,3969.910826815147,16.916666666666668,False,"SOC floor violated (min 0.009, unmet 1373 Wh); did not refill (end SOC 0.344)"
5.0,0.45,1.6,0.28,0.4,0.0,0.18000000000000002,0.465756598298709,3,mixed,20+20+14,3,54,19x10E,11.879265195512673,1.7007542815406513,14.699360319912534,0.2990560352804127,10.012037132807954,12.014444559369545,12.21360357016376,121.19287184876899,126.06386152297931,2.5541129705333683,0.0056917984760784706,0.030388754940779354,-1375.9866940908107,342.5769847642087,0.16680740008483613,1188.579564665208,2810.9542937105857,19.416666666666668,False,"SOC floor violated (min 0.006, unmet 343 Wh); did not refill (end SOC 0.030)"
5.0,0.45,1.6,0.34,0.4,0.0,0.18000000000000002,0.465756598298709,3,mixed,20+20+14,3,54,19x10E,11.879265195512673,1.7007542815406513,14.699360319912534,0.2990560352804127,10.012037132807954,12.014444559369545,12.21360357016376,121.19287184876899,126.06386152297931,2.5541129705333683,0.0056917984760784706,0.030388754940779354,-1375.9866940908107,342.5769847642087,0.16680740008483613,1188.579564665208,2810.9542937105857,19.416666666666668,False,"SOC floor violated (min 0.006, unmet 343 Wh); did not refill (end SOC 0.030)"
4.0,0.36,1.6,0.28,0.4,0.0,0.144,0.33049322809804865,3,mixed,11+11+10,3,32,22x12E,10.505200498501111,1.0793865372691784,14.823234724123584,0.2994496209835451,11.81849357871771,14.182192294461252,14.417285258959186,87.7775742066365,90.98494405088078,6.602692161960569,0.030014856708398523,0.030014856708398523,-1376.5284726295306,0.0,0.0,704.3434457275309,1986.6617809592678,24.0,False,"SOC floor violated (min 0.030, unmet 0 Wh); did not refill (end SOC 0.030)"
4.0,0.36,1.6,0.34,0.4,0.0,0.144,0.33049322809804865,3,mixed,11+11+10,3,32,22x12E,10.505200498501111,1.0793865372691784,14.823234724123584,0.2994496209835451,11.81849357871771,14.182192294461252,14.417285258959186,87.7775742066365,90.98494405088078,6.602692161960569,0.030014856708398523,0.030014856708398523,-1376.5284726295306,0.0,0.0,704.3434457275309,1986.6617809592678,24.0,False,"SOC floor violated (min 0.030, unmet 0 Wh); did not refill (end SOC 0.030)"
4.0,0.4,1.3,0.28,0.6,0.5,0.24,1.2453047623958522,3,mixed,18+18+14,3,50,19x12E,11.223039572727462,1.4792487619833365,10.81630109228392,0.2821478901064903,10.434775003120771,12.521730003744926,12.729298098021351,112.7043239126823,115.76620593443305,3.6818092538712026,0.004149357121527167,0.029683973573117427,-1377.0079222925528,216.97625290427624,0.14070778200725323,1100.5366339492666,2598.682243002269,19.5,False,"SOC floor violated (min 0.004, unmet 217 Wh); did not refill (end SOC 0.030)"
4.0,0.4,1.3,0.34,0.6,0.5,0.24,1.2453047623958522,3,mixed,18+18+14,3,50,19x12E,11.223039572727462,1.4792487619833365,10.81630109228392,0.2821478901064903,10.434775003120771,12.521730003744926,12.729298098021351,112.7043239126823,115.76620593443305,3.6818092538712026,0.004149357121527167,0.029683973573117427,-1377.0079222925528,216.97625290427624,0.14070778200725323,1100.5366339492666,2598.682243002269,19.5,False,"SOC floor violated (min 0.004, unmet 217 Wh); did not refill (end SOC 0.030)"
4.5,0.45,1.6,0.28,0.4,0.0,0.18000000000000002,0.4437516691652656,3,mixed,18+18+12,3,48,18x12E,11.494693812588888,1.5373129506746217,13.172334228442985,0.2935961384384745,10.358956516176718,12.430747819412062,12.636807735616493,109.02527547865378,111.96494631246708,2.9811700029263246,0.006084547685472687,0.028275978734764746,-1379.0481068133258,169.70899424331827,0.16357649214264686,1056.515168591296,2509.5901576703573,19.583333333333332,False,"SOC floor violated (min 0.006, unmet 170 Wh); did not refill (end SOC 0.028)"
4.5,0.45,1.6,0.34,0.4,0.0,0.18000000000000002,0.4437516691652656,3,mixed,18+18+12,3,48,18x12E,11.494693812588888,1.5373129506746217,13.172334228442985,0.2935961384384745,10.358956516176718,12.430747819412062,12.636807735616493,109.02527547865378,111.96494631246708,2.9811700029263246,0.006084547685472687,0.028275978734764746,-1379.0481068133258,169.70899424331827,0.16357649214264686,1056.515168591296,2509.5901576703573,19.583333333333332,False,"SOC floor violated (min 0.006, unmet 170 Wh); did not refill (end SOC 0.028)"
6.0,0.4,1.6,0.34,0.4,0.0,0.16000000000000003,0.4467963792362206,3,mixed,22+22,2,44,19x10E,11.833396894625269,1.787231131016693,20.14288995711532,0.31178401671121747,9.747939037504937,11.697526845005923,11.89143242787978,99.59592563898285,103.11502572342005,2.6397899355557874,0.009250621702990899,0.02825155698733636,-1379.0834939253496,33.473706022353795,0.2162119544674219,968.4722378753546,2285.8449073751967,19.583333333333332,False,"SOC floor violated (min 0.009, unmet 33 Wh); did not refill (end SOC 0.028)"
4.5,0.4,1.6,0.28,0.6,0.5,0.24,1.3586462081040374,3,mixed,22+22+14,3,58,16x12E,11.769021594984403,1.657383393296646,12.218054121877861,0.2894911660411403,10.095018929624397,12.114022715549275,12.314832396666489,109.44399943408648,138.16684420119108,1.7954386353126928,0.00799586991927273,0.027429774697407157,-1380.274256463457,134.4533692086656,0.0956243807324597,1276.6224953811497,2695.7480478015195,17.416666666666664,False,"SOC floor violated (min 0.008, unmet 134 Wh); did not refill (end SOC 0.027)"
4.5,0.4,1.6,0.34,0.6,0.5,0.24,1.3586462081040374,3,mixed,22+22+14,3,58,16x12E,11.769021594984403,1.657383393296646,12.218054121877861,0.2894911660411403,10.095018929624397,12.114022715549275,12.314832396666489,109.44399943408648,138.16684420119108,1.7954386353126928,0.00799586991927273,0.027429774697407157,-1380.274256463457,134.4533692086656,0.0956243807324597,1276.6224953811497,2695.7480478015195,17.416666666666664,False,"SOC floor violated (min 0.008, unmet 134 Wh); did not refill (end SOC 0.027)"
4.0,0.4,1.6,0.28,0.6,0.0,0.24,0.4034013545605723,3,mixed,16+16,2,32,22x12E,10.935593620534942,1.3445442167296915,11.899943342076533,0.2879764521607344,10.803938074096049,12.964725688915259,13.179637159076323,88.06227519117522,90.49516368947475,6.286519863226757,0.025278342819154538,0.025278342819154538,-1383.3916812550451,0.0,0.0,704.3434457275309,1993.4946045881964,24.0,False,"SOC floor violated (min 0.025, unmet 0 Wh); did not refill (end SOC 0.025)"
4.0,0.4,1.6,0.34,0.6,0.0,0.24,0.4034013545605723,3,mixed,16+16,2,32,22x12E,10.935593620534942,1.3445442167296915,11.899943342076533,0.2879764521607344,10.803938074096049,12.964725688915259,13.179637159076323,88.06227519117522,90.49516368947475,6.286519863226757,0.025278342819154538,0.025278342819154538,-1383.3916812550451,0.0,0.0,704.3434457275309,1993.4946045881964,24.0,False,"SOC floor violated (min 0.025, unmet 0 Wh); did not refill (end SOC 0.025)"
4.5,0.4,1.3,0.28,0.4,0.5,0.16000000000000003,1.37674418394554,3,mixed,21+21+14,3,56,16x12E,11.443476555342672,1.5904186041469297,12.732496933322604,0.29178056054198526,10.161825144913973,12.194190173896766,12.396328761366954,104.50053555374986,134.56023244852688,1.865599533124316,0.008877474264456155,0.024784617687680276,-1384.1070889705513,64.64599761018323,0.23062863791371058,1232.6010300231783,2585.9058578472855,17.416666666666664,False,"SOC floor violated (min 0.009, unmet 65 Wh); did not refill (end SOC 0.025)"
4.5,0.4,1.3,0.34,0.4,0.5,0.16000000000000003,1.37674418394554,3,mixed,21+21+14,3,56,16x12E,11.443476555342672,1.5904186041469297,12.732496933322604,0.29178056054198526,10.161825144913973,12.194190173896766,12.396328761366954,104.50053555374986,134.56023244852688,1.865599533124316,0.008877474264456155,0.024784617687680276,-1384.1070889705513,64.64599761018323,0.23062863791371058,1232.6010300231783,2585.9058578472855,17.416666666666664,False,"SOC floor violated (min 0.009, unmet 65 Wh); did not refill (end SOC 0.025)"
4.0,0.52,1.3,0.28,0.4,0.0,0.20800000000000002,0.5526617076998015,3,mixed,24+17+17+8,4,66,16x12E,11.768580943137811,1.6284304528023381,9.825411931142575,0.2756929130998988,10.184175879510994,12.221011055413191,12.423594242731923,158.38581262123066,162.34206857317855,1.7202293493198038,0.009678827174915253,0.020492696751661793,-1390.326082406842,949.2490789988292,0.15895713948947804,1452.708356813033,3694.776710745364,20.583333333333332,False,"SOC floor violated (min 0.010, unmet 949 Wh); did not refill (end SOC 0.020)"
4.0,0.52,1.3,0.34,0.4,0.0,0.20800000000000002,0.5526617076998015,3,mixed,24+17+17+8,4,66,16x12E,11.768580943137811,1.6284304528023381,9.825411931142575,0.2756929130998988,10.184175879510994,12.221011055413191,12.423594242731923,158.38581262123066,162.34206857317855,1.7202293493198038,0.009678827174915253,0.020492696751661793,-1390.326082406842,949.2490789988292,0.15895713948947804,1452.708356813033,3694.776710745364,20.583333333333332,False,"SOC floor violated (min 0.010, unmet 949 Wh); did not refill (end SOC 0.020)"
4.0,0.45,1.3,0.34,0.4,0.0,0.18000000000000002,0.4710318751196979,3,mixed,15+15,2,30,22x12E,10.837885674635377,1.3871786062823184,11.534203257993212,0.28613169492047663,10.588990065438043,12.706788078525651,12.917423812169897,86.5297658393253,88.79374029233296,6.325601112921554,0.02032202625457184,0.02032202625457184,-1390.5733839571255,0.0,0.0,660.3219803695604,1956.7143801438192,24.0,False,"SOC floor violated (min 0.020, unmet 0 Wh); did not refill (end SOC 0.020)"
4.0,0.45,1.6,0.28,0.4,0.0,0.18000000000000002,0.4204953692446093,3,mixed,16+16,2,32,22x12E,11.012904645120177,1.3735337496960445,11.648785480182568,0.2867220973689211,10.72703558102214,12.872442697226568,13.08582442631246,88.42263325566324,90.81489654949108,6.231055212543592,0.019282555092804986,0.019282555092804986,-1392.0795776705256,0.0,0.0,704.3434457275309,2002.1431981359094,24.0,False,"SOC floor violated (min 0.019, unmet 0 Wh); did not refill (end SOC 0.019)"
4.0,0.45,1.6,0.34,0.4,0.0,0.18000000000000002,0.4204953692446093,3,mixed,16+16,2,32,22x12E,11.012904645120177,1.3735337496960445,11.648785480182568,0.2867220973689211,10.72703558102214,12.872442697226568,13.08582442631246,88.42263325566324,90.81489654949108,6.231055212543592,0.019282555092804986,0.019282555092804986,-1392.0795776705256,0.0,0.0,704.3434457275309,2002.1431981359094,24.0,False,"SOC floor violated (min 0.019, unmet 0 Wh); did not refill (end SOC 0.019)"
5.0,0.4,1.6,0.28,0.6,0.0,0.24,0.4486040083947966,3,mixed,20+20+12,3,52,19x10E,11.78438226754308,1.6717766413431674,14.954150800859422,0.29985849300895845,10.058025533903564,12.069630640684275,12.269704450769458,121.15063326315892,126.11207695355272,2.575682675412001,0.005046583119669145,0.017236356512980437,-1395.0445194126914,364.01989123532326,0.1625805005958701,1144.5580993072383,2807.4609730773946,20.0,False,"SOC floor violated (min 0.005, unmet 364 Wh); did not refill (end SOC 0.017)"
5.0,0.4,1.6,0.34,0.6,0.0,0.24,0.4486040083947966,3,mixed,20+20+12,3,52,19x10E,11.78438226754308,1.6717766413431674,14.954150800859422,0.29985849300895845,10.058025533903564,12.069630640684275,12.269704450769458,121.15063326315892,126.11207695355272,2.575682675412001,0.005046583119669145,0.017236356512980437,-1395.0445194126914,364.01989123532326,0.1625805005958701,1144.5580993072383,2807.4609730773946,20.0,False,"SOC floor violated (min 0.005, unmet 364 Wh); did not refill (end SOC 0.017)"
4.0,0.52,1.6,0.28,0.4,0.0,0.20800000000000002,0.49263346414198567,3,mixed,21+17+17+7,4,62,17x12E,11.882805597000615,1.6097016408122995,9.93973019243862,0.2765032943879294,10.292840714208149,12.351408857049778,12.556153600573237,115.643872172429,150.93635711563314,2.1645921766340135,0.003853988025633189,0.017220484304574655,-1395.0675182426712,223.95648492858155,0.09851970297759512,1364.6654260970918,2887.795124681058,17.416666666666664,False,"SOC floor violated (min 0.004, unmet 224 Wh); did not refill (end SOC 0.017)"
4.0,0.52,1.6,0.34,0.4,0.0,0.20800000000000002,0.49263346414198567,3,mixed,21+17+17+7,4,62,17x12E,11.882805597000615,1.6097016408122995,9.93973019243862,0.2765032943879294,10.292840714208149,12.351408857049778,12.556153600573237,115.643872172429,150.93635711563314,2.1645921766340135,0.003853988025633189,0.017220484304574655,-1395.0675182426712,223.95648492858155,0.09851970297759512,1364.6654260970918,2887.795124681058,17.416666666666664,False,"SOC floor violated (min 0.004, unmet 224 Wh); did not refill (end SOC 0.017)"
4.5,0.4,1.3,0.28,0.6,0.5,0.24,1.384812165683202,3,mixed,21+21+14,3,56,19x10E,11.635912938689142,1.6615699465093123,12.187269059928504,0.2893480360167756,10.025115080110066,12.03013809613208,12.229557252889935,133.99344174584607,139.4893371848273,2.561022351670816,0.008277267151878386,0.014226982703767585,-1399.4051020622408,579.7411829684922,0.2222043878995,1232.6010300231785,3115.0782359367445,20.5,False,"SOC floor violated (min 0.008, unmet 580 Wh); did not refill (end SOC 0.014)"
4.5,0.4,1.3,0.34,0.6,0.5,0.24,1.384812165683202,3,mixed,21+21+14,3,56,19x10E,11.635912938689142,1.6615699465093123,12.187269059928504,0.2893480360167756,10.025115080110066,12.03013809613208,12.229557252889935,133.99344174584607,139.4893371848273,2.561022351670816,0.008277267151878386,0.014226982703767585,-1399.4051020622408,579.7411829684922,0.2222043878995,1232.6010300231785,3115.0782359367445,20.5,False,"SOC floor violated (min 0.008, unmet 580 Wh); did not refill (end SOC 0.014)"
4.0,0.4,1.3,0.28,0.4,0.0,0.16000000000000003,0.41415633173434313,3,mixed,13+13,2,26,22x12E,10.442422883107799,1.2193975196162425,13.121233840983514,0.2933914534781433,11.086039814044648,13.303247776853578,13.523770802657738,83.27583636297898,85.72835375662754,6.64302354853474,0.013539772508251797,0.013539772508251797,-1400.4008696355431,0.0,0.0,572.2790496536185,1878.6200727114988,24.0,False,"SOC floor violated (min 0.014, unmet 0 Wh); did not refill (end SOC 0.014)"
4.0,0.4,1.3,0.34,0.4,0.0,0.16000000000000003,0.41415633173434313,3,mixed,13+13,2,26,22x12E,10.442422883107799,1.2193975196162425,13.121233840983514,0.2933914534781433,11.086039814044648,13.303247776853578,13.523770802657738,83.27583636297898,85.72835375662754,6.64302354853474,0.013539772508251797,0.013539772508251797,-1400.4008696355431,0.0,0.0,572.2790496536185,1878.6200727114988,24.0,False,"SOC floor violated (min 0.014, unmet 0 Wh); did not refill (end SOC 0.014)"
4.0,0.36,1.3,0.28,0.6,0.0,0.216,0.4027487605843451,3,mixed,13+13,2,26,22x12E,10.406973720490896,1.2099958215241455,13.223186159309162,0.29379825772251295,11.110119824954847,13.332143789945816,13.553145814288357,83.35019033714289,85.81435458678712,6.666921405813014,0.012302507659773296,0.012302507659773296,-1402.1936664009886,0.0,0.0,572.2790496536185,1880.4045680914164,24.0,False,"SOC floor violated (min 0.012, unmet 0 Wh); did not refill (end SOC 0.012)"
4.0,0.36,1.3,0.34,0.6,0.0,0.216,0.4027487605843451,3,mixed,13+13,2,26,22x12E,10.406973720490896,1.2099958215241455,13.223186159309162,0.29379825772251295,11.110119824954847,13.332143789945816,13.553145814288357,83.35019033714289,85.81435458678712,6.666921405813014,0.012302507659773296,0.012302507659773296,-1402.1936664009886,0.0,0.0,572.2790496536185,1880.4045680914164,24.0,False,"SOC floor violated (min 0.012, unmet 0 Wh); did not refill (end SOC 0.012)"
6.0,0.36,1.3,0.34,0.6,0.0,0.216,0.48869414444094267,3,mixed,20+20,2,40,19x10E,11.635205229090756,1.7983719567994956,20.018105744969485,0.3115697700615481,9.635976061954468,11.563171274345361,11.75484969453889,97.77655589107447,101.08413611076432,2.688074237843623,0.009346735294622432,0.011363014787309184,-1403.554991573189,47.66253809077692,0.21267484082014929,880.4293071594132,2236.560082044849,21.0,False,"SOC floor violated (min 0.009, unmet 48 Wh); did not refill (end SOC 0.011)"
4.5,0.36,1.3,0.34,0.4,0.5,0.144,1.3507978314067701,3,mixed,19+19,2,38,19x12E,10.884848652956233,1.4257723315838622,14.202828566258315,0.2974094929373038,10.467297200875494,12.560756641050594,12.768971665481967,94.71431158308239,97.25298209799536,3.8916689274864074,0.00963871079881184,0.010029703714757476,-1405.4869593173164,12.445638929203415,0.3986349900164256,836.4078418014432,2159.2785984050233,21.583333333333336,False,"SOC floor violated (min 0.010, unmet 12 Wh); did not refill (end SOC 0.010)"
6.0,0.36,1.6,0.34,0.4,0.0,0.144,0.3995382367315819,3,mixed,18+18,2,36,16x12E,11.331101601477002,1.5983002591340216,22.523928025579647,0.3154173027089611,10.08684462633367,12.104213551600404,12.304860629829145,98.4572903267184,101.09200445533773,2.006177873230333,0.009845989716944774,0.009845989716944774,-1405.7531609001471,139.48116129618438,0.0,792.3863764434723,2242.9749678412322,24.0,False,"SOC floor violated (min 0.010, unmet 139 Wh); did not refill (end SOC 0.010)"
4.0,0.4,1.6,0.34,1.0,1.0,0.4,2.0,3,mixed,22+22,2,44,16x12E,11.446717880017781,1.6,10.0,0.2769230769230769,10.132787793762514,12.159345352515016,12.360906330248573,137.44608159814916,160.69800968245852,1.769608353397246,0.009777600828583546,0.009777600828583546,-1405.8522563993824,899.9905305594878,0.0,968.4722378753553,3178.705958355572,24.0,False,"SOC floor violated (min 0.010, unmet 900 Wh); did not refill (end SOC 0.010)"
4.0,0.36,1.6,0.28,0.4,0.0,0.144,0.33049322809804865,3,mixed,11+11,2,22,22x12E,10.31720049850111,1.0793865372691784,14.823234724123584,0.2994496209835451,11.712264888980277,14.054717866776333,14.28769773476,84.85910554210395,87.83497532144804,6.741734020034664,0.009508581367260363,0.009508581367260363,-1406.2420655988396,120.21706618464722,0.0,484.23611893767765,1916.618533010485,24.0,False,"SOC floor violated (min 0.010, unmet 120 Wh); did not refill (end SOC 0.010)"
4.0,0.36,1.6,0.34,0.4,0.0,0.144,0.33049322809804865,3,mixed,11+11,2,22,22x12E,10.31720049850111,1.0793865372691784,14.823234724123584,0.2994496209835451,11.712264888980277,14.054717866776333,14.28769773476,84.85910554210395,87.83497532144804,6.741734020034664,0.009508581367260363,0.009508581367260363,-1406.2420655988396,120.21706618464722,0.0,484.23611893767765,1916.618533010485,24.0,False,"SOC floor violated (min 0.010, unmet 120 Wh); did not refill (end SOC 0.010)"
4.5,0.45,1.3,0.28,0.6,0.0,0.27,0.5388295271434997,3,mixed,20+20+16,3,56,19x10E,11.766257554297482,1.7169893148858297,11.793899836439293,0.28745335675604006,9.917080265609133,11.90049631873096,12.097766451618657,135.18250957116402,140.48813830127668,2.5256542330816005,0.004835076765777359,0.009240743295398401,-1406.6301629649677,599.0502317057527,0.14204662846732435,1232.6010300231785,3141.623523080792,20.75,False,"SOC floor violated (min 0.005, unmet 599 Wh); did not refill (end SOC 0.009)"
4.5,0.45,1.3,0.34,0.6,0.0,0.27,0.5388295271434997,3,mixed,20+20+16,3,56,19x10E,11.766257554297482,1.7169893148858297,11.793899836439293,0.28745335675604006,9.917080265609133,11.90049631873096,12.097766451618657,135.18250957116402,140.48813830127668,2.5256542330816005,0.004835076765777359,0.009240743295398401,-1406.6301629649677,599.0502317057527,0.14204662846732435,1232.6010300231785,3141.623523080792,20.75,False,"SOC floor violated (min 0.005, unmet 599 Wh); did not refill (end SOC 0.009)"
4.5,0.45,1.6,0.34,0.6,0.0,0.27,0.48284103617450086,3,mixed,20+20,2,40,19x10E,11.67918324813528,1.7069113865114103,11.863533256630856,0.2877979013158492,9.90944194855116,11.891330338261392,12.088448530075635,132.7452264106813,137.8903296459195,2.5532147001125893,0.009085456786801803,0.009085456786801803,-1406.8551731159241,874.0319521002609,0.0,880.4293071594137,3065.8854338563538,24.0,False,"SOC floor violated (min 0.009, unmet 874 Wh); did not refill (end SOC 0.009)"
5.0,0.4,1.6,0.34,0.4,0.5,0.16000000000000003,1.488014053641119,3,mixed,24+24,2,48,19x10E,11.823506380916665,1.7571233728738687,14.22780004292537,0.2974950450588775,9.826988921934577,11.792386706321492,11.987864746086744,119.37091593823703,123.80095566107936,2.568638804988303,0.009050072995066423,0.009050072995066423,-1406.9064442301487,387.95547679927023,0.0,1056.515168591296,2755.977081824782,21.5,False,"SOC floor violated (min 0.009, unmet 388 Wh); did not refill (end SOC 0.009)"
4.0,0.45,1.6,0.28,0.4,0.5,0.18000000000000002,1.2413056184350446,3,mixed,19+19+14,3,52,17x12E,11.644235372527799,1.595152516977462,10.030388837248761,0.277132823784629,10.235353116637148,12.282423739964576,12.486024942676783,110.36676095749682,146.84461608331833,2.218627165915153,0.008949337665973008,0.008949337665973008,-1407.052409722005,266.7196723139507,0.0,1144.558099307237,2723.35082365096,18.666666666666668,False,"SOC floor violated (min 0.009, unmet 267 Wh); did not refill (end SOC 0.009)"
4.0,0.45,1.6,0.34,0.4,0.5,0.18000000000000002,1.2413056184350446,3,mixed,19+19+14,3,52,17x12E,11.644235372527799,1.595152516977462,10.030388837248761,0.277132823784629,10.235353116637148,12.282423739964576,12.486024942676783,110.36676095749682,146.84461608331833,2.218627165915153,0.008949337665973008,0.008949337665973008,-1407.052409722005,266.7196723139507,0.0,1144.558099307237,2723.35082365096,18.666666666666668,False,"SOC floor violated (min 0.009, unmet 267 Wh); did not refill (end SOC 0.009)"
5.0,0.36,1.3,0.34,0.4,0.5,0.144,1.4876369168177235,3,mixed,22+22,2,44,16x12E,11.195135900724589,1.5813295740326283,15.809481091437656,0.3023631810267888,10.079800524081328,12.095760628897594,12.296267586148165,139.55609740556267,116.2923506585888,1.9693318024325077,0.008923370520041142,0.008923370520041142,-1407.0900361164604,949.5008568602374,0.0,968.4722378753553,3229.346337733511,24.0,False,"SOC floor violated (min 0.009, unmet 950 Wh); did not refill (end SOC 0.009)"
5.0,0.36,1.6,0.28,0.6,0.5,0.216,1.4709668198479715,3,mixed,23+23,2,46,19x10E,11.578217035868082,1.651819222058108,15.134828113242857,0.3004111600045448,10.029702115360324,12.03564253843239,12.235152940297588,117.45937334602617,122.18834134996558,2.6348769099328444,0.008862745239419784,0.008862745239419784,-1407.1778821480807,381.7429633745853,0.0,1012.493703233326,2706.1184123105277,22.5,False,"SOC floor violated (min 0.009, unmet 382 Wh); did not refill (end SOC 0.009)"
5.0,0.36,1.6,0.34,0.6,0.5,0.216,1.4709668198479715,3,mixed,23+23,2,46,19x10E,11.578217035868082,1.651819222058108,15.134828113242857,0.3004111600045448,10.029702115360324,12.03564253843239,12.235152940297588,117.45937334602617,122.18834134996558,2.6348769099328444,0.008862745239419784,0.008862745239419784,-1407.1778821480807,381.7429633745853,0.0,1012.493703233326,2706.1184123105277,22.5,False,"SOC floor violated (min 0.009, unmet 382 Wh); did not refill (end SOC 0.009)"
4.0,0.4,1.3,0.28,0.6,0.0,0.24,0.4500270848225105,3,mixed,14+14,2,28,22x12E,10.728055354893973,1.3520043335716017,11.834281594151891,0.2876536586435365,10.67136341939455,12.80563610327346,13.017910404121578,85.68532823279993,87.95825698962643,6.406752635256791,0.008857462241020936,0.008857462241020936,-1407.1855372127607,7.140444019399994,0.0,616.3005150115895,1936.4478775872037,24.0,False,"SOC floor violated (min 0.009, unmet 7 Wh); did not refill (end SOC 0.009)"
4.0,0.4,1.3,0.34,0.6,0.0,0.24,0.4500270848225105,3,mixed,14+14,2,28,22x12E,10.728055354893973,1.3520043335716017,11.834281594151891,0.2876536586435365,10.67136341939455,12.80563610327346,13.017910404121578,85.68532823279993,87.95825698962643,6.406752635256791,0.008857462241020936,0.008857462241020936,-1407.1855372127607,7.140444019399994,0.0,616.3005150115895,1936.4478775872037,24.0,False,"SOC floor violated (min 0.009, unmet 7 Wh); did not refill (end SOC 0.009)"
4.0,0.45,1.3,0.28,0.6,0.5,0.27,1.2768340838119103,3,mixed,19+19+16,3,54,19x10E,11.67302524082027,1.669830135086144,9.581812942413203,0.27390158069338805,10.016223675883198,12.019468411059838,12.218710700388327,157.22753960735253,163.74937586516864,2.471498379389532,0.008788583044778532,0.008788583044778532,-1407.2853431681158,1154.2695829145628,0.0,1188.579564665209,3653.4609505764665,24.0,False,"SOC floor violated (min 0.009, unmet 1154 Wh); did not refill (end SOC 0.009)"
4.0,0.45,1.3,0.34,0.6,0.5,0.27,1.2768340838119103,3,mixed,19+19+16,3,54,19x10E,11.67302524082027,1.669830135086144,9.581812942413203,0.27390158069338805,10.016223675883198,12.019468411059838,12.218710700388327,157.22753960735253,163.74937586516864,2.471498379389532,0.008788583044778532,0.008788583044778532,-1407.2853431681158,1154.2695829145628,0.0,1188.579564665209,3653.4609505764665,24.0,False,"SOC floor violated (min 0.009, unmet 1154 Wh); did not refill (end SOC 0.009)"
6.0,0.36,1.6,0.34,0.6,0.0,0.216,0.4387069082970673,3,mixed,20+20,2,40,19x10E,11.792271751325497,1.7911737947947777,20.09855219220906,0.3117081962539466,9.720269928568847,11.664323914282615,11.857679104434975,99.47854095429896,102.95349304416922,2.6485324519889226,0.008540003340605472,0.008540003340605472,-1407.6455351594627,82.89878412858245,0.0,880.4293071594137,2276.1723631278473,21.5,False,"SOC floor violated (min 0.009, unmet 83 Wh); did not refill (end SOC 0.009)"
5.5,0.36,1.3,0.34,0.4,0.0,0.144,0.4282951994852384,3,mixed,16+16,2,32,17x12E,10.893227059284843,1.4785117630888114,20.459762820421293,0.31231632328595216,10.282869762533561,12.339443715040273,12.543990116823103,93.61634123468721,96.09005061034011,2.589602996268634,0.008521233518950483,0.008521233518950483,-1407.6727326310406,109.21906477380179,0.0,704.3434457275309,2126.7921896324997,24.0,False,"SOC floor violated (min 0.009, unmet 109 Wh); did not refill (end SOC 0.009)"
4.0,0.45,1.3,0.28,0.6,0.5,0.27,1.2768340838119103,3,mixed,19+19+16+8,4,62,19x10E,11.84502524082027,1.669830135086144,9.581812942413203,0.27390158069338805,10.089747484472388,12.107696981366866,12.308401803124493,162.24024096369362,169.21781574678067,2.420982189335311,0.008417513013351986,0.008417513013351986,-1407.823023643653,1098.1790306267962,0.0,1364.6654260970913,3773.765783128672,24.0,False,"SOC floor violated (min 0.008, unmet 1098 Wh); did not refill (end SOC 0.008)"
4.0,0.45,1.3,0.34,0.6,0.5,0.27,1.2768340838119103,3,mixed,19+19+16+8,4,62,19x10E,11.84502524082027,1.669830135086144,9.581812942413203,0.27390158069338805,10.089747484472388,12.107696981366866,12.308401803124493,162.24024096369362,169.21781574678067,2.420982189335311,0.008417513013351986,0.008417513013351986,-1407.823023643653,1098.1790306267962,0.0,1364.6654260970913,3773.765783128672,24.0,False,"SOC floor violated (min 0.008, unmet 1098 Wh); did not refill (end SOC 0.008)"
4.5,0.36,1.3,0.34,0.4,0.0,0.144,0.3901586067935855,4,mixed,12+12+12,3,36,22x12E,11.88380509286932,1.2182742590674143,16.621872989010964,0.30450344413444735,11.831877793432488,14.198253352118986,14.43361255483872,93.1830769178986,96.67039630409434,5.807208830618249,0.251282558453007,0.251282558453007,-1407.8820970687905,0.0,0.0,792.3863764434723,2116.393846029577,24.0,False,did not refill (end SOC 0.251)
5.5,0.4,1.6,0.34,0.4,0.0,0.16000000000000003,0.4290000000310116,3,mixed,19+19,2,38,19x10E,11.502481235228563,1.642960000007443,18.411890733714127,0.3085527272725569,10.023761412172995,12.028513694607593,12.227905924261231,106.38343416080913,110.60867654375524,2.6946456686850015,0.00832638349488974,0.00832638349488974,-1407.9550703159048,283.6891577621575,0.0,836.4078418014426,2433.2024198594168,24.0,False,"SOC floor violated (min 0.008, unmet 284 Wh); did not refill (end SOC 0.008)"
4.0,0.52,1.3,0.28,0.4,0.0,0.20800000000000002,0.5526617076998015,3,mixed,24+17+17,3,58,16x12E,11.596580943137813,1.6284304528023381,9.825411931142575,0.2756929130998988,10.109480139306143,12.131376167167371,12.332473510043817,134.65795720726453,158.05811637147653,1.7536884424054904,0.008227332733278376,0.008227332733278376,-1408.0985948694797,616.408047665494,0.0,1276.62249538115,3205.391609631208,20.0,False,"SOC floor violated (min 0.008, unmet 616 Wh); did not refill (end SOC 0.008)"
4.0,0.52,1.3,0.34,0.4,0.0,0.20800000000000002,0.5526617076998015,3,mixed,24+17+17,3,58,16x12E,11.596580943137813,1.6284304528023381,9.825411931142575,0.2756929130998988,10.109480139306143,12.131376167167371,12.332473510043817,134.65795720726453,158.05811637147653,1.7536884424054904,0.008227332733278376,0.008227332733278376,-1408.0985948694797,616.408047665494,0.0,1276.62249538115,3205.391609631208,20.0,False,"SOC floor violated (min 0.008, unmet 616 Wh); did not refill (end SOC 0.008)"
4.0,0.45,1.3,0.28,0.4,0.5,0.18000000000000002,1.2687815315068947,3,mixed,18+18+16,3,52,16x12E,11.47108417069564,1.6025710135068616,9.983956944901708,0.2768118311463376,10.135426787772666,12.162512145327199,12.364125617815777,132.23104936693923,156.5495394895671,1.7804691310172416,0.008152589148448793,0.008152589148448793,-1408.2068983238978,636.9022830209393,0.0,1144.558099307237,3094.076001677579,22.333333333333336,False,"SOC floor violated (min 0.008, unmet 637 Wh); did not refill (end SOC 0.008)"
4.0,0.45,1.3,0.34,0.4,0.5,0.18000000000000002,1.2687815315068947,3,mixed,18+18+16,3,52,16x12E,11.47108417069564,1.6025710135068616,9.983956944901708,0.2768118311463376,10.135426787772666,12.162512145327199,12.364125617815777,132.23104936693923,156.5495394895671,1.7804691310172416,0.008152589148448793,0.008152589148448793,-1408.2068983238978,636.9022830209393,0.0,1144.558099307237,3094.076001677579,22.333333333333336,False,"SOC floor violated (min 0.008, unmet 637 Wh); did not refill (end SOC 0.008)"
4.5,0.4,1.6,0.28,0.6,0.0,0.24,0.426630507363234,3,mixed,18+18,2,36,18x12E,11.212461682765907,1.5082608811781175,13.426059279733174,0.2945893715836541,10.329057656053816,12.394869187264579,12.600334356633079,105.57684329051021,108.38195477090315,3.0692327670072297,0.008090288669510597,0.008090288669510597,-1408.297171717879,307.9324595973214,0.0,792.3863764434723,2413.8442389722422,24.0,False,"SOC floor violated (min 0.008, unmet 308 Wh); did not refill (end SOC 0.008)"
4.5,0.4,1.6,0.34,0.6,0.0,0.24,0.426630507363234,3,mixed,18+18,2,36,18x12E,11.212461682765907,1.5082608811781175,13.426059279733174,0.2945893715836541,10.329057656053816,12.394869187264579,12.600334356633079,105.57684329051021,108.38195477090315,3.0692327670072297,0.008090288669510597,0.008090288669510597,-1408.297171717879,307.9324595973214,0.0,792.3863764434723,2413.8442389722422,24.0,False,"SOC floor violated (min 0.008, unmet 308 Wh); did not refill (end SOC 0.008)"
4.0,0.36,1.6,0.28,0.6,0.0,0.216,0.36122152190996115,3,mixed,13+13,2,26,22x12E,10.594311990761573,1.2040158991550345,13.288861061742315,0.29405700436348403,11.237474454113341,13.48496934493601,13.708504702068552,85.68495893673494,88.31106371023579,6.542269916627764,0.008071918963379308,0.008071918963379308,-1408.3237894220633,49.982892713095374,0.0,572.2790496536185,1936.4390144816439,24.0,False,"SOC floor violated (min 0.008, unmet 50 Wh); did not refill (end SOC 0.008)"
4.0,0.36,1.6,0.34,0.6,0.0,0.216,0.36122152190996115,3,mixed,13+13,2,26,22x12E,10.594311990761573,1.2040158991550345,13.288861061742315,0.29405700436348403,11.237474454113341,13.48496934493601,13.708504702068552,85.68495893673494,88.31106371023579,6.542269916627764,0.008071918963379308,0.008071918963379308,-1408.3237894220633,49.982892713095374,0.0,572.2790496536185,1936.4390144816439,24.0,False,"SOC floor violated (min 0.008, unmet 50 Wh); did not refill (end SOC 0.008)"
4.5,0.4,1.6,0.34,0.6,0.5,0.24,1.3586462081040374,3,mixed,22+22,2,44,19x10E,11.597289578954927,1.657383393296646,12.218054121877861,0.2894911660411403,10.021095674434086,12.025314809320903,12.224654012234422,132.41740881908083,137.79597830385603,2.5752762604079065,0.00807029819127426,0.00807029819127426,-1408.3261379208436,776.6498829276138,0.0,968.4722378753553,3058.0178116579473,24.0,False,"SOC floor violated (min 0.008, unmet 777 Wh); did not refill (end SOC 0.008)"
4.0,0.45,1.3,0.28,1.0,1.0,0.45,2.0,3,mixed,20+20+18,3,58,19x10E,11.9813858383297,1.8,8.88888888888889,0.2682692307692308,9.77385121837966,11.72862146205559,11.923042488913728,169.15111473246176,175.15476355102157,2.361094049904991,0.008039550754902732,0.008039550754902732,-1408.370690956146,1352.196909882233,0.0,1276.62249538115,3939.6267535790994,24.0,False,"SOC floor violated (min 0.008, unmet 1352 Wh); did not refill (end SOC 0.008)"
4.0,0.45,1.3,0.34,1.0,1.0,0.45,2.0,3,mixed,20+20+18,3,58,19x10E,11.9813858383297,1.8,8.88888888888889,0.2682692307692308,9.77385121837966,11.72862146205559,11.923042488913728,169.15111473246176,175.15476355102157,2.361094049904991,0.008039550754902732,0.008039550754902732,-1408.370690956146,1352.196909882233,0.0,1276.62249538115,3939.6267535790994,24.0,False,"SOC floor violated (min 0.008, unmet 1352 Wh); did not refill (end SOC 0.008)"
5.5,0.36,1.6,0.34,0.6,0.0,0.216,0.4207279971802974,3,mixed,18+18,2,36,19x10E,11.4732732069163,1.6445848315939628,18.393699989730006,0.3085155410442577,10.00608013715334,12.007296164584007,12.206336679077607,106.4430844873695,110.63699114337113,2.7010014423902726,0.007718588416570631,0.007718588416570631,-1408.835765384389,328.1995105027227,0.0,792.3863764434723,2434.634027696869,24.0,False,"SOC floor violated (min 0.008, unmet 328 Wh); did not refill (end SOC 0.008)"
6.0,0.36,1.3,0.34,0.4,0.0,0.144,0.44606429664317643,3,mixed,17+17,2,34,19x10E,11.202145961504026,1.608349888074926,22.38318929663327,0.31522404061394377,9.997900176333012,11.997480211599614,12.196358010665401,97.36713425648796,101.29631740553093,2.80253036277145,0.007703850685243171,0.007703850685243171,-1408.8571203570827,154.16462923943925,0.0,748.3649110855013,2216.8112221556953,24.0,False,"SOC floor violated (min 0.008, unmet 154 Wh); did not refill (end SOC 0.008)"
5.0,0.4,1.3,0.34,0.4,0.0,0.16000000000000003,0.4587942593310043,3,mixed,17+17,2,34,17x12E,10.99460960834458,1.5101106222394411,16.5550785696255,0.30433539815336935,10.221955233697637,12.266346280437164,12.46968097303983,136.30252448584534,104.01590649336461,2.5250788828481068,0.007702287974597747,0.007702287974597747,-1408.8593847248078,1089.83734459632,0.0,748.3649110855013,3151.2605876602993,24.0,False,"SOC floor violated (min 0.008, unmet 1090 Wh); did not refill (end SOC 0.008)"
4.5,0.4,1.6,0.34,0.4,0.5,0.16000000000000003,1.351156728492692,3,mixed,21+21,2,42,16x12E,11.388656632244052,1.5842776148382463,12.781850737736715,0.2919905088944189,10.157084276030565,12.188501131236677,12.390545413547526,102.16721319516174,132.66189140041098,1.881140905724394,0.007600718817461364,0.007600718817461364,-1409.0065584334984,187.30655752446316,0.0,924.4507725173844,2426.038374483405,20.916666666666668,False,"SOC floor violated (min 0.008, unmet 187 Wh); did not refill (end SOC 0.008)"
4.5,0.45,1.6,0.28,0.6,0.0,0.27,0.48284103617450086,3,mixed,20+20+14,3,54,19x10E,11.89918324813528,1.7069113865114103,11.863533256630856,0.2877979013158492,10.002338269341596,12.002805923209914,12.201772004630403,137.87842537976044,143.4672931528383,2.490298137020555,0.007531185864249538,0.007531185864249538,-1409.1073116827024,695.6313987818423,0.0,1188.579564665209,3197.4655107738786,22.5,False,"SOC floor violated (min 0.008, unmet 696 Wh); did not refill (end SOC 0.008)"
4.5,0.45,1.6,0.34,0.6,0.0,0.27,0.48284103617450086,3,mixed,20+20+14,3,54,19x10E,11.89918324813528,1.7069113865114103,11.863533256630856,0.2877979013158492,10.002338269341596,12.002805923209914,12.201772004630403,137.87842537976044,143.4672931528383,2.490298137020555,0.007531185864249538,0.007531185864249538,-1409.1073116827024,695.6313987818423,0.0,1188.579564665209,3197.4655107738786,22.5,False,"SOC floor violated (min 0.008, unmet 696 Wh); did not refill (end SOC 0.008)"
4.0,0.45,1.6,0.34,0.4,0.5,0.18000000000000002,1.2413056184350446,3,mixed,19+19,2,38,16x12E,11.409029062195708,1.595152516977462,10.030388837248761,0.277132823784629,10.13145187219842,12.157742246638104,12.359276650277529,129.40399411576396,154.2408666741838,1.797890409339334,0.007221042821408455,0.007221042821408455,-1409.5567089517792,835.0452194008612,0.0,836.4078418014426,2985.6958587783424,24.0,False,"SOC floor violated (min 0.007, unmet 835 Wh); did not refill (end SOC 0.007)"
4.0,0.45,1.3,0.28,0.4,0.5,0.18000000000000002,1.2687815315068947,3,mixed,18+18+16+8,4,60,17x12E,11.65829048102773,1.6025710135068616,9.983956944901708,0.2768118311463376,10.217796377846367,12.26135565341564,12.464607618237098,170.4996120936633,147.94504852530736,2.2102354836946323,0.007170523155903579,0.007170523155903579,-1409.6299119470957,1339.3511403212315,0.0,1320.6439607391208,3971.9906902479006,24.0,False,"SOC floor violated (min 0.007, unmet 1339 Wh); did not refill (end SOC 0.007)"
4.0,0.45,1.3,0.34,0.4,0.5,0.18000000000000002,1.2687815315068947,3,mixed,18+18+16+8,4,60,17x12E,11.65829048102773,1.6025710135068616,9.983956944901708,0.2768118311463376,10.217796377846367,12.26135565341564,12.464607618237098,170.4996120936633,147.94504852530736,2.2102354836946323,0.007170523155903579,0.007170523155903579,-1409.6299119470957,1339.3511403212315,0.0,1320.6439607391208,3971.9906902479006,24.0,False,"SOC floor violated (min 0.007, unmet 1339 Wh); did not refill (end SOC 0.007)"
4.5,0.45,1.3,0.28,0.4,0.5,0.18000000000000002,1.4094228339681143,3,mixed,20+20+16,3,56,19x10E,11.945251441075165,1.7980441651713908,11.26223726438319,0.2846822507633712,9.764408040353588,11.717289648424305,11.911522831992466,137.61133391884377,142.70176633865884,2.474478377494525,0.0056984799477790855,0.007154086227409266,-1409.6537290564838,651.6312152644513,0.20331834229606233,1232.601030023179,3197.094905908386,21.166666666666664,False,"SOC floor violated (min 0.006, unmet 652 Wh); did not refill (end SOC 0.007)"
4.5,0.45,1.3,0.34,0.4,0.5,0.18000000000000002,1.4094228339681143,3,mixed,20+20+16,3,56,19x10E,11.945251441075165,1.7980441651713908,11.26223726438319,0.2846822507633712,9.764408040353588,11.717289648424305,11.911522831992466,137.61133391884377,142.70176633865884,2.474478377494525,0.0056984799477790855,0.007154086227409266,-1409.6537290564838,651.6312152644513,0.20331834229606233,1232.601030023179,3197.094905908386,21.166666666666664,False,"SOC floor violated (min 0.006, unmet 652 Wh); did not refill (end SOC 0.007)"
4.0,0.4,1.6,0.28,0.6,0.5,0.24,1.2205686848003234,3,mixed,18+18,2,36,19x12E,11.177726875216038,1.4752909895680517,10.84531805124399,0.2823191398744593,10.427647724898456,12.513177269878147,12.720603588643597,111.36324553391174,114.35220133755145,3.7025766286579396,0.007092776831818735,0.007092776831818735,-1409.7425663706947,445.45298213564723,0.0,792.3863764434723,2552.717892813885,24.0,False,"SOC floor violated (min 0.007, unmet 445 Wh); did not refill (end SOC 0.007)"
4.0,0.4,1.6,0.34,0.6,0.5,0.24,1.2205686848003234,3,mixed,18+18,2,36,19x12E,11.177726875216038,1.4752909895680517,10.84531805124399,0.2823191398744593,10.427647724898456,12.513177269878147,12.720603588643597,111.36324553391174,114.35220133755145,3.7025766286579396,0.007092776831818735,0.007092776831818735,-1409.7425663706947,445.45298213564723,0.0,792.3863764434723,2552.717892813885,24.0,False,"SOC floor violated (min 0.007, unmet 445 Wh); did not refill (end SOC 0.007)"
5.0,0.36,1.3,0.34,0.6,0.0,0.216,0.4478819785745004,3,mixed,16+16,2,32,17x12E,10.949473437925258,1.504495004914728,16.61687138763013,0.3044909075562075,10.219971656835567,12.26396598820268,12.467261223579962,136.31132395584282,104.02443800067267,2.535260198469135,0.006927677682296978,0.006927677682296978,-1409.9817950383517,1133.0248539562865,0.0,704.3434457275309,3151.4717749402303,24.0,False,"SOC floor violated (min 0.007, unmet 1133 Wh); did not refill (end SOC 0.007)"
4.0,0.4,1.6,0.28,0.4,0.0,0.16000000000000003,0.37011659834047966,3,mixed,13+13,2,26,22x12E,10.618640855285374,1.208827983601715,13.23596096139985,0.29384878917107965,11.227954986823645,13.473545984188375,13.696891980488195,85.45976593297209,88.07203411024128,6.528142374834628,0.0067951384094323344,0.0067951384094323344,-1410.1738444447326,42.729882966486045,0.0,572.2790496536185,1931.0343823913204,24.0,False,"SOC floor violated (min 0.007, unmet 43 Wh); did not refill (end SOC 0.007)"
4.0,0.4,1.6,0.34,0.4,0.0,0.16000000000000003,0.37011659834047966,3,mixed,13+13,2,26,22x12E,10.618640855285374,1.208827983601715,13.23596096139985,0.29384878917107965,11.227954986823645,13.473545984188375,13.696891980488195,85.45976593297209,88.07203411024128,6.528142374834628,0.0067951384094323344,0.0067951384094323344,-1410.1738444447326,42.729882966486045,0.0,572.2790496536185,1931.0343823913204,24.0,False,"SOC floor violated (min 0.007, unmet 43 Wh); did not refill (end SOC 0.007)"
5.5,0.4,1.3,0.34,0.4,0.0,0.16000000000000003,0.4794418001213123,3,mixed,19+19,2,38,19x10E,11.349847570876676,1.655066032029115,18.277216385689112,0.3082756661455511,9.920551158116108,11.90466138973933,12.102000565471062,104.05191675348765,108.0040855087935,2.738359612597592,0.006764302182073899,0.006764302182073899,-1410.2185261381749,225.44581963255666,0.0,836.4078418014426,2377.246002083704,24.0,False,"SOC floor violated (min 0.007, unmet 225 Wh); did not refill (end SOC 0.007)"
5.5,0.4,1.6,0.34,0.6,0.0,0.24,0.4695058333139368,3,mixed,22+22,2,44,19x10E,11.932359182473048,1.8351209333302299,16.48392727181458,0.30415489281634567,9.660047536121953,11.592057043346342,11.784214292265736,107.51793254802111,111.2234414413983,2.5840406706078234,0.004503141237233901,0.0066872750990135165,-1410.3301383815294,188.3999280799987,0.22364508504965028,968.4722378753547,2471.546907832647,21.0,False,"SOC floor violated (min 0.005, unmet 188 Wh); did not refill (end SOC 0.007)"
4.0,0.36,1.3,0.28,0.4,0.0,0.144,0.3695019793824801,3,mixed,10+10,2,20,22x12E,10.112797030793528,1.0878124275466157,14.708418101166028,0.2990850391926945,11.550667614561512,13.860801137473814,14.090566519444954,81.89659931059191,84.64657007986064,6.893456403934578,0.006509097283522457,0.006509097283522457,-1410.588318036176,88.7213159198079,0.0,440.21465357970686,1845.518383454194,24.0,False,"SOC floor violated (min 0.007, unmet 89 Wh); did not refill (end SOC 0.007)"
4.0,0.36,1.3,0.34,0.4,0.0,0.144,0.3695019793824801,3,mixed,10+10,2,20,22x12E,10.112797030793528,1.0878124275466157,14.708418101166028,0.2990850391926945,11.550667614561512,13.860801137473814,14.090566519444954,81.89659931059191,84.64657007986064,6.893456403934578,0.006509097283522457,0.006509097283522457,-1410.588318036176,88.7213159198079,0.0,440.21465357970686,1845.518383454194,24.0,False,"SOC floor violated (min 0.007, unmet 89 Wh); did not refill (end SOC 0.007)"
4.0,0.4,1.3,0.34,0.4,0.5,0.16000000000000003,1.2378385233258826,3,mixed,18+18,2,36,19x12E,10.877230973808956,1.417081245598212,11.290813458790572,0.2848378307193081,10.495671983171528,12.594806379805833,12.803585834182744,108.25383734493245,111.22941610682452,3.8279694514393223,0.00645812335303019,0.00645812335303019,-1410.6621792614592,369.86727759518567,0.0,792.3863764434723,2478.0920962783894,24.0,False,"SOC floor violated (min 0.006, unmet 370 Wh); did not refill (end SOC 0.006)"
4.5,0.4,1.3,0.34,0.6,0.0,0.24,0.47579028497746806,3,mixed,17+17,2,34,16x12E,10.998051781636487,1.516126445596395,13.356405766033786,0.2943204633984138,10.203252111666675,12.243902534000009,12.44686518490596,123.13879012085077,126.42729974797439,1.9761334639106645,0.006301676508928685,0.006301676508928685,-1410.8888707385624,771.1826592953205,0.0,748.3649110855013,2835.3309629004266,24.0,False,"SOC floor violated (min 0.006, unmet 771 Wh); did not refill (end SOC 0.006)"
4.0,0.45,1.3,0.28,0.6,0.0,0.27,0.5098574397874889,3,mixed,17+17+14,3,48,17x12E,11.298001813067048,1.531774339161748,10.44540281877021,0.2798751487862705,10.288495558114779,12.346194669737734,12.550852979603606,101.09522146692312,139.8580614933935,2.318571156015591,0.0060809064507151124,0.0060809064507151124,-1411.2087665529139,143.21823041147434,0.0,1056.515168591296,2516.250698682867,18.583333333333336,False,"SOC floor violated (min 0.006, unmet 143 Wh); did not refill (end SOC 0.006)"
4.0,0.45,1.3,0.34,0.6,0.0,0.27,0.5098574397874889,3,mixed,17+17+14,3,48,17x12E,11.298001813067048,1.531774339161748,10.44540281877021,0.2798751487862705,10.288495558114779,12.346194669737734,12.550852979603606,101.09522146692312,139.8580614933935,2.318571156015591,0.0060809064507151124,0.0060809064507151124,-1411.2087665529139,143.21823041147434,0.0,1056.515168591296,2516.250698682867,18.583333333333336,False,"SOC floor violated (min 0.006, unmet 143 Wh); did not refill (end SOC 0.006)"
4.0,0.4,1.6,0.28,1.0,1.0,0.4,2.0,3,mixed,22+22+14,3,58,17x12E,11.681924190349873,1.6,10.0,0.2769230769230769,10.236362324942784,12.28363478993134,12.487256067771629,118.23450998128473,153.02920350422278,2.1888868669954573,0.006032204935825421,0.006032204935825421,-1411.279335047989,325.14490244853283,0.0,1276.62249538115,2917.6977273077187,18.25,False,"SOC floor violated (min 0.006, unmet 325 Wh); did not refill (end SOC 0.006)"
4.0,0.4,1.6,0.34,1.0,1.0,0.4,2.0,3,mixed,22+22+14,3,58,17x12E,11.681924190349873,1.6,10.0,0.2769230769230769,10.236362324942784,12.28363478993134,12.487256067771629,118.23450998128473,153.02920350422278,2.1888868669954573,0.006032204935825421,0.006032204935825421,-1411.279335047989,325.14490244853283,0.0,1276.62249538115,2917.6977273077187,18.25,False,"SOC floor violated (min 0.006, unmet 325 Wh); did not refill (end SOC 0.006)"
5.0,0.45,1.6,0.34,0.4,0.0,0.18000000000000002,0.465756598298709,3,mixed,20+20,2,40,19x10E,11.659265195512672,1.7007542815406513,14.699360319912534,0.2990560352804127,9.918894091185676,11.90267290942281,12.099979122850636,116.80515194585408,121.29383154938718,2.6167443852669394,0.0060282218664188,0.0060282218664188,-1411.2851065155592,486.67993368981166,0.0,880.4293071594137,2683.3236467004854,24.0,False,"SOC floor violated (min 0.006, unmet 487 Wh); did not refill (end SOC 0.006)"
5.5,0.36,1.3,0.34,0.6,0.0,0.216,0.4687516852914388,3,mixed,18+18,2,36,19x10E,11.308213322277723,1.651500242681967,18.31667911285031,0.3083572735304826,9.913023246781355,11.895627896137626,12.092817326981793,104.08178502566393,108.01989482379652,2.748188596028341,0.0059063465331988235,0.0059063465331988235,-1411.461703873395,268.87794464963173,0.0,792.3863764434723,2377.962840615917,24.0,False,"SOC floor violated (min 0.006, unmet 269 Wh); did not refill (end SOC 0.006)"
5.0,0.36,1.6,0.34,0.6,0.0,0.216,0.4019128346549774,3,mixed,17+17,2,34,18x12E,11.154327271935529,1.4978754481903167,16.690306280274616,0.3046742183578066,10.337899110113444,12.405478932136132,12.611119975327426,94.35155628055817,96.84099648411102,3.1393998488976904,0.005548711227092006,0.005548711227092006,-1411.9799174319437,78.62629690046516,0.0,748.3649110855013,2144.4373507333935,24.0,False,"SOC floor violated (min 0.006, unmet 79 Wh); did not refill (end SOC 0.006)"
4.5,0.36,1.6,0.34,1.0,1.0,0.36,2.25,3,mixed,26+26,2,52,16x12E,11.52409163350549,1.6199999999999999,12.500000000000002,0.2907692307692308,10.104022239244985,12.124826687093982,12.325815461657827,111.98403478239413,140.2121211043906,1.8270469976319637,0.005476997630469475,0.005476997630469475,-1412.0838304334497,251.96407826038669,0.0,1144.558099307237,2713.461947441106,18.833333333333332,False,"SOC floor violated (min 0.005, unmet 252 Wh); did not refill (end SOC 0.005)"
4.0,0.4,1.3,0.34,0.6,0.5,0.24,1.2453047623958522,3,mixed,18+18,2,36,18x12E,10.986067900162718,1.4792487619833365,10.81630109228392,0.2821478901064903,10.324023429418967,12.38882811530276,12.59419314405218,118.1565412735053,121.3385696740636,3.0732735676705145,0.005348206000084875,0.005348206000084875,-1412.270449505877,606.0788983407018,0.0,792.3863764434723,2715.7569905641244,24.0,False,"SOC floor violated (min 0.005, unmet 606 Wh); did not refill (end SOC 0.005)"
4.0,0.45,1.6,0.34,0.6,0.0,0.27,0.4567166790459668,3,mixed,17+17,2,34,17x12E,11.237085990492222,1.5222090022282742,10.51104018999922,0.2802890335574304,10.292909597664714,12.351491517197656,12.556237630947866,98.62054883796526,137.91516710170578,2.3391370336689428,0.005302201828451154,0.005302201828451154,-1412.3371095505743,180.80433953626957,0.0,748.3649110855013,2246.8931721111608,24.0,False,"SOC floor violated (min 0.005, unmet 181 Wh); did not refill (end SOC 0.005)"
5.0,0.4,1.6,0.34,0.4,0.0,0.16000000000000003,0.41037840318928526,3,mixed,18+18,2,36,18x12E,11.18744551183729,1.4984908167654285,16.68345225762799,0.3046571773818805,10.351108787204579,12.421330544645494,12.62723435416371,94.23197933621783,96.72971277632772,3.1319651511143767,0.005277866898705901,0.005277866898705901,-1412.3723708637751,31.410659778739277,0.0,792.3863764434723,2141.567504069226,24.0,False,"SOC floor violated (min 0.005, unmet 31 Wh); did not refill (end SOC 0.005)"
5.0,0.36,1.3,0.34,0.6,0.5,0.216,1.4956291289888761,3,mixed,23+23,2,46,19x10E,11.408282207877797,1.6553705945743977,15.10235839753309,0.3003128143040936,9.945141325280279,11.934169590336333,12.131997912612643,114.797605233106,119.26428260295022,2.6825845393819696,0.0050748036541238585,0.0050748036541238585,-1412.6666095051746,315.6934143910415,0.0,1012.493703233326,2645.564772790862,21.666666666666668,False,"SOC floor violated (min 0.005, unmet 316 Wh); did not refill (end SOC 0.005)"
4.0,0.45,1.6,0.28,0.6,0.5,0.27,1.2488417794068711,3,mixed,20+20+14+7,4,61,16x12E,11.947740363406313,1.6647915202932366,9.610813008695382,0.27411959767961963,10.148723254531715,12.178467905438058,12.38034587066989,143.23054092171398,165.46178308810434,1.681075119370822,0.0046101672422140276,0.0046101672422140276,-1413.3398676660318,742.7708539848448,0.0,1342.6546934181063,3402.7527437589756,20.166666666666668,False,"SOC floor violated (min 0.005, unmet 743 Wh); did not refill (end SOC 0.005)"
4.0,0.45,1.6,0.34,0.6,0.5,0.27,1.2488417794068711,3,mixed,20+20+14+7,4,61,16x12E,11.947740363406313,1.6647915202932366,9.610813008695382,0.27411959767961963,10.148723254531715,12.178467905438058,12.38034587066989,143.23054092171398,165.46178308810434,1.681075119370822,0.0046101672422140276,0.0046101672422140276,-1413.3398676660318,742.7708539848448,0.0,1342.6546934181063,3402.7527437589756,20.166666666666668,False,"SOC floor violated (min 0.005, unmet 743 Wh); did not refill (end SOC 0.005)"
5.0,0.4,1.6,0.34,0.6,0.5,0.24,1.496015551656488,3,mixed,25+25,2,50,18x10E,11.985118243530223,1.8393624882650381,13.591665677373372,0.295217654171122,9.670210952033425,11.60425314244011,11.79661256159043,130.1544892725385,134.88352036706942,2.048565373449557,0.004483027341932886,0.004483027341932886,-1413.5240933815394,585.2950572518453,0.0,1100.536633949268,3003.7077425409084,24.0,False,"SOC floor violated (min 0.004, unmet 585 Wh); did not refill (end SOC 0.004)"
4.0,0.4,1.3,0.28,1.0,1.0,0.4,2.0,3,mixed,22+22+16,3,60,16x12E,11.507519857271076,1.6,10.0,0.2769230769230769,10.159663513643904,12.191596216372686,12.393691804766886,140.2290980708131,163.06808163513693,1.7545537279599221,0.004408934522104146,0.004408934522104146,-1413.6314538774711,696.5971501942496,0.0,1320.6439607391208,3334.951039326452,20.083333333333336,False,"SOC floor violated (min 0.004, unmet 697 Wh); did not refill (end SOC 0.004)"
4.0,0.4,1.3,0.34,1.0,1.0,0.4,2.0,3,mixed,22+22+16,3,60,16x12E,11.507519857271076,1.6,10.0,0.2769230769230769,10.159663513643904,12.191596216372686,12.393691804766886,140.2290980708131,163.06808163513693,1.7545537279599221,0.004408934522104146,0.004408934522104146,-1413.6314538774711,696.5971501942496,0.0,1320.6439607391208,3334.951039326452,20.083333333333336,False,"SOC floor violated (min 0.004, unmet 697 Wh); did not refill (end SOC 0.004)"
5.5,0.36,1.6,0.34,0.6,0.0,0.216,0.4207279971802974,3,mixed,18+18+12,3,48,16x12E,11.629005222945777,1.6445848315939628,18.393699989730006,0.3085155410442577,10.073759814109524,12.088511776931428,12.288898572639797,135.64216770108584,111.2120406360908,1.914569923700127,0.004164631642411102,0.004164631642411102,-1413.9854487501464,760.5356402237207,0.0,1056.515168591296,3135.4120248260683,24.0,False,"SOC floor violated (min 0.004, unmet 761 Wh); did not refill (end SOC 0.004)"
4.0,0.45,1.6,0.28,0.6,0.0,0.27,0.4567166790459668,3,mixed,17+17+14,3,48,18x12E,11.473175991565908,1.5222090022282742,10.51104018999922,0.2802890335574304,10.400474031974232,12.480568838369079,12.687454619206965,126.33908294316471,129.82394495044946,2.9148012704836606,0.003986074751225006,0.003986074751225006,-1414.2441776854748,536.9038086635964,0.0,1056.515168591296,2912.1379906359575,24.0,False,"SOC floor violated (min 0.004, unmet 537 Wh); did not refill (end SOC 0.004)"
4.0,0.45,1.6,0.34,0.6,0.0,0.27,0.4567166790459668,3,mixed,17+17+14,3,48,18x12E,11.473175991565908,1.5222090022282742,10.51104018999922,0.2802890335574304,10.400474031974232,12.480568838369079,12.687454619206965,126.33908294316471,129.82394495044946,2.9148012704836606,0.003986074751225006,0.003986074751225006,-1414.2441776854748,536.9038086635964,0.0,1056.515168591296,2912.1379906359575,24.0,False,"SOC floor violated (min 0.004, unmet 537 Wh); did not refill (end SOC 0.004)"
4.5,0.36,1.6,0.28,0.6,0.5,0.216,1.334833955011557,3,mixed,21+21,2,42,18x12E,11.21020169765456,1.4882160895216643,13.606894954689452,0.295274663606097,10.397338058445962,12.476805670135155,12.683629070322885,105.56412626586693,108.42601866274698,3.076610602612002,0.003904292671829134,0.003904292671829134,-1414.3626799185195,175.9402104431115,0.0,924.4507725173844,2419.7397972407116,21.833333333333332,False,"SOC floor violated (min 0.004, unmet 176 Wh); did not refill (end SOC 0.004)"
4.5,0.36,1.6,0.34,0.6,0.5,0.216,1.334833955011557,3,mixed,21+21,2,42,18x12E,11.21020169765456,1.4882160895216643,13.606894954689452,0.295274663606097,10.397338058445962,12.476805670135155,12.683629070322885,105.56412626586693,108.42601866274698,3.076610602612002,0.003904292671829134,0.003904292671829134,-1414.3626799185195,175.9402104431115,0.0,924.4507725173844,2419.7397972407116,21.833333333333332,False,"SOC floor violated (min 0.004, unmet 176 Wh); did not refill (end SOC 0.004)"
4.0,0.36,1.3,0.34,1.0,1.0,0.36,2.0,3,mixed,22+22,2,44,19x12E,10.97150513587881,1.44,11.11111111111111,0.2838461538461538,10.456836283666332,12.548203540399598,12.756210476717063,113.67565712992266,116.77618470902948,3.763957641202354,0.003856375931617085,0.003856375931617085,-1414.4321112750868,322.08102853478084,0.0,968.4722378753553,2609.7660349076987,23.5,False,"SOC floor violated (min 0.004, unmet 322 Wh); did not refill (end SOC 0.004)"
5.0,0.4,1.6,0.28,0.6,0.0,0.24,0.4486040083947966,3,mixed,20+20,2,40,19x10E,11.58038226754308,1.6717766413431674,14.954150800859422,0.29985849300895845,9.970587994685358,11.96470559362243,12.163040099948947,117.00433373187713,121.5960629878864,2.634942473119995,0.0032860532052202815,0.0032860532052202815,-1415.2585089056358,487.5098577982416,0.0,880.4293071594137,2688.10400956507,24.0,False,"SOC floor violated (min 0.003, unmet 488 Wh); did not refill (end SOC 0.003)"
5.0,0.4,1.6,0.34,0.6,0.0,0.24,0.4486040083947966,3,mixed,20+20,2,40,19x10E,11.58038226754308,1.6717766413431674,14.954150800859422,0.29985849300895845,9.970587994685358,11.96470559362243,12.163040099948947,117.00433373187713,121.5960629878864,2.634942473119995,0.0032860532052202815,0.0032860532052202815,-1415.2585089056358,487.5098577982416,0.0,880.4293071594137,2688.10400956507,24.0,False,"SOC floor violated (min 0.003, unmet 488 Wh); did not refill (end SOC 0.003)"
4.0,0.52,1.6,0.28,0.4,0.0,0.20800000000000002,0.49263346414198567,3,mixed,21+17+17,3,55,17x12E,11.718805597000616,1.6097016408122995,9.93973019243862,0.2765032943879294,10.221565849515525,12.265879019418628,12.469205966407939,170.14300013317805,147.13596051457728,2.2021485292335696,0.007006126008114753,0.007006126008114753,-1440.6681998442123,1440.6681998442123,0.0,1210.590297344194,3963.4320031962916,24.0,False,"SOC floor violated (min 0.007, unmet 1441 Wh); did not refill (end SOC 0.007)"
4.0,0.52,1.6,0.34,0.4,0.0,0.20800000000000002,0.49263346414198567,3,mixed,21+17+17,3,55,17x12E,11.718805597000616,1.6097016408122995,9.93973019243862,0.2765032943879294,10.221565849515525,12.265879019418628,12.469205966407939,170.14300013317805,147.13596051457728,2.2021485292335696,0.007006126008114753,0.007006126008114753,-1440.6681998442123,1440.6681998442123,0.0,1210.590297344194,3963.4320031962916,24.0,False,"SOC floor violated (min 0.007, unmet 1441 Wh); did not refill (end SOC 0.007)"
4.0,0.36,1.3,0.28,0.4,0.5,0.144,1.2132812680256477,2,mixed,17+17,2,34,17x12E,9.2325156416743,1.2700687538935398,12.597743193783947,0.29119894814883723,10.213976621387806,12.256771945665367,12.459947928056108,135.79296307952657,103.31075541237654,3.0097630888690934,0.008306304103822498,0.008306304103822498,-1558.475100098268,1558.475100098268,0.0,748.3649110855013,3139.0311139086593,24.0,False,"SOC floor violated (min 0.008, unmet 1558 Wh); did not refill (end SOC 0.008)"
4.0,0.36,1.3,0.34,0.4,0.5,0.144,1.2132812680256477,2,mixed,17+17,2,34,17x12E,9.2325156416743,1.2700687538935398,12.597743193783947,0.29119894814883723,10.213976621387806,12.256771945665367,12.459947928056108,135.79296307952657,103.31075541237654,3.0097630888690934,0.008306304103822498,0.008306304103822498,-1558.475100098268,1558.475100098268,0.0,748.3649110855013,3139.0311139086593,24.0,False,"SOC floor violated (min 0.008, unmet 1558 Wh); did not refill (end SOC 0.008)"
4.0,0.45,1.6,0.28,0.6,0.5,0.27,1.2488417794068711,3,mixed,20+20+14,3,54,16x12E,11.783740363406311,1.6647915202932366,9.610813008695382,0.27411959767961963,10.078829632658309,12.09459555918997,12.295083203510234,174.3095099558986,161.50819593167486,1.7114937166799467,0.008730695933784706,0.008730695933784706,-1565.4723009284999,1565.4723009284999,0.0,1188.579564665209,4063.4282389415825,24.0,False,"SOC floor violated (min 0.009, unmet 1565 Wh); did not refill (end SOC 0.009)"
4.0,0.45,1.6,0.34,0.6,0.5,0.27,1.2488417794068711,3,mixed,20+20+14,3,54,16x12E,11.783740363406311,1.6647915202932366,9.610813008695382,0.27411959767961963,10.078829632658309,12.09459555918997,12.295083203510234,174.3095099558986,161.50819593167486,1.7114937166799467,0.008730695933784706,0.008730695933784706,-1565.4723009284999,1565.4723009284999,0.0,1188.579564665209,4063.4282389415825,24.0,False,"SOC floor violated (min 0.009, unmet 1565 Wh); did not refill (end SOC 0.009)"
4.5,0.36,1.3,0.34,0.4,0.0,0.144,0.3901586067935855,4,mixed,12+12,2,24,22x12E,11.67980509286932,1.2182742590674143,16.621872989010964,0.30450344413444735,11.729883883917621,14.075860660701144,14.309191004972138,90.17855646132323,93.42159157277148,5.925344044727937,0.1517918096172295,0.1517918096172295,-1600.0982238195127,0.0,0.0,528.257584295648,2044.2853550717662,24.0,False,"SOC floor violated (min 0.152, unmet 0 Wh); did not refill (end SOC 0.152)"
4.5,0.36,1.6,0.34,0.4,0.0,0.144,0.34912303194307287,4,mixed,12+12,2,24,22x12E,11.861759363032133,1.2094105748997037,16.743693515065658,0.304806476071805,11.864136182302877,14.236963418763452,14.472964303963188,92.73769331514944,96.23846996999097,5.820224999539773,0.11989542582912995,0.11989542582912995,-1661.722037298121,0.0,0.0,528.257584295648,2105.704639563571,24.0,False,"SOC floor violated (min 0.120, unmet 0 Wh); did not refill (end SOC 0.120)"
4.0,0.4,1.3,0.28,0.4,0.0,0.16000000000000003,0.41415633173434313,4,mixed,13+13+12,3,38,22x12E,11.9244228831078,1.2193975196162425,13.121233840983514,0.2933914534781433,11.84662060827002,14.215944729924024,14.451597196080604,106.28597058571687,110.35016257948051,5.718868787444578,0.11081795210981715,0.11081795210981715,-1679.2597165238333,0.0,0.0,836.4078418014426,2430.863294057211,24.0,False,"SOC floor violated (min 0.111, unmet 0 Wh); did not refill (end SOC 0.111)"
4.0,0.4,1.3,0.34,0.4,0.0,0.16000000000000003,0.41415633173434313,4,mixed,13+13+12,3,38,22x12E,11.9244228831078,1.2193975196162425,13.121233840983514,0.2933914534781433,11.84662060827002,14.215944729924024,14.451597196080604,106.28597058571687,110.35016257948051,5.718868787444578,0.11081795210981715,0.11081795210981715,-1679.2597165238333,0.0,0.0,836.4078418014426,2430.863294057211,24.0,False,"SOC floor violated (min 0.111, unmet 0 Wh); did not refill (end SOC 0.111)"
4.0,0.36,1.3,0.28,0.6,0.0,0.216,0.4027487605843451,4,mixed,13+13+12,3,38,22x12E,11.888973720490895,1.2099958215241455,13.223186159309162,0.29379825772251295,11.874865450995248,14.249838541194297,14.486052852544075,106.5833233085969,110.68130745501982,5.734401503412506,0.10711110783033359,0.10711110783033359,-1686.4213396717955,0.0,0.0,836.4078418014426,2437.999759406335,24.0,False,"SOC floor violated (min 0.107, unmet 0 Wh); did not refill (end SOC 0.107)"
4.0,0.36,1.3,0.34,0.6,0.0,0.216,0.4027487605843451,4,mixed,13+13+12,3,38,22x12E,11.888973720490895,1.2099958215241455,13.223186159309162,0.29379825772251295,11.874865450995248,14.249838541194297,14.486052852544075,106.5833233085969,110.68130745501982,5.734401503412506,0.10711110783033359,0.10711110783033359,-1686.4213396717955,0.0,0.0,836.4078418014426,2437.999759406335,24.0,False,"SOC floor violated (min 0.107, unmet 0 Wh); did not refill (end SOC 0.107)"
4.0,0.36,1.3,0.28,0.6,0.5,0.216,1.2202214234589919,4,mixed,17+17,2,34,22x12E,11.993347737696187,1.3277118849780947,12.050807242916243,0.2887047742076786,11.385883630376194,13.663060356451432,13.889547862516824,104.30409376759559,107.78185206811582,5.685161497273201,0.0898731090754876,0.0898731090754876,-1719.7251532661578,0.0,0.0,748.3649110855013,2383.2982504223023,24.0,False,"SOC floor violated (min 0.090, unmet 0 Wh); did not refill (end SOC 0.090)"
4.0,0.36,1.3,0.34,0.6,0.5,0.216,1.2202214234589919,4,mixed,17+17,2,34,22x12E,11.993347737696187,1.3277118849780947,12.050807242916243,0.2887047742076786,11.385883630376194,13.663060356451432,13.889547862516824,104.30409376759559,107.78185206811582,5.685161497273201,0.0898731090754876,0.0898731090754876,-1719.7251532661578,0.0,0.0,748.3649110855013,2383.2982504223023,24.0,False,"SOC floor violated (min 0.090, unmet 0 Wh); did not refill (end SOC 0.090)"
4.0,0.36,1.3,0.28,0.4,0.5,0.144,1.2132812680256477,4,mixed,17+17,2,34,22x12E,11.877763803313917,1.2700687538935398,12.597743193783947,0.29119894814883723,11.585163727042476,13.90219647245097,14.132648049603652,104.74608175637705,108.4511251793907,5.745629160109237,0.084362447589475,0.084362447589475,-1730.3717512571343,0.0,0.0,748.3649110855013,2393.905962153046,24.0,False,"SOC floor violated (min 0.084, unmet 0 Wh); did not refill (end SOC 0.084)"
4.0,0.36,1.3,0.34,0.4,0.5,0.144,1.2132812680256477,4,mixed,17+17,2,34,22x12E,11.877763803313917,1.2700687538935398,12.597743193783947,0.29119894814883723,11.585163727042476,13.90219647245097,14.132648049603652,104.74608175637705,108.4511251793907,5.745629160109237,0.084362447589475,0.084362447589475,-1730.3717512571343,0.0,0.0,748.3649110855013,2393.905962153046,24.0,False,"SOC floor violated (min 0.084, unmet 0 Wh); did not refill (end SOC 0.084)"
4.0,0.4,1.3,0.28,0.4,0.0,0.16000000000000003,0.41415633173434313,4,mixed,13+13,2,26,22x12E,11.7204228831078,1.2193975196162425,13.121233840983514,0.2933914534781433,11.744848970496037,14.093818764595243,14.327446793722965,102.75618502868262,106.52301088774425,5.836911749057142,0.01780905423431296,0.01780905423431296,-1858.9529072193072,0.0,0.0,572.2790496536185,2346.148440688372,24.0,False,"SOC floor violated (min 0.018, unmet 0 Wh); did not refill (end SOC 0.018)"
4.0,0.4,1.3,0.34,0.4,0.0,0.16000000000000003,0.41415633173434313,4,mixed,13+13,2,26,22x12E,11.7204228831078,1.2193975196162425,13.121233840983514,0.2933914534781433,11.744848970496037,14.093818764595243,14.327446793722965,102.75618502868262,106.52301088774425,5.836911749057142,0.01780905423431296,0.01780905423431296,-1858.9529072193072,0.0,0.0,572.2790496536185,2346.148440688372,24.0,False,"SOC floor violated (min 0.018, unmet 0 Wh); did not refill (end SOC 0.018)"
4.0,0.36,1.3,0.28,0.6,0.0,0.216,0.4027487605843451,4,mixed,13+13,2,26,22x12E,11.684973720490895,1.2099958215241455,13.223186159309162,0.29379825772251295,11.772545671981051,14.127054806377261,14.36123377709627,103.00508755684285,106.80864115239241,5.853434670972439,0.014703141316322332,0.014703141316322332,-1864.9535309768653,0.0,0.0,572.2790496536185,2352.1221013642344,24.0,False,"SOC floor violated (min 0.015, unmet 0 Wh); did not refill (end SOC 0.015)"
4.0,0.36,1.3,0.34,0.6,0.0,0.216,0.4027487605843451,4,mixed,13+13,2,26,22x12E,11.684973720490895,1.2099958215241455,13.223186159309162,0.29379825772251295,11.772545671981051,14.127054806377261,14.36123377709627,103.00508755684285,106.80864115239241,5.853434670972439,0.014703141316322332,0.014703141316322332,-1864.9535309768653,0.0,0.0,572.2790496536185,2352.1221013642344,24.0,False,"SOC floor violated (min 0.015, unmet 0 Wh); did not refill (end SOC 0.015)"
4.0,0.36,1.3,0.28,0.4,0.0,0.144,0.3695019793824801,4,mixed,10+10+10,3,30,22x12E,11.578797030793528,1.0878124275466157,14.708418101166028,0.2990850391926945,12.359564315180112,14.831477178216133,15.077333098465646,106.95037795057272,111.79314138279807,5.874885752789469,0.011183623631901982,0.011183623631901982,-1871.7532391431655,0.0,0.0,660.3219803695604,2446.8090708137615,24.0,False,"SOC floor violated (min 0.011, unmet 0 Wh); did not refill (end SOC 0.011)"
4.0,0.36,1.3,0.34,0.4,0.0,0.144,0.3695019793824801,4,mixed,10+10+10,3,30,22x12E,11.578797030793528,1.0878124275466157,14.708418101166028,0.2990850391926945,12.359564315180112,14.831477178216133,15.077333098465646,106.95037795057272,111.79314138279807,5.874885752789469,0.011183623631901982,0.011183623631901982,-1871.7532391431655,0.0,0.0,660.3219803695604,2446.8090708137615,24.0,False,"SOC floor violated (min 0.011, unmet 0 Wh); did not refill (end SOC 0.011)"
4.0,0.36,1.3,0.28,0.4,0.0,0.144,0.3695019793824801,4,mixed,10+10,2,20,22x12E,11.390797030793527,1.0878124275466157,14.708418101166028,0.2990850391926945,12.258815193333865,14.710578232000637,14.95443005506402,103.26826327480772,107.74979551677379,5.994996992415362,0.009861807395306451,0.009861807395306451,-1874.306988112268,129.08532909350959,0.0,440.21465357970686,2358.4383185953784,24.0,False,"SOC floor violated (min 0.010, unmet 129 Wh); did not refill (end SOC 0.010)"
4.0,0.36,1.3,0.34,0.4,0.0,0.144,0.3695019793824801,4,mixed,10+10,2,20,22x12E,11.390797030793527,1.0878124275466157,14.708418101166028,0.2990850391926945,12.258815193333865,14.710578232000637,14.95443005506402,103.26826327480772,107.74979551677379,5.994996992415362,0.009861807395306451,0.009861807395306451,-1874.306988112268,129.08532909350959,0.0,440.21465357970686,2358.4383185953784,24.0,False,"SOC floor violated (min 0.010, unmet 129 Wh); did not refill (end SOC 0.010)"
4.0,0.4,1.6,0.28,0.4,0.0,0.16000000000000003,0.37011659834047966,4,mixed,13+13,2,26,22x12E,11.896640855285375,1.208827983601715,13.23596096139985,0.29384878917107965,11.884430416951535,14.261316500341842,14.497721077581852,105.65328805758448,109.72030961420244,5.73545009514807,0.009091252288469067,0.009091252288469067,-1875.7957005786777,52.82664402879223,0.0,572.2790496536185,2415.6789133820384,24.0,False,"SOC floor violated (min 0.009, unmet 53 Wh); did not refill (end SOC 0.009)"
4.0,0.4,1.6,0.34,0.4,0.0,0.16000000000000003,0.37011659834047966,4,mixed,13+13,2,26,22x12E,11.896640855285375,1.208827983601715,13.23596096139985,0.29384878917107965,11.884430416951535,14.261316500341842,14.497721077581852,105.65328805758448,109.72030961420244,5.73545009514807,0.009091252288469067,0.009091252288469067,-1875.7957005786777,52.82664402879223,0.0,572.2790496536185,2415.6789133820384,24.0,False,"SOC floor violated (min 0.009, unmet 53 Wh); did not refill (end SOC 0.009)"
4.0,0.36,1.6,0.28,0.6,0.0,0.216,0.36122152190996115,4,mixed,13+13,2,26,22x12E,11.872311990761574,1.2040158991550345,13.288861061742315,0.29405700436348403,11.895973518985311,14.275168222782373,14.51180241491015,106.03717934020844,110.13515140534624,5.745179484824032,0.008989504780816327,0.008989504780816327,-1875.992276763463,61.85502128178825,0.0,572.2790496536185,2424.892304164999,24.0,False,"SOC floor violated (min 0.009, unmet 62 Wh); did not refill (end SOC 0.009)"
4.0,0.36,1.6,0.34,0.6,0.0,0.216,0.36122152190996115,4,mixed,13+13,2,26,22x12E,11.872311990761574,1.2040158991550345,13.288861061742315,0.29405700436348403,11.895973518985311,14.275168222782373,14.51180241491015,106.03717934020844,110.13515140534624,5.745179484824032,0.008989504780816327,0.008989504780816327,-1875.992276763463,61.85502128178825,0.0,572.2790496536185,2424.892304164999,24.0,False,"SOC floor violated (min 0.009, unmet 62 Wh); did not refill (end SOC 0.009)"
4.5,0.4,1.3,0.28,0.4,0.0,0.16000000000000003,0.4370924833503401,4,mixed,16+16,2,32,18x12E,11.983539452795029,1.3649021960040817,14.836227869868152,0.2994905232135357,11.22510050063208,13.470120600758495,13.693409815742115,122.15107466463097,126.4494477423238,2.8648342034905707,0.008253788692111859,0.008253788692111859,-1877.4136802468397,315.5569428836298,0.0,704.3434457275309,2811.6257919511463,24.0,False,"SOC floor violated (min 0.008, unmet 316 Wh); did not refill (end SOC 0.008)"
4.5,0.4,1.3,0.34,0.4,0.0,0.16000000000000003,0.4370924833503401,4,mixed,16+16,2,32,18x12E,11.983539452795029,1.3649021960040817,14.836227869868152,0.2994905232135357,11.22510050063208,13.470120600758495,13.693409815742115,122.15107466463097,126.4494477423238,2.8648342034905707,0.008253788692111859,0.008253788692111859,-1877.4136802468397,315.5569428836298,0.0,704.3434457275309,2811.6257919511463,24.0,False,"SOC floor violated (min 0.008, unmet 316 Wh); did not refill (end SOC 0.008)"
4.0,0.36,1.6,0.28,0.4,0.5,0.144,1.1916324633003623,4,mixed,17+17,2,34,18x12E,11.990518995891392,1.2653926120728782,12.644296993160022,0.2914012812083851,11.661510099039825,13.99381211884779,14.225782374739177,145.59597680576172,151.59510916787707,2.7883658044419097,0.0076533869424572475,0.0076533869424572475,-1878.5736564271726,833.6350501997829,0.0,748.3649110855013,3374.303443338285,24.0,False,"SOC floor violated (min 0.008, unmet 834 Wh); did not refill (end SOC 0.008)"
4.0,0.36,1.6,0.34,0.4,0.5,0.144,1.1916324633003623,4,mixed,17+17,2,34,18x12E,11.990518995891392,1.2653926120728782,12.644296993160022,0.2914012812083851,11.661510099039825,13.99381211884779,14.225782374739177,145.59597680576172,151.59510916787707,2.7883658044419097,0.0076533869424572475,0.0076533869424572475,-1878.5736564271726,833.6350501997829,0.0,748.3649110855013,3374.303443338285,24.0,False,"SOC floor violated (min 0.008, unmet 834 Wh); did not refill (end SOC 0.008)"
4.0,0.36,1.6,0.28,0.4,0.0,0.144,0.33049322809804865,4,mixed,11+11,2,22,22x12E,11.59520049850111,1.0793865372691784,14.823234724123584,0.2994496209835451,12.416496832799554,14.899796199359464,15.146784618793776,107.37310993196232,112.34154705740087,5.861996333318841,0.007402466400335757,0.007402466400335757,-1879.0584349145513,178.95518321993728,0.0,484.23611893767765,2456.954638367081,24.0,False,"SOC floor violated (min 0.007, unmet 179 Wh); did not refill (end SOC 0.007)"
4.0,0.36,1.6,0.34,0.4,0.0,0.144,0.33049322809804865,4,mixed,11+11,2,22,22x12E,11.59520049850111,1.0793865372691784,14.823234724123584,0.2994496209835451,12.416496832799554,14.899796199359464,15.146784618793776,107.37310993196232,112.34154705740087,5.861996333318841,0.007402466400335757,0.007402466400335757,-1879.0584349145513,178.95518321993728,0.0,484.23611893767765,2456.954638367081,24.0,False,"SOC floor violated (min 0.007, unmet 179 Wh); did not refill (end SOC 0.007)"
4.0,0.4,1.3,0.28,0.6,0.0,0.24,0.4500270848225105,4,mixed,14+14,2,28,19x12E,11.949868866892787,1.3520043335716017,11.834281594151891,0.2876536586435365,11.262660090383063,13.515192108459676,13.739228457182554,128.67563069795034,133.17942351219966,3.449965419037198,0.006793766011608195,0.006793766011608195,-1880.234444065573,557.5370897529513,0.0,616.3005150115895,2968.2151367507918,24.0,False,"SOC floor violated (min 0.007, unmet 558 Wh); did not refill (end SOC 0.007)"
4.0,0.4,1.3,0.34,0.6,0.0,0.24,0.4500270848225105,4,mixed,14+14,2,28,19x12E,11.949868866892787,1.3520043335716017,11.834281594151891,0.2876536586435365,11.262660090383063,13.515192108459676,13.739228457182554,128.67563069795034,133.17942351219966,3.449965419037198,0.006793766011608195,0.006793766011608195,-1880.234444065573,557.5370897529513,0.0,616.3005150115895,2968.2151367507918,24.0,False,"SOC floor violated (min 0.007, unmet 558 Wh); did not refill (end SOC 0.007)"
4.5,0.36,1.3,0.28,0.6,0.0,0.216,0.4259422355063571,4,mixed,15+15,2,30,19x12E,11.952093055611765,1.3573356819129154,14.918932928559974,0.29974920745596867,11.241565599446966,13.489878719336359,13.713495457355414,112.36973628557567,116.21873948319076,3.5186626102119294,0.006782090867588355,0.006782090867588355,-1880.2570004438192,121.73388097604033,0.0,660.3219803695604,2576.873670853803,24.0,False,"SOC floor violated (min 0.007, unmet 122 Wh); did not refill (end SOC 0.007)"
4.5,0.36,1.3,0.34,0.6,0.0,0.216,0.4259422355063571,4,mixed,15+15,2,30,19x12E,11.952093055611765,1.3573356819129154,14.918932928559974,0.29974920745596867,11.241565599446966,13.489878719336359,13.713495457355414,112.36973628557567,116.21873948319076,3.5186626102119294,0.006782090867588355,0.006782090867588355,-1880.2570004438192,121.73388097604033,0.0,660.3219803695604,2576.873670853803,24.0,False,"SOC floor violated (min 0.007, unmet 122 Wh); did not refill (end SOC 0.007)"
4.0,0.36,1.6,0.28,0.6,0.0,0.216,0.36122152190996115,4,mixed,13+13+10,3,36,18x12E,11.987153830195645,1.2040158991550345,13.288861061742315,0.29405700436348403,11.953370411488635,14.344044493786361,14.581820422424101,149.26020724341723,156.04861376513438,2.7835022693126152,0.005976301687688347,0.005976301687688347,-1881.813785139386,874.4237789651951,0.0,792.3863764434723,3462.2449738420037,24.0,False,"SOC floor violated (min 0.006, unmet 874 Wh); did not refill (end SOC 0.006)"
4.0,0.36,1.6,0.34,0.6,0.0,0.216,0.36122152190996115,4,mixed,13+13+10,3,36,18x12E,11.987153830195645,1.2040158991550345,13.288861061742315,0.29405700436348403,11.953370411488635,14.344044493786361,14.581820422424101,149.26020724341723,156.04861376513438,2.7835022693126152,0.005976301687688347,0.005976301687688347,-1881.813785139386,874.4237789651951,0.0,792.3863764434723,3462.2449738420037,24.0,False,"SOC floor violated (min 0.006, unmet 874 Wh); did not refill (end SOC 0.006)"
4.5,0.36,1.6,0.34,0.4,0.0,0.144,0.34912303194307287,4,mixed,12+12+10,3,34,19x12E,11.993572875030946,1.2094105748997037,16.743693515065658,0.304806476071805,11.929874021502602,14.315848825803123,14.553157365264731,119.32119448809387,124.44566213430896,3.494837849523276,0.00581107048191401,0.00581107048191401,-1882.1330118289422,198.8686574801564,0.0,748.3649110855013,2743.7086677142393,24.0,False,"SOC floor violated (min 0.006, unmet 199 Wh); did not refill (end SOC 0.006)"
4.0,0.36,1.6,0.28,0.4,0.0,0.144,0.33049322809804865,4,mixed,11+11+10,3,32,20x13E,11.744865448869083,1.0793865372691784,14.823234724123584,0.2994496209835451,12.496372822396086,14.995647386875303,15.244224696049361,110.37305696456151,114.57007109608546,4.824702339437085,0.005656686011100762,0.005656686011100762,-1882.4312826265532,27.593264241140375,0.0,704.3434457275309,2528.9533671494714,24.0,False,"SOC floor violated (min 0.006, unmet 28 Wh); did not refill (end SOC 0.006)"
4.0,0.36,1.6,0.34,0.4,0.0,0.144,0.33049322809804865,4,mixed,11+11+10,3,32,20x13E,11.744865448869083,1.0793865372691784,14.823234724123584,0.2994496209835451,12.496372822396086,14.995647386875303,15.244224696049361,110.37305696456151,114.57007109608546,4.824702339437085,0.005656686011100762,0.005656686011100762,-1882.4312826265532,27.593264241140375,0.0,704.3434457275309,2528.9533671494714,24.0,False,"SOC floor violated (min 0.006, unmet 28 Wh); did not refill (end SOC 0.006)"
