span_m,chord_m,tail_arm_m,elevator_frac,taper_ratio,taper_start_frac,tip_chord_m,y_taper_m,boom_spacing_m,boom_spacing_set_m,hstab_chord_m,tail_volume_h,incidence_wing_deg,incidence_hstab_deg,n_packs,cells_per_string,one_string_per_bay,string_plan,n_strings,n_cells,inboard_cells,outboard_cells,hstab_cells,prop,mass_kg,wing_area_m2,aspect_ratio,static_margin,v_stall,v_night,v_day,p_night_w,p_day_w,climb_ms,soc_min,soc_end,margin_wh,unmet_wh,spilled_wh,solar_wh,propulsion_wh,battery_night_h,closed,reason
5.5,0.3,1.3,0.34,0.4,0.0,0.12,0.78,1.56,1.56,0.21885521885521886,1.3665311455897433,5.010295239206739,0.7209274098527533,2,one_per_bay,True,24+17+17+12,4,70,24,17,12,22x12E,10.06268730553564,1.2953999999999999,23.351860429211058,0.9757213988462314,10.558530810948547,12.670236973138255,12.880266812606001,62.101323904418486,63.754702113790614,6.981442729797293,0.21288282474155512,0.9999999998152806,12.444808700342236,0.0,28.503237271436227,1540.751287528973,1387.241118834668,13.833333333333332,True,ok
5.5,0.3,1.3,0.34,0.4,0.0,0.12,0.845,1.69,1.69,0.21885521885521889,1.4552459862500784,5.016368183702319,0.7864569516257518,2,one_per_bay,True,26+16+16+13,4,71,26,16,13,22x12E,10.117301350498602,1.3071000000000002,23.142835284216964,1.055983792815566,10.539654751975169,12.647585702370202,12.857240060087035,62.74772832085557,64.41857141632103,6.936154226379384,0.20492596719874323,0.9999999999623415,4.75848431398595,0.0,34.5439043693914,1562.7620202079593,1403.0716214290558,13.75,True,ok
5.5,0.3,1.3,0.34,0.4,0.0,0.12,0.65,1.3,1.3,0.21885521885521889,1.1795679291533359,4.998238865201287,0.5515344279959118,2,one_per_bay,True,20+18+18+10,4,66,20,18,10,22x12E,9.937459215609714,1.272,23.781446540880502,0.8082344348232678,10.588698274683578,12.706437929620293,12.917067858975436,60.69214385090202,62.30398528049951,7.084635015934982,0.22709147005471103,0.9741069922743508,-5.692645462977087,0.0,0.22438545651938982,1452.7083568130336,1352.9985069558882,13.833333333333332,False,infeasible
5.5,0.3,1.6,0.34,0.4,0.0,0.12,0.78,1.56,1.56,0.21885521885521886,1.6818844868796838,5.009568158598441,0.8497810578494798,2,one_per_bay,True,24+17+17+12,4,70,24,17,12,22x12E,10.292003176324101,1.2953999999999999,23.351860429211058,1.2008878755030539,10.678160853502213,12.813793024202655,13.026202539316847,63.93058254023582,65.69202379208112,6.828852861936525,0.1865050872013043,0.9825546193041923,-13.036085763540065,0.0,0.27031462479027485,1540.751287528973,1432.2419670260815,13.833333333333332,False,"SOC floor violated (min 0.187, unmet 0 Wh)"
5.5,0.3,1.6,0.34,0.4,0.0,0.12,0.845,1.69,1.69,0.21885521885521889,1.7910719830770196,5.015645454234421,0.9053884515110667,2,one_per_bay,True,26+16+16+13,4,71,26,16,13,22x12E,10.346466530912064,1.3071000000000002,23.142835284216964,1.299672360388389,10.658352282351233,12.790022738821479,13.002038222692743,64.58750811362702,66.3644848216403,6.785535742899973,0.17858387966348643,0.9886720472458645,-20.687972245072118,0.0,0.296342633386016,1562.7620202079593,1448.1661245918403,13.833333333333332,False,"SOC floor violated (min 0.179, unmet 0 Wh)"
5.0,0.3,1.3,0.34,0.6,0.0,0.18,0.78,1.56,1.56,0.21885521885521886,1.2952280426716625,5.15627909781631,0.9776533503721352,2,one_per_bay,True,24+17+17+12,4,70,24,17,12,22x12E,10.051386027689485,1.2936,19.32591218305504,0.9067642833878763,10.559939306775739,12.671927168130887,12.881985025336872,65.7971432486792,67.5521572542356,6.962032932121145,0.1596122724834586,0.9366468251448621,-41.87916691006321,0.0,0.11530350294406824,1540.751287528973,1476.6815780238594,14.0,False,"SOC floor violated (min 0.160, unmet 0 Wh); did not refill (end SOC 0.937)"
5.0,0.3,1.6,0.34,0.4,0.5,0.12,1.5750000000000002,1.3,1.3,0.21885521885521889,1.23005527242449,5.189652868897069,0.9595648787366018,2,one_per_bay,True,21+21+20+10,4,72,20,21,10,22x12E,10.317646013398175,1.3335000000000001,18.74765654293213,0.8220488510347276,10.537613151957041,12.645135782348449,12.854749528645783,66.4410645282797,68.12182004334241,6.775137065820775,0.15324544874832727,0.9662771174577318,-45.16489650911587,0.0,0.23196445930317702,1584.772752886944,1491.6732297485094,13.833333333333332,False,"SOC floor violated (min 0.153, unmet 0 Wh)"
5.0,0.3,1.3,0.34,0.6,0.0,0.18,0.845,1.69,1.69,0.21885521885521889,1.3867496014885325,5.161179331520706,1.047073182260321,2,one_per_bay,True,26+16+16+13,4,71,26,16,13,22x12E,10.09896767065245,1.3014000000000001,19.21008145074535,0.9867927493238926,10.553136097728842,12.66376331727461,12.873685845339681,66.52113019916331,68.29990098322733,6.92289347545768,0.15071526913748132,0.9410189033516859,-47.609050013193055,0.0,0.13505795325376369,1562.7620202079593,1494.2948326205678,14.0,False,"SOC floor violated (min 0.151, unmet 0 Wh); did not refill (end SOC 0.941)"
5.5,0.3,1.6,0.34,0.4,0.0,0.12,0.65,1.3,1.3,0.21885521885521889,1.4517759128041057,4.997501769415584,0.7074334294010725,2,one_per_bay,True,20+18+18+10,4,66,20,18,10,22x12E,10.167076467148174,1.272,23.781446540880502,0.9947500736286373,10.710332128761364,12.852398554513636,13.065448019247633,62.49560704059269,64.21791472527784,6.927624982709164,0.2011010729301812,0.9281990106298579,-50.03975573155727,0.0,0.4045727474697358,1452.7083568130336,1397.1176458210682,14.0,False,did not refill (end SOC 0.928)
5.0,0.3,1.6,0.34,0.4,0.5,0.12,1.6400000000000001,1.56,1.56,0.21885521885521886,1.4540017095274538,5.199427621248352,1.1253508282376492,2,one_per_bay,True,24+20+20+12,4,76,24,20,12,22x12E,10.4217129680741,1.3452,18.584597085935176,1.0132316605131095,10.54446558806333,12.653358705675997,12.86310876033679,68.18746081049883,69.9307505714611,6.696043065141145,0.13420557210139272,0.9999999454099749,-63.55741735005464,0.0,12.550260616514832,1672.815683602885,1534.2225053550997,13.833333333333332,False,"SOC floor violated (min 0.134, unmet 0 Wh)"
5.0,0.3,1.6,0.34,0.4,0.5,0.12,1.6724999999999999,1.69,1.69,0.21885521885521889,1.5634828476964893,5.204305019085255,1.188150048469385,2,one_per_bay,True,26+19+19+13,4,77,26,19,13,22x12E,10.465746445412064,1.3510499999999999,18.504126420191703,1.1076211919872014,10.543816590787374,12.65257990894485,12.86231705377982,68.99598808508316,70.76718170382354,6.662083827353168,0.12405199785213546,0.9999999741786357,-73.36577007483716,0.0,14.704067255948818,1694.826416281871,1553.910849165858,13.833333333333332,False,"SOC floor violated (min 0.124, unmet 0 Wh)"
5.0,0.3,1.6,0.34,0.6,0.0,0.18,0.845,1.69,1.69,0.21885521885521889,1.7067687402935785,5.160450315058069,1.1716464186187454,2,one_per_bay,True,26+16+16+13,4,71,26,16,13,22x12E,10.329730028537064,1.3014000000000001,19.21008145074535,1.2145141530140215,10.673025171354153,12.807630205624983,13.019937561971407,68.54710480778806,70.44376136937818,6.770226137967441,0.12110967028814208,0.8892712977727896,-87.64392635148526,0.0,0.2520104262433366,1562.7620202079593,1544.0970810028173,14.0,False,"SOC floor violated (min 0.121, unmet 0 Wh); did not refill (end SOC 0.889)"
5.0,0.3,1.3,0.34,0.6,0.0,0.18,0.65,1.3,1.3,0.21885521885521889,1.1055276179618603,5.1465494457171825,0.7957493685157457,2,one_per_bay,True,20+18+18+10,4,66,20,18,10,22x12E,9.94022274176356,1.278,19.561815336463223,0.7424988586083819,10.565281685832739,12.678338022999286,12.888502150579042,64.22137542347414,65.92172569297168,7.052557425079758,0.1758121504781624,0.8857041727099724,-91.08976916216668,0.0,0.19769716404071974,1452.7083568130336,1438.316512858351,14.0,False,"SOC floor violated (min 0.176, unmet 0 Wh); did not refill (end SOC 0.886)"
5.0,0.3,1.6,0.34,0.6,0.0,0.18,0.78,1.56,1.56,0.21885521885521886,1.5941268217497384,5.155546382577502,1.113340909849723,2,one_per_bay,True,24+17+17+12,4,70,24,17,12,22x12E,10.282239713074102,1.2936,19.32591218305504,1.1160175795543092,10.680517797906626,12.816621357487952,13.029077756838573,67.80379838997126,69.67660648656002,6.8078144052812934,0.13025285052389596,0.8853850984991509,-91.3979948498202,0.0,0.22971008609755117,1540.7512875289729,1526.0192423252008,14.0,False,"SOC floor violated (min 0.130, unmet 0 Wh); did not refill (end SOC 0.885)"
5.0,0.3,1.3,0.34,0.4,0.0,0.12,0.845,1.69,1.69,0.21885521885521889,1.5661641254459686,5.095440537765201,0.9922822742253942,2,one_per_bay,True,26+14+14+13,4,67,26,14,13,22x12E,9.889772167575526,1.2021,20.796938690624742,1.1243438940625265,10.866039866412484,13.03924783969498,13.255394636030152,66.53122675531576,68.46220160680082,7.111148884781097,0.14387136261210726,0.8486189337025856,-126.91411004330233,0.0,0.4210331464787534,1474.7190894920177,1495.7373615005092,14.166666666666668,False,"SOC floor violated (min 0.144, unmet 0 Wh); did not refill (end SOC 0.849)"
4.5,0.3,1.3,0.34,0.6,0.5,0.18,1.5474999999999999,1.69,1.69,0.21885521885521889,1.3313201643157015,5.33699013347614,1.3642726314744786,2,one_per_bay,True,26+17+17+13,4,73,26,17,13,22x12E,10.043359133267833,1.2656999999999998,15.999051908035081,0.925254203736548,10.671428416829384,12.80571410019526,13.01798969396955,72.04061091142727,73.94956980164854,6.93844965134673,0.07338105566014415,0.8477826398914463,-127.72196986486284,0.0,0.132319550982069,1606.7834855659298,1627.9051708689638,14.083333333333334,False,"SOC floor violated (min 0.073, unmet 0 Wh); did not refill (end SOC 0.848)"
4.5,0.3,1.3,0.34,0.6,0.5,0.18,1.5150000000000001,1.56,1.56,0.21885521885521886,1.235850440608527,5.333670942989807,1.2919050327886143,2,one_per_bay,True,24+18+18+12,4,72,24,18,12,22x12E,10.00276118430487,1.2618,16.048502139800284,0.8447991998402555,10.666283872305105,12.799540646766125,13.011713905482637,71.20602267447401,73.08226035730141,6.971964285163082,0.0840362371885151,0.8464188192085041,-129.03942064458496,0.0,0.11836542429703081,1584.772752886944,1607.3942147351834,14.166666666666668,False,"SOC floor violated (min 0.084, unmet 0 Wh); did not refill (end SOC 0.846)"
4.5,0.3,1.3,0.34,0.6,0.5,0.18,1.4500000000000002,1.3,1.3,0.21885521885521889,1.041639404825166,5.327030231745178,1.0989925743254447,2,one_per_bay,True,20+20+20+10,4,70,20,20,10,22x12E,9.921565286378945,1.254,16.148325358851675,0.6827487137682251,10.655891217096539,12.787069460515847,12.999035988983216,69.56627789256922,71.37819060777751,7.0396484432191615,0.10457909426374892,0.8426097202402588,-132.71901024790995,0.0,0.08791140932942672,1540.7512875289729,1567.4078111212123,14.166666666666668,False,"SOC floor violated (min 0.105, unmet 0 Wh); did not refill (end SOC 0.843)"
5.0,0.3,1.6,0.34,0.6,0.0,0.18,0.65,1.3,1.3,0.21885521885521889,1.3606493759530587,5.145808050281123,0.9617552227845703,2,one_per_bay,True,20+18+18+10,4,66,20,18,10,22x12E,10.171259082148175,1.278,19.561815336463223,0.9138447490564701,10.687358574033702,12.824830288840442,13.037422764614718,66.18500033338695,68.00150927350978,6.894795558689465,0.1471528937099577,0.8358348168703176,-139.26356690327322,0.0,0.32122714111762696,1452.7083568130336,1486.3023459124895,14.166666666666668,False,"SOC floor violated (min 0.147, unmet 0 Wh); did not refill (end SOC 0.836)"
5.5,0.3,1.6,0.34,0.4,0.5,0.12,1.7650000000000001,1.56,1.56,0.21885521885521886,1.3326859160924387,5.106189040490393,0.8977042416225883,2,one_per_bay,True,24+23+23+12,4,82,24,23,12,16x12E,10.598754638977393,1.4727,20.5405038364908,0.9393562027017913,10.162925103752675,12.19551012450321,12.397670592307174,64.70476932680096,103.50446465365543,2.141559872262103,0.16245335679957887,0.834218105462895,-140.82531012284343,0.0,0.10165152509867426,1804.8800796767978,1840.3112647752005,13.5,False,"SOC floor violated (min 0.162, unmet 0 Wh); did not refill (end SOC 0.834)"
5.5,0.3,1.6,0.34,0.4,0.5,0.12,1.7974999999999999,1.69,1.69,0.21885521885521889,1.433919980868884,5.109985146905405,0.9646682748972961,2,one_per_bay,True,26+22+22+13,4,83,26,22,13,16x12E,10.642817797752855,1.4785499999999998,20.459233708701095,1.027598358788546,10.163861889614319,12.196634267537183,12.398813369845097,66.20716362602494,104.68993693014853,2.1277585165212063,0.14230263119601608,0.8229154059588538,-151.7437178437472,0.0,0.10928928554827284,1826.8908123557821,1873.0410467178822,13.5,False,"SOC floor violated (min 0.142, unmet 0 Wh); did not refill (end SOC 0.823)"
5.0,0.3,1.3,0.34,0.4,0.0,0.12,0.78,1.56,1.56,0.21885521885521886,1.4726282842224876,5.088071082008386,0.9287112893130719,2,one_per_bay,True,24+14+14+12,4,64,24,14,12,22x12E,9.819231184612562,1.1904,21.001344086021508,1.0404529098916178,10.880296556136829,13.056355867364195,13.272786257156426,65.67252623425273,67.57776380925111,7.170415314185465,0.1508510000846179,0.8025334745582661,-171.43266357671496,0.0,0.1514411030852969,1408.6868914550616,1474.8754657762215,14.166666666666668,False,"SOC floor violated (min 0.151, unmet 0 Wh); did not refill (end SOC 0.803)"
4.5,0.3,1.3,0.34,0.4,0.5,0.12,1.5474999999999999,1.69,1.69,0.21885521885521889,1.3965127208075305,5.3214816419315545,1.328036867023592,2,one_per_bay,True,26+16+16+13,4,71,26,16,13,22x12E,9.952407938421679,1.22355,16.550202280250094,0.9751800352105351,10.804425346385138,12.965310415662165,13.180231578622585,72.41894490482902,74.41289881714826,7.016573187800091,0.06417501104337975,0.792282190679185,-181.33540380390724,0.0,0.21435354946356,1562.7620202079593,1637.6618911870423,14.166666666666668,False,"SOC floor violated (min 0.064, unmet 0 Wh); did not refill (end SOC 0.792)"
5.0,0.3,1.6,0.34,0.4,0.0,0.12,0.845,1.69,1.69,0.21885521885521889,1.9275866159335,5.0946925703810555,1.1026401451172245,2,one_per_bay,True,26+14+14+13,4,67,26,14,13,22x12E,10.121697194787064,1.2021,20.796938690624742,1.3838078696154177,10.992711266862203,13.191253520234644,13.409920058603811,68.75017950078808,70.8263593334783,6.946058563727267,0.11090988315728277,0.7922054567067193,-181.40952882130918,0.0,0.15179925098670802,1474.7190894920177,1550.4200763737088,14.166666666666668,False,"SOC floor violated (min 0.111, unmet 0 Wh); did not refill (end SOC 0.792)"
5.0,0.3,1.3,0.34,0.4,0.0,0.12,0.65,1.3,1.3,0.21885521885521889,1.2746943750527984,5.073270527451865,0.7666871198827899,2,one_per_bay,True,20+16+16+10,4,62,20,16,10,22x12E,9.710149218686636,1.167,21.422450728363323,0.8645833897601186,10.927629784356652,13.113155741227983,13.33052768155433,64.30397922734065,66.17904461704171,7.26702704285139,0.1674269023656044,0.7917813449714103,-181.81922075761764,0.0,0.08728474137807277,1364.6654260970909,1441.5773890057674,14.25,False,"SOC floor violated (min 0.167, unmet 0 Wh); did not refill (end SOC 0.792)"
4.5,0.3,1.6,0.28,1.0,1.0,0.3,2.25,1.69,1.69,0.2006172839506173,1.3394299649443684,5.507217156333809,1.5176180667239398,2,one_per_bay,True,26+20+20+13,4,79,26,20,13,22x12E,10.434017635360858,1.3499999999999999,15.000000000000002,0.9381149547261937,10.531915068918657,12.638298082702388,12.8477984829777,77.80867979453106,79.79523493722513,6.620218127055383,0.00924246589602889,0.8492685135501833,-184.2717779444361,9.727421137058185,0.1625602719678092,1738.8478816398417,1767.1083202337957,14.083333333333334,False,"SOC floor violated (min 0.009, unmet 10 Wh); did not refill (end SOC 0.849)"
4.5,0.3,1.6,0.34,1.0,1.0,0.3,2.25,1.56,1.56,0.21885521885521886,1.3487966080558675,5.507247805496261,1.4990028481918443,2,one_per_bay,True,24+22+22+12,4,80,24,22,12,22x12E,10.4553725455741,1.3499999999999999,15.000000000000002,0.9128314993345669,10.5426871966075,12.651224635929001,12.86093931490366,77.77547838785978,79.78356228975304,6.608351490432774,0.008371069102689734,0.869228799415905,-185.11354724680174,6.822429826624048,0.24976290630444944,1760.8586143188274,1766.6923203275671,14.0,False,"SOC floor violated (min 0.008, unmet 7 Wh); did not refill (end SOC 0.869)"
4.5,0.3,1.6,0.34,0.6,0.5,0.18,1.5474999999999999,1.69,1.69,0.21885521885521889,1.638547894542402,5.337333439200166,1.4936876113572963,2,one_per_bay,True,26+17+17+13,4,73,26,17,13,22x12E,10.276021454412064,1.2656999999999998,15.999051908035081,1.1387744045988282,10.794326752979932,12.953192103575919,13.16791238575191,74.43101307027624,76.48395339755794,6.780374826726532,0.03812556512666131,0.7868814646709006,-186.55250512791002,0.0,0.22248196215409283,1606.7834855659296,1686.5315602382325,14.166666666666668,False,"SOC floor violated (min 0.038, unmet 0 Wh); did not refill (end SOC 0.787)"
4.5,0.3,1.6,0.34,1.0,1.0,0.3,2.25,1.69,1.69,0.21885521885521889,1.4611963253938565,5.507273108608324,1.5629547743020604,2,one_per_bay,True,26+20+20+13,4,79,26,20,13,22x12E,10.473035508537064,1.3499999999999999,15.000000000000002,1.0058537634299367,10.551588673461534,12.661906408153841,12.871798154922132,78.44626817798128,80.48237572188516,6.593936033747487,0.006411498322596431,0.8395431560817408,-187.00649262037186,15.913528752896491,0.10529853991280665,1738.8478816398417,1782.7321604532644,14.166666666666668,False,"SOC floor violated (min 0.006, unmet 16 Wh); did not refill (end SOC 0.840)"
4.5,0.3,1.6,0.34,0.6,0.5,0.18,1.5150000000000001,1.56,1.56,0.21885521885521886,1.5210466961335716,5.33401568637257,1.433719306108644,2,one_per_bay,True,24+18+18+12,4,72,24,18,12,22x12E,10.235464602824102,1.2618,16.048502139800284,1.039752861341853,10.78964033644478,12.947568403733735,13.16219546391415,73.56432258078979,75.58234815651657,6.812735354642938,0.049071536207628795,0.7861812587168506,-187.22890407952227,0.0,0.20725758504520186,1584.7727528869443,1665.3876601002798,14.166666666666668,False,"SOC floor violated (min 0.049, unmet 0 Wh); did not refill (end SOC 0.786)"
4.5,0.3,1.6,0.34,0.6,0.5,0.18,1.4500000000000002,1.3,1.3,0.21885521885521889,1.282017729015589,5.32737788531978,1.2746509519278872,2,one_per_bay,True,20+20+20+10,4,70,20,20,10,22x12E,10.154350899648175,1.254,16.148325358851675,0.8403061092532002,10.780173846187498,12.936208615424997,13.150647368589533,71.8603890758207,73.80989435558624,6.878075734125206,0.07051816111332614,0.7840239814096184,-189.31283395830863,0.0,0.17424577406472488,1540.7512875289729,1623.81947307072,14.166666666666668,False,"SOC floor violated (min 0.071, unmet 0 Wh); did not refill (end SOC 0.784)"
5.5,0.3,1.3,0.34,0.4,0.0,0.12,0.3529443121020869,0.7058886242041738,0.0,0.15686413860488777,0.5,4.97166450981635,-0.7959949508901971,2,one_per_bay,True,21+21+10,3,52,10,21,0,22x12E,9.42683400064827,1.2185299761783757,24.8249945355237,0.31826631974748937,10.536909993900704,12.644291992680843,12.853891751788451,55.68907953337096,57.09827160894611,7.501552987004204,0.2759117762597994,0.7840169245115021,-189.31965092188898,0.0,0.15301001651562984,1144.5580993072372,1230.1600988648033,14.333333333333332,False,did not refill (end SOC 0.784)
6.0,0.36,1.3,0.34,0.4,0.0,0.144,0.78,1.56,1.56,0.21885521885521886,0.8852044271199989,5.069957021835981,0.477571654452114,2,one_per_bay,True,24+24+24+12,4,84,24,24,12,19x10E,10.830853970211376,1.6804799999999998,21.422450728363327,0.6267156108215878,9.617520603983138,11.541024724779765,11.732336029799374,91.14907503625753,94.28182499588127,2.91577553104338,0.0036642255977288353,0.8026489008916575,-189.66035807259397,185.93170433649533,0.492954915855595,1848.901545034769,2097.599987983252,14.416666666666666,False,"SOC floor violated (min 0.004, unmet 186 Wh); did not refill (end SOC 0.803)"
6.0,0.36,1.3,0.34,0.4,0.0,0.144,0.65,1.3,1.3,0.21885521885521889,0.7622593677977768,5.057508614111314,0.22729974964078137,2,one_per_bay,True,26+26+20+10,4,82,20,26,10,19x10E,10.71307009868545,1.6524,21.78649237472767,0.5179051271452908,9.646012701043222,11.575215241251867,11.767093309837238,89.45192063046856,92.55839506903841,2.9565945338765602,0.0063153599985541565,0.7813497961875013,-191.8960968828737,167.76044383334147,0.3943219890158514,1804.8800796767975,2056.3576022976545,14.5,False,"SOC floor violated (min 0.006, unmet 168 Wh); did not refill (end SOC 0.781)"
6.0,0.3,1.3,0.34,0.4,0.5,0.12,1.89,1.56,1.56,0.21885521885521886,0.9994199088448985,5.035830909964875,0.5232576268809641,2,one_per_bay,True,26+26+24+12,4,88,24,26,12,19x10E,10.706295997534452,1.6001999999999998,22.49718785151856,0.711059761387547,9.798981535475209,11.75877784257025,11.9536987606121,92.96851251153774,96.40837318654542,2.9479837708490146,0.0020753251568852195,0.8622744359087912,-202.73052410868794,202.73052410868794,0.27722928417852916,1936.9444757507108,2144.49628680198,14.333333333333332,False,"SOC floor violated (min 0.002, unmet 203 Wh); did not refill (end SOC 0.862)"
6.0,0.36,1.3,0.34,0.4,0.0,0.144,0.845,1.69,1.69,0.21885521885521889,0.943749693463914,5.076681429875987,0.5727561135147365,2,one_per_bay,True,26+23+23+13,4,85,26,23,13,19x10E,10.889745905974339,1.6945200000000002,21.244954323348203,0.6790348859817393,9.603598008787051,11.524317610544461,11.715351967900956,92.05966237877327,95.17073710336933,2.8955855056487874,0.00954122927663177,0.8207104462504553,-202.9599778329559,202.9599778329559,0.09702720229352242,1870.9122777137547,2119.5056194283193,14.333333333333332,False,"SOC floor violated (min 0.010, unmet 203 Wh); did not refill (end SOC 0.821)"
6.0,0.36,1.6,0.34,0.4,0.0,0.144,0.65,1.3,1.3,0.21885521885521889,0.9381653757511099,5.056844479774157,0.46781894712145045,2,one_per_bay,True,26+26+20+10,4,82,20,26,10,19x10E,10.935853243146989,1.6524,21.78649237472767,0.6374216949480503,9.745793226257291,11.69495187150875,11.88881476999782,92.03178649177079,95.36288507460608,2.888556370697278,0.0066005161925583155,0.7548721944153849,-217.47346019473818,205.89492474290813,0.12923053888046235,1804.8800796767975,2120.4083123394407,14.5,False,"SOC floor violated (min 0.007, unmet 206 Wh); did not refill (end SOC 0.755)"
6.0,0.3,1.3,0.34,0.4,0.5,0.12,1.9225,1.69,1.69,0.21885521885521889,1.0759020188338344,5.038320525694493,0.609998035366742,2,one_per_bay,True,26+26+26+13,4,91,26,26,13,19x10E,10.766471032497416,1.60605,22.41524236480807,0.778319666098801,9.808567983196935,11.770281579836322,11.96539319108276,94.21855719935009,97.72811504617081,2.9261940883277187,0.006865625435977664,0.9154431267199834,-219.6803424584481,219.6803424584481,0.5291710256511758,2002.976673787667,2175.463561790911,14.25,False,"SOC floor violated (min 0.007, unmet 220 Wh); did not refill (end SOC 0.915)"
4.5,0.3,1.3,0.34,0.4,0.5,0.12,1.5150000000000001,1.56,1.56,0.21885521885521886,1.2996883824067746,5.315501396920576,1.2574067222092216,2,one_per_bay,True,24+16+16+12,4,68,24,16,12,22x12E,9.892342496458715,1.2177,16.62971175166297,0.8928578973863665,10.797615750254042,12.95713890030485,13.171924607072754,71.35131546165472,73.30284528217082,7.066115464432252,0.07444680672721998,0.7515147362178223,-220.71676481358367,0.0,0.34955069766987157,1496.7298221710028,1611.2963593447043,14.333333333333332,False,"SOC floor violated (min 0.074, unmet 0 Wh); did not refill (end SOC 0.752)"
4.5,0.3,1.3,0.34,0.4,0.5,0.12,1.4500000000000002,1.3,1.3,0.21885521885521889,1.1011829220713347,5.303592651513779,1.0716344785969358,2,one_per_bay,True,20+18+18+10,4,66,20,18,10,22x12E,9.804211612532791,1.2060000000000002,16.7910447761194,0.7256823194055185,10.801426967849292,12.96171236141915,13.176573880763067,69.60977689661361,71.49896361977414,7.143041022919149,0.09643539312664944,0.7502317626596513,-221.95611727077682,0.0,0.2805890655781932,1452.7083568130333,1568.8967838426147,14.333333333333332,False,"SOC floor violated (min 0.096, unmet 0 Wh); did not refill (end SOC 0.750)"
6.0,0.36,1.6,0.34,0.4,0.0,0.144,0.78,1.56,1.56,0.21885521885521886,1.0894823718399986,5.070261702813174,0.6758225319046973,2,one_per_bay,True,24+24+24+12,4,84,24,24,12,19x10E,11.053242579872913,1.6804799999999998,21.422450728363327,0.7713422902419542,9.715756590837465,11.658907909004958,11.852173320037837,93.84154767611548,97.12365535013463,2.84938050950904,0.0037155821362824058,0.775538072921346,-225.1326782817296,225.1326782817296,0.17947864913351452,1848.901545034769,2163.3771671299564,14.5,False,"SOC floor violated (min 0.004, unmet 225 Wh); did not refill (end SOC 0.776)"
5.0,0.3,1.6,0.34,0.4,0.0,0.12,0.78,1.56,1.56,0.21885521885521886,1.8124655805815233,5.087317363708756,1.048123089283314,2,one_per_bay,True,24+14+14+12,4,64,24,14,12,22x12E,10.051293203074101,1.1904,21.001344086021508,1.2805574275589142,11.008115080145087,13.209738096174105,13.428711046532682,67.87801993330584,69.92486849000714,7.002298935921897,0.11821496187821108,0.7464959229100738,-225.56493846886866,0.0,0.2174806316926035,1408.6868914550619,1528.8586811141165,14.333333333333332,False,"SOC floor violated (min 0.118, unmet 0 Wh); did not refill (end SOC 0.746)"
6.0,0.36,1.6,0.34,0.4,0.0,0.144,0.845,1.69,1.69,0.21885521885521889,1.1615380842632788,5.07698421355602,0.7555434380037156,2,one_per_bay,True,26+23+23+13,4,85,26,23,13,19x10E,11.111937248235877,1.6945200000000002,21.244954323348203,0.8357352442852176,9.701077851128595,11.641293421354314,11.834266843530045,94.76736270111817,98.04162433461482,2.8299503535739583,0.0022626384646967958,0.785501271588002,-235.05243316524684,235.05243316524684,0.20147071703371228,1870.9122777137543,2185.5221903450542,14.5,False,"SOC floor violated (min 0.002, unmet 235 Wh); did not refill (end SOC 0.786)"
5.0,0.3,1.6,0.34,0.4,0.0,0.12,0.65,1.3,1.3,0.21885521885521889,1.568854615449598,5.072507552035792,0.9107588992405624,2,one_per_bay,True,20+16+16+10,4,62,20,16,10,22x12E,9.942485219648175,1.167,21.422450728363323,1.0641026335509152,11.057590391930676,13.26910847031681,13.489065581443398,66.49140894313828,68.4990539159096,7.0930484758667784,0.13476870767408988,0.7361242366295899,-235.58398741581613,0.0,0.14740623143427692,1364.6654260970909,1495.2010493721193,14.333333333333332,False,"SOC floor violated (min 0.135, unmet 0 Wh); did not refill (end SOC 0.736)"
5.5,0.3,1.3,0.34,0.6,0.0,0.18,0.845,1.69,1.69,0.21885521885521889,1.2783544852415023,5.079039764421155,0.8232401668537633,2,one_per_bay,True,26+18+18+13,4,75,26,18,13,16x12E,10.249522833449971,1.4214,21.281834810749967,0.9199511573613156,10.172837738429417,12.2074052861153,12.409762935620687,62.1331224530782,101.54944889308503,2.2241105495966815,0.18078093029745285,0.7328137225625335,-238.7819440045926,0.0,0.09843531363227598,1650.8049509239008,1785.0663664939595,13.5,False,"SOC floor violated (min 0.181, unmet 0 Wh); did not refill (end SOC 0.733)"
4.5,0.3,1.6,0.34,0.4,0.5,0.12,1.5474999999999999,1.69,1.69,0.21885521885521889,1.7187848871477298,5.321828702737704,1.4514171949782728,2,one_per_bay,True,26+16+16+13,4,71,26,16,13,22x12E,10.185514427349563,1.22355,16.550202280250094,1.2002215817975814,10.930224261859584,13.1162691142315,13.333692663792425,74.9204826371752,77.07131852839763,6.853189218323773,0.027151065207252217,0.7287015914258749,-242.75426268260486,0.0,0.2830661135093185,1562.7620202079593,1698.8829969073513,14.333333333333332,False,"SOC floor violated (min 0.027, unmet 0 Wh); did not refill (end SOC 0.729)"
6.0,0.3,1.6,0.34,0.4,0.0,0.12,0.845,1.69,1.69,0.21885521885521889,1.672614841339121,4.951437286514423,0.7372656092300993,2,one_per_bay,True,26+18+18+13,4,75,26,18,13,18x12E,10.499143193971134,1.4121000000000001,25.493945188017843,1.2243033279914124,10.32981758197077,12.395781098364925,12.601261384146987,81.37717135598118,83.63846402130729,3.4016934944266746,0.0071211112836585605,0.7264353538273391,-244.94344820279036,66.08021696863393,0.11358855196642281,1650.8049509239008,1854.7228339195904,14.416666666666666,False,"SOC floor violated (min 0.007, unmet 66 Wh); did not refill (end SOC 0.726)"
4.5,0.36,1.3,0.34,0.4,0.0,0.144,0.65,1.3,1.3,0.21885521885521889,0.9628539382708761,5.352095398626512,1.056975866792855,2,one_per_bay,True,20+17+17+10,4,64,20,17,10,22x12E,9.92214059776356,1.2744,15.889830508474576,0.6296569990036094,10.570566341932762,12.684679610319314,12.894948860050265,69.00721042127756,70.76362982643917,7.031153630143796,0.10121837423307424,0.7213525138416067,-249.8534716290079,0.0,0.14758385365660112,1408.6868914550619,1553.1517710272253,14.333333333333332,False,"SOC floor violated (min 0.101, unmet 0 Wh); did not refill (end SOC 0.721)"
4.5,0.36,1.6,0.28,0.4,0.0,0.144,0.845,1.69,1.69,0.2006172839506173,1.3282935518060268,5.393966508085592,1.4583649542780341,2,one_per_bay,True,26+15+15+13,4,69,26,15,13,22x12E,10.307136253010857,1.31652,15.381460213289582,0.9338647024267723,10.599947817578082,12.719937381093699,12.93079108587087,73.52302351153253,75.41592438941571,6.740989987599491,0.04395586265318647,0.7208073330708551,-250.38011625355395,0.0,0.23212334365802434,1518.7405548499887,1662.8506060963186,14.333333333333332,False,"SOC floor violated (min 0.044, unmet 0 Wh); did not refill (end SOC 0.721)"
6.0,0.3,1.6,0.34,0.4,0.5,0.12,1.89,1.56,1.56,0.21885521885521886,1.2300552724244904,5.03516419437811,0.6992521754093693,2,one_per_bay,True,26+26+24+12,4,88,24,26,12,19x10E,10.929812572072914,1.6001999999999998,22.49718785151856,0.8751504755539039,9.900740404018723,11.880888484822467,12.077833585888195,95.88859607198019,99.6120895973932,2.8770470986429095,0.00939771459939597,0.8382275552878579,-251.95467315094794,251.95467315094794,0.3763199782307088,1936.9444757507106,2217.009785346084,14.416666666666666,False,"SOC floor violated (min 0.009, unmet 252 Wh); did not refill (end SOC 0.838)"
5.5,0.3,1.6,0.34,0.6,0.0,0.18,0.78,1.56,1.56,0.21885521885521886,1.468163759333211,5.074176168625296,0.8973595320359847,2,one_per_bay,True,24+20+20+12,4,76,24,20,12,18x12E,10.476982305508171,1.4136,21.39926428975665,1.0393288350872012,10.313433822711927,12.376120587254311,12.581274968003884,84.6861019192489,87.0221236223821,3.389572832522564,0.006265274831699358,0.7129431152020714,-257.976950714799,111.17742150225045,0.23335709359117018,1672.8156836028852,1934.658652241744,14.5,False,"SOC floor violated (min 0.006, unmet 111 Wh); did not refill (end SOC 0.713)"
5.5,0.3,1.6,0.34,0.4,0.0,0.12,0.31638983679641164,0.6327796735928233,0.0,0.1406177051931655,0.5,4.967619271069766,-0.8026845386830148,2,one_per_bay,True,21+21+8,3,50,8,21,0,22x12E,9.59983348747534,1.211950170623354,24.95977205435866,0.31841690649206106,10.661981318534144,12.794377582240973,13.006465254743459,56.74764778952966,58.23059769261401,7.376241405369962,0.25570656540747017,0.7117358980074823,-259.1431225247721,0.0,0.34358878576136215,1100.5366339492666,1255.9079918694158,14.583333333333332,False,did not refill (end SOC 0.712)
6.0,0.3,1.6,0.34,0.4,0.0,0.12,0.78,1.56,1.56,0.21885521885521886,1.568854615449598,4.946384488708056,0.6799056987147055,2,one_per_bay,True,24+19+19+12,4,74,24,19,12,18x12E,10.44462047650817,1.4003999999999999,25.706940874035993,1.1297955952616554,10.345910809281143,12.415092971137371,12.62089338270294,80.566427428404,82.80711503864755,3.425526872967429,0.004707590840311502,0.7117104639364932,-259.16769183734755,54.0740367964337,0.08842149313817296,1628.794218244915,1835.067514546539,14.416666666666666,False,"SOC floor violated (min 0.005, unmet 54 Wh); did not refill (end SOC 0.712)"
6.0,0.3,1.6,0.34,0.4,0.5,0.12,1.9225,1.69,1.69,0.21885521885521889,1.3241871001031809,5.037657739765516,0.7707044768941377,2,one_per_bay,True,26+26+26+13,4,91,26,26,13,19x10E,10.989905412285877,1.60605,22.41524236480807,0.9579318967369859,9.90982295632627,11.891787547591523,12.088913318395994,97.18348185358494,100.98447557971637,2.8559530723951543,0.006055603756124054,0.8829935073561408,-261.5648843990004,261.5648843990004,0.17922584023062998,2002.976673787667,2249.1465038386523,14.333333333333332,False,"SOC floor violated (min 0.006, unmet 262 Wh); did not refill (end SOC 0.883)"
6.0,0.3,1.3,0.34,0.6,0.0,0.18,0.845,1.69,1.69,0.21885521885521889,1.185676243871979,5.011102822210942,0.6290105121965385,2,one_per_bay,True,26+21+21+13,4,81,26,21,13,19x10E,10.57029915988203,1.5413999999999999,23.35539120280265,0.8611140681702213,9.92051941455558,11.904623297466696,12.101961841756891,94.5468577185686,98.2416168710849,2.9811901928076625,0.008277920740847584,0.7090371847761872,-261.7500795062032,246.58938618621582,0.11442565885802716,1782.8693469978134,2183.6090040024746,14.666666666666668,False,"SOC floor violated (min 0.008, unmet 247 Wh); did not refill (end SOC 0.709)"
5.0,0.3,1.6,0.34,0.6,0.5,0.18,1.6724999999999999,1.69,1.69,0.21885521885521889,1.4855371263078792,5.227480906642219,1.2225543246257864,2,one_per_bay,True,26+20+20+13,4,79,26,20,13,18x12E,10.496604701721134,1.4006999999999998,17.848218747768975,1.047715255539159,10.370514570405875,12.44461748448705,12.650907313007673,91.26751552821352,93.72963541066073,3.3552089343780223,0.004430905172638975,0.7074696059945292,-263.2643606092847,198.94804478963462,0.28545554439258913,1738.8478816398417,2093.4001582466312,14.666666666666668,False,"SOC floor violated (min 0.004, unmet 199 Wh); did not refill (end SOC 0.707)"
4.5,0.36,1.6,0.34,0.4,0.0,0.144,0.78,1.56,1.56,0.21885521885521886,1.3646041829107052,5.380148551197646,1.4305189724879335,2,one_per_bay,True,24+16+16+12,4,68,24,16,12,22x12E,10.287673164174102,1.30248,15.547263681592039,0.9285309353475681,10.646858858528727,12.776230630234473,12.988017487414808,73.20407855561517,75.13064575164107,6.762280220112255,0.04657597752738344,0.7058256340947815,-264.85243746444104,0.0,0.16145042275601657,1496.7298221710028,1655.5213682296833,14.333333333333332,False,"SOC floor violated (min 0.047, unmet 0 Wh); did not refill (end SOC 0.706)"
4.5,0.36,1.6,0.34,0.4,0.0,0.144,0.845,1.69,1.69,0.21885521885521889,1.4490475110611203,5.394023147835918,1.5040344410952908,2,one_per_bay,True,26+15+15+13,4,69,26,15,13,22x12E,10.346154126187065,1.31652,15.381460213289582,1.0012966116124953,10.61999202470249,12.743990429642988,12.955242852923709,74.1279283822751,76.07202784298329,6.71398976956304,0.034807480642534035,0.7052892225535394,-265.3706110132809,0.0,0.17744805586072587,1518.7405548499887,1677.8632426281222,14.333333333333332,False,"SOC floor violated (min 0.035, unmet 0 Wh); did not refill (end SOC 0.705)"
5.5,0.3,1.3,0.34,0.6,0.5,0.18,1.7000000000000002,1.3,1.3,0.21885521885521889,0.861193349784204,5.13342443705883,0.5211314711951811,2,one_per_bay,True,26+26+20+10,4,82,20,26,10,19x10E,10.46052680145468,1.524,19.849081364829395,0.5793514087679484,9.925050930574171,11.910061116689006,12.107489801700385,96.5193309369143,100.27991452655108,3.0038646715752866,0.0033136358784428416,0.7045886448517615,-268.6744418208207,268.6744418208207,0.4174158413436082,1804.8800796767978,2231.5627226558786,14.666666666666668,False,"SOC floor violated (min 0.003, unmet 269 Wh); did not refill (end SOC 0.705)"
4.5,0.3,1.6,0.28,1.0,1.0,0.3,2.25,1.56,1.56,0.2006172839506173,1.2363968907178786,5.50711377393483,1.44983596463158,2,one_per_bay,True,24+22+22+12,4,80,24,22,12,19x12E,10.362306764643622,1.3499999999999999,15.000000000000002,0.8523246650906225,10.495660819622785,12.594792983547341,12.803572215859424,94.43862053485606,96.9913571416176,4.0926899546596776,0.008329513575432742,0.7008176312582721,-269.6901682045091,247.33673465903195,0.1161296848965776,1760.8586143188277,2170.352434499645,14.666666666666668,False,"SOC floor violated (min 0.008, unmet 247 Wh); did not refill (end SOC 0.701)"
5.0,0.3,1.6,0.34,0.6,0.5,0.18,1.6400000000000001,1.56,1.56,0.21885521885521886,1.3782816253447234,5.224780186546256,1.1578411349682671,2,one_per_bay,True,24+21+21+12,4,78,24,21,12,18x12E,10.456028062508171,1.3968,17.898052691867125,0.9560226369424739,10.364890209227717,12.43786825107326,12.64404620004392,90.24049012909357,92.66168686947651,3.3730320891751946,0.007724498140763295,0.7007839484757044,-269.72270577246957,189.315829688622,0.27196697140754955,1716.8371489608571,2068.3695993418214,14.666666666666668,False,"SOC floor violated (min 0.008, unmet 189 Wh); did not refill (end SOC 0.701)"
5.5,0.36,1.3,0.34,0.6,0.0,0.216,0.78,1.56,1.56,0.21885521885521886,0.8283910100404402,5.229087630934202,0.7154584643356408,2,one_per_bay,True,25+25+24+12,4,86,24,25,12,19x10E,10.864724560734453,1.69632,17.832720241463875,0.5743351260524252,9.58746779947357,11.504961359368284,11.695674855296865,97.44267088535646,100.66695969523545,2.87818090800327,0.00608061159474719,0.7840699829453543,-275.7526648629398,275.7526648629398,0.5059174341863191,1892.9230103927393,2249.254844942391,14.5,False,"SOC floor violated (min 0.006, unmet 276 Wh); did not refill (end SOC 0.784)"
6.0,0.3,1.3,0.34,0.6,0.0,0.18,0.78,1.56,1.56,0.21885521885521886,1.1055276179618605,5.007774328599061,0.551066995267992,2,one_per_bay,True,24+22+22+12,4,80,24,22,12,19x10E,10.522620100919069,1.5335999999999999,23.47417840375587,0.7897466857459732,9.923259417328525,11.90791130079423,12.1053043491014,93.57590411670049,97.2265942722128,2.9990977433569883,0.002058652747643868,0.6923372578539567,-277.88220891307776,228.66895323540734,0.09652659068031136,1760.8586143188277,2159.8948069189246,14.666666666666668,False,"SOC floor violated (min 0.002, unmet 229 Wh); did not refill (end SOC 0.692)"
5.0,0.3,1.3,0.34,0.4,0.5,0.12,1.6724999999999999,1.69,1.69,0.21885521885521889,1.2703298137533974,5.203864113161389,1.0523120096673286,2,one_per_bay,True,26+19+19+13,4,77,26,19,13,18x12E,10.16240726162498,1.3510499999999999,18.504126420191703,0.899942218489601,10.389892068322075,12.46787048198649,12.674545766859845,88.6364853281823,91.03094289023741,3.481754880206772,0.002894221583767542,0.6912658405341496,-278.91719804401146,163.3510997273916,0.3053780182604152,1694.826416281871,2029.6239184555534,14.666666666666668,False,"SOC floor violated (min 0.003, unmet 163 Wh); did not refill (end SOC 0.691)"
6.0,0.3,1.6,0.34,0.4,0.0,0.12,0.65,1.3,1.3,0.21885521885521889,1.3509581410815983,4.936312081312479,0.5313063657012382,2,one_per_bay,True,21+21+20+10,4,72,20,21,10,18x12E,10.335575041582246,1.377,26.143790849673202,0.9333504369188671,10.37883962887738,12.454607554652855,12.661062984877503,78.96999465838063,81.17011793896336,3.473886303288722,0.007894353551996445,0.6896979594576379,-280.4317711639218,37.942583490062795,0.3630119374606065,1584.772752886944,1796.1810429666727,14.5,False,"SOC floor violated (min 0.008, unmet 38 Wh); did not refill (end SOC 0.690)"
4.5,0.3,1.6,0.34,0.4,0.5,0.12,1.4500000000000002,1.3,1.3,0.21885521885521889,1.3553020579339505,5.303945173384305,1.2378106397597541,2,one_per_bay,True,20+18+18+10,4,66,20,18,10,22x12E,10.037503039648175,1.2060000000000002,16.7910447761194,0.8931474700375615,10.929181549051666,13.115017858861998,13.332420666824726,72.01295777940285,74.05263235851682,6.97486079044859,0.060516512939203425,0.6891422799725203,-280.96855754654536,0.0,0.3916457902610458,1452.7083568130333,1627.6878952072643,14.5,False,"SOC floor violated (min 0.061, unmet 0 Wh); did not refill (end SOC 0.689)"
4.5,0.3,1.6,0.34,0.4,0.5,0.12,1.5150000000000001,1.56,1.56,0.21885521885521886,1.5996164706544918,5.315850631963162,1.3922666491939235,2,one_per_bay,True,24+16+16+12,4,68,24,16,12,22x12E,10.125510631449101,1.2177,16.62971175166297,1.0989020275524508,10.924127573287773,13.108953087945327,13.326255362440152,73.81603528795047,75.92167967494112,6.900890325110956,0.03748133894899923,0.68905345461358,-281.0543628432817,0.0,0.0955309291476792,1496.7298221710028,1671.7639389528103,14.416666666666666,False,"SOC floor violated (min 0.037, unmet 0 Wh); did not refill (end SOC 0.689)"
5.5,0.36,1.3,0.34,0.4,0.5,0.144,1.7650000000000001,1.56,1.56,0.21885521885521886,0.7519495186285462,5.284392301372794,0.6792821012335719,2,one_per_bay,True,26+26+24+12,4,88,24,26,12,19x10E,11.007720350088299,1.7672400000000001,17.117086530408997,0.5185838625501762,9.45473534660705,11.34568241592846,11.533755603629798,98.1123184493015,101.20545864838347,2.8319023888807027,0.009441629997593357,0.8230509757880804,-284.2045989973544,284.2045989973544,0.2332863073736379,1936.9444757507106,2264.080474674513,14.5,False,"SOC floor violated (min 0.009, unmet 284 Wh); did not refill (end SOC 0.823)"
5.0,0.3,1.3,0.34,0.4,0.5,0.12,1.6400000000000001,1.56,1.56,0.21885521885521886,1.1813763889910562,5.198984723159832,0.9767674535300996,2,one_per_bay,True,24+20+20+12,4,76,24,20,12,18x12E,10.118305288662016,1.3452,18.584597085935176,0.8232507241669016,10.389841189083956,12.467809426900747,12.674483699686494,87.58477350055416,89.96042725301726,3.5025685563429336,0.007079922166596876,0.6854967271174996,-284.4901616044953,154.21259126435743,0.29210336994503666,1672.8156836028852,2004.2073323696209,14.666666666666668,False,"SOC floor violated (min 0.007, unmet 154 Wh); did not refill (end SOC 0.685)"
5.5,0.36,1.3,0.34,0.6,0.5,0.216,1.7974999999999999,1.69,1.69,0.21885521885521889,0.7666064953602238,5.31172540895456,0.8058029843137859,2,one_per_bay,True,26+26+26+13,4,91,26,26,13,19x10E,11.192759535205107,1.8428399999999998,16.41488137874151,0.534712084692372,9.336266088859357,11.203519306631229,11.389235908967413,99.08802315865069,102.08894133769739,2.774970562930076,0.0020140766312639596,0.8682538742296493,-284.9962000817595,284.9962000817595,0.08718702706554518,2002.976673787667,2286.871355023477,14.416666666666666,False,"SOC floor violated (min 0.002, unmet 285 Wh); did not refill (end SOC 0.868)"
5.5,0.36,1.3,0.34,0.6,0.0,0.216,0.845,1.69,1.69,0.21885521885521889,0.8877461703065991,5.234421475456127,0.8188313423375644,2,one_per_bay,True,26+24+24+13,4,87,26,24,13,19x10E,10.915148389297416,1.70568,17.734862342291635,0.6256019791333144,9.583286960744656,11.499944352893587,11.690574683758506,98.45762743100437,101.71919770895163,2.8602804782444924,0.004336096333663017,0.7929030907926946,-286.7111678558877,286.7111678558877,0.09198523571940953,1914.933743071725,2273.967975984603,14.5,False,"SOC floor violated (min 0.004, unmet 287 Wh); did not refill (end SOC 0.793)"
5.0,0.3,1.6,0.34,0.6,0.5,0.18,1.5750000000000002,1.3,1.3,0.21885521885521889,1.1604437014858144,5.219376758014223,0.9849343629232621,2,one_per_bay,True,23+23+20+10,4,76,20,23,10,18x12E,10.374874784082245,1.389,17.998560115190784,0.7716727295236349,10.353537440125056,12.424244928150067,12.63019704832742,88.2200470792949,90.56076323434732,3.4089626171341365,0.00677382900956043,0.6795284802153131,-290.2554881120075,163.3112641958357,0.24207537150086483,1672.8156836028852,2019.1278140168997,14.666666666666668,False,"SOC floor violated (min 0.007, unmet 163 Wh); did not refill (end SOC 0.680)"
4.5,0.3,1.3,0.34,0.6,0.0,0.18,0.845,1.69,1.69,0.21885521885521889,1.5152300327261254,5.266103825937605,1.3105796242266816,2,one_per_bay,True,26+13+13+13,4,65,26,13,13,22x12E,9.829456743575525,1.1814,17.140680548501777,1.0630901289767978,10.927346736093101,13.11281608331172,13.330182393254217,71.57829307686801,73.61762874266417,7.125342186974998,0.06488928892416633,0.6774232172369391,-292.28917214911684,0.0,0.27121076891304335,1430.6976241340465,1617.2527226698987,14.5,False,"SOC floor violated (min 0.065, unmet 0 Wh); did not refill (end SOC 0.677)"
4.5,0.3,1.3,0.34,0.6,0.0,0.18,0.78,1.56,1.56,0.21885521885521886,1.4167828080338614,5.259486514872594,1.2445918010465942,2,one_per_bay,True,24+14+14+12,4,64,24,14,12,22x12E,9.781923808612563,1.1736,17.254601226993866,0.9781180431633821,10.937058541940376,13.12447025032845,13.34202974709396,70.7440293350246,72.75671211646014,7.16725401741042,0.0752773313619592,0.6758154607770067,-293.84226488941147,0.0,0.2402675864687538,1408.6868914550616,1596.9771904642387,14.5,False,"SOC floor violated (min 0.075, unmet 0 Wh); did not refill (end SOC 0.676)"
6.0,0.3,1.3,0.34,0.6,0.0,0.18,0.65,1.3,1.3,0.21885521885521889,0.9402718117381532,5.001131693634306,0.3436178961173775,2,one_per_bay,True,24+24+20+10,4,78,20,24,10,19x10E,10.42726198299314,1.5179999999999998,23.715415019762847,0.6441051385834408,9.928821570198384,11.91458588423806,12.112089574650204,91.67372432403374,95.23775531477207,3.0352591414400605,0.006064432624503081,0.674646989433753,-294.97100820699455,209.20392169382038,0.4221301036757777,1716.8371489608571,2113.433673023701,14.666666666666668,False,"SOC floor violated (min 0.006, unmet 209 Wh); did not refill (end SOC 0.675)"
5.0,0.3,1.6,0.34,1.0,1.0,0.3,2.5,1.56,1.56,0.21885521885521886,1.213916947250281,5.384310713948128,1.2023095602203377,2,one_per_bay,True,26+26+24+12,4,88,24,26,12,16x12E,10.687678261102393,1.5,16.666666666666668,0.8341875547765124,10.11217333777085,12.134608005325019,12.33575892118916,81.96613069474714,116.59790227412674,2.064633869977824,0.004731048438673496,0.6745681360675623,-295.04718055873485,74.47847433674443,0.32828502580851193,1936.9444757507104,2199.276814397623,13.833333333333332,False,"SOC floor violated (min 0.005, unmet 74 Wh); did not refill (end SOC 0.675)"
6.0,0.3,1.6,0.34,0.6,0.0,0.18,0.845,1.69,1.69,0.21885521885521889,1.4592938386116665,5.010425148162437,0.7750710101167342,2,one_per_bay,True,26+21+21+13,4,81,26,21,13,19x10E,10.794641897035877,1.5413999999999999,23.35539120280265,1.059832699286426,10.025242619494712,12.030291143393654,12.229712837159447,97.7413638035302,101.75550934446292,2.9070116788656026,0.005059806397679858,0.6729368243515511,-296.6230276764016,290.6742477214861,0.14097068404069307,1782.8693469978136,2262.5890654099303,14.833333333333334,False,"SOC floor violated (min 0.005, unmet 291 Wh); did not refill (end SOC 0.673)"
5.5,0.36,1.3,0.34,0.4,0.5,0.144,1.7974999999999999,1.69,1.69,0.21885521885521889,0.8090694336499779,5.289169287675784,0.7939559278968005,2,one_per_bay,True,26+24+24+13,4,87,26,24,13,19x10E,11.037953962251262,1.7742599999999997,17.04936142391758,0.5672440243666206,9.448962112661551,11.33875453519386,11.526712881974573,98.9243308753337,102.04350831790143,2.820345857377545,0.007961603114406952,0.793025423466952,-296.7709178495073,296.7709178495073,0.47746643176592934,1914.9337430717253,2283.5561952588573,14.583333333333332,False,"SOC floor violated (min 0.008, unmet 297 Wh); did not refill (end SOC 0.793)"
5.5,0.3,1.3,0.34,0.6,0.5,0.18,1.7650000000000001,1.56,1.56,0.21885521885521886,1.0237636178734495,5.13733564552014,0.749956030006697,2,one_per_bay,True,25+25+24+12,4,86,24,25,12,19x10E,10.557820115380606,1.5318,19.74800887844366,0.7184856106755906,9.94568146505063,11.934817758060754,12.132656824774076,98.97048510799132,102.8864628697963,2.9657206605720914,0.006130229556685978,0.7632356991011326,-297.8685568336608,297.8685568336608,0.23977658271737093,1892.9230103927393,2291.8407683686514,14.666666666666668,False,"SOC floor violated (min 0.006, unmet 298 Wh); did not refill (end SOC 0.763)"
4.5,0.3,1.3,0.34,0.6,0.0,0.18,0.65,1.3,1.3,0.21885521885521889,1.212037357010486,5.246241602467562,1.0738445110115444,2,one_per_bay,True,20+16+16+10,4,62,20,16,10,22x12E,9.686857938686636,1.158,17.487046632124354,0.8030342823405092,10.956847950026965,13.148217540032357,13.366170686849944,69.10086311688467,71.09948473319206,7.251915011338206,0.0956231923212756,0.671570688771139,-297.9427146470797,0.0,0.18139090186066414,1364.6654260970909,1557.4076201601476,14.5,False,"SOC floor violated (min 0.096, unmet 0 Wh); did not refill (end SOC 0.672)"
5.0,0.3,1.6,0.34,0.6,0.0,0.18,0.33265133972193933,0.6653026794438787,0.0,0.1478450398047361,0.5,5.1229060235921935,-0.4843411119982306,2,one_per_bay,True,21+21+10,3,52,10,21,0,22x12E,9.672171342338906,1.2399181607666325,20.162621043103908,0.31181765097913383,10.580688517013142,12.69682622041577,12.90729682001682,60.181109892285704,61.73018873326063,7.282125080050663,0.20821217745206205,0.6713572668047945,-298.14888026656854,0.0,0.18500041258200875,1144.5580993072372,1338.8047065972933,14.666666666666668,False,did not refill (end SOC 0.671)
4.5,0.3,1.6,0.34,1.0,1.0,0.3,2.25,1.3,1.3,0.21885521885521889,1.1239971733798897,5.507069663827924,1.3242394246136078,2,one_per_bay,True,24+24+20+10,4,78,20,24,10,19x12E,10.33186013164699,1.3499999999999999,15.000000000000002,0.7287578650578931,10.480230249115767,12.57627629893892,12.784748587008044,93.08948081757242,95.6032257171074,4.110375064815701,0.005516037597848966,0.6707138520529373,-298.7704189168625,229.14102089264978,0.36121836995322215,1716.8371489608571,2137.1902012008177,14.833333333333334,False,"SOC floor violated (min 0.006, unmet 229 Wh); did not refill (end SOC 0.671)"
5.5,0.36,1.3,0.34,0.4,0.0,0.144,0.78,1.56,1.56,0.21885521885521886,0.9489799622150995,5.149916932592722,0.7041189405885553,2,one_per_bay,True,24+22+22+12,4,80,24,22,12,19x10E,10.56273298202676,1.5544799999999999,19.459883691009214,0.6648906229648502,9.875157489983968,11.850188987980761,12.046625194823987,97.2510836187084,100.85227196067913,2.971121608712042,0.009274894782897093,0.665704428826777,-303.60952175333335,289.98070699369043,0.10981334919865185,1760.858614318828,2247.036899983734,14.833333333333334,False,"SOC floor violated (min 0.009, unmet 290 Wh); did not refill (end SOC 0.666)"
4.5,0.36,1.6,0.34,0.4,0.0,0.144,0.65,1.3,1.3,0.21885521885521889,1.1850510009487705,5.352442714935831,1.2467370303327874,2,one_per_bay,True,20+17+17+10,4,64,20,17,10,22x12E,10.154711240148174,1.2744,15.889830508474576,0.7749624603121346,10.693733505624632,12.832480206749558,13.04519949238807,71.21970493907594,73.10218917533933,6.871270104798051,0.06805895905992847,0.6652752270372545,-304.0241306820121,0.0,0.211477831562154,1408.6868914550616,1607.156518782325,14.5,False,"SOC floor violated (min 0.068, unmet 0 Wh); did not refill (end SOC 0.665)"
6.0,0.3,1.6,0.34,0.6,0.0,0.18,0.78,1.56,1.56,0.21885521885521886,1.360649375953059,5.007093287055232,0.710429466198147,2,one_per_bay,True,24+22+22+12,4,80,24,22,12,19x10E,10.747072431072914,1.5335999999999999,23.47417840375587,0.9719959209181207,10.028534831700497,12.034241798040597,12.233728980349584,96.7449553018412,100.71183256044259,2.9242175189089528,0.006620724569211587,0.6643339544912267,-304.933399961475,279.88241083438163,0.12151663255169727,1760.858614318828,2238.2419687813704,14.833333333333334,False,"SOC floor violated (min 0.007, unmet 280 Wh); did not refill (end SOC 0.664)"
6.0,0.3,1.3,0.34,0.4,0.0,0.12,0.78,1.56,1.56,0.21885521885521886,1.2746943750527984,4.947142225941873,0.5415637978625621,2,one_per_bay,True,24+19+19+12,4,74,24,19,12,17x12E,10.202206634049867,1.4003999999999999,25.706940874035993,0.917958921150095,10.22514454307628,12.270173451691536,12.473571585898796,85.9757604433592,88.33479460516348,2.796860920429394,0.00971160153123944,0.663356482627641,-305.87763778169875,137.75066549455477,0.22260418776539953,1628.7942182449153,1965.4359028174606,14.666666666666668,False,"SOC floor violated (min 0.010, unmet 138 Wh); did not refill (end SOC 0.663)"
5.5,0.3,1.3,0.34,0.6,0.5,0.18,1.7974999999999999,1.69,1.69,0.21885521885521889,1.1039133533187224,5.139366559115684,0.8348790594130564,2,one_per_bay,True,26+23+23+13,4,85,26,23,13,19x10E,10.582466772343569,1.5356999999999998,19.697857654489813,0.7877907375618477,9.944631934676583,11.9335583216119,12.131376511112292,99.81503367153344,103.77246385410217,2.955093041077452,0.003987648348909667,0.7324559874523043,-310.87789066772433,310.87789066772433,0.46205849147500894,1870.912277713755,2312.4968231541097,14.666666666666668,False,"SOC floor violated (min 0.004, unmet 311 Wh); did not refill (end SOC 0.732)"
5.5,0.3,1.3,0.34,0.4,0.5,0.12,1.7650000000000001,1.56,1.56,0.21885521885521886,1.0828073068251065,5.106737922729675,0.735483015527611,2,one_per_bay,True,24+23+23+12,4,82,24,23,12,19x10E,10.419990290919069,1.4727,20.5405038364908,0.7632269146952056,10.076853924266818,12.092224709120181,12.29267305273434,99.30179048322366,103.45276622630244,3.005337000945276,0.00589716792977823,0.677946823048289,-312.2648411341439,312.2648411341439,0.10595972737808997,1804.8800796767978,2301.2935825755885,14.833333333333334,False,"SOC floor violated (min 0.006, unmet 312 Wh); did not refill (end SOC 0.678)"
4.0,0.3,1.3,0.28,1.0,1.0,0.3,2.0,1.56,1.56,0.2006172839506173,1.1301440329218109,5.66022592713461,1.6547186847179067,2,one_per_bay,True,24+18+18+12,4,72,24,18,12,22x12E,9.848495497837115,1.2,13.333333333333334,0.764095744680851,10.852824286664275,13.023389143997129,13.239273056589981,82.15451629475481,84.45557509312012,7.02738528474554,0.006466088600524598,0.6565579196640269,-312.44504960455004,83.138775544341,0.3941821155370384,1584.772752886944,1873.3766947587267,14.583333333333332,False,"SOC floor violated (min 0.006, unmet 83 Wh); did not refill (end SOC 0.657)"
5.0,0.3,1.3,0.34,0.6,0.5,0.18,1.6724999999999999,1.69,1.69,0.21885521885521889,1.2069989151251517,5.2271258582753255,1.0796401475518442,2,one_per_bay,True,26+20+20+13,4,79,26,20,13,17x12E,10.250915012089754,1.4006999999999998,17.848218747768975,0.8512686451255665,10.248426750448543,12.298112100538251,12.501973363410324,97.17204838351235,99.75454445521461,2.730993743279648,0.009071116545185486,0.6558285050373226,-313.1496641339464,290.9159385542575,0.09486352449667024,1738.8478816398417,2235.586833855589,14.916666666666668,False,"SOC floor violated (min 0.009, unmet 291 Wh); did not refill (end SOC 0.656)"
4.5,0.3,1.3,0.28,1.0,1.0,0.3,2.25,1.56,1.56,0.2006172839506173,1.0045724737082764,5.506749539477868,1.27865423255479,2,one_per_bay,True,24+22+22+12,4,80,24,22,12,18x12E,10.113561106501955,1.3499999999999999,15.000000000000002,0.6925137903861308,10.36892221277475,12.4427066553297,12.648964808741008,99.08161382098154,101.72557913471813,3.4408524245275127,0.005896332704730837,0.6539485906603917,-314.9656614220616,313.8892057041165,0.3851035578524317,1760.858614318828,2281.9747499699943,14.916666666666668,False,"SOC floor violated (min 0.006, unmet 314 Wh); did not refill (end SOC 0.654)"
5.5,0.3,1.6,0.34,0.6,0.0,0.18,0.65,1.3,1.3,0.21885521885521889,1.2507386944138237,5.066223663859528,0.7363968099139367,2,one_per_bay,True,21+21+20+10,4,72,20,21,10,18x12E,10.365922524082245,1.3980000000000001,21.63805436337625,0.8492054620048565,10.315703308494262,12.378843970193115,12.584043495455976,82.71920767166974,84.98521385328296,3.436794791121085,0.005842872712969079,0.6509378291182238,-317.87405707179573,90.65473118818967,0.3059089888432318,1584.772752886944,1886.4103751484693,14.666666666666668,False,"SOC floor violated (min 0.006, unmet 91 Wh); did not refill (end SOC 0.651)"
5.5,0.36,1.6,0.34,0.4,0.5,0.144,1.7650000000000001,1.56,1.56,0.21885521885521886,0.9254763306197492,5.284693270355713,0.9120796836189953,2,one_per_bay,True,26+26+24+12,4,88,24,26,12,19x10E,11.230959148522913,1.7672400000000001,17.117086530408997,0.6382570616002168,9.550126112096011,11.460151334515214,11.650122031209147,100.86810208570925,104.1764634624116,2.768309700066033,0.0049878440218850285,0.7899873279204427,-319.95734874478876,319.95734874478876,0.3372451028335478,1936.9444757507106,2331.712489572918,14.666666666666668,False,"SOC floor violated (min 0.005, unmet 320 Wh); did not refill (end SOC 0.790)"
5.5,0.36,1.6,0.34,0.6,0.0,0.216,0.78,1.56,1.56,0.21885521885521886,1.0195581662036186,5.229393755952186,0.9270098169633407,2,one_per_bay,True,25+25+24+12,4,86,24,25,12,19x10E,11.088876774672913,1.69632,17.832720241463875,0.7068740012952924,9.685863328661927,11.623035994394312,11.815706769945388,100.38312974735496,103.84519593300793,2.8114417935343377,0.007721330298580053,0.7558762083456951,-320.32955143760904,320.32955143760904,0.15988216078306886,1892.9230103927393,2321.507731669274,14.666666666666668,False,"SOC floor violated (min 0.008, unmet 320 Wh); did not refill (end SOC 0.756)"
4.0,0.3,1.3,0.34,1.0,1.0,0.3,2.0,1.56,1.56,0.21885521885521886,1.2328843995510665,5.660281956705225,1.7084095760467695,2,one_per_bay,True,24+18+18+12,4,72,24,18,12,22x12E,9.885374790766408,1.2,13.333333333333334,0.8183391761612621,10.873125381935147,13.047750458322176,13.264038199426505,82.81932465006474,85.16432987194794,6.998966472989125,0.004521190569966211,0.6479243817965094,-320.78504718457197,90.86330822651259,0.2818410126992437,1584.772752886944,1889.5505070057995,14.666666666666668,False,"SOC floor violated (min 0.005, unmet 91 Wh); did not refill (end SOC 0.648)"
6.0,0.3,1.6,0.34,0.6,0.0,0.18,0.65,1.3,1.3,0.21885521885521889,1.1572576144469577,5.000443825790174,0.5392684323650486,2,one_per_bay,True,24+24+20+10,4,78,20,24,10,19x10E,10.651933499146988,1.5179999999999998,23.715415019762847,0.79274478594885,10.03521743119858,12.042260917438297,12.241881029728257,94.77912711049544,98.65253137035778,2.959000157400363,0.009945606318819881,0.6466741779141076,-321.992744134972,258.9004870543011,0.46379401657151925,1716.8371489608571,2190.2052563672974,14.833333333333334,False,"SOC floor violated (min 0.010, unmet 259 Wh); did not refill (end SOC 0.647)"
5.5,0.3,1.6,0.34,0.6,0.5,0.18,1.7000000000000002,1.3,1.3,0.21885521885521889,1.0599302766574819,5.132733599990565,0.7341271336639434,2,one_per_bay,True,26+26+20+10,4,82,20,26,10,19x10E,10.686898414146988,1.524,19.849081364829395,0.713047887714398,10.031867937486902,12.038241524984283,12.237795009289806,99.85016259395525,103.94157629148178,2.927477422379406,0.008407948291837298,0.6755811016484634,-322.9113059837867,322.9113059837867,0.44925486706612716,1804.880079676798,2313.9085278155844,14.833333333333334,False,"SOC floor violated (min 0.008, unmet 323 Wh); did not refill (end SOC 0.676)"
5.0,0.3,1.6,0.34,1.0,1.0,0.3,2.5,1.69,1.69,0.21885521885521889,1.315076692854471,5.384335467529512,1.273444434273685,2,one_per_bay,True,26+24+24+13,4,87,26,24,13,16x12E,10.705341224065355,1.5,16.666666666666668,0.9191955930421273,10.120525816413524,12.14463097969623,12.345948042705258,83.1685541348625,117.58982570131644,2.0579684220856933,0.003255423202148916,0.6449449169272311,-323.6632102482947,88.53757504278875,0.13147954836862277,1914.9337430717248,2220.258014901235,14.0,False,"SOC floor violated (min 0.003, unmet 89 Wh); did not refill (end SOC 0.645)"
5.5,0.3,1.3,0.34,0.4,0.5,0.12,1.7974999999999999,1.69,1.69,0.21885521885521889,1.1650599844559684,5.110531504980998,0.8164572857998281,2,one_per_bay,True,26+22+22+13,4,83,26,22,13,19x10E,10.464128794882031,1.4785499999999998,20.459233708701095,0.8349236665156936,10.07817695803398,12.093812349640777,12.294287010985565,100.46115868709016,104.67596026131811,2.987601924386032,0.002997816913071851,0.6835608923381251,-324.2263882502898,324.2263882502898,0.11045400795080813,1826.8908123557821,2329.7034895872594,14.833333333333334,False,"SOC floor violated (min 0.003, unmet 324 Wh); did not refill (end SOC 0.684)"
4.5,0.3,1.3,0.34,1.0,1.0,0.3,2.25,1.56,1.56,0.21885521885521886,1.0958972440453925,5.506804103242683,1.339127501294441,2,one_per_bay,True,24+22+22+12,4,80,24,22,12,18x12E,10.150440399431247,1.3499999999999999,15.000000000000002,0.7416755932093356,10.387810245580805,12.465372294696966,12.67200616804215,99.87156227526567,102.58072295685561,3.4261138670010323,0.005651980261566729,0.6459324978500128,-325.3487863816181,325.3487863816181,0.27680382131223996,1760.858614318828,2301.299940740698,15.0,False,"SOC floor violated (min 0.006, unmet 325 Wh); did not refill (end SOC 0.646)"
5.0,0.3,1.3,0.34,0.6,0.5,0.18,1.6400000000000001,1.56,1.56,0.21885521885521886,1.1198538205925879,5.224423676791863,1.0011522135019433,2,one_per_bay,True,24+21+21+12,4,78,24,21,12,17x12E,10.210292709126792,1.3968,17.898052691867125,0.7767683925157601,10.242369338937545,12.290843206725054,12.494583975828624,96.07668344375196,98.62611928353789,2.746607488318065,0.003473158474421473,0.6404309908526911,-328.0236628363004,271.77051258375747,0.4681960310415007,1716.8371489608571,2208.997778194763,14.916666666666668,False,"SOC floor violated (min 0.003, unmet 272 Wh); did not refill (end SOC 0.640)"
5.5,0.36,1.6,0.34,0.6,0.5,0.216,1.7974999999999999,1.69,1.69,0.21885521885521889,0.9435156865971985,5.312020172488596,1.0302591342247285,2,one_per_bay,True,26+26+26+13,4,91,26,26,13,19x10E,11.415024641985877,1.8428399999999998,16.41488137874151,0.6581071811598423,9.428509886163635,11.31421186339636,11.50176337536975,101.7214690707624,104.91928078031513,2.714573864542541,0.00781328158634787,0.8465386870582248,-328.8360993933281,328.8360993933281,0.21926957953331083,2002.9766737876666,2351.6944689390543,14.5,False,"SOC floor violated (min 0.008, unmet 329 Wh); did not refill (end SOC 0.847)"
5.5,0.36,1.3,0.34,0.4,0.0,0.144,0.845,1.69,1.69,0.21885521885521889,1.0105874904514431,5.157867430301311,0.7950827778171028,2,one_per_bay,True,26+20+20+13,4,79,26,20,13,19x10E,10.605537243389723,1.56852,19.28569607018081,0.7194484030591339,9.85076039458827,11.820912473505924,12.016863374379863,97.96263540146832,101.55951762403498,2.9554908264262347,0.008494575819972894,0.6384309493218933,-329.9557029550511,302.39225400693874,0.2515892982008303,1738.847881639842,2263.77492982355,14.916666666666668,False,"SOC floor violated (min 0.008, unmet 302 Wh); did not refill (end SOC 0.638)"
6.0,0.3,1.3,0.34,0.4,0.0,0.12,0.65,1.3,1.3,0.21885521885521889,1.0976534896287986,4.937078959780944,0.3635322017334347,2,one_per_bay,True,21+21+20+10,4,72,20,21,10,17x12E,10.092832420123942,1.377,26.143790849673202,0.7583472299965796,10.256236111824997,12.307483334189996,12.511499940541727,84.24756909592347,86.56188265348513,2.83916285186135,0.007157025939186135,0.6374461224194522,-330.90704574280915,114.58125275366567,0.1653782809044782,1584.772752886944,1923.54191817275,14.666666666666668,False,"SOC floor violated (min 0.007, unmet 115 Wh); did not refill (end SOC 0.637)"
4.5,0.3,1.6,0.34,0.6,0.5,0.18,1.2993035492544234,0.6972141970176933,0.0,0.15493648820194625,0.5,5.311576592080525,-0.10187973402229256,2,one_per_bay,True,23+23+10,3,56,10,23,0,22x12E,9.703883147406225,1.2359164259105309,16.38460301640648,0.3039002931458739,10.615163217863165,12.738195861435797,12.94935223029915,65.2055046083051,66.83308880435085,7.225049962168217,0.14104795962547367,0.6363516788883167,-331.96427819388606,0.0,0.16969587899272653,1232.601030023179,1460.1228964290867,14.666666666666668,False,"SOC floor violated (min 0.141, unmet 0 Wh); did not refill (end SOC 0.636)"
5.5,0.36,1.6,0.34,0.6,0.0,0.216,0.845,1.69,1.69,0.21885521885521889,1.0926106711465835,5.234726038337675,1.0128851152862552,2,one_per_bay,True,26+24+24+13,4,87,26,24,13,19x10E,11.139180050935877,1.70568,17.734862342291635,0.7699716666256178,9.681135141607822,11.617362169929386,11.809938892587526,101.43073136062341,104.93192109037768,2.7941528159937317,0.006240578501676872,0.7641869218615687,-331.99829284415193,331.99829284415193,0.17180601575264848,1914.9337430717253,2347.0153234659997,14.666666666666668,False,"SOC floor violated (min 0.006, unmet 332 Wh); did not refill (end SOC 0.764)"
5.5,0.36,1.6,0.34,0.4,0.5,0.144,1.7974999999999999,1.69,1.69,0.21885521885521889,0.9957777644922805,5.289469320128228,1.0066582030299576,2,one_per_bay,True,26+24+24+13,4,87,26,24,13,19x10E,11.261102346460877,1.7742599999999997,17.04936142391758,0.6981464915281484,9.543996496130136,11.452795795356163,11.642644561993691,101.71531046127026,105.05121714401258,2.7570770659218358,0.0031285853134559918,0.7599542604602656,-333.2176953597038,333.2176953597038,0.16186467794974035,1914.9337430717253,2352.302580109415,14.666666666666668,False,"SOC floor violated (min 0.003, unmet 333 Wh); did not refill (end SOC 0.760)"
4.5,0.3,1.3,0.34,0.4,0.5,0.12,1.3122039256221436,0.7488157024885745,0.0,0.16640348943264868,0.5,5.277991138113069,-0.1914277358938128,2,one_per_bay,True,22+22+10,3,54,10,22,0,22x12E,9.379613117190924,1.1811967066119857,17.143630596535328,0.3057710527706359,10.675292864102103,12.810351436922522,13.022703902115273,63.518436512045355,65.12399005649104,7.497093624376819,0.16190739333705131,0.6332317249752372,-334.9781536739209,0.0,0.10715220514692683,1188.5795646652082,1419.4276427039088,14.666666666666668,False,"SOC floor violated (min 0.162, unmet 0 Wh); did not refill (end SOC 0.633)"
4.0,0.3,1.3,0.28,1.0,1.0,0.3,2.0,1.69,1.69,0.2006172839506173,1.2243227023319616,5.660249538377957,1.7287573429666905,2,one_per_bay,True,26+16+16+13,4,71,26,16,13,22x12E,9.864019880553164,1.2,13.333333333333334,0.841005398865865,10.861374681704062,13.033649618044874,13.24970361472705,82.85437888623547,85.18914109707946,7.012458975596992,0.009718726953326113,0.6328801528184029,-335.3177723774227,98.82124115260036,0.1772891258545594,1562.7620202079593,1890.2962072375242,14.666666666666668,False,"SOC floor violated (min 0.010, unmet 99 Wh); did not refill (end SOC 0.633)"
4.0,0.3,1.3,0.34,1.0,1.0,0.3,2.0,1.3,1.3,0.21885521885521889,1.0274036662925554,5.660179512168774,1.5174323000481205,2,one_per_bay,True,20+20+20+10,4,70,20,20,10,22x12E,9.818048864840481,1.2,13.333333333333334,0.6533200391827596,10.836035542824954,13.003242651389945,13.218792603014498,80.91982988811834,83.16820316230141,7.055787070018489,0.007358402836031574,0.6294655757820697,-338.6162537945206,70.27801966943572,0.24321633566900402,1540.7512875289733,1843.0607345405408,14.666666666666668,False,"SOC floor violated (min 0.007, unmet 70 Wh); did not refill (end SOC 0.629)"
5.5,0.36,1.6,0.34,0.4,0.0,0.144,0.78,1.56,1.56,0.21885521885521886,1.1679753381108917,5.150234257078828,0.8888874994454813,2,one_per_bay,True,24+22+22+12,4,80,24,22,12,19x10E,10.788712026972915,1.5544799999999999,19.459883691009214,0.8183269205721234,9.980232997431727,11.976279596918072,12.174805961223202,100.60236030147799,104.5266173257972,2.8963640624411546,0.00606684619729749,0.6287723169999999,-339.28594177800005,337.0050823236945,0.11464595723377376,1760.858614318828,2329.774960454345,15.0,False,"SOC floor violated (min 0.006, unmet 337 Wh); did not refill (end SOC 0.629)"
5.0,0.3,1.3,0.34,0.4,0.5,0.12,1.5750000000000002,1.3,1.3,0.21885521885521889,0.9994199088448982,5.189205231202892,0.7761962106328054,2,one_per_bay,True,21+21+20+10,4,72,20,21,10,18x12E,10.014101342736092,1.3335000000000001,18.74765654293213,0.6679146914657161,10.381447937232709,12.457737524679251,12.664244839261197,85.31164820910251,87.64465262314086,3.550492890066884,0.00833350188591295,0.6281312547600095,-339.9052079018308,131.34699975728134,0.4341788095011504,1584.772752886944,1949.0598478483198,14.75,False,"SOC floor violated (min 0.008, unmet 131 Wh); did not refill (end SOC 0.628)"
5.0,0.3,1.3,0.34,0.6,0.5,0.18,1.5750000000000002,1.3,1.3,0.21885521885521889,0.9428605074572243,5.219017290755624,0.7906446804440352,2,one_per_bay,True,23+23+20+10,4,76,20,23,10,17x12E,10.129048103200866,1.389,17.998560115190784,0.6269840927379534,10.230141557211098,12.276169868653318,12.479667403250211,93.93526681144394,96.43970216646359,2.7779147684903047,0.009142201244540767,0.6267186990154583,-341.2697367510673,250.40936918519324,0.3991147152129149,1672.8156836028852,2157.1950246160886,14.916666666666668,False,"SOC floor violated (min 0.009, unmet 250 Wh); did not refill (end SOC 0.627)"
4.5,0.3,1.3,0.28,1.0,1.0,0.3,2.25,1.69,1.69,0.2006172839506173,1.0882868465172992,5.506772532370146,1.3620467552944013,2,one_per_bay,True,26+20+20+13,4,79,26,20,13,18x12E,10.129085489218005,1.3499999999999999,15.000000000000002,0.7622184007150323,10.376877342996675,12.45225281159601,12.65866920811456,99.88225301658824,102.56023133751742,3.432223919708119,0.004005797653651985,0.6248906647883162,-343.0356178144865,326.7876289040047,0.16819648874396026,1738.847881639842,2301.2758772864727,15.0,False,"SOC floor violated (min 0.004, unmet 327 Wh); did not refill (end SOC 0.625)"
4.0,0.3,1.3,0.34,1.0,1.0,0.3,2.0,1.69,1.69,0.21885521885521889,1.335624766180322,5.660308717511226,1.7783184557996954,2,one_per_bay,True,26+16+16+13,4,71,26,16,13,22x12E,9.903037753729372,1.2,13.333333333333334,0.9017321824498846,10.88283497328447,13.059401967941364,13.275882851818006,83.56902488499117,85.9502482836513,6.9824288112105135,0.007450495996763457,0.6234933791961188,-344.3853956965492,107.27962412288768,0.11386352697357201,1562.7620202079593,1907.8813489606046,14.666666666666668,False,"SOC floor violated (min 0.007, unmet 107 Wh); did not refill (end SOC 0.623)"
4.5,0.3,1.3,0.34,1.0,1.0,0.3,2.25,1.3,1.3,0.21885521885521889,0.9132477033711605,5.506704342834325,1.1240237376427737,2,one_per_bay,True,24+24+20+10,4,78,20,24,10,18x12E,10.083114473505322,1.3499999999999999,15.000000000000002,0.5921157653595382,10.353302752672208,12.42396330320665,12.629910754991313,97.6989280089162,100.30286272423214,3.4567786110780707,0.0015786513771611534,0.6232938464152772,-344.57814436284224,294.1950054788213,0.24599557233793945,1716.8371489608571,2248.209684651831,15.0,False,"SOC floor violated (min 0.002, unmet 294 Wh); did not refill (end SOC 0.623)"
4.0,0.3,1.6,0.28,1.0,1.0,0.3,2.0,1.56,1.56,0.2006172839506173,1.3909465020576135,5.6605790652875285,1.8066925491694406,2,one_per_bay,True,24+18+18+12,4,72,24,18,12,22x12E,10.083255190144808,1.2,13.333333333333334,0.9404255319148936,10.981412501831894,13.177695002198272,13.396136786020813,85.14912299472351,87.64254568081749,6.858277616255607,0.003029972178332051,0.622838807051888,-345.0177123878762,123.84921206013198,0.43452996655504467,1584.772752886944,1946.6431117197321,14.75,False,"SOC floor violated (min 0.003, unmet 124 Wh); did not refill (end SOC 0.623)"
4.0,0.3,1.6,0.34,1.0,1.0,0.3,2.0,1.56,1.56,0.21885521885521886,1.517396184062851,5.660633792748493,1.850302252101312,2,one_per_bay,True,24+18+18+12,4,72,24,18,12,22x12E,10.1201344830741,1.2,13.333333333333334,1.0071866783523225,11.001476314998012,13.201771577997613,13.420612470326239,85.85020083490907,88.38226613278054,6.8303578971684455,0.008891004742116355,0.6218576338311316,-345.9655257191269,139.69802707568746,0.3112432245612027,1584.772752886944,1963.6154186016506,14.833333333333334,False,"SOC floor violated (min 0.009, unmet 140 Wh); did not refill (end SOC 0.622)"
5.5,0.3,1.6,0.34,0.6,0.5,0.18,1.7650000000000001,1.56,1.56,0.21885521885521886,1.2600167604596302,5.136651408249633,0.9215658623701887,2,one_per_bay,True,25+25+24+12,4,86,24,25,12,19x10E,10.784091267822914,1.5318,19.74800887844366,0.8842899823699577,10.051692495009512,12.062030994011414,12.261978827560077,102.42723213987401,106.68666458317811,2.890400540913872,0.003102033619451782,0.7244356229604839,-346.15463915059826,346.15463915059826,0.2621766649345467,1892.9230103927396,2377.6533214575356,14.75,False,"SOC floor violated (min 0.003, unmet 346 Wh); did not refill (end SOC 0.724)"
5.5,0.3,1.3,0.34,0.4,0.5,0.12,1.7000000000000002,1.3,1.3,0.21885521885521889,0.9148741462979123,5.099212880502356,0.5190974823166026,2,one_per_bay,True,24+24+20+10,4,78,20,24,10,19x10E,10.315713282993142,1.461,20.704996577686515,0.618314978787078,10.066371932504786,12.079646319005743,12.279886155291893,96.75409219146282,100.75360167776675,3.046981819121357,0.003924987195953553,0.6215540905751161,-346.2587485044378,282.614048255832,0.20843399287672187,1716.8371489608571,2238.42709042903,14.916666666666668,False,"SOC floor violated (min 0.004, unmet 283 Wh); did not refill (end SOC 0.622)"
4.5,0.3,1.3,0.34,0.4,0.0,0.12,0.845,1.69,1.69,0.21885521885521889,1.6953855879415105,5.1960259032945215,1.2380844935392594,2,one_per_bay,True,26+13+12+12,4,63,26,12,13,22x12E,9.663554353883217,1.0971,18.457752255947497,1.2006996264477459,11.243299733298452,13.491959679958141,13.715610913292972,71.96563800279888,74.18512038434189,7.270256032343892,0.05459946007585958,0.6210215315153437,-346.773200556178,0.0,0.2971606547846098,1386.676158776077,1627.89048096157,14.666666666666668,False,"SOC floor violated (min 0.055, unmet 0 Wh); did not refill (end SOC 0.621)"
5.5,0.3,1.6,0.34,0.4,0.5,0.12,1.7000000000000002,1.3,1.3,0.21885521885521889,1.1259989492897382,5.098658033921343,0.7195603174975111,2,one_per_bay,True,24+24+20+10,4,78,20,24,10,16x12E,10.494628321426466,1.461,20.704996577686515,0.7610030508148653,10.153291908486786,12.183950290184143,12.385919134883386,98.25597207056761,100.93608813111022,2.1729994303564433,0.0036965867455717484,0.6196823430342674,-348.0668566288977,304.6794778645991,0.19322678843143254,1716.8371489608571,2262.264374238502,15.0,False,"SOC floor violated (min 0.004, unmet 305 Wh); did not refill (end SOC 0.620)"
4.5,0.3,1.3,0.34,1.0,1.0,0.3,2.25,1.69,1.69,0.21885521885521889,1.1872220143825085,5.506830165832018,1.417868553657967,2,one_per_bay,True,26+20+20+13,4,79,26,20,13,18x12E,10.168103362394211,1.3499999999999999,15.000000000000002,0.8172561827868237,10.396844324438236,12.476213189325883,12.683026768178028,100.7361869941163,103.48511616671927,3.4165965927282693,0.0031464644406151224,0.615702886873069,-351.91101128061536,338.9597654585697,0.09112275297713997,1738.847881639842,2322.408850412214,15.0,False,"SOC floor violated (min 0.003, unmet 339 Wh); did not refill (end SOC 0.616)"
4.5,0.3,1.6,0.34,0.6,0.0,0.18,0.845,1.69,1.69,0.21885521885521889,1.8648985018167699,5.266455839127596,1.4243998710191499,2,one_per_bay,True,26+13+13+13,4,65,26,13,13,22x12E,10.063007400287065,1.1814,17.140680548501777,1.308418620279136,11.056403048747672,13.267683658497207,13.487617151044411,74.15792984129001,76.34625146363986,6.95376438736734,0.025688501243226813,0.6118368889581464,-355.6455652664306,0.0,0.3389196776161635,1430.6976241340465,1680.3970114680735,14.583333333333332,False,"SOC floor violated (min 0.026, unmet 0 Wh); did not refill (end SOC 0.612)"
4.5,0.3,1.6,0.34,0.6,0.0,0.18,0.78,1.56,1.56,0.21885521885521886,1.7437326868109064,5.259840341587674,1.3684259781814223,2,one_per_bay,True,24+14+14+12,4,64,24,14,12,22x12E,10.0155566600741,1.1736,17.254601226993866,1.2038375915857014,11.066898961356987,13.280278753628384,13.500421030416488,73.301528120974,75.45996241220477,6.993606116100729,0.036576446587717915,0.6110260086848555,-356.4288756104296,0.0,0.2856607514980697,1408.6868914550616,1659.3820616215178,14.666666666666668,False,"SOC floor violated (min 0.037, unmet 0 Wh); did not refill (end SOC 0.611)"
4.5,0.3,1.6,0.34,0.6,0.0,0.18,0.65,1.3,1.3,0.21885521885521889,1.4917382855513674,5.246599108951795,1.224986464696642,2,one_per_bay,True,20+16+16+10,4,62,20,16,10,22x12E,9.920655179648175,1.158,17.487046632124354,0.9883498859575498,11.088284156269829,13.305940987523794,13.526508657686694,71.61074477296806,73.7101644811345,7.074326105018844,0.05759469764319329,0.6084223434789696,-358.94401619931534,0.0,0.21151194776310925,1364.665426097091,1618.2524584941227,14.666666666666668,False,"SOC floor violated (min 0.058, unmet 0 Wh); did not refill (end SOC 0.608)"
4.0,0.3,1.6,0.34,1.0,1.0,0.3,2.0,1.3,1.3,0.21885521885521889,1.2644968200523758,5.660533732596762,1.695182488605926,2,one_per_bay,True,20+20+20+10,4,70,20,20,10,22x12E,10.052808557148175,1.2,13.333333333333334,0.8040862020710886,10.964820647121668,13.157784776546,13.375896515910307,83.84848922422172,86.28217754681505,6.88605170460118,0.009894439316859913,0.6026015703446342,-364.5668830470833,115.90200300868071,0.2597167154470862,1540.751287528973,1914.6725510050956,14.833333333333334,False,"SOC floor violated (min 0.010, unmet 116 Wh); did not refill (end SOC 0.603)"
5.5,0.36,1.6,0.34,0.4,0.0,0.144,0.845,1.69,1.69,0.21885521885521889,1.24379998824793,5.158183237199641,0.9656369041268509,2,one_per_bay,True,26+20+20+13,4,79,26,20,13,19x10E,10.831335459885878,1.56852,19.28569607018081,0.8854749576112417,9.955072386121586,11.946086863345903,12.14411273385611,101.31322652123845,105.23134764350498,2.8815233758631043,0.005688874932828181,0.6022691029076673,-364.88804659119336,350.0966448698611,0.2481911851269333,1738.847881639842,2346.454016516591,15.083333333333332,False,"SOC floor violated (min 0.006, unmet 350 Wh); did not refill (end SOC 0.602)"
5.5,0.36,1.3,0.34,0.4,0.0,0.144,0.65,1.3,1.3,0.21885521885521889,0.819144395245372,5.133930221030911,0.4672052697017919,2,one_per_bay,True,23+23+20+10,4,76,20,23,10,19x10E,10.429124459300835,1.5264,19.81787211740042,0.5509665368004768,9.902348250140252,11.882817900168302,12.07979498443973,95.07452213736762,98.61489731222606,3.0194985343202823,0.0038625997783922617,0.6017026676581984,-365.4352230421804,262.43931054019424,0.1660294216455244,1672.8156836028852,2193.6519078705423,15.0,False,"SOC floor violated (min 0.004, unmet 262 Wh); did not refill (end SOC 0.602)"
5.5,0.3,1.6,0.34,0.6,0.0,0.18,0.845,1.69,1.69,0.21885521885521889,1.5733593664510799,5.07828399150395,0.958590345485423,2,one_per_bay,True,26+18+18+13,4,75,26,18,13,17x12E,10.492422195147448,1.4214,21.281834810749967,1.1322475782908503,10.292672930156996,12.351207516188396,12.555948922158748,93.69876484886274,96.33871100954592,2.688321087632342,0.0023238613545010205,0.6011731168058805,-365.9467691655194,242.84840326866353,0.245396646022409,1650.804950923901,2152.5298718188455,15.0,False,"SOC floor violated (min 0.002, unmet 243 Wh); did not refill (end SOC 0.601)"
4.0,0.3,1.6,0.28,1.0,1.0,0.3,2.0,1.69,1.69,0.2006172839506173,1.5068587105624143,5.660602127233391,1.8668301190646044,2,one_per_bay,True,26+16+16+13,4,71,26,16,13,22x12E,10.098779572860858,1.2,13.333333333333334,1.0350835678349108,10.989862852399112,13.187835422878933,13.406445300710464,85.88635356268013,88.41312909408366,6.84358700098923,0.0070264254834100075,0.5998698189952767,-367.2057548505627,141.05570158838077,0.18856453666539252,1562.762020207959,1964.4345945421894,14.833333333333334,False,"SOC floor violated (min 0.007, unmet 141 Wh); did not refill (end SOC 0.600)"
5.5,0.3,1.6,0.34,0.6,0.5,0.18,1.7974999999999999,1.69,1.69,0.21885521885521889,1.358662588699966,5.138684048653709,0.9913351017810238,2,one_per_bay,True,26+23+23+13,4,85,26,23,13,19x10E,10.808687694660877,1.5356999999999998,19.697857654489813,0.9695886000761201,10.050362848985133,12.06043541878216,12.260356803069458,103.30755165324943,107.61196364075504,2.8800978080069073,0.00995683480293537,0.70265505227514,-368.31837626888955,368.31837626888955,0.48774989519870715,1870.9122777137547,2398.838349563456,14.833333333333334,False,"SOC floor violated (min 0.010, unmet 368 Wh); did not refill (end SOC 0.703)"
6.0,0.3,1.3,0.34,0.4,0.0,0.12,0.845,1.69,1.69,0.21885521885521889,1.358999558588036,4.952238398735842,0.6097040076564754,2,one_per_bay,True,26+18+18+13,4,75,26,18,13,16x12E,10.24168743068074,1.4121000000000001,25.493945188017843,0.9947464539930226,10.202379673318493,12.242855607982191,12.445800904382153,94.22839286162186,96.84872509385559,2.2495743740433243,0.004185067449150171,0.5984047847794016,-368.62097790309804,252.64667489881506,0.20289547232993616,1650.804950923901,2165.0644187690223,15.0,False,"SOC floor violated (min 0.004, unmet 253 Wh); did not refill (end SOC 0.598)"
4.5,0.3,1.6,0.34,0.4,0.5,0.12,1.293317848355444,0.6732713934217759,0.0,0.14961586499857812,0.5,5.274885677124765,-0.19641500867702621,2,one_per_bay,True,22+22+10,3,54,10,22,0,22x12E,9.575298500523425,1.17779721270398,17.193112516805986,0.30588727490910417,10.801631295722975,12.96195755486757,13.176823138692738,64.9883384738771,66.6958805121404,7.3495265357242845,0.13947028367103437,0.5958712884840602,-371.0683353243978,0.0,0.18907426581892275,1188.5795646652082,1455.3725920571396,14.833333333333334,False,"SOC floor violated (min 0.139, unmet 0 Wh); did not refill (end SOC 0.596)"
5.0,0.36,1.3,0.34,0.6,0.5,0.216,1.5750000000000002,1.3,1.3,0.21885521885521889,0.654764241289739,5.410604395290197,0.7050658233919029,2,one_per_bay,True,26+26+20+10,4,82,20,26,10,19x10E,10.718128918377758,1.6668,14.998800095992321,0.42451949978554754,9.606522219587937,11.527826663505524,11.718919189137138,103.18683612229478,106.63231428851266,2.893248884272942,0.007214967528101213,0.6500039093103634,-371.49122029847763,371.49122029847763,0.15980114536707526,1804.880079676798,2387.493370431051,15.0,False,"SOC floor violated (min 0.007, unmet 371 Wh); did not refill (end SOC 0.650)"
4.5,0.36,1.3,0.34,0.4,0.0,0.144,0.3901586067935855,0.780317213587171,0.0,0.17340382519444825,0.5000000000000001,5.297757662967959,-0.12906202787856325,2,one_per_bay,True,20+20+12,3,52,12,20,0,22x12E,9.455805092869321,1.2182742590674143,16.621872989010964,0.304503444159921,10.554196388368473,12.665035666042167,12.874979285362908,63.260730238694535,64.81268990231375,7.420647829213101,0.1608798569742448,0.5950023039765855,-371.9077743586184,0.0,0.13315258298976335,1144.5580993072372,1412.48382264518,14.833333333333334,False,"SOC floor violated (min 0.161, unmet 0 Wh); did not refill (end SOC 0.595)"
4.0,0.3,1.6,0.34,1.0,1.0,0.3,2.0,1.69,1.69,0.21885521885521889,1.6438458660680886,5.660659933317261,1.9070854607844776,2,one_per_bay,True,26+16+16+13,4,71,26,16,13,22x12E,10.137797446037064,1.2,13.333333333333334,1.1098242245537042,11.011072726756622,13.213287272107946,13.432319055845346,86.64290712269266,89.21146771885682,6.8139345252865855,0.004859576213166735,0.5903727234579291,-376.3799491396405,150.35994822736973,0.12203631793429537,1562.762020207959,1982.9749097427948,14.833333333333334,False,"SOC floor violated (min 0.005, unmet 150 Wh); did not refill (end SOC 0.590)"
5.0,0.36,1.3,0.34,0.4,0.0,0.144,0.78,1.56,1.56,0.21885521885521886,1.0226585307100606,5.247410965920829,0.9648585294446235,2,one_per_bay,True,24+19+19+12,4,74,24,19,12,16x12E,10.231917652948546,1.42848,17.50112007168459,0.7073265191201403,10.138877719820337,12.166653263784404,12.368335382064426,68.23800879311567,105.99403743656738,2.2050736443355974,0.09553424669834806,0.589128796715107,-377.58158237320663,0.0,0.17154968134259124,1628.7942182449153,1901.565168909861,13.833333333333332,False,"SOC floor violated (min 0.096, unmet 0 Wh); did not refill (end SOC 0.589)"
4.0,0.36,1.3,0.28,0.6,0.0,0.216,0.845,1.69,1.69,0.2006172839506173,1.063045885023306,5.648831137105033,1.769761477490688,2,one_per_bay,True,26+14+14+13,4,67,26,14,13,22x12E,9.974877666645472,1.27368,12.562024998429747,0.7223097944752025,10.601616098165698,12.721939317798837,12.932826207941499,79.56468173606908,81.62183290706228,6.9229802515702605,0.009742492989282451,0.586044095766903,-380.5614034891717,59.676161440307624,0.39342508764216544,1474.7190894920177,1808.5810099973507,14.75,False,"SOC floor violated (min 0.010, unmet 60 Wh); did not refill (end SOC 0.586)"
5.0,0.36,1.3,0.28,0.6,0.5,0.216,1.6400000000000001,1.56,1.56,0.2006172839506173,0.7128699089420409,5.417351867142623,0.9197305152315076,2,one_per_bay,True,24+24+24+12,4,84,24,24,12,19x10E,10.765277967374391,1.67616,14.91504390988927,0.490994574128807,9.600709680861316,11.520851617033578,11.711828519895558,104.49801523046945,107.98937814548786,2.8746363469043255,0.005055653484598131,0.6746933423022201,-383.5661896929699,383.5661896929699,0.26734242564539556,1848.9015450347686,2419.3746317664427,15.0,False,"SOC floor violated (min 0.005, unmet 384 Wh); did not refill (end SOC 0.675)"
5.5,0.3,1.3,0.34,0.6,0.0,0.18,0.78,1.56,1.56,0.21885521885521886,1.192883054458234,5.074984156455843,0.7497854248911071,2,one_per_bay,True,24+20+20+12,4,76,24,20,12,16x12E,10.217892482487008,1.4136,21.39926428975665,0.844454678508351,10.185112849329483,12.22213541919538,12.424737244677328,97.99498133319605,100.69795966069331,2.2359528814426097,0.0038432740197890426,0.5826311916871512,-383.85826883021195,306.4729864309743,0.2835379415056659,1672.8156836028852,2255.981108750214,15.083333333333332,False,"SOC floor violated (min 0.004, unmet 306 Wh); did not refill (end SOC 0.583)"
5.0,0.3,1.3,0.34,0.4,0.0,0.12,0.33743891939486287,0.6748778387897257,0.0,0.1499728529260927,0.5,5.038928401317481,-0.65713382020376,2,one_per_bay,True,18+18+10,3,46,10,18,0,22x12E,9.166056664831205,1.1107390054910753,22.507537663131856,0.31539491993742486,10.882626060416536,13.059151272499843,13.275628000690729,58.37910457836489,59.995465468974686,7.741815908980971,0.22031963293854803,0.579716363456833,-386.6739929006993,0.0,0.3259230854491193,1012.4937032333257,1295.6457578962466,15.0,False,did not refill (end SOC 0.580)
4.5,0.3,1.3,0.34,0.4,0.0,0.12,0.78,1.56,1.56,0.21885521885521886,1.5965868940055252,5.186113422726921,1.1755829038351047,2,one_per_bay,True,24+12+12+12,4,60,24,12,12,22x12E,9.593086432920254,1.0854,18.65671641791045,1.1131118370382178,11.262445939872833,13.5149351278474,13.738967216697569,70.97549483692777,73.2050292881906,7.33189224848407,0.06240617369821226,0.577688593796904,-388.63281839219076,0.0,0.3338458797665342,1320.6439607391208,1604.0350697604558,14.75,False,"SOC floor violated (min 0.062, unmet 0 Wh); did not refill (end SOC 0.578)"
4.0,0.3,1.3,0.28,0.6,0.5,0.18,1.3900000000000001,1.56,1.56,0.2006172839506173,1.263766251217173,5.477425581739543,1.5894886774007007,2,one_per_bay,True,24+15+15+12,4,66,24,15,12,22x12E,9.670788251067885,1.1268,14.199503017394392,0.8636361383311811,11.098287403616855,13.317944884340225,13.538711538667881,77.98263177846741,80.29223527676018,7.2115026493455865,0.008755952855512117,0.5775129346216257,-388.8025051555096,37.88790008992919,0.4061132911180998,1452.7083568130333,1773.1394620006213,14.666666666666668,False,"SOC floor violated (min 0.009, unmet 38 Wh); did not refill (end SOC 0.578)"
5.0,0.36,1.3,0.34,0.4,0.0,0.144,0.65,1.3,1.3,0.21885521885521889,0.8852044271199987,5.228140131147839,0.7396460560094709,2,one_per_bay,True,20+20+20+10,4,70,20,20,10,16x12E,10.09848447902262,1.4003999999999999,17.852042273636105,0.5880399541764347,10.17303407940915,12.20764089529098,12.410002450402668,64.66255675082337,103.3727346920712,2.2492207014334338,0.13694518084666824,0.5773644420283408,-388.94594900062276,0.0,0.15843565854632757,1540.7512875289733,1825.454837755791,13.833333333333332,False,"SOC floor violated (min 0.137, unmet 0 Wh); did not refill (end SOC 0.577)"
4.0,0.36,1.3,0.34,0.6,0.0,0.216,0.845,1.69,1.69,0.21885521885521889,1.159686420025425,5.648889659821382,1.8267553239632548,2,one_per_bay,True,26+14+14+13,4,67,26,14,13,22x12E,10.013895539821679,1.27368,12.562024998429747,0.774465881259979,10.622330577237511,12.746796692685013,12.95809563435189,80.23182700403827,82.34348007566528,6.894155918270916,0.006630082242326722,0.5762410006963751,-390.03119332730165,66.4405188530765,0.27315055954166567,1474.7190894920177,1824.9206679201595,14.833333333333334,False,"SOC floor violated (min 0.007, unmet 66 Wh); did not refill (end SOC 0.576)"
4.0,0.36,1.3,0.28,0.6,0.0,0.216,0.78,1.56,1.56,0.2006172839506173,0.9952936824711586,5.638540930599547,1.6783963383710205,2,one_per_bay,True,24+15+15+12,4,66,24,15,12,22x12E,9.926767767129423,1.2643199999999999,12.655024044545685,0.6665577248481186,10.615094778547839,12.738113734257405,12.94926874172885,78.65113763578404,80.68610478916374,6.9649460116577115,0.00974812947245769,0.5748569315154275,-391.368204156097,48.58109798317563,0.340468372384174,1452.7083568130333,1786.4507494275667,14.75,False,"SOC floor violated (min 0.010, unmet 49 Wh); did not refill (end SOC 0.575)"
5.5,0.36,1.6,0.34,0.4,0.0,0.144,0.65,1.3,1.3,0.21885521885521889,1.0081777172250732,5.134252076327799,0.6907267491374907,2,one_per_bay,True,23+23+20+10,4,76,20,23,10,19x10E,10.655465161146989,1.5264,19.81787211740042,0.6781126606775099,10.00922558385874,12.011070700630487,12.210173784214277,98.38274359148168,102.24117075119226,2.9426452909117717,0.007826280417601902,0.5728946262069893,-393.26379108404836,316.13334956576074,0.1549370172974207,1672.8156836028852,2275.268619439676,15.166666666666666,False,"SOC floor violated (min 0.008, unmet 316 Wh); did not refill (end SOC 0.573)"
4.0,0.3,1.3,0.34,0.6,0.5,0.18,1.3900000000000001,1.56,1.56,0.21885521885521886,1.3786540922369162,5.477482638934305,1.637536490540332,2,one_per_bay,True,24+15+15+12,4,66,24,15,12,22x12E,9.707667543997177,1.1268,14.199503017394392,0.9249459781250692,11.119428778705775,13.343314534446929,13.564501732095957,78.64330005249047,80.99103216749782,7.180930768058491,0.009856509722279186,0.5721399765751948,-393.99278262836185,48.594752223096435,0.28964714266182645,1452.7083568130333,1789.1557233235962,14.75,False,"SOC floor violated (min 0.010, unmet 49 Wh); did not refill (end SOC 0.572)"
5.0,0.36,1.3,0.34,0.4,0.5,0.144,1.5750000000000002,1.3,1.3,0.21885521885521889,0.6940416033645126,5.385889095538395,0.7014518531493505,2,one_per_bay,True,24+24+20+10,4,78,20,24,10,19x10E,10.567284804531603,1.6002,15.62304711911011,0.45275156806059375,9.735158404096618,11.682190084915941,11.875841435981307,103.36955542500483,106.99186359799087,2.9391207965907915,0.008361903181915152,0.5697568773503038,-396.29485647960655,386.6995370776073,0.2858167618079399,1716.8371489608571,2392.5645267137497,15.25,False,"SOC floor violated (min 0.008, unmet 387 Wh); did not refill (end SOC 0.570)"
5.0,0.36,1.3,0.34,0.6,0.5,0.216,1.6400000000000001,1.56,1.56,0.21885521885521886,0.7776762643004083,5.4174031333250685,1.0048350862533815,2,one_per_bay,True,24+24+24+12,4,84,24,24,12,19x10E,10.802157260303684,1.67616,14.91504390988927,0.5258504553772149,9.617140499752841,11.540568599703409,11.731872343706064,105.37443457498547,108.92596103787707,2.86175988257528,0.004728116656783134,0.6658990552159361,-396.5527420580207,396.5527420580207,0.18929385127962797,1848.9015450347686,2440.950167965684,15.0,False,"SOC floor violated (min 0.005, unmet 397 Wh); did not refill (end SOC 0.666)"
5.0,0.36,1.3,0.28,0.6,0.5,0.216,1.6724999999999999,1.69,1.69,0.2006172839506173,0.7683442168042051,5.420733792789266,1.0373185462700567,2,one_per_bay,True,26+22+22+13,4,83,26,22,13,19x10E,10.789153558090439,1.68084,14.873515623140811,0.5374317411857799,9.597960296291596,11.517552355549915,11.708474567772626,105.27563481162149,108.79641766754578,2.8647924474549686,0.004261521380786204,0.6470821738155285,-397.51482159321296,397.51482159321296,0.0897741646274414,1826.890812355782,2438.3022811822325,15.0,False,"SOC floor violated (min 0.004, unmet 398 Wh); did not refill (end SOC 0.647)"
4.0,0.36,1.3,0.34,0.6,0.0,0.216,0.78,1.56,1.56,0.21885521885521886,1.085774926332173,5.638596519196779,1.739277282710459,2,one_per_bay,True,24+15+15+12,4,66,24,15,12,22x12E,9.963647060058715,1.2643199999999999,12.655024044545685,0.7138768972518852,10.63479475919976,12.761753711039711,12.97330058967656,79.26908088008248,81.3545845633826,6.937478346451904,0.006681516686190301,0.5655918713775733,-400.3182522492642,54.675915931892,0.24464099677036089,1452.7083568130333,1801.575058218891,14.833333333333334,False,"SOC floor violated (min 0.007, unmet 55 Wh); did not refill (end SOC 0.566)"
5.0,0.36,1.3,0.34,0.6,0.0,0.216,0.78,1.56,1.56,0.21885521885521886,0.8994639185219879,5.331015507723074,1.0031476638392776,2,one_per_bay,True,24+22+22+12,4,80,24,22,12,19x10E,10.549171448611375,1.55232,16.104926819212533,0.6151597158989375,9.875679750200144,11.850815700240172,12.04726229586109,105.10486611425432,109.02685293332837,2.9406954695836567,0.0015397163336193578,0.5834677468773156,-400.8911941466234,400.8911941466234,0.3982223147551333,1760.8586143188277,2437.1610036439297,15.166666666666666,False,"SOC floor violated (min 0.002, unmet 401 Wh); did not refill (end SOC 0.583)"
4.0,0.36,1.6,0.28,0.6,0.0,0.216,0.845,1.69,1.69,0.2006172839506173,1.3083641661825307,5.64917883924995,1.9285396490046782,2,one_per_bay,True,26+14+14+13,4,67,26,14,13,22x12E,10.208947204060857,1.27368,12.562024998429747,0.8889966701233264,10.725283076739945,12.870339692087933,13.083686560434238,82.25102652576518,84.46762641899407,6.762710244861209,0.005482184881707262,0.5555192858385452,-410.0483698799654,95.65852953458027,0.09164795896009537,1474.7190894920177,1874.3434689729675,14.833333333333334,False,"SOC floor violated (min 0.005, unmet 96 Wh); did not refill (end SOC 0.556)"
5.0,0.36,1.3,0.34,0.6,0.5,0.216,1.6724999999999999,1.69,1.69,0.21885521885521889,0.8381936910591329,5.420787906658099,1.1162762689180266,2,one_per_bay,True,26+22+22+13,4,83,26,22,13,19x10E,10.828171431266647,1.68084,14.873515623140811,0.5762382709443089,9.615299656065577,11.538359587278693,11.72962671329812,106.2232385683144,109.80869278314543,2.8511618353541204,0.0036300787926414196,0.6370026628887254,-411.0311992242214,411.0311992242214,0.32874442918069013,1826.890812355782,2461.3280257217843,15.083333333333332,False,"SOC floor violated (min 0.004, unmet 411 Wh); did not refill (end SOC 0.637)"
5.0,0.36,1.3,0.28,0.4,0.5,0.144,1.6724999999999999,1.69,1.69,0.2006172839506173,0.8086590249587597,5.40308252057145,1.0173510186377317,2,one_per_bay,True,26+21+21+13,4,81,26,21,13,19x10E,10.666836256244286,1.62126,15.420105350159753,0.5687455053926256,9.717172882904299,11.660607459485158,11.853901043338741,105.9106580738024,109.61688651005343,2.8999691762698565,0.0036905923610042676,0.6000666124290163,-412.16606264370034,412.16606264370034,0.11101999659605728,1782.8693469978134,2454.5941449581483,15.166666666666666,False,"SOC floor violated (min 0.004, unmet 412 Wh); did not refill (end SOC 0.600)"
5.0,0.36,1.3,0.34,0.4,0.5,0.144,1.6400000000000001,1.56,1.56,0.21885521885521886,0.8204002701326779,5.397386876828205,0.9857384312623634,2,one_per_bay,True,24+22+22+12,4,80,24,22,12,19x10E,10.65966435445753,1.6142400000000001,15.487164238279313,0.5579131481954883,9.73500461995634,11.682005543947609,11.87565383594549,105.7017868188101,109.42578739220578,2.9035244792865567,0.004285675570993321,0.5827285220293733,-412.6677810504966,412.6677810504966,0.3317332382755656,1760.8586143188277,2449.738222049771,15.166666666666666,False,"SOC floor violated (min 0.004, unmet 413 Wh); did not refill (end SOC 0.583)"
4.5,0.36,1.6,0.34,0.6,0.0,0.216,0.845,1.69,1.69,0.21885521885521889,1.2950684040394234,5.4743926271262175,1.5931542051332772,2,one_per_bay,True,26+17+17+13,4,73,26,17,13,17x12E,10.467722829497447,1.4176799999999998,14.283900457084817,0.884619201683088,10.294030490679127,12.352836588814952,12.557604999320654,65.03689482908564,111.88517478392079,2.623792641031717,0.1256729969112251,0.5508501891240081,-414.55871730620817,0.0,0.0863799215190634,1606.7834855659296,1917.1763221055537,13.833333333333332,False,"SOC floor violated (min 0.126, unmet 0 Wh); did not refill (end SOC 0.551)"
4.0,0.3,1.3,0.28,0.6,0.5,0.18,1.4224999999999999,1.69,1.69,0.2006172839506173,1.3605097258939458,5.481844925705752,1.65963314609715,2,one_per_bay,True,26+13+13+13,4,65,26,13,13,22x12E,9.693223265783933,1.1307,14.150526222693905,0.9440784901638236,11.091974467181112,13.310369360617335,13.531010438285707,78.6960748328116,81.03191448858699,7.189180181309982,0.007632606886529059,0.5496969322239748,-415.6727634716404,49.66355089613994,0.16510305284597138,1430.6976241340465,1790.1176594987635,14.833333333333334,False,"SOC floor violated (min 0.008, unmet 50 Wh); did not refill (end SOC 0.550)"
4.5,0.3,1.6,0.34,0.4,0.0,0.12,0.845,1.69,1.69,0.21885521885521889,2.086628415928013,5.1963852336434835,1.3398387743355,2,one_per_bay,True,26+13+12+12,4,63,26,12,13,22x12E,9.897993346162064,1.0971,18.457752255947497,1.477784155627995,11.378864359566938,13.654637231480326,13.880985110513542,74.76696647960955,77.17816104224825,7.085238294138891,0.01157829644977876,0.5495990568285857,-415.7673111035862,0.0,0.2983914588135062,1386.6761587760768,1696.7107452150367,14.75,False,"SOC floor violated (min 0.012, unmet 0 Wh); did not refill (end SOC 0.550)"
5.0,0.36,1.6,0.34,0.4,0.0,0.144,0.78,1.56,1.56,0.21885521885521886,1.258656653181613,5.247764935960268,1.1361773559340853,2,one_per_bay,True,24+19+19+12,4,74,24,19,12,17x12E,10.476398385434484,1.42848,17.50112007168459,0.8705557158401727,10.259291497667567,12.31114979720108,12.515227181156202,98.04766868123687,100.66015091047343,2.6691079329498706,0.008698858606880843,0.548787420984464,-416.5513513290078,317.6736058511292,0.3999703166243821,1628.7942182449156,2256.0032678555067,15.25,False,"SOC floor violated (min 0.009, unmet 318 Wh); did not refill (end SOC 0.549)"
4.0,0.36,1.6,0.28,0.6,0.0,0.216,0.78,1.56,1.56,0.2006172839506173,1.224976839964503,5.638890427738566,1.8507206028521148,2,one_per_bay,True,24+15+15+12,4,66,24,15,12,22x12E,10.160924978944808,1.2643199999999999,12.655024044545685,0.8203787382746075,10.739561953948881,12.887474344738656,13.101105247894507,81.31412660992477,83.50901107736328,6.802926844904701,0.009972918704931761,0.5487244760587253,-416.6121561272713,88.39839150085386,0.38680905335811855,1452.7083568130333,1851.4759058841032,14.916666666666668,False,"SOC floor violated (min 0.010, unmet 88 Wh); did not refill (end SOC 0.549)"
4.5,0.36,1.3,0.28,0.4,0.0,0.144,0.845,1.69,1.69,0.2006172839506173,1.0792385108423967,5.3935412141440855,1.3016668851511817,2,one_per_bay,True,26+15+15+13,4,69,26,15,13,19x12E,10.018822974275055,1.31652,15.381460213289582,0.7587650707217526,10.450644394763545,12.540773273716253,12.74865704124674,87.11760499970285,89.42410353425034,4.269847447334006,0.003660944220420419,0.5475748010985854,-417.72274213876653,161.466939820773,0.15972413055160928,1518.7405548499887,1991.5810068037863,15.0,False,"SOC floor violated (min 0.004, unmet 161 Wh); did not refill (end SOC 0.548)"
4.0,0.36,1.3,0.34,0.6,0.0,0.216,0.65,1.3,1.3,0.21885521885521889,0.9314292013821397,5.618140633250452,1.5147340516071983,2,one_per_bay,True,20+17+17+10,4,64,20,17,10,22x12E,9.86315010053279,1.2456,12.845215157353886,0.5883186030073081,10.660239714470404,12.792287657364485,13.004340685954054,77.38772094164838,79.42203531561566,7.025232386359265,0.0096760451973044,0.5467665868474794,-418.5034771053349,34.58949437583974,0.19283253376955872,1408.6868914550619,1755.953184360923,14.833333333333334,False,"SOC floor violated (min 0.010, unmet 35 Wh); did not refill (end SOC 0.547)"
4.0,0.36,1.6,0.34,0.6,0.0,0.216,0.845,1.69,1.69,0.21885521885521889,1.4273063631082155,5.649236022720318,1.9748323218634956,2,one_per_bay,True,26+14+14+13,4,67,26,14,13,22x12E,10.247965077237064,1.27368,12.562024998429747,0.9531887769353586,10.745759167012501,12.894911000415002,13.108665178265806,82.94123877895967,85.21422139993207,6.7348164561599555,0.003479959894046635,0.5463597455985162,-418.8964857518333,103.93750490879268,0.31934941726713834,1474.7190894920177,1891.2359895021991,14.916666666666668,False,"SOC floor violated (min 0.003, unmet 104 Wh); did not refill (end SOC 0.546)"
4.0,0.3,1.6,0.28,0.6,0.5,0.18,1.3900000000000001,1.56,1.56,0.2006172839506173,1.5554046168826745,5.477786169437528,1.725491669352696,2,one_per_bay,True,24+15+15+12,4,66,24,15,12,22x12E,9.906233602144807,1.1268,14.199503017394392,1.062936785638377,11.232574626192273,13.479089551430727,13.70252744139761,80.99540457865947,83.49204855332006,7.028237434789029,0.007433085642268218,0.546335615416463,-418.9197955076967,81.39526345737117,0.3896361406986557,1452.7083568130333,1846.775612988878,14.833333333333334,False,"SOC floor violated (min 0.007, unmet 81 Wh); did not refill (end SOC 0.546)"
4.5,0.36,1.3,0.34,0.4,0.0,0.144,0.845,1.69,1.69,0.21885521885521889,1.1773511027371604,5.393599480661964,1.3578974632019465,2,one_per_bay,True,26+15+15+13,4,69,26,15,13,19x12E,10.057840847451262,1.31652,15.381460213289582,0.8135534969351523,10.47097441192408,12.565169294308896,12.77345746566384,87.86020421449349,90.22960349317317,4.251229169921591,0.009464976271493758,0.5461300275085624,-419.1183934267287,178.34334656290488,0.09259913397470616,1518.7405548499887,2009.9694946559575,15.0,False,"SOC floor violated (min 0.009, unmet 178 Wh); did not refill (end SOC 0.546)"
4.0,0.36,1.6,0.28,0.4,0.5,0.144,1.4224999999999999,1.69,1.69,0.2006172839506173,1.2148010913777432,5.722920009643214,1.96159089790748,2,one_per_bay,True,26+14+14+13,4,67,26,14,13,22x12E,10.282235696260857,1.3152599999999999,12.164895153809894,0.8203206838351885,10.592206048881557,12.710647258657868,12.921346964506059,83.3906047628579,85.55583080571539,6.688869297924639,0.00465404015796667,0.5444284800016155,-420.76208831843945,111.63492096225208,0.2624145163032523,1474.7190894920177,1900.8615486943067,15.0,False,"SOC floor violated (min 0.005, unmet 112 Wh); did not refill (end SOC 0.544)"
4.0,0.3,1.3,0.34,0.6,0.5,0.18,1.4224999999999999,1.69,1.69,0.21885521885521889,1.484192428247941,5.481905145496002,1.7042629081103224,2,one_per_bay,True,26+13+13+13,4,65,26,13,13,22x12E,9.732241138960141,1.1307,14.150526222693905,1.0122479100460504,11.11427616166334,13.337131393996009,13.558216096009078,79.40850697171493,81.78535688326834,7.156934520973594,0.008992942779988071,0.5441412355030774,-421.0395665040273,61.70187445297095,0.10231618662252609,1430.6976241340465,1807.5919581770665,14.833333333333334,False,"SOC floor violated (min 0.009, unmet 62 Wh); did not refill (end SOC 0.544)"
5.0,0.36,1.6,0.34,0.6,0.5,0.216,1.5750000000000002,1.3,1.3,0.21885521885521889,0.805863681587371,5.410917858393626,0.9839233160005969,2,one_per_bay,True,26+26+20+10,4,82,20,26,10,19x10E,10.944612934146988,1.6668,14.998800095992321,0.5224855381975969,9.707488994537018,11.64898679344442,11.842087745808298,106.39648293710992,110.10390282009008,2.82396539637135,0.009367070079109025,0.620740403090676,-421.94014562258906,421.94014562258906,0.18458049593375137,1804.8800796767978,2466.26446612363,15.166666666666666,False,"SOC floor violated (min 0.009, unmet 422 Wh); did not refill (end SOC 0.621)"
4.0,0.36,1.6,0.34,0.4,0.5,0.144,1.4224999999999999,1.69,1.69,0.21885521885521889,1.3252375542302655,5.722976786298959,2.0114100736083773,2,one_per_bay,True,26+14+14+13,4,67,26,14,13,22x12E,10.321253569437063,1.3152599999999999,12.164895153809894,0.8795538786564502,10.612284076384302,12.734740891661163,12.945839988766407,84.08634081849405,86.30600157001548,6.661609480504838,0.009958885343212258,0.5429171386564563,-422.2220440578632,127.25626231535921,0.1989360258782587,1474.7190894920177,1918.0491264075533,15.0,False,"SOC floor violated (min 0.010, unmet 127 Wh); did not refill (end SOC 0.543)"
5.0,0.36,1.3,0.34,0.6,0.0,0.216,0.845,1.69,1.69,0.21885521885521889,0.963020556589259,5.337422770166626,1.1003166672428986,2,one_per_bay,True,26+20+20+13,4,79,26,20,13,19x10E,10.583536827574338,1.56168,16.00840120895446,0.6693455026238724,9.86206448037175,11.834477376446099,12.03065313770686,105.93988139441393,109.87840646845979,2.927227596292963,0.009469693422246154,0.5648149823688895,-423.9848959341273,423.9848959341273,0.16324338664032112,1738.847881639842,2456.691037441004,15.333333333333332,False,"SOC floor violated (min 0.009, unmet 424 Wh); did not refill (end SOC 0.565)"
4.0,0.36,1.6,0.34,0.6,0.0,0.216,0.78,1.56,1.56,0.21885521885521886,1.3363383708703669,5.638944737621435,1.9001704788935685,2,one_per_bay,True,24+15+15+12,4,66,24,15,12,22x12E,10.1978042718741,1.2643199999999999,12.655024044545685,0.878617719694628,10.759034035426016,12.910840842511218,13.124859083471915,81.95633989277579,84.2024182917534,6.776341860372264,0.008174716563992847,0.5406169760006746,-424.44400118334835,96.14794700939343,0.2712411842930985,1452.7083568130333,1867.1668630174129,15.0,False,"SOC floor violated (min 0.008, unmet 96 Wh); did not refill (end SOC 0.541)"
5.0,0.36,1.3,0.34,0.4,0.0,0.144,0.845,1.69,1.69,0.21885521885521889,1.0876139760041448,5.258422176479886,1.0523964058825919,2,one_per_bay,True,26+17+17+13,4,73,26,17,13,16x12E,10.27463423991151,1.44252,17.330782242187283,0.7641790191170302,10.11045528958091,12.132546347497092,12.333663088020742,69.7326678439011,107.01674823610911,2.1887026958339053,0.07473221173565674,0.5405527794333097,-424.5060150674228,0.0,0.23074630104778865,1606.7834855659296,1926.424832175711,14.0,False,"SOC floor violated (min 0.075, unmet 0 Wh); did not refill (end SOC 0.541)"
5.0,0.36,1.3,0.34,0.4,0.5,0.144,1.6724999999999999,1.69,1.69,0.21885521885521889,0.8821734817731927,5.403137253836062,1.0923782653514122,2,one_per_bay,True,26+21+21+13,4,81,26,21,13,19x10E,10.705854129420493,1.62126,15.420105350159753,0.6098131195446135,9.734928725810974,11.681914470973169,11.875561253287984,106.9020398946787,110.67832454645128,2.8858354534151593,0.0023376993307861263,0.5889921578361661,-426.11992824233863,426.11992824233863,0.3550941017801854,1782.8693469978132,2479.0061385629565,15.166666666666666,False,"SOC floor violated (min 0.002, unmet 426 Wh); did not refill (end SOC 0.589)"
4.0,0.36,1.6,0.28,0.4,0.5,0.144,1.3900000000000001,1.56,1.56,0.2006172839506173,1.1316015356997922,5.7141208040499345,1.8800659599510494,2,one_per_bay,True,24+15+15+12,4,66,24,15,12,22x12E,10.238337931744809,1.30824,12.230171833914266,0.7529028772037106,10.597891462079453,12.717469754495342,12.928282554337631,82.41647021816408,84.55258673517814,6.724949232755914,0.008978938379045065,0.5382371058518434,-426.7429557471193,103.86365161758458,0.23473896126824317,1452.7083568130333,1877.2203338890656,15.0,False,"SOC floor violated (min 0.009, unmet 104 Wh); did not refill (end SOC 0.538)"
4.0,0.3,1.3,0.28,0.4,0.5,0.12,1.4224999999999999,1.69,1.69,0.2006172839506173,1.4213172769119593,5.470363599400577,1.6168085100393057,2,one_per_bay,True,26+13+13+13,4,65,26,13,13,22x12E,9.631824958399319,1.09605,14.597874184571872,0.9912487236065757,11.23020170794057,13.476242049528683,13.699632737508054,79.63799004584298,82.08848806948647,7.237968285096161,0.005832690204955547,0.5378521979933943,-427.11477673838107,62.12873076487989,0.40682080366710355,1430.6976241340465,1813.7746596503093,14.833333333333334,False,"SOC floor violated (min 0.006, unmet 62 Wh); did not refill (end SOC 0.538)"
4.0,0.3,1.6,0.34,0.6,0.5,0.18,1.3900000000000001,1.56,1.56,0.21885521885521886,1.6968050365992813,5.477841873047922,1.7645175886058564,2,one_per_bay,True,24+15+15+12,4,66,24,15,12,22x12E,9.943112895074101,1.1268,14.199503017394392,1.1383950500000848,11.253463724756399,13.504156469707679,13.728009884722184,81.69223793251524,84.23631930073813,6.998594061270998,0.0049065230537135105,0.5370361292527054,-427.90309914188657,89.24673244153193,0.26559101612897723,1452.7083568130333,1863.7224494750594,14.916666666666668,False,"SOC floor violated (min 0.005, unmet 89 Wh); did not refill (end SOC 0.537)"
4.5,0.36,1.3,0.34,0.4,0.0,0.144,0.78,1.56,1.56,0.21885521885521886,1.108740898614948,5.379722219303222,1.2726487513479765,2,one_per_bay,True,24+16+16+12,4,68,24,16,12,19x12E,9.999211934888299,1.30248,15.547263681592039,0.7544313849698991,10.496531280079136,12.595837536094963,12.804634083568896,86.7541384181423,89.10192341273194,4.285675658085145,0.006749540695014887,0.5336864404825064,-431.13889849389886,161.83038762007382,0.4129702672748187,1496.7298221710023,1983.229386986726,15.0,False,"SOC floor violated (min 0.007, unmet 162 Wh); did not refill (end SOC 0.534)"
4.0,0.3,1.3,0.34,0.4,0.5,0.12,1.4224999999999999,1.69,1.69,0.21885521885521889,1.5505279384494104,5.470424202288468,1.6595293365457242,2,one_per_bay,True,26+13+13+13,4,65,26,13,13,22x12E,9.670842831575525,1.09605,14.597874184571872,1.0628241817398631,11.25292511323751,13.50351013588501,13.727352836862416,80.37255189580425,82.87341188551464,7.204901424826475,0.008216767057642571,0.533099601091916,-431.7057853452091,75.27479088412205,0.2760001676624088,1430.6976241340465,1831.6573904058366,14.916666666666668,False,"SOC floor violated (min 0.008, unmet 75 Wh); did not refill (end SOC 0.533)"
5.0,0.36,1.3,0.34,0.6,0.0,0.216,0.65,1.3,1.3,0.21885521885521889,0.7677275124735141,5.318123912820427,0.7470005841793819,2,one_per_bay,True,23+23+20+10,4,76,20,23,10,19x10E,10.43244069068545,1.5335999999999999,16.301512780386023,0.5038799953367245,9.88064649337075,11.856775792044898,12.053321185906734,102.59803793852919,106.41103975056939,2.9847411837648736,0.004383718731471056,0.532588320820067,-432.19968208781523,377.26310869670755,0.09827502101680943,1672.8156836028852,2375.3989262290575,15.333333333333332,False,"SOC floor violated (min 0.004, unmet 377 Wh); did not refill (end SOC 0.533)"
4.0,0.36,1.6,0.34,0.4,0.5,0.144,1.3900000000000001,1.56,1.56,0.21885521885521886,1.2344744025815912,5.714174704028481,1.9335512630363514,2,one_per_bay,True,24+15+15+12,4,66,24,15,12,22x12E,10.275217224674101,1.30824,12.230171833914266,0.8063517229999426,10.61696152097067,12.740353825164803,12.951545965796003,83.0628665275328,85.25014107049897,6.698998855505463,0.007459925290921192,0.5303765627771198,-434.3362403573023,112.18996653482952,0.1766094333248406,1452.7083568130333,1893.1942675474886,15.0,False,"SOC floor violated (min 0.007, unmet 112 Wh); did not refill (end SOC 0.530)"
4.5,0.3,1.3,0.34,0.4,0.0,0.12,0.65,1.3,1.3,0.21885521885521889,1.3865096711100613,5.1670139277409515,1.0190393834297675,2,one_per_bay,True,20+13+13+10,4,56,20,13,10,22x12E,9.468150590994329,1.062,19.06779661016949,0.9284655492324118,11.311462739887787,13.573755287865344,13.798762416787156,69.2601488498502,71.48628577829236,7.444126185965075,0.07851633532221866,0.5301654737124684,-434.54015239375553,0.0,0.22317575983175786,1232.6010300231792,1562.4643161631002,14.916666666666668,False,"SOC floor violated (min 0.079, unmet 0 Wh); did not refill (end SOC 0.530)"
5.5,0.3,1.3,0.34,0.6,0.0,0.18,0.65,1.3,1.3,0.21885521885521889,1.016225189211232,5.067041060373667,0.555505176171786,2,one_per_bay,True,21+21+20+10,4,72,20,21,10,16x12E,10.10663178056108,1.3980000000000001,21.63805436337625,0.689979437878946,10.185868969404202,12.223042763285042,12.425659629474902,95.6991286683606,98.31962505725016,2.2713785785318477,0.007293077809178648,0.5295016248963215,-435.18143035015345,286.50077235696256,0.325823847070513,1584.772752886944,2199.708431443443,15.25,False,"SOC floor violated (min 0.007, unmet 287 Wh); did not refill (end SOC 0.530)"
5.0,0.36,1.6,0.28,0.6,0.5,0.216,1.6400000000000001,1.56,1.56,0.2006172839506173,0.8773783494671272,5.417663822090968,1.1605984706388164,2,one_per_bay,True,24+24+24+12,4,84,24,24,12,19x10E,10.991652390143622,1.67616,14.91504390988927,0.6043010143123778,9.70112735025512,11.641352820306144,11.834327227116367,107.76968318948869,111.52639600870086,2.8058839702928826,0.007403312948565234,0.6448675708790482,-435.28890073972724,435.28890073972724,0.2943297805643468,1848.9015450347686,2499.969752519037,15.083333333333332,False,"SOC floor violated (min 0.007, unmet 435 Wh); did not refill (end SOC 0.645)"
4.0,0.3,1.3,0.28,0.4,0.5,0.12,1.3900000000000001,1.56,1.56,0.2006172839506173,1.3239737967687566,5.462915888335904,1.5472500517144572,2,one_per_bay,True,24+14+14+12,4,64,24,14,12,22x12E,9.589934627683268,1.0902,14.67620620069712,0.9095989264491812,11.235778881624185,13.482934657949022,13.706436286826746,78.66235901482737,81.07768841950129,7.276982335745723,0.006588908593326433,0.5281552714785531,-436.4820077517177,50.87077012159793,0.3585453276608158,1408.6868914550619,1790.0371358986986,14.833333333333334,False,"SOC floor violated (min 0.007, unmet 51 Wh); did not refill (end SOC 0.528)"
5.0,0.36,1.6,0.34,0.4,0.5,0.144,1.5750000000000002,1.3,1.3,0.21885521885521889,0.8542050502947848,5.386208069050946,0.9645624111547659,2,one_per_bay,True,24+24+20+10,4,78,20,24,10,19x10E,10.794548616646988,1.6002,15.62304711911011,0.5572326991515001,9.83928543576544,11.807142522918527,12.002865164406513,106.79871869452927,110.71999621613043,2.8659166570182015,0.007749381728208729,0.5364692954706001,-439.0698134073463,439.0698134073463,0.2644433578775569,1716.8371489608573,2477.153653855918,15.333333333333332,False,"SOC floor violated (min 0.008, unmet 439 Wh); did not refill (end SOC 0.536)"
4.0,0.3,1.3,0.34,0.4,0.5,0.12,1.3900000000000001,1.56,1.56,0.21885521885521886,1.4443350510204618,5.462973425663112,1.5931146163485983,2,one_per_bay,True,24+14+14+12,4,64,24,14,12,22x12E,9.626813920612562,1.0902,14.67620620069712,0.9741716810875545,11.257362447378979,13.508834936854774,13.732765905091524,79.34254236530829,81.8046606130481,7.245509993013985,0.008631368766986818,0.5235870907222018,-440.89487036235306,62.881559792130226,0.2431028697528248,1408.6868914550619,1806.5852575177084,14.916666666666668,False,"SOC floor violated (min 0.009, unmet 63 Wh); did not refill (end SOC 0.524)"
4.0,0.3,1.6,0.28,0.6,0.5,0.18,1.4224999999999999,1.69,1.69,0.2006172839506173,1.6744735087925489,5.482204633601297,1.783969355558462,2,one_per_bay,True,26+13+13+13,4,65,26,13,13,22x12E,9.928632085860858,1.1307,14.150526222693905,1.161942757124706,11.22585587334911,13.47102704801893,13.69433128884406,81.73963681182731,84.26229864475383,7.006812103064465,0.00952900699822399,0.5218106319391541,-442.61092954677713,97.02818356326507,0.14861466795714287,1430.6976241340465,1864.4552399802014,15.0,False,"SOC floor violated (min 0.010, unmet 97 Wh); did not refill (end SOC 0.522)"
4.5,0.36,1.6,0.34,0.4,0.0,0.144,0.34912303194307287,0.6982460638861457,0.0,0.15516579195441474,0.5,5.2905711962072255,-0.143166181260296,2,one_per_bay,True,20+20+10,3,50,10,20,0,22x12E,9.621759363032133,1.2094105748997037,16.743693515065658,0.30480647608406547,10.68535152261652,12.822421827139824,13.03497437873388,64.44489951458218,66.08256423471303,7.302636716743142,0.13686606771785603,0.5196411998505427,-444.70660094437574,0.0,0.20924726190822676,1100.5366339492666,1441.2800987711328,15.083333333333332,False,"SOC floor violated (min 0.137, unmet 0 Wh); did not refill (end SOC 0.520)"
5.0,0.36,1.6,0.34,0.4,0.0,0.144,0.845,1.69,1.69,0.21885521885521889,1.3386018166204858,5.25877445779516,1.21074325826969,2,one_per_bay,True,26+17+17+13,4,73,26,17,13,17x12E,10.518950582897448,1.44252,17.330782242187283,0.9405280235286525,10.229955277010772,12.275946332412927,12.47944016153211,98.99031001581096,101.61432228040354,2.651029766812389,0.004749515180048248,0.5173346470211391,-446.93473097757965,331.46195776643685,0.14408588474958486,1606.7834855659294,2278.5088800059316,15.333333333333332,False,"SOC floor violated (min 0.005, unmet 331 Wh); did not refill (end SOC 0.517)"
4.0,0.36,1.6,0.34,0.6,0.0,0.216,0.65,1.3,1.3,0.21885521885521889,1.146374401701095,5.618492618738621,1.7105701975382626,2,one_per_bay,True,20+17+17+10,4,64,20,17,10,22x12E,10.097482661148176,1.2456,12.845215157353886,0.7240844344705331,10.786131420765324,12.94335770491839,13.15791496589946,80.02148923773018,82.21448048614151,6.860479217336025,0.005288138853014234,0.5165114095654775,-447.72997835974877,69.71296469986686,0.20895121366170716,1408.6868914550619,1820.2526629412334,15.0,False,"SOC floor violated (min 0.005, unmet 70 Wh); did not refill (end SOC 0.517)"
5.0,0.36,1.6,0.34,0.6,0.5,0.216,1.6400000000000001,1.56,1.56,0.21885521885521886,0.9571400176005025,5.4177140342064405,1.2297262051040785,2,one_per_bay,True,24+24+24+12,4,84,24,24,12,19x10E,11.028531683072915,1.67616,14.91504390988927,0.6472005604642646,9.717388377628533,11.660866053154239,11.85416392361958,108.70693444368058,112.52894131749873,2.7932447459719043,0.0069517385293651115,0.6354802620815158,-448.88085051323134,448.88085051323134,0.21078433816452363,1848.9015450347686,2522.7274873670694,15.166666666666666,False,"SOC floor violated (min 0.007, unmet 449 Wh); did not refill (end SOC 0.635)"
5.0,0.36,1.6,0.28,0.6,0.5,0.216,1.6724999999999999,1.69,1.69,0.2006172839506173,0.9456544206820986,5.421044989952287,1.2572666821419278,2,one_per_bay,True,26+22+22+13,4,83,26,22,13,19x10E,11.01547318435967,1.68084,14.873515623140811,0.6614544506901907,9.69810408126622,11.637724897519464,11.83063916559336,108.58821161995128,112.37670055236977,2.7962828101364536,0.0065533060977349,0.6171387444913774,-449.8068685664702,449.8068685664702,0.10932587675119146,1826.890812355782,2519.582064448535,15.166666666666666,False,"SOC floor violated (min 0.007, unmet 450 Wh); did not refill (end SOC 0.617)"
4.0,0.36,1.3,0.28,0.4,0.0,0.144,0.845,1.69,1.69,0.2006172839506173,1.1762923337598783,5.567337564746885,1.6802332571017127,2,one_per_bay,True,26+13+12+12,4,63,26,12,13,22x12E,9.795521728922395,1.1905199999999998,13.439505426200318,0.8091390919319312,10.866605170192688,13.039926204231225,13.25608424556481,78.77792639821938,80.99055617027318,7.0909261354014665,0.009152776907025182,0.5118637572527368,-452.21961049385624,57.42394142405767,0.20062993913760724,1386.6761587760768,1790.5839015057525,15.0,False,"SOC floor violated (min 0.009, unmet 57 Wh); did not refill (end SOC 0.512)"
4.0,0.3,1.6,0.34,0.6,0.5,0.18,1.4224999999999999,1.69,1.69,0.21885521885521889,1.8266983732282354,5.482263428370877,1.8202190343257878,2,one_per_bay,True,26+13+13+13,4,65,26,13,13,22x12E,9.967649959037065,1.1307,14.150526222693905,1.2458435815951392,11.247892118362756,13.497470542035307,13.721213126895751,82.4899908777643,85.06357123588575,6.975546388128296,0.006432281560309495,0.5111471479445678,-452.9118550855475,105.47263387083933,0.41264848535422866,1430.6976241340465,1882.9220042894328,15.0,False,"SOC floor violated (min 0.006, unmet 105 Wh); did not refill (end SOC 0.511)"
4.0,0.3,1.3,0.34,0.6,0.5,0.18,1.3250000000000002,1.3,1.3,0.21885521885521889,1.1635375609202212,5.468586439125067,1.4612058631581926,2,one_per_bay,True,20+16+16+10,4,62,20,16,10,22x12E,9.610520354071252,1.119,14.298480786416443,0.7487001514916676,11.102144035354932,13.322572842425918,13.543416212705754,76.49716847642308,78.75311677828923,7.267839731404275,0.006962657321313608,0.5103745408245048,-453.6581935635283,23.821963390058798,0.3124897658551878,1364.665426097091,1736.4235738427753,14.916666666666668,False,"SOC floor violated (min 0.007, unmet 24 Wh); did not refill (end SOC 0.510)"
4.0,0.3,1.6,0.28,0.4,0.5,0.12,1.4224999999999999,1.69,1.69,0.2006172839506173,1.74931357158395,5.470726065876165,1.73582721292628,2,one_per_bay,True,26+13+13+13,4,65,26,13,13,22x12E,9.867558342360857,1.09605,14.597874184571872,1.2199984290542472,11.366797353539289,13.640156824247146,13.866264666916953,82.82195186625046,85.49735198271516,7.050608913974459,0.009075742559603524,0.5099221149667713,-454.0952369420989,113.07759144703007,0.34035169421599315,1430.6976241340465,1891.8054458381973,15.0,False,"SOC floor violated (min 0.009, unmet 113 Wh); did not refill (end SOC 0.510)"
4.5,0.3,1.6,0.34,0.4,0.0,0.12,0.78,1.56,1.56,0.21885521885521886,1.9650300233914155,5.186475549060895,1.2855090793016157,2,one_per_bay,True,24+12+12+12,4,60,24,12,12,22x12E,9.8276487173241,1.0854,18.65671641791045,1.3699837994316524,11.399304451361369,13.679165341633642,13.905919814091192,73.7617160011575,76.14508956713732,7.1440668838463255,0.01919459705444151,0.5070409312132634,-456.8784604479875,0.0,0.3136767990395365,1320.6439607391208,1672.1287750492613,14.833333333333334,False,"SOC floor violated (min 0.019, unmet 0 Wh); did not refill (end SOC 0.507)"
4.0,0.36,1.6,0.34,0.4,0.5,0.144,1.3250000000000002,1.3,1.3,0.21885521885521889,1.0478792263759413,5.696573880156872,1.7316243004953409,2,one_per_bay,True,20+17+17+10,4,64,20,17,10,22x12E,10.183144535148175,1.2942,12.362849636841291,0.6571095558314989,10.626462293311246,12.751754751973495,12.963135881558296,81.04788761182941,83.17120456576428,6.774666904905995,0.003950017210621258,0.5065165447937318,-457.3850177292551,83.99694935012319,0.12922420702647602,1408.6868914550619,1844.259155269325,15.0,False,"SOC floor violated (min 0.004, unmet 84 Wh); did not refill (end SOC 0.507)"
4.0,0.3,1.3,0.34,0.4,0.5,0.12,1.3250000000000002,1.3,1.3,0.21885521885521889,1.2260186948598513,5.448075559772199,1.420661284088684,2,one_per_bay,True,20+16+16+10,4,62,20,16,10,22x12E,9.538756098686637,1.0785,14.83541956420955,0.7935481277557686,11.266376143459173,13.519651372151007,13.743761640441392,77.31684756483328,79.7026004820019,7.327688538904879,0.007629826482304969,0.502403745142273,-461.35798219256424,36.66692154678577,0.19764461231375208,1364.665426097091,1757.0761178105104,15.0,False,"SOC floor violated (min 0.008, unmet 37 Wh); did not refill (end SOC 0.502)"
4.0,0.36,1.3,0.34,0.4,0.0,0.144,0.845,1.69,1.69,0.21885521885521889,1.283228000465322,5.567397156886695,1.7317529198735542,2,one_per_bay,True,26+13+12+12,4,63,26,12,13,22x12E,9.834539602098602,1.1905199999999998,13.439505426200318,0.8675648934682632,10.888225787146848,13.065870944576217,13.282459062289687,79.46173722645794,81.71849490457836,7.060512498764383,0.005422363461328934,0.5015407533550241,-462.1916322590467,64.22219214834283,0.1399683779455086,1386.6761587760768,1807.392512538078,15.0,False,"SOC floor violated (min 0.005, unmet 64 Wh); did not refill (end SOC 0.502)"
5.0,0.3,1.6,0.34,0.4,0.0,0.12,0.30240916561737635,0.6048183312347527,0.0,0.134404073543395,0.5,5.034274420256342,-0.6649325007994482,2,one_per_bay,True,18+18+8,3,44,8,18,0,22x12E,9.344328043253272,1.1044336498111278,22.636036129717088,0.3155695297440107,11.019266139785962,13.223119367743154,13.442314134499124,59.74650744698139,61.46499879071311,7.5979850437038685,0.19262979672347344,0.49990335475554304,-463.7733593061454,0.0,0.30055487570943795,968.4722378753552,1328.8097703732353,15.333333333333332,False,"SOC floor violated (min 0.193, unmet 0 Wh); did not refill (end SOC 0.500)"
4.0,0.3,1.6,0.34,0.4,0.5,0.12,1.4224999999999999,1.69,1.69,0.21885521885521889,1.908342078091582,5.470785223829883,1.7705263032284058,2,one_per_bay,True,26+13+13+13,4,65,26,13,13,22x12E,9.906576215537063,1.09605,14.597874184571872,1.3080913006029085,11.389248231535209,13.66709787784225,13.893652312408774,83.60287700487902,86.33377507546224,7.01855747528326,0.006150111755775746,0.499527015234195,-464.1369032837676,121.9486392792714,0.2249562133600378,1430.6976241340465,1910.8195559131254,15.083333333333332,False,"SOC floor violated (min 0.006, unmet 122 Wh); did not refill (end SOC 0.500)"
5.0,0.36,1.6,0.34,0.6,0.5,0.216,1.6724999999999999,1.69,1.69,0.21885521885521889,1.0316230043804713,5.421097993981872,1.3214015399680807,2,one_per_bay,True,26+22+22+13,4,83,26,22,13,19x10E,11.054491057535877,1.68084,14.873515623140811,0.7092163334699187,9.715264710640538,11.658317652768645,11.851573279341865,109.59961795139688,113.45808599001835,2.782907174395925,0.0054839249561328025,0.606168647909182,-464.34016875564686,464.34016875564686,0.3560346396100904,1826.890812355782,2544.4739651746722,15.166666666666666,False,"SOC floor violated (min 0.005, unmet 464 Wh); did not refill (end SOC 0.606)"
5.0,0.36,1.6,0.34,0.6,0.0,0.216,0.78,1.56,1.56,0.21885521885521886,1.107032515103985,5.331335802944689,1.1978100764255228,2,one_per_bay,True,24+22+22+12,4,80,24,22,12,19x10E,10.776995871072915,1.55232,16.104926819212533,0.7571196503371538,9.981749829246732,11.978099795096078,12.176656332154247,108.85708870540479,113.13795448715265,2.864935235194278,0.008285097433882754,0.554130236157291,-464.865469166383,464.865469166383,0.3158948718290245,1760.8586143188277,2529.6709657048564,15.333333333333332,False,"SOC floor violated (min 0.008, unmet 465 Wh); did not refill (end SOC 0.554)"
4.0,0.3,1.6,0.28,0.4,0.5,0.12,1.3900000000000001,1.56,1.56,0.2006172839506173,1.6295062114077004,5.463280002651291,1.6770741534295135,2,one_per_bay,True,24+14+14+12,4,64,24,14,12,22x12E,9.825722808144809,1.0902,14.67620620069712,1.1195063710143767,11.373067441702835,13.647680930043402,13.873913497036506,81.81239042704159,84.45051121422732,7.087934430552664,0.007239395446669119,0.49800346603932466,-465.60865180601235,98.65229984726736,0.2903649962767573,1408.6868914550619,1867.0206139347245,15.083333333333332,False,"SOC floor violated (min 0.007, unmet 99 Wh); did not refill (end SOC 0.498)"
4.0,0.36,1.3,0.28,0.4,0.0,0.144,0.78,1.56,1.56,0.2006172839506173,1.1097599619408807,5.549898657346846,1.5924665703136336,2,one_per_bay,True,24+13+13+12,4,62,24,13,12,22x12E,9.739119071006346,1.17648,13.599891200870394,0.7529091811813379,10.899736843654736,13.079684212385683,13.2965013075387,77.78744556940975,79.98654542650877,7.143154391560543,0.005676762303111362,0.4978647880846722,-465.7426147102066,41.897400950406514,0.17398253360484617,1364.665426097091,1766.690592379739,15.0,False,"SOC floor violated (min 0.006, unmet 42 Wh); did not refill (end SOC 0.498)"
5.0,0.36,1.6,0.28,0.4,0.5,0.144,1.6724999999999999,1.69,1.69,0.2006172839506173,0.9952726461030891,5.403398209018021,1.2263522227191437,2,one_per_bay,True,26+21+21+13,4,81,26,21,13,19x10E,10.893853484109671,1.62126,15.420105350159753,0.6999944681755393,9.820031487275669,11.784037784730803,11.979377427505916,109.43805400230227,113.44316378250214,2.828310693180853,0.0039905256571593495,0.5665580307906114,-466.3602329134176,466.3602329134176,0.1021240052130435,1782.8693469978132,2541.2242474836444,15.333333333333332,False,"SOC floor violated (min 0.004, unmet 466 Wh); did not refill (end SOC 0.567)"
5.0,0.36,1.6,0.34,0.4,0.5,0.144,1.6400000000000001,1.56,1.56,0.21885521885521886,1.009723409394065,5.397702888628364,1.1989424209762514,2,one_per_bay,True,24+22+22+12,4,80,24,22,12,19x10E,10.886763777072915,1.6142400000000001,15.487164238279313,0.686662336240601,9.838158084203613,11.805789701044334,12.00148991730368,109.24413737227368,113.27519699192256,2.8313967701656315,0.004253242716329068,0.5489154117659307,-466.97341965398715,466.97341965398715,0.29487174731082294,1760.8586143188277,2536.7951469715167,15.333333333333332,False,"SOC floor violated (min 0.004, unmet 467 Wh); did not refill (end SOC 0.549)"
5.0,0.36,1.6,0.34,0.6,0.0,0.216,0.65,1.3,1.3,0.21885521885521889,0.944895399967402,5.318448061674057,0.9851336258320238,2,one_per_bay,True,23+23+20+10,4,76,20,23,10,19x10E,10.660484299146988,1.5335999999999999,16.301512780386023,0.6201599942605839,9.988053656865219,11.985664388238263,12.184346320763511,106.25630622384065,110.41832000269258,2.907368992191329,0.0008827074278203121,0.4940985308355648,-469.38081921284436,430.47204320801507,0.3694816799185538,1672.8156836028852,2465.5284664924166,15.5,False,"SOC floor violated (min 0.001, unmet 430 Wh); did not refill (end SOC 0.494)"
5.0,0.36,1.3,0.28,0.6,0.5,0.216,1.5750000000000002,1.3,1.3,0.20061728395061726,0.600200554515594,5.410292638894359,0.6036063425546849,2,one_per_bay,True,26+26+20,3,72,20,26,0,19x10E,10.497526785942291,1.6668,14.998800095992321,0.3974864184312791,9.507146782458,11.408576138949599,11.59769189267221,99.30952706663577,102.47984458287186,2.966819790881283,0.008146527719894749,0.49394021996946125,-469.5337475095004,342.9239209950132,0.22103729840127545,1584.7727528869439,2290.640541613623,15.416666666666668,False,"SOC floor violated (min 0.008, unmet 343 Wh); did not refill (end SOC 0.494)"
4.0,0.36,1.3,0.34,0.4,0.0,0.144,0.78,1.56,1.56,0.21885521885521886,1.2106472312082335,5.549955314977089,1.6470835343968786,2,one_per_bay,True,24+13+13+12,4,62,24,13,12,22x12E,9.775998363935638,1.17648,13.599891200870394,0.8063584744992068,10.920354456127004,13.104425347352405,13.321652567163415,78.42583409701018,80.66514980705978,7.11404835748253,0.0069487941026898535,0.49301909605682626,-470.4235532091058,52.84240935679982,0.11743216855892886,1364.665426097091,1782.373859718678,15.0,False,"SOC floor violated (min 0.007, unmet 53 Wh); did not refill (end SOC 0.493)"
4.0,0.3,1.3,0.28,1.0,1.0,0.3,2.0,0.7893522173763262,0.0,0.17541160386140583,0.5,5.659640974591485,0.36101982084256434,2,one_per_bay,True,24+24+12,3,60,12,24,0,22x12E,9.471593719681966,1.2,13.333333333333334,0.2942307692307692,10.643129750754142,12.77175570090497,12.983468378834301,74.62927227886266,76.5346555669741,7.33406467633211,0.00871017520195503,0.4930003132836691,-470.4416973679756,2.5753933741459027,0.24874913240007382,1320.6439607391208,1688.2509842857128,15.0,False,"SOC floor violated (min 0.009, unmet 3 Wh); did not refill (end SOC 0.493)"
4.0,0.3,1.3,0.34,1.0,1.0,0.3,2.0,0.7893522173763262,0.0,0.17541160386140583,0.5,5.659640974591485,0.36101982084256434,2,one_per_bay,True,24+24+12,3,60,12,24,0,22x12E,9.471593719681966,1.2,13.333333333333334,0.2942307692307692,10.643129750754142,12.77175570090497,12.983468378834301,74.62927227886266,76.5346555669741,7.33406467633211,0.00871017520195503,0.4930003132836691,-470.4416973679756,2.5753933741459027,0.24874913240007382,1320.6439607391208,1688.2509842857128,15.0,False,"SOC floor violated (min 0.009, unmet 3 Wh); did not refill (end SOC 0.493)"
5.0,0.36,1.3,0.28,1.0,1.0,0.36,2.5,1.56,1.56,0.2006172839506173,0.6278577960676728,5.606537254056505,0.9099584295829082,2,one_per_bay,True,26+26+24+12,4,88,24,26,12,19x10E,11.018263779066698,1.7999999999999998,13.888888888888891,0.4274940898345154,9.372787684031396,11.247345220837675,11.433788309169728,111.00436669834305,114.43191862916976,2.7701880831557966,0.008330175269847459,0.6980054455871827,-473.9234657801126,473.9234657801126,0.17172392205774756,1936.9444757507104,2574.9527681376617,15.0,False,"SOC floor violated (min 0.008, unmet 474 Wh); did not refill (end SOC 0.698)"
5.0,0.36,1.6,0.34,0.4,0.0,0.144,0.65,1.3,1.3,0.21885521885521889,1.0894823718399984,5.228499199266063,0.9463239584832323,2,one_per_bay,True,20+20+20+10,4,70,20,20,10,17x12E,10.343293990508558,1.4003999999999999,17.852042273636105,0.7237414820633044,10.295604065079925,12.35472487809591,12.559524590075721,95.64147205872273,98.19631998031717,2.7186158142456285,0.00447940124876557,0.48914477992745964,-474.16614259007395,289.2595599056101,0.40963971217396156,1540.751287528973,2197.5373447298357,15.333333333333332,False,"SOC floor violated (min 0.004, unmet 289 Wh); did not refill (end SOC 0.489)"
4.0,0.3,1.6,0.34,0.4,0.5,0.12,1.3900000000000001,1.56,1.56,0.21885521885521886,1.7776431397174914,5.463336161836491,1.7143266453329427,2,one_per_bay,True,24+14+14+12,4,64,24,14,12,22x12E,9.862602101074101,1.0902,14.67620620069712,1.1989805305692978,11.394390954694657,13.673269145633588,13.899925879027377,82.53663410685868,85.22637629524789,7.057430704419766,0.004459970170554842,0.4882947387760137,-474.98728234237075,107.04261427490799,0.20309425320382007,1408.6868914550619,1884.862753077751,15.083333333333332,False,"SOC floor violated (min 0.004, unmet 107 Wh); did not refill (end SOC 0.488)"
5.0,0.3,1.3,0.34,1.0,1.0,0.3,2.5,1.56,1.56,0.21885521885521886,0.9863075196408534,5.384055855037046,1.024632712761539,2,one_per_bay,True,26+26+24+12,4,88,24,26,12,19x10E,10.507509225842146,1.5,16.666666666666668,0.6777773882559164,10.02657737790432,12.031892853485184,12.231341098207691,111.72902539507946,116.21493748581373,2.9271438819228766,0.0008400258958204728,0.6740831661108628,-477.93689706742686,477.93689706742686,0.38333777550534504,1936.9444757507104,2601.869818298508,15.0,False,"SOC floor violated (min 0.001, unmet 478 Wh); did not refill (end SOC 0.674)"
4.5,0.36,1.6,0.34,0.6,0.0,0.216,0.65,1.3,1.3,0.21885521885521889,1.0359293649662276,5.450384481542116,1.315799262146016,2,one_per_bay,True,20+20+20+10,4,70,20,20,10,18x12E,10.333187943582244,1.3896,14.572538860103627,0.6686269092996528,10.330484985311932,12.396581982374318,12.602075544114856,95.8909457973251,98.43015976923579,3.380025264522412,0.0017659933350357097,0.48442111587831016,-478.72920206155237,290.3185204655299,0.370666414020859,1540.751287528973,2203.1776190613664,15.416666666666668,False,"SOC floor violated (min 0.002, unmet 290 Wh); did not refill (end SOC 0.484)"
4.0,0.36,1.6,0.28,0.4,0.0,0.144,0.845,1.69,1.69,0.2006172839506173,1.4477444107813888,5.567692722929303,1.8237631670063488,2,one_per_bay,True,26+13+12+12,4,63,26,12,13,22x12E,10.030370219660858,1.1905199999999998,13.439505426200318,0.9958634977623769,10.996097524658076,13.19531702958969,13.414050927252879,81.63596663431453,84.02848381275399,6.91967840248092,0.008015751265876404,0.4831215944093638,-479.98453980055456,99.4655372009527,0.18877343490423115,1386.6761587760768,1860.3971009664394,15.166666666666666,False,"SOC floor violated (min 0.008, unmet 99 Wh); did not refill (end SOC 0.483)"
5.0,0.36,1.6,0.34,0.6,0.0,0.216,0.845,1.69,1.69,0.21885521885521889,1.1852560696483188,5.337741884410057,1.2790463019834863,2,one_per_bay,True,26+20+20+13,4,79,26,20,13,19x10E,10.811251657035877,1.56168,16.00840120895446,0.8238098493832277,9.967595684297684,11.96111482115722,12.159389804574575,109.7129952117978,114.01198348614564,2.8520224240249594,0.0072788749545986565,0.5267562323427111,-480.09900873722785,480.09900873722785,0.1117919790842592,1738.847881639842,2549.6532854151023,15.5,False,"SOC floor violated (min 0.007, unmet 480 Wh); did not refill (end SOC 0.527)"
5.0,0.36,1.6,0.34,0.4,0.5,0.144,1.6724999999999999,1.69,1.69,0.21885521885521889,1.0857519775670064,5.40345180373154,1.2872942205796658,2,one_per_bay,True,26+21+21+13,4,81,26,21,13,19x10E,10.932871357285878,1.62126,15.420105350159753,0.7505392240549089,9.837601682902932,11.805122019483518,12.00081116783219,110.49388366463829,114.58094725335599,2.814269256060967,0.0025326579708951098,0.554923379139052,-481.38194917902854,481.38194917902854,0.3150488352078966,1782.8693469978134,2567.274425720191,15.333333333333332,False,"SOC floor violated (min 0.003, unmet 481 Wh); did not refill (end SOC 0.555)"
4.0,0.3,1.6,0.34,0.6,0.5,0.18,1.3250000000000002,1.3,1.3,0.21885521885521889,1.4320462288248874,5.468949372171038,1.6182887562643877,2,one_per_bay,True,20+16+16+10,4,62,20,16,10,22x12E,9.846038767148174,1.119,14.298480786416443,0.9214771095282059,11.23735696118472,13.484828353421664,13.708361373389934,79.45719355293782,81.89830467365235,7.082254714002559,0.004101877161622576,0.47879276603469445,-484.16618801048514,65.62991819604035,0.2668124343315009,1364.665426097091,1808.7392194302174,15.083333333333332,False,"SOC floor violated (min 0.004, unmet 66 Wh); did not refill (end SOC 0.479)"
4.5,0.3,1.3,0.34,0.6,0.0,0.18,0.3521334814483306,0.7042669628966612,0.0,0.15650376935282084,0.5,5.2185687671771985,-0.29077549037365324,2,one_per_bay,True,18+18+10,3,46,10,18,0,22x12E,9.1917409951879,1.1222560177737997,18.044011062796155,0.3077861191592509,10.841799387153285,13.010159264583942,13.225823870351263,62.56344366439597,64.28709303573581,7.68061057540117,0.1542034646006768,0.4751647527913596,-487.6708488035466,0.0,0.30951135036451777,1012.4937032333257,1396.4609424971125,15.333333333333332,False,"SOC floor violated (min 0.154, unmet 0 Wh); did not refill (end SOC 0.475)"
5.0,0.36,1.3,0.34,1.0,1.0,0.36,2.5,1.56,1.56,0.21885521885521886,0.6849357775283703,5.606587345101714,1.00650466326716,2,one_per_bay,True,26+26+24+12,4,88,24,26,12,19x10E,11.05514307199599,1.7999999999999998,13.888888888888891,0.4578420488849938,9.388460435696876,11.26615252283625,11.452907372868417,111.86840735610896,115.35036525103777,2.7581694991081993,0.009227429938873124,0.6906395590827445,-487.9305871196954,487.9305871196954,0.09518670356874637,1936.9444757507104,2596.1793976009812,15.0,False,"SOC floor violated (min 0.009, unmet 488 Wh); did not refill (end SOC 0.691)"
5.0,0.36,1.3,0.28,1.0,1.0,0.36,2.5,1.69,1.69,0.2006172839506173,0.680179279073312,5.606558360345371,1.043100517028449,2,one_per_bay,True,26+24+24+13,4,87,26,24,13,19x10E,11.033788161782747,1.7999999999999998,13.888888888888891,0.47052328197985654,9.379388339476016,11.255266007371219,11.44184039565667,111.72399519826241,115.18828079544723,2.7636265010467804,0.009459304615536257,0.6724749326143433,-488.5852545657063,488.5852545657063,0.3316082905243907,1914.9337430717248,2592.2657646665243,15.083333333333332,False,"SOC floor violated (min 0.009, unmet 489 Wh); did not refill (end SOC 0.672)"
4.0,0.3,1.6,0.34,0.4,0.5,0.12,1.3250000000000002,1.3,1.3,0.21885521885521889,1.5089460859813555,5.448441772093915,1.5697436210735516,2,one_per_bay,True,20+16+16+10,4,62,20,16,10,22x12E,9.774653872148175,1.0785,14.83541956420955,0.9766746187763307,11.404836625127205,13.685803950152645,13.91266846837212,80.43395907909198,83.04241525538167,7.136099053495483,0.009293995342820417,0.4737775587832954,-489.0108782153366,85.3595298876006,0.1568006228445095,1364.665426097091,1833.4563807887685,15.166666666666666,False,"SOC floor violated (min 0.009, unmet 85 Wh); did not refill (end SOC 0.474)"
4.0,0.36,1.6,0.34,0.4,0.0,0.144,0.845,1.69,1.69,0.21885521885521889,1.5793575390342425,5.567750922499168,1.8656091932908474,2,one_per_bay,True,26+13+12+12,4,63,26,12,13,22x12E,10.069388092837064,1.1905199999999998,13.439505426200318,1.067772176576324,11.017464029386371,13.220956835263644,13.440115754517281,82.35856612690945,84.79128044197022,6.889663162840184,0.0052236134120971,0.4735528567760239,-489.2279403543609,107.87132332865912,0.12520704913621233,1386.6761587760768,1878.0945634955249,15.166666666666666,False,"SOC floor violated (min 0.005, unmet 108 Wh); did not refill (end SOC 0.474)"
4.0,0.4,1.3,0.28,0.4,0.0,0.16000000000000003,0.41415633173434313,0.8283126634686863,0.0,0.18406948061521985,0.5000000000000001,5.592159390043926,0.404950898223976,2,one_per_bay,True,19+19+18,3,56,18,19,0,22x12E,9.5124228831078,1.2193975196162425,13.121233840983514,0.2933914535544549,10.58086979471229,12.697043753654748,12.90751795922397,71.7078156685569,73.50418000975613,7.315257142018055,0.04034831416210487,0.4734331121476657,-489.3436136653549,0.0,0.31907225552429236,1232.601030023179,1617.005158087721,15.083333333333332,False,"SOC floor violated (min 0.040, unmet 0 Wh); did not refill (end SOC 0.473)"
4.0,0.4,1.3,0.34,0.4,0.0,0.16000000000000003,0.41415633173434313,0.8283126634686863,0.0,0.18406948061521985,0.5000000000000001,5.592159390043926,0.404950898223976,2,one_per_bay,True,19+19+18,3,56,18,19,0,22x12E,9.5124228831078,1.2193975196162425,13.121233840983514,0.2933914535544549,10.58086979471229,12.697043753654748,12.90751795922397,71.7078156685569,73.50418000975613,7.315257142018055,0.04034831416210487,0.4734331121476657,-489.3436136653549,0.0,0.31907225552429236,1232.601030023179,1617.005158087721,15.083333333333332,False,"SOC floor violated (min 0.040, unmet 0 Wh); did not refill (end SOC 0.473)"
5.0,0.3,1.6,0.34,0.4,0.5,0.12,1.42721258952334,0.7088503580933608,0.0,0.1575223016286094,0.5,5.1678626490900506,-0.3922312380524626,2,one_per_bay,True,26+26+10,3,62,10,26,0,18x12E,9.815697673289126,1.3068982661142012,19.129262505131685,0.3099628173489449,10.382170222161944,12.458604266594334,12.66512594883694,80.3552871032692,82.53238339147335,3.650627755050887,0.0039829268826032625,0.4730126624650196,-489.74976805879106,79.01398543542125,0.19930327817020316,1364.665426097091,1827.7579076909321,15.166666666666666,False,"SOC floor violated (min 0.004, unmet 79 Wh); did not refill (end SOC 0.473)"
4.0,0.36,1.6,0.28,0.4,0.0,0.144,0.78,1.56,1.56,0.2006172839506173,1.3658584146964685,5.550256045718753,1.7470631168327175,2,one_per_bay,True,24+13+13+12,4,62,24,13,12,22x12E,9.974099073344808,1.17648,13.599891200870394,0.9266574537616467,11.030444500942249,13.236533401130698,13.455950527364633,80.63667796197419,83.00600677553997,6.968496257761795,0.006545910913143137,0.47134995187378015,-491.3559464899284,85.79729422370275,0.15983466283131756,1364.665426097091,1836.2093422738778,15.166666666666666,False,"SOC floor violated (min 0.007, unmet 86 Wh); did not refill (end SOC 0.471)"
5.0,0.36,1.6,0.28,0.6,0.5,0.216,1.5750000000000002,1.3,1.3,0.20061728395061726,0.7387083747884232,5.410612619511103,0.9015173032432267,2,one_per_bay,True,26+26+20,3,72,20,26,0,19x10E,10.724010801711522,1.6668,14.998800095992321,0.48921405345388186,9.609157786550393,11.53098934386047,11.72213429607642,102.3583212808816,105.77027553155416,2.8954066160944265,0.0091159240192127,0.46667201659636065,-495.87483196791555,391.21886758926325,0.20929288048138162,1584.772752886944,2365.3169923509786,15.583333333333334,False,"SOC floor violated (min 0.009, unmet 391 Wh); did not refill (end SOC 0.467)"
6.0,0.3,1.6,0.34,0.4,0.0,0.12,0.3297497516853135,0.659499503370627,0.0,0.14655544515427185,0.5,4.912633504376537,-0.9175115249025538,2,one_per_bay,True,23+23+10,3,56,10,23,0,18x12E,9.782887791065102,1.3193549553033563,27.28606115836553,0.3207816355013365,10.315758326413839,12.378909991696606,12.584110611373552,72.06300400611066,73.96608867713796,3.704117506683624,0.034727294596149254,0.4636823985272011,-498.76280302272363,0.0,0.2420874776273199,1232.601030023179,1626.4812677966381,15.083333333333332,False,"SOC floor violated (min 0.035, unmet 0 Wh); did not refill (end SOC 0.464)"
4.0,0.36,1.6,0.34,0.4,0.0,0.144,0.78,1.56,1.56,0.21885521885521886,1.4900273614870565,5.550311371010838,1.7914248127009538,2,one_per_bay,True,24+13+13+12,4,62,24,13,12,22x12E,10.0109783662741,1.17648,13.599891200870394,0.9924411993836391,11.05081825363604,13.260981904363247,13.48080430440698,81.31017180758535,83.7173118844168,6.93978025131847,0.0039912234520362065,0.46250103704432066,-499.9039982151862,93.70313710279501,0.10055923709158184,1364.665426097091,1852.7071940607227,15.166666666666666,False,"SOC floor violated (min 0.004, unmet 94 Wh); did not refill (end SOC 0.463)"
4.5,0.3,1.6,0.34,0.4,0.0,0.12,0.65,1.3,1.3,0.21885521885521889,1.7064734413662292,5.166657170913181,1.1512707572022962,2,one_per_bay,True,20+13+13+10,4,56,20,13,10,22x12E,9.702959459648175,1.062,19.06779661016949,1.1427268298245068,11.45086512463559,13.741038149562707,13.968818264709045,71.98449663813223,74.39015143830257,7.2505389734526,0.03590201991246523,0.4610702232050278,-501.2861643839432,0.0,0.19295145655662083,1232.601030023179,1629.0783412833675,15.083333333333332,False,"SOC floor violated (min 0.036, unmet 0 Wh); did not refill (end SOC 0.461)"
4.0,0.3,1.3,0.28,1.0,1.0,0.3,2.0,1.3,1.3,0.20061728395061726,0.9417866941015091,5.659838848054308,1.452744130086851,2,one_per_bay,True,20+20+20,3,60,20,20,0,22x12E,9.597446732405016,1.2,13.333333333333334,0.6117171121593291,10.713606260712167,12.8563275128546,13.069442106480137,77.87384461614629,79.9322876511316,7.223873802019427,0.00631261920689675,0.45969972556961497,-502.610065099752,49.337261231708446,0.1876875395171898,1320.6439607391212,1767.1551842632182,15.166666666666666,False,"SOC floor violated (min 0.006, unmet 49 Wh); did not refill (end SOC 0.460)"
5.0,0.36,1.3,0.34,1.0,1.0,0.36,2.5,1.69,1.69,0.21885521885521889,0.7420137589890679,5.606611276548703,1.1322205944774717,2,one_per_bay,True,26+24+24+13,4,87,26,24,13,19x10E,11.072806034958955,1.7999999999999998,13.888888888888891,0.5044985282203279,9.395957482287425,11.27514897874491,11.462052959704485,112.65706742273215,116.18014331224528,2.7508806876760605,0.009720364902800033,0.6638946512823777,-502.81655028575244,502.81655028575244,0.24895308079121983,1914.9337430717248,2614.890121836271,15.166666666666666,False,"SOC floor violated (min 0.010, unmet 503 Wh); did not refill (end SOC 0.664)"
5.0,0.3,1.3,0.34,1.0,1.0,0.3,2.5,1.69,1.69,0.21885521885521889,1.0684998129442578,5.3840810327042465,1.1122030957570035,2,one_per_bay,True,26+24+24+13,4,87,26,24,13,19x10E,10.525172188805108,1.5,16.666666666666668,0.7468464193467285,10.035001101279047,12.042001321534856,12.241617130599389,112.73738187601137,117.29237823908427,2.9181164510455098,0.008818064271591531,0.6531434664739931,-503.3307810770368,503.3307810770368,0.15626683688797033,1914.9337430717248,2625.9329662314203,15.166666666666666,False,"SOC floor violated (min 0.009, unmet 503 Wh); did not refill (end SOC 0.653)"
4.0,0.3,1.3,0.28,0.6,0.0,0.18,0.78,1.56,1.56,0.2006172839506173,1.4332229027584682,5.396467479528809,1.5242451118123075,2,one_per_bay,True,24+12+12+12,4,60,24,12,12,22x12E,9.493081004298654,1.0535999999999999,15.186028853454824,0.9898709966973428,11.371405894311346,13.645687073173615,13.871886588737677,77.80968970175124,80.29968665831801,7.365050741187626,0.007184679223962976,0.4572920185015671,-504.9359101274862,49.23033637438337,0.15707095558498924,1320.6439607391212,1769.4275259583765,15.166666666666666,False,"SOC floor violated (min 0.007, unmet 49 Wh); did not refill (end SOC 0.457)"
5.0,0.4,1.3,0.34,0.4,0.0,0.16000000000000003,0.4587942593310043,0.9175885186620086,0.0,0.20390855962262863,0.49999999999999994,5.302929616677041,-0.11906151032580992,2,one_per_bay,True,24+24+21,3,69,21,24,0,19x10E,10.13767128198301,1.5101106222394411,16.5550785696255,0.3043353981901263,9.815516795406786,11.778620154488143,11.973869991207334,96.273710864515,99.70294001854957,3.09908494371766,0.003686006464775262,0.4565410080435608,-505.66138622992025,301.498852323452,0.08740333097088518,1518.7405548499887,2219.7175085576555,15.5,False,"SOC floor violated (min 0.004, unmet 301 Wh); did not refill (end SOC 0.457)"
4.0,0.3,1.3,0.34,0.6,0.0,0.18,0.78,1.56,1.56,0.21885521885521886,1.5635158939183291,5.396525602746825,1.5666506219906917,2,one_per_bay,True,24+12+12+12,4,60,24,12,12,22x12E,9.529960297227946,1.0535999999999999,15.186028853454824,1.0601422944471106,11.393472644829481,13.672167173795378,13.898805640208936,78.50330064197304,81.04314829993186,7.332563927488213,0.00823860451670335,0.4517680957727104,-510.27201948356173,60.92024867487949,0.09511581878383524,1320.6439607391212,1786.5145363859874,15.166666666666666,False,"SOC floor violated (min 0.008, unmet 61 Wh); did not refill (end SOC 0.452)"
4.5,0.4,1.3,0.28,0.6,0.0,0.24,0.47579028497746806,0.9515805699549361,0.0,0.21146234882137013,0.5,5.566643963707195,0.3603952765507312,2,one_per_bay,True,24+24+21+7,4,76,21,24,7,19x10E,10.32031976560701,1.516126445596395,13.356405766033786,0.29432046342304047,9.883876598580084,11.860651918296101,12.057261565271435,111.18861710869093,115.33532013408748,2.979674441082091,0.005762629686087062,0.4576870928122045,-512.2643841697693,512.2643841697693,0.1855860755878768,1672.8156836028852,2582.7371105681095,15.75,False,"SOC floor violated (min 0.006, unmet 512 Wh); did not refill (end SOC 0.458)"
5.0,0.36,1.6,0.28,1.0,1.0,0.36,2.5,1.56,1.56,0.2006172839506173,0.7727480566986742,5.606840185517184,1.1832039965087888,2,one_per_bay,True,26+26+24+12,4,88,24,26,12,19x10E,11.243188202143621,1.7999999999999998,13.888888888888891,0.526146572104019,9.46797139055589,11.361565668667067,11.549902147183724,114.14231212444918,117.80773063694112,2.7068599291644255,0.006239196948260736,0.6652948340126075,-519.1706188750641,519.1706188750641,0.22746599557398045,1936.9444757507104,2651.7933545137903,15.166666666666666,False,"SOC floor violated (min 0.006, unmet 519 Wh); did not refill (end SOC 0.665)"
4.5,0.3,1.6,0.28,1.0,1.0,0.3,2.25,1.3,1.3,0.20061728395061726,1.0303307422648988,5.506720942774146,1.2650524311558398,2,one_per_bay,True,24+24+20,3,68,20,24,0,18x12E,10.09428632664678,1.3499999999999999,15.000000000000002,0.6823511142169424,10.35903677251494,12.430844127017929,12.636905639677979,97.24520999260518,99.81770888812544,3.456087734414841,0.007513105850461995,0.4403598093050418,-521.2924242113296,323.72282162255794,0.20403551698317082,1496.7298221710025,2235.5369055264855,15.583333333333334,False,"SOC floor violated (min 0.008, unmet 324 Wh); did not refill (end SOC 0.440)"
4.5,0.36,1.6,0.28,0.6,0.0,0.216,0.845,1.69,1.69,0.2006172839506173,1.1871460370361377,5.474336646401176,1.542064762414833,2,one_per_bay,True,26+17+17+13,4,73,26,17,13,17x12E,10.42870495632124,1.4176799999999998,14.283900457084817,0.8250448847623731,10.274827357142916,12.329792828571499,12.534179251173194,107.99768920555962,110.88000663300697,2.6362044915147185,0.004688838563564763,0.43802007760868283,-523.5526050300123,472.0410117065101,0.1701439340952149,1606.7834855659296,2495.723659709875,15.75,False,"SOC floor violated (min 0.005, unmet 472 Wh); did not refill (end SOC 0.438)"
4.0,0.3,1.6,0.28,1.0,1.0,0.3,2.0,0.7115124735378854,0.0,0.15811388300841894,0.5,5.659930488771709,0.36155143763610287,2,one_per_bay,True,24+24+10,3,58,10,24,0,22x12E,9.656298005972763,1.2,13.333333333333334,0.2942307692307692,10.746403825326578,12.895684590391893,13.109451591758074,76.23491269718355,78.24419456522027,7.196426966449697,0.0075830365566085115,0.4372280423351349,-524.3177111042596,31.575542998820513,0.10007157966163878,1276.6224953811497,1727.3865612333861,15.166666666666666,False,"SOC floor violated (min 0.008, unmet 32 Wh); did not refill (end SOC 0.437)"
4.0,0.3,1.6,0.34,1.0,1.0,0.3,2.0,0.7115124735378854,0.0,0.15811388300841894,0.5,5.659930488771709,0.36155143763610287,2,one_per_bay,True,24+24+10,3,58,10,24,0,22x12E,9.656298005972763,1.2,13.333333333333334,0.2942307692307692,10.746403825326578,12.895684590391893,13.109451591758074,76.23491269718355,78.24419456522027,7.196426966449697,0.0075830365566085115,0.4372280423351349,-524.3177111042596,31.575542998820513,0.10007157966163878,1276.6224953811497,1727.3865612333861,15.166666666666666,False,"SOC floor violated (min 0.008, unmet 32 Wh); did not refill (end SOC 0.437)"
4.5,0.45,1.3,0.28,0.4,0.0,0.18000000000000002,0.4968104820660935,0.993620964132187,0.0,0.22080465841800118,0.5,5.601529600234288,0.42111561601196534,2,one_per_bay,True,24+24+21+7,4,76,21,24,7,19x10E,10.415855215870932,1.5516388301578454,13.050717477816667,0.29310636489449254,9.815232619586011,11.778279143503212,11.973523327409234,111.76617245885241,115.8309795655284,2.9480224422824977,0.009437451946470846,0.4572821777947374,-524.988609703236,524.988609703236,0.1442811229678007,1672.8156836028852,2595.9227976425445,15.75,False,"SOC floor violated (min 0.009, unmet 525 Wh); did not refill (end SOC 0.457)"
4.5,0.45,1.3,0.34,0.4,0.0,0.18000000000000002,0.4968104820660935,0.993620964132187,0.0,0.22080465841800118,0.5,5.601529600234288,0.42111561601196534,2,one_per_bay,True,24+24+21+7,4,76,21,24,7,19x10E,10.415855215870932,1.5516388301578454,13.050717477816667,0.29310636489449254,9.815232619586011,11.778279143503212,11.973523327409234,111.76617245885241,115.8309795655284,2.9480224422824977,0.009437451946470846,0.4572821777947374,-524.988609703236,524.988609703236,0.1442811229678007,1672.8156836028852,2595.9227976425445,15.75,False,"SOC floor violated (min 0.009, unmet 525 Wh); did not refill (end SOC 0.457)"
4.0,0.36,1.3,0.34,0.4,0.0,0.144,0.65,1.3,1.3,0.21885521885521889,1.0554360477199987,5.515120053702134,1.437342716441182,2,one_per_bay,True,20+14+14+10,4,58,20,14,10,22x12E,9.642915887609714,1.1484,13.932427725531173,0.676238479374631,10.9775657409153,13.173078889098358,13.391444153318668,76.19510530491971,78.38816783853797,7.235182361220668,0.008145087177659443,0.43651720479404493,-525.0043801689526,31.534464248578534,0.08807380688516393,1276.6224953811497,1728.054579698368,15.166666666666666,False,"SOC floor violated (min 0.008, unmet 32 Wh); did not refill (end SOC 0.437)"
4.0,0.3,1.6,0.28,1.0,1.0,0.3,2.0,1.3,1.3,0.20061728395061726,1.159122085048011,5.6602011128156455,1.6426453100294074,2,one_per_bay,True,20+20+20,3,60,20,20,0,22x12E,9.832206424712709,1.2,13.333333333333334,0.7528825995807128,10.843845473251214,13.012614567901457,13.228319874325182,80.6766031233499,82.91433491392911,7.048371786106378,0.009430647029082247,0.4362366347774565,-525.275410804977,95.1281245897776,0.16878393279347984,1320.643960739121,1835.6321504787636,15.333333333333332,False,"SOC floor violated (min 0.009, unmet 95 Wh); did not refill (end SOC 0.436)"
4.0,0.3,1.3,0.28,0.6,0.0,0.18,0.845,1.69,1.69,0.2006172839506173,1.5307860744335604,5.404950299466412,1.5904980421221162,2,one_per_bay,True,26+13+10+10,4,59,26,10,13,22x12E,9.522426651014703,1.0614,15.074429998115697,1.0729520726819004,11.347043653611443,13.616452384333732,13.842167287256615,78.487364699431,80.98823507339364,7.336179493555228,0.006955962339986611,0.43143107510703765,-529.9175814466016,62.38239109234753,0.2113203887999771,1298.6332280601346,1785.579368558515,15.25,False,"SOC floor violated (min 0.007, unmet 62 Wh); did not refill (end SOC 0.431)"
6.0,0.3,1.3,0.34,0.6,0.0,0.18,0.4044425740935926,0.8088851481871852,0.0,0.1797522550592151,0.5,4.989463550975942,-0.760882133222162,2,one_per_bay,True,25+25+12,3,62,12,25,0,19x10E,9.988783765703454,1.488533108891231,24.18488361795019,0.31752820949521565,9.813535676608627,11.776242811930352,11.971453240319864,84.383457713167,87.44411583559625,3.201615144915989,0.005533480855594066,0.4309167940466239,-530.4143769509614,142.36439858902733,0.2844516743253334,1364.6654260970909,1931.7286888437277,15.333333333333332,False,"SOC floor violated (min 0.006, unmet 142 Wh); did not refill (end SOC 0.431)"
4.5,0.36,1.6,0.28,0.6,0.0,0.216,0.78,1.56,1.56,0.2006172839506173,1.1100150205393504,5.466293711470334,1.461122978044879,2,one_per_bay,True,24+18+18+12,4,72,24,18,12,17x12E,10.38063524090519,1.4083199999999998,14.378834355828223,0.7601161947680479,10.28512895535612,12.342154746427344,12.54674608797635,106.82086802891548,109.67262753852984,2.6549149030289203,0.005890755489273064,0.43073626266266457,-530.588770267866,458.1507836057696,0.14185276977407685,1584.7727528869439,2466.990202022486,15.833333333333332,False,"SOC floor violated (min 0.006, unmet 458 Wh); did not refill (end SOC 0.431)"
5.0,0.36,1.6,0.34,1.0,1.0,0.36,2.5,1.56,1.56,0.21885521885521886,0.8429978800349173,5.606889276110239,1.2616260807967088,2,one_per_bay,True,26+26+24+12,4,88,24,26,12,19x10E,11.280067495072915,1.7999999999999998,13.888888888888891,0.5634979063199924,9.48348683950686,11.380184207408231,11.56882931856619,115.06052384036586,118.78533320225601,2.6950560193712874,0.0070204709237471075,0.6574441372064763,-534.0408243234299,534.0408243234299,0.14599911513107244,1936.9444757507104,2674.3550548654734,15.166666666666666,False,"SOC floor violated (min 0.007, unmet 534 Wh); did not refill (end SOC 0.657)"
5.0,0.36,1.6,0.28,1.0,1.0,0.36,2.5,1.69,1.69,0.2006172839506173,0.8371437280902303,5.6068608698575675,1.2913528983080906,2,one_per_bay,True,26+24+24+13,4,87,26,24,13,19x10E,11.258712584859671,1.7999999999999998,13.888888888888891,0.5791055778213621,9.474505734082012,11.369406880898413,11.557873340294645,114.91440903306365,118.62034374830989,2.7003171150951704,0.006831233271999193,0.6390363866983821,-534.748914668525,534.748914668525,0.42412657007699056,1914.9337430717246,2670.68157344486,15.166666666666666,False,"SOC floor violated (min 0.007, unmet 535 Wh); did not refill (end SOC 0.639)"
4.0,0.3,1.3,0.34,0.6,0.0,0.18,0.845,1.69,1.69,0.21885521885521889,1.6699484448366118,5.40501159716844,1.630197080874935,2,one_per_bay,True,26+13+10+10,4,59,26,10,13,22x12E,9.56144452419091,1.0614,15.074429998115697,1.1504271143423301,11.370266983498604,13.644320380198325,13.870497240597627,79.23216443072351,81.78605217440821,7.302021254139642,0.008323416857795243,0.4258113813455524,-535.3462056201963,75.01167290904426,0.14483563038209604,1298.6332280601346,1803.7056401159573,15.333333333333332,False,"SOC floor violated (min 0.008, unmet 75 Wh); did not refill (end SOC 0.426)"
4.0,0.3,1.6,0.28,0.6,0.0,0.18,0.78,1.56,1.56,0.2006172839506173,1.763966649548884,5.3968357917672,1.6442789929850752,2,one_per_bay,True,24+12+12+12,4,60,24,12,12,22x12E,9.729212014144808,1.0535999999999999,15.186028853454824,1.2183027651659601,11.511963448261318,13.814356137913581,14.043351618278113,81.06134245088184,83.79182417632208,7.169413412173904,0.004132997773548374,0.42329765414486703,-537.7744660960585,96.07453505035737,0.09565982759406566,1320.643960739121,1849.1363937749716,15.333333333333332,False,"SOC floor violated (min 0.004, unmet 96 Wh); did not refill (end SOC 0.423)"
4.5,0.36,1.6,0.34,0.6,0.0,0.216,0.78,1.56,1.56,0.21885521885521886,1.2109254769520186,5.466346873898842,1.5157686786374946,2,one_per_bay,True,24+18+18+12,4,72,24,18,12,17x12E,10.417514533834483,1.4083199999999998,14.378834355828223,0.8140771165701618,10.303382750988627,12.364059301186352,12.569013746450738,107.68401745281503,110.60543063538724,2.6431287312340874,0.005907468915184608,0.422805827073356,-538.249571047138,472.0104031389869,0.381196123791458,1584.772752886944,2488.2746265252354,15.833333333333332,False,"SOC floor violated (min 0.006, unmet 472 Wh); did not refill (end SOC 0.423)"
4.0,0.36,1.6,0.28,0.6,0.5,0.216,1.4224999999999999,1.69,1.69,0.2006172839506173,1.162828825550381,5.741817492984208,2.0139059006330244,2,one_per_bay,True,26+15+15+13,4,69,26,15,13,19x12E,10.31533770045967,1.3568399999999998,11.792105185578256,0.7803410793939621,10.445418751932836,12.534502502319404,12.742282321588096,101.83878857025884,104.56852271901417,4.065018312778498,0.009103466254565923,0.4207024838884333,-540.2814005637734,393.88989463454493,0.18047657148434243,1518.7405548499883,2346.651232413438,15.75,False,"SOC floor violated (min 0.009, unmet 394 Wh); did not refill (end SOC 0.421)"
5.0,0.4,1.6,0.34,0.4,0.0,0.16000000000000003,0.41037840318928526,0.8207568063785705,0.0,0.1823904013828404,0.49999999999999994,5.29524799561118,-0.13413106451715873,2,one_per_bay,True,25+25+18,3,68,18,25,0,19x10E,10.290417184402033,1.4984908167654285,16.68345225762799,0.3046571773996734,9.927454318140796,11.912945181768956,12.110421674862144,98.20868934852287,101.87624198603821,3.04667877167505,0.0046966437821676765,0.4200416249553342,-540.9197902931471,336.21260365602797,0.30841830252854524,1496.7298221710023,2267.5714830105217,15.666666666666668,False,"SOC floor violated (min 0.005, unmet 336 Wh); did not refill (end SOC 0.420)"
4.0,0.3,1.6,0.34,0.6,0.0,0.18,0.78,1.56,1.56,0.21885521885521886,1.924327254053328,5.3968925069817475,1.6787218147582084,2,one_per_bay,True,24+12+12+12,4,60,24,12,12,22x12E,9.7660913070741,1.0535999999999999,15.186028853454824,1.3047905162425977,11.533761282834126,13.84051353940095,14.069942621350593,81.80136284220761,84.58583230545977,7.137943394600678,0.007758135564864389,0.4197787148851439,-541.1737614209509,111.06795678258455,0.2815267471892196,1320.643960739121,1867.3647768945116,15.333333333333332,False,"SOC floor violated (min 0.008, unmet 111 Wh); did not refill (end SOC 0.420)"
4.0,0.4,1.3,0.28,0.4,0.5,0.16000000000000003,1.2378385233258826,0.95135409330353,0.0,0.21141202065549464,0.5,5.835624335088247,0.8154321718898005,2,one_per_bay,True,26+26+21+7,4,80,21,26,7,16x12E,10.118962989838433,1.417081245598212,11.290813458790572,0.28483783075190194,10.123229386154607,12.147875263385528,12.349246105687234,98.08248086730985,129.24833346917927,2.1280153283621592,0.0044652455371272295,0.41651910382079516,-544.3225457091119,320.6007740728511,0.09849774242804206,1760.8586143188277,2519.66652299925,14.833333333333334,False,"SOC floor violated (min 0.004, unmet 321 Wh); did not refill (end SOC 0.417)"
4.0,0.36,1.6,0.34,0.6,0.5,0.216,1.4224999999999999,1.69,1.69,0.21885521885521889,1.2685405369640521,5.741874087786693,2.065953463547012,2,one_per_bay,True,26+15+15+13,4,69,26,15,13,19x12E,10.354355573635877,1.3568399999999998,11.792105185578256,0.8366874523351846,10.46515505941011,12.558186071292132,12.766358484337873,102.71090303584022,105.51030526252607,4.047173900274003,0.008212517873410598,0.41207163270882946,-548.6188028032708,406.75095757650945,0.1019946928583503,1518.7405548499883,2367.9234577114316,15.833333333333332,False,"SOC floor violated (min 0.008, unmet 407 Wh); did not refill (end SOC 0.412)"
4.0,0.36,1.6,0.34,0.4,0.0,0.144,0.65,1.3,1.3,0.21885521885521889,1.2989982125784598,5.515481364155607,1.6102406960824063,2,one_per_bay,True,20+14+14+10,4,58,20,14,10,22x12E,9.878158913148175,1.1484,13.932427725531173,0.8322935130764688,11.110660096265564,13.332792115518677,13.553804886914826,79.04641378939473,81.3932063509934,7.053591652058172,0.00912893543657052,0.4106552428424444,-549.9870354141988,76.23098680479676,0.33432555744142195,1276.6224953811495,1797.4527998126603,15.333333333333332,False,"SOC floor violated (min 0.009, unmet 76 Wh); did not refill (end SOC 0.411)"
5.0,0.36,1.6,0.34,1.0,1.0,0.36,2.5,1.69,1.69,0.21885521885521889,0.9132477033711603,5.6069127307375535,1.3637428958829754,2,one_per_bay,True,26+24+24+13,4,87,26,24,13,19x10E,11.297730458035877,1.7999999999999998,13.888888888888891,0.6209212655019419,9.490908823258566,11.38909058791028,11.577883336848892,115.90741575070973,119.67748916550266,2.687791069271817,0.007303605994585188,0.6302660350626275,-550.205750058982,550.205750058982,0.29042807419175765,1914.9337430717246,2694.766120396461,15.25,False,"SOC floor violated (min 0.007, unmet 550 Wh); did not refill (end SOC 0.630)"
6.0,0.3,1.6,0.34,0.6,0.0,0.18,0.36332022724263985,0.7266404544852797,0.0,0.16147565650517803,0.5,4.986708421563169,-0.7648620662310706,2,one_per_bay,True,26+26+10,3,62,10,26,0,19x10E,10.168517330150754,1.4835984272691167,24.265326343238158,0.3176231071964119,9.917885352749526,11.90146242329943,12.098748570945798,86.2937804743512,89.56409055923686,3.1377370075512228,0.0029981269296977878,0.40991471634091337,-550.7023840146777,169.31079066743735,0.3870880320057897,1364.6654260970909,1978.8483671059557,15.5,False,"SOC floor violated (min 0.003, unmet 169 Wh); did not refill (end SOC 0.410)"
4.0,0.36,1.3,0.28,0.4,0.5,0.144,1.4224999999999999,1.69,1.69,0.2006172839506173,0.9870258867444162,5.7224913409505485,1.790651770345281,2,one_per_bay,True,26+14+14+13,4,67,26,14,13,19x12E,9.992369147505825,1.3152599999999999,12.164895153809894,0.6665105556160906,10.44183624163925,12.530203489967098,12.737912046095559,98.74528926812908,101.37711528241361,4.213350266004066,0.005305255526612424,0.4063235614789003,-554.1714396113823,348.8242741828388,0.18861501347925486,1474.7190894920177,2271.599507052949,15.75,False,"SOC floor violated (min 0.005, unmet 349 Wh); did not refill (end SOC 0.406)"
4.0,0.36,1.6,0.28,0.6,0.5,0.216,1.3900000000000001,1.56,1.56,0.2006172839506173,1.0801420950574132,5.7364814898610526,1.9318119470402415,2,one_per_bay,True,24+16+16+12,4,68,24,16,12,19x12E,10.275564396543622,1.35216,11.832919181161992,0.7139479024243751,10.443287874897186,12.531945449876622,12.739682881831238,100.72646957953019,103.4174006146799,4.08657425620599,0.0019742911148542455,0.40461271132416093,-555.8241208608606,373.0480477617356,0.1474973246512974,1496.7298221710023,2319.4112066957678,15.833333333333332,False,"SOC floor violated (min 0.002, unmet 373 Wh); did not refill (end SOC 0.405)"
4.5,0.36,1.3,0.34,0.6,0.5,0.216,1.4500000000000002,1.3,1.3,0.21885521885521889,0.7233606977952542,5.549976562908116,1.0982074528245713,2,one_per_bay,True,22+22+20+10,4,74,20,22,10,19x10E,10.35565174422391,1.5048,13.456937799043063,0.4607264668915611,9.937972174775922,11.925566609731106,12.123252323574812,113.4529921511886,117.81994195342779,2.9609532076633687,0.007401489456316388,0.4023226484763173,-558.0363215718774,557.7099930033871,0.23567428720952557,1628.7942182449158,2637.807410046427,16.0,False,"SOC floor violated (min 0.007, unmet 558 Wh); did not refill (end SOC 0.402)"
4.0,0.3,1.6,0.28,0.6,0.0,0.18,0.845,1.69,1.69,0.2006172839506173,1.8840443993028437,5.405317378216601,1.7010990912321753,2,one_per_bay,True,26+13+10+10,4,59,26,10,13,22x12E,9.758484598860857,1.0614,15.074429998115697,1.3205563971469545,11.486827471137891,13.784192965365468,14.01268844195726,81.75010449763442,84.49040317779684,7.142158448835912,0.006843138567294517,0.40072453064878366,-559.580103393275,112.60659632187509,0.13830579728723552,1298.6332280601348,1865.5234049479552,15.416666666666668,False,"SOC floor violated (min 0.007, unmet 113 Wh); did not refill (end SOC 0.401)"
4.0,0.36,1.3,0.28,0.4,0.5,0.144,1.3900000000000001,1.56,1.56,0.2006172839506173,0.9194262477560811,5.713690171673443,1.6936073215139809,2,one_per_bay,True,24+15+15+12,4,66,24,15,12,19x12E,9.948405627189775,1.30824,12.230171833914266,0.6117335877280149,10.446756683747042,12.53610802049645,12.743914453847083,97.58847978154952,100.18583438557896,4.239156094183882,0.008098692190729563,0.40049681414286387,-559.8000775379935,337.01813975332703,0.15898233268790798,1452.708356813033,2243.551690240441,15.75,False,"SOC floor violated (min 0.008, unmet 337 Wh); did not refill (end SOC 0.400)"
5.5,0.36,1.3,0.34,0.4,0.0,0.144,0.4282951994852384,0.8565903989704768,0.0,0.19035342196793142,0.49999999999999994,5.107586037420475,-0.5042905710644543,2,one_per_bay,True,25+25+12,3,62,12,25,0,19x10E,9.996288732923274,1.4785117630888114,20.459762820421293,0.31231632329882947,9.850435987072247,11.820523184486696,12.016467632260317,88.31024680256786,91.57574115973875,3.180949916196094,0.007689025232209183,0.3976797128367128,-562.5213973997354,205.30065385768785,0.1389092853394859,1364.6654260970909,2026.9305007678188,15.583333333333334,False,"SOC floor violated (min 0.008, unmet 205 Wh); did not refill (end SOC 0.398)"
4.0,0.36,1.3,0.34,0.4,0.5,0.144,1.4224999999999999,1.69,1.69,0.21885521885521889,1.0767555128120907,5.72254976142319,1.851991904939101,2,one_per_bay,True,26+14+14+13,4,67,26,14,13,19x12E,10.03138702068203,1.3152599999999999,12.164895153809894,0.7146375264083659,10.462202848020471,12.554643417624565,12.762757105408683,99.5954603487135,102.29533439619203,4.194506385116233,0.0040949496382070225,0.3975522736040488,-562.6445036984887,361.02337545603,0.11209675399771986,1474.7190894920177,2292.340019756872,15.833333333333332,False,"SOC floor violated (min 0.004, unmet 361 Wh); did not refill (end SOC 0.398)"
4.0,0.36,1.6,0.34,0.6,0.5,0.216,1.3900000000000001,1.56,1.56,0.21885521885521886,1.1783368309717235,5.736535194919336,1.9878469554943445,2,one_per_bay,True,24+16+16+12,4,68,24,16,12,19x12E,10.312443689472914,1.35216,11.832919181161992,0.7646313205631783,10.462011718474573,12.554414062169487,12.762523948012921,101.53604435780233,104.2911132204259,4.069639754124621,0.0015438557909322418,0.3967052200168369,-563.4627574637356,385.60612262468595,0.38828043945042146,1496.7298221710023,2339.364793632013,15.833333333333332,False,"SOC floor violated (min 0.002, unmet 386 Wh); did not refill (end SOC 0.397)"
5.0,0.36,1.3,0.34,0.4,0.5,0.144,1.4876369168177235,0.9505476672708938,0.0,0.21123281492497312,0.5,5.370162239064127,-0.025082325033572328,2,one_per_bay,True,26+26+14,3,66,14,26,0,19x10E,10.249403884695111,1.5813295740326283,15.809481091437656,0.30236318103740967,9.644651872597224,11.573582247116668,11.765433246161288,97.11918021986337,100.36408734216887,3.055143473545833,0.005088751393838398,0.39601425147013747,-564.1302330798472,326.7496645268523,0.14412791963874838,1452.708356813033,2237.630809035732,15.75,False,"SOC floor violated (min 0.005, unmet 327 Wh); did not refill (end SOC 0.396)"
4.0,0.36,1.3,0.28,0.6,0.0,0.216,0.4027487605843451,0.8054975211686902,0.0,0.17899944911216537,0.5,5.579393251908128,0.38301279333100746,2,one_per_bay,True,20+20+12,3,52,12,20,0,22x12E,9.444973720490896,1.2099958215241455,13.223186159309162,0.2937982577409123,10.58417205125674,12.701006461508088,12.911546355422054,71.21599508495599,72.9974694815586,7.371787001928968,0.035578070817253324,0.39547109034473665,-564.6549267269843,0.0,0.29569848920396896,1144.558099307237,1604.6233268095013,15.333333333333332,False,"SOC floor violated (min 0.036, unmet 0 Wh); did not refill (end SOC 0.395)"
4.0,0.36,1.3,0.34,0.6,0.0,0.216,0.4027487605843451,0.8054975211686902,0.0,0.17899944911216537,0.5,5.579393251908128,0.38301279333100746,2,one_per_bay,True,20+20+12,3,52,12,20,0,22x12E,9.444973720490896,1.2099958215241455,13.223186159309162,0.2937982577409123,10.58417205125674,12.701006461508088,12.911546355422054,71.21599508495599,72.9974694815586,7.371787001928968,0.035578070817253324,0.39547109034473665,-564.6549267269843,0.0,0.29569848920396896,1144.558099307237,1604.6233268095013,15.333333333333332,False,"SOC floor violated (min 0.036, unmet 0 Wh); did not refill (end SOC 0.395)"
4.0,0.3,1.3,0.28,0.6,0.5,0.18,1.1828288891427603,0.7313155565710412,0.0,0.16251456807266682,0.5,5.448906061198656,0.15746268901165283,2,one_per_bay,True,20+20+10,3,50,10,20,0,22x12E,9.19221288159742,1.1019394666971312,14.519853842749795,0.2984737731062513,10.941569343904835,13.129883212685801,13.34753243812942,69.37329320444557,71.28282923997143,7.638841677234802,0.058589901942037774,0.39528904434470485,-564.8307831630151,0.0,0.1438089154009449,1100.5366339492666,1561.1900932086694,15.5,False,"SOC floor violated (min 0.059, unmet 0 Wh); did not refill (end SOC 0.395)"
4.0,0.3,1.3,0.34,0.6,0.5,0.18,1.1828288891427603,0.7313155565710412,0.0,0.16251456807266682,0.5,5.448906061198656,0.15746268901165283,2,one_per_bay,True,20+20+10,3,50,10,20,0,22x12E,9.19221288159742,1.1019394666971312,14.519853842749795,0.2984737731062513,10.941569343904835,13.129883212685801,13.34753243812942,69.37329320444557,71.28282923997143,7.638841677234802,0.058589901942037774,0.39528904434470485,-564.8307831630151,0.0,0.1438089154009449,1100.5366339492666,1561.1900932086694,15.5,False,"SOC floor violated (min 0.059, unmet 0 Wh); did not refill (end SOC 0.395)"
4.5,0.3,1.6,0.34,0.6,0.0,0.18,0.3161633617503496,0.6323267235006992,0.0,0.14051704957561165,0.5,5.214499303009045,-0.29721049909238917,2,one_per_bay,True,18+18+8,3,44,8,18,0,22x12E,9.373179387418721,1.117939603410042,18.113679789347824,0.3079336888338083,10.969396705780198,13.163276046936238,13.381478813061996,64.00498392809166,65.8392751247205,7.5359430523897535,0.1238292183332479,0.39354951749050576,-566.5111661041715,0.0,0.21300581071623387,968.4722378753551,1431.405374246109,15.666666666666668,False,"SOC floor violated (min 0.124, unmet 0 Wh); did not refill (end SOC 0.394)"
4.0,0.36,1.3,0.34,0.4,0.5,0.144,1.3900000000000001,1.56,1.56,0.21885521885521886,1.003010452097543,5.7137456395884545,1.7594614681103646,2,one_per_bay,True,24+15+15+12,4,66,24,15,12,19x12E,9.985284920119069,1.30824,12.230171833914266,0.6551607749374533,10.466102125680257,12.559322550816308,12.767513802863446,98.37554432111992,101.03564557216177,4.221254374073638,0.007446223663265221,0.3928702137866302,-567.1673734821152,348.7699653959496,0.08816473380600698,1452.708356813033,2262.7372239237116,15.833333333333332,False,"SOC floor violated (min 0.007, unmet 349 Wh); did not refill (end SOC 0.393)"
4.0,0.3,1.3,0.34,0.6,0.0,0.18,0.65,1.3,1.3,0.21885521885521889,1.3412580499902813,5.379605950326697,1.404980092987456,2,one_per_bay,True,20+13+13+10,4,56,20,13,10,22x12E,9.41899184330202,1.038,15.414258188824663,0.8732172693884143,11.411743010855595,13.694091613026714,13.921093512773203,76.39897776194194,78.86318821334294,7.435295683992946,0.00574885029164922,0.3910832963919934,-568.8935356853343,38.566619794791364,0.27668973155763626,1232.601030023179,1734.931956865426,15.333333333333332,False,"SOC floor violated (min 0.006, unmet 39 Wh); did not refill (end SOC 0.391)"
4.5,0.36,1.3,0.28,0.6,0.0,0.216,0.845,1.69,1.69,0.2006172839506173,0.9645561550918619,5.47397840855855,1.3668233451885818,2,one_per_bay,True,26+17+17+13,4,73,26,17,13,16x12E,10.182437857935302,1.4176799999999998,14.283900457084817,0.6703489688694281,10.15278588079335,12.18334305695202,12.385301835770212,81.75760472543554,116.60051489524928,2.171055873763568,0.003566450019746258,0.3902164604896765,-569.7308991669724,102.08496951468163,0.20142830624698976,1606.7834855659296,2173.190160023693,14.5,False,"SOC floor violated (min 0.004, unmet 102 Wh); did not refill (end SOC 0.390)"
4.5,0.3,1.3,0.28,1.0,1.0,0.3,2.25,1.3,1.3,0.20061728395061726,0.8371437280902303,5.506348257972194,1.051147775565683,2,one_per_bay,True,24+24+20,3,68,20,24,0,17x12E,9.846422339996169,1.3499999999999999,15.000000000000002,0.5544102803012656,10.231063848926059,12.277276618711271,12.480792499495175,103.33269981656314,106.01896471605433,2.8107833486737546,0.008278229402461479,0.389499186186234,-570.4237861440979,420.71628378549644,0.16960487397558782,1496.7298221710023,2381.6987702017295,15.916666666666666,False,"SOC floor violated (min 0.008, unmet 421 Wh); did not refill (end SOC 0.389)"
4.0,0.3,1.6,0.34,0.6,0.0,0.18,0.845,1.69,1.69,0.21885521885521889,2.05532116287583,5.405377196080398,1.733343663915459,2,one_per_bay,True,26+13+10+10,4,59,26,10,13,22x12E,9.797502472037063,1.0614,15.074429998115697,1.4159102945751756,11.509768761828486,13.811722514194182,14.040674337950858,82.54331584993488,85.34227862095445,7.109068393007506,0.0031294815701436336,0.38946278246400473,-570.4589521397714,121.27114749922312,0.34970223609099327,1298.6332280601348,1884.8307639521047,15.5,False,"SOC floor violated (min 0.003, unmet 121 Wh); did not refill (end SOC 0.389)"
4.5,0.36,1.3,0.28,0.6,0.5,0.216,1.5150000000000001,1.56,1.56,0.2006172839506173,0.7867103499244094,5.558330154403888,1.2951556632353105,2,one_per_bay,True,24+20+20+12,4,76,24,20,12,19x10E,10.402742343620544,1.51416,13.373751783166904,0.5321822808151698,9.92970818685078,11.915649824220935,12.113171151173285,114.9665971090714,119.37533036102496,2.9409534321076722,0.006382654272109363,0.42520261760111033,-572.8911099297655,572.8911099297655,0.11592953301000719,1672.8156836028852,2674.835591070996,15.916666666666666,False,"SOC floor violated (min 0.006, unmet 573 Wh); did not refill (end SOC 0.425)"
5.0,0.3,1.3,0.34,0.4,0.5,0.12,1.447071179713179,0.7882847188527154,0.0,0.17517438196001123,0.5,5.171469327234493,-0.38832645853370185,2,one_per_bay,True,24+24+12,3,60,12,24,0,17x12E,9.593981955070438,1.3104728123483722,19.077084060370474,0.3098638298158421,10.25023660439259,12.300283925271108,12.504181189679771,86.22989041863714,88.53115668630895,2.9758302194806463,0.0077447915984168066,0.3859478439766427,-573.8543827185631,179.6105276931452,0.1419723662333349,1320.6439607391208,1968.6945889445672,15.666666666666668,False,"SOC floor violated (min 0.008, unmet 180 Wh); did not refill (end SOC 0.386)"
4.5,0.3,1.3,0.34,0.6,0.5,0.18,1.3187108526089395,0.7748434104357583,0.0,0.17218742449756808,0.49999999999999994,5.313130982512288,-0.09878690818194125,2,one_per_bay,True,23+23+10,3,56,10,23,0,19x12E,9.452376746244406,1.2382453023130726,16.3537870583256,0.3038206734489257,10.466840744158722,12.560208892990465,12.768414837604517,77.92084932572963,79.93154622951542,4.5858320846955465,0.009609924717314013,0.38577033547274187,-574.0258559333313,65.59766924017805,0.15316786185344,1232.601030023179,1767.1913074996949,15.5,False,"SOC floor violated (min 0.010, unmet 66 Wh); did not refill (end SOC 0.386)"
4.5,0.3,1.3,0.34,0.4,0.0,0.12,0.3211396626139514,0.6422793252279028,0.0,0.14272873875652625,0.5,5.121645167794833,-0.48682636352967057,2,one_per_bay,True,17+17+8,3,42,8,17,0,22x12E,8.922130673339103,1.0028051392705113,20.193354827370374,0.31186990989156993,11.299896446271372,13.559875735525646,13.784652788233734,62.483728681541955,64.40860009075507,7.9546578206673155,0.14107294458591502,0.3854877272316706,-574.2988554942062,0.0,0.2409034799707067,924.4507725173843,1395.3292715322546,15.833333333333332,False,"SOC floor violated (min 0.141, unmet 0 Wh); did not refill (end SOC 0.385)"
4.0,0.36,1.6,0.34,0.6,0.5,0.216,1.3250000000000002,1.3,1.3,0.21885521885521889,0.994476547795061,5.725880822989129,1.781679162779735,2,one_per_bay,True,20+18+18+10,4,66,20,18,10,19x12E,10.228619921146988,1.3428,11.915400655347035,0.619101855910718,10.455656419932232,12.546787703918678,12.754771170437635,99.23195706938822,101.9001939790543,4.114934019180587,0.006137361033318181,0.3842496044663306,-575.4948820855246,361.2506691356031,0.2641160195950599,1452.708356813033,2283.3575710942523,15.833333333333332,False,"SOC floor violated (min 0.006, unmet 361 Wh); did not refill (end SOC 0.384)"
4.5,0.36,1.3,0.28,0.6,0.0,0.216,0.78,1.56,1.56,0.2006172839506173,0.9018872041882222,5.465933648760005,1.2706803659502446,2,one_per_bay,True,24+18+18+12,4,72,24,18,12,16x12E,10.134269508819253,1.4083199999999998,14.378834355828223,0.617594408249039,10.162346544884825,12.194815853861789,12.396964812997707,80.0725001192143,115.32474897606498,2.1878153291247795,0.004957393870010125,0.38378611341912855,-575.9426144371218,81.17729858076112,0.17187723036826813,1584.772752886944,2136.636367001218,14.5,False,"SOC floor violated (min 0.005, unmet 81 Wh); did not refill (end SOC 0.384)"
4.5,0.36,1.3,0.34,0.6,0.0,0.216,0.845,1.69,1.69,0.21885521885521889,1.0522430782820313,5.474035740618217,1.4297233595661893,2,one_per_bay,True,26+17+17+13,4,73,26,17,13,16x12E,10.22145573111151,1.4176799999999998,14.283900457084817,0.7187531013675089,10.172219407050552,12.206663288460662,12.40900863814493,82.94312990713635,117.65694350841552,2.1601585582856555,0.004137284547097959,0.38244204251919406,-577.2409869264585,118.83186597327835,0.11339258848313585,1606.7834855659296,2197.523529183321,14.583333333333332,False,"SOC floor violated (min 0.004, unmet 119 Wh); did not refill (end SOC 0.382)"
4.5,0.36,1.6,0.28,0.4,0.5,0.144,1.5150000000000001,1.56,1.56,0.2006172839506173,1.0182743736805213,5.537213616340377,1.4735937718577157,2,one_per_bay,True,24+19+19+12,4,74,24,19,12,16x12E,10.474973696223099,1.46124,13.858093126385809,0.6930606707209179,10.142946710179102,12.171536052214922,12.37329911067565,87.18651433773441,120.80524840523822,2.0920591540695055,0.009203413133753112,0.38042157343810423,-579.1927600587914,183.8284968198113,0.23677645846797307,1628.7942182449156,2286.2511954023335,14.666666666666668,False,"SOC floor violated (min 0.009, unmet 184 Wh); did not refill (end SOC 0.380)"
4.0,0.36,1.3,0.28,0.6,0.5,0.216,1.4224999999999999,1.69,1.69,0.2006172839506173,0.9447984207596845,5.741449321053629,1.8353707271780624,2,one_per_bay,True,26+15+15+13,4,69,26,15,13,18x12E,10.06507544380262,1.3568399999999998,11.792105185578256,0.6340271270075943,10.317931669273655,12.381518003128386,12.586761854847754,106.79989479880844,109.62470663763511,3.4115953942884842,0.00920929437467176,0.37936748143147364,-580.2110129371965,472.93643576972755,0.2408318228301217,1518.740554849988,2465.560568895435,16.083333333333332,False,"SOC floor violated (min 0.009, unmet 473 Wh); did not refill (end SOC 0.379)"
4.0,0.36,1.3,0.28,0.6,0.0,0.216,0.65,1.3,1.3,0.20061728395061726,0.8538101012669612,5.617801544643389,1.4434645627476783,2,one_per_bay,True,20+17+17,3,54,20,17,0,22x12E,9.642547968097324,1.2456,12.845215157353886,0.5508549183818426,10.540350516972925,12.64842062036751,12.85808881821167,74.55832243407362,76.43376182677656,7.189000174240618,0.009778074513959798,0.37806037076329113,-581.4736818426608,20.28986801039084,0.20228861382650246,1188.5795646652082,1685.497259871805,15.416666666666668,False,"SOC floor violated (min 0.010, unmet 20 Wh); did not refill (end SOC 0.378)"
4.0,0.3,1.3,0.34,0.4,0.0,0.12,0.845,1.69,1.69,0.21885521885521889,1.8478483206700635,5.339232600466689,1.5406860773548996,2,one_per_bay,True,26+13+9+9,4,57,26,9,13,22x12E,9.422647909421679,0.9921,16.12740651144038,1.2856963445649574,11.675008519248774,14.010010223098528,14.242248988982482,80.25962371254246,83.08423622198592,7.413129827172334,0.009799696599211424,0.37772909351602624,-581.7936956635186,99.025684413421,0.23202855661116809,1254.6117627021638,1830.2401754312875,15.5,False,"SOC floor violated (min 0.010, unmet 99 Wh); did not refill (end SOC 0.378)"
4.0,0.4,1.6,0.28,0.4,0.0,0.16000000000000003,0.37011659834047966,0.7402331966809593,0.0,0.1644962658609649,0.5,5.579563835170868,0.3834550244375765,2,one_per_bay,True,19+19+15,3,53,15,19,0,22x12E,9.664640855285375,1.208827983601715,13.23596096139985,0.29384878920853114,10.711716172981781,12.854059407578136,13.067136403660067,72.83706136640343,74.72979309240783,7.210482247316574,0.01304486913783717,0.37700441771134374,-582.4937324908419,0.0,0.24663064514186198,1166.5688319862234,1644.3354201085524,15.416666666666668,False,"SOC floor violated (min 0.013, unmet 0 Wh); did not refill (end SOC 0.377)"
4.0,0.4,1.6,0.34,0.4,0.0,0.16000000000000003,0.37011659834047966,0.7402331966809593,0.0,0.1644962658609649,0.5,5.579563835170868,0.3834550244375765,2,one_per_bay,True,19+19+15,3,53,15,19,0,22x12E,9.664640855285375,1.208827983601715,13.23596096139985,0.29384878920853114,10.711716172981781,12.854059407578136,13.067136403660067,72.83706136640343,74.72979309240783,7.210482247316574,0.01304486913783717,0.37700441771134374,-582.4937324908419,0.0,0.24663064514186198,1166.5688319862234,1644.3354201085524,15.416666666666668,False,"SOC floor violated (min 0.013, unmet 0 Wh); did not refill (end SOC 0.377)"
5.0,0.3,1.3,0.34,0.6,0.0,0.18,0.3704226647042824,0.7408453294085648,0.0,0.16463229528246492,0.5,5.126655000574173,-0.47919714230584587,2,one_per_bay,True,21+21+10,3,52,10,21,0,19x12E,9.424206936515883,1.2444507197645138,20.089184411200087,0.3116921339967368,10.42514260879055,12.51017113054866,12.717547617652542,71.93747009628605,73.84205880100161,4.632541249428941,0.024052288263568755,0.3766805843770951,-582.8065554917262,0.0,0.17390157273103785,1144.558099307237,1622.847002026347,15.416666666666668,False,"SOC floor violated (min 0.024, unmet 0 Wh); did not refill (end SOC 0.377)"
5.5,0.36,1.6,0.34,0.4,0.0,0.144,0.3835149184829639,0.7670298369659277,0.0,0.17045107469062548,0.5,5.101905387490517,-0.5144290872975896,2,one_per_bay,True,26+26+10,3,62,10,26,0,19x10E,10.164663221014068,1.4688392223923201,20.594493623836772,0.31253769113992846,9.96570014765256,11.958840177183072,12.157077454667244,90.3368064530024,93.84398153030642,3.120678358358029,0.0053759723953389,0.37627376696847964,-583.1995411084486,235.0492671910923,0.17184571518367991,1364.6654260970909,2077.3098138495893,15.666666666666668,False,"SOC floor violated (min 0.005, unmet 235 Wh); did not refill (end SOC 0.376)"
4.5,0.36,1.3,0.34,0.6,0.0,0.216,0.78,1.56,1.56,0.21885521885521886,0.9838769500235152,5.465988101231284,1.3379588267951985,2,one_per_bay,True,24+18+18+12,4,72,24,18,12,16x12E,10.171148801748545,1.4083199999999998,14.378834355828223,0.6614376572132565,10.180820486748486,12.216984584098183,12.41950102608881,113.30056868956652,116.30163107734418,2.1774884512434176,0.004649435634791109,0.37577389903014363,-583.6824135368813,560.7508392784916,0.09047038859500134,1584.772752886944,2622.721970587187,16.166666666666668,False,"SOC floor violated (min 0.005, unmet 561 Wh); did not refill (end SOC 0.376)"
4.0,0.36,1.3,0.34,0.4,0.5,0.144,1.3250000000000002,1.3,1.3,0.21885521885521889,0.8514018714304523,5.696140680413492,1.5175051133580368,2,one_per_bay,True,20+17+17+10,4,64,20,17,10,19x12E,9.893080718993142,1.2942,12.362849636841291,0.5339015141130928,10.474023110022571,12.568827732027085,12.777176547953102,95.99033360795531,98.57251457349905,4.275273861681122,0.005805538355935166,0.3744235996961416,-584.9868026935272,317.13349563914426,0.29607829377030365,1408.6868914550623,2204.8558178095363,15.833333333333332,False,"SOC floor violated (min 0.006, unmet 317 Wh); did not refill (end SOC 0.374)"
4.5,0.36,1.3,0.28,0.6,0.5,0.216,1.5474999999999999,1.69,1.69,0.2006172839506173,0.8474839008954114,5.562539911419843,1.4030949944680575,2,one_per_bay,True,26+19+19+13,4,77,26,19,13,19x10E,10.442588709536594,1.51884,13.3325432566959,0.5821431565979474,9.933367949969833,11.9200415399638,12.117635666766258,116.20891600814839,120.68300885523277,2.9245550639445015,0.006073182284523812,0.43250236133868,-588.3933379545424,588.3933379545424,0.13937571634043877,1694.8264162818707,2705.179568042825,15.916666666666666,False,"SOC floor violated (min 0.006, unmet 588 Wh); did not refill (end SOC 0.433)"
4.0,0.36,1.3,0.34,0.6,0.5,0.216,1.4224999999999999,1.69,1.69,0.21885521885521889,1.0306891862832923,5.741507320334216,1.899450997496026,2,one_per_bay,True,26+15+15+13,4,69,26,15,13,18x12E,10.104093316978826,1.3568399999999998,11.792105185578256,0.6798085550223374,10.33791136768289,12.405493641219469,12.611134928237805,107.72153935756263,110.6180767430139,3.395754532474341,0.008518710290226238,0.37082712272955665,-588.4609994432483,487.29546777114257,0.15650520902362192,1518.740554849988,2488.247865549657,16.083333333333332,False,"SOC floor violated (min 0.009, unmet 487 Wh); did not refill (end SOC 0.371)"
4.5,0.36,1.3,0.34,0.6,0.5,0.216,1.5150000000000001,1.56,1.56,0.21885521885521886,0.8582294726448103,5.5583832040553895,1.372199792761102,2,one_per_bay,True,24+20+20+12,4,76,24,20,12,19x10E,10.439621636549838,1.51416,13.373751783166904,0.5699620921613828,9.947293772446791,11.936752526936148,12.134623665598651,116.03365818422326,120.54523837429215,2.9263801887241323,0.005566240026004135,0.4147550318166056,-589.048732817855,589.048732817855,0.2987332556633942,1672.8156836028854,2700.9004379418943,16.0,False,"SOC floor violated (min 0.006, unmet 589 Wh); did not refill (end SOC 0.415)"
4.5,0.36,1.6,0.34,0.4,0.5,0.144,1.5150000000000001,1.56,1.56,0.21885521885521886,1.1108447712878415,5.537266300824142,1.5331070897122936,2,one_per_bay,True,24+19+19+12,4,74,24,19,12,16x12E,10.511852989152393,1.46124,13.858093126385809,0.7422612967756022,10.16078618401299,12.192943420815586,12.395061341320346,88.33716974650545,121.82348722215055,2.082241706157101,0.004672980934802584,0.36801682677540065,-591.1757453349629,192.60401179872562,0.15192322372527892,1628.7942182449156,2307.049984109549,14.833333333333334,False,"SOC floor violated (min 0.005, unmet 193 Wh); did not refill (end SOC 0.368)"
4.5,0.36,1.3,0.28,0.4,0.5,0.144,1.5150000000000001,1.56,1.56,0.2006172839506173,0.8273479286154236,5.536950384653406,1.2662794125827792,2,one_per_bay,True,24+19+19+12,4,74,24,19,12,19x10E,10.29263991820516,1.46124,13.858093126385809,0.5631117949607459,10.054282021524154,12.065138425828984,12.265137770127385,116.00341862832222,120.69785846391338,2.970664817440578,0.0014328513782001263,0.37347300272711537,-593.3350356061071,593.3350356061071,0.24572562024504307,1628.7942182449156,2701.2463624448096,16.083333333333332,False,"SOC floor violated (min 0.001, unmet 593 Wh); did not refill (end SOC 0.373)"
4.0,0.3,1.3,0.34,0.4,0.0,0.12,0.78,1.56,1.56,0.21885521885521886,1.7433320129398568,5.324502666100287,1.4777707257655899,2,one_per_bay,True,24+12+10+10,4,56,24,10,12,22x12E,9.368253050458716,0.9803999999999999,16.31986944104447,1.1945230738000725,11.710517961932574,14.052621554319089,14.28556667250527,79.3171117388957,82.12233061819046,7.463698733213683,0.008174862716864968,0.365489205773519,-593.6174272227805,86.0568289089594,0.17473662145926974,1232.601030023179,1807.221273967565,15.583333333333334,False,"SOC floor violated (min 0.008, unmet 86 Wh); did not refill (end SOC 0.365)"
4.5,0.36,1.3,0.34,0.6,0.0,0.216,0.65,1.3,1.3,0.21885521885521889,0.8416926090350599,5.449998520551363,1.0987590106948484,2,one_per_bay,True,20+20+20+10,4,70,20,20,10,16x12E,10.07053494302262,1.3896,14.572538860103627,0.543259363805968,10.198347753804079,12.238017304564893,12.440882398195786,110.729873855213,113.65649122602275,2.212463175324796,0.007265122723574114,0.3632478048240232,-595.7826205399936,530.4196766885108,0.3147086148922883,1540.7512875289735,2560.4421419297773,16.166666666666668,False,"SOC floor violated (min 0.007, unmet 530 Wh); did not refill (end SOC 0.363)"
4.0,0.36,1.3,0.28,0.6,0.5,0.216,1.3900000000000001,1.56,1.56,0.2006172839506173,0.8776154522341482,5.736111809596766,1.7365196507412308,2,one_per_bay,True,24+16+16+12,4,68,24,16,12,18x12E,10.02525830268657,1.35216,11.832919181161992,0.5800826707198047,10.31530782755921,12.37836939307105,12.583561051444212,105.63870484432,108.4230255331704,3.4309016300803017,0.0010994200644089697,0.3628397950930519,-596.1767579401118,450.7312396108807,0.20356124069983395,1496.7298221710023,2437.371455050423,16.083333333333332,False,"SOC floor violated (min 0.001, unmet 451 Wh); did not refill (end SOC 0.363)"
4.5,0.4,1.3,0.34,0.6,0.0,0.24,0.47579028497746806,0.9515805699549361,0.0,0.21146234882137013,0.5,5.566403836747995,0.3599543464243298,2,one_per_bay,True,24+24+21,3,69,21,24,0,19x10E,10.15631976560701,1.516126445596395,13.356405766033786,0.29432046342304047,9.805029861112118,11.766035833334541,11.961077064409078,107.86267922659951,111.73828650077925,3.040487516447649,0.006907821539437843,0.3600939899619741,-598.829205696733,488.24874621335766,0.3593028716819747,1518.740554849988,2499.3861923589725,16.083333333333332,False,"SOC floor violated (min 0.007, unmet 488 Wh); did not refill (end SOC 0.360)"
4.0,0.3,1.6,0.34,0.6,0.0,0.18,0.65,1.3,1.3,0.21885521885521889,1.6507791384495767,5.379977350980394,1.5413940696601909,2,one_per_bay,True,20+13+13+10,4,56,20,13,10,22x12E,9.655268977148175,1.038,15.414258188824663,1.0747289469395866,11.553989298411732,13.864787158094078,14.09461861485709,79.63350098593351,82.33384240654102,7.235822470452083,0.0037532551275091834,0.3592827334972823,-599.6128794416252,86.78633069715703,0.1571106390967228,1232.601030023179,1813.9318972858505,15.583333333333334,False,"SOC floor violated (min 0.004, unmet 87 Wh); did not refill (end SOC 0.359)"
4.5,0.36,1.6,0.34,0.4,0.5,0.144,1.4500000000000002,1.3,1.3,0.21885521885521889,0.9411819846763545,5.523215069020468,1.3158053981621405,2,one_per_bay,True,21+21+20+10,4,72,20,21,10,16x12E,10.419709064176466,1.4472,13.992537313432836,0.6034678709848474,10.165107335077325,12.19812880209279,12.400332678748134,84.68819980247932,118.96854442627989,2.112910703096874,0.007122675123929795,0.35729066855326097,-601.5372141775499,151.407071499763,0.11135186683419698,1584.772752886944,2232.466678414971,14.666666666666668,False,"SOC floor violated (min 0.007, unmet 151 Wh); did not refill (end SOC 0.357)"
4.0,0.36,1.3,0.34,0.6,0.5,0.216,1.3900000000000001,1.56,1.56,0.21885521885521886,0.9573986751645254,5.736166853079729,1.805509264914111,2,one_per_bay,True,24+16+16+12,4,68,24,16,12,18x12E,10.062137595615864,1.35216,11.832919181161992,0.6212629479575824,10.334263550772693,12.401116260927232,12.606684985728933,106.49197961592603,109.34230853562893,3.415885143128006,0.0008972427687848408,0.35537317163600285,-603.3895161996212,464.4462956372135,0.12695432382828997,1496.7298221710023,2458.372614729867,16.083333333333332,False,"SOC floor violated (min 0.001, unmet 464 Wh); did not refill (end SOC 0.355)"
4.5,0.36,1.3,0.34,0.6,0.5,0.216,1.5474999999999999,1.69,1.69,0.21885521885521889,0.9245278918859036,5.562595817855348,1.4746104720340871,2,one_per_bay,True,26+19+19+13,4,77,26,19,13,19x10E,10.4816065827128,1.51884,13.3325432566959,0.624178179837174,9.951908253398825,11.94228990407859,12.140252833797152,117.36291895684315,121.94915216346224,2.9091688339181134,0.004584010914984844,0.4205796943074733,-605.6793412926644,605.6793412926644,0.33303191779354074,1694.826416281871,2733.7821067177247,15.916666666666666,False,"SOC floor violated (min 0.005, unmet 606 Wh); did not refill (end SOC 0.421)"
4.5,0.36,1.3,0.34,0.4,0.5,0.144,1.4500000000000002,1.3,1.3,0.21885521885521889,0.7647103625495381,5.5229502121498975,1.0772951954033838,2,one_per_bay,True,21+21+20+10,4,72,20,21,10,19x10E,10.237227335608527,1.4472,13.992537313432836,0.49031764517518855,10.075702739898752,12.090843287878501,12.291268732182862,114.39202167943085,119.069273802598,2.993922509859348,0.002969597034471857,0.3523548776780881,-606.3051881629669,577.4266802480228,0.10295775214102083,1584.772752886944,2662.046995271154,16.166666666666668,False,"SOC floor violated (min 0.003, unmet 577 Wh); did not refill (end SOC 0.352)"
4.0,0.36,1.6,0.28,0.6,0.0,0.216,0.65,1.3,1.3,0.20061728395061726,1.050843201559337,5.618161486935042,1.6526877781273723,2,one_per_bay,True,20+17+17,3,54,20,17,0,22x12E,9.876880528712709,1.2456,12.845215157353886,0.6779752841622678,10.667657159690707,12.801188591628849,13.0133891677188,77.10092574641162,79.11349011805183,7.018671085660721,0.0065608253399388455,0.3517802091752834,-606.8603179366762,56.81903820202656,0.17482103791218623,1188.579564665208,1747.361301375188,15.583333333333334,False,"SOC floor violated (min 0.007, unmet 57 Wh); did not refill (end SOC 0.352)"
4.5,0.36,1.6,0.28,0.4,0.5,0.144,1.5474999999999999,1.69,1.69,0.2006172839506173,1.0941338980685777,5.5442152073291275,1.5603849487135497,2,one_per_bay,True,26+17+17+13,4,73,26,17,13,16x12E,10.50290707846415,1.46826,13.791835233541745,0.7559860313121126,10.132152718912806,12.158583262695368,12.360131607547407,88.60870424046217,121.87407471908645,2.0810730419846566,0.006432192919460355,0.3515916692975333,-607.0424474585827,203.26001699002364,0.2583492702098387,1606.7834855659298,2311.541464491804,14.833333333333334,False,"SOC floor violated (min 0.006, unmet 203 Wh); did not refill (end SOC 0.352)"
4.5,0.4,1.6,0.28,0.6,0.0,0.24,0.426630507363234,0.853261014726468,0.0,0.1896135588011805,0.5,5.560079889891984,0.3475157341572461,2,one_per_bay,True,26+26+18,3,70,18,26,0,19x10E,10.33143335533065,1.5082608811781175,13.426059279733174,0.29458937159652465,9.914949463635624,11.897939356362748,12.095167103429494,110.35921248739909,114.5163886309819,2.9808421251840596,0.0014456819812452022,0.35077563960795316,-607.8307321387173,519.0089886634552,0.2038815932287304,1540.7512875289735,2561.1856461556513,16.166666666666668,False,"SOC floor violated (min 0.001, unmet 519 Wh); did not refill (end SOC 0.351)"
4.5,0.4,1.6,0.34,0.6,0.0,0.24,0.426630507363234,0.853261014726468,0.0,0.1896135588011805,0.5,5.560079889891984,0.3475157341572461,2,one_per_bay,True,26+26+18,3,70,18,26,0,19x10E,10.33143335533065,1.5082608811781175,13.426059279733174,0.29458937159652465,9.914949463635624,11.897939356362748,12.095167103429494,110.35921248739909,114.5163886309819,2.9808421251840596,0.0014456819812452022,0.35077563960795316,-607.8307321387173,519.0089886634552,0.2038815932287304,1540.7512875289735,2561.1856461556513,16.166666666666668,False,"SOC floor violated (min 0.001, unmet 519 Wh); did not refill (end SOC 0.351)"
5.0,0.36,1.6,0.34,0.4,0.5,0.144,1.463588302802556,0.8543532112102241,0.0,0.18985626914563208,0.5,5.366185233861235,-0.031542390190613556,2,one_per_bay,True,26+26+12,3,64,12,26,0,19x10E,10.403732125654976,1.5761350734053523,15.861584721914548,0.3025070287424461,9.732990809901985,11.679588971882382,11.873197205257524,98.6461191779896,102.05675494720892,3.0064682579021955,0.008527311014529308,0.34895422646980906,-609.5902172301644,362.32815882009476,0.1906241796203088,1408.6868914550623,2274.7919464255087,16.0,False,"SOC floor violated (min 0.009, unmet 362 Wh); did not refill (end SOC 0.349)"
4.0,0.3,1.3,0.28,0.4,0.5,0.12,1.1767718610457285,0.7070874441829142,0.0,0.15713054313962901,0.5,5.413702402999455,0.0543294059949222,2,one_per_bay,True,19+19+10,3,48,10,19,0,22x12E,9.077104836434058,1.051818934988231,15.211743645002006,0.3006424499355349,11.12888443360513,13.354661320326155,13.576036609454585,69.40546117071536,71.3912943669202,7.752792629754647,0.05079546409783116,0.34854371869112893,-609.9867677443694,0.0,0.3045982095771613,1056.515168591296,1562.2796780655374,15.666666666666668,False,"SOC floor violated (min 0.051, unmet 0 Wh); did not refill (end SOC 0.349)"
4.0,0.3,1.3,0.34,0.4,0.5,0.12,1.1767718610457285,0.7070874441829142,0.0,0.15713054313962901,0.5,5.413702402999455,0.0543294059949222,2,one_per_bay,True,19+19+10,3,48,10,19,0,22x12E,9.077104836434058,1.051818934988231,15.211743645002006,0.3006424499355349,11.12888443360513,13.354661320326155,13.576036609454585,69.40546117071536,71.3912943669202,7.752792629754647,0.05079546409783116,0.34854371869112893,-609.9867677443694,0.0,0.3045982095771613,1056.515168591296,1562.2796780655374,15.666666666666668,False,"SOC floor violated (min 0.051, unmet 0 Wh); did not refill (end SOC 0.349)"
4.5,0.36,1.3,0.34,0.4,0.5,0.144,1.5150000000000001,1.56,1.56,0.21885521885521886,0.9025613766713713,5.537004000773976,1.339544265799658,2,one_per_bay,True,24+19+19+12,4,74,24,19,12,19x10E,10.329519211134453,1.46124,13.858093126385809,0.6030873036301768,10.072278534673275,12.08673424160793,12.287091571769643,117.10941285742396,121.92055399216834,2.9555959229613644,0.0002050080508407999,0.36279394875896975,-609.9938038077765,609.9938038077765,0.14383432622379644,1628.7942182449156,2728.3131808003222,16.166666666666668,False,"SOC floor violated (min 0.000, unmet 610 Wh); did not refill (end SOC 0.363)"
4.5,0.36,1.3,0.28,1.0,1.0,0.36,2.25,1.0046813501725884,0.0,0.2232625222605752,0.5,5.753420259116057,0.5299136323648357,2,one_per_bay,True,26+26+14+7,4,73,14,26,7,19x10E,10.500906961880883,1.6199999999999999,12.500000000000002,0.2907692307692308,9.645046978361856,11.574056374034226,11.765915232505677,116.92906583857607,120.92705227046547,2.895181737383465,0.0,0.3526507836199623,-611.0415834450245,611.0415834450245,0.0873845080922185,1606.7834855659298,2717.2819749729642,16.25,False,"SOC floor violated (min 0.000, unmet 611 Wh); did not refill (end SOC 0.353)"
4.5,0.36,1.3,0.34,1.0,1.0,0.36,2.25,1.0046813501725884,0.0,0.2232625222605752,0.5,5.753420259116057,0.5299136323648357,2,one_per_bay,True,26+26+14+7,4,73,14,26,7,19x10E,10.500906961880883,1.6199999999999999,12.500000000000002,0.2907692307692308,9.645046978361856,11.574056374034226,11.765915232505677,116.92906583857607,120.92705227046547,2.895181737383465,0.0,0.3526507836199623,-611.0415834450245,611.0415834450245,0.0873845080922185,1606.7834855659298,2717.2819749729642,16.25,False,"SOC floor violated (min 0.000, unmet 611 Wh); did not refill (end SOC 0.353)"
4.0,0.3,1.3,0.28,0.6,0.5,0.18,1.3250000000000002,1.3,1.3,0.20061728395061726,1.0665760975102025,5.468238332676863,1.4040353161333146,2,one_per_bay,True,20+16+16,3,52,20,16,0,22x12E,9.389918221635785,1.119,14.298480786416443,0.701023490901396,10.97398370452292,13.168780445427505,13.387074455934401,73.50540652851623,75.6013379864866,7.450003269925578,0.009935937054052803,0.3473014302226672,-611.1868184049035,10.891089532517261,0.2441430642579417,1144.5580993072372,1661.945174077145,15.5,False,"SOC floor violated (min 0.010, unmet 11 Wh); did not refill (end SOC 0.347)"
4.0,0.3,1.6,0.28,0.6,0.5,0.18,1.1644943732591284,0.6579774930365136,0.0,0.1462172206446795,0.5,5.446790860963018,0.15350204969960135,2,one_per_bay,True,20+20+10,3,50,10,20,0,22x12E,9.393567386633855,1.0997393247910954,14.54890230740756,0.29856897154237466,11.071815736428933,13.286178883714719,13.50641896478048,71.27428874754627,73.30005396633456,7.472947332790486,0.02773784387325553,0.3470587436237883,-611.4212536594205,0.0,0.15796946677135418,1100.5366339492668,1607.6331205325796,15.583333333333334,False,"SOC floor violated (min 0.028, unmet 0 Wh); did not refill (end SOC 0.347)"
4.0,0.3,1.6,0.34,0.6,0.5,0.18,1.1644943732591284,0.6579774930365136,0.0,0.1462172206446795,0.5,5.446790860963018,0.15350204969960135,2,one_per_bay,True,20+20+10,3,50,10,20,0,22x12E,9.393567386633855,1.0997393247910954,14.54890230740756,0.29856897154237466,11.071815736428933,13.286178883714719,13.50641896478048,71.27428874754627,73.30005396633456,7.472947332790486,0.02773784387325553,0.3470587436237883,-611.4212536594205,0.0,0.15796946677135418,1100.5366339492668,1607.6331205325796,15.583333333333334,False,"SOC floor violated (min 0.028, unmet 0 Wh); did not refill (end SOC 0.347)"
4.5,0.36,1.6,0.34,0.4,0.5,0.144,1.5474999999999999,1.69,1.69,0.21885521885521889,1.1936006160748123,5.544270793287598,1.6157699886023096,2,one_per_bay,True,26+17+17+13,4,73,26,17,13,16x12E,10.541924951640356,1.46826,13.791835233541745,0.8105737904132344,10.15095554006718,12.181146648080615,12.383069017840032,89.85295332765978,122.97343998855558,2.0706753570462317,0.008689403474749967,0.34554134353861377,-612.8870621416991,223.09176904531702,0.15826952704694125,1606.7834855659298,2337.315300366964,14.916666666666668,False,"SOC floor violated (min 0.009, unmet 223 Wh); did not refill (end SOC 0.346)"
4.0,0.36,1.3,0.34,0.6,0.5,0.216,1.3250000000000002,1.3,1.3,0.21885521885521889,0.8080121950834871,5.725509293162496,1.5561222748426844,2,one_per_bay,True,20+18+18+10,4,66,20,18,10,18x12E,9.978226152889937,1.3428,11.915400655347035,0.5030202579274584,10.326887702273684,12.39226524272842,12.597687247469924,104.09587470710271,106.85606654962821,3.456383563743059,0.00431270669913098,0.3423626528201345,-615.9576773757501,437.47134362179577,0.34768660462112777,1452.708356813033,2399.922495736911,16.166666666666668,False,"SOC floor violated (min 0.004, unmet 437 Wh); did not refill (end SOC 0.342)"
5.0,0.3,1.6,0.34,0.6,0.5,0.18,1.4335814312951325,0.73432572518053,0.0,0.16318349446466088,0.5,5.207763737191765,-0.3064506934766229,2,one_per_bay,True,26+26+10,3,62,10,26,0,16x12E,9.91071348634896,1.372029771755416,18.2211789530006,0.3081591755629522,10.181672936361585,12.2180075236339,12.420540922515464,96.05553764015187,98.62263699519183,2.31446956774643,0.009291086972998613,0.3410399589695168,-617.2353996354468,329.43166418264104,0.20507087066690843,1364.6654260970909,2205.655773257705,16.083333333333332,False,"SOC floor violated (min 0.009, unmet 329 Wh); did not refill (end SOC 0.341)"
4.5,0.36,1.3,0.28,0.6,0.5,0.216,1.3582788216710497,0.9331152866841987,0.0,0.20735895247435593,0.5,5.538107277342919,0.3194634558422136,2,one_per_bay,True,24+24+14+7,4,69,14,24,7,19x10E,10.202993499313378,1.491592150320631,13.576097189601784,0.29515924277757216,9.908027644654378,11.889633173585255,12.086723232127385,109.32424922112739,113.43043463739825,3.0227301333237557,0.0005004249520492079,0.34059916965933884,-617.6612021090787,505.82476785461154,0.15513613108721575,1518.740554849988,2535.9471004011716,16.166666666666668,False,"SOC floor violated (min 0.001, unmet 506 Wh); did not refill (end SOC 0.341)"
5.0,0.36,1.3,0.34,0.6,0.0,0.216,0.4478819785745004,0.8957639571490008,0.0,0.1990586571241603,0.5,5.2977619395932125,-0.1290166068188583,2,one_per_bay,True,25+25+12,3,62,12,25,0,19x10E,10.052535111563689,1.504495004914728,16.61687138763013,0.30449090756565,9.79243896930019,11.750926763160226,11.945717536757925,95.3945195417227,98.75326539317422,3.1289028501542724,0.00853829570866027,0.33925398230544823,-618.960653092937,318.353170619791,0.19418517083504244,1364.6654260970909,2196.3384358129606,16.0,False,"SOC floor violated (min 0.009, unmet 318 Wh); did not refill (end SOC 0.339)"
4.0,0.3,1.6,0.34,0.4,0.0,0.12,0.845,1.69,1.69,0.21885521885521889,2.274274856209309,5.339604526032244,1.6339222201948744,2,one_per_bay,True,26+13+9+9,4,57,26,9,13,22x12E,9.659354985037064,0.9921,16.12740651144038,1.5823955010030244,11.820743343613954,14.184892012336745,14.420029729060957,83.89263229453914,87.00264431500086,7.206755982759638,0.0029984759881689343,0.3380621189596224,-620.1119930850047,149.47388685479666,0.09742670548797012,1254.6117627021638,1919.0807742377403,15.75,False,"SOC floor violated (min 0.003, unmet 149 Wh); did not refill (end SOC 0.338)"
4.0,0.3,1.3,0.28,0.4,0.5,0.12,1.3250000000000002,1.3,1.3,0.20061728395061726,1.1238504702881968,5.447724803486776,1.366401265499389,2,one_per_bay,True,20+16+16,3,52,20,16,0,22x12E,9.31815396625117,1.0785,14.83541956420955,0.7430155818845285,11.135335731983677,13.362402878380411,13.583906496457924,74.22255834725053,76.4085691311993,7.515623840831735,0.007106643397300121,0.3376714831870099,-620.4893472413485,19.32606761686979,0.1495788282579274,1144.5580993072372,1679.7403244322581,15.583333333333334,False,"SOC floor violated (min 0.007, unmet 19 Wh); did not refill (end SOC 0.338)"
4.5,0.36,1.3,0.28,0.4,0.5,0.144,1.5474999999999999,1.69,1.69,0.2006172839506173,0.8889837921807194,5.5439527893434715,1.3704929522030989,2,one_per_bay,True,26+17+17+13,4,73,26,17,13,19x10E,10.320647275721209,1.46826,13.791835233541745,0.6142386504410915,10.043854978047356,12.052625973656827,12.25241790365614,116.9451825330761,121.66605492265423,2.958422905214435,0.009917451513694556,0.3566524059793688,-621.0162840036046,621.0162840036046,0.29301923628187626,1606.7834855659298,2723.271141813045,16.25,False,"SOC floor violated (min 0.010, unmet 621 Wh); did not refill (end SOC 0.357)"
4.5,0.3,1.6,0.34,0.4,0.0,0.12,0.28771221945048153,0.5754244389009631,0.0,0.12787209744810138,0.5,5.11615552299861,-0.49600617492498067,2,one_per_bay,True,17+17+8,3,42,8,17,0,22x12E,9.121472492931504,0.9967881995010865,20.31524852534927,0.312075617175238,11.45986447550302,13.751837370603623,13.979796500449243,64.46834490506025,66.5640912544842,7.772274064357483,0.10817318082565397,0.3350423560855244,-623.0290840213834,0.0,0.17392512457597795,924.4507725173842,1444.0062485168296,16.0,False,"SOC floor violated (min 0.108, unmet 0 Wh); did not refill (end SOC 0.335)"
4.5,0.36,1.6,0.34,0.6,0.5,0.216,1.4500000000000002,1.3,1.3,0.21885521885521889,0.890290089594159,5.550306062254739,1.3503949088519855,2,one_per_bay,True,22+22+20+10,4,74,20,22,10,19x10E,10.585794480146989,1.5048,13.456937799043063,0.567047959251152,10.0477954909186,12.05735458910232,12.257224903613702,117.73652900471251,122.51509793549715,2.881088659165676,0.004458178800962637,0.36245607698946586,-623.9832411897623,623.9832411897623,0.09428899761306178,1628.7942182449156,2742.710605326672,16.25,False,"SOC floor violated (min 0.004, unmet 624 Wh); did not refill (end SOC 0.362)"
4.5,0.4,1.6,0.28,0.4,0.0,0.16000000000000003,0.3908048928230273,0.7816097856460545,0.0,0.17369106342916554,0.5,5.420136087753828,0.0950614909498495,2,one_per_bay,True,22+22+18,3,62,18,22,0,17x12E,9.928052218099388,1.3537931742775267,14.9579717084973,0.2998703188534767,10.258983128330529,12.310779753996634,12.514851003882205,96.93897239656644,99.44690206734879,2.8224103661090725,0.0071696753841328075,0.33240116110398865,-625.580478373547,341.77491573133744,0.13638211465382827,1364.6654260970909,2226.389780744632,16.083333333333332,False,"SOC floor violated (min 0.007, unmet 342 Wh); did not refill (end SOC 0.332)"
4.5,0.4,1.6,0.34,0.4,0.0,0.16000000000000003,0.3908048928230273,0.7816097856460545,0.0,0.17369106342916554,0.5,5.420136087753828,0.0950614909498495,2,one_per_bay,True,22+22+18,3,62,18,22,0,17x12E,9.928052218099388,1.3537931742775267,14.9579717084973,0.2998703188534767,10.258983128330529,12.310779753996634,12.514851003882205,96.93897239656644,99.44690206734879,2.8224103661090725,0.0071696753841328075,0.33240116110398865,-625.580478373547,341.77491573133744,0.13638211465382827,1364.6654260970909,2226.389780744632,16.083333333333332,False,"SOC floor violated (min 0.007, unmet 342 Wh); did not refill (end SOC 0.332)"
4.0,0.3,1.6,0.34,0.4,0.0,0.12,0.78,1.56,1.56,0.21885521885521886,2.1456394005413624,5.324876895496461,1.578309795191586,2,one_per_bay,True,24+12+10+10,4,56,24,10,12,22x12E,9.6050697190741,0.9803999999999999,16.31986944104447,1.4701822446770125,11.85760717617256,14.229128611407072,14.464999621898482,82.93983378517471,86.04207346606331,7.253678227560644,0.006435719262104105,0.3307641481289351,-627.1618329074486,141.3361396971923,0.29388130467374174,1232.6010300231787,1895.890968238126,15.833333333333332,False,"SOC floor violated (min 0.006, unmet 141 Wh); did not refill (end SOC 0.331)"
6.0,0.3,1.3,0.34,0.4,0.0,0.12,0.3677616452701203,0.7355232905402406,0.0,0.16344962003527752,0.5,4.916354969846494,-0.9118802321074924,2,one_per_bay,True,23+23+10,3,56,10,23,0,16x12E,9.568071845450243,1.3261970961486216,27.145286401656865,0.32065005589446827,10.175520341348099,12.210624409617719,12.413035421344656,84.02728310122352,86.24787190197434,2.45698338689676,0.006420777586075158,0.3290868304131673,-628.7821218208803,158.6167149020688,0.2595815653552383,1232.6010300231787,1914.789602968838,15.833333333333332,False,"SOC floor violated (min 0.006, unmet 159 Wh); did not refill (end SOC 0.329)"
4.5,0.45,1.6,0.28,0.4,0.0,0.18000000000000002,0.4437516691652656,0.8875033383305312,0.0,0.19722296395081448,0.5,5.587741224417599,0.3975746370078679,2,one_per_bay,True,25+25+18,3,68,18,25,0,19x10E,10.393665485153631,1.5373129506746217,13.172334228442985,0.2935961384946479,9.8503502708506,11.820420325020718,12.016363067730955,110.27852989376578,114.32573976517575,2.9617503781118284,0.0070909118939552224,0.32262226168536484,-635.0268952119375,532.1251614940088,0.16616763748202482,1496.7298221710025,2557.713326464522,16.333333333333336,False,"SOC floor violated (min 0.007, unmet 532 Wh); did not refill (end SOC 0.323)"
4.5,0.45,1.6,0.34,0.4,0.0,0.18000000000000002,0.4437516691652656,0.8875033383305312,0.0,0.19722296395081448,0.5,5.587741224417599,0.3975746370078679,2,one_per_bay,True,25+25+18,3,68,18,25,0,19x10E,10.393665485153631,1.5373129506746217,13.172334228442985,0.2935961384946479,9.8503502708506,11.820420325020718,12.016363067730955,110.27852989376578,114.32573976517575,2.9617503781118284,0.0070909118939552224,0.32262226168536484,-635.0268952119375,532.1251614940088,0.16616763748202482,1496.7298221710025,2557.713326464522,16.333333333333336,False,"SOC floor violated (min 0.007, unmet 532 Wh); did not refill (end SOC 0.323)"
4.0,0.3,1.6,0.28,0.6,0.5,0.18,1.3250000000000002,1.3,1.3,0.20061728395061726,1.3127090430894799,5.468609687537818,1.5718576678099354,2,one_per_bay,True,20+16+16,3,52,20,16,0,22x12E,9.62543663471271,1.119,14.298480786416443,0.862798142647872,11.110756393623893,13.332907672348671,13.553922359287714,76.34754741212545,78.59671295192541,7.2583557976568205,0.008181606359267892,0.3203000530054424,-637.2701487967427,53.76796703659248,0.15339054143975162,1144.5580993072374,1730.8967535943632,15.75,False,"SOC floor violated (min 0.008, unmet 54 Wh); did not refill (end SOC 0.320)"
4.5,0.36,1.3,0.34,0.4,0.5,0.144,1.5474999999999999,1.69,1.69,0.21885521885521889,0.969800500560785,5.544009355084975,1.4386755992978753,2,one_per_bay,True,26+17+17+13,4,73,26,17,13,19x10E,10.359665148897415,1.46826,13.791835233541745,0.658591204710753,10.062822788715653,12.075387346458784,12.275556583329767,118.13634490759479,122.9824183197786,2.942502022288971,0.008031971243918107,0.34481544645727186,-638.6176163578671,638.6176163578671,0.15752133277835628,1606.7834855659298,2752.4255072756746,16.333333333333336,False,"SOC floor violated (min 0.008, unmet 639 Wh); did not refill (end SOC 0.345)"
4.0,0.36,1.6,0.28,0.6,0.0,0.216,0.36122152190996115,0.7224430438199223,0.0,0.16054289860965415,0.5,5.5733350503320445,0.37108646555853975,2,one_per_bay,True,20+20+10,3,50,10,20,0,22x12E,9.616311990761574,1.2040158991550345,13.288861061742315,0.2940570043730623,10.706231032006398,12.847477238407677,13.060445124301918,72.60781515172359,74.48906722576163,7.247682693666384,0.009622106286180428,0.3187119986456079,-638.8042093083427,3.4971041122619657,0.2967672027173632,1100.5366339492666,1638.2646642583534,15.666666666666668,False,"SOC floor violated (min 0.010, unmet 3 Wh); did not refill (end SOC 0.319)"
4.0,0.36,1.6,0.34,0.6,0.0,0.216,0.36122152190996115,0.7224430438199223,0.0,0.16054289860965415,0.5,5.5733350503320445,0.37108646555853975,2,one_per_bay,True,20+20+10,3,50,10,20,0,22x12E,9.616311990761574,1.2040158991550345,13.288861061742315,0.2940570043730623,10.706231032006398,12.847477238407677,13.060445124301918,72.60781515172359,74.48906722576163,7.247682693666384,0.009622106286180428,0.3187119986456079,-638.8042093083427,3.4971041122619657,0.2967672027173632,1100.5366339492666,1638.2646642583534,15.666666666666668,False,"SOC floor violated (min 0.010, unmet 3 Wh); did not refill (end SOC 0.319)"
4.5,0.36,1.3,0.34,1.0,1.0,0.36,2.25,1.3,1.3,0.21885521885521889,0.6341997940077503,5.753550446105818,1.0975571449312216,2,one_per_bay,True,24+24+20+10,4,78,20,24,10,19x10E,10.592500561454681,1.6199999999999999,12.500000000000002,0.3985394574535354,9.687019853851199,11.624423824621438,11.817117605721695,119.77914395717961,123.96080624205233,2.860038791177701,0.003471226516309869,0.42147382780558723,-638.9552092148251,638.9552092148251,0.2673952064004628,1716.837148960857,2788.1527532512755,16.0,False,"SOC floor violated (min 0.003, unmet 639 Wh); did not refill (end SOC 0.421)"
5.5,0.3,1.6,0.34,0.6,0.0,0.18,0.3483344655398164,0.6966689310796328,0.0,0.15481531796011447,0.5,5.048693322339438,-0.6376771384866662,2,one_per_bay,True,24+24+10,3,58,10,24,0,16x12E,9.851540748202657,1.361800135864778,22.213244956676757,0.3149874095140314,10.189288092675763,12.227145711210916,12.429830590453413,90.02363733300562,92.42480399844285,2.358155196441879,0.009109726688829154,0.3181974842472736,-639.3012302171336,248.9608413341796,0.17809734381967363,1276.6224953811497,2059.576532093512,16.083333333333332,False,"SOC floor violated (min 0.009, unmet 249 Wh); did not refill (end SOC 0.318)"
4.5,0.36,1.6,0.28,0.6,0.5,0.216,1.5150000000000001,1.56,1.56,0.2006172839506173,0.9682588922146578,5.558658039333456,1.5132189588069758,2,one_per_bay,True,24+20+20+12,4,76,24,20,12,19x10E,10.632786445843621,1.51416,13.373751783166904,0.6549935763879015,10.038899589840037,12.046679507808044,12.246372865438879,119.33210010210092,124.15132713737236,2.861740193110996,0.0033736339880218007,0.3839655419929525,-640.0757639566124,640.0757639566124,0.23641982067042733,1672.8156836028854,2781.721014226703,16.166666666666668,False,"SOC floor violated (min 0.003, unmet 640 Wh); did not refill (end SOC 0.384)"
4.0,0.3,1.6,0.28,0.4,0.5,0.12,1.3250000000000002,1.3,1.3,0.20061728395061726,1.3832005788162423,5.4480995781928065,1.5256765287980323,2,one_per_bay,True,20+16+16,3,52,20,16,0,22x12E,9.55405173971271,1.0785,14.83541956420955,0.9144807161655736,11.275405487339663,13.530486584807596,13.754776464416986,77.19593786307823,79.57829206173352,7.317406950375753,0.00641648202251799,0.31019451754917055,-647.0320960475013,65.46438421704786,0.3258762852274467,1144.5580993072374,1752.1584013362306,15.833333333333332,False,"SOC floor violated (min 0.006, unmet 65 Wh); did not refill (end SOC 0.310)"
4.0,0.3,1.3,0.34,0.4,0.0,0.12,0.65,1.3,1.3,0.21885521885521889,1.519827908716798,5.295090875735794,1.3238006909062272,2,one_per_bay,True,20+11+11+10,4,52,20,11,10,22x12E,9.243463332532789,0.9570000000000001,16.718913270637408,1.0009861286034147,11.773615314133878,14.128338376960652,14.36253862495523,77.22212805069591,79.98583492552252,7.579752947751217,0.006005457518361003,0.30649043530757547,-650.6102394928821,65.55290901323377,0.25795247459594606,1144.5580993072374,1755.9013460277854,15.833333333333332,False,"SOC floor violated (min 0.006, unmet 66 Wh); did not refill (end SOC 0.306)"
4.5,0.4,1.3,0.28,0.4,0.0,0.16000000000000003,0.4370924833503401,0.8741849667006802,0.0,0.1942633258237398,0.5,5.430543963288365,0.11274501007272075,2,one_per_bay,True,21+21+18,3,60,18,21,0,16x12E,9.72824314138925,1.3649021960040817,14.836227869868152,0.29949052326559433,10.113812343835916,12.136574812603099,12.33775833150519,68.19693323388935,105.7582175135127,2.317777757853666,0.06146739665442687,0.3034422720302164,-653.554765218811,0.0,0.12388405366706579,1320.6439607391203,1870.4284912464611,14.583333333333332,False,"SOC floor violated (min 0.061, unmet 0 Wh); did not refill (end SOC 0.303)"
4.5,0.4,1.3,0.34,0.4,0.0,0.16000000000000003,0.4370924833503401,0.8741849667006802,0.0,0.1942633258237398,0.5,5.430543963288365,0.11274501007272075,2,one_per_bay,True,21+21+18,3,60,18,21,0,16x12E,9.72824314138925,1.3649021960040817,14.836227869868152,0.29949052326559433,10.113812343835916,12.136574812603099,12.33775833150519,68.19693323388935,105.7582175135127,2.317777757853666,0.06146739665442687,0.3034422720302164,-653.554765218811,0.0,0.12388405366706579,1320.6439607391203,1870.4284912464611,14.583333333333332,False,"SOC floor violated (min 0.061, unmet 0 Wh); did not refill (end SOC 0.303)"
4.5,0.36,1.3,0.28,1.0,1.0,0.36,2.25,1.56,1.56,0.2006172839506173,0.6976197734085253,5.753593472389901,1.319548248024016,2,one_per_bay,True,24+22+22+12,4,80,24,22,12,19x10E,10.622947194451314,1.6199999999999999,12.500000000000002,0.4661150512214343,9.700931842902708,11.64111821148325,11.834088729269649,121.20527481222375,125.46955344051992,2.8465097259673744,0.0044935201155087215,0.4468037280904511,-654.6952411868157,654.6952411868157,0.1377551744430825,1760.8586143188277,2823.396181072097,15.916666666666666,False,"SOC floor violated (min 0.004, unmet 655 Wh); did not refill (end SOC 0.447)"
5.0,0.36,1.6,0.34,0.4,0.0,0.144,0.3667479449487575,0.733495889897515,0.0,0.1629990866292552,0.5,5.186081926450241,-0.3478032386732308,2,one_per_bay,True,23+23+10,3,56,10,23,0,17x12E,9.831694789342464,1.3392175561089317,18.66761668853638,0.3090678215316769,10.264482918102786,12.317379501723343,12.521560153189839,87.44347941146314,89.68491815284993,2.899490132024555,0.0065148540420173345,0.30142861642208363,-655.4999565362672,213.40552015470203,0.13469135933092602,1232.601030023179,1996.3882292444264,16.083333333333332,False,"SOC floor violated (min 0.007, unmet 213 Wh); did not refill (end SOC 0.301)"
4.5,0.36,1.6,0.28,0.6,0.5,0.216,1.5474999999999999,1.69,1.69,0.2006172839506173,1.0430571087943525,5.562866489483852,1.6023190608993971,2,one_per_bay,True,26+19+19+13,4,77,26,19,13,19x10E,10.67258349490967,1.51884,13.3325432566959,0.7164838850436276,10.042161852384538,12.050594222861445,12.250352473278102,120.63669820606717,125.5270963761167,2.8458297428592556,0.0033120957192917036,0.3908903567342554,-657.1443839640879,657.1443839640879,0.26202013846623845,1694.8264162818712,2813.9964091251595,16.083333333333332,False,"SOC floor violated (min 0.003, unmet 657 Wh); did not refill (end SOC 0.391)"
4.5,0.36,1.6,0.34,0.6,0.5,0.216,1.5150000000000001,1.56,1.56,0.21885521885521886,1.0562824278705356,5.558709943221636,1.5757984942549677,2,one_per_bay,True,24+20+20+12,4,76,24,20,12,19x10E,10.669665738772913,1.51416,13.373751783166904,0.7014918057370865,10.056294232680237,12.067553079216284,12.267592450332208,120.46300252310769,125.39977425805928,2.847479748670809,0.0024759522678709494,0.3734188089361601,-657.851976102058,657.851976102058,0.1323825606131841,1672.8156836028854,2809.7834391450506,16.166666666666668,False,"SOC floor violated (min 0.002, unmet 658 Wh); did not refill (end SOC 0.373)"
4.5,0.36,1.6,0.28,1.0,1.0,0.36,2.25,0.9056075308874147,0.0,0.20124611797498104,0.5,5.753637734444426,0.5303129687173902,2,one_per_bay,True,26+26+12+6,4,70,12,26,6,19x10E,10.654359617476013,1.6199999999999999,12.500000000000002,0.2907692307692308,9.715264251204292,11.658317101445151,11.85157271887928,118.64954286079819,122.8152781253578,2.849455826516863,0.005587007147847324,0.2918816336052381,-664.7223419373399,659.4304823138947,0.19197381042327422,1540.7512875289738,2758.4848985379667,16.583333333333332,False,"SOC floor violated (min 0.006, unmet 659 Wh); did not refill (end SOC 0.292)"
5.0,0.36,1.3,0.34,0.4,0.0,0.144,0.4097021380205588,0.8194042760411177,0.0,0.18208983908605936,0.5,5.192140058452075,-0.33590912277901896,2,one_per_bay,True,23+23+12,3,58,12,23,0,16x12E,9.65720672806746,1.3484956618124406,18.53917717940512,0.30881088938303464,10.137933463789844,12.165520156547812,12.367183491727605,93.32126439479217,95.66561398125013,2.3848891402798924,0.008088489418293609,0.29162313425154757,-664.972052313005,301.5605485668539,0.1038799414245671,1276.62249538115,2137.8790547700505,16.25,False,"SOC floor violated (min 0.008, unmet 302 Wh); did not refill (end SOC 0.292)"
4.5,0.36,1.3,0.28,1.0,1.0,0.36,2.25,1.3,1.3,0.20061728395061726,0.581349811173771,5.753234953059285,0.9929901718530401,2,one_per_bay,True,24+24+20,3,68,20,24,0,19x10E,10.371898429019215,1.6199999999999999,12.500000000000002,0.3731607655873904,9.585616935659774,11.502740322791729,11.693417001417155,114.99547654368762,118.83090650412306,2.9367109703896377,0.0069413109635717875,0.2885062194327754,-667.982992027939,609.9129593279715,0.2369361456874408,1496.7298221710025,2668.3375425884137,16.583333333333332,False,"SOC floor violated (min 0.007, unmet 610 Wh); did not refill (end SOC 0.289)"
4.5,0.36,1.3,0.34,1.0,1.0,0.36,2.25,1.56,1.56,0.21885521885521886,0.7610397528093004,5.753645424269617,1.4063635152536162,2,one_per_bay,True,24+22+22+12,4,80,24,22,12,19x10E,10.659826487380606,1.6199999999999999,12.500000000000002,0.4992047261985914,9.717756436389712,11.661307723667653,11.854612915541997,122.26284680743271,126.60166112486336,2.8330194332334564,0.004778182399011111,0.43771466831809525,-671.7539666335445,671.7539666335445,0.36246663853549776,1760.8586143188277,2849.0188379178458,16.0,False,"SOC floor violated (min 0.005, unmet 672 Wh); did not refill (end SOC 0.438)"
4.5,0.36,1.3,0.28,1.0,1.0,0.36,2.25,1.69,1.69,0.2006172839506173,0.7557547545259022,5.753615363543502,1.4392688711338568,2,one_per_bay,True,26+20+20+13,4,79,26,20,13,19x10E,10.638471577167362,1.6199999999999999,12.500000000000002,0.5130316158658873,9.708017729425016,11.64962127531002,11.842732745245483,122.05995387722068,126.37361692389341,2.8391146910254936,0.004395379802411746,0.42123919825044526,-672.5267649059018,672.5267649059018,0.20219255205778452,1738.847881639842,2843.9481974266823,16.0,False,"SOC floor violated (min 0.004, unmet 673 Wh); did not refill (end SOC 0.421)"
4.5,0.36,1.6,0.34,0.6,0.5,0.216,1.5474999999999999,1.69,1.69,0.21885521885521889,1.1378804823211122,5.562921193328046,1.6604079564210628,2,one_per_bay,True,26+19+19+13,4,77,26,19,13,19x10E,10.711601368085876,1.51884,13.3325432566959,0.7682192982611374,10.0605016636382,12.07260199636584,12.2727250615169,121.85816459603275,126.87599540926061,2.8307772578745456,0.0017319669811270023,0.3788848872310588,-675.3507930837795,675.3507930837795,0.14860575961989278,1694.8264162818712,2843.9022916750755,16.166666666666668,False,"SOC floor violated (min 0.002, unmet 675 Wh); did not refill (end SOC 0.379)"
4.0,0.4,1.6,0.28,0.6,0.0,0.24,0.4034013545605723,0.8068027091211446,0.0,0.17928949087896515,0.49999999999999994,5.734309056310301,0.6635468165351392,2,one_per_bay,True,22+22+18,3,62,18,22,0,17x12E,9.916345458895325,1.3445442167296915,11.899943342076533,0.28797645217894374,10.288136761769131,12.345764114122957,12.550415286827397,67.38545518003525,113.58495798483438,2.761060126871287,0.057863396086756023,0.277069313071281,-679.0310435731425,0.0,0.1487752120279815,1364.6654260970913,1939.9961595334955,14.416666666666666,False,"SOC floor violated (min 0.058, unmet 0 Wh); did not refill (end SOC 0.277)"
4.0,0.4,1.6,0.34,0.6,0.0,0.24,0.4034013545605723,0.8068027091211446,0.0,0.17928949087896515,0.49999999999999994,5.734309056310301,0.6635468165351392,2,one_per_bay,True,22+22+18,3,62,18,22,0,17x12E,9.916345458895325,1.3445442167296915,11.899943342076533,0.28797645217894374,10.288136761769131,12.345764114122957,12.550415286827397,67.38545518003525,113.58495798483438,2.761060126871287,0.057863396086756023,0.277069313071281,-679.0310435731425,0.0,0.1487752120279815,1364.6654260970913,1939.9961595334955,14.416666666666666,False,"SOC floor violated (min 0.058, unmet 0 Wh); did not refill (end SOC 0.277)"
4.0,0.3,1.6,0.34,0.4,0.0,0.12,0.65,1.3,1.3,0.21885521885521889,1.870557426112982,5.295470440556915,1.4442299794136075,2,one_per_bay,True,20+11+11+10,4,52,20,11,10,22x12E,9.480499187148176,0.9570000000000001,16.718913270637408,1.231982927511895,11.923618797760483,14.30834255731258,14.54552666813332,80.82391971331356,83.8917174858385,7.3627064831418645,0.005653665845894745,0.2744376246638139,-681.5732545747559,122.87199733688372,0.3235866847401934,1144.5580993072374,1844.0608054853426,16.083333333333332,False,"SOC floor violated (min 0.006, unmet 123 Wh); did not refill (end SOC 0.274)"
4.0,0.36,1.3,0.28,0.4,0.0,0.144,0.3695019793824801,0.7390039587649602,0.0,0.16422310188046796,0.5,5.4400331504069666,0.1304977797680289,2,one_per_bay,True,17+17+10,3,44,10,17,0,22x12E,9.134797030793527,1.0878124275466157,14.708418101166028,0.2990850392304082,10.97794099743609,13.173529196923306,13.391901925730144,68.80666934797131,70.71881664709805,7.6957223335418075,0.044359406362313905,0.27420360485415024,-681.7993177108908,0.0,0.08482098841463544,968.472237875355,1546.4978971360679,16.083333333333332,False,"SOC floor violated (min 0.044, unmet 0 Wh); did not refill (end SOC 0.274)"
4.0,0.36,1.3,0.34,0.4,0.0,0.144,0.3695019793824801,0.7390039587649602,0.0,0.16422310188046796,0.5,5.4400331504069666,0.1304977797680289,2,one_per_bay,True,17+17+10,3,44,10,17,0,22x12E,9.134797030793527,1.0878124275466157,14.708418101166028,0.2990850392304082,10.97794099743609,13.173529196923306,13.391901925730144,68.80666934797131,70.71881664709805,7.6957223335418075,0.044359406362313905,0.27420360485415024,-681.7993177108908,0.0,0.08482098841463544,968.472237875355,1546.4978971360679,16.083333333333332,False,"SOC floor violated (min 0.044, unmet 0 Wh); did not refill (end SOC 0.274)"
4.0,0.36,1.3,0.28,0.4,0.0,0.144,0.65,1.3,1.3,0.20061728395061726,0.9674830437433319,5.51477313036084,1.374416540755552,2,one_per_bay,True,20+14+14,3,48,20,14,0,22x12E,9.422313755174248,1.1484,13.932427725531173,0.633176123376718,10.851271713157814,13.021526055789376,13.237379084657007,73.27311899659857,75.28476420159592,7.411192167944734,0.008322517756567553,0.27374938619432687,-682.2380929362803,20.41909954632945,0.3301853953416476,1056.5151685912963,1654.648017558348,16.0,False,"SOC floor violated (min 0.008, unmet 20 Wh); did not refill (end SOC 0.274)"
4.0,0.45,1.3,0.28,0.4,0.0,0.18000000000000002,0.4710318751196979,0.9420637502393958,0.0,0.2093475000183069,0.5,5.78615196512827,0.7543595610485347,2,one_per_bay,True,21+21+21+7,4,70,21,21,7,16x12E,9.991431202663668,1.3871786062823184,11.534203257993212,0.28613169493515045,10.167076920377905,12.200492304453485,12.402735360014676,93.45534491643404,125.80502866258125,2.1742517359384737,0.00793380465505517,0.2725967058248038,-683.3515821732395,287.18456035759533,0.15942132370039747,1540.7512875289738,2405.988010773211,15.25,False,"SOC floor violated (min 0.008, unmet 287 Wh); did not refill (end SOC 0.273)"
4.5,0.36,1.3,0.28,0.6,0.0,0.216,0.4259422355063571,0.8518844710127143,0.0,0.18930766019842743,0.5,5.422457648236486,0.09794487754487191,2,one_per_bay,True,23+23+12,3,58,12,23,0,16x12E,9.679825071641245,1.3573356819129154,14.918932928559974,0.299749207468938,10.116692991011796,12.140031589214155,12.341272409825615,67.78627610074943,105.44988637979324,2.3310980203846228,0.05968387662953318,0.2703246816826301,-685.5463574945793,0.0,0.23756674352509793,1276.6224953811493,1858.3976556890755,14.666666666666668,False,"SOC floor violated (min 0.060, unmet 0 Wh); did not refill (end SOC 0.270)"
4.5,0.36,1.3,0.34,0.6,0.0,0.216,0.4259422355063571,0.8518844710127143,0.0,0.18930766019842743,0.5,5.422457648236486,0.09794487754487191,2,one_per_bay,True,23+23+12,3,58,12,23,0,16x12E,9.679825071641245,1.3573356819129154,14.918932928559974,0.299749207468938,10.116692991011796,12.140031589214155,12.341272409825615,67.78627610074943,105.44988637979324,2.3310980203846228,0.05968387662953318,0.2703246816826301,-685.5463574945793,0.0,0.23756674352509793,1276.6224953811493,1858.3976556890755,14.666666666666668,False,"SOC floor violated (min 0.060, unmet 0 Wh); did not refill (end SOC 0.270)"
4.5,0.36,1.3,0.34,1.0,1.0,0.36,2.25,1.69,1.69,0.21885521885521889,0.8244597322100753,5.753670242473135,1.5194064832237444,2,one_per_bay,True,26+20+20+13,4,79,26,20,13,19x10E,10.67748945034357,1.6199999999999999,12.500000000000002,0.5500762768757468,9.725804096868735,11.670964916242482,11.864430191831953,123.20388483448404,127.59809160372151,2.8248001775387714,0.004290640220419674,0.41147849523474433,-690.7267283918454,690.7267283918454,0.10015299540544238,1738.847881639842,2871.680706284057,16.083333333333332,False,"SOC floor violated (min 0.004, unmet 691 Wh); did not refill (end SOC 0.411)"
4.5,0.36,1.3,0.28,0.4,0.5,0.144,1.3507978314067701,0.9031913256270812,0.0,0.20070918344207722,0.5,5.5014140994803595,0.2123407751020263,2,one_per_bay,True,23+23+12+6,4,64,12,23,6,19x10E,10.030848652956234,1.4257723315838622,14.202828566258315,0.2974094929512588,10.04829083907382,12.057949006888583,12.257829174844101,109.02678991821561,113.3659823646526,3.0788161103482494,0.00995516628148338,0.2639808809318224,-691.6744690198594,533.8718200262882,0.08570823916939455,1408.686891455062,2528.463702644375,16.666666666666664,False,"SOC floor violated (min 0.010, unmet 534 Wh); did not refill (end SOC 0.264)"
4.5,0.36,1.3,0.28,0.6,0.5,0.216,1.4500000000000002,1.3,1.3,0.20061728395061726,0.6630806396456496,5.5496537758346065,1.006443056027078,2,one_per_bay,True,22+22+20,3,64,20,22,0,19x10E,10.135049611788444,1.5048,13.456937799043063,0.43138775319799455,9.83155011828162,11.797860141937942,11.993428912824191,108.67143095945417,112.6311082280309,3.0439364076486153,0.004451100673001373,0.2637793196339779,-691.8691772335773,522.4744079495629,0.14694775055453607,1408.686891455062,2517.1519763297965,16.666666666666664,False,"SOC floor violated (min 0.004, unmet 522 Wh); did not refill (end SOC 0.264)"
4.5,0.36,1.6,0.28,1.0,1.0,0.36,2.25,1.3,1.3,0.20061728395061726,0.7155074599061797,5.753562225356459,1.300017767009125,2,one_per_bay,True,24+24+20,3,68,20,24,0,19x10E,10.600827211711522,1.6199999999999999,12.500000000000002,0.4592747884152497,9.690826536727497,11.628991844072997,11.821761347544834,118.85037785539745,122.99587396586278,2.8618772716530074,0.008101945710521915,0.2596835491849641,-695.8256914873247,675.727031335627,0.08942687093411313,1496.7298221710025,2762.1184573212136,16.833333333333332,False,"SOC floor violated (min 0.008, unmet 676 Wh); did not refill (end SOC 0.260)"
4.0,0.3,1.6,0.28,0.4,0.5,0.12,1.1589138994069248,0.6356555976276993,0.0,0.14125679946670897,0.5,5.4099575574602845,0.04824341966003276,2,one_per_bay,True,19+19+8,3,46,8,19,0,22x12E,9.262598897692785,1.0486045018932464,15.258374316639054,0.30078153597977814,11.259238515572022,13.511086218686426,13.73505450559075,71.22140098308776,73.34219822270036,7.592266284931732,0.01279577890409693,0.25773251862160457,-697.71038701153,0.0,0.13793566206926872,1012.4937032333256,1606.1032684077056,16.083333333333332,False,"SOC floor violated (min 0.013, unmet 0 Wh); did not refill (end SOC 0.258)"
4.0,0.3,1.6,0.34,0.4,0.5,0.12,1.1589138994069248,0.6356555976276993,0.0,0.14125679946670897,0.5,5.4099575574602845,0.04824341966003276,2,one_per_bay,True,19+19+8,3,46,8,19,0,22x12E,9.262598897692785,1.0486045018932464,15.258374316639054,0.30078153597977814,11.259238515572022,13.511086218686426,13.73505450559075,71.22140098308776,73.34219822270036,7.592266284931732,0.01279577890409693,0.25773251862160457,-697.71038701153,0.0,0.13793566206926872,1012.4937032333256,1606.1032684077056,16.083333333333332,False,"SOC floor violated (min 0.013, unmet 0 Wh); did not refill (end SOC 0.258)"
4.5,0.36,1.3,0.34,0.6,0.5,0.216,1.3582788216710497,0.9331152866841987,0.0,0.20735895247435593,0.5,5.537864366622873,0.31901741406980433,2,one_per_bay,True,24+24+14,3,62,14,24,0,19x10E,10.038993499313378,1.491592150320631,13.576097189601784,0.29515924277757216,9.82807566019457,11.793690792233482,11.989190449349328,106.01504010677513,109.8485828578972,3.0850352510608126,0.00923109421155508,0.2548684324547603,-700.4770942487015,493.2234210572671,0.353685000636459,1364.665426097091,2452.473609404166,16.666666666666664,False,"SOC floor violated (min 0.009, unmet 493 Wh); did not refill (end SOC 0.255)"
4.0,0.36,1.6,0.28,0.4,0.0,0.144,0.65,1.3,1.3,0.20061728395061726,1.1907483615302545,5.515142796619845,1.5591350875772179,2,one_per_bay,True,20+14+14,3,48,20,14,0,22x12E,9.657556780712708,1.1484,13.932427725531173,0.7792936903098069,10.985896229776138,13.183075475731366,13.401606449676777,75.99645780955726,78.18142734011963,7.22662895510401,0.009289771346067646,0.25168736991921953,-703.5500006580339,65.42417551485094,0.17487558602308795,1056.515168591296,1721.0305820854437,16.166666666666668,False,"SOC floor violated (min 0.009, unmet 65 Wh); did not refill (end SOC 0.252)"
4.5,0.36,1.6,0.34,1.0,1.0,0.36,2.25,1.3,1.3,0.21885521885521889,0.7805535926249234,5.753870974892921,1.3849468646281062,2,one_per_bay,True,24+24+20+10,4,78,20,24,10,19x10E,10.821429344146988,1.6199999999999999,12.500000000000002,0.49051010148127433,9.791139901801102,11.749367882161323,11.944132814764364,123.84401214871451,128.36429765425052,2.7874399247407147,0.0063269469639667154,0.38960188330751244,-707.5382765394951,707.5382765394951,0.16382220081088167,1716.837148960857,2887.6651946958555,16.166666666666668,False,"SOC floor violated (min 0.006, unmet 708 Wh); did not refill (end SOC 0.390)"
4.0,0.3,1.3,0.34,0.6,0.0,0.18,0.3327984198905627,0.6655968397811254,0.0,0.14791040860603513,0.5,5.338715797330054,-0.05517216118131385,2,one_per_bay,True,16+16+10,3,42,10,16,0,22x12E,8.92008377894894,0.9999358103868674,16.001027099739257,0.3028873929673744,11.314799301884202,13.577759162261042,13.802832661930173,68.34378601976363,70.42268054573715,7.9099674711782475,0.04286665489705788,0.2393835479873866,-715.4354926441846,0.0,0.11848931656641662,924.4507725173842,1536.1890558401356,16.333333333333336,False,"SOC floor violated (min 0.043, unmet 0 Wh); did not refill (end SOC 0.239)"
4.0,0.3,1.3,0.28,0.6,0.0,0.18,0.65,1.3,1.3,0.20061728395061726,1.2294865458244242,5.37925068084238,1.3553289413231613,2,one_per_bay,True,20+13+13,3,46,20,13,0,22x12E,9.198389710866554,1.038,15.414258188824663,0.8176114527056614,11.277314061718188,13.532776874061826,13.757104718950428,73.26116791993246,75.50537532012738,7.63035770255883,0.009601510742805752,0.23741509445255957,-717.3370187588274,30.02245649349974,0.113000290569655,1012.4937032333255,1655.6606374298924,16.25,False,"SOC floor violated (min 0.010, unmet 30 Wh); did not refill (end SOC 0.237)"
4.5,0.36,1.6,0.28,0.6,0.5,0.216,1.4500000000000002,1.3,1.3,0.20061728395061726,0.8160992487946456,5.549990367224563,1.2758649508787785,2,one_per_bay,True,22+22+20,3,64,20,22,0,19x10E,10.365192347711522,1.5048,13.456937799043063,0.5309387731667625,9.942549019692436,11.931058823630922,12.128835579876293,112.7156211104085,117.03967579097142,2.961566837219938,0.0094249847407134,0.23710730537702995,-717.634343005789,595.3913462136904,0.17101717046594206,1408.6868914550619,2615.8036273037765,16.916666666666668,False,"SOC floor violated (min 0.009, unmet 595 Wh); did not refill (end SOC 0.237)"
4.5,0.36,1.6,0.28,0.6,0.0,0.216,0.38213259298716656,0.7642651859743331,0.0,0.16983670798193184,0.5,5.417519051712334,0.08808009096241776,2,one_per_bay,True,23+23+10,3,56,10,23,0,17x12E,9.859217855401887,1.3510270933901518,14.988596527095828,0.2999648857027826,10.23381711631275,12.280580539575299,12.484151188235304,96.39405306694229,98.86497048310287,2.842331479362444,0.006914575252392042,0.23162674352711285,-722.9285657528089,361.0391015556371,0.10251671643723506,1232.601030023179,2211.3714248737774,16.75,False,"SOC floor violated (min 0.007, unmet 361 Wh); did not refill (end SOC 0.232)"
4.5,0.36,1.6,0.34,0.6,0.0,0.216,0.38213259298716656,0.7642651859743331,0.0,0.16983670798193184,0.5,5.417519051712334,0.08808009096241776,2,one_per_bay,True,23+23+10,3,56,10,23,0,17x12E,9.859217855401887,1.3510270933901518,14.988596527095828,0.2999648857027826,10.23381711631275,12.280580539575299,12.484151188235304,96.39405306694229,98.86497048310287,2.842331479362444,0.006914575252392042,0.23162674352711285,-722.9285657528089,361.0391015556371,0.10251671643723506,1232.601030023179,2211.3714248737774,16.75,False,"SOC floor violated (min 0.007, unmet 361 Wh); did not refill (end SOC 0.232)"
4.5,0.36,1.6,0.28,1.0,1.0,0.36,2.25,1.56,1.56,0.2006172839506173,0.8586089518874157,5.753913092227693,1.565263208270379,2,one_per_bay,True,24+22+22+12,4,80,24,22,12,19x10E,10.85187597714362,1.6199999999999999,12.500000000000002,0.5736800630417652,9.804904158041431,11.765884989649717,11.960923720244192,125.37990757480698,129.9930309504181,2.7738697166612543,0.007408008634222512,0.41333064581017787,-724.760704170461,724.760704170461,0.34301730166869504,1760.8586143188277,2925.6383418522955,16.083333333333332,False,"SOC floor violated (min 0.007, unmet 725 Wh); did not refill (end SOC 0.413)"
4.5,0.36,1.6,0.28,0.6,0.5,0.216,1.334833955011557,0.8393358200462289,0.0,0.186519071053231,0.5,5.5351597915845705,0.31398014260794316,2,one_per_bay,True,25+25+12,3,62,12,25,0,19x10E,10.217173370219303,1.4882160895216643,13.606894954689452,0.2952746636392945,9.926149979469573,11.911379975363486,12.108830522608088,108.43345840419089,112.52498318031134,3.02289952673888,0.001246313715352101,0.2277293611093381,-726.6934371683794,526.2812696524684,0.2868355163231631,1364.6654260970913,2511.725595929441,16.833333333333332,False,"SOC floor violated (min 0.001, unmet 526 Wh); did not refill (end SOC 0.228)"
4.5,0.36,1.6,0.34,0.6,0.5,0.216,1.334833955011557,0.8393358200462289,0.0,0.186519071053231,0.5,5.5351597915845705,0.31398014260794316,2,one_per_bay,True,25+25+12,3,62,12,25,0,19x10E,10.217173370219303,1.4882160895216643,13.606894954689452,0.2952746636392945,9.926149979469573,11.911379975363486,12.108830522608088,108.43345840419089,112.52498318031134,3.02289952673888,0.001246313715352101,0.2277293611093381,-726.6934371683794,526.2812696524684,0.2868355163231631,1364.6654260970913,2511.725595929441,16.833333333333332,False,"SOC floor violated (min 0.001, unmet 526 Wh); did not refill (end SOC 0.228)"
4.0,0.36,1.6,0.28,0.4,0.0,0.144,0.33049322809804865,0.6609864561960973,0.0,0.14688587912555987,0.5,5.430070125385483,0.11354619529052057,2,one_per_bay,True,17+17+10,3,44,10,17,0,22x12E,9.32320049850111,1.0793865372691784,14.823234724123584,0.29944962100181677,11.13377557046722,13.360530684560663,13.582003267972585,70.64790658240608,72.67746107293766,7.538943747704336,0.013301262510666068,0.2274823527647416,-726.9320472292596,0.0,0.2858649238601636,968.4722378753551,1591.2788052793742,16.25,False,"SOC floor violated (min 0.013, unmet 0 Wh); did not refill (end SOC 0.227)"
4.0,0.36,1.6,0.34,0.4,0.0,0.144,0.33049322809804865,0.6609864561960973,0.0,0.14688587912555987,0.5,5.430070125385483,0.11354619529052057,2,one_per_bay,True,17+17+10,3,44,10,17,0,22x12E,9.32320049850111,1.0793865372691784,14.823234724123584,0.29944962100181677,11.13377557046722,13.360530684560663,13.582003267972585,70.64790658240608,72.67746107293766,7.538943747704336,0.013301262510666068,0.2274823527647416,-726.9320472292596,0.0,0.2858649238601636,968.4722378753551,1591.2788052793742,16.25,False,"SOC floor violated (min 0.013, unmet 0 Wh); did not refill (end SOC 0.227)"
4.5,0.36,1.3,0.28,0.4,0.5,0.144,1.4500000000000002,1.3,1.3,0.20061728395061726,0.7009844990037432,5.522623650103276,0.9904818990433355,2,one_per_bay,True,21+21+20,3,62,20,21,0,19x10E,10.01662520317306,1.4472,13.992537313432836,0.45909458758148547,9.96655078976324,11.959860947715887,12.15811514613623,109.38159398673653,113.59917854801817,3.080009075653713,0.0005532866051475398,0.21963493404378392,-734.5126537137047,541.6479636660464,0.14759016509599832,1364.6654260970913,2535.032812990749,16.916666666666668,False,"SOC floor violated (min 0.001, unmet 542 Wh); did not refill (end SOC 0.220)"
4.0,0.36,1.3,0.34,1.0,1.0,0.36,2.0,1.56,1.56,0.21885521885521886,0.8561697219104628,5.937307865943751,1.8717811432063276,2,one_per_bay,True,24+18+18+12,4,72,24,18,12,16x12E,10.218489980333162,1.44,11.11111111111111,0.5482337618073815,10.091612474412713,12.109934969295255,12.310676889352331,109.86825088960484,138.48489628598065,2.0662404366527594,0.008646904677080283,0.21834062417506217,-735.7629570468899,531.1139622439317,0.2899171897126275,1584.7727528869448,2745.7711845215276,16.0,False,"SOC floor violated (min 0.009, unmet 531 Wh); did not refill (end SOC 0.218)"
4.5,0.36,1.6,0.34,1.0,1.0,0.36,2.25,0.9056075308874147,0.0,0.20124611797498104,0.5,5.753416622227329,0.529906954173387,2,one_per_bay,True,26+26+12,3,64,12,26,0,19x10E,10.498359617476012,1.6199999999999999,12.500000000000002,0.2907692307692308,9.6438770438625,11.572652452635,11.76448803881985,115.4147368197931,119.34274761618505,2.902345549314842,0.0009170105323651704,0.21262978162641344,-741.2796309488846,633.1788191140575,0.16788587620704237,1408.6868914550619,2677.1224250167525,17.083333333333336,False,"SOC floor violated (min 0.001, unmet 633 Wh); did not refill (end SOC 0.213)"
4.0,0.36,1.6,0.28,0.6,0.5,0.216,1.1980636454752494,0.7922545819009975,0.0,0.1760565736713846,0.49999999999999994,5.704820371707404,0.6214368745917591,2,one_per_bay,True,22+22+12,3,56,12,22,0,18x12E,9.8342917879938,1.3245211649484359,12.079837169399166,0.28884283425156393,10.322634326714628,12.387161192057553,12.592498588835896,99.19911483856201,101.77217739926199,3.532956338665315,0.007473035398106988,0.21112769738644785,-742.7306443246913,409.044004313207,0.2362924538381037,1232.6010300231787,2279.0046159304507,16.916666666666668,False,"SOC floor violated (min 0.007, unmet 409 Wh); did not refill (end SOC 0.211)"
4.0,0.36,1.6,0.34,0.6,0.5,0.216,1.1980636454752494,0.7922545819009975,0.0,0.1760565736713846,0.49999999999999994,5.704820371707404,0.6214368745917591,2,one_per_bay,True,22+22+12,3,56,12,22,0,18x12E,9.8342917879938,1.3245211649484359,12.079837169399166,0.28884283425156393,10.322634326714628,12.387161192057553,12.592498588835896,99.19911483856201,101.77217739926199,3.532956338665315,0.007473035398106988,0.21112769738644785,-742.7306443246913,409.044004313207,0.2362924538381037,1232.6010300231787,2279.0046159304507,16.916666666666668,False,"SOC floor violated (min 0.007, unmet 409 Wh); did not refill (end SOC 0.211)"
4.5,0.36,1.6,0.34,1.0,1.0,0.36,2.25,1.56,1.56,0.21885521885521886,0.9366643111499081,5.75396394999901,1.63577994446266,2,one_per_bay,True,24+22+22+12,4,80,24,22,12,19x10E,10.888755270072915,1.6199999999999999,12.500000000000002,0.6144058168598048,9.8215506456327,11.78586077475924,11.981230636566867,126.50775343896328,131.20608491519445,2.760469379956665,0.007601484324826845,0.404152276680525,-743.1025731992594,743.1025731992594,0.20548985227919303,1760.8586143188277,2952.9896790989264,16.166666666666668,False,"SOC floor violated (min 0.008, unmet 743 Wh); did not refill (end SOC 0.404)"
4.5,0.36,1.6,0.28,1.0,1.0,0.36,2.25,1.69,1.69,0.2006172839506173,0.9301596978780335,5.753934521900279,1.6625086209165811,2,one_per_bay,True,26+20+20+13,4,79,26,20,13,19x10E,10.867400359859671,1.6199999999999999,12.500000000000002,0.6314235272195535,9.811914958995766,11.774297950794919,11.96947613993958,126.30045579002,130.96919891571804,2.766434142986327,0.007425992658226245,0.38820508961789757,-743.9067862017218,743.9067862017218,0.08598872396207469,1738.8478816398422,2947.393698184644,16.25,False,"SOC floor violated (min 0.007, unmet 744 Wh); did not refill (end SOC 0.388)"
4.0,0.36,1.6,0.28,0.4,0.5,0.144,1.1916324633003623,0.7665298532014491,0.0,0.17033996735780524,0.5,5.660037093153809,0.49978638137329856,2,one_per_bay,True,21+21+10,3,52,10,21,0,19x12E,9.703490668456137,1.2653926120728782,12.644296993160022,0.29140128121906755,10.490587204991382,12.588704645989658,12.79738295417833,90.62064743812965,93.01394806779567,4.392773400611915,0.009741383913165572,0.2095690579895536,-744.2362899820912,288.17322380905546,0.15519527583044615,1144.5580993072374,2072.04752636105,16.833333333333332,False,"SOC floor violated (min 0.010, unmet 288 Wh); did not refill (end SOC 0.210)"
4.0,0.36,1.6,0.34,0.4,0.5,0.144,1.1916324633003623,0.7665298532014491,0.0,0.17033996735780524,0.5,5.660037093153809,0.49978638137329856,2,one_per_bay,True,21+21+10,3,52,10,21,0,19x12E,9.703490668456137,1.2653926120728782,12.644296993160022,0.29140128121906755,10.490587204991382,12.588704645989658,12.79738295417833,90.62064743812965,93.01394806779567,4.392773400611915,0.009741383913165572,0.2095690579895536,-744.2362899820912,288.17322380905546,0.15519527583044615,1144.5580993072374,2072.04752636105,16.833333333333332,False,"SOC floor violated (min 0.010, unmet 288 Wh); did not refill (end SOC 0.210)"
4.0,0.3,1.6,0.28,0.6,0.0,0.18,0.65,1.3,1.3,0.20061728395061726,1.5132142102454451,5.379630876667006,1.5010703440262676,2,one_per_bay,True,20+13+13,3,46,20,13,0,22x12E,9.434666844712709,1.038,15.414258188824663,1.00629101871466,11.421234723471368,13.70548166816564,13.932672376650075,76.32963599464222,78.79257147132319,7.423922629970376,0.004731619440093301,0.2072445637980958,-746.4817513710395,75.75241986838326,0.14008213284751037,1012.4937032333255,1730.3832799465197,16.5,False,"SOC floor violated (min 0.005, unmet 76 Wh); did not refill (end SOC 0.207)"
4.0,0.4,1.3,0.34,0.4,0.5,0.16000000000000003,1.2378385233258826,0.95135409330353,0.0,0.21141202065549464,0.5,5.835451898489365,0.8151155373411729,2,one_per_bay,True,26+26+21,3,73,21,26,0,19x10E,10.003230973808956,1.417081245598212,11.290813458790572,0.28483783075190194,10.065172501864456,12.078207002237347,12.278422979500933,124.87422993187316,129.96060621067983,3.0187683578054525,0.005608232611130096,0.2902967587561361,-747.6033829884661,747.6033829884661,0.3126424565675118,1606.78348556593,2913.85774638631,16.75,False,"SOC floor violated (min 0.006, unmet 748 Wh); did not refill (end SOC 0.290)"
4.0,0.36,1.6,0.28,0.4,0.5,0.144,1.3250000000000002,1.3,1.3,0.20061728395061726,0.9605559575112793,5.696160782199088,1.66829084318397,2,one_per_bay,True,20+17+17,3,54,20,17,0,19x12E,9.906355914711522,1.2942,12.362849636841291,0.6152653152478892,10.481048125641871,12.577257750770245,12.785746308003949,95.55400332105111,98.1082795536763,4.273008425692013,0.0028661221758339954,0.19945872337265322,-754.002873222017,354.0379622349335,0.23271630832684426,1188.5795646652082,2191.3888696863255,16.916666666666668,False,"SOC floor violated (min 0.003, unmet 354 Wh); did not refill (end SOC 0.199)"
5.5,0.3,1.3,0.34,0.6,0.0,0.18,0.3878193054161349,0.7756386108322698,0.0,0.1723641356264474,0.5,5.051810780047727,-0.6330940153732016,2,one_per_bay,True,24+24+10,3,58,10,24,0,16x12E,9.665662424186909,1.366538316649936,22.13622525723082,0.3148789705667194,10.075192534051386,12.090231040861662,12.29064633617332,119.7249304557576,90.63510372876924,2.40067406200461,0.005163344845685747,0.288540387252275,-755.2245390336307,755.2245390336307,2.5496966519563586,1276.622495381149,2590.980131712489,18.416666666666668,False,"SOC floor violated (min 0.005, unmet 755 Wh); did not refill (end SOC 0.289)"
4.5,0.36,1.6,0.28,0.6,0.0,0.216,0.65,1.3,1.3,0.20061728395061726,0.9496019178857085,5.450014520723553,1.2516260128557113,2,one_per_bay,True,20+20+20,3,60,20,20,0,16x12E,10.081289499741,1.3896,14.572538860103627,0.6260492523395333,10.203791826213894,12.244550191456673,12.447523578341118,110.1419059640825,113.03132324125103,2.2133602534891312,0.005257918628598897,0.19582259676490965,-757.5153715250973,570.5874862684628,0.2961684744394013,1320.64396073912,2542.9093097588743,17.25,False,"SOC floor violated (min 0.005, unmet 571 Wh); did not refill (end SOC 0.196)"
4.5,0.36,1.6,0.28,0.4,0.5,0.144,1.3279157997136048,0.8116631988544195,0.0,0.18036959972990377,0.5,5.496576574488277,0.20437960482538164,2,one_per_bay,True,24+24+12,3,60,12,24,0,19x10E,10.06911736704795,1.4208298127381387,14.252234728222238,0.2975784679484564,10.08493539017915,12.101922468214978,12.302531568000484,108.76146786037327,113.15061221281394,3.068853707041341,0.0010116695985655962,0.19078375625167399,-762.3828914608829,543.4032840267213,0.2762869791789164,1320.64396073912,2520.633477086677,17.083333333333336,False,"SOC floor violated (min 0.001, unmet 543 Wh); did not refill (end SOC 0.191)"
4.5,0.36,1.6,0.34,0.4,0.5,0.144,1.3279157997136048,0.8116631988544195,0.0,0.18036959972990377,0.5,5.496576574488277,0.20437960482538164,2,one_per_bay,True,24+24+12,3,60,12,24,0,19x10E,10.06911736704795,1.4208298127381387,14.252234728222238,0.2975784679484564,10.08493539017915,12.101922468214978,12.302531568000484,108.76146786037327,113.15061221281394,3.068853707041341,0.0010116695985655962,0.19078375625167399,-762.3828914608829,543.4032840267213,0.2762869791789164,1320.64396073912,2520.633477086677,17.083333333333336,False,"SOC floor violated (min 0.001, unmet 543 Wh); did not refill (end SOC 0.191)"
4.5,0.36,1.3,0.34,0.4,0.5,0.144,1.3507978314067701,0.9031913256270812,0.0,0.20070918344207722,0.5,5.5011791348100205,0.21190932416398,2,one_per_bay,True,23+23+12,3,58,12,23,0,19x10E,9.874848652956233,1.4257723315838622,14.202828566258315,0.2974094929512588,9.969849031118521,11.963818837342226,12.162138644237347,105.7423271802022,109.7920219154031,3.140916161485733,0.009435403055448727,0.1901641546904118,-762.9814265690621,511.3923474464599,0.19822795048134859,1276.6224953811497,2445.4887663487257,17.166666666666668,False,"SOC floor violated (min 0.009, unmet 511 Wh); did not refill (end SOC 0.190)"
4.0,0.36,1.3,0.34,1.0,1.0,0.36,2.0,1.69,1.69,0.21885521885521889,0.9275171987363346,5.937333755120216,1.9721651969734415,2,one_per_bay,True,26+16+16+13,4,71,26,16,13,16x12E,10.236152943296124,1.44,11.11111111111111,0.6041016254974717,10.100330534398696,12.120396641278434,12.321311980608714,111.15524709047956,139.55214860747262,2.059227552529623,0.0026221390611185814,0.19016275869571878,-762.9827750999357,552.5881027626177,0.18718719152252322,1562.7620202079602,2772.5347338476945,16.083333333333332,False,"SOC floor violated (min 0.003, unmet 553 Wh); did not refill (end SOC 0.190)"
4.5,0.36,1.6,0.34,1.0,1.0,0.36,2.25,1.69,1.69,0.21885521885521889,1.0147196704124004,5.753988246839059,1.7276013460330342,2,one_per_bay,True,26+20+20+13,4,79,26,20,13,19x10E,10.906418233035877,1.6199999999999999,12.500000000000002,0.6770169561547653,9.829513327647666,11.7954159931772,11.99094424831201,127.51758651433015,132.27936485033854,2.752219931331439,0.006900078076969834,0.3774201568678401,-763.1789956236009,763.1789956236009,0.2380680783809102,1738.8478816398422,2976.9290435866537,16.333333333333336,False,"SOC floor violated (min 0.007, unmet 763 Wh); did not refill (end SOC 0.377)"
4.5,0.36,1.6,0.28,0.4,0.5,0.144,1.4500000000000002,1.3,1.3,0.20061728395061726,0.8627501526199914,5.52296506403087,1.2453596663617186,2,one_per_bay,True,21+21+20,3,62,20,21,0,19x10E,10.247374915711523,1.4472,13.992537313432836,0.5650394924079819,10.080695237998238,12.096834285597886,12.297359040459101,113.71905883161473,118.35063580653241,2.9940097568871704,0.002335600652638513,0.18905300543645867,-764.0547967483809,617.608384098587,0.11291343702906786,1364.665426097091,2640.520556539457,17.25,False,"SOC floor violated (min 0.002, unmet 618 Wh); did not refill (end SOC 0.189)"
4.0,0.3,1.6,0.34,0.6,0.0,0.18,0.298732218071772,0.597464436143544,0.0,0.13276987457934858,0.5,5.334819876357821,-0.06306843686357455,2,one_per_bay,True,17+17+8,3,42,8,17,0,22x12E,9.122951332202684,0.9958478661686126,16.06671113486219,0.30306427510528194,11.466203089318215,13.759443707181857,13.987528924460085,70.58236355318459,72.82033198356109,7.723911013227011,0.009887386244366005,0.18811716534343853,-764.9588182782383,5.17293835375042,0.2422142328535545,924.450772517384,1590.5749911350558,16.583333333333332,False,"SOC floor violated (min 0.010, unmet 5 Wh); did not refill (end SOC 0.188)"
4.0,0.36,1.6,0.28,0.6,0.5,0.216,1.3250000000000002,1.3,1.3,0.20061728395061726,0.9116035021454724,5.725528540518257,1.7149989094179214,2,one_per_bay,True,20+18+18,3,56,20,18,0,18x12E,9.99104611614678,1.3428,11.915400655347035,0.5796779169730071,10.333519533553186,12.400223440263824,12.605777365107087,103.5656650514296,106.29487697337102,3.455571075042436,0.009609890148771623,0.1822280695568048,-770.6476848081265,486.0978781350363,0.1521922883069185,1232.6010300231787,2383.9981417074055,17.25,False,"SOC floor violated (min 0.010, unmet 486 Wh); did not refill (end SOC 0.182)"
4.0,0.36,1.6,0.34,1.0,1.0,0.36,2.0,1.3,1.3,0.21885521885521889,0.8781227917030389,5.937548255371908,1.8527775504644872,2,one_per_bay,True,20+20+20+10,4,70,20,20,10,16x12E,10.383675685176467,1.44,11.11111111111111,0.5386852007338994,10.172852811854511,12.207423374225414,12.409781323570725,111.47292340796497,140.08498267422198,2.034987950947914,0.006982305423393448,0.17627014680045963,-776.403038190756,565.6348488552212,0.1624030908266434,1540.7512875289735,2777.093621104634,16.25,False,"SOC floor violated (min 0.007, unmet 566 Wh); did not refill (end SOC 0.176)"
4.0,0.36,1.3,0.28,0.4,0.5,0.144,1.3250000000000002,1.3,1.3,0.20061728395061726,0.7804517154779145,5.695776303357726,1.4395787684276182,2,one_per_bay,True,20+17+17,3,54,20,17,0,18x12E,9.655506913992934,1.2942,12.362849636841291,0.4999030686389099,10.34749656980401,12.41699588376481,12.6228278392103,100.08847699471362,102.72303494037855,3.596245533789702,0.007873440774655727,0.17286755782723154,-779.6899391388944,436.81519062994096,0.1280565516722009,1188.5795646652084,2299.906714006367,17.25,False,"SOC floor violated (min 0.008, unmet 437 Wh); did not refill (end SOC 0.173)"
4.0,0.36,1.3,0.28,0.4,0.5,0.144,1.2132812680256477,0.8531250721025913,0.0,0.18958334931624998,0.5,5.6655312314436,0.5088562164264245,2,one_per_bay,True,20+20+12,3,52,12,20,0,18x12E,9.500605642747987,1.2700687538935398,12.597743193783947,0.29119894816768577,10.361210074774405,12.433452089729286,12.639556833624136,96.13821614475637,98.65082689120497,3.6786938851964535,0.006020462809093827,0.16666183538319942,-785.6846670198294,379.0749703195285,0.14561798305257528,1144.5580993072374,2204.2773100126847,17.25,False,"SOC floor violated (min 0.006, unmet 379 Wh); did not refill (end SOC 0.167)"
4.0,0.36,1.3,0.34,0.4,0.5,0.144,1.2132812680256477,0.8531250721025913,0.0,0.18958334931624998,0.5,5.6655312314436,0.5088562164264245,2,one_per_bay,True,20+20+12,3,52,12,20,0,18x12E,9.500605642747987,1.2700687538935398,12.597743193783947,0.29119894816768577,10.361210074774405,12.433452089729286,12.639556833624136,96.13821614475637,98.65082689120497,3.6786938851964535,0.006020462809093827,0.16666183538319942,-785.6846670198294,379.0749703195285,0.14561798305257528,1144.5580993072374,2204.2773100126847,17.25,False,"SOC floor violated (min 0.006, unmet 379 Wh); did not refill (end SOC 0.167)"
5.0,0.3,1.3,0.34,0.6,0.5,0.18,1.4540034507457689,0.8160138029830752,0.0,0.1813364006269029,0.5,5.209933853451902,-0.3038333870872818,2,one_per_bay,True,26+26+12,3,64,12,26,0,16x12E,9.737700322112415,1.3744804140894922,18.18869133654476,0.3080913116286506,10.083408783341643,12.10009054000997,12.300669272598114,124.62724373254873,96.98326254464347,2.3534298311689805,0.0006816408358107928,0.3530862551071648,-793.1805947505178,793.1805947505178,2.3947908942120257,1408.6868914550619,2698.27896715678,17.75,False,"SOC floor violated (min 0.001, unmet 793 Wh); did not refill (end SOC 0.353)"
4.0,0.4,1.3,0.28,0.6,0.0,0.24,0.4500270848225105,0.900054169645021,0.0,0.2000120376205875,0.5,5.741972947197273,0.6784408243236713,2,one_per_bay,True,21+21+18,3,60,18,21,0,16x12E,9.709600882922265,1.3520043335716017,11.834281594151891,0.28765365867818826,10.152198405900718,12.18263808708086,12.384585179873827,86.9190536012542,120.59461483862933,2.2588602986177237,0.008203102598394756,0.15019853231670752,-801.5882177820605,229.02128512401453,0.09572160374339114,1320.64396073912,2246.686963408238,15.666666666666668,False,"SOC floor violated (min 0.008, unmet 229 Wh); did not refill (end SOC 0.150)"
4.0,0.4,1.3,0.34,0.6,0.0,0.24,0.4500270848225105,0.900054169645021,0.0,0.2000120376205875,0.5,5.741972947197273,0.6784408243236713,2,one_per_bay,True,21+21+18,3,60,18,21,0,16x12E,9.709600882922265,1.3520043335716017,11.834281594151891,0.28765365867818826,10.152198405900718,12.18263808708086,12.384585179873827,86.9190536012542,120.59461483862933,2.2588602986177237,0.008203102598394756,0.15019853231670752,-801.5882177820605,229.02128512401453,0.09572160374339114,1320.64396073912,2246.686963408238,15.666666666666668,False,"SOC floor violated (min 0.008, unmet 229 Wh); did not refill (end SOC 0.150)"
4.0,0.45,1.3,0.28,0.6,0.0,0.27,0.5098574397874889,1.0197148795749778,0.0,0.22660330639021117,0.5,5.948310960395261,1.052921383156788,2,one_per_bay,True,25+25+21+7,4,78,21,25,7,19x10E,10.401063486705478,1.531774339161748,10.44540281877021,0.2798751488554378,9.87165406815419,11.845984881785027,12.042351398712327,130.09948949977445,135.02292676449736,2.8767346167705017,0.0025121273427395636,0.3350623875055467,-806.4989676438535,806.4989676438535,0.11935293467680926,1716.837148960857,3039.3135274800125,16.5,False,"SOC floor violated (min 0.003, unmet 806 Wh); did not refill (end SOC 0.335)"
4.0,0.45,1.3,0.34,0.6,0.0,0.27,0.5098574397874889,1.0197148795749778,0.0,0.22660330639021117,0.5,5.948310960395261,1.052921383156788,2,one_per_bay,True,25+25+21+7,4,78,21,25,7,19x10E,10.401063486705478,1.531774339161748,10.44540281877021,0.2798751488554378,9.87165406815419,11.845984881785027,12.042351398712327,130.09948949977445,135.02292676449736,2.8767346167705017,0.0025121273427395636,0.3350623875055467,-806.4989676438535,806.4989676438535,0.11935293467680926,1716.837148960857,3039.3135274800125,16.5,False,"SOC floor violated (min 0.003, unmet 806 Wh); did not refill (end SOC 0.335)"
4.0,0.45,1.6,0.34,0.6,0.0,0.27,0.4567166790459668,0.9134333580919336,0.0,0.20298519060049552,0.5,5.9379614961794775,1.0330955662702799,2,one_per_bay,True,25+25+21,3,71,21,25,0,19x10E,10.396147664130652,1.5222090022282742,10.51104018999922,0.28028903359422475,9.90028110567043,11.880337326804517,12.07727329152731,128.62759730502412,133.52804620549333,2.885086580156531,0.007474035439358035,0.23470970738345126,-824.7048109018211,824.7048109018211,0.09189959651818687,1562.7620202079602,3000.9571068821724,17.083333333333336,False,"SOC floor violated (min 0.007, unmet 825 Wh); did not refill (end SOC 0.235)"
4.0,0.45,1.3,0.28,0.4,0.5,0.18000000000000002,1.2687815315068947,1.0751261260275788,0.0,0.23891691672869642,0.5,6.049706253816442,1.2009307082407767,2,one_per_bay,True,26+26+24+8,4,84,24,26,8,19x10E,10.60535215466616,1.6025710135068616,9.983956944901708,0.27681183120563035,9.74546025584481,11.69455230701377,11.888408582069763,134.2704740861368,139.12264148845986,2.7998556966630264,0.0027304521029204703,0.408572733086458,-846.7412100983628,846.7412100983628,0.10274331760101063,1848.9015450347686,3140.095675435266,16.25,False,"SOC floor violated (min 0.003, unmet 847 Wh); did not refill (end SOC 0.409)"
4.0,0.45,1.3,0.34,0.4,0.5,0.18000000000000002,1.2687815315068947,1.0751261260275788,0.0,0.23891691672869642,0.5,6.049706253816442,1.2009307082407767,2,one_per_bay,True,26+26+24+8,4,84,24,26,8,19x10E,10.60535215466616,1.6025710135068616,9.983956944901708,0.27681183120563035,9.74546025584481,11.69455230701377,11.888408582069763,134.2704740861368,139.12264148845986,2.7998556966630264,0.0027304521029204703,0.408572733086458,-846.7412100983628,846.7412100983628,0.10274331760101063,1848.9015450347686,3140.095675435266,16.25,False,"SOC floor violated (min 0.003, unmet 847 Wh); did not refill (end SOC 0.409)"
4.0,0.3,1.3,0.34,0.4,0.0,0.12,0.3039104742554,0.6078209485108,0.0,0.1350713216415838,0.5,5.225917597586992,-0.27322022081339314,2,one_per_bay,True,14+14+8,3,36,8,14,0,22x12E,8.662974033821005,0.894703885365972,17.883011644076316,0.3074406974426994,11.788058811978878,14.145670574374654,14.38015813180537,68.49120254791731,70.93354109447279,8.156812295709425,0.00912871276719195,0.10303965104936727,-847.1436970863111,3.6669974118752204,0.256388329989246,792.3863764434723,1539.460533490418,17.583333333333332,False,"SOC floor violated (min 0.009, unmet 4 Wh); did not refill (end SOC 0.103)"
4.0,0.45,1.6,0.28,0.6,0.0,0.27,0.4567166790459668,0.9134333580919336,0.0,0.20298519060049552,0.5,5.9381961267928745,1.0335264038003982,2,one_per_bay,True,25+25+21+7,4,78,21,25,7,19x10E,10.560147664130652,1.5222090022282742,10.51104018999922,0.28028903359422475,9.978064380917978,11.973677257101572,12.172160483380548,132.76108512341017,138.01304974718377,2.825851227037093,0.0007674085516826759,0.31131440532297705,-849.0453247467624,849.0453247467624,0.1171020214657498,1716.8371489608571,3104.7804502028457,16.666666666666664,False,"SOC floor violated (min 0.001, unmet 849 Wh); did not refill (end SOC 0.311)"
4.0,0.3,1.6,0.34,0.4,0.0,0.12,0.27217613832466364,0.5443522766493273,0.0,0.1209671724716342,0.5,5.219395476427898,-0.28433446738655244,2,one_per_bay,True,14+14+8,3,36,8,14,0,22x12E,8.867193245802339,0.8889917048984394,17.997918216602347,0.3076878590143144,11.964448415868695,14.357338099042433,14.59533439086547,71.2129498853007,73.93013769604356,7.943692084830011,0.0067398787835340965,0.08243556420235391,-867.0472449805261,49.99242656504079,0.1291054397757172,792.3863764434723,1605.6403564292386,17.916666666666668,False,"SOC floor violated (min 0.007, unmet 50 Wh); did not refill (end SOC 0.082)"
4.0,0.36,1.3,0.28,0.6,0.5,0.216,1.3250000000000002,1.3,1.3,0.20061728395061726,0.7406778454931964,5.725126001819804,1.4739928776000921,2,one_per_bay,True,20+18+18,3,56,20,18,0,16x12E,9.726327709048693,1.3428,11.915400655347035,0.4709883075405683,10.195704315508625,12.23484517861035,12.437657689080686,119.34764508356305,122.47969123185223,2.251092342100067,0.0,0.07639881636132533,-872.8787433949598,760.8238626992608,0.2575511261041955,1232.6010300231778,2760.786724284032,18.75,False,"SOC floor violated (min 0.000, unmet 761 Wh); did not refill (end SOC 0.076)"
4.0,0.36,1.3,0.28,0.6,0.5,0.216,1.2202214234589919,0.8808856938359675,0.0,0.19575237625719447,0.5,5.708024242049603,0.627374102407396,2,one_per_bay,True,21+21+12,3,54,12,21,0,16x12E,9.600893265724478,1.3277118849780947,12.050807242916243,0.28870477427611074,10.187141736205376,12.224570083446451,12.42721226745862,115.44771237605843,118.44211908215976,2.2977738890083064,0.0015589437933293798,0.0735793700081744,-875.6023285721035,707.9268779849484,0.19223578207390798,1188.579564665208,2666.4657322324306,18.75,False,"SOC floor violated (min 0.002, unmet 708 Wh); did not refill (end SOC 0.074)"
4.0,0.36,1.3,0.34,0.6,0.5,0.216,1.2202214234589919,0.8808856938359675,0.0,0.19575237625719447,0.5,5.708024242049603,0.627374102407396,2,one_per_bay,True,21+21+12,3,54,12,21,0,16x12E,9.600893265724478,1.3277118849780947,12.050807242916243,0.28870477427611074,10.187141736205376,12.224570083446451,12.42721226745862,115.44771237605843,118.44211908215976,2.2977738890083064,0.0015589437933293798,0.0735793700081744,-875.6023285721035,707.9268779849484,0.19223578207390798,1188.579564665208,2666.4657322324306,18.75,False,"SOC floor violated (min 0.002, unmet 708 Wh); did not refill (end SOC 0.074)"
4.0,0.36,1.3,0.34,1.0,1.0,0.36,2.0,0.9472226608515915,0.0,0.210493924633687,0.5,5.936853640831384,0.8601264317462909,2,one_per_bay,True,22+22+14,3,58,14,22,0,19x10E,9.91350513587881,1.44,11.11111111111111,0.2838461538461538,9.939872671487539,11.927847205785046,12.125570724227362,126.01183318874502,130.8738348109627,3.038057523114607,0.0028844614185129427,0.06253332842417748,-886.2728047422446,872.0079370400227,0.09618934706142093,1276.6224953811488,2928.9991714428043,18.916666666666664,False,"SOC floor violated (min 0.003, unmet 872 Wh); did not refill (end SOC 0.063)"
4.0,0.36,1.3,0.28,1.0,1.0,0.36,2.0,0.9472226608515915,0.0,0.210493924633687,0.5,5.937099601305051,0.8605780735907342,2,one_per_bay,True,22+22+14+7,4,65,14,22,7,19x10E,10.077505135878809,1.44,11.11111111111111,0.2838461538461538,10.021753520261843,12.026104224314212,12.225456513068561,130.28095088013612,135.51304401494423,2.972798795834163,0.0036789055797418913,0.12849682555441244,-890.7953971976573,890.7953971976573,0.21672069529629331,1430.6976241340474,3037.69937217087,18.083333333333332,False,"SOC floor violated (min 0.004, unmet 891 Wh); did not refill (end SOC 0.128)"
4.0,0.36,1.3,0.28,1.0,1.0,0.36,2.0,1.3,1.3,0.20061728395061726,0.6540185375704924,5.936952096371161,1.5047711834634965,2,one_per_bay,True,20+20+20,3,60,20,20,0,19x10E,9.978829905942291,1.44,11.11111111111111,0.40981048363615186,9.97256815753201,11.967081789038412,12.165455684678864,128.86968193049063,133.93765224537975,3.0068098969480093,0.006365484879625162,0.07493138846930143,-910.1231664777271,910.1231664777271,0.10057357726100946,1320.64396073912,2999.0568796253683,18.833333333333332,False,"SOC floor violated (min 0.006, unmet 910 Wh); did not refill (end SOC 0.075)"
4.0,0.36,1.6,0.28,1.0,1.0,0.36,2.0,0.8538149682454623,0.0,0.18973665961010275,0.5,5.937156057874738,0.8606817412609225,2,one_per_bay,True,24+24+12,3,60,12,24,0,19x10E,10.115530125581612,1.44,11.11111111111111,0.2838461538461538,10.040643030646635,12.048771636775962,12.248499674856122,129.72329814206932,134.96540394901217,2.9644392341988177,0.00874150193230096,0.07236990741384254,-928.6459200667548,928.6459200667548,0.14954396618141172,1320.6439607391196,3020.0065265949484,18.916666666666664,False,"SOC floor violated (min 0.009, unmet 929 Wh); did not refill (end SOC 0.072)"
4.0,0.36,1.6,0.34,1.0,1.0,0.36,2.0,0.8538149682454623,0.0,0.18973665961010275,0.5,5.937156057874738,0.8606817412609225,2,one_per_bay,True,24+24+12,3,60,12,24,0,19x10E,10.115530125581612,1.44,11.11111111111111,0.2838461538461538,10.040643030646635,12.048771636775962,12.248499674856122,129.72329814206932,134.96540394901217,2.9644392341988177,0.00874150193230096,0.07236990741384254,-928.6459200667548,928.6459200667548,0.14954396618141172,1320.6439607391196,3020.0065265949484,18.916666666666664,False,"SOC floor violated (min 0.009, unmet 929 Wh); did not refill (end SOC 0.072)"
4.0,0.36,1.3,0.34,1.0,1.0,0.36,2.0,1.3,1.3,0.21885521885521889,0.713474768258719,5.937279881862238,1.5976381502493149,2,one_per_bay,True,20+20+20+10,4,70,20,20,10,19x10E,10.199432038377758,1.44,11.11111111111111,0.43768172559629315,10.082197427633705,12.098636913160446,12.299191549513097,135.03015121837723,140.65922501524662,2.919077483851657,0.0004951531281267262,0.1663216618244417,-936.1854604834136,936.1854604834136,0.11454956240792313,1540.7512875289735,3156.374429954534,17.666666666666668,False,"SOC floor violated (min 0.000, unmet 936 Wh); did not refill (end SOC 0.166)"
4.0,0.36,1.6,0.28,1.0,1.0,0.36,2.0,1.56,1.56,0.2006172839506173,0.9659350708733426,5.937592145686996,2.0128993721857293,2,one_per_bay,True,24+18+18+12,4,72,24,18,12,16x12E,10.4141223181731,1.44,11.11111111111111,0.6300236406619384,10.18775612806175,12.225307353674099,12.427961759142574,138.14431413150194,141.82972931609132,2.023593157561305,0.0032678180815897163,0.19151342966390314,-979.4478782961005,979.4478782961005,0.16381884010680872,1584.7727528869448,3219.1116199238436,17.583333333333332,False,"SOC floor violated (min 0.003, unmet 979 Wh); did not refill (end SOC 0.192)"
4.0,0.36,1.6,0.34,1.0,1.0,0.36,2.0,1.56,1.56,0.21885521885521886,1.0537473500436465,5.937645137471124,2.0755195902573322,2,one_per_bay,True,24+18+18+12,4,72,24,18,12,16x12E,10.451001611102392,1.44,11.11111111111111,0.6747492453013926,10.205779019910898,12.246934823893076,12.44994773994883,139.2612932240268,143.02968826123833,2.0134935592067817,0.005260570726899345,0.18581282702159863,-1000.8055949531616,1000.8055949531616,0.3190089812630319,1584.7727528869445,3245.8235063592397,17.75,False,"SOC floor violated (min 0.005, unmet 1001 Wh); did not refill (end SOC 0.186)"
4.0,0.36,1.6,0.28,1.0,1.0,0.36,2.0,1.69,1.69,0.2006172839506173,1.0464296601127878,5.937614475477113,2.099253534108361,2,one_per_bay,True,26+16+16+13,4,71,26,16,13,16x12E,10.42964670088915,1.44,11.11111111111111,0.6934383379286166,10.19534676903242,12.234416122838905,12.437221521010159,139.14399978737376,142.87199026034241,2.0172185424379343,0.002273059474498745,0.1692412914160301,-1003.4968358043993,1003.4968358043993,0.09924033932153738,1562.76202020796,3242.755935353047,17.75,False,"SOC floor violated (min 0.002, unmet 1003 Wh); did not refill (end SOC 0.169)"
4.0,0.36,1.6,0.28,1.0,1.0,0.36,2.0,1.3,1.3,0.20061728395061726,0.8049458923944521,5.937297375515904,1.7774202712143696,2,one_per_bay,True,20+20+20,3,60,20,20,0,19x10E,10.211341536711522,1.44,11.11111111111111,0.504382133706033,10.088082014245947,12.105698417095136,12.306370109390853,134.21852763440904,139.80004735743947,2.919206140546933,0.009634566530165388,0.0518437303639674,-1015.8228461247826,1015.8228461247826,0.23049320403570542,1320.6439607391205,3126.826628623047,19.416666666666668,False,"SOC floor violated (min 0.010, unmet 1016 Wh); did not refill (end SOC 0.052)"
4.5,0.36,1.3,0.28,0.6,0.0,0.216,0.65,1.3,1.3,0.20061728395061726,0.7715515582821382,5.449666492787383,1.01979094826229,2,one_per_bay,True,20+20+20,3,60,20,20,0,16x12E,9.849932810587154,1.3896,14.572538860103627,0.5086650175258709,10.086028257597336,12.103233909116803,12.303864748173853,134.32992558551078,109.47264458175059,2.2694678547676697,0.009410569035028567,0.19159844081431082,-1016.2588818098369,1016.2588818098369,2.139324215896773,1320.64396073912,2989.9890094516995,19.416666666666668,False,"SOC floor violated (min 0.009, unmet 1016 Wh); did not refill (end SOC 0.192)"
4.0,0.45,1.3,0.34,0.4,0.0,0.18000000000000002,0.4710318751196979,0.9420637502393958,0.0,0.2093475000183069,0.5,5.785903868129578,0.7539039960367546,2,one_per_bay,True,21+21+21,3,63,21,21,0,16x12E,9.827431202663668,1.3871786062823184,11.534203257993212,0.28613169493515045,10.083290147320705,12.099948176784846,12.300524549470376,144.30177949436415,122.4098806800475,2.2167452788105773,0.002129973925328094,0.15143704959222362,-1171.6832384612046,1171.6832384612046,1.8710237164090497,1386.6761587760768,3250.2021379038893,19.75,False,"SOC floor violated (min 0.002, unmet 1172 Wh); did not refill (end SOC 0.151)"
4.0,0.45,1.6,0.28,0.4,0.0,0.18000000000000002,0.4204953692446093,0.8409907384892186,0.0,0.18688683060167244,0.5,5.769654695605908,0.7260976855560553,2,one_per_bay,True,22+22+18,3,62,18,22,0,17x12E,9.99365648348056,1.3735337496960445,11.648785480182568,0.28672209745092275,10.218590375412509,12.262308450495011,12.465576209481807,144.43613458502725,114.35628352189595,2.7287689905910724,0.0071801262225837485,0.17268602811735329,-1190.8899632080472,1190.8899632080472,2.575038338581553,1364.6654260970913,3226.147825788113,20.0,False,"SOC floor violated (min 0.007, unmet 1191 Wh); did not refill (end SOC 0.173)"
4.0,0.45,1.6,0.34,0.4,0.0,0.18000000000000002,0.4204953692446093,0.8409907384892186,0.0,0.18688683060167244,0.5,5.769654695605908,0.7260976855560553,2,one_per_bay,True,22+22+18,3,62,18,22,0,17x12E,9.99365648348056,1.3735337496960445,11.648785480182568,0.28672209745092275,10.218590375412509,12.262308450495011,12.465576209481807,144.43613458502725,114.35628352189595,2.7287689905910724,0.0071801262225837485,0.17268602811735329,-1190.8899632080472,1190.8899632080472,2.575038338581553,1364.6654260970913,3226.147825788113,20.0,False,"SOC floor violated (min 0.007, unmet 1191 Wh); did not refill (end SOC 0.173)"
4.0,0.36,1.3,0.28,1.0,1.0,0.36,2.0,1.56,1.56,0.2006172839506173,0.7848222450845909,5.937253666201596,1.7946861128692861,2,one_per_bay,True,24+18+18+12,4,72,24,18,12,16x12E,10.181610687403868,1.44,11.11111111111111,0.5118942080378249,10.07338532248859,12.088062386986309,12.288441733323507,155.77020387918452,137.33647187964314,2.0765738995084826,0.0,0.20242243284256808,-1296.3374210671911,1296.3374210671911,1.6070044577695246,1584.7727528869448,3524.7800887694443,18.916666666666664,False,"SOC floor violated (min 0.000, unmet 1296 Wh); did not refill (end SOC 0.202)"
4.0,0.36,1.3,0.28,1.0,1.0,0.36,2.0,1.69,1.69,0.2006172839506173,0.85022409884164,5.937276505536117,1.9010001467707787,2,one_per_bay,True,26+16+16+13,4,71,26,16,13,16x12E,10.197135070119918,1.44,11.11111111111111,0.5634186495670009,10.081062080519525,12.09727449662343,12.297806548700256,156.50782636438885,138.31257872995963,2.070206521110634,0.00034952526532863216,0.18040188672026022,-1321.9676615321755,1321.9676615321755,1.6538361304384943,1562.7620202079597,3548.2441358455876,19.166666666666668,False,"SOC floor violated (min 0.000, unmet 1322 Wh); did not refill (end SOC 0.180)"
4.0,0.36,1.6,0.34,1.0,1.0,0.36,2.0,1.69,1.69,0.21885521885521889,1.1415596292139505,5.937692209900343,2.1570723900775466,2,one_per_bay,True,26+16+16+13,4,71,26,16,13,17x12E,10.483870884397447,1.44,11.11111111111111,0.7435096929199653,10.221815434721432,12.266178521665717,12.469510433393177,158.7377335367541,132.77895778838354,2.5215370189537447,0.008081049088388147,0.2108226245525667,-1372.3647050451552,1372.3647050451552,2.2618396249240718,1562.7620202079597,3568.5646513896845,19.333333333333336,False,"SOC floor violated (min 0.008, unmet 1372 Wh); did not refill (end SOC 0.211)"
